tick_id,phase,elapsed_nanos,queue_wait_nanos
1,IngressCapture,48000,
1,DecodeAndCanonicalize,4300,
1,ApplyInputs,16600,
1,ProcessorPlan,3182100,
1,CrossWorldPrepare,9400,
1,NativeJobBarrier,400,
1,CommitDecision,300,
1,VoxelCommit,6000,
1,EcsCommandBufferCommit,188100,
1,GasAndEventFinalize,27000,
1,ReplicationProjection,25000,
1,SnapshotHashMetrics,300,
1,EgressPublish,11292500,
2,IngressCapture,6600,
2,DecodeAndCanonicalize,400,
2,ApplyInputs,7500,
2,ProcessorPlan,490600,
2,CrossWorldPrepare,4300,
2,NativeJobBarrier,400,
2,CommitDecision,300,
2,VoxelCommit,2138200,
2,EcsCommandBufferCommit,44100,
2,GasAndEventFinalize,4600,
2,ReplicationProjection,6300,
2,SnapshotHashMetrics,400,
2,EgressPublish,7762700,
3,IngressCapture,7200,
3,DecodeAndCanonicalize,400,
3,ApplyInputs,7300,
3,ProcessorPlan,2211700,
3,CrossWorldPrepare,4600,
3,NativeJobBarrier,300,
3,CommitDecision,300,
3,VoxelCommit,1900,
3,EcsCommandBufferCommit,28200,
3,GasAndEventFinalize,4000,
3,ReplicationProjection,7200,
3,SnapshotHashMetrics,400,
3,EgressPublish,7516600,
4,IngressCapture,6400,
4,DecodeAndCanonicalize,400,
4,ApplyInputs,9400,
4,ProcessorPlan,2155000,
4,CrossWorldPrepare,2700,
4,NativeJobBarrier,300,
4,CommitDecision,400,
4,VoxelCommit,2100,
4,EcsCommandBufferCommit,25700,
4,GasAndEventFinalize,5600,
4,ReplicationProjection,7400,
4,SnapshotHashMetrics,400,
4,EgressPublish,7469200,
5,IngressCapture,7600,
5,DecodeAndCanonicalize,300,
5,ApplyInputs,7800,
5,ProcessorPlan,2197600,
5,CrossWorldPrepare,3500,
5,NativeJobBarrier,500,
5,CommitDecision,400,
5,VoxelCommit,2200,
5,EcsCommandBufferCommit,31500,
5,GasAndEventFinalize,4900,
5,ReplicationProjection,10100,
5,SnapshotHashMetrics,400,
5,EgressPublish,8385900,
6,IngressCapture,7800,
6,DecodeAndCanonicalize,400,
6,ApplyInputs,7600,
6,ProcessorPlan,68500,
6,CrossWorldPrepare,2600,
6,NativeJobBarrier,400,
6,CommitDecision,400,
6,VoxelCommit,1400,
6,EcsCommandBufferCommit,24100,
6,GasAndEventFinalize,4000,
6,ReplicationProjection,7500,
6,SnapshotHashMetrics,300,
6,EgressPublish,27920400,
7,IngressCapture,9800,
7,DecodeAndCanonicalize,1000,
7,ApplyInputs,10900,
7,ProcessorPlan,116800,
7,CrossWorldPrepare,4200,
7,NativeJobBarrier,700,
7,CommitDecision,1000,
7,VoxelCommit,3000,
7,EcsCommandBufferCommit,39300,
7,GasAndEventFinalize,5500,
7,ReplicationProjection,9500,
7,SnapshotHashMetrics,500,
7,EgressPublish,11564200,
8,IngressCapture,23000,
8,DecodeAndCanonicalize,2400,
8,ApplyInputs,373800,
8,ProcessorPlan,98700,
8,CrossWorldPrepare,3500,
8,NativeJobBarrier,600,
8,CommitDecision,500,
8,VoxelCommit,3100,
8,EcsCommandBufferCommit,1291100,
8,GasAndEventFinalize,350300,
8,ReplicationProjection,1825700,
8,SnapshotHashMetrics,3100,
8,EgressPublish,9176400,
9,IngressCapture,7200,
9,DecodeAndCanonicalize,1500,
9,ApplyInputs,24400,
9,ProcessorPlan,112800,
9,CrossWorldPrepare,2600,
9,NativeJobBarrier,600,
9,CommitDecision,400,
9,VoxelCommit,2300,
9,EcsCommandBufferCommit,62700,
9,GasAndEventFinalize,7200,
9,ReplicationProjection,174600,
9,SnapshotHashMetrics,600,
9,EgressPublish,8010900,
10,IngressCapture,7600,
10,DecodeAndCanonicalize,1800,
10,ApplyInputs,9000,
10,ProcessorPlan,91200,
10,CrossWorldPrepare,2700,
10,NativeJobBarrier,500,
10,CommitDecision,600,
10,VoxelCommit,3000,
10,EcsCommandBufferCommit,66300,
10,GasAndEventFinalize,8700,
10,ReplicationProjection,187800,
10,SnapshotHashMetrics,700,
10,EgressPublish,8505300,
11,IngressCapture,6400,
11,DecodeAndCanonicalize,600,
11,ApplyInputs,7500,
11,ProcessorPlan,79900,
11,CrossWorldPrepare,2200,
11,NativeJobBarrier,500,
11,CommitDecision,400,
11,VoxelCommit,2100,
11,EcsCommandBufferCommit,53700,
11,GasAndEventFinalize,6600,
11,ReplicationProjection,155500,
11,SnapshotHashMetrics,600,
11,EgressPublish,8162300,
12,IngressCapture,6400,
12,DecodeAndCanonicalize,400,
12,ApplyInputs,8400,
12,ProcessorPlan,66000,
12,CrossWorldPrepare,2600,
12,NativeJobBarrier,400,
12,CommitDecision,400,
12,VoxelCommit,2400,
12,EcsCommandBufferCommit,62700,
12,GasAndEventFinalize,8300,
12,ReplicationProjection,153200,
12,SnapshotHashMetrics,700,
12,EgressPublish,8800000,
13,IngressCapture,7100,
13,DecodeAndCanonicalize,1900,
13,ApplyInputs,8900,
13,ProcessorPlan,70800,
13,CrossWorldPrepare,2900,
13,NativeJobBarrier,500,
13,CommitDecision,500,
13,VoxelCommit,2200,
13,EcsCommandBufferCommit,62300,
13,GasAndEventFinalize,7300,
13,ReplicationProjection,153800,
13,SnapshotHashMetrics,500,
13,EgressPublish,8328000,
14,IngressCapture,6100,
14,DecodeAndCanonicalize,500,
14,ApplyInputs,8500,
14,ProcessorPlan,70500,
14,CrossWorldPrepare,2500,
14,NativeJobBarrier,400,
14,CommitDecision,700,
14,VoxelCommit,2800,
14,EcsCommandBufferCommit,61000,
14,GasAndEventFinalize,8400,
14,ReplicationProjection,147900,
14,SnapshotHashMetrics,300,
14,EgressPublish,8103700,
15,IngressCapture,34700,
15,DecodeAndCanonicalize,1500,
15,ApplyInputs,15400,
15,ProcessorPlan,114200,
15,CrossWorldPrepare,4900,
15,NativeJobBarrier,1300,
15,CommitDecision,600,
15,VoxelCommit,4500,
15,EcsCommandBufferCommit,106200,
15,GasAndEventFinalize,11500,
15,ReplicationProjection,237400,
15,SnapshotHashMetrics,900,
15,EgressPublish,10488600,
16,IngressCapture,6900,
16,DecodeAndCanonicalize,500,
16,ApplyInputs,8000,
16,ProcessorPlan,70000,
16,CrossWorldPrepare,2200,
16,NativeJobBarrier,400,
16,CommitDecision,500,
16,VoxelCommit,2600,
16,EcsCommandBufferCommit,50800,
16,GasAndEventFinalize,8000,
16,ReplicationProjection,163700,
16,SnapshotHashMetrics,700,
16,EgressPublish,8729200,
17,IngressCapture,8000,
17,DecodeAndCanonicalize,500,
17,ApplyInputs,10200,
17,ProcessorPlan,182800,
17,CrossWorldPrepare,3800,
17,NativeJobBarrier,700,
17,CommitDecision,500,
17,VoxelCommit,2100,
17,EcsCommandBufferCommit,65200,
17,GasAndEventFinalize,9900,
17,ReplicationProjection,231200,
17,SnapshotHashMetrics,1200,
17,EgressPublish,9069700,
18,IngressCapture,9000,
18,DecodeAndCanonicalize,600,
18,ApplyInputs,11800,
18,ProcessorPlan,69900,
18,CrossWorldPrepare,2500,
18,NativeJobBarrier,400,
18,CommitDecision,400,
18,VoxelCommit,1700,
18,EcsCommandBufferCommit,53300,
18,GasAndEventFinalize,7200,
18,ReplicationProjection,165800,
18,SnapshotHashMetrics,1300,
18,EgressPublish,9819000,
19,IngressCapture,6300,
19,DecodeAndCanonicalize,500,
19,ApplyInputs,8500,
19,ProcessorPlan,68400,
19,CrossWorldPrepare,2600,
19,NativeJobBarrier,400,
19,CommitDecision,400,
19,VoxelCommit,1600,
19,EcsCommandBufferCommit,51700,
19,GasAndEventFinalize,7200,
19,ReplicationProjection,142000,
19,SnapshotHashMetrics,700,
19,EgressPublish,9061200,
20,IngressCapture,8400,
20,DecodeAndCanonicalize,2500,
20,ApplyInputs,11700,
20,ProcessorPlan,107000,
20,CrossWorldPrepare,4600,
20,NativeJobBarrier,800,
20,CommitDecision,700,
20,VoxelCommit,1800,
20,EcsCommandBufferCommit,80100,
20,GasAndEventFinalize,12800,
20,ReplicationProjection,186000,
20,SnapshotHashMetrics,700,
20,EgressPublish,9936500,
21,IngressCapture,7400,
21,DecodeAndCanonicalize,600,
21,ApplyInputs,11800,
21,ProcessorPlan,73100,
21,CrossWorldPrepare,3000,
21,NativeJobBarrier,500,
21,CommitDecision,500,
21,VoxelCommit,2500,
21,EcsCommandBufferCommit,61500,
21,GasAndEventFinalize,13000,
21,ReplicationProjection,144000,
21,SnapshotHashMetrics,500,
21,EgressPublish,8524600,
22,IngressCapture,8600,
22,DecodeAndCanonicalize,2600,
22,ApplyInputs,10400,
22,ProcessorPlan,89900,
22,CrossWorldPrepare,3500,
22,NativeJobBarrier,700,
22,CommitDecision,500,
22,VoxelCommit,2800,
22,EcsCommandBufferCommit,76900,
22,GasAndEventFinalize,10300,
22,ReplicationProjection,175400,
22,SnapshotHashMetrics,800,
22,EgressPublish,9579500,
23,IngressCapture,8700,
23,DecodeAndCanonicalize,2200,
23,ApplyInputs,8900,
23,ProcessorPlan,87500,
23,CrossWorldPrepare,3300,
23,NativeJobBarrier,600,
23,CommitDecision,600,
23,VoxelCommit,2400,
23,EcsCommandBufferCommit,68400,
23,GasAndEventFinalize,10500,
23,ReplicationProjection,189600,
23,SnapshotHashMetrics,1200,
23,EgressPublish,9196300,
24,IngressCapture,10600,
24,DecodeAndCanonicalize,2100,
24,ApplyInputs,11400,
24,ProcessorPlan,102800,
24,CrossWorldPrepare,4700,
24,NativeJobBarrier,800,
24,CommitDecision,700,
24,VoxelCommit,2700,
24,EcsCommandBufferCommit,96300,
24,GasAndEventFinalize,14300,
24,ReplicationProjection,229700,
24,SnapshotHashMetrics,1700,
24,EgressPublish,11756100,
25,IngressCapture,8600,
25,DecodeAndCanonicalize,2900,
25,ApplyInputs,8100,
25,ProcessorPlan,71700,
25,CrossWorldPrepare,2800,
25,NativeJobBarrier,700,
25,CommitDecision,3600,
25,VoxelCommit,2200,
25,EcsCommandBufferCommit,54800,
25,GasAndEventFinalize,10300,
25,ReplicationProjection,144200,
25,SnapshotHashMetrics,900,
25,EgressPublish,10181400,
26,IngressCapture,10000,
26,DecodeAndCanonicalize,500,
26,ApplyInputs,9300,
26,ProcessorPlan,82900,
26,CrossWorldPrepare,2400,
26,NativeJobBarrier,600,
26,CommitDecision,600,
26,VoxelCommit,2000,
26,EcsCommandBufferCommit,89200,
26,GasAndEventFinalize,10300,
26,ReplicationProjection,173500,
26,SnapshotHashMetrics,1000,
26,EgressPublish,9870800,
27,IngressCapture,9300,
27,DecodeAndCanonicalize,600,
27,ApplyInputs,9500,
27,ProcessorPlan,82100,
27,CrossWorldPrepare,3300,
27,NativeJobBarrier,700,
27,CommitDecision,600,
27,VoxelCommit,2200,
27,EcsCommandBufferCommit,52700,
27,GasAndEventFinalize,9500,
27,ReplicationProjection,139800,
27,SnapshotHashMetrics,500,
27,EgressPublish,8776800,
28,IngressCapture,8400,
28,DecodeAndCanonicalize,500,
28,ApplyInputs,7500,
28,ProcessorPlan,66300,
28,CrossWorldPrepare,2400,
28,NativeJobBarrier,500,
28,CommitDecision,500,
28,VoxelCommit,2400,
28,EcsCommandBufferCommit,62300,
28,GasAndEventFinalize,7700,
28,ReplicationProjection,134400,
28,SnapshotHashMetrics,500,
28,EgressPublish,8168100,
29,IngressCapture,11700,
29,DecodeAndCanonicalize,700,
29,ApplyInputs,10500,
29,ProcessorPlan,84300,
29,CrossWorldPrepare,2600,
29,NativeJobBarrier,400,
29,CommitDecision,500,
29,VoxelCommit,3200,
29,EcsCommandBufferCommit,66200,
29,GasAndEventFinalize,12300,
29,ReplicationProjection,145100,
29,SnapshotHashMetrics,700,
29,EgressPublish,8180900,
30,IngressCapture,11000,
30,DecodeAndCanonicalize,1500,
30,ApplyInputs,10300,
30,ProcessorPlan,89600,
30,CrossWorldPrepare,3700,
30,NativeJobBarrier,800,
30,CommitDecision,1100,
30,VoxelCommit,2800,
30,EcsCommandBufferCommit,170300,
30,GasAndEventFinalize,10900,
30,ReplicationProjection,173800,
30,SnapshotHashMetrics,600,
30,EgressPublish,8642100,
31,IngressCapture,13900,
31,DecodeAndCanonicalize,1000,
31,ApplyInputs,10500,
31,ProcessorPlan,96500,
31,CrossWorldPrepare,3200,
31,NativeJobBarrier,700,
31,CommitDecision,1100,
31,VoxelCommit,2800,
31,EcsCommandBufferCommit,75200,
31,GasAndEventFinalize,12500,
31,ReplicationProjection,287400,
31,SnapshotHashMetrics,2400,
31,EgressPublish,11595900,
32,IngressCapture,7700,
32,DecodeAndCanonicalize,700,
32,ApplyInputs,7800,
32,ProcessorPlan,69200,
32,CrossWorldPrepare,3100,
32,NativeJobBarrier,600,
32,CommitDecision,700,
32,VoxelCommit,2700,
32,EcsCommandBufferCommit,57100,
32,GasAndEventFinalize,9300,
32,ReplicationProjection,164600,
32,SnapshotHashMetrics,3300,
32,EgressPublish,8886000,
33,IngressCapture,10600,
33,DecodeAndCanonicalize,800,
33,ApplyInputs,121000,
33,ProcessorPlan,67100,
33,CrossWorldPrepare,2600,
33,NativeJobBarrier,600,
33,CommitDecision,800,
33,VoxelCommit,2500,
33,EcsCommandBufferCommit,439800,
33,GasAndEventFinalize,39100,
33,ReplicationProjection,344300,
33,SnapshotHashMetrics,700,
33,EgressPublish,8044800,
34,IngressCapture,8700,
34,DecodeAndCanonicalize,900,
34,ApplyInputs,19200,
34,ProcessorPlan,89600,
34,CrossWorldPrepare,4000,
34,NativeJobBarrier,800,
34,CommitDecision,1000,
34,VoxelCommit,3300,
34,EcsCommandBufferCommit,74600,
34,GasAndEventFinalize,15600,
34,ReplicationProjection,300200,
34,SnapshotHashMetrics,1400,
34,EgressPublish,12584900,
35,IngressCapture,8900,
35,DecodeAndCanonicalize,800,
35,ApplyInputs,9300,
35,ProcessorPlan,74400,
35,CrossWorldPrepare,2700,
35,NativeJobBarrier,1000,
35,CommitDecision,600,
35,VoxelCommit,2500,
35,EcsCommandBufferCommit,64000,
35,GasAndEventFinalize,13200,
35,ReplicationProjection,201100,
35,SnapshotHashMetrics,800,
35,EgressPublish,9489400,
36,IngressCapture,14200,
36,DecodeAndCanonicalize,1500,
36,ApplyInputs,18900,
36,ProcessorPlan,108600,
36,CrossWorldPrepare,7500,
36,NativeJobBarrier,1200,
36,CommitDecision,1300,
36,VoxelCommit,6600,
36,EcsCommandBufferCommit,107400,
36,GasAndEventFinalize,17500,
36,ReplicationProjection,441100,
36,SnapshotHashMetrics,2000,
36,EgressPublish,9353000,
37,IngressCapture,7700,
37,DecodeAndCanonicalize,500,
37,ApplyInputs,9100,
37,ProcessorPlan,68600,
37,CrossWorldPrepare,2600,
37,NativeJobBarrier,800,
37,CommitDecision,400,
37,VoxelCommit,1200,
37,EcsCommandBufferCommit,53700,
37,GasAndEventFinalize,6600,
37,ReplicationProjection,169600,
37,SnapshotHashMetrics,500,
37,EgressPublish,10561400,
38,IngressCapture,9200,
38,DecodeAndCanonicalize,1200,
38,ApplyInputs,11500,
38,ProcessorPlan,81800,
38,CrossWorldPrepare,3200,
38,NativeJobBarrier,600,
38,CommitDecision,800,
38,VoxelCommit,2300,
38,EcsCommandBufferCommit,63100,
38,GasAndEventFinalize,9800,
38,ReplicationProjection,168900,
38,SnapshotHashMetrics,500,
38,EgressPublish,9185400,
39,IngressCapture,5400,
39,DecodeAndCanonicalize,300,
39,ApplyInputs,6400,
39,ProcessorPlan,60900,
39,CrossWorldPrepare,2000,
39,NativeJobBarrier,300,
39,CommitDecision,400,
39,VoxelCommit,1300,
39,EcsCommandBufferCommit,64400,
39,GasAndEventFinalize,7500,
39,ReplicationProjection,153300,
39,SnapshotHashMetrics,700,
39,EgressPublish,9820200,
40,IngressCapture,5900,
40,DecodeAndCanonicalize,2200,
40,ApplyInputs,9800,
40,ProcessorPlan,117700,
40,CrossWorldPrepare,3900,
40,NativeJobBarrier,300,
40,CommitDecision,300,
40,VoxelCommit,1700,
40,EcsCommandBufferCommit,123400,
40,GasAndEventFinalize,15800,
40,ReplicationProjection,189500,
40,SnapshotHashMetrics,700,
40,EgressPublish,12294500,
41,IngressCapture,4100,
41,DecodeAndCanonicalize,100,
41,ApplyInputs,8000,
41,ProcessorPlan,120500,
41,CrossWorldPrepare,3700,
41,NativeJobBarrier,200,
41,CommitDecision,200,
41,VoxelCommit,1500,
41,EcsCommandBufferCommit,62900,
41,GasAndEventFinalize,7100,
41,ReplicationProjection,121700,
41,SnapshotHashMetrics,200,
41,EgressPublish,11266200,
42,IngressCapture,4800,
42,DecodeAndCanonicalize,2500,
42,ApplyInputs,8300,
42,ProcessorPlan,62700,
42,CrossWorldPrepare,3000,
42,NativeJobBarrier,300,
42,CommitDecision,700,
42,VoxelCommit,2000,
42,EcsCommandBufferCommit,78100,
42,GasAndEventFinalize,9100,
42,ReplicationProjection,131800,
42,SnapshotHashMetrics,500,
42,EgressPublish,9887400,
43,IngressCapture,5500,
43,DecodeAndCanonicalize,200,
43,ApplyInputs,9800,
43,ProcessorPlan,67100,
43,CrossWorldPrepare,2800,
43,NativeJobBarrier,400,
43,CommitDecision,200,
43,VoxelCommit,1500,
43,EcsCommandBufferCommit,56000,
43,GasAndEventFinalize,6400,
43,ReplicationProjection,115500,
43,SnapshotHashMetrics,300,
43,EgressPublish,9665400,
44,IngressCapture,5500,
44,DecodeAndCanonicalize,1200,
44,ApplyInputs,27000,
44,ProcessorPlan,77000,
44,CrossWorldPrepare,2700,
44,NativeJobBarrier,500,
44,CommitDecision,300,
44,VoxelCommit,2000,
44,EcsCommandBufferCommit,68800,
44,GasAndEventFinalize,9300,
44,ReplicationProjection,177800,
44,SnapshotHashMetrics,500,
44,EgressPublish,12147500,
45,IngressCapture,4300,
45,DecodeAndCanonicalize,300,
45,ApplyInputs,6800,
45,ProcessorPlan,52400,
45,CrossWorldPrepare,2300,
45,NativeJobBarrier,300,
45,CommitDecision,600,
45,VoxelCommit,2600,
45,EcsCommandBufferCommit,65500,
45,GasAndEventFinalize,9600,
45,ReplicationProjection,118200,
45,SnapshotHashMetrics,200,
45,EgressPublish,9746900,
46,IngressCapture,5800,
46,DecodeAndCanonicalize,300,
46,ApplyInputs,7700,
46,ProcessorPlan,57600,
46,CrossWorldPrepare,1200,
46,NativeJobBarrier,500,
46,CommitDecision,500,
46,VoxelCommit,3300,
46,EcsCommandBufferCommit,34700,
46,GasAndEventFinalize,9200,
46,ReplicationProjection,104900,
46,SnapshotHashMetrics,800,
46,EgressPublish,8863200,
47,IngressCapture,3200,
47,DecodeAndCanonicalize,200,
47,ApplyInputs,6200,
47,ProcessorPlan,47100,
47,CrossWorldPrepare,1700,
47,NativeJobBarrier,300,
47,CommitDecision,300,
47,VoxelCommit,1500,
47,EcsCommandBufferCommit,32700,
47,GasAndEventFinalize,7200,
47,ReplicationProjection,95900,
47,SnapshotHashMetrics,300,
47,EgressPublish,9175300,
48,IngressCapture,3800,
48,DecodeAndCanonicalize,300,
48,ApplyInputs,6200,
48,ProcessorPlan,46600,
48,CrossWorldPrepare,1200,
48,NativeJobBarrier,500,
48,CommitDecision,300,
48,VoxelCommit,1500,
48,EcsCommandBufferCommit,35700,
48,GasAndEventFinalize,6500,
48,ReplicationProjection,104400,
48,SnapshotHashMetrics,300,
48,EgressPublish,9303000,
49,IngressCapture,5600,
49,DecodeAndCanonicalize,300,
49,ApplyInputs,8900,
49,ProcessorPlan,72700,
49,CrossWorldPrepare,2500,
49,NativeJobBarrier,400,
49,CommitDecision,1100,
49,VoxelCommit,2600,
49,EcsCommandBufferCommit,46500,
49,GasAndEventFinalize,9500,
49,ReplicationProjection,149000,
49,SnapshotHashMetrics,700,
49,EgressPublish,12155900,
50,IngressCapture,5300,
50,DecodeAndCanonicalize,500,
50,ApplyInputs,7900,
50,ProcessorPlan,59800,
50,CrossWorldPrepare,1900,
50,NativeJobBarrier,400,
50,CommitDecision,500,
50,VoxelCommit,2500,
50,EcsCommandBufferCommit,35700,
50,GasAndEventFinalize,6100,
50,ReplicationProjection,104100,
50,SnapshotHashMetrics,500,
50,EgressPublish,9384600,
51,IngressCapture,4200,
51,DecodeAndCanonicalize,400,
51,ApplyInputs,6400,
51,ProcessorPlan,64000,
51,CrossWorldPrepare,1900,
51,NativeJobBarrier,300,
51,CommitDecision,800,
51,VoxelCommit,1900,
51,EcsCommandBufferCommit,38400,
51,GasAndEventFinalize,7700,
51,ReplicationProjection,140000,
51,SnapshotHashMetrics,800,
51,EgressPublish,11045900,
52,IngressCapture,6700,
52,DecodeAndCanonicalize,1600,
52,ApplyInputs,14100,
52,ProcessorPlan,67300,
52,CrossWorldPrepare,1600,
52,NativeJobBarrier,500,
52,CommitDecision,400,
52,VoxelCommit,2400,
52,EcsCommandBufferCommit,43300,
52,GasAndEventFinalize,13800,
52,ReplicationProjection,97300,
52,SnapshotHashMetrics,400,
52,EgressPublish,9282700,
53,IngressCapture,3200,
53,DecodeAndCanonicalize,300,
53,ApplyInputs,5000,
53,ProcessorPlan,48500,
53,CrossWorldPrepare,1800,
53,NativeJobBarrier,300,
53,CommitDecision,500,
53,VoxelCommit,1500,
53,EcsCommandBufferCommit,30100,
53,GasAndEventFinalize,5700,
53,ReplicationProjection,92000,
53,SnapshotHashMetrics,400,
53,EgressPublish,8805100,
54,IngressCapture,3800,
54,DecodeAndCanonicalize,500,
54,ApplyInputs,5200,
54,ProcessorPlan,52000,
54,CrossWorldPrepare,1200,
54,NativeJobBarrier,400,
54,CommitDecision,400,
54,VoxelCommit,2400,
54,EcsCommandBufferCommit,34000,
54,GasAndEventFinalize,5700,
54,ReplicationProjection,113900,
54,SnapshotHashMetrics,500,
54,EgressPublish,9035700,
55,IngressCapture,4800,
55,DecodeAndCanonicalize,1200,
55,ApplyInputs,5600,
55,ProcessorPlan,64800,
55,CrossWorldPrepare,1800,
55,NativeJobBarrier,300,
55,CommitDecision,600,
55,VoxelCommit,2300,
55,EcsCommandBufferCommit,28000,
55,GasAndEventFinalize,7000,
55,ReplicationProjection,99800,
55,SnapshotHashMetrics,500,
55,EgressPublish,10424900,
56,IngressCapture,3800,
56,DecodeAndCanonicalize,900,
56,ApplyInputs,5100,
56,ProcessorPlan,45800,
56,CrossWorldPrepare,1100,
56,NativeJobBarrier,300,
56,CommitDecision,500,
56,VoxelCommit,1800,
56,EcsCommandBufferCommit,35500,
56,GasAndEventFinalize,8900,
56,ReplicationProjection,114000,
56,SnapshotHashMetrics,400,
56,EgressPublish,9187500,
57,IngressCapture,4600,
57,DecodeAndCanonicalize,600,
57,ApplyInputs,5600,
57,ProcessorPlan,60600,
57,CrossWorldPrepare,1200,
57,NativeJobBarrier,400,
57,CommitDecision,600,
57,VoxelCommit,1900,
57,EcsCommandBufferCommit,23200,
57,GasAndEventFinalize,5900,
57,ReplicationProjection,131100,
57,SnapshotHashMetrics,500,
57,EgressPublish,9303600,
58,IngressCapture,4400,
58,DecodeAndCanonicalize,300,
58,ApplyInputs,111400,
58,ProcessorPlan,46700,
58,CrossWorldPrepare,1100,
58,NativeJobBarrier,400,
58,CommitDecision,300,
58,VoxelCommit,1500,
58,EcsCommandBufferCommit,157800,
58,GasAndEventFinalize,30600,
58,ReplicationProjection,489500,
58,SnapshotHashMetrics,1000,
58,EgressPublish,8887800,
59,IngressCapture,6300,
59,DecodeAndCanonicalize,900,
59,ApplyInputs,28100,
59,ProcessorPlan,68200,
59,CrossWorldPrepare,1400,
59,NativeJobBarrier,800,
59,CommitDecision,700,
59,VoxelCommit,1700,
59,EcsCommandBufferCommit,26600,
59,GasAndEventFinalize,6100,
59,ReplicationProjection,99700,
59,SnapshotHashMetrics,500,
59,EgressPublish,9466500,
60,IngressCapture,14800,
60,DecodeAndCanonicalize,3600,
60,ApplyInputs,10300,
60,ProcessorPlan,87100,
60,CrossWorldPrepare,1900,
60,NativeJobBarrier,800,
60,CommitDecision,900,
60,VoxelCommit,2900,
60,EcsCommandBufferCommit,32900,
60,GasAndEventFinalize,8000,
60,ReplicationProjection,127000,
60,SnapshotHashMetrics,300,
60,EgressPublish,12597200,
61,IngressCapture,6900,
61,DecodeAndCanonicalize,400,
61,ApplyInputs,7200,
61,ProcessorPlan,80100,
61,CrossWorldPrepare,2000,
61,NativeJobBarrier,500,
61,CommitDecision,500,
61,VoxelCommit,1600,
61,EcsCommandBufferCommit,28200,
61,GasAndEventFinalize,8600,
61,ReplicationProjection,111300,
61,SnapshotHashMetrics,400,
61,EgressPublish,9343800,
62,IngressCapture,5100,
62,DecodeAndCanonicalize,300,
62,ApplyInputs,7800,
62,ProcessorPlan,62200,
62,CrossWorldPrepare,1300,
62,NativeJobBarrier,300,
62,CommitDecision,500,
62,VoxelCommit,2500,
62,EcsCommandBufferCommit,29400,
62,GasAndEventFinalize,7800,
62,ReplicationProjection,98100,
62,SnapshotHashMetrics,400,
62,EgressPublish,9070300,
63,IngressCapture,4300,
63,DecodeAndCanonicalize,600,
63,ApplyInputs,5200,
63,ProcessorPlan,50700,
63,CrossWorldPrepare,1800,
63,NativeJobBarrier,200,
63,CommitDecision,500,
63,VoxelCommit,1600,
63,EcsCommandBufferCommit,23800,
63,GasAndEventFinalize,6900,
63,ReplicationProjection,85600,
63,SnapshotHashMetrics,200,
63,EgressPublish,9339900,
64,IngressCapture,5200,
64,DecodeAndCanonicalize,500,
64,ApplyInputs,7800,
64,ProcessorPlan,66400,
64,CrossWorldPrepare,1800,
64,NativeJobBarrier,400,
64,CommitDecision,400,
64,VoxelCommit,2700,
64,EcsCommandBufferCommit,27800,
64,GasAndEventFinalize,6600,
64,ReplicationProjection,113100,
64,SnapshotHashMetrics,400,
64,EgressPublish,11747600,
65,IngressCapture,5500,
65,DecodeAndCanonicalize,500,
65,ApplyInputs,7600,
65,ProcessorPlan,63800,
65,CrossWorldPrepare,2100,
65,NativeJobBarrier,400,
65,CommitDecision,500,
65,VoxelCommit,1800,
65,EcsCommandBufferCommit,28400,
65,GasAndEventFinalize,7300,
65,ReplicationProjection,84200,
65,SnapshotHashMetrics,700,
65,EgressPublish,11669200,
66,IngressCapture,7500,
66,DecodeAndCanonicalize,500,
66,ApplyInputs,11700,
66,ProcessorPlan,91700,
66,CrossWorldPrepare,1900,
66,NativeJobBarrier,700,
66,CommitDecision,1000,
66,VoxelCommit,3300,
66,EcsCommandBufferCommit,43200,
66,GasAndEventFinalize,10500,
66,ReplicationProjection,123200,
66,SnapshotHashMetrics,800,
66,EgressPublish,13309700,
67,IngressCapture,11500,
67,DecodeAndCanonicalize,3900,
67,ApplyInputs,10600,
67,ProcessorPlan,100200,
67,CrossWorldPrepare,3600,
67,NativeJobBarrier,700,
67,CommitDecision,1200,
67,VoxelCommit,3500,
67,EcsCommandBufferCommit,55900,
67,GasAndEventFinalize,17800,
67,ReplicationProjection,157100,
67,SnapshotHashMetrics,1800,
67,EgressPublish,12349200,
68,IngressCapture,4200,
68,DecodeAndCanonicalize,500,
68,ApplyInputs,6100,
68,ProcessorPlan,50500,
68,CrossWorldPrepare,1200,
68,NativeJobBarrier,400,
68,CommitDecision,400,
68,VoxelCommit,1300,
68,EcsCommandBufferCommit,24400,
68,GasAndEventFinalize,6400,
68,ReplicationProjection,76500,
68,SnapshotHashMetrics,500,
68,EgressPublish,11485400,
69,IngressCapture,4700,
69,DecodeAndCanonicalize,500,
69,ApplyInputs,6900,
69,ProcessorPlan,60000,
69,CrossWorldPrepare,1600,
69,NativeJobBarrier,500,
69,CommitDecision,700,
69,VoxelCommit,2000,
69,EcsCommandBufferCommit,27500,
69,GasAndEventFinalize,6200,
69,ReplicationProjection,107500,
69,SnapshotHashMetrics,700,
69,EgressPublish,15264600,
70,IngressCapture,5200,
70,DecodeAndCanonicalize,400,
70,ApplyInputs,7300,
70,ProcessorPlan,63100,
70,CrossWorldPrepare,1500,
70,NativeJobBarrier,500,
70,CommitDecision,500,
70,VoxelCommit,2800,
70,EcsCommandBufferCommit,29700,
70,GasAndEventFinalize,6200,
70,ReplicationProjection,83700,
70,SnapshotHashMetrics,200,
70,EgressPublish,11421600,
71,IngressCapture,6400,
71,DecodeAndCanonicalize,2700,
71,ApplyInputs,11200,
71,ProcessorPlan,93400,
71,CrossWorldPrepare,2000,
71,NativeJobBarrier,900,
71,CommitDecision,600,
71,VoxelCommit,3600,
71,EcsCommandBufferCommit,43600,
71,GasAndEventFinalize,10500,
71,ReplicationProjection,147000,
71,SnapshotHashMetrics,800,
71,EgressPublish,14140900,
72,IngressCapture,3700,
72,DecodeAndCanonicalize,300,
72,ApplyInputs,6200,
72,ProcessorPlan,52600,
72,CrossWorldPrepare,1500,
72,NativeJobBarrier,600,
72,CommitDecision,400,
72,VoxelCommit,2700,
72,EcsCommandBufferCommit,25200,
72,GasAndEventFinalize,7100,
72,ReplicationProjection,76200,
72,SnapshotHashMetrics,1200,
72,EgressPublish,10498700,
73,IngressCapture,6700,
73,DecodeAndCanonicalize,500,
73,ApplyInputs,11500,
73,ProcessorPlan,91900,
73,CrossWorldPrepare,2400,
73,NativeJobBarrier,500,
73,CommitDecision,400,
73,VoxelCommit,3000,
73,EcsCommandBufferCommit,36500,
73,GasAndEventFinalize,8100,
73,ReplicationProjection,119600,
73,SnapshotHashMetrics,600,
73,EgressPublish,11939100,
74,IngressCapture,4100,
74,DecodeAndCanonicalize,1300,
74,ApplyInputs,10600,
74,ProcessorPlan,59300,
74,CrossWorldPrepare,3300,
74,NativeJobBarrier,1700,
74,CommitDecision,1800,
74,VoxelCommit,4900,
74,EcsCommandBufferCommit,45100,
74,GasAndEventFinalize,8200,
74,ReplicationProjection,93500,
74,SnapshotHashMetrics,2300,
74,EgressPublish,10710700,
75,IngressCapture,5500,
75,DecodeAndCanonicalize,2500,
75,ApplyInputs,7900,
75,ProcessorPlan,75100,
75,CrossWorldPrepare,2300,
75,NativeJobBarrier,400,
75,CommitDecision,1100,
75,VoxelCommit,2900,
75,EcsCommandBufferCommit,41000,
75,GasAndEventFinalize,9200,
75,ReplicationProjection,122500,
75,SnapshotHashMetrics,800,
75,EgressPublish,13552600,
76,IngressCapture,3100,
76,DecodeAndCanonicalize,100,
76,ApplyInputs,4400,
76,ProcessorPlan,42900,
76,CrossWorldPrepare,1000,
76,NativeJobBarrier,200,
76,CommitDecision,300,
76,VoxelCommit,1200,
76,EcsCommandBufferCommit,20000,
76,GasAndEventFinalize,4500,
76,ReplicationProjection,69800,
76,SnapshotHashMetrics,200,
76,EgressPublish,10959800,
77,IngressCapture,3800,
77,DecodeAndCanonicalize,200,
77,ApplyInputs,6200,
77,ProcessorPlan,50600,
77,CrossWorldPrepare,1400,
77,NativeJobBarrier,200,
77,CommitDecision,400,
77,VoxelCommit,1900,
77,EcsCommandBufferCommit,24200,
77,GasAndEventFinalize,5900,
77,ReplicationProjection,76300,
77,SnapshotHashMetrics,200,
77,EgressPublish,10380700,
78,IngressCapture,2700,
78,DecodeAndCanonicalize,200,
78,ApplyInputs,1900,
78,ProcessorPlan,62400,
78,CrossWorldPrepare,1000,
78,NativeJobBarrier,200,
78,CommitDecision,200,
78,VoxelCommit,400,
78,EcsCommandBufferCommit,28900,
78,GasAndEventFinalize,6700,
78,ReplicationProjection,117000,
78,SnapshotHashMetrics,200,
78,EgressPublish,12588500,
79,IngressCapture,2900,
79,DecodeAndCanonicalize,200,
79,ApplyInputs,2800,
79,ProcessorPlan,67500,
79,CrossWorldPrepare,600,
79,NativeJobBarrier,300,
79,CommitDecision,300,
79,VoxelCommit,600,
79,EcsCommandBufferCommit,35800,
79,GasAndEventFinalize,6700,
79,ReplicationProjection,101900,
79,SnapshotHashMetrics,300,
79,EgressPublish,13425000,
80,IngressCapture,4200,
80,DecodeAndCanonicalize,200,
80,ApplyInputs,3800,
80,ProcessorPlan,74800,
80,CrossWorldPrepare,500,
80,NativeJobBarrier,300,
80,CommitDecision,700,
80,VoxelCommit,800,
80,EcsCommandBufferCommit,37200,
80,GasAndEventFinalize,9700,
80,ReplicationProjection,167200,
80,SnapshotHashMetrics,1200,
80,EgressPublish,13705700,
81,IngressCapture,3100,
81,DecodeAndCanonicalize,300,
81,ApplyInputs,2400,
81,ProcessorPlan,69400,
81,CrossWorldPrepare,500,
81,NativeJobBarrier,200,
81,CommitDecision,300,
81,VoxelCommit,1000,
81,EcsCommandBufferCommit,23800,
81,GasAndEventFinalize,8000,
81,ReplicationProjection,121600,
81,SnapshotHashMetrics,200,
81,EgressPublish,12534600,
82,IngressCapture,5200,
82,DecodeAndCanonicalize,400,
82,ApplyInputs,190300,
82,ProcessorPlan,69500,
82,CrossWorldPrepare,800,
82,NativeJobBarrier,300,
82,CommitDecision,300,
82,VoxelCommit,900,
82,EcsCommandBufferCommit,236100,
82,GasAndEventFinalize,42700,
82,ReplicationProjection,593100,
82,SnapshotHashMetrics,400,
82,EgressPublish,14033100,
83,IngressCapture,2700,
83,DecodeAndCanonicalize,200,
83,ApplyInputs,9700,
83,ProcessorPlan,64300,
83,CrossWorldPrepare,400,
83,NativeJobBarrier,300,
83,CommitDecision,400,
83,VoxelCommit,800,
83,EcsCommandBufferCommit,21600,
83,GasAndEventFinalize,7600,
83,ReplicationProjection,112500,
83,SnapshotHashMetrics,200,
83,EgressPublish,14135900,
84,IngressCapture,5200,
84,DecodeAndCanonicalize,300,
84,ApplyInputs,5100,
84,ProcessorPlan,101900,
84,CrossWorldPrepare,1100,
84,NativeJobBarrier,100,
84,CommitDecision,200,
84,VoxelCommit,1300,
84,EcsCommandBufferCommit,30500,
84,GasAndEventFinalize,9100,
84,ReplicationProjection,148200,
84,SnapshotHashMetrics,300,
84,EgressPublish,14032600,
85,IngressCapture,4000,
85,DecodeAndCanonicalize,100,
85,ApplyInputs,3100,
85,ProcessorPlan,87900,
85,CrossWorldPrepare,900,
85,NativeJobBarrier,400,
85,CommitDecision,500,
85,VoxelCommit,700,
85,EcsCommandBufferCommit,22100,
85,GasAndEventFinalize,7600,
85,ReplicationProjection,143600,
85,SnapshotHashMetrics,600,
85,EgressPublish,16325500,
86,IngressCapture,3500,
86,DecodeAndCanonicalize,500,
86,ApplyInputs,2100,
86,ProcessorPlan,77900,
86,CrossWorldPrepare,500,
86,NativeJobBarrier,200,
86,CommitDecision,200,
86,VoxelCommit,1000,
86,EcsCommandBufferCommit,23300,
86,GasAndEventFinalize,7700,
86,ReplicationProjection,126300,
86,SnapshotHashMetrics,400,
86,EgressPublish,13863300,
87,IngressCapture,4300,
87,DecodeAndCanonicalize,200,
87,ApplyInputs,2800,
87,ProcessorPlan,87300,
87,CrossWorldPrepare,700,
87,NativeJobBarrier,200,
87,CommitDecision,800,
87,VoxelCommit,1900,
87,EcsCommandBufferCommit,30700,
87,GasAndEventFinalize,7700,
87,ReplicationProjection,116000,
87,SnapshotHashMetrics,400,
87,EgressPublish,13060900,
88,IngressCapture,3900,
88,DecodeAndCanonicalize,100,
88,ApplyInputs,11700,
88,ProcessorPlan,72100,
88,CrossWorldPrepare,800,
88,NativeJobBarrier,100,
88,CommitDecision,300,
88,VoxelCommit,600,
88,EcsCommandBufferCommit,28500,
88,GasAndEventFinalize,6200,
88,ReplicationProjection,84700,
88,SnapshotHashMetrics,200,
88,EgressPublish,12993200,
89,IngressCapture,3900,
89,DecodeAndCanonicalize,200,
89,ApplyInputs,3000,
89,ProcessorPlan,90900,
89,CrossWorldPrepare,900,
89,NativeJobBarrier,200,
89,CommitDecision,600,
89,VoxelCommit,2000,
89,EcsCommandBufferCommit,27800,
89,GasAndEventFinalize,7300,
89,ReplicationProjection,117400,
89,SnapshotHashMetrics,200,
89,EgressPublish,15829700,
90,IngressCapture,4500,
90,DecodeAndCanonicalize,200,
90,ApplyInputs,3800,
90,ProcessorPlan,87700,
90,CrossWorldPrepare,600,
90,NativeJobBarrier,200,
90,CommitDecision,400,
90,VoxelCommit,1700,
90,EcsCommandBufferCommit,30100,
90,GasAndEventFinalize,9300,
90,ReplicationProjection,129900,
90,SnapshotHashMetrics,1000,
90,EgressPublish,16826700,
91,IngressCapture,4600,
91,DecodeAndCanonicalize,200,
91,ApplyInputs,3300,
91,ProcessorPlan,86800,
91,CrossWorldPrepare,600,
91,NativeJobBarrier,300,
91,CommitDecision,200,
91,VoxelCommit,1000,
91,EcsCommandBufferCommit,26200,
91,GasAndEventFinalize,9400,
91,ReplicationProjection,139200,
91,SnapshotHashMetrics,100,
91,EgressPublish,17924900,
92,IngressCapture,2900,
92,DecodeAndCanonicalize,400,
92,ApplyInputs,2700,
92,ProcessorPlan,72400,
92,CrossWorldPrepare,600,
92,NativeJobBarrier,200,
92,CommitDecision,400,
92,VoxelCommit,1200,
92,EcsCommandBufferCommit,24400,
92,GasAndEventFinalize,7600,
92,ReplicationProjection,121200,
92,SnapshotHashMetrics,200,
92,EgressPublish,14757700,
93,IngressCapture,4800,
93,DecodeAndCanonicalize,200,
93,ApplyInputs,2800,
93,ProcessorPlan,87400,
93,CrossWorldPrepare,400,
93,NativeJobBarrier,400,
93,CommitDecision,400,
93,VoxelCommit,800,
93,EcsCommandBufferCommit,27400,
93,GasAndEventFinalize,8400,
93,ReplicationProjection,136000,
93,SnapshotHashMetrics,200,
93,EgressPublish,16715200,
94,IngressCapture,3600,
94,DecodeAndCanonicalize,400,
94,ApplyInputs,2300,
94,ProcessorPlan,82100,
94,CrossWorldPrepare,600,
94,NativeJobBarrier,300,
94,CommitDecision,800,
94,VoxelCommit,1200,
94,EcsCommandBufferCommit,24500,
94,GasAndEventFinalize,6400,
94,ReplicationProjection,125000,
94,SnapshotHashMetrics,200,
94,EgressPublish,14684400,
95,IngressCapture,3500,
95,DecodeAndCanonicalize,300,
95,ApplyInputs,2700,
95,ProcessorPlan,66400,
95,CrossWorldPrepare,700,
95,NativeJobBarrier,300,
95,CommitDecision,200,
95,VoxelCommit,1300,
95,EcsCommandBufferCommit,23900,
95,GasAndEventFinalize,6700,
95,ReplicationProjection,121600,
95,SnapshotHashMetrics,300,
95,EgressPublish,17550700,
96,IngressCapture,4200,
96,DecodeAndCanonicalize,200,
96,ApplyInputs,3300,
96,ProcessorPlan,73000,
96,CrossWorldPrepare,800,
96,NativeJobBarrier,300,
96,CommitDecision,300,
96,VoxelCommit,1100,
96,EcsCommandBufferCommit,22100,
96,GasAndEventFinalize,6300,
96,ReplicationProjection,118000,
96,SnapshotHashMetrics,300,
96,EgressPublish,15682400,
97,IngressCapture,4600,
97,DecodeAndCanonicalize,200,
97,ApplyInputs,3000,
97,ProcessorPlan,73300,
97,CrossWorldPrepare,500,
97,NativeJobBarrier,100,
97,CommitDecision,400,
97,VoxelCommit,1300,
97,EcsCommandBufferCommit,24300,
97,GasAndEventFinalize,7500,
97,ReplicationProjection,102500,
97,SnapshotHashMetrics,300,
97,EgressPublish,15593700,
98,IngressCapture,2700,
98,DecodeAndCanonicalize,200,
98,ApplyInputs,2100,
98,ProcessorPlan,70700,
98,CrossWorldPrepare,700,
98,NativeJobBarrier,100,
98,CommitDecision,100,
98,VoxelCommit,900,
98,EcsCommandBufferCommit,30800,
98,GasAndEventFinalize,7700,
98,ReplicationProjection,119000,
98,SnapshotHashMetrics,200,
98,EgressPublish,16758000,
99,IngressCapture,4400,
99,DecodeAndCanonicalize,200,
99,ApplyInputs,3500,
99,ProcessorPlan,85000,
99,CrossWorldPrepare,800,
99,NativeJobBarrier,200,
99,CommitDecision,200,
99,VoxelCommit,1800,
99,EcsCommandBufferCommit,22600,
99,GasAndEventFinalize,8500,
99,ReplicationProjection,87900,
99,SnapshotHashMetrics,200,
99,EgressPublish,12923100,
100,IngressCapture,3600,
100,DecodeAndCanonicalize,100,
100,ApplyInputs,2800,
100,ProcessorPlan,70100,
100,CrossWorldPrepare,500,
100,NativeJobBarrier,300,
100,CommitDecision,700,
100,VoxelCommit,1000,
100,EcsCommandBufferCommit,24500,
100,GasAndEventFinalize,6900,
100,ReplicationProjection,96400,
100,SnapshotHashMetrics,500,
100,EgressPublish,14507300,
101,IngressCapture,5400,
101,DecodeAndCanonicalize,200,
101,ApplyInputs,2200,
101,ProcessorPlan,95400,
101,CrossWorldPrepare,700,
101,NativeJobBarrier,300,
101,CommitDecision,800,
101,VoxelCommit,1100,
101,EcsCommandBufferCommit,31700,
101,GasAndEventFinalize,11800,
101,ReplicationProjection,130700,
101,SnapshotHashMetrics,200,
101,EgressPublish,17218900,
102,IngressCapture,5000,
102,DecodeAndCanonicalize,300,
102,ApplyInputs,4100,
102,ProcessorPlan,80700,
102,CrossWorldPrepare,900,
102,NativeJobBarrier,100,
102,CommitDecision,500,
102,VoxelCommit,800,
102,EcsCommandBufferCommit,24900,
102,GasAndEventFinalize,7300,
102,ReplicationProjection,91800,
102,SnapshotHashMetrics,200,
102,EgressPublish,11850200,
103,IngressCapture,3900,
103,DecodeAndCanonicalize,300,
103,ApplyInputs,2400,
103,ProcessorPlan,80200,
103,CrossWorldPrepare,500,
103,NativeJobBarrier,500,
103,CommitDecision,400,
103,VoxelCommit,1400,
103,EcsCommandBufferCommit,23400,
103,GasAndEventFinalize,7000,
103,ReplicationProjection,120700,
103,SnapshotHashMetrics,200,
103,EgressPublish,15555400,
104,IngressCapture,4300,
104,DecodeAndCanonicalize,100,
104,ApplyInputs,3400,
104,ProcessorPlan,74300,
104,CrossWorldPrepare,700,
104,NativeJobBarrier,100,
104,CommitDecision,200,
104,VoxelCommit,900,
104,EcsCommandBufferCommit,22900,
104,GasAndEventFinalize,6600,
104,ReplicationProjection,91100,
104,SnapshotHashMetrics,200,
104,EgressPublish,12595900,
105,IngressCapture,3700,
105,DecodeAndCanonicalize,200,
105,ApplyInputs,3300,
105,ProcessorPlan,90000,
105,CrossWorldPrepare,1000,
105,NativeJobBarrier,200,
105,CommitDecision,700,
105,VoxelCommit,1300,
105,EcsCommandBufferCommit,26600,
105,GasAndEventFinalize,29400,
105,ReplicationProjection,154200,
105,SnapshotHashMetrics,600,
105,EgressPublish,17272400,
106,IngressCapture,5900,
106,DecodeAndCanonicalize,200,
106,ApplyInputs,4200,
106,ProcessorPlan,87500,
106,CrossWorldPrepare,700,
106,NativeJobBarrier,400,
106,CommitDecision,400,
106,VoxelCommit,1200,
106,EcsCommandBufferCommit,29400,
106,GasAndEventFinalize,7900,
106,ReplicationProjection,119400,
106,SnapshotHashMetrics,200,
106,EgressPublish,17962700,
107,IngressCapture,3000,
107,DecodeAndCanonicalize,300,
107,ApplyInputs,3400,
107,ProcessorPlan,70900,
107,CrossWorldPrepare,700,
107,NativeJobBarrier,200,
107,CommitDecision,400,
107,VoxelCommit,1000,
107,EcsCommandBufferCommit,23600,
107,GasAndEventFinalize,7400,
107,ReplicationProjection,115000,
107,SnapshotHashMetrics,700,
107,EgressPublish,14148700,
108,IngressCapture,32300,
108,DecodeAndCanonicalize,200,
108,ApplyInputs,126200,
108,ProcessorPlan,68300,
108,CrossWorldPrepare,500,
108,NativeJobBarrier,200,
108,CommitDecision,400,
108,VoxelCommit,1000,
108,EcsCommandBufferCommit,254200,
108,GasAndEventFinalize,44200,
108,ReplicationProjection,354800,
108,SnapshotHashMetrics,500,
108,EgressPublish,15004400,
109,IngressCapture,4700,
109,DecodeAndCanonicalize,300,
109,ApplyInputs,12500,
109,ProcessorPlan,72500,
109,CrossWorldPrepare,700,
109,NativeJobBarrier,200,
109,CommitDecision,400,
109,VoxelCommit,800,
109,EcsCommandBufferCommit,24000,
109,GasAndEventFinalize,7400,
109,ReplicationProjection,123600,
109,SnapshotHashMetrics,200,
109,EgressPublish,15013500,
110,IngressCapture,3300,
110,DecodeAndCanonicalize,200,
110,ApplyInputs,4300,
110,ProcessorPlan,74500,
110,CrossWorldPrepare,400,
110,NativeJobBarrier,300,
110,CommitDecision,900,
110,VoxelCommit,1000,
110,EcsCommandBufferCommit,22300,
110,GasAndEventFinalize,6500,
110,ReplicationProjection,117600,
110,SnapshotHashMetrics,200,
110,EgressPublish,14786000,
111,IngressCapture,3200,
111,DecodeAndCanonicalize,200,
111,ApplyInputs,2600,
111,ProcessorPlan,78500,
111,CrossWorldPrepare,800,
111,NativeJobBarrier,300,
111,CommitDecision,300,
111,VoxelCommit,700,
111,EcsCommandBufferCommit,25800,
111,GasAndEventFinalize,8000,
111,ReplicationProjection,185600,
111,SnapshotHashMetrics,800,
111,EgressPublish,17061600,
112,IngressCapture,3200,
112,DecodeAndCanonicalize,200,
112,ApplyInputs,3300,
112,ProcessorPlan,84600,
112,CrossWorldPrepare,1000,
112,NativeJobBarrier,200,
112,CommitDecision,600,
112,VoxelCommit,1400,
112,EcsCommandBufferCommit,28700,
112,GasAndEventFinalize,7700,
112,ReplicationProjection,109300,
112,SnapshotHashMetrics,200,
112,EgressPublish,14787600,
113,IngressCapture,5100,
113,DecodeAndCanonicalize,300,
113,ApplyInputs,2600,
113,ProcessorPlan,94000,
113,CrossWorldPrepare,1500,
113,NativeJobBarrier,300,
113,CommitDecision,400,
113,VoxelCommit,1300,
113,EcsCommandBufferCommit,29600,
113,GasAndEventFinalize,8400,
113,ReplicationProjection,137700,
113,SnapshotHashMetrics,200,
113,EgressPublish,17440200,
114,IngressCapture,3500,
114,DecodeAndCanonicalize,200,
114,ApplyInputs,2300,
114,ProcessorPlan,67500,
114,CrossWorldPrepare,600,
114,NativeJobBarrier,700,
114,CommitDecision,200,
114,VoxelCommit,1000,
114,EcsCommandBufferCommit,20400,
114,GasAndEventFinalize,6300,
114,ReplicationProjection,85500,
114,SnapshotHashMetrics,300,
114,EgressPublish,12545300,
115,IngressCapture,3300,
115,DecodeAndCanonicalize,200,
115,ApplyInputs,3000,
115,ProcessorPlan,76600,
115,CrossWorldPrepare,1300,
115,NativeJobBarrier,100,
115,CommitDecision,300,
115,VoxelCommit,900,
115,EcsCommandBufferCommit,26400,
115,GasAndEventFinalize,7900,
115,ReplicationProjection,132900,
115,SnapshotHashMetrics,200,
115,EgressPublish,12902400,
116,IngressCapture,3800,
116,DecodeAndCanonicalize,100,
116,ApplyInputs,1600,
116,ProcessorPlan,62500,
116,CrossWorldPrepare,700,
116,NativeJobBarrier,100,
116,CommitDecision,400,
116,VoxelCommit,700,
116,EcsCommandBufferCommit,19200,
116,GasAndEventFinalize,4800,
116,ReplicationProjection,86600,
116,SnapshotHashMetrics,200,
116,EgressPublish,13844400,
117,IngressCapture,4300,
117,DecodeAndCanonicalize,200,
117,ApplyInputs,4600,
117,ProcessorPlan,83200,
117,CrossWorldPrepare,800,
117,NativeJobBarrier,200,
117,CommitDecision,300,
117,VoxelCommit,1600,
117,EcsCommandBufferCommit,24100,
117,GasAndEventFinalize,9900,
117,ReplicationProjection,126900,
117,SnapshotHashMetrics,300,
117,EgressPublish,16502200,
118,IngressCapture,4100,
118,DecodeAndCanonicalize,200,
118,ApplyInputs,3300,
118,ProcessorPlan,96300,
118,CrossWorldPrepare,700,
118,NativeJobBarrier,400,
118,CommitDecision,200,
118,VoxelCommit,1000,
118,EcsCommandBufferCommit,28600,
118,GasAndEventFinalize,9300,
118,ReplicationProjection,124200,
118,SnapshotHashMetrics,200,
118,EgressPublish,12432100,
119,IngressCapture,5700,
119,DecodeAndCanonicalize,100,
119,ApplyInputs,5000,
119,ProcessorPlan,96100,
119,CrossWorldPrepare,800,
119,NativeJobBarrier,200,
119,CommitDecision,500,
119,VoxelCommit,2500,
119,EcsCommandBufferCommit,37900,
119,GasAndEventFinalize,11000,
119,ReplicationProjection,110000,
119,SnapshotHashMetrics,200,
119,EgressPublish,13416900,
120,IngressCapture,3700,
120,DecodeAndCanonicalize,200,
120,ApplyInputs,1600,
120,ProcessorPlan,76400,
120,CrossWorldPrepare,500,
120,NativeJobBarrier,300,
120,CommitDecision,600,
120,VoxelCommit,900,
120,EcsCommandBufferCommit,24200,
120,GasAndEventFinalize,8800,
120,ReplicationProjection,125600,
120,SnapshotHashMetrics,300,
120,EgressPublish,16841400,
121,IngressCapture,3700,
121,DecodeAndCanonicalize,300,
121,ApplyInputs,4500,
121,ProcessorPlan,111000,
121,CrossWorldPrepare,1400,
121,NativeJobBarrier,200,
121,CommitDecision,1000,
121,VoxelCommit,1000,
121,EcsCommandBufferCommit,32100,
121,GasAndEventFinalize,9500,
121,ReplicationProjection,138500,
121,SnapshotHashMetrics,300,
121,EgressPublish,15478600,
122,IngressCapture,3600,
122,DecodeAndCanonicalize,200,
122,ApplyInputs,1800,
122,ProcessorPlan,58100,
122,CrossWorldPrepare,800,
122,NativeJobBarrier,200,
122,CommitDecision,200,
122,VoxelCommit,700,
122,EcsCommandBufferCommit,16100,
122,GasAndEventFinalize,6300,
122,ReplicationProjection,85000,
122,SnapshotHashMetrics,200,
122,EgressPublish,13519500,
123,IngressCapture,4000,
123,DecodeAndCanonicalize,300,
123,ApplyInputs,2100,
123,ProcessorPlan,77700,
123,CrossWorldPrepare,600,
123,NativeJobBarrier,200,
123,CommitDecision,300,
123,VoxelCommit,1000,
123,EcsCommandBufferCommit,23600,
123,GasAndEventFinalize,9500,
123,ReplicationProjection,125600,
123,SnapshotHashMetrics,200,
123,EgressPublish,14394100,
124,IngressCapture,4500,
124,DecodeAndCanonicalize,200,
124,ApplyInputs,2700,
124,ProcessorPlan,84500,
124,CrossWorldPrepare,700,
124,NativeJobBarrier,400,
124,CommitDecision,500,
124,VoxelCommit,1000,
124,EcsCommandBufferCommit,27000,
124,GasAndEventFinalize,11000,
124,ReplicationProjection,133600,
124,SnapshotHashMetrics,200,
124,EgressPublish,14706000,
125,IngressCapture,4100,
125,DecodeAndCanonicalize,200,
125,ApplyInputs,3400,
125,ProcessorPlan,85900,
125,CrossWorldPrepare,700,
125,NativeJobBarrier,200,
125,CommitDecision,400,
125,VoxelCommit,1000,
125,EcsCommandBufferCommit,30100,
125,GasAndEventFinalize,9700,
125,ReplicationProjection,134400,
125,SnapshotHashMetrics,600,
125,EgressPublish,17091200,
126,IngressCapture,4600,
126,DecodeAndCanonicalize,300,
126,ApplyInputs,2400,
126,ProcessorPlan,84200,
126,CrossWorldPrepare,1200,
126,NativeJobBarrier,200,
126,CommitDecision,600,
126,VoxelCommit,800,
126,EcsCommandBufferCommit,28300,
126,GasAndEventFinalize,8300,
126,ReplicationProjection,132600,
126,SnapshotHashMetrics,400,
126,EgressPublish,17617400,
127,IngressCapture,3300,
127,DecodeAndCanonicalize,200,
127,ApplyInputs,3600,
127,ProcessorPlan,97800,
127,CrossWorldPrepare,600,
127,NativeJobBarrier,700,
127,CommitDecision,200,
127,VoxelCommit,900,
127,EcsCommandBufferCommit,32500,
127,GasAndEventFinalize,12500,
127,ReplicationProjection,149800,
127,SnapshotHashMetrics,500,
127,EgressPublish,14258000,
128,IngressCapture,4500,
128,DecodeAndCanonicalize,200,
128,ApplyInputs,3300,
128,ProcessorPlan,88600,
128,CrossWorldPrepare,700,
128,NativeJobBarrier,800,
128,CommitDecision,400,
128,VoxelCommit,900,
128,EcsCommandBufferCommit,26600,
128,GasAndEventFinalize,10500,
128,ReplicationProjection,125100,
128,SnapshotHashMetrics,200,
128,EgressPublish,17340700,
129,IngressCapture,4100,
129,DecodeAndCanonicalize,200,
129,ApplyInputs,1700,
129,ProcessorPlan,64500,
129,CrossWorldPrepare,600,
129,NativeJobBarrier,100,
129,CommitDecision,200,
129,VoxelCommit,500,
129,EcsCommandBufferCommit,21300,
129,GasAndEventFinalize,7400,
129,ReplicationProjection,86000,
129,SnapshotHashMetrics,300,
129,EgressPublish,13272000,
130,IngressCapture,4900,
130,DecodeAndCanonicalize,400,
130,ApplyInputs,3200,
130,ProcessorPlan,100400,
130,CrossWorldPrepare,1300,
130,NativeJobBarrier,300,
130,CommitDecision,500,
130,VoxelCommit,1300,
130,EcsCommandBufferCommit,32200,
130,GasAndEventFinalize,9800,
130,ReplicationProjection,138800,
130,SnapshotHashMetrics,900,
130,EgressPublish,13910500,
131,IngressCapture,2800,
131,DecodeAndCanonicalize,100,
131,ApplyInputs,2200,
131,ProcessorPlan,60100,
131,CrossWorldPrepare,400,
131,NativeJobBarrier,100,
131,CommitDecision,600,
131,VoxelCommit,500,
131,EcsCommandBufferCommit,16700,
131,GasAndEventFinalize,6000,
131,ReplicationProjection,80900,
131,SnapshotHashMetrics,200,
131,EgressPublish,15619800,
132,IngressCapture,5200,
132,DecodeAndCanonicalize,200,
132,ApplyInputs,131400,
132,ProcessorPlan,72000,
132,CrossWorldPrepare,500,
132,NativeJobBarrier,200,
132,CommitDecision,400,
132,VoxelCommit,700,
132,EcsCommandBufferCommit,202700,
132,GasAndEventFinalize,52400,
132,ReplicationProjection,413700,
132,SnapshotHashMetrics,700,
132,EgressPublish,17851800,
133,IngressCapture,3600,
133,DecodeAndCanonicalize,200,
133,ApplyInputs,13500,
133,ProcessorPlan,76300,
133,CrossWorldPrepare,400,
133,NativeJobBarrier,200,
133,CommitDecision,200,
133,VoxelCommit,1200,
133,EcsCommandBufferCommit,27300,
133,GasAndEventFinalize,9600,
133,ReplicationProjection,127000,
133,SnapshotHashMetrics,200,
133,EgressPublish,17545800,
134,IngressCapture,4000,
134,DecodeAndCanonicalize,200,
134,ApplyInputs,15600,
134,ProcessorPlan,83300,
134,CrossWorldPrepare,700,
134,NativeJobBarrier,200,
134,CommitDecision,300,
134,VoxelCommit,1100,
134,EcsCommandBufferCommit,26500,
134,GasAndEventFinalize,9000,
134,ReplicationProjection,131300,
134,SnapshotHashMetrics,500,
134,EgressPublish,19435300,
135,IngressCapture,4700,
135,DecodeAndCanonicalize,200,
135,ApplyInputs,2900,
135,ProcessorPlan,95800,
135,CrossWorldPrepare,700,
135,NativeJobBarrier,400,
135,CommitDecision,500,
135,VoxelCommit,1200,
135,EcsCommandBufferCommit,32400,
135,GasAndEventFinalize,10800,
135,ReplicationProjection,139400,
135,SnapshotHashMetrics,200,
135,EgressPublish,16597300,
136,IngressCapture,4400,
136,DecodeAndCanonicalize,600,
136,ApplyInputs,3500,
136,ProcessorPlan,129700,
136,CrossWorldPrepare,700,
136,NativeJobBarrier,700,
136,CommitDecision,900,
136,VoxelCommit,1800,
136,EcsCommandBufferCommit,34900,
136,GasAndEventFinalize,12200,
136,ReplicationProjection,149200,
136,SnapshotHashMetrics,300,
136,EgressPublish,16595700,
137,IngressCapture,4100,
137,DecodeAndCanonicalize,200,
137,ApplyInputs,2800,
137,ProcessorPlan,93300,
137,CrossWorldPrepare,700,
137,NativeJobBarrier,200,
137,CommitDecision,1000,
137,VoxelCommit,1100,
137,EcsCommandBufferCommit,33900,
137,GasAndEventFinalize,10900,
137,ReplicationProjection,140800,
137,SnapshotHashMetrics,400,
137,EgressPublish,16357700,
138,IngressCapture,5000,
138,DecodeAndCanonicalize,800,
138,ApplyInputs,3400,
138,ProcessorPlan,97200,
138,CrossWorldPrepare,800,
138,NativeJobBarrier,500,
138,CommitDecision,400,
138,VoxelCommit,1400,
138,EcsCommandBufferCommit,32400,
138,GasAndEventFinalize,12000,
138,ReplicationProjection,173700,
138,SnapshotHashMetrics,700,
138,EgressPublish,20573400,
139,IngressCapture,5200,
139,DecodeAndCanonicalize,300,
139,ApplyInputs,3900,
139,ProcessorPlan,127300,
139,CrossWorldPrepare,900,
139,NativeJobBarrier,300,
139,CommitDecision,900,
139,VoxelCommit,1100,
139,EcsCommandBufferCommit,35100,
139,GasAndEventFinalize,11100,
139,ReplicationProjection,135500,
139,SnapshotHashMetrics,200,
139,EgressPublish,19671500,
140,IngressCapture,3900,
140,DecodeAndCanonicalize,300,
140,ApplyInputs,3100,
140,ProcessorPlan,82600,
140,CrossWorldPrepare,800,
140,NativeJobBarrier,200,
140,CommitDecision,700,
140,VoxelCommit,1000,
140,EcsCommandBufferCommit,28700,
140,GasAndEventFinalize,8100,
140,ReplicationProjection,130400,
140,SnapshotHashMetrics,400,
140,EgressPublish,18571000,
141,IngressCapture,10300,
141,DecodeAndCanonicalize,500,
141,ApplyInputs,194600,
141,ProcessorPlan,105800,
141,CrossWorldPrepare,900,
141,NativeJobBarrier,200,
141,CommitDecision,1000,
141,VoxelCommit,1500,
141,EcsCommandBufferCommit,294600,
141,GasAndEventFinalize,75900,
141,ReplicationProjection,343400,
141,SnapshotHashMetrics,800,
141,EgressPublish,19788400,
142,IngressCapture,4100,
142,DecodeAndCanonicalize,300,
142,ApplyInputs,14600,
142,ProcessorPlan,82600,
142,CrossWorldPrepare,500,
142,NativeJobBarrier,300,
142,CommitDecision,500,
142,VoxelCommit,1400,
142,EcsCommandBufferCommit,35800,
142,GasAndEventFinalize,11200,
142,ReplicationProjection,152800,
142,SnapshotHashMetrics,400,
142,EgressPublish,19783200,
143,IngressCapture,4500,
143,DecodeAndCanonicalize,100,
143,ApplyInputs,5400,
143,ProcessorPlan,140400,
143,CrossWorldPrepare,1200,
143,NativeJobBarrier,200,
143,CommitDecision,800,
143,VoxelCommit,1900,
143,EcsCommandBufferCommit,40500,
143,GasAndEventFinalize,11200,
143,ReplicationProjection,106700,
143,SnapshotHashMetrics,200,
143,EgressPublish,18473400,
144,IngressCapture,5300,
144,DecodeAndCanonicalize,200,
144,ApplyInputs,3800,
144,ProcessorPlan,110300,
144,CrossWorldPrepare,600,
144,NativeJobBarrier,600,
144,CommitDecision,300,
144,VoxelCommit,1300,
144,EcsCommandBufferCommit,35700,
144,GasAndEventFinalize,10900,
144,ReplicationProjection,156700,
144,SnapshotHashMetrics,500,
144,EgressPublish,19868100,
145,IngressCapture,4600,
145,DecodeAndCanonicalize,200,
145,ApplyInputs,4300,
145,ProcessorPlan,93500,
145,CrossWorldPrepare,800,
145,NativeJobBarrier,200,
145,CommitDecision,200,
145,VoxelCommit,1300,
145,EcsCommandBufferCommit,33100,
145,GasAndEventFinalize,10800,
145,ReplicationProjection,132200,
145,SnapshotHashMetrics,200,
145,EgressPublish,19184500,
146,IngressCapture,4200,
146,DecodeAndCanonicalize,300,
146,ApplyInputs,3100,
146,ProcessorPlan,86000,
146,CrossWorldPrepare,1200,
146,NativeJobBarrier,400,
146,CommitDecision,300,
146,VoxelCommit,1600,
146,EcsCommandBufferCommit,29700,
146,GasAndEventFinalize,9600,
146,ReplicationProjection,139200,
146,SnapshotHashMetrics,300,
146,EgressPublish,18025500,
147,IngressCapture,3200,
147,DecodeAndCanonicalize,500,
147,ApplyInputs,3100,
147,ProcessorPlan,84300,
147,CrossWorldPrepare,700,
147,NativeJobBarrier,300,
147,CommitDecision,200,
147,VoxelCommit,2000,
147,EcsCommandBufferCommit,32000,
147,GasAndEventFinalize,7500,
147,ReplicationProjection,128200,
147,SnapshotHashMetrics,200,
147,EgressPublish,21720400,
148,IngressCapture,5200,
148,DecodeAndCanonicalize,300,
148,ApplyInputs,3600,
148,ProcessorPlan,94900,
148,CrossWorldPrepare,900,
148,NativeJobBarrier,500,
148,CommitDecision,400,
148,VoxelCommit,1600,
148,EcsCommandBufferCommit,39200,
148,GasAndEventFinalize,11300,
148,ReplicationProjection,198700,
148,SnapshotHashMetrics,1500,
148,EgressPublish,16519600,
149,IngressCapture,4100,
149,DecodeAndCanonicalize,200,
149,ApplyInputs,3500,
149,ProcessorPlan,91400,
149,CrossWorldPrepare,500,
149,NativeJobBarrier,300,
149,CommitDecision,400,
149,VoxelCommit,1000,
149,EcsCommandBufferCommit,29600,
149,GasAndEventFinalize,10200,
149,ReplicationProjection,131900,
149,SnapshotHashMetrics,300,
149,EgressPublish,24361800,
150,IngressCapture,4000,
150,DecodeAndCanonicalize,200,
150,ApplyInputs,3600,
150,ProcessorPlan,90800,
150,CrossWorldPrepare,500,
150,NativeJobBarrier,100,
150,CommitDecision,400,
150,VoxelCommit,1600,
150,EcsCommandBufferCommit,38100,
150,GasAndEventFinalize,10600,
150,ReplicationProjection,156500,
150,SnapshotHashMetrics,500,
150,EgressPublish,21356300,
151,IngressCapture,5700,
151,DecodeAndCanonicalize,300,
151,ApplyInputs,3600,
151,ProcessorPlan,94000,
151,CrossWorldPrepare,1000,
151,NativeJobBarrier,300,
151,CommitDecision,300,
151,VoxelCommit,1500,
151,EcsCommandBufferCommit,30100,
151,GasAndEventFinalize,10400,
151,ReplicationProjection,168400,
151,SnapshotHashMetrics,300,
151,EgressPublish,21887100,
152,IngressCapture,4300,
152,DecodeAndCanonicalize,400,
152,ApplyInputs,3300,
152,ProcessorPlan,99100,
152,CrossWorldPrepare,1200,
152,NativeJobBarrier,300,
152,CommitDecision,500,
152,VoxelCommit,1700,
152,EcsCommandBufferCommit,33400,
152,GasAndEventFinalize,10500,
152,ReplicationProjection,140000,
152,SnapshotHashMetrics,200,
152,EgressPublish,20568500,
153,IngressCapture,5600,
153,DecodeAndCanonicalize,300,
153,ApplyInputs,4300,
153,ProcessorPlan,138800,
153,CrossWorldPrepare,1100,
153,NativeJobBarrier,300,
153,CommitDecision,700,
153,VoxelCommit,2100,
153,EcsCommandBufferCommit,47500,
153,GasAndEventFinalize,13800,
153,ReplicationProjection,155500,
153,SnapshotHashMetrics,200,
153,EgressPublish,17382900,
154,IngressCapture,3100,
154,DecodeAndCanonicalize,300,
154,ApplyInputs,3300,
154,ProcessorPlan,82500,
154,CrossWorldPrepare,400,
154,NativeJobBarrier,300,
154,CommitDecision,300,
154,VoxelCommit,1300,
154,EcsCommandBufferCommit,25000,
154,GasAndEventFinalize,7100,
154,ReplicationProjection,130800,
154,SnapshotHashMetrics,200,
154,EgressPublish,15000800,
155,IngressCapture,7800,
155,DecodeAndCanonicalize,200,
155,ApplyInputs,538000,
155,ProcessorPlan,75100,
155,CrossWorldPrepare,700,
155,NativeJobBarrier,200,
155,CommitDecision,200,
155,VoxelCommit,1100,
155,EcsCommandBufferCommit,28000,
155,GasAndEventFinalize,10100,
155,ReplicationProjection,146700,
155,SnapshotHashMetrics,200,
155,EgressPublish,14768900,
156,IngressCapture,4800,
156,DecodeAndCanonicalize,300,
156,ApplyInputs,1470600,
156,ProcessorPlan,48400,
156,CrossWorldPrepare,1000,
156,NativeJobBarrier,300,
156,CommitDecision,200,
156,VoxelCommit,2200,
156,EcsCommandBufferCommit,33900,
156,GasAndEventFinalize,14500,
156,ReplicationProjection,166200,
156,SnapshotHashMetrics,200,
156,EgressPublish,14746900,
157,IngressCapture,3500,
157,DecodeAndCanonicalize,100,
157,ApplyInputs,199900,
157,ProcessorPlan,26100,
157,CrossWorldPrepare,500,
157,NativeJobBarrier,200,
157,CommitDecision,300,
157,VoxelCommit,700,
157,EcsCommandBufferCommit,18900,
157,GasAndEventFinalize,9500,
157,ReplicationProjection,85800,
157,SnapshotHashMetrics,100,
157,EgressPublish,13371100,
158,IngressCapture,4300,
158,DecodeAndCanonicalize,100,
158,ApplyInputs,268000,
158,ProcessorPlan,28300,
158,CrossWorldPrepare,500,
158,NativeJobBarrier,200,
158,CommitDecision,300,
158,VoxelCommit,1000,
158,EcsCommandBufferCommit,22500,
158,GasAndEventFinalize,9900,
158,ReplicationProjection,90400,
158,SnapshotHashMetrics,200,
158,EgressPublish,15359300,
159,IngressCapture,4200,
159,DecodeAndCanonicalize,200,
159,ApplyInputs,23200,
159,ProcessorPlan,88100,
159,CrossWorldPrepare,500,
159,NativeJobBarrier,200,
159,CommitDecision,300,
159,VoxelCommit,900,
159,EcsCommandBufferCommit,31400,
159,GasAndEventFinalize,10100,
159,ReplicationProjection,137800,
159,SnapshotHashMetrics,200,
159,EgressPublish,16971300,
160,IngressCapture,3100,
160,DecodeAndCanonicalize,200,
160,ApplyInputs,275200,
160,ProcessorPlan,29800,
160,CrossWorldPrepare,500,
160,NativeJobBarrier,200,
160,CommitDecision,500,
160,VoxelCommit,700,
160,EcsCommandBufferCommit,24600,
160,GasAndEventFinalize,9200,
160,ReplicationProjection,99600,
160,SnapshotHashMetrics,200,
160,EgressPublish,14502300,
161,IngressCapture,5000,
161,DecodeAndCanonicalize,200,
161,ApplyInputs,256400,
161,ProcessorPlan,35900,
161,CrossWorldPrepare,1000,
161,NativeJobBarrier,200,
161,CommitDecision,300,
161,VoxelCommit,900,
161,EcsCommandBufferCommit,23900,
161,GasAndEventFinalize,9000,
161,ReplicationProjection,135400,
161,SnapshotHashMetrics,200,
161,EgressPublish,13962100,
162,IngressCapture,5200,
162,DecodeAndCanonicalize,200,
162,ApplyInputs,386600,
162,ProcessorPlan,38200,
162,CrossWorldPrepare,700,
162,NativeJobBarrier,200,
162,CommitDecision,400,
162,VoxelCommit,1100,
162,EcsCommandBufferCommit,27500,
162,GasAndEventFinalize,9400,
162,ReplicationProjection,129000,
162,SnapshotHashMetrics,600,
162,EgressPublish,17133900,
163,IngressCapture,4100,
163,DecodeAndCanonicalize,300,
163,ApplyInputs,384100,
163,ProcessorPlan,40500,
163,CrossWorldPrepare,800,
163,NativeJobBarrier,200,
163,CommitDecision,200,
163,VoxelCommit,1400,
163,EcsCommandBufferCommit,32700,
163,GasAndEventFinalize,11100,
163,ReplicationProjection,139300,
163,SnapshotHashMetrics,500,
163,EgressPublish,16030300,
164,IngressCapture,4200,
164,DecodeAndCanonicalize,200,
164,ApplyInputs,284100,
164,ProcessorPlan,35900,
164,CrossWorldPrepare,600,
164,NativeJobBarrier,100,
164,CommitDecision,400,
164,VoxelCommit,1000,
164,EcsCommandBufferCommit,34000,
164,GasAndEventFinalize,10000,
164,ReplicationProjection,124200,
164,SnapshotHashMetrics,300,
164,EgressPublish,18609100,
165,IngressCapture,4300,
165,DecodeAndCanonicalize,100,
165,ApplyInputs,2259400,
165,ProcessorPlan,42800,
165,CrossWorldPrepare,800,
165,NativeJobBarrier,200,
165,CommitDecision,200,
165,VoxelCommit,900,
165,EcsCommandBufferCommit,28700,
165,GasAndEventFinalize,46800,
165,ReplicationProjection,142200,
165,SnapshotHashMetrics,600,
165,EgressPublish,14720200,
166,IngressCapture,3900,
166,DecodeAndCanonicalize,200,
166,ApplyInputs,305700,
166,ProcessorPlan,46400,
166,CrossWorldPrepare,800,
166,NativeJobBarrier,200,
166,CommitDecision,200,
166,VoxelCommit,1100,
166,EcsCommandBufferCommit,32400,
166,GasAndEventFinalize,10200,
166,ReplicationProjection,185000,
166,SnapshotHashMetrics,800,
166,EgressPublish,17176000,
167,IngressCapture,4300,
167,DecodeAndCanonicalize,200,
167,ApplyInputs,303700,
167,ProcessorPlan,31800,
167,CrossWorldPrepare,1000,
167,NativeJobBarrier,200,
167,CommitDecision,100,
167,VoxelCommit,1000,
167,EcsCommandBufferCommit,30200,
167,GasAndEventFinalize,7800,
167,ReplicationProjection,123600,
167,SnapshotHashMetrics,400,
167,EgressPublish,15153900,
168,IngressCapture,16100,
168,DecodeAndCanonicalize,300,
168,ApplyInputs,417300,
168,ProcessorPlan,36800,
168,CrossWorldPrepare,600,
168,NativeJobBarrier,200,
168,CommitDecision,500,
168,VoxelCommit,1000,
168,EcsCommandBufferCommit,22000,
168,GasAndEventFinalize,9800,
168,ReplicationProjection,124300,
168,SnapshotHashMetrics,200,
168,EgressPublish,17933000,
169,IngressCapture,3700,
169,DecodeAndCanonicalize,200,
169,ApplyInputs,308500,
169,ProcessorPlan,46000,
169,CrossWorldPrepare,800,
169,NativeJobBarrier,300,
169,CommitDecision,200,
169,VoxelCommit,1900,
169,EcsCommandBufferCommit,28300,
169,GasAndEventFinalize,9000,
169,ReplicationProjection,125800,
169,SnapshotHashMetrics,200,
169,EgressPublish,17655600,
170,IngressCapture,4500,
170,DecodeAndCanonicalize,100,
170,ApplyInputs,254200,
170,ProcessorPlan,28200,
170,CrossWorldPrepare,500,
170,NativeJobBarrier,100,
170,CommitDecision,100,
170,VoxelCommit,600,
170,EcsCommandBufferCommit,21700,
170,GasAndEventFinalize,7600,
170,ReplicationProjection,82900,
170,SnapshotHashMetrics,200,
170,EgressPublish,18862000,
171,IngressCapture,3100,
171,DecodeAndCanonicalize,100,
171,ApplyInputs,231200,
171,ProcessorPlan,28500,
171,CrossWorldPrepare,500,
171,NativeJobBarrier,300,
171,CommitDecision,500,
171,VoxelCommit,600,
171,EcsCommandBufferCommit,20300,
171,GasAndEventFinalize,8300,
171,ReplicationProjection,87500,
171,SnapshotHashMetrics,100,
171,EgressPublish,15818500,
172,IngressCapture,3500,
172,DecodeAndCanonicalize,200,
172,ApplyInputs,331300,
172,ProcessorPlan,33400,
172,CrossWorldPrepare,800,
172,NativeJobBarrier,100,
172,CommitDecision,200,
172,VoxelCommit,1300,
172,EcsCommandBufferCommit,27400,
172,GasAndEventFinalize,9400,
172,ReplicationProjection,117600,
172,SnapshotHashMetrics,400,
172,EgressPublish,14341900,
173,IngressCapture,3500,
173,DecodeAndCanonicalize,100,
173,ApplyInputs,704200,
173,ProcessorPlan,22600,
173,CrossWorldPrepare,500,
173,NativeJobBarrier,200,
173,CommitDecision,100,
173,VoxelCommit,700,
173,EcsCommandBufferCommit,19000,
173,GasAndEventFinalize,26900,
173,ReplicationProjection,99400,
173,SnapshotHashMetrics,200,
173,EgressPublish,15745100,
174,IngressCapture,3400,
174,DecodeAndCanonicalize,100,
174,ApplyInputs,380600,
174,ProcessorPlan,40700,
174,CrossWorldPrepare,1600,
174,NativeJobBarrier,300,
174,CommitDecision,300,
174,VoxelCommit,1100,
174,EcsCommandBufferCommit,28500,
174,GasAndEventFinalize,7500,
174,ReplicationProjection,154900,
174,SnapshotHashMetrics,300,
174,EgressPublish,14572100,
175,IngressCapture,2900,
175,DecodeAndCanonicalize,200,
175,ApplyInputs,261300,
175,ProcessorPlan,25800,
175,CrossWorldPrepare,400,
175,NativeJobBarrier,100,
175,CommitDecision,200,
175,VoxelCommit,700,
175,EcsCommandBufferCommit,20400,
175,GasAndEventFinalize,7400,
175,ReplicationProjection,92300,
175,SnapshotHashMetrics,100,
175,EgressPublish,17367000,
176,IngressCapture,3100,
176,DecodeAndCanonicalize,200,
176,ApplyInputs,262300,
176,ProcessorPlan,38100,
176,CrossWorldPrepare,700,
176,NativeJobBarrier,200,
176,CommitDecision,200,
176,VoxelCommit,900,
176,EcsCommandBufferCommit,26000,
176,GasAndEventFinalize,8300,
176,ReplicationProjection,124800,
176,SnapshotHashMetrics,400,
176,EgressPublish,13159600,
177,IngressCapture,3500,
177,DecodeAndCanonicalize,200,
177,ApplyInputs,332300,
177,ProcessorPlan,32000,
177,CrossWorldPrepare,800,
177,NativeJobBarrier,200,
177,CommitDecision,200,
177,VoxelCommit,1100,
177,EcsCommandBufferCommit,21900,
177,GasAndEventFinalize,9600,
177,ReplicationProjection,137500,
177,SnapshotHashMetrics,400,
177,EgressPublish,13851100,
178,IngressCapture,3300,
178,DecodeAndCanonicalize,300,
178,ApplyInputs,317500,
178,ProcessorPlan,38600,
178,CrossWorldPrepare,700,
178,NativeJobBarrier,200,
178,CommitDecision,700,
178,VoxelCommit,900,
178,EcsCommandBufferCommit,28400,
178,GasAndEventFinalize,10800,
178,ReplicationProjection,135300,
178,SnapshotHashMetrics,400,
178,EgressPublish,15620000,
179,IngressCapture,4200,
179,DecodeAndCanonicalize,200,
179,ApplyInputs,327300,
179,ProcessorPlan,26900,
179,CrossWorldPrepare,600,
179,NativeJobBarrier,200,
179,CommitDecision,300,
179,VoxelCommit,1600,
179,EcsCommandBufferCommit,169300,
179,GasAndEventFinalize,39000,
179,ReplicationProjection,254200,
179,SnapshotHashMetrics,400,
179,EgressPublish,13848400,
180,IngressCapture,3100,
180,DecodeAndCanonicalize,200,
180,ApplyInputs,276100,
180,ProcessorPlan,26000,
180,CrossWorldPrepare,500,
180,NativeJobBarrier,100,
180,CommitDecision,300,
180,VoxelCommit,500,
180,EcsCommandBufferCommit,19400,
180,GasAndEventFinalize,6800,
180,ReplicationProjection,95000,
180,SnapshotHashMetrics,200,
180,EgressPublish,16688200,
181,IngressCapture,4300,
181,DecodeAndCanonicalize,600,
181,ApplyInputs,596300,
181,ProcessorPlan,85700,
181,CrossWorldPrepare,800,
181,NativeJobBarrier,300,
181,CommitDecision,800,
181,VoxelCommit,1500,
181,EcsCommandBufferCommit,38000,
181,GasAndEventFinalize,46100,
181,ReplicationProjection,176300,
181,SnapshotHashMetrics,800,
181,EgressPublish,16532600,
182,IngressCapture,5000,
182,DecodeAndCanonicalize,200,
182,ApplyInputs,288000,
182,ProcessorPlan,39300,
182,CrossWorldPrepare,500,
182,NativeJobBarrier,200,
182,CommitDecision,200,
182,VoxelCommit,1200,
182,EcsCommandBufferCommit,30000,
182,GasAndEventFinalize,9200,
182,ReplicationProjection,152300,
182,SnapshotHashMetrics,200,
182,EgressPublish,15341100,
183,IngressCapture,2800,
183,DecodeAndCanonicalize,200,
183,ApplyInputs,190000,
183,ProcessorPlan,22600,
183,CrossWorldPrepare,500,
183,NativeJobBarrier,200,
183,CommitDecision,100,
183,VoxelCommit,700,
183,EcsCommandBufferCommit,16300,
183,GasAndEventFinalize,5100,
183,ReplicationProjection,92000,
183,SnapshotHashMetrics,100,
183,EgressPublish,14114900,
184,IngressCapture,2600,
184,DecodeAndCanonicalize,100,
184,ApplyInputs,168600,
184,ProcessorPlan,29300,
184,CrossWorldPrepare,800,
184,NativeJobBarrier,200,
184,CommitDecision,200,
184,VoxelCommit,700,
184,EcsCommandBufferCommit,21400,
184,GasAndEventFinalize,7300,
184,ReplicationProjection,94000,
184,SnapshotHashMetrics,100,
184,EgressPublish,11766300,
185,IngressCapture,4500,
185,DecodeAndCanonicalize,500,
185,ApplyInputs,229300,
185,ProcessorPlan,30600,
185,CrossWorldPrepare,700,
185,NativeJobBarrier,200,
185,CommitDecision,1000,
185,VoxelCommit,500,
185,EcsCommandBufferCommit,24100,
185,GasAndEventFinalize,8400,
185,ReplicationProjection,101000,
185,SnapshotHashMetrics,100,
185,EgressPublish,14462200,
186,IngressCapture,3800,
186,DecodeAndCanonicalize,200,
186,ApplyInputs,259600,
186,ProcessorPlan,44800,
186,CrossWorldPrepare,1000,
186,NativeJobBarrier,400,
186,CommitDecision,600,
186,VoxelCommit,1400,
186,EcsCommandBufferCommit,33900,
186,GasAndEventFinalize,10400,
186,ReplicationProjection,149400,
186,SnapshotHashMetrics,200,
186,EgressPublish,14485300,
187,IngressCapture,3100,
187,DecodeAndCanonicalize,100,
187,ApplyInputs,307200,
187,ProcessorPlan,37400,
187,CrossWorldPrepare,600,
187,NativeJobBarrier,200,
187,CommitDecision,200,
187,VoxelCommit,900,
187,EcsCommandBufferCommit,26300,
187,GasAndEventFinalize,10300,
187,ReplicationProjection,178600,
187,SnapshotHashMetrics,300,
187,EgressPublish,11433600,
188,IngressCapture,6300,
188,DecodeAndCanonicalize,400,
188,ApplyInputs,244500,
188,ProcessorPlan,37500,
188,CrossWorldPrepare,900,
188,NativeJobBarrier,300,
188,CommitDecision,300,
188,VoxelCommit,1100,
188,EcsCommandBufferCommit,26200,
188,GasAndEventFinalize,9800,
188,ReplicationProjection,161200,
188,SnapshotHashMetrics,400,
188,EgressPublish,14408600,
189,IngressCapture,3600,
189,DecodeAndCanonicalize,300,
189,ApplyInputs,731200,
189,ProcessorPlan,93300,
189,CrossWorldPrepare,1300,
189,NativeJobBarrier,200,
189,CommitDecision,300,
189,VoxelCommit,1400,
189,EcsCommandBufferCommit,36400,
189,GasAndEventFinalize,48800,
189,ReplicationProjection,165800,
189,SnapshotHashMetrics,200,
189,EgressPublish,15681400,
190,IngressCapture,3900,
190,DecodeAndCanonicalize,200,
190,ApplyInputs,326500,
190,ProcessorPlan,35300,
190,CrossWorldPrepare,500,
190,NativeJobBarrier,200,
190,CommitDecision,300,
190,VoxelCommit,700,
190,EcsCommandBufferCommit,30700,
190,GasAndEventFinalize,10500,
190,ReplicationProjection,139800,
190,SnapshotHashMetrics,200,
190,EgressPublish,14941300,
191,IngressCapture,4800,
191,DecodeAndCanonicalize,300,
191,ApplyInputs,239900,
191,ProcessorPlan,40000,
191,CrossWorldPrepare,1000,
191,NativeJobBarrier,400,
191,CommitDecision,200,
191,VoxelCommit,1200,
191,EcsCommandBufferCommit,26200,
191,GasAndEventFinalize,10300,
191,ReplicationProjection,150700,
191,SnapshotHashMetrics,200,
191,EgressPublish,14134800,
192,IngressCapture,4200,
192,DecodeAndCanonicalize,200,
192,ApplyInputs,239200,
192,ProcessorPlan,28700,
192,CrossWorldPrepare,1200,
192,NativeJobBarrier,200,
192,CommitDecision,300,
192,VoxelCommit,1400,
192,EcsCommandBufferCommit,27800,
192,GasAndEventFinalize,8400,
192,ReplicationProjection,99000,
192,SnapshotHashMetrics,200,
192,EgressPublish,12287200,
193,IngressCapture,3000,
193,DecodeAndCanonicalize,200,
193,ApplyInputs,198200,
193,ProcessorPlan,29700,
193,CrossWorldPrepare,1100,
193,NativeJobBarrier,200,
193,CommitDecision,300,
193,VoxelCommit,800,
193,EcsCommandBufferCommit,24500,
193,GasAndEventFinalize,6700,
193,ReplicationProjection,98000,
193,SnapshotHashMetrics,400,
193,EgressPublish,16900800,
194,IngressCapture,4500,
194,DecodeAndCanonicalize,400,
194,ApplyInputs,248700,
194,ProcessorPlan,38700,
194,CrossWorldPrepare,1200,
194,NativeJobBarrier,300,
194,CommitDecision,300,
194,VoxelCommit,800,
194,EcsCommandBufferCommit,28800,
194,GasAndEventFinalize,9700,
194,ReplicationProjection,163300,
194,SnapshotHashMetrics,300,
194,EgressPublish,12621900,
195,IngressCapture,4300,
195,DecodeAndCanonicalize,300,
195,ApplyInputs,265400,
195,ProcessorPlan,43400,
195,CrossWorldPrepare,700,
195,NativeJobBarrier,200,
195,CommitDecision,600,
195,VoxelCommit,1200,
195,EcsCommandBufferCommit,31000,
195,GasAndEventFinalize,11700,
195,ReplicationProjection,166200,
195,SnapshotHashMetrics,400,
195,EgressPublish,18740800,
196,IngressCapture,5700,
196,DecodeAndCanonicalize,200,
196,ApplyInputs,248500,
196,ProcessorPlan,34600,
196,CrossWorldPrepare,900,
196,NativeJobBarrier,300,
196,CommitDecision,400,
196,VoxelCommit,1000,
196,EcsCommandBufferCommit,27000,
196,GasAndEventFinalize,11400,
196,ReplicationProjection,149200,
196,SnapshotHashMetrics,600,
196,EgressPublish,18017700,
197,IngressCapture,5600,
197,DecodeAndCanonicalize,300,
197,ApplyInputs,879500,
197,ProcessorPlan,60300,
197,CrossWorldPrepare,500,
197,NativeJobBarrier,600,
197,CommitDecision,600,
197,VoxelCommit,1000,
197,EcsCommandBufferCommit,32100,
197,GasAndEventFinalize,42000,
197,ReplicationProjection,174400,
197,SnapshotHashMetrics,300,
197,EgressPublish,19309100,
198,IngressCapture,4200,
198,DecodeAndCanonicalize,200,
198,ApplyInputs,623600,
198,ProcessorPlan,46500,
198,CrossWorldPrepare,700,
198,NativeJobBarrier,200,
198,CommitDecision,600,
198,VoxelCommit,800,
198,EcsCommandBufferCommit,35900,
198,GasAndEventFinalize,11500,
198,ReplicationProjection,158800,
198,SnapshotHashMetrics,200,
198,EgressPublish,16171800,
199,IngressCapture,5600,
199,DecodeAndCanonicalize,300,
199,ApplyInputs,254400,
199,ProcessorPlan,36200,
199,CrossWorldPrepare,600,
199,NativeJobBarrier,200,
199,CommitDecision,300,
199,VoxelCommit,1000,
199,EcsCommandBufferCommit,28900,
199,GasAndEventFinalize,10300,
199,ReplicationProjection,168600,
199,SnapshotHashMetrics,200,
199,EgressPublish,15944300,
200,IngressCapture,7000,
200,DecodeAndCanonicalize,300,
200,ApplyInputs,244800,
200,ProcessorPlan,50800,
200,CrossWorldPrepare,600,
200,NativeJobBarrier,200,
200,CommitDecision,200,
200,VoxelCommit,1300,
200,EcsCommandBufferCommit,37800,
200,GasAndEventFinalize,14300,
200,ReplicationProjection,177100,
200,SnapshotHashMetrics,400,
200,EgressPublish,17769500,
201,IngressCapture,5600,
201,DecodeAndCanonicalize,200,
201,ApplyInputs,213700,
201,ProcessorPlan,31400,
201,CrossWorldPrepare,400,
201,NativeJobBarrier,200,
201,CommitDecision,300,
201,VoxelCommit,700,
201,EcsCommandBufferCommit,24400,
201,GasAndEventFinalize,7500,
201,ReplicationProjection,106500,
201,SnapshotHashMetrics,200,
201,EgressPublish,14044600,
202,IngressCapture,5000,
202,DecodeAndCanonicalize,200,
202,ApplyInputs,271400,
202,ProcessorPlan,42300,
202,CrossWorldPrepare,1400,
202,NativeJobBarrier,200,
202,CommitDecision,600,
202,VoxelCommit,800,
202,EcsCommandBufferCommit,31600,
202,GasAndEventFinalize,9400,
202,ReplicationProjection,157600,
202,SnapshotHashMetrics,800,
202,EgressPublish,14086400,
203,IngressCapture,5700,
203,DecodeAndCanonicalize,200,
203,ApplyInputs,237500,
203,ProcessorPlan,49600,
203,CrossWorldPrepare,600,
203,NativeJobBarrier,300,
203,CommitDecision,400,
203,VoxelCommit,2100,
203,EcsCommandBufferCommit,33100,
203,GasAndEventFinalize,13000,
203,ReplicationProjection,179600,
203,SnapshotHashMetrics,200,
203,EgressPublish,14666100,
204,IngressCapture,3900,
204,DecodeAndCanonicalize,200,
204,ApplyInputs,230300,
204,ProcessorPlan,32600,
204,CrossWorldPrepare,900,
204,NativeJobBarrier,600,
204,CommitDecision,1100,
204,VoxelCommit,800,
204,EcsCommandBufferCommit,30900,
204,GasAndEventFinalize,10100,
204,ReplicationProjection,107600,
204,SnapshotHashMetrics,200,
204,EgressPublish,14227800,
205,IngressCapture,3700,
205,DecodeAndCanonicalize,200,
205,ApplyInputs,512400,
205,ProcessorPlan,77300,
205,CrossWorldPrepare,700,
205,NativeJobBarrier,100,
205,CommitDecision,300,
205,VoxelCommit,1800,
205,EcsCommandBufferCommit,29200,
205,GasAndEventFinalize,42300,
205,ReplicationProjection,200500,
205,SnapshotHashMetrics,200,
205,EgressPublish,16547000,
206,IngressCapture,4300,
206,DecodeAndCanonicalize,300,
206,ApplyInputs,217300,
206,ProcessorPlan,36500,
206,CrossWorldPrepare,500,
206,NativeJobBarrier,300,
206,CommitDecision,200,
206,VoxelCommit,1000,
206,EcsCommandBufferCommit,30700,
206,GasAndEventFinalize,11200,
206,ReplicationProjection,156000,
206,SnapshotHashMetrics,200,
206,EgressPublish,17527000,
207,IngressCapture,6300,
207,DecodeAndCanonicalize,100,
207,ApplyInputs,196000,
207,ProcessorPlan,40300,
207,CrossWorldPrepare,1300,
207,NativeJobBarrier,200,
207,CommitDecision,300,
207,VoxelCommit,800,
207,EcsCommandBufferCommit,30600,
207,GasAndEventFinalize,11000,
207,ReplicationProjection,155000,
207,SnapshotHashMetrics,200,
207,EgressPublish,18358500,
208,IngressCapture,4700,
208,DecodeAndCanonicalize,300,
208,ApplyInputs,289300,
208,ProcessorPlan,46800,
208,CrossWorldPrepare,600,
208,NativeJobBarrier,100,
208,CommitDecision,1100,
208,VoxelCommit,1100,
208,EcsCommandBufferCommit,40200,
208,GasAndEventFinalize,14600,
208,ReplicationProjection,166900,
208,SnapshotHashMetrics,200,
208,EgressPublish,17219600,
209,IngressCapture,3800,
209,DecodeAndCanonicalize,200,
209,ApplyInputs,153400,
209,ProcessorPlan,28600,
209,CrossWorldPrepare,600,
209,NativeJobBarrier,200,
209,CommitDecision,700,
209,VoxelCommit,700,
209,EcsCommandBufferCommit,22400,
209,GasAndEventFinalize,6000,
209,ReplicationProjection,100500,
209,SnapshotHashMetrics,100,
209,EgressPublish,14095500,
210,IngressCapture,4000,
210,DecodeAndCanonicalize,200,
210,ApplyInputs,176500,
210,ProcessorPlan,40300,
210,CrossWorldPrepare,500,
210,NativeJobBarrier,300,
210,CommitDecision,100,
210,VoxelCommit,1800,
210,EcsCommandBufferCommit,30100,
210,GasAndEventFinalize,9500,
210,ReplicationProjection,159500,
210,SnapshotHashMetrics,200,
210,EgressPublish,15302100,
211,IngressCapture,4800,
211,DecodeAndCanonicalize,200,
211,ApplyInputs,216700,
211,ProcessorPlan,45400,
211,CrossWorldPrepare,900,
211,NativeJobBarrier,500,
211,CommitDecision,400,
211,VoxelCommit,1100,
211,EcsCommandBufferCommit,26600,
211,GasAndEventFinalize,8600,
211,ReplicationProjection,174000,
211,SnapshotHashMetrics,600,
211,EgressPublish,14564700,
212,IngressCapture,8200,
212,DecodeAndCanonicalize,200,
212,ApplyInputs,224600,
212,ProcessorPlan,37500,
212,CrossWorldPrepare,700,
212,NativeJobBarrier,300,
212,CommitDecision,600,
212,VoxelCommit,1800,
212,EcsCommandBufferCommit,33100,
212,GasAndEventFinalize,9600,
212,ReplicationProjection,139000,
212,SnapshotHashMetrics,100,
212,EgressPublish,14549600,
213,IngressCapture,5000,
213,DecodeAndCanonicalize,400,
213,ApplyInputs,859400,
213,ProcessorPlan,51900,
213,CrossWorldPrepare,1000,
213,NativeJobBarrier,300,
213,CommitDecision,300,
213,VoxelCommit,1000,
213,EcsCommandBufferCommit,25800,
213,GasAndEventFinalize,36800,
213,ReplicationProjection,179900,
213,SnapshotHashMetrics,400,
213,EgressPublish,15110200,
214,IngressCapture,5700,
214,DecodeAndCanonicalize,200,
214,ApplyInputs,399700,
214,ProcessorPlan,40100,
214,CrossWorldPrepare,600,
214,NativeJobBarrier,200,
214,CommitDecision,200,
214,VoxelCommit,1100,
214,EcsCommandBufferCommit,206200,
214,GasAndEventFinalize,34000,
214,ReplicationProjection,374400,
214,SnapshotHashMetrics,600,
214,EgressPublish,16921700,
215,IngressCapture,10800,
215,DecodeAndCanonicalize,200,
215,ApplyInputs,182600,
215,ProcessorPlan,44300,
215,CrossWorldPrepare,500,
215,NativeJobBarrier,200,
215,CommitDecision,300,
215,VoxelCommit,1300,
215,EcsCommandBufferCommit,39900,
215,GasAndEventFinalize,17300,
215,ReplicationProjection,153100,
215,SnapshotHashMetrics,200,
215,EgressPublish,15278800,
216,IngressCapture,4300,
216,DecodeAndCanonicalize,300,
216,ApplyInputs,198200,
216,ProcessorPlan,36800,
216,CrossWorldPrepare,400,
216,NativeJobBarrier,200,
216,CommitDecision,300,
216,VoxelCommit,600,
216,EcsCommandBufferCommit,27400,
216,GasAndEventFinalize,10800,
216,ReplicationProjection,149700,
216,SnapshotHashMetrics,400,
216,EgressPublish,14543200,
217,IngressCapture,5100,
217,DecodeAndCanonicalize,300,
217,ApplyInputs,201600,
217,ProcessorPlan,39500,
217,CrossWorldPrepare,800,
217,NativeJobBarrier,300,
217,CommitDecision,200,
217,VoxelCommit,800,
217,EcsCommandBufferCommit,93300,
217,GasAndEventFinalize,9000,
217,ReplicationProjection,162800,
217,SnapshotHashMetrics,300,
217,EgressPublish,16882600,
218,IngressCapture,5100,
218,DecodeAndCanonicalize,200,
218,ApplyInputs,236600,
218,ProcessorPlan,43900,
218,CrossWorldPrepare,1000,
218,NativeJobBarrier,900,
218,CommitDecision,600,
218,VoxelCommit,1400,
218,EcsCommandBufferCommit,37100,
218,GasAndEventFinalize,13700,
218,ReplicationProjection,180900,
218,SnapshotHashMetrics,400,
218,EgressPublish,17405200,
219,IngressCapture,4700,
219,DecodeAndCanonicalize,200,
219,ApplyInputs,219900,
219,ProcessorPlan,47700,
219,CrossWorldPrepare,1000,
219,NativeJobBarrier,500,
219,CommitDecision,700,
219,VoxelCommit,1200,
219,EcsCommandBufferCommit,45200,
219,GasAndEventFinalize,16200,
219,ReplicationProjection,174900,
219,SnapshotHashMetrics,400,
219,EgressPublish,17037700,
220,IngressCapture,6000,
220,DecodeAndCanonicalize,200,
220,ApplyInputs,306000,
220,ProcessorPlan,42100,
220,CrossWorldPrepare,600,
220,NativeJobBarrier,700,
220,CommitDecision,200,
220,VoxelCommit,1000,
220,EcsCommandBufferCommit,34500,
220,GasAndEventFinalize,14500,
220,ReplicationProjection,155300,
220,SnapshotHashMetrics,400,
220,EgressPublish,19183700,
221,IngressCapture,6600,
221,DecodeAndCanonicalize,200,
221,ApplyInputs,686200,
221,ProcessorPlan,83600,
221,CrossWorldPrepare,900,
221,NativeJobBarrier,200,
221,CommitDecision,300,
221,VoxelCommit,700,
221,EcsCommandBufferCommit,43200,
221,GasAndEventFinalize,46800,
221,ReplicationProjection,121900,
221,SnapshotHashMetrics,400,
221,EgressPublish,14998400,
222,IngressCapture,4500,
222,DecodeAndCanonicalize,200,
222,ApplyInputs,237400,
222,ProcessorPlan,40200,
222,CrossWorldPrepare,700,
222,NativeJobBarrier,300,
222,CommitDecision,400,
222,VoxelCommit,1300,
222,EcsCommandBufferCommit,38000,
222,GasAndEventFinalize,14800,
222,ReplicationProjection,153100,
222,SnapshotHashMetrics,500,
222,EgressPublish,18373600,
223,IngressCapture,6000,
223,DecodeAndCanonicalize,200,
223,ApplyInputs,267400,
223,ProcessorPlan,39900,
223,CrossWorldPrepare,300,
223,NativeJobBarrier,300,
223,CommitDecision,300,
223,VoxelCommit,800,
223,EcsCommandBufferCommit,32000,
223,GasAndEventFinalize,10000,
223,ReplicationProjection,171100,
223,SnapshotHashMetrics,1100,
223,EgressPublish,19019700,
224,IngressCapture,3900,
224,DecodeAndCanonicalize,100,
224,ApplyInputs,168900,
224,ProcessorPlan,29100,
224,CrossWorldPrepare,1000,
224,NativeJobBarrier,200,
224,CommitDecision,100,
224,VoxelCommit,1100,
224,EcsCommandBufferCommit,28100,
224,GasAndEventFinalize,9300,
224,ReplicationProjection,101900,
224,SnapshotHashMetrics,200,
224,EgressPublish,14142300,
225,IngressCapture,6400,
225,DecodeAndCanonicalize,300,
225,ApplyInputs,267200,
225,ProcessorPlan,45600,
225,CrossWorldPrepare,900,
225,NativeJobBarrier,200,
225,CommitDecision,500,
225,VoxelCommit,1800,
225,EcsCommandBufferCommit,39400,
225,GasAndEventFinalize,11000,
225,ReplicationProjection,156700,
225,SnapshotHashMetrics,200,
225,EgressPublish,16636900,
226,IngressCapture,5200,
226,DecodeAndCanonicalize,400,
226,ApplyInputs,222700,
226,ProcessorPlan,39100,
226,CrossWorldPrepare,500,
226,NativeJobBarrier,200,
226,CommitDecision,400,
226,VoxelCommit,1000,
226,EcsCommandBufferCommit,31400,
226,GasAndEventFinalize,11800,
226,ReplicationProjection,162300,
226,SnapshotHashMetrics,200,
226,EgressPublish,16619200,
227,IngressCapture,3700,
227,DecodeAndCanonicalize,300,
227,ApplyInputs,192700,
227,ProcessorPlan,40700,
227,CrossWorldPrepare,700,
227,NativeJobBarrier,500,
227,CommitDecision,200,
227,VoxelCommit,800,
227,EcsCommandBufferCommit,36500,
227,GasAndEventFinalize,10100,
227,ReplicationProjection,163900,
227,SnapshotHashMetrics,300,
227,EgressPublish,17246300,
228,IngressCapture,5600,
228,DecodeAndCanonicalize,200,
228,ApplyInputs,225900,
228,ProcessorPlan,38500,
228,CrossWorldPrepare,1000,
228,NativeJobBarrier,400,
228,CommitDecision,300,
228,VoxelCommit,1300,
228,EcsCommandBufferCommit,30600,
228,GasAndEventFinalize,10100,
228,ReplicationProjection,148400,
228,SnapshotHashMetrics,200,
228,EgressPublish,18631300,
229,IngressCapture,4500,
229,DecodeAndCanonicalize,300,
229,ApplyInputs,429400,
229,ProcessorPlan,61800,
229,CrossWorldPrepare,800,
229,NativeJobBarrier,200,
229,CommitDecision,400,
229,VoxelCommit,800,
229,EcsCommandBufferCommit,28900,
229,GasAndEventFinalize,41300,
229,ReplicationProjection,105500,
229,SnapshotHashMetrics,200,
229,EgressPublish,17768900,
230,IngressCapture,5100,
230,DecodeAndCanonicalize,200,
230,ApplyInputs,249100,
230,ProcessorPlan,50600,
230,CrossWorldPrepare,500,
230,NativeJobBarrier,300,
230,CommitDecision,300,
230,VoxelCommit,900,
230,EcsCommandBufferCommit,44000,
230,GasAndEventFinalize,13300,
230,ReplicationProjection,160000,
230,SnapshotHashMetrics,500,
230,EgressPublish,15181400,
231,IngressCapture,5700,
231,DecodeAndCanonicalize,300,
231,ApplyInputs,240800,
231,ProcessorPlan,42000,
231,CrossWorldPrepare,900,
231,NativeJobBarrier,200,
231,CommitDecision,100,
231,VoxelCommit,1600,
231,EcsCommandBufferCommit,34800,
231,GasAndEventFinalize,11700,
231,ReplicationProjection,143300,
231,SnapshotHashMetrics,200,
231,EgressPublish,17881200,
232,IngressCapture,7700,
232,DecodeAndCanonicalize,200,
232,ApplyInputs,258800,
232,ProcessorPlan,51100,
232,CrossWorldPrepare,700,
232,NativeJobBarrier,500,
232,CommitDecision,500,
232,VoxelCommit,700,
232,EcsCommandBufferCommit,39200,
232,GasAndEventFinalize,14600,
232,ReplicationProjection,170400,
232,SnapshotHashMetrics,300,
232,EgressPublish,19610300,
233,IngressCapture,3200,
233,DecodeAndCanonicalize,200,
233,ApplyInputs,138900,
233,ProcessorPlan,23900,
233,CrossWorldPrepare,400,
233,NativeJobBarrier,200,
233,CommitDecision,100,
233,VoxelCommit,500,
233,EcsCommandBufferCommit,18600,
233,GasAndEventFinalize,7100,
233,ReplicationProjection,99300,
233,SnapshotHashMetrics,100,
233,EgressPublish,14541600,
234,IngressCapture,6200,
234,DecodeAndCanonicalize,300,
234,ApplyInputs,203600,
234,ProcessorPlan,40500,
234,CrossWorldPrepare,700,
234,NativeJobBarrier,200,
234,CommitDecision,400,
234,VoxelCommit,800,
234,EcsCommandBufferCommit,34700,
234,GasAndEventFinalize,13600,
234,ReplicationProjection,158800,
234,SnapshotHashMetrics,400,
234,EgressPublish,17639000,
235,IngressCapture,5300,
235,DecodeAndCanonicalize,500,
235,ApplyInputs,275000,
235,ProcessorPlan,36000,
235,CrossWorldPrepare,400,
235,NativeJobBarrier,400,
235,CommitDecision,200,
235,VoxelCommit,1000,
235,EcsCommandBufferCommit,35700,
235,GasAndEventFinalize,13000,
235,ReplicationProjection,104300,
235,SnapshotHashMetrics,400,
235,EgressPublish,17386100,
236,IngressCapture,4300,
236,DecodeAndCanonicalize,200,
236,ApplyInputs,164400,
236,ProcessorPlan,27600,
236,CrossWorldPrepare,500,
236,NativeJobBarrier,200,
236,CommitDecision,300,
236,VoxelCommit,700,
236,EcsCommandBufferCommit,27200,
236,GasAndEventFinalize,9500,
236,ReplicationProjection,95100,
236,SnapshotHashMetrics,300,
236,EgressPublish,13543400,
237,IngressCapture,8700,
237,DecodeAndCanonicalize,200,
237,ApplyInputs,783600,
237,ProcessorPlan,74500,
237,CrossWorldPrepare,900,
237,NativeJobBarrier,200,
237,CommitDecision,400,
237,VoxelCommit,1300,
237,EcsCommandBufferCommit,31000,
237,GasAndEventFinalize,35200,
237,ReplicationProjection,141900,
237,SnapshotHashMetrics,200,
237,EgressPublish,20713100,
238,IngressCapture,5000,
238,DecodeAndCanonicalize,200,
238,ApplyInputs,227300,
238,ProcessorPlan,37900,
238,CrossWorldPrepare,500,
238,NativeJobBarrier,300,
238,CommitDecision,400,
238,VoxelCommit,900,
238,EcsCommandBufferCommit,29600,
238,GasAndEventFinalize,7800,
238,ReplicationProjection,99000,
238,SnapshotHashMetrics,100,
238,EgressPublish,11708100,
239,IngressCapture,5000,
239,DecodeAndCanonicalize,200,
239,ApplyInputs,175200,
239,ProcessorPlan,29200,
239,CrossWorldPrepare,800,
239,NativeJobBarrier,300,
239,CommitDecision,400,
239,VoxelCommit,1300,
239,EcsCommandBufferCommit,25100,
239,GasAndEventFinalize,8000,
239,ReplicationProjection,90600,
239,SnapshotHashMetrics,200,
239,EgressPublish,14581200,
240,IngressCapture,3100,
240,DecodeAndCanonicalize,400,
240,ApplyInputs,156000,
240,ProcessorPlan,27500,
240,CrossWorldPrepare,500,
240,NativeJobBarrier,300,
240,CommitDecision,700,
240,VoxelCommit,1200,
240,EcsCommandBufferCommit,25000,
240,GasAndEventFinalize,8100,
240,ReplicationProjection,102200,
240,SnapshotHashMetrics,200,
240,EgressPublish,14277100,
241,IngressCapture,3500,
241,DecodeAndCanonicalize,200,
241,ApplyInputs,191500,
241,ProcessorPlan,40600,
241,CrossWorldPrepare,700,
241,NativeJobBarrier,500,
241,CommitDecision,400,
241,VoxelCommit,1100,
241,EcsCommandBufferCommit,29800,
241,GasAndEventFinalize,8600,
241,ReplicationProjection,169600,
241,SnapshotHashMetrics,600,
241,EgressPublish,16002500,
242,IngressCapture,3700,
242,DecodeAndCanonicalize,200,
242,ApplyInputs,177000,
242,ProcessorPlan,41000,
242,CrossWorldPrepare,1000,
242,NativeJobBarrier,300,
242,CommitDecision,200,
242,VoxelCommit,600,
242,EcsCommandBufferCommit,30200,
242,GasAndEventFinalize,11100,
242,ReplicationProjection,140500,
242,SnapshotHashMetrics,700,
242,EgressPublish,15456100,
243,IngressCapture,6300,
243,DecodeAndCanonicalize,300,
243,ApplyInputs,266400,
243,ProcessorPlan,46000,
243,CrossWorldPrepare,900,
243,NativeJobBarrier,500,
243,CommitDecision,1000,
243,VoxelCommit,1100,
243,EcsCommandBufferCommit,36500,
243,GasAndEventFinalize,12700,
243,ReplicationProjection,143300,
243,SnapshotHashMetrics,200,
243,EgressPublish,17951400,
244,IngressCapture,5500,
244,DecodeAndCanonicalize,100,
244,ApplyInputs,195500,
244,ProcessorPlan,47000,
244,CrossWorldPrepare,500,
244,NativeJobBarrier,500,
244,CommitDecision,1000,
244,VoxelCommit,800,
244,EcsCommandBufferCommit,36000,
244,GasAndEventFinalize,15100,
244,ReplicationProjection,168600,
244,SnapshotHashMetrics,500,
244,EgressPublish,17739200,
245,IngressCapture,4800,
245,DecodeAndCanonicalize,300,
245,ApplyInputs,527900,
245,ProcessorPlan,58700,
245,CrossWorldPrepare,700,
245,NativeJobBarrier,300,
245,CommitDecision,500,
245,VoxelCommit,1000,
245,EcsCommandBufferCommit,24600,
245,GasAndEventFinalize,36400,
245,ReplicationProjection,156800,
245,SnapshotHashMetrics,500,
245,EgressPublish,12755200,
246,IngressCapture,5800,
246,DecodeAndCanonicalize,800,
246,ApplyInputs,214800,
246,ProcessorPlan,42400,
246,CrossWorldPrepare,900,
246,NativeJobBarrier,300,
246,CommitDecision,500,
246,VoxelCommit,800,
246,EcsCommandBufferCommit,33700,
246,GasAndEventFinalize,10500,
246,ReplicationProjection,161600,
246,SnapshotHashMetrics,200,
246,EgressPublish,16339600,
247,IngressCapture,4400,
247,DecodeAndCanonicalize,200,
247,ApplyInputs,198900,
247,ProcessorPlan,31900,
247,CrossWorldPrepare,600,
247,NativeJobBarrier,200,
247,CommitDecision,100,
247,VoxelCommit,500,
247,EcsCommandBufferCommit,25800,
247,GasAndEventFinalize,8400,
247,ReplicationProjection,113900,
247,SnapshotHashMetrics,300,
247,EgressPublish,12879300,
248,IngressCapture,5600,
248,DecodeAndCanonicalize,100,
248,ApplyInputs,297800,
248,ProcessorPlan,28000,
248,CrossWorldPrepare,500,
248,NativeJobBarrier,100,
248,CommitDecision,200,
248,VoxelCommit,1000,
248,EcsCommandBufferCommit,208400,
248,GasAndEventFinalize,46200,
248,ReplicationProjection,296000,
248,SnapshotHashMetrics,300,
248,EgressPublish,13508000,
249,IngressCapture,4000,
249,DecodeAndCanonicalize,500,
249,ApplyInputs,259100,
249,ProcessorPlan,41900,
249,CrossWorldPrepare,900,
249,NativeJobBarrier,300,
249,CommitDecision,1100,
249,VoxelCommit,1100,
249,EcsCommandBufferCommit,43600,
249,GasAndEventFinalize,11900,
249,ReplicationProjection,149500,
249,SnapshotHashMetrics,400,
249,EgressPublish,13502600,
250,IngressCapture,4800,
250,DecodeAndCanonicalize,200,
250,ApplyInputs,271600,
250,ProcessorPlan,50800,
250,CrossWorldPrepare,600,
250,NativeJobBarrier,200,
250,CommitDecision,300,
250,VoxelCommit,1200,
250,EcsCommandBufferCommit,39000,
250,GasAndEventFinalize,16000,
250,ReplicationProjection,153800,
250,SnapshotHashMetrics,200,
250,EgressPublish,15925200,
251,IngressCapture,4700,
251,DecodeAndCanonicalize,200,
251,ApplyInputs,209800,
251,ProcessorPlan,36300,
251,CrossWorldPrepare,900,
251,NativeJobBarrier,100,
251,CommitDecision,200,
251,VoxelCommit,600,
251,EcsCommandBufferCommit,26700,
251,GasAndEventFinalize,7600,
251,ReplicationProjection,134400,
251,SnapshotHashMetrics,200,
251,EgressPublish,13537100,
252,IngressCapture,4100,
252,DecodeAndCanonicalize,300,
252,ApplyInputs,199100,
252,ProcessorPlan,43600,
252,CrossWorldPrepare,800,
252,NativeJobBarrier,400,
252,CommitDecision,200,
252,VoxelCommit,900,
252,EcsCommandBufferCommit,35100,
252,GasAndEventFinalize,14300,
252,ReplicationProjection,186500,
252,SnapshotHashMetrics,400,
252,EgressPublish,15360800,
253,IngressCapture,3500,
253,DecodeAndCanonicalize,200,
253,ApplyInputs,616100,
253,ProcessorPlan,65000,
253,CrossWorldPrepare,700,
253,NativeJobBarrier,200,
253,CommitDecision,200,
253,VoxelCommit,700,
253,EcsCommandBufferCommit,23700,
253,GasAndEventFinalize,32200,
253,ReplicationProjection,151300,
253,SnapshotHashMetrics,200,
253,EgressPublish,16454300,
254,IngressCapture,3600,
254,DecodeAndCanonicalize,100,
254,ApplyInputs,144100,
254,ProcessorPlan,25700,
254,CrossWorldPrepare,600,
254,NativeJobBarrier,200,
254,CommitDecision,200,
254,VoxelCommit,600,
254,EcsCommandBufferCommit,23900,
254,GasAndEventFinalize,8800,
254,ReplicationProjection,106300,
254,SnapshotHashMetrics,200,
254,EgressPublish,16231200,
255,IngressCapture,3900,
255,DecodeAndCanonicalize,100,
255,ApplyInputs,160300,
255,ProcessorPlan,31200,
255,CrossWorldPrepare,600,
255,NativeJobBarrier,100,
255,CommitDecision,500,
255,VoxelCommit,1400,
255,EcsCommandBufferCommit,29900,
255,GasAndEventFinalize,10100,
255,ReplicationProjection,103100,
255,SnapshotHashMetrics,400,
255,EgressPublish,12743700,
256,IngressCapture,4900,
256,DecodeAndCanonicalize,200,
256,ApplyInputs,252600,
256,ProcessorPlan,44400,
256,CrossWorldPrepare,800,
256,NativeJobBarrier,300,
256,CommitDecision,400,
256,VoxelCommit,1700,
256,EcsCommandBufferCommit,40400,
256,GasAndEventFinalize,14500,
256,ReplicationProjection,155500,
256,SnapshotHashMetrics,400,
256,EgressPublish,15328100,
257,IngressCapture,4100,
257,DecodeAndCanonicalize,200,
257,ApplyInputs,148300,
257,ProcessorPlan,24500,
257,CrossWorldPrepare,700,
257,NativeJobBarrier,200,
257,CommitDecision,1000,
257,VoxelCommit,700,
257,EcsCommandBufferCommit,23700,
257,GasAndEventFinalize,6800,
257,ReplicationProjection,106500,
257,SnapshotHashMetrics,100,
257,EgressPublish,12676800,
258,IngressCapture,5600,
258,DecodeAndCanonicalize,200,
258,ApplyInputs,457500,
258,ProcessorPlan,69800,
258,CrossWorldPrepare,1300,
258,NativeJobBarrier,100,
258,CommitDecision,800,
258,VoxelCommit,1000,
258,EcsCommandBufferCommit,349700,
258,GasAndEventFinalize,2554500,
258,ReplicationProjection,600900,
258,SnapshotHashMetrics,600,
258,EgressPublish,18373200,
259,IngressCapture,4200,
259,DecodeAndCanonicalize,100,
259,ApplyInputs,243400,
259,ProcessorPlan,40600,
259,CrossWorldPrepare,700,
259,NativeJobBarrier,200,
259,CommitDecision,400,
259,VoxelCommit,1100,
259,EcsCommandBufferCommit,37500,
259,GasAndEventFinalize,12300,
259,ReplicationProjection,141700,
259,SnapshotHashMetrics,600,
259,EgressPublish,15719100,
260,IngressCapture,5200,
260,DecodeAndCanonicalize,200,
260,ApplyInputs,243400,
260,ProcessorPlan,46600,
260,CrossWorldPrepare,600,
260,NativeJobBarrier,700,
260,CommitDecision,400,
260,VoxelCommit,1500,
260,EcsCommandBufferCommit,42200,
260,GasAndEventFinalize,15000,
260,ReplicationProjection,168000,
260,SnapshotHashMetrics,200,
260,EgressPublish,18707200,
261,IngressCapture,3500,
261,DecodeAndCanonicalize,200,
261,ApplyInputs,566200,
261,ProcessorPlan,54800,
261,CrossWorldPrepare,500,
261,NativeJobBarrier,200,
261,CommitDecision,300,
261,VoxelCommit,600,
261,EcsCommandBufferCommit,24400,
261,GasAndEventFinalize,29100,
261,ReplicationProjection,276200,
261,SnapshotHashMetrics,400,
261,EgressPublish,11915300,
262,IngressCapture,4700,
262,DecodeAndCanonicalize,200,
262,ApplyInputs,190500,
262,ProcessorPlan,39400,
262,CrossWorldPrepare,900,
262,NativeJobBarrier,400,
262,CommitDecision,200,
262,VoxelCommit,1400,
262,EcsCommandBufferCommit,33800,
262,GasAndEventFinalize,13500,
262,ReplicationProjection,169700,
262,SnapshotHashMetrics,400,
262,EgressPublish,20141600,
263,IngressCapture,6100,
263,DecodeAndCanonicalize,200,
263,ApplyInputs,278000,
263,ProcessorPlan,44600,
263,CrossWorldPrepare,1100,
263,NativeJobBarrier,300,
263,CommitDecision,600,
263,VoxelCommit,1100,
263,EcsCommandBufferCommit,33000,
263,GasAndEventFinalize,12700,
263,ReplicationProjection,218400,
263,SnapshotHashMetrics,500,
263,EgressPublish,18741300,
264,IngressCapture,5100,
264,DecodeAndCanonicalize,100,
264,ApplyInputs,198200,
264,ProcessorPlan,41000,
264,CrossWorldPrepare,700,
264,NativeJobBarrier,200,
264,CommitDecision,700,
264,VoxelCommit,1700,
264,EcsCommandBufferCommit,38400,
264,GasAndEventFinalize,12400,
264,ReplicationProjection,174600,
264,SnapshotHashMetrics,700,
264,EgressPublish,21739100,
265,IngressCapture,6100,
265,DecodeAndCanonicalize,200,
265,ApplyInputs,263400,
265,ProcessorPlan,37900,
265,CrossWorldPrepare,400,
265,NativeJobBarrier,500,
265,CommitDecision,100,
265,VoxelCommit,800,
265,EcsCommandBufferCommit,35800,
265,GasAndEventFinalize,12600,
265,ReplicationProjection,159600,
265,SnapshotHashMetrics,200,
265,EgressPublish,19941400,
266,IngressCapture,5300,
266,DecodeAndCanonicalize,200,
266,ApplyInputs,226400,
266,ProcessorPlan,36500,
266,CrossWorldPrepare,600,
266,NativeJobBarrier,100,
266,CommitDecision,200,
266,VoxelCommit,1100,
266,EcsCommandBufferCommit,49200,
266,GasAndEventFinalize,12600,
266,ReplicationProjection,168100,
266,SnapshotHashMetrics,200,
266,EgressPublish,20425100,
267,IngressCapture,6700,
267,DecodeAndCanonicalize,300,
267,ApplyInputs,286200,
267,ProcessorPlan,56500,
267,CrossWorldPrepare,600,
267,NativeJobBarrier,500,
267,CommitDecision,800,
267,VoxelCommit,2500,
267,EcsCommandBufferCommit,54400,
267,GasAndEventFinalize,18000,
267,ReplicationProjection,206600,
267,SnapshotHashMetrics,400,
267,EgressPublish,20599000,
268,IngressCapture,4000,
268,DecodeAndCanonicalize,200,
268,ApplyInputs,222500,
268,ProcessorPlan,38800,
268,CrossWorldPrepare,600,
268,NativeJobBarrier,200,
268,CommitDecision,300,
268,VoxelCommit,1100,
268,EcsCommandBufferCommit,40000,
268,GasAndEventFinalize,13800,
268,ReplicationProjection,169600,
268,SnapshotHashMetrics,200,
268,EgressPublish,19351500,
269,IngressCapture,7500,
269,DecodeAndCanonicalize,200,
269,ApplyInputs,716400,
269,ProcessorPlan,89900,
269,CrossWorldPrepare,1400,
269,NativeJobBarrier,200,
269,CommitDecision,700,
269,VoxelCommit,1100,
269,EcsCommandBufferCommit,47300,
269,GasAndEventFinalize,56400,
269,ReplicationProjection,183900,
269,SnapshotHashMetrics,700,
269,EgressPublish,21777200,
270,IngressCapture,7800,
270,DecodeAndCanonicalize,1100,
270,ApplyInputs,235500,
270,ProcessorPlan,46900,
270,CrossWorldPrepare,700,
270,NativeJobBarrier,200,
270,CommitDecision,300,
270,VoxelCommit,1100,
270,EcsCommandBufferCommit,52500,
270,GasAndEventFinalize,15700,
270,ReplicationProjection,211900,
270,SnapshotHashMetrics,800,
270,EgressPublish,24350000,
271,IngressCapture,6100,
271,DecodeAndCanonicalize,100,
271,ApplyInputs,353600,
271,ProcessorPlan,34000,
271,CrossWorldPrepare,400,
271,NativeJobBarrier,200,
271,CommitDecision,200,
271,VoxelCommit,1400,
271,EcsCommandBufferCommit,255900,
271,GasAndEventFinalize,49300,
271,ReplicationProjection,288400,
271,SnapshotHashMetrics,600,
271,EgressPublish,23524400,
272,IngressCapture,6200,
272,DecodeAndCanonicalize,300,
272,ApplyInputs,303300,
272,ProcessorPlan,49900,
272,CrossWorldPrepare,900,
272,NativeJobBarrier,200,
272,CommitDecision,400,
272,VoxelCommit,1000,
272,EcsCommandBufferCommit,52200,
272,GasAndEventFinalize,15400,
272,ReplicationProjection,186500,
272,SnapshotHashMetrics,200,
272,EgressPublish,22057200,
273,IngressCapture,6600,
273,DecodeAndCanonicalize,400,
273,ApplyInputs,319400,
273,ProcessorPlan,50100,
273,CrossWorldPrepare,900,
273,NativeJobBarrier,200,
273,CommitDecision,700,
273,VoxelCommit,1200,
273,EcsCommandBufferCommit,73000,
273,GasAndEventFinalize,18900,
273,ReplicationProjection,213300,
273,SnapshotHashMetrics,200,
273,EgressPublish,25188000,
274,IngressCapture,6700,
274,DecodeAndCanonicalize,400,
274,ApplyInputs,332000,
274,ProcessorPlan,57700,
274,CrossWorldPrepare,1300,
274,NativeJobBarrier,800,
274,CommitDecision,700,
274,VoxelCommit,1500,
274,EcsCommandBufferCommit,65700,
274,GasAndEventFinalize,22100,
274,ReplicationProjection,188300,
274,SnapshotHashMetrics,500,
274,EgressPublish,24972100,
275,IngressCapture,6200,
275,DecodeAndCanonicalize,200,
275,ApplyInputs,234100,
275,ProcessorPlan,45500,
275,CrossWorldPrepare,800,
275,NativeJobBarrier,500,
275,CommitDecision,500,
275,VoxelCommit,2100,
275,EcsCommandBufferCommit,50400,
275,GasAndEventFinalize,16900,
275,ReplicationProjection,165900,
275,SnapshotHashMetrics,100,
275,EgressPublish,22676900,
276,IngressCapture,6500,
276,DecodeAndCanonicalize,300,
276,ApplyInputs,395200,
276,ProcessorPlan,57200,
276,CrossWorldPrepare,700,
276,NativeJobBarrier,500,
276,CommitDecision,700,
276,VoxelCommit,2100,
276,EcsCommandBufferCommit,53600,
276,GasAndEventFinalize,20000,
276,ReplicationProjection,200000,
276,SnapshotHashMetrics,600,
276,EgressPublish,20902800,
277,IngressCapture,5600,
277,DecodeAndCanonicalize,200,
277,ApplyInputs,791900,
277,ProcessorPlan,79100,
277,CrossWorldPrepare,1200,
277,NativeJobBarrier,400,
277,CommitDecision,900,
277,VoxelCommit,1100,
277,EcsCommandBufferCommit,46700,
277,GasAndEventFinalize,54700,
277,ReplicationProjection,182400,
277,SnapshotHashMetrics,800,
277,EgressPublish,19390400,
278,IngressCapture,8500,
278,DecodeAndCanonicalize,200,
278,ApplyInputs,385800,
278,ProcessorPlan,65100,
278,CrossWorldPrepare,1600,
278,NativeJobBarrier,100,
278,CommitDecision,700,
278,VoxelCommit,3400,
278,EcsCommandBufferCommit,75300,
278,GasAndEventFinalize,23200,
278,ReplicationProjection,241900,
278,SnapshotHashMetrics,400,
278,EgressPublish,25026300,
279,IngressCapture,6800,
279,DecodeAndCanonicalize,1000,
279,ApplyInputs,260100,
279,ProcessorPlan,49100,
279,CrossWorldPrepare,900,
279,NativeJobBarrier,200,
279,CommitDecision,200,
279,VoxelCommit,1000,
279,EcsCommandBufferCommit,44700,
279,GasAndEventFinalize,13900,
279,ReplicationProjection,204600,
279,SnapshotHashMetrics,400,
279,EgressPublish,21870000,
280,IngressCapture,6000,
280,DecodeAndCanonicalize,200,
280,ApplyInputs,297500,
280,ProcessorPlan,45800,
280,CrossWorldPrepare,1200,
280,NativeJobBarrier,300,
280,CommitDecision,200,
280,VoxelCommit,1000,
280,EcsCommandBufferCommit,46900,
280,GasAndEventFinalize,13800,
280,ReplicationProjection,209100,
280,SnapshotHashMetrics,900,
280,EgressPublish,22081100,
281,IngressCapture,5100,
281,DecodeAndCanonicalize,300,
281,ApplyInputs,216100,
281,ProcessorPlan,41100,
281,CrossWorldPrepare,800,
281,NativeJobBarrier,200,
281,CommitDecision,500,
281,VoxelCommit,1400,
281,EcsCommandBufferCommit,38600,
281,GasAndEventFinalize,12200,
281,ReplicationProjection,178100,
281,SnapshotHashMetrics,200,
281,EgressPublish,20441900,
282,IngressCapture,5800,
282,DecodeAndCanonicalize,200,
282,ApplyInputs,260400,
282,ProcessorPlan,46000,
282,CrossWorldPrepare,900,
282,NativeJobBarrier,100,
282,CommitDecision,300,
282,VoxelCommit,1400,
282,EcsCommandBufferCommit,43100,
282,GasAndEventFinalize,14700,
282,ReplicationProjection,176500,
282,SnapshotHashMetrics,400,
282,EgressPublish,19940700,
283,IngressCapture,5800,
283,DecodeAndCanonicalize,200,
283,ApplyInputs,279200,
283,ProcessorPlan,42100,
283,CrossWorldPrepare,500,
283,NativeJobBarrier,200,
283,CommitDecision,200,
283,VoxelCommit,1700,
283,EcsCommandBufferCommit,47300,
283,GasAndEventFinalize,16700,
283,ReplicationProjection,182600,
283,SnapshotHashMetrics,1100,
283,EgressPublish,17565000,
284,IngressCapture,5000,
284,DecodeAndCanonicalize,200,
284,ApplyInputs,172300,
284,ProcessorPlan,34900,
284,CrossWorldPrepare,400,
284,NativeJobBarrier,300,
284,CommitDecision,400,
284,VoxelCommit,1100,
284,EcsCommandBufferCommit,33200,
284,GasAndEventFinalize,10900,
284,ReplicationProjection,121400,
284,SnapshotHashMetrics,200,
284,EgressPublish,16869700,
285,IngressCapture,5100,
285,DecodeAndCanonicalize,200,
285,ApplyInputs,673900,
285,ProcessorPlan,80500,
285,CrossWorldPrepare,1100,
285,NativeJobBarrier,200,
285,CommitDecision,200,
285,VoxelCommit,1300,
285,EcsCommandBufferCommit,46700,
285,GasAndEventFinalize,49000,
285,ReplicationProjection,204600,
285,SnapshotHashMetrics,700,
285,EgressPublish,21149500,
286,IngressCapture,8200,
286,DecodeAndCanonicalize,400,
286,ApplyInputs,404800,
286,ProcessorPlan,70500,
286,CrossWorldPrepare,800,
286,NativeJobBarrier,400,
286,CommitDecision,300,
286,VoxelCommit,2300,
286,EcsCommandBufferCommit,68700,
286,GasAndEventFinalize,21400,
286,ReplicationProjection,206000,
286,SnapshotHashMetrics,200,
286,EgressPublish,16161700,
287,IngressCapture,3300,
287,DecodeAndCanonicalize,200,
287,ApplyInputs,165000,
287,ProcessorPlan,28100,
287,CrossWorldPrepare,400,
287,NativeJobBarrier,200,
287,CommitDecision,300,
287,VoxelCommit,1000,
287,EcsCommandBufferCommit,44200,
287,GasAndEventFinalize,9800,
287,ReplicationProjection,128900,
287,SnapshotHashMetrics,300,
287,EgressPublish,18560200,
288,IngressCapture,8700,
288,DecodeAndCanonicalize,200,
288,ApplyInputs,1148100,
288,ProcessorPlan,30700,
288,CrossWorldPrepare,500,
288,NativeJobBarrier,300,
288,CommitDecision,200,
288,VoxelCommit,2400,
288,EcsCommandBufferCommit,32200,
288,GasAndEventFinalize,9900,
288,ReplicationProjection,133300,
288,SnapshotHashMetrics,300,
288,EgressPublish,18402100,
289,IngressCapture,4100,
289,DecodeAndCanonicalize,200,
289,ApplyInputs,347900,
289,ProcessorPlan,41900,
289,CrossWorldPrepare,500,
289,NativeJobBarrier,400,
289,CommitDecision,300,
289,VoxelCommit,1300,
289,EcsCommandBufferCommit,37900,
289,GasAndEventFinalize,11800,
289,ReplicationProjection,191100,
289,SnapshotHashMetrics,500,
289,EgressPublish,18996300,
290,IngressCapture,4600,
290,DecodeAndCanonicalize,200,
290,ApplyInputs,144600,
290,ProcessorPlan,27900,
290,CrossWorldPrepare,400,
290,NativeJobBarrier,100,
290,CommitDecision,200,
290,VoxelCommit,600,
290,EcsCommandBufferCommit,29000,
290,GasAndEventFinalize,10100,
290,ReplicationProjection,139200,
290,SnapshotHashMetrics,500,
290,EgressPublish,19962000,
291,IngressCapture,5400,
291,DecodeAndCanonicalize,400,
291,ApplyInputs,229500,
291,ProcessorPlan,34100,
291,CrossWorldPrepare,700,
291,NativeJobBarrier,200,
291,CommitDecision,300,
291,VoxelCommit,800,
291,EcsCommandBufferCommit,40400,
291,GasAndEventFinalize,11600,
291,ReplicationProjection,126500,
291,SnapshotHashMetrics,200,
291,EgressPublish,17238700,
292,IngressCapture,4500,
292,DecodeAndCanonicalize,100,
292,ApplyInputs,197200,
292,ProcessorPlan,30700,
292,CrossWorldPrepare,400,
292,NativeJobBarrier,200,
292,CommitDecision,500,
292,VoxelCommit,700,
292,EcsCommandBufferCommit,34700,
292,GasAndEventFinalize,11400,
292,ReplicationProjection,114400,
292,SnapshotHashMetrics,100,
292,EgressPublish,18652200,
293,IngressCapture,5600,
293,DecodeAndCanonicalize,300,
293,ApplyInputs,516300,
293,ProcessorPlan,84400,
293,CrossWorldPrepare,500,
293,NativeJobBarrier,400,
293,CommitDecision,400,
293,VoxelCommit,1000,
293,EcsCommandBufferCommit,39000,
293,GasAndEventFinalize,46800,
293,ReplicationProjection,199400,
293,SnapshotHashMetrics,600,
293,EgressPublish,18706200,
294,IngressCapture,6300,
294,DecodeAndCanonicalize,300,
294,ApplyInputs,298400,
294,ProcessorPlan,59100,
294,CrossWorldPrepare,1100,
294,NativeJobBarrier,300,
294,CommitDecision,200,
294,VoxelCommit,900,
294,EcsCommandBufferCommit,37400,
294,GasAndEventFinalize,12400,
294,ReplicationProjection,1269500,
294,SnapshotHashMetrics,400,
294,EgressPublish,15798300,
295,IngressCapture,5600,
295,DecodeAndCanonicalize,400,
295,ApplyInputs,243500,
295,ProcessorPlan,46100,
295,CrossWorldPrepare,1100,
295,NativeJobBarrier,200,
295,CommitDecision,500,
295,VoxelCommit,1500,
295,EcsCommandBufferCommit,41800,
295,GasAndEventFinalize,13600,
295,ReplicationProjection,179400,
295,SnapshotHashMetrics,200,
295,EgressPublish,17498800,
296,IngressCapture,6600,
296,DecodeAndCanonicalize,500,
296,ApplyInputs,307400,
296,ProcessorPlan,45900,
296,CrossWorldPrepare,1700,
296,NativeJobBarrier,600,
296,CommitDecision,400,
296,VoxelCommit,1800,
296,EcsCommandBufferCommit,45100,
296,GasAndEventFinalize,16100,
296,ReplicationProjection,184800,
296,SnapshotHashMetrics,400,
296,EgressPublish,17400400,
297,IngressCapture,8300,
297,DecodeAndCanonicalize,100,
297,ApplyInputs,306600,
297,ProcessorPlan,32500,
297,CrossWorldPrepare,1000,
297,NativeJobBarrier,200,
297,CommitDecision,500,
297,VoxelCommit,1100,
297,EcsCommandBufferCommit,63200,
297,GasAndEventFinalize,14700,
297,ReplicationProjection,118600,
297,SnapshotHashMetrics,400,
297,EgressPublish,15298600,
298,IngressCapture,4400,
298,DecodeAndCanonicalize,200,
298,ApplyInputs,154800,
298,ProcessorPlan,31200,
298,CrossWorldPrepare,500,
298,NativeJobBarrier,300,
298,CommitDecision,600,
298,VoxelCommit,1600,
298,EcsCommandBufferCommit,30200,
298,GasAndEventFinalize,10700,
298,ReplicationProjection,122200,
298,SnapshotHashMetrics,200,
298,EgressPublish,17480500,
299,IngressCapture,5000,
299,DecodeAndCanonicalize,900,
299,ApplyInputs,204700,
299,ProcessorPlan,30700,
299,CrossWorldPrepare,600,
299,NativeJobBarrier,300,
299,CommitDecision,300,
299,VoxelCommit,600,
299,EcsCommandBufferCommit,29900,
299,GasAndEventFinalize,8800,
299,ReplicationProjection,111200,
299,SnapshotHashMetrics,200,
299,EgressPublish,16349800,
300,IngressCapture,5400,
300,DecodeAndCanonicalize,100,
300,ApplyInputs,173900,
300,ProcessorPlan,32000,
300,CrossWorldPrepare,800,
300,NativeJobBarrier,200,
300,CommitDecision,500,
300,VoxelCommit,1300,
300,EcsCommandBufferCommit,39300,
300,GasAndEventFinalize,11100,
300,ReplicationProjection,116600,
300,SnapshotHashMetrics,200,
300,EgressPublish,16485200,
301,IngressCapture,5400,
301,DecodeAndCanonicalize,300,
301,ApplyInputs,1022100,
301,ProcessorPlan,110900,
301,CrossWorldPrepare,1200,
301,NativeJobBarrier,200,
301,CommitDecision,200,
301,VoxelCommit,1300,
301,EcsCommandBufferCommit,47000,
301,GasAndEventFinalize,77400,
301,ReplicationProjection,211400,
301,SnapshotHashMetrics,300,
301,EgressPublish,15256300,
302,IngressCapture,7300,
302,DecodeAndCanonicalize,200,
302,ApplyInputs,323200,
302,ProcessorPlan,33600,
302,CrossWorldPrepare,500,
302,NativeJobBarrier,200,
302,CommitDecision,100,
302,VoxelCommit,1100,
302,EcsCommandBufferCommit,32500,
302,GasAndEventFinalize,11800,
302,ReplicationProjection,121100,
302,SnapshotHashMetrics,200,
302,EgressPublish,18883500,
303,IngressCapture,6600,
303,DecodeAndCanonicalize,200,
303,ApplyInputs,240400,
303,ProcessorPlan,50400,
303,CrossWorldPrepare,1400,
303,NativeJobBarrier,500,
303,CommitDecision,600,
303,VoxelCommit,1700,
303,EcsCommandBufferCommit,54700,
303,GasAndEventFinalize,16200,
303,ReplicationProjection,180800,
303,SnapshotHashMetrics,300,
303,EgressPublish,19774800,
304,IngressCapture,6000,
304,DecodeAndCanonicalize,300,
304,ApplyInputs,295800,
304,ProcessorPlan,48900,
304,CrossWorldPrepare,800,
304,NativeJobBarrier,300,
304,CommitDecision,600,
304,VoxelCommit,1600,
304,EcsCommandBufferCommit,69300,
304,GasAndEventFinalize,19800,
304,ReplicationProjection,208900,
304,SnapshotHashMetrics,200,
304,EgressPublish,20340400,
305,IngressCapture,4900,
305,DecodeAndCanonicalize,200,
305,ApplyInputs,216200,
305,ProcessorPlan,43800,
305,CrossWorldPrepare,900,
305,NativeJobBarrier,200,
305,CommitDecision,200,
305,VoxelCommit,2000,
305,EcsCommandBufferCommit,44800,
305,GasAndEventFinalize,17100,
305,ReplicationProjection,177700,
305,SnapshotHashMetrics,600,
305,EgressPublish,21190000,
306,IngressCapture,5300,
306,DecodeAndCanonicalize,200,
306,ApplyInputs,424000,
306,ProcessorPlan,48600,
306,CrossWorldPrepare,400,
306,NativeJobBarrier,500,
306,CommitDecision,200,
306,VoxelCommit,1200,
306,EcsCommandBufferCommit,260700,
306,GasAndEventFinalize,71100,
306,ReplicationProjection,440700,
306,SnapshotHashMetrics,700,
306,EgressPublish,19793200,
307,IngressCapture,5800,
307,DecodeAndCanonicalize,200,
307,ApplyInputs,258300,
307,ProcessorPlan,42500,
307,CrossWorldPrepare,900,
307,NativeJobBarrier,400,
307,CommitDecision,400,
307,VoxelCommit,1000,
307,EcsCommandBufferCommit,47000,
307,GasAndEventFinalize,15400,
307,ReplicationProjection,187800,
307,SnapshotHashMetrics,400,
307,EgressPublish,21987900,
308,IngressCapture,5100,
308,DecodeAndCanonicalize,200,
308,ApplyInputs,259200,
308,ProcessorPlan,65300,
308,CrossWorldPrepare,1800,
308,NativeJobBarrier,200,
308,CommitDecision,300,
308,VoxelCommit,1800,
308,EcsCommandBufferCommit,69800,
308,GasAndEventFinalize,18500,
308,ReplicationProjection,204100,
308,SnapshotHashMetrics,200,
308,EgressPublish,25615600,
309,IngressCapture,6600,
309,DecodeAndCanonicalize,800,
309,ApplyInputs,686400,
309,ProcessorPlan,82800,
309,CrossWorldPrepare,1100,
309,NativeJobBarrier,200,
309,CommitDecision,800,
309,VoxelCommit,1600,
309,EcsCommandBufferCommit,54300,
309,GasAndEventFinalize,52400,
309,ReplicationProjection,195800,
309,SnapshotHashMetrics,200,
309,EgressPublish,21884000,
310,IngressCapture,10800,
310,DecodeAndCanonicalize,500,
310,ApplyInputs,254600,
310,ProcessorPlan,55000,
310,CrossWorldPrepare,800,
310,NativeJobBarrier,200,
310,CommitDecision,1000,
310,VoxelCommit,2700,
310,EcsCommandBufferCommit,59000,
310,GasAndEventFinalize,17200,
310,ReplicationProjection,260800,
310,SnapshotHashMetrics,600,
310,EgressPublish,21604100,
311,IngressCapture,5600,
311,DecodeAndCanonicalize,400,
311,ApplyInputs,287500,
311,ProcessorPlan,47700,
311,CrossWorldPrepare,1500,
311,NativeJobBarrier,500,
311,CommitDecision,200,
311,VoxelCommit,1600,
311,EcsCommandBufferCommit,65300,
311,GasAndEventFinalize,18900,
311,ReplicationProjection,216600,
311,SnapshotHashMetrics,500,
311,EgressPublish,21412200,
312,IngressCapture,5100,
312,DecodeAndCanonicalize,200,
312,ApplyInputs,175600,
312,ProcessorPlan,30100,
312,CrossWorldPrepare,700,
312,NativeJobBarrier,200,
312,CommitDecision,700,
312,VoxelCommit,800,
312,EcsCommandBufferCommit,35900,
312,GasAndEventFinalize,10500,
312,ReplicationProjection,135700,
312,SnapshotHashMetrics,200,
312,EgressPublish,21250800,
313,IngressCapture,5500,
313,DecodeAndCanonicalize,1100,
313,ApplyInputs,313700,
313,ProcessorPlan,49400,
313,CrossWorldPrepare,1900,
313,NativeJobBarrier,600,
313,CommitDecision,600,
313,VoxelCommit,1600,
313,EcsCommandBufferCommit,60000,
313,GasAndEventFinalize,20800,
313,ReplicationProjection,191400,
313,SnapshotHashMetrics,300,
313,EgressPublish,20652500,
314,IngressCapture,5100,
314,DecodeAndCanonicalize,200,
314,ApplyInputs,251700,
314,ProcessorPlan,37200,
314,CrossWorldPrepare,800,
314,NativeJobBarrier,100,
314,CommitDecision,400,
314,VoxelCommit,1300,
314,EcsCommandBufferCommit,47900,
314,GasAndEventFinalize,13900,
314,ReplicationProjection,140100,
314,SnapshotHashMetrics,200,
314,EgressPublish,16627500,
315,IngressCapture,4800,
315,DecodeAndCanonicalize,200,
315,ApplyInputs,215900,
315,ProcessorPlan,46100,
315,CrossWorldPrepare,1000,
315,NativeJobBarrier,600,
315,CommitDecision,300,
315,VoxelCommit,1000,
315,EcsCommandBufferCommit,54200,
315,GasAndEventFinalize,15800,
315,ReplicationProjection,199300,
315,SnapshotHashMetrics,600,
315,EgressPublish,19474700,
316,IngressCapture,4900,
316,DecodeAndCanonicalize,200,
316,ApplyInputs,197900,
316,ProcessorPlan,33100,
316,CrossWorldPrepare,500,
316,NativeJobBarrier,100,
316,CommitDecision,300,
316,VoxelCommit,1700,
316,EcsCommandBufferCommit,38000,
316,GasAndEventFinalize,13300,
316,ReplicationProjection,127100,
316,SnapshotHashMetrics,200,
316,EgressPublish,21521800,
317,IngressCapture,4100,
317,DecodeAndCanonicalize,200,
317,ApplyInputs,614300,
317,ProcessorPlan,45400,
317,CrossWorldPrepare,800,
317,NativeJobBarrier,200,
317,CommitDecision,200,
317,VoxelCommit,900,
317,EcsCommandBufferCommit,33800,
317,GasAndEventFinalize,33600,
317,ReplicationProjection,132700,
317,SnapshotHashMetrics,200,
317,EgressPublish,17130900,
318,IngressCapture,6800,
318,DecodeAndCanonicalize,300,
318,ApplyInputs,244200,
318,ProcessorPlan,51300,
318,CrossWorldPrepare,1500,
318,NativeJobBarrier,400,
318,CommitDecision,300,
318,VoxelCommit,2000,
318,EcsCommandBufferCommit,52900,
318,GasAndEventFinalize,16300,
318,ReplicationProjection,157500,
318,SnapshotHashMetrics,300,
318,EgressPublish,20611400,
319,IngressCapture,4100,
319,DecodeAndCanonicalize,200,
319,ApplyInputs,249300,
319,ProcessorPlan,47200,
319,CrossWorldPrepare,900,
319,NativeJobBarrier,200,
319,CommitDecision,400,
319,VoxelCommit,900,
319,EcsCommandBufferCommit,55200,
319,GasAndEventFinalize,19300,
319,ReplicationProjection,203600,
319,SnapshotHashMetrics,500,
319,EgressPublish,23353000,
320,IngressCapture,11600,
320,DecodeAndCanonicalize,200,
320,ApplyInputs,368600,
320,ProcessorPlan,49800,
320,CrossWorldPrepare,1100,
320,NativeJobBarrier,200,
320,CommitDecision,700,
320,VoxelCommit,1200,
320,EcsCommandBufferCommit,51500,
320,GasAndEventFinalize,17600,
320,ReplicationProjection,209500,
320,SnapshotHashMetrics,400,
320,EgressPublish,22233500,
321,IngressCapture,6800,
321,DecodeAndCanonicalize,100,
321,ApplyInputs,184100,
321,ProcessorPlan,30300,
321,CrossWorldPrepare,400,
321,NativeJobBarrier,200,
321,CommitDecision,100,
321,VoxelCommit,800,
321,EcsCommandBufferCommit,34600,
321,GasAndEventFinalize,11400,
321,ReplicationProjection,123900,
321,SnapshotHashMetrics,200,
321,EgressPublish,18065700,
322,IngressCapture,8300,
322,DecodeAndCanonicalize,500,
322,ApplyInputs,403100,
322,ProcessorPlan,68500,
322,CrossWorldPrepare,1800,
322,NativeJobBarrier,200,
322,CommitDecision,1500,
322,VoxelCommit,1200,
322,EcsCommandBufferCommit,52200,
322,GasAndEventFinalize,18100,
322,ReplicationProjection,182500,
322,SnapshotHashMetrics,200,
322,EgressPublish,17265600,
323,IngressCapture,4300,
323,DecodeAndCanonicalize,200,
323,ApplyInputs,166100,
323,ProcessorPlan,34800,
323,CrossWorldPrepare,1100,
323,NativeJobBarrier,200,
323,CommitDecision,500,
323,VoxelCommit,700,
323,EcsCommandBufferCommit,38700,
323,GasAndEventFinalize,12400,
323,ReplicationProjection,123600,
323,SnapshotHashMetrics,100,
323,EgressPublish,17445800,
324,IngressCapture,4300,
324,DecodeAndCanonicalize,200,
324,ApplyInputs,191900,
324,ProcessorPlan,34500,
324,CrossWorldPrepare,700,
324,NativeJobBarrier,500,
324,CommitDecision,300,
324,VoxelCommit,1100,
324,EcsCommandBufferCommit,40900,
324,GasAndEventFinalize,10600,
324,ReplicationProjection,136200,
324,SnapshotHashMetrics,500,
324,EgressPublish,16897000,
325,IngressCapture,3900,
325,DecodeAndCanonicalize,200,
325,ApplyInputs,203500,
325,ProcessorPlan,48100,
325,CrossWorldPrepare,700,
325,NativeJobBarrier,200,
325,CommitDecision,200,
325,VoxelCommit,1200,
325,EcsCommandBufferCommit,41000,
325,GasAndEventFinalize,13700,
325,ReplicationProjection,176700,
325,SnapshotHashMetrics,400,
325,EgressPublish,19618500,
326,IngressCapture,5800,
326,DecodeAndCanonicalize,200,
326,ApplyInputs,752100,
326,ProcessorPlan,42400,
326,CrossWorldPrepare,600,
326,NativeJobBarrier,300,
326,CommitDecision,500,
326,VoxelCommit,1400,
326,EcsCommandBufferCommit,39000,
326,GasAndEventFinalize,42200,
326,ReplicationProjection,197700,
326,SnapshotHashMetrics,500,
326,EgressPublish,17452000,
327,IngressCapture,4200,
327,DecodeAndCanonicalize,300,
327,ApplyInputs,280300,
327,ProcessorPlan,47000,
327,CrossWorldPrepare,3800,
327,NativeJobBarrier,300,
327,CommitDecision,300,
327,VoxelCommit,1400,
327,EcsCommandBufferCommit,47600,
327,GasAndEventFinalize,12800,
327,ReplicationProjection,237200,
327,SnapshotHashMetrics,400,
327,EgressPublish,18323500,
328,IngressCapture,7300,
328,DecodeAndCanonicalize,200,
328,ApplyInputs,261900,
328,ProcessorPlan,58000,
328,CrossWorldPrepare,800,
328,NativeJobBarrier,300,
328,CommitDecision,400,
328,VoxelCommit,1300,
328,EcsCommandBufferCommit,75400,
328,GasAndEventFinalize,17400,
328,ReplicationProjection,219000,
328,SnapshotHashMetrics,600,
328,EgressPublish,19750100,
329,IngressCapture,5700,
329,DecodeAndCanonicalize,200,
329,ApplyInputs,262200,
329,ProcessorPlan,43800,
329,CrossWorldPrepare,1100,
329,NativeJobBarrier,200,
329,CommitDecision,400,
329,VoxelCommit,1800,
329,EcsCommandBufferCommit,49300,
329,GasAndEventFinalize,15500,
329,ReplicationProjection,177100,
329,SnapshotHashMetrics,300,
329,EgressPublish,15608200,
330,IngressCapture,7100,
330,DecodeAndCanonicalize,200,
330,ApplyInputs,227400,
330,ProcessorPlan,48500,
330,CrossWorldPrepare,600,
330,NativeJobBarrier,200,
330,CommitDecision,600,
330,VoxelCommit,1500,
330,EcsCommandBufferCommit,47600,
330,GasAndEventFinalize,14300,
330,ReplicationProjection,197900,
330,SnapshotHashMetrics,300,
330,EgressPublish,20773400,
331,IngressCapture,4100,
331,DecodeAndCanonicalize,200,
331,ApplyInputs,185700,
331,ProcessorPlan,38900,
331,CrossWorldPrepare,700,
331,NativeJobBarrier,300,
331,CommitDecision,300,
331,VoxelCommit,700,
331,EcsCommandBufferCommit,44800,
331,GasAndEventFinalize,13300,
331,ReplicationProjection,138000,
331,SnapshotHashMetrics,100,
331,EgressPublish,15083900,
332,IngressCapture,5100,
332,DecodeAndCanonicalize,200,
332,ApplyInputs,238200,
332,ProcessorPlan,48300,
332,CrossWorldPrepare,500,
332,NativeJobBarrier,200,
332,CommitDecision,300,
332,VoxelCommit,800,
332,EcsCommandBufferCommit,40700,
332,GasAndEventFinalize,14300,
332,ReplicationProjection,202300,
332,SnapshotHashMetrics,200,
332,EgressPublish,14910500,
333,IngressCapture,5400,
333,DecodeAndCanonicalize,200,
333,ApplyInputs,241700,
333,ProcessorPlan,50400,
333,CrossWorldPrepare,1000,
333,NativeJobBarrier,500,
333,CommitDecision,600,
333,VoxelCommit,1600,
333,EcsCommandBufferCommit,60100,
333,GasAndEventFinalize,21300,
333,ReplicationProjection,190600,
333,SnapshotHashMetrics,200,
333,EgressPublish,16335100,
334,IngressCapture,8500,
334,DecodeAndCanonicalize,400,
334,ApplyInputs,642300,
334,ProcessorPlan,37500,
334,CrossWorldPrepare,1100,
334,NativeJobBarrier,400,
334,CommitDecision,200,
334,VoxelCommit,1400,
334,EcsCommandBufferCommit,38300,
334,GasAndEventFinalize,33500,
334,ReplicationProjection,175000,
334,SnapshotHashMetrics,300,
334,EgressPublish,14470900,
335,IngressCapture,10000,
335,DecodeAndCanonicalize,100,
335,ApplyInputs,129000,
335,ProcessorPlan,25300,
335,CrossWorldPrepare,600,
335,NativeJobBarrier,300,
335,CommitDecision,100,
335,VoxelCommit,1100,
335,EcsCommandBufferCommit,29600,
335,GasAndEventFinalize,7700,
335,ReplicationProjection,104400,
335,SnapshotHashMetrics,200,
335,EgressPublish,14238700,
336,IngressCapture,3800,
336,DecodeAndCanonicalize,300,
336,ApplyInputs,275800,
336,ProcessorPlan,47400,
336,CrossWorldPrepare,1100,
336,NativeJobBarrier,100,
336,CommitDecision,300,
336,VoxelCommit,2300,
336,EcsCommandBufferCommit,47400,
336,GasAndEventFinalize,16500,
336,ReplicationProjection,194500,
336,SnapshotHashMetrics,300,
336,EgressPublish,16241600,
337,IngressCapture,3500,
337,DecodeAndCanonicalize,200,
337,ApplyInputs,273200,
337,ProcessorPlan,40900,
337,CrossWorldPrepare,700,
337,NativeJobBarrier,200,
337,CommitDecision,200,
337,VoxelCommit,900,
337,EcsCommandBufferCommit,32800,
337,GasAndEventFinalize,11000,
337,ReplicationProjection,166000,
337,SnapshotHashMetrics,700,
337,EgressPublish,10870400,
338,IngressCapture,7000,
338,DecodeAndCanonicalize,300,
338,ApplyInputs,232600,
338,ProcessorPlan,41300,
338,CrossWorldPrepare,500,
338,NativeJobBarrier,100,
338,CommitDecision,300,
338,VoxelCommit,800,
338,EcsCommandBufferCommit,46700,
338,GasAndEventFinalize,15100,
338,ReplicationProjection,169500,
338,SnapshotHashMetrics,400,
338,EgressPublish,16249000,
339,IngressCapture,5000,
339,DecodeAndCanonicalize,300,
339,ApplyInputs,277500,
339,ProcessorPlan,31900,
339,CrossWorldPrepare,400,
339,NativeJobBarrier,400,
339,CommitDecision,100,
339,VoxelCommit,900,
339,EcsCommandBufferCommit,35100,
339,GasAndEventFinalize,12100,
339,ReplicationProjection,122600,
339,SnapshotHashMetrics,200,
339,EgressPublish,14024900,
340,IngressCapture,4100,
340,DecodeAndCanonicalize,100,
340,ApplyInputs,156000,
340,ProcessorPlan,27900,
340,CrossWorldPrepare,400,
340,NativeJobBarrier,300,
340,CommitDecision,300,
340,VoxelCommit,700,
340,EcsCommandBufferCommit,27700,
340,GasAndEventFinalize,10800,
340,ReplicationProjection,103900,
340,SnapshotHashMetrics,100,
340,EgressPublish,12970600,
341,IngressCapture,5200,
341,DecodeAndCanonicalize,200,
341,ApplyInputs,224900,
341,ProcessorPlan,44100,
341,CrossWorldPrepare,600,
341,NativeJobBarrier,200,
341,CommitDecision,600,
341,VoxelCommit,1600,
341,EcsCommandBufferCommit,49400,
341,GasAndEventFinalize,14500,
341,ReplicationProjection,150100,
341,SnapshotHashMetrics,600,
341,EgressPublish,15640700,
342,IngressCapture,3200,
342,DecodeAndCanonicalize,200,
342,ApplyInputs,413700,
342,ProcessorPlan,28700,
342,CrossWorldPrepare,600,
342,NativeJobBarrier,500,
342,CommitDecision,100,
342,VoxelCommit,1200,
342,EcsCommandBufferCommit,30700,
342,GasAndEventFinalize,54600,
342,ReplicationProjection,116600,
342,SnapshotHashMetrics,200,
342,EgressPublish,13254400,
343,IngressCapture,4400,
343,DecodeAndCanonicalize,600,
343,ApplyInputs,202200,
343,ProcessorPlan,43600,
343,CrossWorldPrepare,700,
343,NativeJobBarrier,300,
343,CommitDecision,400,
343,VoxelCommit,1200,
343,EcsCommandBufferCommit,40500,
343,GasAndEventFinalize,13100,
343,ReplicationProjection,158500,
343,SnapshotHashMetrics,200,
343,EgressPublish,14191000,
344,IngressCapture,3800,
344,DecodeAndCanonicalize,300,
344,ApplyInputs,225200,
344,ProcessorPlan,39000,
344,CrossWorldPrepare,1000,
344,NativeJobBarrier,500,
344,CommitDecision,300,
344,VoxelCommit,1600,
344,EcsCommandBufferCommit,38900,
344,GasAndEventFinalize,11400,
344,ReplicationProjection,174800,
344,SnapshotHashMetrics,400,
344,EgressPublish,16628000,
345,IngressCapture,3300,
345,DecodeAndCanonicalize,100,
345,ApplyInputs,181900,
345,ProcessorPlan,30000,
345,CrossWorldPrepare,600,
345,NativeJobBarrier,100,
345,CommitDecision,400,
345,VoxelCommit,900,
345,EcsCommandBufferCommit,31300,
345,GasAndEventFinalize,11900,
345,ReplicationProjection,105500,
345,SnapshotHashMetrics,200,
345,EgressPublish,15354500,
346,IngressCapture,6900,
346,DecodeAndCanonicalize,200,
346,ApplyInputs,243900,
346,ProcessorPlan,50800,
346,CrossWorldPrepare,800,
346,NativeJobBarrier,400,
346,CommitDecision,600,
346,VoxelCommit,1900,
346,EcsCommandBufferCommit,45400,
346,GasAndEventFinalize,15800,
346,ReplicationProjection,176200,
346,SnapshotHashMetrics,300,
346,EgressPublish,17914000,
347,IngressCapture,3600,
347,DecodeAndCanonicalize,100,
347,ApplyInputs,165300,
347,ProcessorPlan,28400,
347,CrossWorldPrepare,800,
347,NativeJobBarrier,200,
347,CommitDecision,200,
347,VoxelCommit,800,
347,EcsCommandBufferCommit,30900,
347,GasAndEventFinalize,10400,
347,ReplicationProjection,104700,
347,SnapshotHashMetrics,300,
347,EgressPublish,14289400,
348,IngressCapture,5600,
348,DecodeAndCanonicalize,300,
348,ApplyInputs,350900,
348,ProcessorPlan,43400,
348,CrossWorldPrepare,600,
348,NativeJobBarrier,200,
348,CommitDecision,200,
348,VoxelCommit,1600,
348,EcsCommandBufferCommit,246600,
348,GasAndEventFinalize,42100,
348,ReplicationProjection,375100,
348,SnapshotHashMetrics,800,
348,EgressPublish,15380000,
349,IngressCapture,5100,
349,DecodeAndCanonicalize,100,
349,ApplyInputs,243600,
349,ProcessorPlan,42500,
349,CrossWorldPrepare,1000,
349,NativeJobBarrier,300,
349,CommitDecision,200,
349,VoxelCommit,1100,
349,EcsCommandBufferCommit,42500,
349,GasAndEventFinalize,17400,
349,ReplicationProjection,179700,
349,SnapshotHashMetrics,200,
349,EgressPublish,15367900,
350,IngressCapture,6800,
350,DecodeAndCanonicalize,200,
350,ApplyInputs,614900,
350,ProcessorPlan,37700,
350,CrossWorldPrepare,800,
350,NativeJobBarrier,200,
350,CommitDecision,200,
350,VoxelCommit,1800,
350,EcsCommandBufferCommit,40000,
350,GasAndEventFinalize,42600,
350,ReplicationProjection,180100,
350,SnapshotHashMetrics,200,
350,EgressPublish,15732500,
351,IngressCapture,4800,
351,DecodeAndCanonicalize,300,
351,ApplyInputs,239000,
351,ProcessorPlan,41600,
351,CrossWorldPrepare,600,
351,NativeJobBarrier,500,
351,CommitDecision,400,
351,VoxelCommit,1400,
351,EcsCommandBufferCommit,47700,
351,GasAndEventFinalize,16100,
351,ReplicationProjection,176900,
351,SnapshotHashMetrics,400,
351,EgressPublish,16955300,
352,IngressCapture,4600,
352,DecodeAndCanonicalize,200,
352,ApplyInputs,184300,
352,ProcessorPlan,36300,
352,CrossWorldPrepare,800,
352,NativeJobBarrier,300,
352,CommitDecision,400,
352,VoxelCommit,700,
352,EcsCommandBufferCommit,40000,
352,GasAndEventFinalize,12000,
352,ReplicationProjection,158300,
352,SnapshotHashMetrics,300,
352,EgressPublish,17550500,
353,IngressCapture,6000,
353,DecodeAndCanonicalize,200,
353,ApplyInputs,291600,
353,ProcessorPlan,46700,
353,CrossWorldPrepare,1300,
353,NativeJobBarrier,600,
353,CommitDecision,200,
353,VoxelCommit,1100,
353,EcsCommandBufferCommit,48500,
353,GasAndEventFinalize,17900,
353,ReplicationProjection,203600,
353,SnapshotHashMetrics,200,
353,EgressPublish,17291200,
354,IngressCapture,4800,
354,DecodeAndCanonicalize,300,
354,ApplyInputs,243200,
354,ProcessorPlan,42800,
354,CrossWorldPrepare,700,
354,NativeJobBarrier,400,
354,CommitDecision,400,
354,VoxelCommit,1300,
354,EcsCommandBufferCommit,49800,
354,GasAndEventFinalize,16600,
354,ReplicationProjection,164800,
354,SnapshotHashMetrics,300,
354,EgressPublish,17593900,
355,IngressCapture,3500,
355,DecodeAndCanonicalize,300,
355,ApplyInputs,267100,
355,ProcessorPlan,41600,
355,CrossWorldPrepare,600,
355,NativeJobBarrier,200,
355,CommitDecision,200,
355,VoxelCommit,2100,
355,EcsCommandBufferCommit,42600,
355,GasAndEventFinalize,15200,
355,ReplicationProjection,170800,
355,SnapshotHashMetrics,200,
355,EgressPublish,15508500,
356,IngressCapture,3600,
356,DecodeAndCanonicalize,200,
356,ApplyInputs,144700,
356,ProcessorPlan,27000,
356,CrossWorldPrepare,600,
356,NativeJobBarrier,300,
356,CommitDecision,200,
356,VoxelCommit,700,
356,EcsCommandBufferCommit,28700,
356,GasAndEventFinalize,10200,
356,ReplicationProjection,103900,
356,SnapshotHashMetrics,200,
356,EgressPublish,13866900,
357,IngressCapture,4700,
357,DecodeAndCanonicalize,200,
357,ApplyInputs,492600,
357,ProcessorPlan,81500,
357,CrossWorldPrepare,900,
357,NativeJobBarrier,200,
357,CommitDecision,400,
357,VoxelCommit,1000,
357,EcsCommandBufferCommit,43000,
357,GasAndEventFinalize,39400,
357,ReplicationProjection,177700,
357,SnapshotHashMetrics,200,
357,EgressPublish,16861900,
358,IngressCapture,3600,
358,DecodeAndCanonicalize,300,
358,ApplyInputs,268400,
358,ProcessorPlan,40500,
358,CrossWorldPrepare,400,
358,NativeJobBarrier,200,
358,CommitDecision,200,
358,VoxelCommit,700,
358,EcsCommandBufferCommit,37700,
358,GasAndEventFinalize,12400,
358,ReplicationProjection,172100,
358,SnapshotHashMetrics,300,
358,EgressPublish,13150100,
359,IngressCapture,4500,
359,DecodeAndCanonicalize,100,
359,ApplyInputs,166700,
359,ProcessorPlan,27400,
359,CrossWorldPrepare,300,
359,NativeJobBarrier,300,
359,CommitDecision,400,
359,VoxelCommit,800,
359,EcsCommandBufferCommit,32600,
359,GasAndEventFinalize,20600,
359,ReplicationProjection,114500,
359,SnapshotHashMetrics,100,
359,EgressPublish,14331500,
360,IngressCapture,4100,
360,DecodeAndCanonicalize,300,
360,ApplyInputs,215600,
360,ProcessorPlan,37000,
360,CrossWorldPrepare,600,
360,NativeJobBarrier,200,
360,CommitDecision,200,
360,VoxelCommit,700,
360,EcsCommandBufferCommit,38300,
360,GasAndEventFinalize,14100,
360,ReplicationProjection,166100,
360,SnapshotHashMetrics,300,
360,EgressPublish,12665500,
361,IngressCapture,5900,
361,DecodeAndCanonicalize,300,
361,ApplyInputs,237500,
361,ProcessorPlan,42700,
361,CrossWorldPrepare,800,
361,NativeJobBarrier,200,
361,CommitDecision,300,
361,VoxelCommit,900,
361,EcsCommandBufferCommit,46400,
361,GasAndEventFinalize,17300,
361,ReplicationProjection,188200,
361,SnapshotHashMetrics,400,
361,EgressPublish,16730800,
362,IngressCapture,3500,
362,DecodeAndCanonicalize,200,
362,ApplyInputs,231900,
362,ProcessorPlan,37900,
362,CrossWorldPrepare,600,
362,NativeJobBarrier,200,
362,CommitDecision,200,
362,VoxelCommit,800,
362,EcsCommandBufferCommit,37700,
362,GasAndEventFinalize,14500,
362,ReplicationProjection,169000,
362,SnapshotHashMetrics,300,
362,EgressPublish,11732800,
363,IngressCapture,6800,
363,DecodeAndCanonicalize,400,
363,ApplyInputs,351600,
363,ProcessorPlan,42100,
363,CrossWorldPrepare,900,
363,NativeJobBarrier,200,
363,CommitDecision,400,
363,VoxelCommit,800,
363,EcsCommandBufferCommit,42000,
363,GasAndEventFinalize,14900,
363,ReplicationProjection,157200,
363,SnapshotHashMetrics,900,
363,EgressPublish,14934300,
364,IngressCapture,4700,
364,DecodeAndCanonicalize,200,
364,ApplyInputs,239900,
364,ProcessorPlan,42200,
364,CrossWorldPrepare,500,
364,NativeJobBarrier,200,
364,CommitDecision,200,
364,VoxelCommit,800,
364,EcsCommandBufferCommit,45000,
364,GasAndEventFinalize,14600,
364,ReplicationProjection,170000,
364,SnapshotHashMetrics,200,
364,EgressPublish,11882900,
365,IngressCapture,4900,
365,DecodeAndCanonicalize,200,
365,ApplyInputs,632500,
365,ProcessorPlan,36400,
365,CrossWorldPrepare,700,
365,NativeJobBarrier,400,
365,CommitDecision,200,
365,VoxelCommit,900,
365,EcsCommandBufferCommit,38600,
365,GasAndEventFinalize,37800,
365,ReplicationProjection,156600,
365,SnapshotHashMetrics,200,
365,EgressPublish,13096400,
366,IngressCapture,4400,
366,DecodeAndCanonicalize,100,
366,ApplyInputs,148900,
366,ProcessorPlan,28300,
366,CrossWorldPrepare,400,
366,NativeJobBarrier,200,
366,CommitDecision,400,
366,VoxelCommit,1400,
366,EcsCommandBufferCommit,29400,
366,GasAndEventFinalize,10000,
366,ReplicationProjection,94200,
366,SnapshotHashMetrics,200,
366,EgressPublish,11617000,
367,IngressCapture,4100,
367,DecodeAndCanonicalize,100,
367,ApplyInputs,171600,
367,ProcessorPlan,28500,
367,CrossWorldPrepare,900,
367,NativeJobBarrier,100,
367,CommitDecision,200,
367,VoxelCommit,600,
367,EcsCommandBufferCommit,30400,
367,GasAndEventFinalize,12700,
367,ReplicationProjection,113200,
367,SnapshotHashMetrics,200,
367,EgressPublish,11127000,
368,IngressCapture,2800,
368,DecodeAndCanonicalize,200,
368,ApplyInputs,127500,
368,ProcessorPlan,25400,
368,CrossWorldPrepare,500,
368,NativeJobBarrier,200,
368,CommitDecision,200,
368,VoxelCommit,500,
368,EcsCommandBufferCommit,27800,
368,GasAndEventFinalize,9200,
368,ReplicationProjection,98100,
368,SnapshotHashMetrics,200,
368,EgressPublish,11541400,
369,IngressCapture,4000,
369,DecodeAndCanonicalize,100,
369,ApplyInputs,184400,
369,ProcessorPlan,29000,
369,CrossWorldPrepare,400,
369,NativeJobBarrier,200,
369,CommitDecision,300,
369,VoxelCommit,800,
369,EcsCommandBufferCommit,26300,
369,GasAndEventFinalize,9300,
369,ReplicationProjection,89800,
369,SnapshotHashMetrics,100,
369,EgressPublish,12165100,
370,IngressCapture,4000,
370,DecodeAndCanonicalize,200,
370,ApplyInputs,233300,
370,ProcessorPlan,39100,
370,CrossWorldPrepare,600,
370,NativeJobBarrier,200,
370,CommitDecision,200,
370,VoxelCommit,1100,
370,EcsCommandBufferCommit,37300,
370,GasAndEventFinalize,13900,
370,ReplicationProjection,146900,
370,SnapshotHashMetrics,200,
370,EgressPublish,11199300,
371,IngressCapture,2500,
371,DecodeAndCanonicalize,100,
371,ApplyInputs,128300,
371,ProcessorPlan,23400,
371,CrossWorldPrepare,500,
371,NativeJobBarrier,100,
371,CommitDecision,200,
371,VoxelCommit,1000,
371,EcsCommandBufferCommit,22400,
371,GasAndEventFinalize,7300,
371,ReplicationProjection,88100,
371,SnapshotHashMetrics,100,
371,EgressPublish,10569500,
372,IngressCapture,6100,
372,DecodeAndCanonicalize,300,
372,ApplyInputs,240600,
372,ProcessorPlan,39300,
372,CrossWorldPrepare,500,
372,NativeJobBarrier,400,
372,CommitDecision,300,
372,VoxelCommit,1500,
372,EcsCommandBufferCommit,43300,
372,GasAndEventFinalize,15700,
372,ReplicationProjection,153600,
372,SnapshotHashMetrics,200,
372,EgressPublish,13590100,
373,IngressCapture,2500,
373,DecodeAndCanonicalize,200,
373,ApplyInputs,417200,
373,ProcessorPlan,26200,
373,CrossWorldPrepare,400,
373,NativeJobBarrier,300,
373,CommitDecision,100,
373,VoxelCommit,600,
373,EcsCommandBufferCommit,22300,
373,GasAndEventFinalize,27100,
373,ReplicationProjection,98000,
373,SnapshotHashMetrics,200,
373,EgressPublish,10421800,
374,IngressCapture,3300,
374,DecodeAndCanonicalize,200,
374,ApplyInputs,128000,
374,ProcessorPlan,36700,
374,CrossWorldPrepare,400,
374,NativeJobBarrier,200,
374,CommitDecision,200,
374,VoxelCommit,700,
374,EcsCommandBufferCommit,23100,
374,GasAndEventFinalize,8000,
374,ReplicationProjection,90000,
374,SnapshotHashMetrics,200,
374,EgressPublish,9370900,
375,IngressCapture,4000,
375,DecodeAndCanonicalize,200,
375,ApplyInputs,217000,
375,ProcessorPlan,32000,
375,CrossWorldPrepare,600,
375,NativeJobBarrier,200,
375,CommitDecision,200,
375,VoxelCommit,700,
375,EcsCommandBufferCommit,26600,
375,GasAndEventFinalize,9300,
375,ReplicationProjection,631800,
375,SnapshotHashMetrics,400,
375,EgressPublish,9522100,
376,IngressCapture,3900,
376,DecodeAndCanonicalize,200,
376,ApplyInputs,125200,
376,ProcessorPlan,27000,
376,CrossWorldPrepare,600,
376,NativeJobBarrier,100,
376,CommitDecision,400,
376,VoxelCommit,800,
376,EcsCommandBufferCommit,23700,
376,GasAndEventFinalize,9300,
376,ReplicationProjection,91600,
376,SnapshotHashMetrics,200,
376,EgressPublish,9387100,
377,IngressCapture,3300,
377,DecodeAndCanonicalize,100,
377,ApplyInputs,145700,
377,ProcessorPlan,25600,
377,CrossWorldPrepare,600,
377,NativeJobBarrier,200,
377,CommitDecision,100,
377,VoxelCommit,500,
377,EcsCommandBufferCommit,25600,
377,GasAndEventFinalize,8000,
377,ReplicationProjection,90900,
377,SnapshotHashMetrics,200,
377,EgressPublish,9183700,
378,IngressCapture,3000,
378,DecodeAndCanonicalize,200,
378,ApplyInputs,150200,
378,ProcessorPlan,26100,
378,CrossWorldPrepare,600,
378,NativeJobBarrier,100,
378,CommitDecision,200,
378,VoxelCommit,800,
378,EcsCommandBufferCommit,27100,
378,GasAndEventFinalize,9600,
378,ReplicationProjection,93300,
378,SnapshotHashMetrics,200,
378,EgressPublish,9852000,
379,IngressCapture,3800,
379,DecodeAndCanonicalize,100,
379,ApplyInputs,158300,
379,ProcessorPlan,28500,
379,CrossWorldPrepare,400,
379,NativeJobBarrier,200,
379,CommitDecision,100,
379,VoxelCommit,600,
379,EcsCommandBufferCommit,25500,
379,GasAndEventFinalize,10000,
379,ReplicationProjection,146800,
379,SnapshotHashMetrics,300,
379,EgressPublish,10082000,
380,IngressCapture,3600,
380,DecodeAndCanonicalize,200,
380,ApplyInputs,460000,
380,ProcessorPlan,38800,
380,CrossWorldPrepare,400,
380,NativeJobBarrier,100,
380,CommitDecision,200,
380,VoxelCommit,500,
380,EcsCommandBufferCommit,19100,
380,GasAndEventFinalize,21500,
380,ReplicationProjection,88500,
380,SnapshotHashMetrics,200,
380,EgressPublish,8799800,
381,IngressCapture,5100,
381,DecodeAndCanonicalize,200,
381,ApplyInputs,224300,
381,ProcessorPlan,32200,
381,CrossWorldPrepare,500,
381,NativeJobBarrier,200,
381,CommitDecision,200,
381,VoxelCommit,700,
381,EcsCommandBufferCommit,26900,
381,GasAndEventFinalize,9600,
381,ReplicationProjection,111500,
381,SnapshotHashMetrics,300,
381,EgressPublish,8287400,
382,IngressCapture,3900,
382,DecodeAndCanonicalize,200,
382,ApplyInputs,370700,
382,ProcessorPlan,44700,
382,CrossWorldPrepare,400,
382,NativeJobBarrier,200,
382,CommitDecision,600,
382,VoxelCommit,800,
382,EcsCommandBufferCommit,248600,
382,GasAndEventFinalize,48500,
382,ReplicationProjection,440900,
382,SnapshotHashMetrics,700,
382,EgressPublish,12576900,
383,IngressCapture,3000,
383,DecodeAndCanonicalize,200,
383,ApplyInputs,117600,
383,ProcessorPlan,23400,
383,CrossWorldPrepare,500,
383,NativeJobBarrier,200,
383,CommitDecision,200,
383,VoxelCommit,1000,
383,EcsCommandBufferCommit,24800,
383,GasAndEventFinalize,8300,
383,ReplicationProjection,96700,
383,SnapshotHashMetrics,200,
383,EgressPublish,10779700,
384,IngressCapture,4000,
384,DecodeAndCanonicalize,200,
384,ApplyInputs,227300,
384,ProcessorPlan,39100,
384,CrossWorldPrepare,600,
384,NativeJobBarrier,200,
384,CommitDecision,300,
384,VoxelCommit,1300,
384,EcsCommandBufferCommit,37800,
384,GasAndEventFinalize,13200,
384,ReplicationProjection,164300,
384,SnapshotHashMetrics,200,
384,EgressPublish,13153800,
385,IngressCapture,4200,
385,DecodeAndCanonicalize,100,
385,ApplyInputs,180500,
385,ProcessorPlan,29000,
385,CrossWorldPrepare,600,
385,NativeJobBarrier,100,
385,CommitDecision,300,
385,VoxelCommit,1200,
385,EcsCommandBufferCommit,33700,
385,GasAndEventFinalize,12200,
385,ReplicationProjection,102500,
385,SnapshotHashMetrics,200,
385,EgressPublish,12100400,
386,IngressCapture,4300,
386,DecodeAndCanonicalize,200,
386,ApplyInputs,134900,
386,ProcessorPlan,28100,
386,CrossWorldPrepare,800,
386,NativeJobBarrier,200,
386,CommitDecision,100,
386,VoxelCommit,1600,
386,EcsCommandBufferCommit,37300,
386,GasAndEventFinalize,11400,
386,ReplicationProjection,100600,
386,SnapshotHashMetrics,100,
386,EgressPublish,11805600,
387,IngressCapture,5000,
387,DecodeAndCanonicalize,100,
387,ApplyInputs,276600,
387,ProcessorPlan,46100,
387,CrossWorldPrepare,1000,
387,NativeJobBarrier,300,
387,CommitDecision,200,
387,VoxelCommit,2000,
387,EcsCommandBufferCommit,50600,
387,GasAndEventFinalize,15200,
387,ReplicationProjection,104800,
387,SnapshotHashMetrics,300,
387,EgressPublish,16446100,
388,IngressCapture,4100,
388,DecodeAndCanonicalize,100,
388,ApplyInputs,510400,
388,ProcessorPlan,58700,
388,CrossWorldPrepare,600,
388,NativeJobBarrier,200,
388,CommitDecision,200,
388,VoxelCommit,1200,
388,EcsCommandBufferCommit,196600,
388,GasAndEventFinalize,48600,
388,ReplicationProjection,283400,
388,SnapshotHashMetrics,400,
388,EgressPublish,13953500,
389,IngressCapture,4500,
389,DecodeAndCanonicalize,200,
389,ApplyInputs,168900,
389,ProcessorPlan,27200,
389,CrossWorldPrepare,500,
389,NativeJobBarrier,300,
389,CommitDecision,100,
389,VoxelCommit,600,
389,EcsCommandBufferCommit,34800,
389,GasAndEventFinalize,11200,
389,ReplicationProjection,98000,
389,SnapshotHashMetrics,300,
389,EgressPublish,14048000,
390,IngressCapture,3500,
390,DecodeAndCanonicalize,100,
390,ApplyInputs,180600,
390,ProcessorPlan,27800,
390,CrossWorldPrepare,700,
390,NativeJobBarrier,300,
390,CommitDecision,200,
390,VoxelCommit,600,
390,EcsCommandBufferCommit,41200,
390,GasAndEventFinalize,14100,
390,ReplicationProjection,113000,
390,SnapshotHashMetrics,100,
390,EgressPublish,12770000,
391,IngressCapture,4900,
391,DecodeAndCanonicalize,100,
391,ApplyInputs,197700,
391,ProcessorPlan,28100,
391,CrossWorldPrepare,400,
391,NativeJobBarrier,100,
391,CommitDecision,300,
391,VoxelCommit,1100,
391,EcsCommandBufferCommit,39400,
391,GasAndEventFinalize,12600,
391,ReplicationProjection,100800,
391,SnapshotHashMetrics,100,
391,EgressPublish,11563100,
392,IngressCapture,4400,
392,DecodeAndCanonicalize,200,
392,ApplyInputs,164700,
392,ProcessorPlan,27600,
392,CrossWorldPrepare,500,
392,NativeJobBarrier,200,
392,CommitDecision,200,
392,VoxelCommit,700,
392,EcsCommandBufferCommit,29000,
392,GasAndEventFinalize,10900,
392,ReplicationProjection,102500,
392,SnapshotHashMetrics,200,
392,EgressPublish,11694200,
393,IngressCapture,3600,
393,DecodeAndCanonicalize,200,
393,ApplyInputs,166500,
393,ProcessorPlan,27800,
393,CrossWorldPrepare,500,
393,NativeJobBarrier,100,
393,CommitDecision,1500,
393,VoxelCommit,600,
393,EcsCommandBufferCommit,33500,
393,GasAndEventFinalize,10900,
393,ReplicationProjection,101300,
393,SnapshotHashMetrics,100,
393,EgressPublish,11634800,
394,IngressCapture,3300,
394,DecodeAndCanonicalize,400,
394,ApplyInputs,217400,
394,ProcessorPlan,44400,
394,CrossWorldPrepare,1500,
394,NativeJobBarrier,300,
394,CommitDecision,400,
394,VoxelCommit,1200,
394,EcsCommandBufferCommit,51700,
394,GasAndEventFinalize,17700,
394,ReplicationProjection,204500,
394,SnapshotHashMetrics,800,
394,EgressPublish,12394500,
395,IngressCapture,5300,
395,DecodeAndCanonicalize,100,
395,ApplyInputs,198200,
395,ProcessorPlan,33400,
395,CrossWorldPrepare,800,
395,NativeJobBarrier,400,
395,CommitDecision,300,
395,VoxelCommit,1000,
395,EcsCommandBufferCommit,46100,
395,GasAndEventFinalize,13400,
395,ReplicationProjection,172600,
395,SnapshotHashMetrics,1100,
395,EgressPublish,14225300,
396,IngressCapture,4700,
396,DecodeAndCanonicalize,200,
396,ApplyInputs,780100,
396,ProcessorPlan,33500,
396,CrossWorldPrepare,400,
396,NativeJobBarrier,200,
396,CommitDecision,100,
396,VoxelCommit,1000,
396,EcsCommandBufferCommit,38900,
396,GasAndEventFinalize,37200,
396,ReplicationProjection,102900,
396,SnapshotHashMetrics,200,
396,EgressPublish,13549800,
397,IngressCapture,4300,
397,DecodeAndCanonicalize,200,
397,ApplyInputs,193000,
397,ProcessorPlan,43500,
397,CrossWorldPrepare,600,
397,NativeJobBarrier,200,
397,CommitDecision,600,
397,VoxelCommit,1100,
397,EcsCommandBufferCommit,40900,
397,GasAndEventFinalize,13300,
397,ReplicationProjection,148600,
397,SnapshotHashMetrics,300,
397,EgressPublish,14356100,
398,IngressCapture,4700,
398,DecodeAndCanonicalize,200,
398,ApplyInputs,339100,
398,ProcessorPlan,34600,
398,CrossWorldPrepare,900,
398,NativeJobBarrier,200,
398,CommitDecision,600,
398,VoxelCommit,800,
398,EcsCommandBufferCommit,194400,
398,GasAndEventFinalize,39300,
398,ReplicationProjection,354700,
398,SnapshotHashMetrics,700,
398,EgressPublish,16824100,
399,IngressCapture,5100,
399,DecodeAndCanonicalize,300,
399,ApplyInputs,238500,
399,ProcessorPlan,42200,
399,CrossWorldPrepare,600,
399,NativeJobBarrier,200,
399,CommitDecision,400,
399,VoxelCommit,1300,
399,EcsCommandBufferCommit,44100,
399,GasAndEventFinalize,14700,
399,ReplicationProjection,174100,
399,SnapshotHashMetrics,400,
399,EgressPublish,19234800,
400,IngressCapture,5600,
400,DecodeAndCanonicalize,300,
400,ApplyInputs,289100,
400,ProcessorPlan,44700,
400,CrossWorldPrepare,1100,
400,NativeJobBarrier,200,
400,CommitDecision,400,
400,VoxelCommit,900,
400,EcsCommandBufferCommit,65900,
400,GasAndEventFinalize,18900,
400,ReplicationProjection,174700,
400,SnapshotHashMetrics,200,
400,EgressPublish,16975400,
401,IngressCapture,3300,
401,DecodeAndCanonicalize,100,
401,ApplyInputs,183900,
401,ProcessorPlan,32300,
401,CrossWorldPrepare,600,
401,NativeJobBarrier,200,
401,CommitDecision,400,
401,VoxelCommit,800,
401,EcsCommandBufferCommit,34700,
401,GasAndEventFinalize,12000,
401,ReplicationProjection,106200,
401,SnapshotHashMetrics,200,
401,EgressPublish,14044200,
402,IngressCapture,6500,
402,DecodeAndCanonicalize,300,
402,ApplyInputs,230400,
402,ProcessorPlan,44400,
402,CrossWorldPrepare,700,
402,NativeJobBarrier,300,
402,CommitDecision,200,
402,VoxelCommit,1100,
402,EcsCommandBufferCommit,52600,
402,GasAndEventFinalize,15600,
402,ReplicationProjection,175000,
402,SnapshotHashMetrics,200,
402,EgressPublish,17392700,
403,IngressCapture,4200,
403,DecodeAndCanonicalize,200,
403,ApplyInputs,232300,
403,ProcessorPlan,38300,
403,CrossWorldPrepare,700,
403,NativeJobBarrier,200,
403,CommitDecision,200,
403,VoxelCommit,900,
403,EcsCommandBufferCommit,40500,
403,GasAndEventFinalize,15200,
403,ReplicationProjection,152000,
403,SnapshotHashMetrics,300,
403,EgressPublish,13423600,
404,IngressCapture,4600,
404,DecodeAndCanonicalize,500,
404,ApplyInputs,501600,
404,ProcessorPlan,75800,
404,CrossWorldPrepare,1100,
404,NativeJobBarrier,200,
404,CommitDecision,500,
404,VoxelCommit,1100,
404,EcsCommandBufferCommit,43200,
404,GasAndEventFinalize,44100,
404,ReplicationProjection,167000,
404,SnapshotHashMetrics,200,
404,EgressPublish,17271400,
405,IngressCapture,4700,
405,DecodeAndCanonicalize,200,
405,ApplyInputs,286700,
405,ProcessorPlan,41600,
405,CrossWorldPrepare,800,
405,NativeJobBarrier,200,
405,CommitDecision,500,
405,VoxelCommit,800,
405,EcsCommandBufferCommit,45400,
405,GasAndEventFinalize,14400,
405,ReplicationProjection,159400,
405,SnapshotHashMetrics,200,
405,EgressPublish,13639400,
406,IngressCapture,5200,
406,DecodeAndCanonicalize,200,
406,ApplyInputs,244900,
406,ProcessorPlan,39400,
406,CrossWorldPrepare,900,
406,NativeJobBarrier,400,
406,CommitDecision,200,
406,VoxelCommit,900,
406,EcsCommandBufferCommit,42600,
406,GasAndEventFinalize,14500,
406,ReplicationProjection,156200,
406,SnapshotHashMetrics,200,
406,EgressPublish,15161700,
407,IngressCapture,4300,
407,DecodeAndCanonicalize,300,
407,ApplyInputs,223300,
407,ProcessorPlan,42600,
407,CrossWorldPrepare,800,
407,NativeJobBarrier,400,
407,CommitDecision,900,
407,VoxelCommit,1100,
407,EcsCommandBufferCommit,54400,
407,GasAndEventFinalize,18500,
407,ReplicationProjection,1255900,
407,SnapshotHashMetrics,900,
407,EgressPublish,17246200,
408,IngressCapture,5600,
408,DecodeAndCanonicalize,200,
408,ApplyInputs,248200,
408,ProcessorPlan,42300,
408,CrossWorldPrepare,700,
408,NativeJobBarrier,300,
408,CommitDecision,200,
408,VoxelCommit,1800,
408,EcsCommandBufferCommit,55500,
408,GasAndEventFinalize,15900,
408,ReplicationProjection,147100,
408,SnapshotHashMetrics,200,
408,EgressPublish,17307300,
409,IngressCapture,5400,
409,DecodeAndCanonicalize,200,
409,ApplyInputs,274500,
409,ProcessorPlan,47400,
409,CrossWorldPrepare,700,
409,NativeJobBarrier,200,
409,CommitDecision,700,
409,VoxelCommit,1500,
409,EcsCommandBufferCommit,56900,
409,GasAndEventFinalize,19100,
409,ReplicationProjection,167200,
409,SnapshotHashMetrics,400,
409,EgressPublish,19167100,
410,IngressCapture,4700,
410,DecodeAndCanonicalize,200,
410,ApplyInputs,212900,
410,ProcessorPlan,42500,
410,CrossWorldPrepare,800,
410,NativeJobBarrier,200,
410,CommitDecision,300,
410,VoxelCommit,1400,
410,EcsCommandBufferCommit,55100,
410,GasAndEventFinalize,18800,
410,ReplicationProjection,168900,
410,SnapshotHashMetrics,300,
410,EgressPublish,14877600,
411,IngressCapture,5500,
411,DecodeAndCanonicalize,200,
411,ApplyInputs,255900,
411,ProcessorPlan,42300,
411,CrossWorldPrepare,900,
411,NativeJobBarrier,200,
411,CommitDecision,200,
411,VoxelCommit,2200,
411,EcsCommandBufferCommit,47200,
411,GasAndEventFinalize,17500,
411,ReplicationProjection,148600,
411,SnapshotHashMetrics,600,
411,EgressPublish,16257600,
412,IngressCapture,3500,
412,DecodeAndCanonicalize,200,
412,ApplyInputs,354300,
412,ProcessorPlan,58300,
412,CrossWorldPrepare,700,
412,NativeJobBarrier,300,
412,CommitDecision,400,
412,VoxelCommit,1300,
412,EcsCommandBufferCommit,35300,
412,GasAndEventFinalize,36100,
412,ReplicationProjection,120600,
412,SnapshotHashMetrics,300,
412,EgressPublish,14692700,
413,IngressCapture,4200,
413,DecodeAndCanonicalize,200,
413,ApplyInputs,179800,
413,ProcessorPlan,29900,
413,CrossWorldPrepare,500,
413,NativeJobBarrier,300,
413,CommitDecision,200,
413,VoxelCommit,1000,
413,EcsCommandBufferCommit,34500,
413,GasAndEventFinalize,12300,
413,ReplicationProjection,110500,
413,SnapshotHashMetrics,200,
413,EgressPublish,13311200,
414,IngressCapture,5100,
414,DecodeAndCanonicalize,200,
414,ApplyInputs,360300,
414,ProcessorPlan,44700,
414,CrossWorldPrepare,1100,
414,NativeJobBarrier,500,
414,CommitDecision,300,
414,VoxelCommit,1900,
414,EcsCommandBufferCommit,221400,
414,GasAndEventFinalize,42600,
414,ReplicationProjection,288900,
414,SnapshotHashMetrics,700,
414,EgressPublish,14846800,
415,IngressCapture,3500,
415,DecodeAndCanonicalize,200,
415,ApplyInputs,270000,
415,ProcessorPlan,40400,
415,CrossWorldPrepare,600,
415,NativeJobBarrier,300,
415,CommitDecision,300,
415,VoxelCommit,1800,
415,EcsCommandBufferCommit,50100,
415,GasAndEventFinalize,35000,
415,ReplicationProjection,161000,
415,SnapshotHashMetrics,300,
415,EgressPublish,14169800,
416,IngressCapture,6600,
416,DecodeAndCanonicalize,200,
416,ApplyInputs,314700,
416,ProcessorPlan,50300,
416,CrossWorldPrepare,900,
416,NativeJobBarrier,200,
416,CommitDecision,600,
416,VoxelCommit,1700,
416,EcsCommandBufferCommit,61600,
416,GasAndEventFinalize,19600,
416,ReplicationProjection,192200,
416,SnapshotHashMetrics,500,
416,EgressPublish,16731900,
417,IngressCapture,4400,
417,DecodeAndCanonicalize,200,
417,ApplyInputs,232700,
417,ProcessorPlan,42400,
417,CrossWorldPrepare,800,
417,NativeJobBarrier,600,
417,CommitDecision,300,
417,VoxelCommit,1400,
417,EcsCommandBufferCommit,50100,
417,GasAndEventFinalize,16000,
417,ReplicationProjection,187900,
417,SnapshotHashMetrics,300,
417,EgressPublish,16807200,
418,IngressCapture,4800,
418,DecodeAndCanonicalize,300,
418,ApplyInputs,260200,
418,ProcessorPlan,40300,
418,CrossWorldPrepare,800,
418,NativeJobBarrier,100,
418,CommitDecision,400,
418,VoxelCommit,1600,
418,EcsCommandBufferCommit,56300,
418,GasAndEventFinalize,17000,
418,ReplicationProjection,158300,
418,SnapshotHashMetrics,400,
418,EgressPublish,16692300,
419,IngressCapture,4100,
419,DecodeAndCanonicalize,300,
419,ApplyInputs,234600,
419,ProcessorPlan,39200,
419,CrossWorldPrepare,700,
419,NativeJobBarrier,200,
419,CommitDecision,200,
419,VoxelCommit,1000,
419,EcsCommandBufferCommit,45200,
419,GasAndEventFinalize,15900,
419,ReplicationProjection,177700,
419,SnapshotHashMetrics,300,
419,EgressPublish,17574500,
420,IngressCapture,3900,
420,DecodeAndCanonicalize,200,
420,ApplyInputs,446800,
420,ProcessorPlan,86900,
420,CrossWorldPrepare,700,
420,NativeJobBarrier,200,
420,CommitDecision,200,
420,VoxelCommit,1300,
420,EcsCommandBufferCommit,50200,
420,GasAndEventFinalize,42900,
420,ReplicationProjection,192900,
420,SnapshotHashMetrics,200,
420,EgressPublish,15360800,
421,IngressCapture,4200,
421,DecodeAndCanonicalize,200,
421,ApplyInputs,253400,
421,ProcessorPlan,40600,
421,CrossWorldPrepare,700,
421,NativeJobBarrier,200,
421,CommitDecision,200,
421,VoxelCommit,800,
421,EcsCommandBufferCommit,47100,
421,GasAndEventFinalize,17500,
421,ReplicationProjection,180400,
421,SnapshotHashMetrics,300,
421,EgressPublish,17602200,
422,IngressCapture,4700,
422,DecodeAndCanonicalize,300,
422,ApplyInputs,237200,
422,ProcessorPlan,48400,
422,CrossWorldPrepare,700,
422,NativeJobBarrier,200,
422,CommitDecision,400,
422,VoxelCommit,1700,
422,EcsCommandBufferCommit,59100,
422,GasAndEventFinalize,21600,
422,ReplicationProjection,204800,
422,SnapshotHashMetrics,200,
422,EgressPublish,17608100,
423,IngressCapture,5300,
423,DecodeAndCanonicalize,200,
423,ApplyInputs,309400,
423,ProcessorPlan,46600,
423,CrossWorldPrepare,900,
423,NativeJobBarrier,200,
423,CommitDecision,600,
423,VoxelCommit,1400,
423,EcsCommandBufferCommit,50000,
423,GasAndEventFinalize,16900,
423,ReplicationProjection,204000,
423,SnapshotHashMetrics,200,
423,EgressPublish,16329500,
424,IngressCapture,4900,
424,DecodeAndCanonicalize,100,
424,ApplyInputs,189200,
424,ProcessorPlan,34300,
424,CrossWorldPrepare,700,
424,NativeJobBarrier,200,
424,CommitDecision,300,
424,VoxelCommit,1100,
424,EcsCommandBufferCommit,47300,
424,GasAndEventFinalize,14900,
424,ReplicationProjection,120400,
424,SnapshotHashMetrics,200,
424,EgressPublish,16821800,
425,IngressCapture,5600,
425,DecodeAndCanonicalize,300,
425,ApplyInputs,312700,
425,ProcessorPlan,40800,
425,CrossWorldPrepare,500,
425,NativeJobBarrier,200,
425,CommitDecision,200,
425,VoxelCommit,1600,
425,EcsCommandBufferCommit,50700,
425,GasAndEventFinalize,17500,
425,ReplicationProjection,165800,
425,SnapshotHashMetrics,400,
425,EgressPublish,15633200,
426,IngressCapture,4300,
426,DecodeAndCanonicalize,200,
426,ApplyInputs,220900,
426,ProcessorPlan,46300,
426,CrossWorldPrepare,500,
426,NativeJobBarrier,300,
426,CommitDecision,200,
426,VoxelCommit,1100,
426,EcsCommandBufferCommit,50300,
426,GasAndEventFinalize,16800,
426,ReplicationProjection,208500,
426,SnapshotHashMetrics,300,
426,EgressPublish,15098600,
427,IngressCapture,3600,
427,DecodeAndCanonicalize,100,
427,ApplyInputs,170800,
427,ProcessorPlan,28200,
427,CrossWorldPrepare,400,
427,NativeJobBarrier,400,
427,CommitDecision,300,
427,VoxelCommit,800,
427,EcsCommandBufferCommit,34400,
427,GasAndEventFinalize,11300,
427,ReplicationProjection,113400,
427,SnapshotHashMetrics,200,
427,EgressPublish,12319600,
428,IngressCapture,3600,
428,DecodeAndCanonicalize,200,
428,ApplyInputs,459100,
428,ProcessorPlan,80200,
428,CrossWorldPrepare,700,
428,NativeJobBarrier,300,
428,CommitDecision,200,
428,VoxelCommit,1000,
428,EcsCommandBufferCommit,43900,
428,GasAndEventFinalize,40800,
428,ReplicationProjection,182600,
428,SnapshotHashMetrics,200,
428,EgressPublish,15189500,
429,IngressCapture,3900,
429,DecodeAndCanonicalize,200,
429,ApplyInputs,249200,
429,ProcessorPlan,44900,
429,CrossWorldPrepare,700,
429,NativeJobBarrier,200,
429,CommitDecision,300,
429,VoxelCommit,900,
429,EcsCommandBufferCommit,49800,
429,GasAndEventFinalize,15800,
429,ReplicationProjection,175700,
429,SnapshotHashMetrics,700,
429,EgressPublish,16334300,
430,IngressCapture,3800,
430,DecodeAndCanonicalize,200,
430,ApplyInputs,162700,
430,ProcessorPlan,26100,
430,CrossWorldPrepare,400,
430,NativeJobBarrier,300,
430,CommitDecision,100,
430,VoxelCommit,500,
430,EcsCommandBufferCommit,32100,
430,GasAndEventFinalize,11600,
430,ReplicationProjection,110500,
430,SnapshotHashMetrics,200,
430,EgressPublish,10082200,
431,IngressCapture,4100,
431,DecodeAndCanonicalize,200,
431,ApplyInputs,155700,
431,ProcessorPlan,26900,
431,CrossWorldPrepare,400,
431,NativeJobBarrier,300,
431,CommitDecision,500,
431,VoxelCommit,800,
431,EcsCommandBufferCommit,39000,
431,GasAndEventFinalize,11800,
431,ReplicationProjection,106800,
431,SnapshotHashMetrics,200,
431,EgressPublish,11387800,
432,IngressCapture,4100,
432,DecodeAndCanonicalize,200,
432,ApplyInputs,170900,
432,ProcessorPlan,31500,
432,CrossWorldPrepare,400,
432,NativeJobBarrier,200,
432,CommitDecision,300,
432,VoxelCommit,800,
432,EcsCommandBufferCommit,44300,
432,GasAndEventFinalize,12900,
432,ReplicationProjection,118800,
432,SnapshotHashMetrics,200,
432,EgressPublish,11465200,
433,IngressCapture,6200,
433,DecodeAndCanonicalize,200,
433,ApplyInputs,187000,
433,ProcessorPlan,31200,
433,CrossWorldPrepare,700,
433,NativeJobBarrier,100,
433,CommitDecision,500,
433,VoxelCommit,2000,
433,EcsCommandBufferCommit,44600,
433,GasAndEventFinalize,12500,
433,ReplicationProjection,117300,
433,SnapshotHashMetrics,200,
433,EgressPublish,13208400,
434,IngressCapture,5200,
434,DecodeAndCanonicalize,100,
434,ApplyInputs,304300,
434,ProcessorPlan,29400,
434,CrossWorldPrepare,800,
434,NativeJobBarrier,100,
434,CommitDecision,100,
434,VoxelCommit,1300,
434,EcsCommandBufferCommit,39000,
434,GasAndEventFinalize,13200,
434,ReplicationProjection,117100,
434,SnapshotHashMetrics,100,
434,EgressPublish,12099500,
435,IngressCapture,6300,
435,DecodeAndCanonicalize,600,
435,ApplyInputs,350400,
435,ProcessorPlan,48100,
435,CrossWorldPrepare,600,
435,NativeJobBarrier,300,
435,CommitDecision,200,
435,VoxelCommit,800,
435,EcsCommandBufferCommit,45500,
435,GasAndEventFinalize,16300,
435,ReplicationProjection,202600,
435,SnapshotHashMetrics,400,
435,EgressPublish,16164400,
436,IngressCapture,3900,
436,DecodeAndCanonicalize,200,
436,ApplyInputs,426600,
436,ProcessorPlan,27800,
436,CrossWorldPrepare,500,
436,NativeJobBarrier,200,
436,CommitDecision,300,
436,VoxelCommit,700,
436,EcsCommandBufferCommit,35600,
436,GasAndEventFinalize,32000,
436,ReplicationProjection,117800,
436,SnapshotHashMetrics,200,
436,EgressPublish,15746600,
437,IngressCapture,3700,
437,DecodeAndCanonicalize,200,
437,ApplyInputs,163200,
437,ProcessorPlan,31700,
437,CrossWorldPrepare,800,
437,NativeJobBarrier,100,
437,CommitDecision,400,
437,VoxelCommit,1200,
437,EcsCommandBufferCommit,45600,
437,GasAndEventFinalize,15700,
437,ReplicationProjection,136500,
437,SnapshotHashMetrics,200,
437,EgressPublish,12090000,
438,IngressCapture,4400,
438,DecodeAndCanonicalize,200,
438,ApplyInputs,254700,
438,ProcessorPlan,43100,
438,CrossWorldPrepare,1500,
438,NativeJobBarrier,200,
438,CommitDecision,200,
438,VoxelCommit,1300,
438,EcsCommandBufferCommit,52800,
438,GasAndEventFinalize,18300,
438,ReplicationProjection,176600,
438,SnapshotHashMetrics,200,
438,EgressPublish,14499600,
439,IngressCapture,5200,
439,DecodeAndCanonicalize,200,
439,ApplyInputs,240800,
439,ProcessorPlan,57100,
439,CrossWorldPrepare,900,
439,NativeJobBarrier,200,
439,CommitDecision,200,
439,VoxelCommit,1600,
439,EcsCommandBufferCommit,59900,
439,GasAndEventFinalize,22100,
439,ReplicationProjection,220000,
439,SnapshotHashMetrics,400,
439,EgressPublish,15949200,
440,IngressCapture,3900,
440,DecodeAndCanonicalize,200,
440,ApplyInputs,179900,
440,ProcessorPlan,28200,
440,CrossWorldPrepare,500,
440,NativeJobBarrier,100,
440,CommitDecision,300,
440,VoxelCommit,800,
440,EcsCommandBufferCommit,37900,
440,GasAndEventFinalize,12100,
440,ReplicationProjection,107000,
440,SnapshotHashMetrics,200,
440,EgressPublish,13086600,
441,IngressCapture,4600,
441,DecodeAndCanonicalize,200,
441,ApplyInputs,239800,
441,ProcessorPlan,43500,
441,CrossWorldPrepare,700,
441,NativeJobBarrier,200,
441,CommitDecision,400,
441,VoxelCommit,1300,
441,EcsCommandBufferCommit,49400,
441,GasAndEventFinalize,17300,
441,ReplicationProjection,172500,
441,SnapshotHashMetrics,200,
441,EgressPublish,15625300,
442,IngressCapture,3700,
442,DecodeAndCanonicalize,200,
442,ApplyInputs,162700,
442,ProcessorPlan,25400,
442,CrossWorldPrepare,500,
442,NativeJobBarrier,100,
442,CommitDecision,100,
442,VoxelCommit,700,
442,EcsCommandBufferCommit,28600,
442,GasAndEventFinalize,9400,
442,ReplicationProjection,104700,
442,SnapshotHashMetrics,200,
442,EgressPublish,12094100,
443,IngressCapture,4200,
443,DecodeAndCanonicalize,100,
443,ApplyInputs,170600,
443,ProcessorPlan,28900,
443,CrossWorldPrepare,500,
443,NativeJobBarrier,100,
443,CommitDecision,300,
443,VoxelCommit,700,
443,EcsCommandBufferCommit,40900,
443,GasAndEventFinalize,14000,
443,ReplicationProjection,113000,
443,SnapshotHashMetrics,100,
443,EgressPublish,12800000,
444,IngressCapture,6400,
444,DecodeAndCanonicalize,300,
444,ApplyInputs,635500,
444,ProcessorPlan,47400,
444,CrossWorldPrepare,900,
444,NativeJobBarrier,200,
444,CommitDecision,300,
444,VoxelCommit,1100,
444,EcsCommandBufferCommit,52200,
444,GasAndEventFinalize,50800,
444,ReplicationProjection,209100,
444,SnapshotHashMetrics,400,
444,EgressPublish,17569500,
445,IngressCapture,3400,
445,DecodeAndCanonicalize,200,
445,ApplyInputs,148600,
445,ProcessorPlan,26900,
445,CrossWorldPrepare,400,
445,NativeJobBarrier,200,
445,CommitDecision,200,
445,VoxelCommit,600,
445,EcsCommandBufferCommit,775600,
445,GasAndEventFinalize,11700,
445,ReplicationProjection,128300,
445,SnapshotHashMetrics,200,
445,EgressPublish,12610600,
446,IngressCapture,5000,
446,DecodeAndCanonicalize,200,
446,ApplyInputs,212400,
446,ProcessorPlan,41000,
446,CrossWorldPrepare,1200,
446,NativeJobBarrier,200,
446,CommitDecision,200,
446,VoxelCommit,1000,
446,EcsCommandBufferCommit,50500,
446,GasAndEventFinalize,16900,
446,ReplicationProjection,163600,
446,SnapshotHashMetrics,200,
446,EgressPublish,13225200,
447,IngressCapture,4300,
447,DecodeAndCanonicalize,200,
447,ApplyInputs,167700,
447,ProcessorPlan,27300,
447,CrossWorldPrepare,600,
447,NativeJobBarrier,200,
447,CommitDecision,100,
447,VoxelCommit,800,
447,EcsCommandBufferCommit,33800,
447,GasAndEventFinalize,11800,
447,ReplicationProjection,110500,
447,SnapshotHashMetrics,200,
447,EgressPublish,11355500,
448,IngressCapture,4700,
448,DecodeAndCanonicalize,200,
448,ApplyInputs,194100,
448,ProcessorPlan,45100,
448,CrossWorldPrepare,800,
448,NativeJobBarrier,900,
448,CommitDecision,200,
448,VoxelCommit,1600,
448,EcsCommandBufferCommit,69900,
448,GasAndEventFinalize,17600,
448,ReplicationProjection,172800,
448,SnapshotHashMetrics,400,
448,EgressPublish,15961300,
449,IngressCapture,4300,
449,DecodeAndCanonicalize,300,
449,ApplyInputs,249600,
449,ProcessorPlan,39000,
449,CrossWorldPrepare,800,
449,NativeJobBarrier,200,
449,CommitDecision,200,
449,VoxelCommit,900,
449,EcsCommandBufferCommit,41200,
449,GasAndEventFinalize,14700,
449,ReplicationProjection,187400,
449,SnapshotHashMetrics,300,
449,EgressPublish,16469900,
450,IngressCapture,3200,
450,DecodeAndCanonicalize,200,
450,ApplyInputs,149900,
450,ProcessorPlan,24900,
450,CrossWorldPrepare,400,
450,NativeJobBarrier,200,
450,CommitDecision,200,
450,VoxelCommit,500,
450,EcsCommandBufferCommit,30000,
450,GasAndEventFinalize,9500,
450,ReplicationProjection,110000,
450,SnapshotHashMetrics,100,
450,EgressPublish,13627800,
451,IngressCapture,5200,
451,DecodeAndCanonicalize,200,
451,ApplyInputs,247200,
451,ProcessorPlan,33500,
451,CrossWorldPrepare,400,
451,NativeJobBarrier,300,
451,CommitDecision,300,
451,VoxelCommit,700,
451,EcsCommandBufferCommit,39700,
451,GasAndEventFinalize,12100,
451,ReplicationProjection,131000,
451,SnapshotHashMetrics,200,
451,EgressPublish,14343400,
452,IngressCapture,6400,
452,DecodeAndCanonicalize,300,
452,ApplyInputs,845800,
452,ProcessorPlan,39900,
452,CrossWorldPrepare,1200,
452,NativeJobBarrier,300,
452,CommitDecision,1100,
452,VoxelCommit,1300,
452,EcsCommandBufferCommit,216200,
452,GasAndEventFinalize,67900,
452,ReplicationProjection,442500,
452,SnapshotHashMetrics,800,
452,EgressPublish,16476800,
453,IngressCapture,4100,
453,DecodeAndCanonicalize,300,
453,ApplyInputs,246600,
453,ProcessorPlan,42500,
453,CrossWorldPrepare,800,
453,NativeJobBarrier,200,
453,CommitDecision,200,
453,VoxelCommit,900,
453,EcsCommandBufferCommit,49900,
453,GasAndEventFinalize,16500,
453,ReplicationProjection,177600,
453,SnapshotHashMetrics,200,
453,EgressPublish,15888100,
454,IngressCapture,4200,
454,DecodeAndCanonicalize,200,
454,ApplyInputs,239600,
454,ProcessorPlan,44900,
454,CrossWorldPrepare,800,
454,NativeJobBarrier,200,
454,CommitDecision,300,
454,VoxelCommit,1100,
454,EcsCommandBufferCommit,57500,
454,GasAndEventFinalize,20100,
454,ReplicationProjection,179300,
454,SnapshotHashMetrics,300,
454,EgressPublish,17641700,
455,IngressCapture,4100,
455,DecodeAndCanonicalize,300,
455,ApplyInputs,209700,
455,ProcessorPlan,35700,
455,CrossWorldPrepare,600,
455,NativeJobBarrier,200,
455,CommitDecision,100,
455,VoxelCommit,1300,
455,EcsCommandBufferCommit,43800,
455,GasAndEventFinalize,15900,
455,ReplicationProjection,165100,
455,SnapshotHashMetrics,400,
455,EgressPublish,14800900,
456,IngressCapture,6600,
456,DecodeAndCanonicalize,600,
456,ApplyInputs,249500,
456,ProcessorPlan,43900,
456,CrossWorldPrepare,800,
456,NativeJobBarrier,200,
456,CommitDecision,600,
456,VoxelCommit,1400,
456,EcsCommandBufferCommit,70000,
456,GasAndEventFinalize,28600,
456,ReplicationProjection,211300,
456,SnapshotHashMetrics,200,
456,EgressPublish,16652600,
457,IngressCapture,4400,
457,DecodeAndCanonicalize,300,
457,ApplyInputs,259400,
457,ProcessorPlan,39600,
457,CrossWorldPrepare,500,
457,NativeJobBarrier,200,
457,CommitDecision,400,
457,VoxelCommit,1000,
457,EcsCommandBufferCommit,42300,
457,GasAndEventFinalize,13000,
457,ReplicationProjection,160800,
457,SnapshotHashMetrics,200,
457,EgressPublish,14719700,
458,IngressCapture,4600,
458,DecodeAndCanonicalize,200,
458,ApplyInputs,235400,
458,ProcessorPlan,46200,
458,CrossWorldPrepare,700,
458,NativeJobBarrier,200,
458,CommitDecision,300,
458,VoxelCommit,1300,
458,EcsCommandBufferCommit,59300,
458,GasAndEventFinalize,19000,
458,ReplicationProjection,182000,
458,SnapshotHashMetrics,500,
458,EgressPublish,17254900,
459,IngressCapture,4600,
459,DecodeAndCanonicalize,200,
459,ApplyInputs,289600,
459,ProcessorPlan,48100,
459,CrossWorldPrepare,900,
459,NativeJobBarrier,200,
459,CommitDecision,200,
459,VoxelCommit,1000,
459,EcsCommandBufferCommit,54000,
459,GasAndEventFinalize,19300,
459,ReplicationProjection,195200,
459,SnapshotHashMetrics,300,
459,EgressPublish,15762700,
460,IngressCapture,5300,
460,DecodeAndCanonicalize,200,
460,ApplyInputs,582700,
460,ProcessorPlan,37500,
460,CrossWorldPrepare,900,
460,NativeJobBarrier,200,
460,CommitDecision,300,
460,VoxelCommit,1300,
460,EcsCommandBufferCommit,59900,
460,GasAndEventFinalize,37200,
460,ReplicationProjection,126400,
460,SnapshotHashMetrics,100,
460,EgressPublish,15864000,
461,IngressCapture,3800,
461,DecodeAndCanonicalize,300,
461,ApplyInputs,309200,
461,ProcessorPlan,45500,
461,CrossWorldPrepare,600,
461,NativeJobBarrier,200,
461,CommitDecision,500,
461,VoxelCommit,1100,
461,EcsCommandBufferCommit,55900,
461,GasAndEventFinalize,16800,
461,ReplicationProjection,181300,
461,SnapshotHashMetrics,100,
461,EgressPublish,20132400,
462,IngressCapture,4600,
462,DecodeAndCanonicalize,200,
462,ApplyInputs,290200,
462,ProcessorPlan,52300,
462,CrossWorldPrepare,1600,
462,NativeJobBarrier,200,
462,CommitDecision,300,
462,VoxelCommit,1700,
462,EcsCommandBufferCommit,61800,
462,GasAndEventFinalize,19100,
462,ReplicationProjection,207000,
462,SnapshotHashMetrics,600,
462,EgressPublish,16099800,
463,IngressCapture,6100,
463,DecodeAndCanonicalize,200,
463,ApplyInputs,286300,
463,ProcessorPlan,43300,
463,CrossWorldPrepare,1800,
463,NativeJobBarrier,200,
463,CommitDecision,300,
463,VoxelCommit,1500,
463,EcsCommandBufferCommit,56100,
463,GasAndEventFinalize,17700,
463,ReplicationProjection,182100,
463,SnapshotHashMetrics,600,
463,EgressPublish,18207600,
464,IngressCapture,5300,
464,DecodeAndCanonicalize,400,
464,ApplyInputs,208700,
464,ProcessorPlan,36400,
464,CrossWorldPrepare,500,
464,NativeJobBarrier,100,
464,CommitDecision,1100,
464,VoxelCommit,1400,
464,EcsCommandBufferCommit,44100,
464,GasAndEventFinalize,14900,
464,ReplicationProjection,118800,
464,SnapshotHashMetrics,200,
464,EgressPublish,14967500,
465,IngressCapture,7500,
465,DecodeAndCanonicalize,100,
465,ApplyInputs,386500,
465,ProcessorPlan,44400,
465,CrossWorldPrepare,600,
465,NativeJobBarrier,300,
465,CommitDecision,200,
465,VoxelCommit,1200,
465,EcsCommandBufferCommit,55400,
465,GasAndEventFinalize,19000,
465,ReplicationProjection,177400,
465,SnapshotHashMetrics,400,
465,EgressPublish,16867800,
466,IngressCapture,4500,
466,DecodeAndCanonicalize,200,
466,ApplyInputs,306000,
466,ProcessorPlan,50500,
466,CrossWorldPrepare,1200,
466,NativeJobBarrier,300,
466,CommitDecision,600,
466,VoxelCommit,900,
466,EcsCommandBufferCommit,66300,
466,GasAndEventFinalize,25300,
466,ReplicationProjection,209700,
466,SnapshotHashMetrics,100,
466,EgressPublish,19204500,
467,IngressCapture,5300,
467,DecodeAndCanonicalize,400,
467,ApplyInputs,336800,
467,ProcessorPlan,50300,
467,CrossWorldPrepare,600,
467,NativeJobBarrier,200,
467,CommitDecision,200,
467,VoxelCommit,900,
467,EcsCommandBufferCommit,92000,
467,GasAndEventFinalize,27400,
467,ReplicationProjection,392500,
467,SnapshotHashMetrics,200,
467,EgressPublish,20976500,
468,IngressCapture,5100,
468,DecodeAndCanonicalize,200,
468,ApplyInputs,599800,
468,ProcessorPlan,47700,
468,CrossWorldPrepare,1000,
468,NativeJobBarrier,200,
468,CommitDecision,400,
468,VoxelCommit,800,
468,EcsCommandBufferCommit,57900,
468,GasAndEventFinalize,56200,
468,ReplicationProjection,206000,
468,SnapshotHashMetrics,400,
468,EgressPublish,16189300,
469,IngressCapture,5700,
469,DecodeAndCanonicalize,300,
469,ApplyInputs,394600,
469,ProcessorPlan,36100,
469,CrossWorldPrepare,500,
469,NativeJobBarrier,200,
469,CommitDecision,600,
469,VoxelCommit,1800,
469,EcsCommandBufferCommit,56300,
469,GasAndEventFinalize,16500,
469,ReplicationProjection,138700,
469,SnapshotHashMetrics,100,
469,EgressPublish,16732300,
470,IngressCapture,4500,
470,DecodeAndCanonicalize,200,
470,ApplyInputs,252100,
470,ProcessorPlan,43400,
470,CrossWorldPrepare,600,
470,NativeJobBarrier,200,
470,CommitDecision,200,
470,VoxelCommit,1100,
470,EcsCommandBufferCommit,45500,
470,GasAndEventFinalize,16600,
470,ReplicationProjection,172600,
470,SnapshotHashMetrics,200,
470,EgressPublish,18068300,
471,IngressCapture,3800,
471,DecodeAndCanonicalize,100,
471,ApplyInputs,158500,
471,ProcessorPlan,28700,
471,CrossWorldPrepare,600,
471,NativeJobBarrier,200,
471,CommitDecision,300,
471,VoxelCommit,500,
471,EcsCommandBufferCommit,39100,
471,GasAndEventFinalize,14000,
471,ReplicationProjection,122500,
471,SnapshotHashMetrics,100,
471,EgressPublish,14302700,
472,IngressCapture,5200,
472,DecodeAndCanonicalize,200,
472,ApplyInputs,266800,
472,ProcessorPlan,47400,
472,CrossWorldPrepare,600,
472,NativeJobBarrier,300,
472,CommitDecision,400,
472,VoxelCommit,1200,
472,EcsCommandBufferCommit,56100,
472,GasAndEventFinalize,19800,
472,ReplicationProjection,197200,
472,SnapshotHashMetrics,100,
472,EgressPublish,16922600,
473,IngressCapture,5800,
473,DecodeAndCanonicalize,200,
473,ApplyInputs,264900,
473,ProcessorPlan,47500,
473,CrossWorldPrepare,1000,
473,NativeJobBarrier,700,
473,CommitDecision,800,
473,VoxelCommit,1100,
473,EcsCommandBufferCommit,74800,
473,GasAndEventFinalize,21900,
473,ReplicationProjection,181800,
473,SnapshotHashMetrics,300,
473,EgressPublish,17036500,
474,IngressCapture,4200,
474,DecodeAndCanonicalize,300,
474,ApplyInputs,274800,
474,ProcessorPlan,37300,
474,CrossWorldPrepare,400,
474,NativeJobBarrier,200,
474,CommitDecision,200,
474,VoxelCommit,900,
474,EcsCommandBufferCommit,50700,
474,GasAndEventFinalize,17000,
474,ReplicationProjection,176600,
474,SnapshotHashMetrics,300,
474,EgressPublish,12724200,
475,IngressCapture,4500,
475,DecodeAndCanonicalize,100,
475,ApplyInputs,391200,
475,ProcessorPlan,34900,
475,CrossWorldPrepare,1000,
475,NativeJobBarrier,300,
475,CommitDecision,200,
475,VoxelCommit,700,
475,EcsCommandBufferCommit,38600,
475,GasAndEventFinalize,36300,
475,ReplicationProjection,123000,
475,SnapshotHashMetrics,100,
475,EgressPublish,11357600,
476,IngressCapture,6500,
476,DecodeAndCanonicalize,200,
476,ApplyInputs,232900,
476,ProcessorPlan,51800,
476,CrossWorldPrepare,800,
476,NativeJobBarrier,200,
476,CommitDecision,400,
476,VoxelCommit,900,
476,EcsCommandBufferCommit,51300,
476,GasAndEventFinalize,17100,
476,ReplicationProjection,214200,
476,SnapshotHashMetrics,600,
476,EgressPublish,13415400,
477,IngressCapture,4500,
477,DecodeAndCanonicalize,200,
477,ApplyInputs,290300,
477,ProcessorPlan,48900,
477,CrossWorldPrepare,1100,
477,NativeJobBarrier,200,
477,CommitDecision,200,
477,VoxelCommit,1500,
477,EcsCommandBufferCommit,62600,
477,GasAndEventFinalize,24600,
477,ReplicationProjection,204000,
477,SnapshotHashMetrics,400,
477,EgressPublish,16597400,
478,IngressCapture,3800,
478,DecodeAndCanonicalize,200,
478,ApplyInputs,195500,
478,ProcessorPlan,42600,
478,CrossWorldPrepare,3100,
478,NativeJobBarrier,500,
478,CommitDecision,300,
478,VoxelCommit,700,
478,EcsCommandBufferCommit,42300,
478,GasAndEventFinalize,15400,
478,ReplicationProjection,178100,
478,SnapshotHashMetrics,400,
478,EgressPublish,14744500,
479,IngressCapture,4500,
479,DecodeAndCanonicalize,100,
479,ApplyInputs,244100,
479,ProcessorPlan,39700,
479,CrossWorldPrepare,500,
479,NativeJobBarrier,200,
479,CommitDecision,200,
479,VoxelCommit,700,
479,EcsCommandBufferCommit,50000,
479,GasAndEventFinalize,17200,
479,ReplicationProjection,201000,
479,SnapshotHashMetrics,400,
479,EgressPublish,13852100,
480,IngressCapture,3800,
480,DecodeAndCanonicalize,200,
480,ApplyInputs,156600,
480,ProcessorPlan,28500,
480,CrossWorldPrepare,600,
480,NativeJobBarrier,200,
480,CommitDecision,200,
480,VoxelCommit,400,
480,EcsCommandBufferCommit,35200,
480,GasAndEventFinalize,11300,
480,ReplicationProjection,113700,
480,SnapshotHashMetrics,100,
480,EgressPublish,9681400,
481,IngressCapture,5500,
481,DecodeAndCanonicalize,700,
481,ApplyInputs,246400,
481,ProcessorPlan,43900,
481,CrossWorldPrepare,600,
481,NativeJobBarrier,200,
481,CommitDecision,300,
481,VoxelCommit,800,
481,EcsCommandBufferCommit,40800,
481,GasAndEventFinalize,17000,
481,ReplicationProjection,206200,
481,SnapshotHashMetrics,500,
481,EgressPublish,12788100,
482,IngressCapture,5300,
482,DecodeAndCanonicalize,200,
482,ApplyInputs,362300,
482,ProcessorPlan,31000,
482,CrossWorldPrepare,400,
482,NativeJobBarrier,300,
482,CommitDecision,200,
482,VoxelCommit,800,
482,EcsCommandBufferCommit,39700,
482,GasAndEventFinalize,11300,
482,ReplicationProjection,121600,
482,SnapshotHashMetrics,100,
482,EgressPublish,12051600,
483,IngressCapture,4200,
483,DecodeAndCanonicalize,100,
483,ApplyInputs,809300,
483,ProcessorPlan,55500,
483,CrossWorldPrepare,400,
483,NativeJobBarrier,200,
483,CommitDecision,200,
483,VoxelCommit,1100,
483,EcsCommandBufferCommit,35600,
483,GasAndEventFinalize,152100,
483,ReplicationProjection,133900,
483,SnapshotHashMetrics,200,
483,EgressPublish,14064700,
484,IngressCapture,4200,
484,DecodeAndCanonicalize,200,
484,ApplyInputs,205700,
484,ProcessorPlan,43200,
484,CrossWorldPrepare,800,
484,NativeJobBarrier,300,
484,CommitDecision,800,
484,VoxelCommit,1600,
484,EcsCommandBufferCommit,62100,
484,GasAndEventFinalize,18400,
484,ReplicationProjection,179300,
484,SnapshotHashMetrics,300,
484,EgressPublish,13272700,
485,IngressCapture,4200,
485,DecodeAndCanonicalize,100,
485,ApplyInputs,178800,
485,ProcessorPlan,29600,
485,CrossWorldPrepare,700,
485,NativeJobBarrier,100,
485,CommitDecision,100,
485,VoxelCommit,600,
485,EcsCommandBufferCommit,42500,
485,GasAndEventFinalize,11400,
485,ReplicationProjection,113300,
485,SnapshotHashMetrics,100,
485,EgressPublish,10791100,
486,IngressCapture,3500,
486,DecodeAndCanonicalize,200,
486,ApplyInputs,177900,
486,ProcessorPlan,30700,
486,CrossWorldPrepare,800,
486,NativeJobBarrier,200,
486,CommitDecision,300,
486,VoxelCommit,600,
486,EcsCommandBufferCommit,39800,
486,GasAndEventFinalize,14900,
486,ReplicationProjection,119100,
486,SnapshotHashMetrics,100,
486,EgressPublish,13027100,
487,IngressCapture,4800,
487,DecodeAndCanonicalize,300,
487,ApplyInputs,197300,
487,ProcessorPlan,44500,
487,CrossWorldPrepare,800,
487,NativeJobBarrier,300,
487,CommitDecision,300,
487,VoxelCommit,1300,
487,EcsCommandBufferCommit,49000,
487,GasAndEventFinalize,16700,
487,ReplicationProjection,188800,
487,SnapshotHashMetrics,800,
487,EgressPublish,12431900,
488,IngressCapture,3100,
488,DecodeAndCanonicalize,100,
488,ApplyInputs,177000,
488,ProcessorPlan,30200,
488,CrossWorldPrepare,600,
488,NativeJobBarrier,200,
488,CommitDecision,400,
488,VoxelCommit,800,
488,EcsCommandBufferCommit,40500,
488,GasAndEventFinalize,12300,
488,ReplicationProjection,113300,
488,SnapshotHashMetrics,100,
488,EgressPublish,9362700,
489,IngressCapture,4200,
489,DecodeAndCanonicalize,200,
489,ApplyInputs,350900,
489,ProcessorPlan,47100,
489,CrossWorldPrepare,600,
489,NativeJobBarrier,200,
489,CommitDecision,200,
489,VoxelCommit,1200,
489,EcsCommandBufferCommit,45400,
489,GasAndEventFinalize,17000,
489,ReplicationProjection,192600,
489,SnapshotHashMetrics,300,
489,EgressPublish,13895400,
490,IngressCapture,3900,
490,DecodeAndCanonicalize,100,
490,ApplyInputs,154900,
490,ProcessorPlan,27600,
490,CrossWorldPrepare,500,
490,NativeJobBarrier,100,
490,CommitDecision,200,
490,VoxelCommit,500,
490,EcsCommandBufferCommit,31500,
490,GasAndEventFinalize,13200,
490,ReplicationProjection,116400,
490,SnapshotHashMetrics,200,
490,EgressPublish,13928400,
491,IngressCapture,4200,
491,DecodeAndCanonicalize,300,
491,ApplyInputs,542400,
491,ProcessorPlan,36400,
491,CrossWorldPrepare,500,
491,NativeJobBarrier,200,
491,CommitDecision,200,
491,VoxelCommit,700,
491,EcsCommandBufferCommit,79800,
491,GasAndEventFinalize,32100,
491,ReplicationProjection,128000,
491,SnapshotHashMetrics,200,
491,EgressPublish,10048300,
492,IngressCapture,4600,
492,DecodeAndCanonicalize,200,
492,ApplyInputs,399500,
492,ProcessorPlan,45400,
492,CrossWorldPrepare,1000,
492,NativeJobBarrier,300,
492,CommitDecision,300,
492,VoxelCommit,1000,
492,EcsCommandBufferCommit,60900,
492,GasAndEventFinalize,10000,
492,ReplicationProjection,118900,
492,SnapshotHashMetrics,200,
492,EgressPublish,13622900,
493,IngressCapture,3500,
493,DecodeAndCanonicalize,100,
493,ApplyInputs,155100,
493,ProcessorPlan,26200,
493,CrossWorldPrepare,500,
493,NativeJobBarrier,100,
493,CommitDecision,300,
493,VoxelCommit,700,
493,EcsCommandBufferCommit,28900,
493,GasAndEventFinalize,11900,
493,ReplicationProjection,111900,
493,SnapshotHashMetrics,200,
493,EgressPublish,10009400,
494,IngressCapture,3300,
494,DecodeAndCanonicalize,100,
494,ApplyInputs,146600,
494,ProcessorPlan,24500,
494,CrossWorldPrepare,500,
494,NativeJobBarrier,100,
494,CommitDecision,100,
494,VoxelCommit,700,
494,EcsCommandBufferCommit,33800,
494,GasAndEventFinalize,11400,
494,ReplicationProjection,120800,
494,SnapshotHashMetrics,100,
494,EgressPublish,8808400,
495,IngressCapture,4100,
495,DecodeAndCanonicalize,200,
495,ApplyInputs,171800,
495,ProcessorPlan,26300,
495,CrossWorldPrepare,500,
495,NativeJobBarrier,200,
495,CommitDecision,300,
495,VoxelCommit,400,
495,EcsCommandBufferCommit,29700,
495,GasAndEventFinalize,10300,
495,ReplicationProjection,111300,
495,SnapshotHashMetrics,200,
495,EgressPublish,11122100,
496,IngressCapture,3300,
496,DecodeAndCanonicalize,100,
496,ApplyInputs,140300,
496,ProcessorPlan,26800,
496,CrossWorldPrepare,600,
496,NativeJobBarrier,400,
496,CommitDecision,200,
496,VoxelCommit,600,
496,EcsCommandBufferCommit,35000,
496,GasAndEventFinalize,10900,
496,ReplicationProjection,110900,
496,SnapshotHashMetrics,200,
496,EgressPublish,8857100,
497,IngressCapture,5300,
497,DecodeAndCanonicalize,200,
497,ApplyInputs,228800,
497,ProcessorPlan,37900,
497,CrossWorldPrepare,600,
497,NativeJobBarrier,200,
497,CommitDecision,700,
497,VoxelCommit,800,
497,EcsCommandBufferCommit,45100,
497,GasAndEventFinalize,17900,
497,ReplicationProjection,165400,
497,SnapshotHashMetrics,800,
497,EgressPublish,8958400,
498,IngressCapture,2400,
498,DecodeAndCanonicalize,100,
498,ApplyInputs,305000,
498,ProcessorPlan,30900,
498,CrossWorldPrepare,500,
498,NativeJobBarrier,200,
498,CommitDecision,100,
498,VoxelCommit,400,
498,EcsCommandBufferCommit,23100,
498,GasAndEventFinalize,29000,
498,ReplicationProjection,110700,
498,SnapshotHashMetrics,200,
498,EgressPublish,8971200,
499,IngressCapture,4200,
499,DecodeAndCanonicalize,200,
499,ApplyInputs,312900,
499,ProcessorPlan,31100,
499,CrossWorldPrepare,900,
499,NativeJobBarrier,200,
499,CommitDecision,200,
499,VoxelCommit,800,
499,EcsCommandBufferCommit,134200,
499,GasAndEventFinalize,25200,
499,ReplicationProjection,309600,
499,SnapshotHashMetrics,400,
499,EgressPublish,9108200,
500,IngressCapture,2900,
500,DecodeAndCanonicalize,200,
500,ApplyInputs,209500,
500,ProcessorPlan,31100,
500,CrossWorldPrepare,600,
500,NativeJobBarrier,200,
500,CommitDecision,300,
500,VoxelCommit,500,
500,EcsCommandBufferCommit,32700,
500,GasAndEventFinalize,10000,
500,ReplicationProjection,132500,
500,SnapshotHashMetrics,100,
500,EgressPublish,11297800,
501,IngressCapture,3000,
501,DecodeAndCanonicalize,100,
501,ApplyInputs,127600,
501,ProcessorPlan,25500,
501,CrossWorldPrepare,600,
501,NativeJobBarrier,200,
501,CommitDecision,300,
501,VoxelCommit,400,
501,EcsCommandBufferCommit,21800,
501,GasAndEventFinalize,7300,
501,ReplicationProjection,126900,
501,SnapshotHashMetrics,200,
501,EgressPublish,8211000,
502,IngressCapture,4100,
502,DecodeAndCanonicalize,200,
502,ApplyInputs,249800,
502,ProcessorPlan,41300,
502,CrossWorldPrepare,900,
502,NativeJobBarrier,200,
502,CommitDecision,400,
502,VoxelCommit,700,
502,EcsCommandBufferCommit,166400,
502,GasAndEventFinalize,37600,
502,ReplicationProjection,447600,
502,SnapshotHashMetrics,600,
502,EgressPublish,12146700,
503,IngressCapture,6000,
503,DecodeAndCanonicalize,100,
503,ApplyInputs,295800,
503,ProcessorPlan,30800,
503,CrossWorldPrepare,400,
503,NativeJobBarrier,200,
503,CommitDecision,400,
503,VoxelCommit,900,
503,EcsCommandBufferCommit,47200,
503,GasAndEventFinalize,15300,
503,ReplicationProjection,123000,
503,SnapshotHashMetrics,100,
503,EgressPublish,13683700,
504,IngressCapture,4800,
504,DecodeAndCanonicalize,100,
504,ApplyInputs,250800,
504,ProcessorPlan,33400,
504,CrossWorldPrepare,600,
504,NativeJobBarrier,300,
504,CommitDecision,100,
504,VoxelCommit,500,
504,EcsCommandBufferCommit,46900,
504,GasAndEventFinalize,16500,
504,ReplicationProjection,130100,
504,SnapshotHashMetrics,300,
504,EgressPublish,11675300,
505,IngressCapture,4400,
505,DecodeAndCanonicalize,200,
505,ApplyInputs,235000,
505,ProcessorPlan,77100,
505,CrossWorldPrepare,1300,
505,NativeJobBarrier,400,
505,CommitDecision,300,
505,VoxelCommit,800,
505,EcsCommandBufferCommit,55200,
505,GasAndEventFinalize,16200,
505,ReplicationProjection,208600,
505,SnapshotHashMetrics,200,
505,EgressPublish,13425800,
506,IngressCapture,3600,
506,DecodeAndCanonicalize,300,
506,ApplyInputs,477900,
506,ProcessorPlan,61100,
506,CrossWorldPrepare,500,
506,NativeJobBarrier,300,
506,CommitDecision,200,
506,VoxelCommit,700,
506,EcsCommandBufferCommit,39500,
506,GasAndEventFinalize,32400,
506,ReplicationProjection,191800,
506,SnapshotHashMetrics,400,
506,EgressPublish,12536600,
507,IngressCapture,3400,
507,DecodeAndCanonicalize,100,
507,ApplyInputs,164200,
507,ProcessorPlan,28700,
507,CrossWorldPrepare,700,
507,NativeJobBarrier,200,
507,CommitDecision,200,
507,VoxelCommit,600,
507,EcsCommandBufferCommit,33900,
507,GasAndEventFinalize,13400,
507,ReplicationProjection,120700,
507,SnapshotHashMetrics,100,
507,EgressPublish,10485300,
508,IngressCapture,3100,
508,DecodeAndCanonicalize,200,
508,ApplyInputs,126500,
508,ProcessorPlan,25300,
508,CrossWorldPrepare,500,
508,NativeJobBarrier,100,
508,CommitDecision,400,
508,VoxelCommit,600,
508,EcsCommandBufferCommit,34300,
508,GasAndEventFinalize,11900,
508,ReplicationProjection,119000,
508,SnapshotHashMetrics,200,
508,EgressPublish,11971700,
509,IngressCapture,2900,
509,DecodeAndCanonicalize,200,
509,ApplyInputs,140300,
509,ProcessorPlan,25400,
509,CrossWorldPrepare,500,
509,NativeJobBarrier,200,
509,CommitDecision,600,
509,VoxelCommit,600,
509,EcsCommandBufferCommit,32500,
509,GasAndEventFinalize,10500,
509,ReplicationProjection,114900,
509,SnapshotHashMetrics,100,
509,EgressPublish,11521600,
510,IngressCapture,4700,
510,DecodeAndCanonicalize,200,
510,ApplyInputs,191400,
510,ProcessorPlan,35200,
510,CrossWorldPrepare,700,
510,NativeJobBarrier,300,
510,CommitDecision,400,
510,VoxelCommit,600,
510,EcsCommandBufferCommit,34600,
510,GasAndEventFinalize,12800,
510,ReplicationProjection,166100,
510,SnapshotHashMetrics,400,
510,EgressPublish,12715700,
511,IngressCapture,3900,
511,DecodeAndCanonicalize,100,
511,ApplyInputs,179500,
511,ProcessorPlan,31200,
511,CrossWorldPrepare,600,
511,NativeJobBarrier,200,
511,CommitDecision,600,
511,VoxelCommit,700,
511,EcsCommandBufferCommit,39400,
511,GasAndEventFinalize,14200,
511,ReplicationProjection,124500,
511,SnapshotHashMetrics,200,
511,EgressPublish,13739700,
512,IngressCapture,3600,
512,DecodeAndCanonicalize,200,
512,ApplyInputs,251300,
512,ProcessorPlan,50900,
512,CrossWorldPrepare,500,
512,NativeJobBarrier,500,
512,CommitDecision,200,
512,VoxelCommit,900,
512,EcsCommandBufferCommit,56300,
512,GasAndEventFinalize,21300,
512,ReplicationProjection,127400,
512,SnapshotHashMetrics,100,
512,EgressPublish,12047100,
513,IngressCapture,5000,
513,DecodeAndCanonicalize,200,
513,ApplyInputs,267900,
513,ProcessorPlan,44900,
513,CrossWorldPrepare,500,
513,NativeJobBarrier,200,
513,CommitDecision,400,
513,VoxelCommit,1500,
513,EcsCommandBufferCommit,48900,
513,GasAndEventFinalize,15700,
513,ReplicationProjection,170900,
513,SnapshotHashMetrics,700,
513,EgressPublish,15011300,
514,IngressCapture,3600,
514,DecodeAndCanonicalize,200,
514,ApplyInputs,491700,
514,ProcessorPlan,71400,
514,CrossWorldPrepare,700,
514,NativeJobBarrier,200,
514,CommitDecision,400,
514,VoxelCommit,1100,
514,EcsCommandBufferCommit,56800,
514,GasAndEventFinalize,45900,
514,ReplicationProjection,198500,
514,SnapshotHashMetrics,400,
514,EgressPublish,13016900,
515,IngressCapture,3000,
515,DecodeAndCanonicalize,200,
515,ApplyInputs,129600,
515,ProcessorPlan,25800,
515,CrossWorldPrepare,500,
515,NativeJobBarrier,200,
515,CommitDecision,200,
515,VoxelCommit,400,
515,EcsCommandBufferCommit,31200,
515,GasAndEventFinalize,11100,
515,ReplicationProjection,106800,
515,SnapshotHashMetrics,200,
515,EgressPublish,13212900,
516,IngressCapture,8200,
516,DecodeAndCanonicalize,100,
516,ApplyInputs,188700,
516,ProcessorPlan,27200,
516,CrossWorldPrepare,500,
516,NativeJobBarrier,300,
516,CommitDecision,100,
516,VoxelCommit,400,
516,EcsCommandBufferCommit,37200,
516,GasAndEventFinalize,13000,
516,ReplicationProjection,112600,
516,SnapshotHashMetrics,200,
516,EgressPublish,15080500,
517,IngressCapture,5200,
517,DecodeAndCanonicalize,200,
517,ApplyInputs,237600,
517,ProcessorPlan,36200,
517,CrossWorldPrepare,700,
517,NativeJobBarrier,200,
517,CommitDecision,200,
517,VoxelCommit,800,
517,EcsCommandBufferCommit,38900,
517,GasAndEventFinalize,15200,
517,ReplicationProjection,170600,
517,SnapshotHashMetrics,400,
517,EgressPublish,13278300,
518,IngressCapture,5300,
518,DecodeAndCanonicalize,200,
518,ApplyInputs,284600,
518,ProcessorPlan,42600,
518,CrossWorldPrepare,400,
518,NativeJobBarrier,200,
518,CommitDecision,300,
518,VoxelCommit,700,
518,EcsCommandBufferCommit,157500,
518,GasAndEventFinalize,29500,
518,ReplicationProjection,417900,
518,SnapshotHashMetrics,400,
518,EgressPublish,13572600,
519,IngressCapture,4200,
519,DecodeAndCanonicalize,200,
519,ApplyInputs,296700,
519,ProcessorPlan,43200,
519,CrossWorldPrepare,600,
519,NativeJobBarrier,300,
519,CommitDecision,200,
519,VoxelCommit,1000,
519,EcsCommandBufferCommit,55900,
519,GasAndEventFinalize,16800,
519,ReplicationProjection,205000,
519,SnapshotHashMetrics,200,
519,EgressPublish,16241700,
520,IngressCapture,5500,
520,DecodeAndCanonicalize,200,
520,ApplyInputs,296100,
520,ProcessorPlan,86100,
520,CrossWorldPrepare,800,
520,NativeJobBarrier,300,
520,CommitDecision,300,
520,VoxelCommit,900,
520,EcsCommandBufferCommit,96400,
520,GasAndEventFinalize,21700,
520,ReplicationProjection,218900,
520,SnapshotHashMetrics,200,
520,EgressPublish,16417800,
521,IngressCapture,5400,
521,DecodeAndCanonicalize,200,
521,ApplyInputs,310100,
521,ProcessorPlan,43700,
521,CrossWorldPrepare,600,
521,NativeJobBarrier,300,
521,CommitDecision,600,
521,VoxelCommit,1100,
521,EcsCommandBufferCommit,66200,
521,GasAndEventFinalize,20200,
521,ReplicationProjection,203600,
521,SnapshotHashMetrics,200,
521,EgressPublish,16414400,
522,IngressCapture,4900,
522,DecodeAndCanonicalize,100,
522,ApplyInputs,752200,
522,ProcessorPlan,63800,
522,CrossWorldPrepare,800,
522,NativeJobBarrier,200,
522,CommitDecision,200,
522,VoxelCommit,1300,
522,EcsCommandBufferCommit,218700,
522,GasAndEventFinalize,49600,
522,ReplicationProjection,561500,
522,SnapshotHashMetrics,900,
522,EgressPublish,20197600,
523,IngressCapture,5400,
523,DecodeAndCanonicalize,300,
523,ApplyInputs,230700,
523,ProcessorPlan,42700,
523,CrossWorldPrepare,1600,
523,NativeJobBarrier,300,
523,CommitDecision,500,
523,VoxelCommit,1000,
523,EcsCommandBufferCommit,56000,
523,GasAndEventFinalize,19700,
523,ReplicationProjection,193300,
523,SnapshotHashMetrics,500,
523,EgressPublish,15134600,
524,IngressCapture,4900,
524,DecodeAndCanonicalize,200,
524,ApplyInputs,270500,
524,ProcessorPlan,42600,
524,CrossWorldPrepare,800,
524,NativeJobBarrier,200,
524,CommitDecision,200,
524,VoxelCommit,1400,
524,EcsCommandBufferCommit,66000,
524,GasAndEventFinalize,21500,
524,ReplicationProjection,192500,
524,SnapshotHashMetrics,200,
524,EgressPublish,17517000,
525,IngressCapture,4000,
525,DecodeAndCanonicalize,200,
525,ApplyInputs,273500,
525,ProcessorPlan,40700,
525,CrossWorldPrepare,700,
525,NativeJobBarrier,300,
525,CommitDecision,300,
525,VoxelCommit,1200,
525,EcsCommandBufferCommit,59800,
525,GasAndEventFinalize,20800,
525,ReplicationProjection,162400,
525,SnapshotHashMetrics,200,
525,EgressPublish,17063100,
526,IngressCapture,4800,
526,DecodeAndCanonicalize,300,
526,ApplyInputs,249100,
526,ProcessorPlan,45800,
526,CrossWorldPrepare,500,
526,NativeJobBarrier,200,
526,CommitDecision,200,
526,VoxelCommit,900,
526,EcsCommandBufferCommit,59600,
526,GasAndEventFinalize,20100,
526,ReplicationProjection,182300,
526,SnapshotHashMetrics,200,
526,EgressPublish,17128900,
527,IngressCapture,5700,
527,DecodeAndCanonicalize,300,
527,ApplyInputs,285300,
527,ProcessorPlan,46100,
527,CrossWorldPrepare,600,
527,NativeJobBarrier,600,
527,CommitDecision,200,
527,VoxelCommit,1600,
527,EcsCommandBufferCommit,66100,
527,GasAndEventFinalize,23500,
527,ReplicationProjection,210500,
527,SnapshotHashMetrics,500,
527,EgressPublish,17148100,
528,IngressCapture,3500,
528,DecodeAndCanonicalize,200,
528,ApplyInputs,213500,
528,ProcessorPlan,44900,
528,CrossWorldPrepare,600,
528,NativeJobBarrier,200,
528,CommitDecision,400,
528,VoxelCommit,1000,
528,EcsCommandBufferCommit,57900,
528,GasAndEventFinalize,21300,
528,ReplicationProjection,177200,
528,SnapshotHashMetrics,400,
528,EgressPublish,17183000,
529,IngressCapture,5600,
529,DecodeAndCanonicalize,200,
529,ApplyInputs,289600,
529,ProcessorPlan,46200,
529,CrossWorldPrepare,700,
529,NativeJobBarrier,400,
529,CommitDecision,300,
529,VoxelCommit,800,
529,EcsCommandBufferCommit,71100,
529,GasAndEventFinalize,21900,
529,ReplicationProjection,183900,
529,SnapshotHashMetrics,200,
529,EgressPublish,18319400,
530,IngressCapture,5300,
530,DecodeAndCanonicalize,200,
530,ApplyInputs,249600,
530,ProcessorPlan,53100,
530,CrossWorldPrepare,800,
530,NativeJobBarrier,200,
530,CommitDecision,400,
530,VoxelCommit,900,
530,EcsCommandBufferCommit,75300,
530,GasAndEventFinalize,24300,
530,ReplicationProjection,212900,
530,SnapshotHashMetrics,600,
530,EgressPublish,18139400,
531,IngressCapture,5200,
531,DecodeAndCanonicalize,300,
531,ApplyInputs,507200,
531,ProcessorPlan,30000,
531,CrossWorldPrepare,800,
531,NativeJobBarrier,300,
531,CommitDecision,200,
531,VoxelCommit,900,
531,EcsCommandBufferCommit,50800,
531,GasAndEventFinalize,29100,
531,ReplicationProjection,126000,
531,SnapshotHashMetrics,200,
531,EgressPublish,16381900,
532,IngressCapture,4000,
532,DecodeAndCanonicalize,200,
532,ApplyInputs,270800,
532,ProcessorPlan,54500,
532,CrossWorldPrepare,700,
532,NativeJobBarrier,200,
532,CommitDecision,600,
532,VoxelCommit,1700,
532,EcsCommandBufferCommit,64700,
532,GasAndEventFinalize,21300,
532,ReplicationProjection,194000,
532,SnapshotHashMetrics,400,
532,EgressPublish,16936600,
533,IngressCapture,3800,
533,DecodeAndCanonicalize,100,
533,ApplyInputs,188100,
533,ProcessorPlan,42000,
533,CrossWorldPrepare,700,
533,NativeJobBarrier,200,
533,CommitDecision,300,
533,VoxelCommit,1000,
533,EcsCommandBufferCommit,59100,
533,GasAndEventFinalize,18500,
533,ReplicationProjection,136100,
533,SnapshotHashMetrics,200,
533,EgressPublish,15007600,
534,IngressCapture,5200,
534,DecodeAndCanonicalize,200,
534,ApplyInputs,260400,
534,ProcessorPlan,41500,
534,CrossWorldPrepare,500,
534,NativeJobBarrier,600,
534,CommitDecision,200,
534,VoxelCommit,1100,
534,EcsCommandBufferCommit,52600,
534,GasAndEventFinalize,19900,
534,ReplicationProjection,180600,
534,SnapshotHashMetrics,200,
534,EgressPublish,16982300,
535,IngressCapture,5700,
535,DecodeAndCanonicalize,200,
535,ApplyInputs,276200,
535,ProcessorPlan,60600,
535,CrossWorldPrepare,2100,
535,NativeJobBarrier,200,
535,CommitDecision,200,
535,VoxelCommit,1100,
535,EcsCommandBufferCommit,78000,
535,GasAndEventFinalize,25200,
535,ReplicationProjection,243200,
535,SnapshotHashMetrics,700,
535,EgressPublish,17782200,
536,IngressCapture,5700,
536,DecodeAndCanonicalize,300,
536,ApplyInputs,332300,
536,ProcessorPlan,94900,
536,CrossWorldPrepare,1300,
536,NativeJobBarrier,200,
536,CommitDecision,300,
536,VoxelCommit,1000,
536,EcsCommandBufferCommit,45400,
536,GasAndEventFinalize,12700,
536,ReplicationProjection,118300,
536,SnapshotHashMetrics,300,
536,EgressPublish,14108100,
537,IngressCapture,4300,
537,DecodeAndCanonicalize,200,
537,ApplyInputs,230100,
537,ProcessorPlan,42900,
537,CrossWorldPrepare,600,
537,NativeJobBarrier,300,
537,CommitDecision,500,
537,VoxelCommit,1000,
537,EcsCommandBufferCommit,52800,
537,GasAndEventFinalize,20800,
537,ReplicationProjection,185000,
537,SnapshotHashMetrics,500,
537,EgressPublish,17802100,
538,IngressCapture,4600,
538,DecodeAndCanonicalize,100,
538,ApplyInputs,202600,
538,ProcessorPlan,43500,
538,CrossWorldPrepare,800,
538,NativeJobBarrier,100,
538,CommitDecision,200,
538,VoxelCommit,1000,
538,EcsCommandBufferCommit,66600,
538,GasAndEventFinalize,20500,
538,ReplicationProjection,185100,
538,SnapshotHashMetrics,900,
538,EgressPublish,17142300,
539,IngressCapture,4100,
539,DecodeAndCanonicalize,200,
539,ApplyInputs,435500,
539,ProcessorPlan,35600,
539,CrossWorldPrepare,1000,
539,NativeJobBarrier,200,
539,CommitDecision,400,
539,VoxelCommit,800,
539,EcsCommandBufferCommit,51900,
539,GasAndEventFinalize,31800,
539,ReplicationProjection,159600,
539,SnapshotHashMetrics,600,
539,EgressPublish,13337000,
540,IngressCapture,4000,
540,DecodeAndCanonicalize,100,
540,ApplyInputs,178500,
540,ProcessorPlan,39000,
540,CrossWorldPrepare,600,
540,NativeJobBarrier,200,
540,CommitDecision,500,
540,VoxelCommit,600,
540,EcsCommandBufferCommit,46300,
540,GasAndEventFinalize,12500,
540,ReplicationProjection,119200,
540,SnapshotHashMetrics,100,
540,EgressPublish,14051500,
541,IngressCapture,3400,
541,DecodeAndCanonicalize,300,
541,ApplyInputs,206900,
541,ProcessorPlan,45100,
541,CrossWorldPrepare,900,
541,NativeJobBarrier,200,
541,CommitDecision,200,
541,VoxelCommit,1300,
541,EcsCommandBufferCommit,55100,
541,GasAndEventFinalize,23600,
541,ReplicationProjection,194700,
541,SnapshotHashMetrics,600,
541,EgressPublish,15729000,
542,IngressCapture,4300,
542,DecodeAndCanonicalize,100,
542,ApplyInputs,320800,
542,ProcessorPlan,51200,
542,CrossWorldPrepare,700,
542,NativeJobBarrier,200,
542,CommitDecision,400,
542,VoxelCommit,1100,
542,EcsCommandBufferCommit,67500,
542,GasAndEventFinalize,22300,
542,ReplicationProjection,223100,
542,SnapshotHashMetrics,500,
542,EgressPublish,11554200,
543,IngressCapture,4300,
543,DecodeAndCanonicalize,200,
543,ApplyInputs,162700,
543,ProcessorPlan,28000,
543,CrossWorldPrepare,700,
543,NativeJobBarrier,200,
543,CommitDecision,200,
543,VoxelCommit,700,
543,EcsCommandBufferCommit,56500,
543,GasAndEventFinalize,22200,
543,ReplicationProjection,131200,
543,SnapshotHashMetrics,200,
543,EgressPublish,14325800,
544,IngressCapture,4700,
544,DecodeAndCanonicalize,100,
544,ApplyInputs,261100,
544,ProcessorPlan,40100,
544,CrossWorldPrepare,300,
544,NativeJobBarrier,400,
544,CommitDecision,500,
544,VoxelCommit,1200,
544,EcsCommandBufferCommit,56900,
544,GasAndEventFinalize,20200,
544,ReplicationProjection,168600,
544,SnapshotHashMetrics,300,
544,EgressPublish,12425000,
545,IngressCapture,6100,
545,DecodeAndCanonicalize,200,
545,ApplyInputs,310800,
545,ProcessorPlan,42800,
545,CrossWorldPrepare,700,
545,NativeJobBarrier,200,
545,CommitDecision,200,
545,VoxelCommit,700,
545,EcsCommandBufferCommit,44800,
545,GasAndEventFinalize,19400,
545,ReplicationProjection,184200,
545,SnapshotHashMetrics,600,
545,EgressPublish,16350000,
546,IngressCapture,3700,
546,DecodeAndCanonicalize,200,
546,ApplyInputs,543100,
546,ProcessorPlan,82300,
546,CrossWorldPrepare,700,
546,NativeJobBarrier,200,
546,CommitDecision,200,
546,VoxelCommit,1800,
546,EcsCommandBufferCommit,58100,
546,GasAndEventFinalize,33800,
546,ReplicationProjection,189400,
546,SnapshotHashMetrics,200,
546,EgressPublish,15869500,
547,IngressCapture,5200,
547,DecodeAndCanonicalize,300,
547,ApplyInputs,236000,
547,ProcessorPlan,50900,
547,CrossWorldPrepare,700,
547,NativeJobBarrier,500,
547,CommitDecision,500,
547,VoxelCommit,1600,
547,EcsCommandBufferCommit,74500,
547,GasAndEventFinalize,23500,
547,ReplicationProjection,214500,
547,SnapshotHashMetrics,800,
547,EgressPublish,17966800,
548,IngressCapture,14300,
548,DecodeAndCanonicalize,200,
548,ApplyInputs,186600,
548,ProcessorPlan,28700,
548,CrossWorldPrepare,700,
548,NativeJobBarrier,200,
548,CommitDecision,300,
548,VoxelCommit,400,
548,EcsCommandBufferCommit,40700,
548,GasAndEventFinalize,15600,
548,ReplicationProjection,118200,
548,SnapshotHashMetrics,200,
548,EgressPublish,13534900,
549,IngressCapture,8400,
549,DecodeAndCanonicalize,300,
549,ApplyInputs,266100,
549,ProcessorPlan,51700,
549,CrossWorldPrepare,800,
549,NativeJobBarrier,300,
549,CommitDecision,500,
549,VoxelCommit,1100,
549,EcsCommandBufferCommit,82900,
549,GasAndEventFinalize,45800,
549,ReplicationProjection,224600,
549,SnapshotHashMetrics,200,
549,EgressPublish,28113900,
550,IngressCapture,5600,
550,DecodeAndCanonicalize,300,
550,ApplyInputs,279400,
550,ProcessorPlan,41800,
550,CrossWorldPrepare,600,
550,NativeJobBarrier,400,
550,CommitDecision,300,
550,VoxelCommit,1200,
550,EcsCommandBufferCommit,64700,
550,GasAndEventFinalize,18700,
550,ReplicationProjection,181100,
550,SnapshotHashMetrics,400,
550,EgressPublish,15923400,
551,IngressCapture,5500,
551,DecodeAndCanonicalize,300,
551,ApplyInputs,334500,
551,ProcessorPlan,49400,
551,CrossWorldPrepare,1100,
551,NativeJobBarrier,400,
551,CommitDecision,200,
551,VoxelCommit,1300,
551,EcsCommandBufferCommit,75300,
551,GasAndEventFinalize,25000,
551,ReplicationProjection,203200,
551,SnapshotHashMetrics,200,
551,EgressPublish,16304200,
552,IngressCapture,5400,
552,DecodeAndCanonicalize,200,
552,ApplyInputs,190800,
552,ProcessorPlan,30500,
552,CrossWorldPrepare,500,
552,NativeJobBarrier,300,
552,CommitDecision,100,
552,VoxelCommit,800,
552,EcsCommandBufferCommit,45200,
552,GasAndEventFinalize,13000,
552,ReplicationProjection,132500,
552,SnapshotHashMetrics,200,
552,EgressPublish,12563500,
553,IngressCapture,4600,
553,DecodeAndCanonicalize,100,
553,ApplyInputs,283100,
553,ProcessorPlan,44300,
553,CrossWorldPrepare,500,
553,NativeJobBarrier,300,
553,CommitDecision,100,
553,VoxelCommit,1200,
553,EcsCommandBufferCommit,60200,
553,GasAndEventFinalize,18900,
553,ReplicationProjection,178700,
553,SnapshotHashMetrics,600,
553,EgressPublish,13857500,
554,IngressCapture,5500,
554,DecodeAndCanonicalize,200,
554,ApplyInputs,199300,
554,ProcessorPlan,36100,
554,CrossWorldPrepare,500,
554,NativeJobBarrier,400,
554,CommitDecision,400,
554,VoxelCommit,1700,
554,EcsCommandBufferCommit,72600,
554,GasAndEventFinalize,17900,
554,ReplicationProjection,123800,
554,SnapshotHashMetrics,200,
554,EgressPublish,14682900,
555,IngressCapture,4800,
555,DecodeAndCanonicalize,200,
555,ApplyInputs,482600,
555,ProcessorPlan,31900,
555,CrossWorldPrepare,900,
555,NativeJobBarrier,300,
555,CommitDecision,300,
555,VoxelCommit,1800,
555,EcsCommandBufferCommit,48300,
555,GasAndEventFinalize,30400,
555,ReplicationProjection,126000,
555,SnapshotHashMetrics,200,
555,EgressPublish,13551200,
556,IngressCapture,3200,
556,DecodeAndCanonicalize,200,
556,ApplyInputs,151900,
556,ProcessorPlan,25800,
556,CrossWorldPrepare,300,
556,NativeJobBarrier,100,
556,CommitDecision,200,
556,VoxelCommit,600,
556,EcsCommandBufferCommit,35600,
556,GasAndEventFinalize,11200,
556,ReplicationProjection,111100,
556,SnapshotHashMetrics,200,
556,EgressPublish,14955100,
557,IngressCapture,4700,
557,DecodeAndCanonicalize,200,
557,ApplyInputs,215900,
557,ProcessorPlan,41400,
557,CrossWorldPrepare,900,
557,NativeJobBarrier,200,
557,CommitDecision,200,
557,VoxelCommit,1100,
557,EcsCommandBufferCommit,51700,
557,GasAndEventFinalize,17900,
557,ReplicationProjection,180800,
557,SnapshotHashMetrics,300,
557,EgressPublish,16462800,
558,IngressCapture,4500,
558,DecodeAndCanonicalize,300,
558,ApplyInputs,242800,
558,ProcessorPlan,27800,
558,CrossWorldPrepare,400,
558,NativeJobBarrier,100,
558,CommitDecision,300,
558,VoxelCommit,700,
558,EcsCommandBufferCommit,36200,
558,GasAndEventFinalize,11400,
558,ReplicationProjection,114400,
558,SnapshotHashMetrics,200,
558,EgressPublish,15463600,
559,IngressCapture,4900,
559,DecodeAndCanonicalize,100,
559,ApplyInputs,169700,
559,ProcessorPlan,32900,
559,CrossWorldPrepare,900,
559,NativeJobBarrier,200,
559,CommitDecision,200,
559,VoxelCommit,900,
559,EcsCommandBufferCommit,57100,
559,GasAndEventFinalize,15800,
559,ReplicationProjection,119600,
559,SnapshotHashMetrics,200,
559,EgressPublish,16090400,
560,IngressCapture,6700,
560,DecodeAndCanonicalize,300,
560,ApplyInputs,317000,
560,ProcessorPlan,40600,
560,CrossWorldPrepare,900,
560,NativeJobBarrier,500,
560,CommitDecision,700,
560,VoxelCommit,1000,
560,EcsCommandBufferCommit,62800,
560,GasAndEventFinalize,18800,
560,ReplicationProjection,170200,
560,SnapshotHashMetrics,400,
560,EgressPublish,13511200,
561,IngressCapture,5100,
561,DecodeAndCanonicalize,200,
561,ApplyInputs,266900,
561,ProcessorPlan,31000,
561,CrossWorldPrepare,500,
561,NativeJobBarrier,100,
561,CommitDecision,400,
561,VoxelCommit,1200,
561,EcsCommandBufferCommit,47600,
561,GasAndEventFinalize,15500,
561,ReplicationProjection,111800,
561,SnapshotHashMetrics,100,
561,EgressPublish,14283300,
562,IngressCapture,6200,
562,DecodeAndCanonicalize,200,
562,ApplyInputs,270800,
562,ProcessorPlan,47000,
562,CrossWorldPrepare,1100,
562,NativeJobBarrier,200,
562,CommitDecision,500,
562,VoxelCommit,1800,
562,EcsCommandBufferCommit,78900,
562,GasAndEventFinalize,23800,
562,ReplicationProjection,211600,
562,SnapshotHashMetrics,400,
562,EgressPublish,16009600,
563,IngressCapture,4700,
563,DecodeAndCanonicalize,200,
563,ApplyInputs,613700,
563,ProcessorPlan,41700,
563,CrossWorldPrepare,700,
563,NativeJobBarrier,300,
563,CommitDecision,100,
563,VoxelCommit,800,
563,EcsCommandBufferCommit,178900,
563,GasAndEventFinalize,34700,
563,ReplicationProjection,524200,
563,SnapshotHashMetrics,700,
563,EgressPublish,16900800,
564,IngressCapture,4600,
564,DecodeAndCanonicalize,200,
564,ApplyInputs,210600,
564,ProcessorPlan,47100,
564,CrossWorldPrepare,800,
564,NativeJobBarrier,200,
564,CommitDecision,200,
564,VoxelCommit,1500,
564,EcsCommandBufferCommit,67400,
564,GasAndEventFinalize,17700,
564,ReplicationProjection,136200,
564,SnapshotHashMetrics,200,
564,EgressPublish,13593900,
565,IngressCapture,5000,
565,DecodeAndCanonicalize,100,
565,ApplyInputs,200000,
565,ProcessorPlan,34100,
565,CrossWorldPrepare,800,
565,NativeJobBarrier,200,
565,CommitDecision,300,
565,VoxelCommit,1400,
565,EcsCommandBufferCommit,55500,
565,GasAndEventFinalize,20200,
565,ReplicationProjection,145200,
565,SnapshotHashMetrics,300,
565,EgressPublish,14296600,
566,IngressCapture,3900,
566,DecodeAndCanonicalize,100,
566,ApplyInputs,213100,
566,ProcessorPlan,36700,
566,CrossWorldPrepare,500,
566,NativeJobBarrier,300,
566,CommitDecision,100,
566,VoxelCommit,900,
566,EcsCommandBufferCommit,55700,
566,GasAndEventFinalize,18900,
566,ReplicationProjection,134500,
566,SnapshotHashMetrics,100,
566,EgressPublish,14194900,
567,IngressCapture,4200,
567,DecodeAndCanonicalize,100,
567,ApplyInputs,160100,
567,ProcessorPlan,31600,
567,CrossWorldPrepare,600,
567,NativeJobBarrier,200,
567,CommitDecision,200,
567,VoxelCommit,900,
567,EcsCommandBufferCommit,45600,
567,GasAndEventFinalize,21100,
567,ReplicationProjection,147300,
567,SnapshotHashMetrics,100,
567,EgressPublish,13004400,
568,IngressCapture,3300,
568,DecodeAndCanonicalize,100,
568,ApplyInputs,177500,
568,ProcessorPlan,34000,
568,CrossWorldPrepare,700,
568,NativeJobBarrier,200,
568,CommitDecision,500,
568,VoxelCommit,1000,
568,EcsCommandBufferCommit,50100,
568,GasAndEventFinalize,15600,
568,ReplicationProjection,134200,
568,SnapshotHashMetrics,100,
568,EgressPublish,14551900,
569,IngressCapture,4100,
569,DecodeAndCanonicalize,200,
569,ApplyInputs,271600,
569,ProcessorPlan,50600,
569,CrossWorldPrepare,500,
569,NativeJobBarrier,200,
569,CommitDecision,300,
569,VoxelCommit,1400,
569,EcsCommandBufferCommit,59800,
569,GasAndEventFinalize,20600,
569,ReplicationProjection,210000,
569,SnapshotHashMetrics,300,
569,EgressPublish,16523100,
570,IngressCapture,6500,
570,DecodeAndCanonicalize,200,
570,ApplyInputs,253500,
570,ProcessorPlan,47000,
570,CrossWorldPrepare,700,
570,NativeJobBarrier,400,
570,CommitDecision,500,
570,VoxelCommit,1000,
570,EcsCommandBufferCommit,62300,
570,GasAndEventFinalize,23000,
570,ReplicationProjection,195800,
570,SnapshotHashMetrics,300,
570,EgressPublish,13910100,
571,IngressCapture,5900,
571,DecodeAndCanonicalize,200,
571,ApplyInputs,804000,
571,ProcessorPlan,74200,
571,CrossWorldPrepare,1400,
571,NativeJobBarrier,200,
571,CommitDecision,200,
571,VoxelCommit,1200,
571,EcsCommandBufferCommit,66500,
571,GasAndEventFinalize,48200,
571,ReplicationProjection,291400,
571,SnapshotHashMetrics,300,
571,EgressPublish,18334800,
572,IngressCapture,4800,
572,DecodeAndCanonicalize,100,
572,ApplyInputs,218800,
572,ProcessorPlan,48200,
572,CrossWorldPrepare,500,
572,NativeJobBarrier,300,
572,CommitDecision,200,
572,VoxelCommit,1600,
572,EcsCommandBufferCommit,66800,
572,GasAndEventFinalize,26100,
572,ReplicationProjection,200700,
572,SnapshotHashMetrics,300,
572,EgressPublish,14204900,
573,IngressCapture,4000,
573,DecodeAndCanonicalize,100,
573,ApplyInputs,202100,
573,ProcessorPlan,34800,
573,CrossWorldPrepare,800,
573,NativeJobBarrier,100,
573,CommitDecision,100,
573,VoxelCommit,900,
573,EcsCommandBufferCommit,55500,
573,GasAndEventFinalize,18800,
573,ReplicationProjection,134200,
573,SnapshotHashMetrics,200,
573,EgressPublish,15795500,
574,IngressCapture,5200,
574,DecodeAndCanonicalize,100,
574,ApplyInputs,202100,
574,ProcessorPlan,35600,
574,CrossWorldPrepare,500,
574,NativeJobBarrier,100,
574,CommitDecision,300,
574,VoxelCommit,1000,
574,EcsCommandBufferCommit,44200,
574,GasAndEventFinalize,14300,
574,ReplicationProjection,152400,
574,SnapshotHashMetrics,200,
574,EgressPublish,15822300,
575,IngressCapture,7100,
575,DecodeAndCanonicalize,800,
575,ApplyInputs,415100,
575,ProcessorPlan,61200,
575,CrossWorldPrepare,600,
575,NativeJobBarrier,200,
575,CommitDecision,200,
575,VoxelCommit,1100,
575,EcsCommandBufferCommit,84000,
575,GasAndEventFinalize,28100,
575,ReplicationProjection,266400,
575,SnapshotHashMetrics,1000,
575,EgressPublish,18818500,
576,IngressCapture,7300,
576,DecodeAndCanonicalize,200,
576,ApplyInputs,277400,
576,ProcessorPlan,83000,
576,CrossWorldPrepare,1100,
576,NativeJobBarrier,200,
576,CommitDecision,300,
576,VoxelCommit,1400,
576,EcsCommandBufferCommit,88900,
576,GasAndEventFinalize,26100,
576,ReplicationProjection,255800,
576,SnapshotHashMetrics,400,
576,EgressPublish,19448500,
577,IngressCapture,5900,
577,DecodeAndCanonicalize,200,
577,ApplyInputs,274500,
577,ProcessorPlan,52200,
577,CrossWorldPrepare,500,
577,NativeJobBarrier,300,
577,CommitDecision,200,
577,VoxelCommit,1000,
577,EcsCommandBufferCommit,57200,
577,GasAndEventFinalize,23400,
577,ReplicationProjection,197300,
577,SnapshotHashMetrics,300,
577,EgressPublish,15189200,
578,IngressCapture,8600,
578,DecodeAndCanonicalize,100,
578,ApplyInputs,276800,
578,ProcessorPlan,67400,
578,CrossWorldPrepare,600,
578,NativeJobBarrier,500,
578,CommitDecision,600,
578,VoxelCommit,1200,
578,EcsCommandBufferCommit,62700,
578,GasAndEventFinalize,21400,
578,ReplicationProjection,222700,
578,SnapshotHashMetrics,1400,
578,EgressPublish,17226700,
579,IngressCapture,4900,
579,DecodeAndCanonicalize,200,
579,ApplyInputs,898100,
579,ProcessorPlan,82300,
579,CrossWorldPrepare,1400,
579,NativeJobBarrier,500,
579,CommitDecision,400,
579,VoxelCommit,2800,
579,EcsCommandBufferCommit,96600,
579,GasAndEventFinalize,45300,
579,ReplicationProjection,241400,
579,SnapshotHashMetrics,400,
579,EgressPublish,18420300,
580,IngressCapture,2400,
580,DecodeAndCanonicalize,200,
580,ApplyInputs,195100,
580,ProcessorPlan,37400,
580,CrossWorldPrepare,1000,
580,NativeJobBarrier,400,
580,CommitDecision,100,
580,VoxelCommit,500,
580,EcsCommandBufferCommit,46600,
580,GasAndEventFinalize,13600,
580,ReplicationProjection,123700,
580,SnapshotHashMetrics,200,
580,EgressPublish,16300500,
581,IngressCapture,3100,
581,DecodeAndCanonicalize,200,
581,ApplyInputs,158900,
581,ProcessorPlan,52600,
581,CrossWorldPrepare,3600,
581,NativeJobBarrier,200,
581,CommitDecision,300,
581,VoxelCommit,1000,
581,EcsCommandBufferCommit,45700,
581,GasAndEventFinalize,15800,
581,ReplicationProjection,169900,
581,SnapshotHashMetrics,200,
581,EgressPublish,14365200,
582,IngressCapture,5800,
582,DecodeAndCanonicalize,300,
582,ApplyInputs,286800,
582,ProcessorPlan,45500,
582,CrossWorldPrepare,800,
582,NativeJobBarrier,100,
582,CommitDecision,200,
582,VoxelCommit,1200,
582,EcsCommandBufferCommit,61600,
582,GasAndEventFinalize,21400,
582,ReplicationProjection,183200,
582,SnapshotHashMetrics,400,
582,EgressPublish,17700300,
583,IngressCapture,5000,
583,DecodeAndCanonicalize,300,
583,ApplyInputs,181100,
583,ProcessorPlan,35200,
583,CrossWorldPrepare,700,
583,NativeJobBarrier,200,
583,CommitDecision,100,
583,VoxelCommit,500,
583,EcsCommandBufferCommit,48300,
583,GasAndEventFinalize,16500,
583,ReplicationProjection,515400,
583,SnapshotHashMetrics,200,
583,EgressPublish,13371400,
584,IngressCapture,4400,
584,DecodeAndCanonicalize,200,
584,ApplyInputs,218000,
584,ProcessorPlan,36700,
584,CrossWorldPrepare,500,
584,NativeJobBarrier,200,
584,CommitDecision,300,
584,VoxelCommit,400,
584,EcsCommandBufferCommit,66100,
584,GasAndEventFinalize,23300,
584,ReplicationProjection,203200,
584,SnapshotHashMetrics,200,
584,EgressPublish,17133500,
585,IngressCapture,3400,
585,DecodeAndCanonicalize,100,
585,ApplyInputs,185800,
585,ProcessorPlan,32600,
585,CrossWorldPrepare,1200,
585,NativeJobBarrier,200,
585,CommitDecision,200,
585,VoxelCommit,800,
585,EcsCommandBufferCommit,42300,
585,GasAndEventFinalize,14400,
585,ReplicationProjection,126100,
585,SnapshotHashMetrics,100,
585,EgressPublish,12717700,
586,IngressCapture,6000,
586,DecodeAndCanonicalize,200,
586,ApplyInputs,230100,
586,ProcessorPlan,55000,
586,CrossWorldPrepare,700,
586,NativeJobBarrier,400,
586,CommitDecision,200,
586,VoxelCommit,1900,
586,EcsCommandBufferCommit,69400,
586,GasAndEventFinalize,24600,
586,ReplicationProjection,195400,
586,SnapshotHashMetrics,400,
586,EgressPublish,17617500,
587,IngressCapture,4100,
587,DecodeAndCanonicalize,200,
587,ApplyInputs,401400,
587,ProcessorPlan,36200,
587,CrossWorldPrepare,500,
587,NativeJobBarrier,100,
587,CommitDecision,200,
587,VoxelCommit,1000,
587,EcsCommandBufferCommit,54000,
587,GasAndEventFinalize,30600,
587,ReplicationProjection,134400,
587,SnapshotHashMetrics,300,
587,EgressPublish,15608600,
588,IngressCapture,5300,
588,DecodeAndCanonicalize,600,
588,ApplyInputs,201400,
588,ProcessorPlan,35400,
588,CrossWorldPrepare,600,
588,NativeJobBarrier,200,
588,CommitDecision,100,
588,VoxelCommit,1000,
588,EcsCommandBufferCommit,45800,
588,GasAndEventFinalize,15400,
588,ReplicationProjection,127900,
588,SnapshotHashMetrics,100,
588,EgressPublish,15116200,
589,IngressCapture,3400,
589,DecodeAndCanonicalize,200,
589,ApplyInputs,192900,
589,ProcessorPlan,32800,
589,CrossWorldPrepare,500,
589,NativeJobBarrier,200,
589,CommitDecision,400,
589,VoxelCommit,800,
589,EcsCommandBufferCommit,41300,
589,GasAndEventFinalize,12300,
589,ReplicationProjection,122800,
589,SnapshotHashMetrics,200,
589,EgressPublish,10916700,
590,IngressCapture,8900,
590,DecodeAndCanonicalize,200,
590,ApplyInputs,302200,
590,ProcessorPlan,79500,
590,CrossWorldPrepare,900,
590,NativeJobBarrier,300,
590,CommitDecision,500,
590,VoxelCommit,1700,
590,EcsCommandBufferCommit,109200,
590,GasAndEventFinalize,27700,
590,ReplicationProjection,214300,
590,SnapshotHashMetrics,300,
590,EgressPublish,15350900,
591,IngressCapture,3400,
591,DecodeAndCanonicalize,100,
591,ApplyInputs,173800,
591,ProcessorPlan,30800,
591,CrossWorldPrepare,700,
591,NativeJobBarrier,100,
591,CommitDecision,100,
591,VoxelCommit,900,
591,EcsCommandBufferCommit,69200,
591,GasAndEventFinalize,26900,
591,ReplicationProjection,243400,
591,SnapshotHashMetrics,300,
591,EgressPublish,11992600,
592,IngressCapture,3100,
592,DecodeAndCanonicalize,200,
592,ApplyInputs,149800,
592,ProcessorPlan,38100,
592,CrossWorldPrepare,900,
592,NativeJobBarrier,100,
592,CommitDecision,600,
592,VoxelCommit,1100,
592,EcsCommandBufferCommit,47000,
592,GasAndEventFinalize,17000,
592,ReplicationProjection,135900,
592,SnapshotHashMetrics,100,
592,EgressPublish,9950700,
593,IngressCapture,3600,
593,DecodeAndCanonicalize,200,
593,ApplyInputs,169300,
593,ProcessorPlan,28200,
593,CrossWorldPrepare,700,
593,NativeJobBarrier,100,
593,CommitDecision,100,
593,VoxelCommit,700,
593,EcsCommandBufferCommit,34600,
593,GasAndEventFinalize,11700,
593,ReplicationProjection,122300,
593,SnapshotHashMetrics,100,
593,EgressPublish,11575500,
594,IngressCapture,3500,
594,DecodeAndCanonicalize,100,
594,ApplyInputs,396500,
594,ProcessorPlan,42800,
594,CrossWorldPrepare,800,
594,NativeJobBarrier,100,
594,CommitDecision,200,
594,VoxelCommit,800,
594,EcsCommandBufferCommit,54400,
594,GasAndEventFinalize,64300,
594,ReplicationProjection,139700,
594,SnapshotHashMetrics,200,
594,EgressPublish,9761800,
595,IngressCapture,4500,
595,DecodeAndCanonicalize,300,
595,ApplyInputs,191800,
595,ProcessorPlan,45300,
595,CrossWorldPrepare,900,
595,NativeJobBarrier,800,
595,CommitDecision,200,
595,VoxelCommit,800,
595,EcsCommandBufferCommit,53500,
595,GasAndEventFinalize,20600,
595,ReplicationProjection,219200,
595,SnapshotHashMetrics,500,
595,EgressPublish,13129600,
596,IngressCapture,3400,
596,DecodeAndCanonicalize,200,
596,ApplyInputs,255800,
596,ProcessorPlan,40800,
596,CrossWorldPrepare,400,
596,NativeJobBarrier,300,
596,CommitDecision,200,
596,VoxelCommit,900,
596,EcsCommandBufferCommit,50400,
596,GasAndEventFinalize,19600,
596,ReplicationProjection,175600,
596,SnapshotHashMetrics,200,
596,EgressPublish,12661700,
597,IngressCapture,5300,
597,DecodeAndCanonicalize,300,
597,ApplyInputs,220300,
597,ProcessorPlan,49200,
597,CrossWorldPrepare,500,
597,NativeJobBarrier,200,
597,CommitDecision,300,
597,VoxelCommit,900,
597,EcsCommandBufferCommit,57100,
597,GasAndEventFinalize,20000,
597,ReplicationProjection,194200,
597,SnapshotHashMetrics,200,
597,EgressPublish,13743000,
598,IngressCapture,4200,
598,DecodeAndCanonicalize,200,
598,ApplyInputs,306300,
598,ProcessorPlan,46700,
598,CrossWorldPrepare,600,
598,NativeJobBarrier,300,
598,CommitDecision,600,
598,VoxelCommit,800,
598,EcsCommandBufferCommit,47800,
598,GasAndEventFinalize,19900,
598,ReplicationProjection,192200,
598,SnapshotHashMetrics,400,
598,EgressPublish,13729400,
599,IngressCapture,3200,
599,DecodeAndCanonicalize,100,
599,ApplyInputs,162700,
599,ProcessorPlan,30400,
599,CrossWorldPrepare,500,
599,NativeJobBarrier,300,
599,CommitDecision,200,
599,VoxelCommit,600,
599,EcsCommandBufferCommit,36300,
599,GasAndEventFinalize,13200,
599,ReplicationProjection,116900,
599,SnapshotHashMetrics,200,
599,EgressPublish,11336200,
600,IngressCapture,3900,
600,DecodeAndCanonicalize,100,
600,ApplyInputs,223500,
600,ProcessorPlan,44700,
600,CrossWorldPrepare,700,
600,NativeJobBarrier,200,
600,CommitDecision,200,
600,VoxelCommit,900,
600,EcsCommandBufferCommit,81800,
600,GasAndEventFinalize,27200,
600,ReplicationProjection,205200,
600,SnapshotHashMetrics,200,
600,EgressPublish,12042200,
601,IngressCapture,4000,
601,DecodeAndCanonicalize,100,
601,ApplyInputs,146500,
601,ProcessorPlan,33100,
601,CrossWorldPrepare,400,
601,NativeJobBarrier,200,
601,CommitDecision,200,
601,VoxelCommit,800,
601,EcsCommandBufferCommit,38700,
601,GasAndEventFinalize,12800,
601,ReplicationProjection,134800,
601,SnapshotHashMetrics,500,
601,EgressPublish,11984500,
602,IngressCapture,3900,
602,DecodeAndCanonicalize,200,
602,ApplyInputs,389100,
602,ProcessorPlan,41700,
602,CrossWorldPrepare,700,
602,NativeJobBarrier,200,
602,CommitDecision,400,
602,VoxelCommit,900,
602,EcsCommandBufferCommit,40100,
602,GasAndEventFinalize,28900,
602,ReplicationProjection,129800,
602,SnapshotHashMetrics,300,
602,EgressPublish,10255500,
603,IngressCapture,2800,
603,DecodeAndCanonicalize,300,
603,ApplyInputs,274100,
603,ProcessorPlan,41100,
603,CrossWorldPrepare,400,
603,NativeJobBarrier,200,
603,CommitDecision,200,
603,VoxelCommit,700,
603,EcsCommandBufferCommit,51700,
603,GasAndEventFinalize,19300,
603,ReplicationProjection,174000,
603,SnapshotHashMetrics,300,
603,EgressPublish,8999800,
604,IngressCapture,4300,
604,DecodeAndCanonicalize,100,
604,ApplyInputs,173700,
604,ProcessorPlan,154500,
604,CrossWorldPrepare,1500,
604,NativeJobBarrier,100,
604,CommitDecision,200,
604,VoxelCommit,1100,
604,EcsCommandBufferCommit,66800,
604,GasAndEventFinalize,16300,
604,ReplicationProjection,155000,
604,SnapshotHashMetrics,200,
604,EgressPublish,10053400,
605,IngressCapture,4900,
605,DecodeAndCanonicalize,200,
605,ApplyInputs,298000,
605,ProcessorPlan,45600,
605,CrossWorldPrepare,800,
605,NativeJobBarrier,200,
605,CommitDecision,200,
605,VoxelCommit,1200,
605,EcsCommandBufferCommit,46800,
605,GasAndEventFinalize,13700,
605,ReplicationProjection,175100,
605,SnapshotHashMetrics,300,
605,EgressPublish,10762700,
606,IngressCapture,3300,
606,DecodeAndCanonicalize,200,
606,ApplyInputs,209400,
606,ProcessorPlan,39900,
606,CrossWorldPrepare,600,
606,NativeJobBarrier,200,
606,CommitDecision,300,
606,VoxelCommit,1100,
606,EcsCommandBufferCommit,48800,
606,GasAndEventFinalize,15500,
606,ReplicationProjection,154500,
606,SnapshotHashMetrics,200,
606,EgressPublish,10911500,
607,IngressCapture,2900,
607,DecodeAndCanonicalize,200,
607,ApplyInputs,124600,
607,ProcessorPlan,26300,
607,CrossWorldPrepare,500,
607,NativeJobBarrier,200,
607,CommitDecision,200,
607,VoxelCommit,600,
607,EcsCommandBufferCommit,30800,
607,GasAndEventFinalize,10600,
607,ReplicationProjection,95500,
607,SnapshotHashMetrics,200,
607,EgressPublish,9039400,
608,IngressCapture,3400,
608,DecodeAndCanonicalize,200,
608,ApplyInputs,198300,
608,ProcessorPlan,37000,
608,CrossWorldPrepare,500,
608,NativeJobBarrier,200,
608,CommitDecision,400,
608,VoxelCommit,1700,
608,EcsCommandBufferCommit,50000,
608,GasAndEventFinalize,19900,
608,ReplicationProjection,155400,
608,SnapshotHashMetrics,400,
608,EgressPublish,12450100,
609,IngressCapture,3700,
609,DecodeAndCanonicalize,200,
609,ApplyInputs,144500,
609,ProcessorPlan,23200,
609,CrossWorldPrepare,900,
609,NativeJobBarrier,200,
609,CommitDecision,600,
609,VoxelCommit,700,
609,EcsCommandBufferCommit,40300,
609,GasAndEventFinalize,13900,
609,ReplicationProjection,106700,
609,SnapshotHashMetrics,200,
609,EgressPublish,8766600,
610,IngressCapture,3400,
610,DecodeAndCanonicalize,300,
610,ApplyInputs,463300,
610,ProcessorPlan,31500,
610,CrossWorldPrepare,500,
610,NativeJobBarrier,100,
610,CommitDecision,300,
610,VoxelCommit,500,
610,EcsCommandBufferCommit,176900,
610,GasAndEventFinalize,34500,
610,ReplicationProjection,326500,
610,SnapshotHashMetrics,200,
610,EgressPublish,9126600,
611,IngressCapture,2300,
611,DecodeAndCanonicalize,200,
611,ApplyInputs,176800,
611,ProcessorPlan,29100,
611,CrossWorldPrepare,300,
611,NativeJobBarrier,100,
611,CommitDecision,300,
611,VoxelCommit,600,
611,EcsCommandBufferCommit,35300,
611,GasAndEventFinalize,12200,
611,ReplicationProjection,99700,
611,SnapshotHashMetrics,200,
611,EgressPublish,8469500,
612,IngressCapture,2600,
612,DecodeAndCanonicalize,200,
612,ApplyInputs,176000,
612,ProcessorPlan,41100,
612,CrossWorldPrepare,500,
612,NativeJobBarrier,100,
612,CommitDecision,200,
612,VoxelCommit,700,
612,EcsCommandBufferCommit,42300,
612,GasAndEventFinalize,10900,
612,ReplicationProjection,104500,
612,SnapshotHashMetrics,100,
612,EgressPublish,9300900,
613,IngressCapture,2700,
613,DecodeAndCanonicalize,200,
613,ApplyInputs,168400,
613,ProcessorPlan,24300,
613,CrossWorldPrepare,400,
613,NativeJobBarrier,200,
613,CommitDecision,200,
613,VoxelCommit,600,
613,EcsCommandBufferCommit,30500,
613,GasAndEventFinalize,10300,
613,ReplicationProjection,97500,
613,SnapshotHashMetrics,100,
613,EgressPublish,9120600,
614,IngressCapture,3600,
614,DecodeAndCanonicalize,200,
614,ApplyInputs,144600,
614,ProcessorPlan,29800,
614,CrossWorldPrepare,500,
614,NativeJobBarrier,200,
614,CommitDecision,300,
614,VoxelCommit,500,
614,EcsCommandBufferCommit,36600,
614,GasAndEventFinalize,12700,
614,ReplicationProjection,96700,
614,SnapshotHashMetrics,200,
614,EgressPublish,8324700,
615,IngressCapture,3100,
615,DecodeAndCanonicalize,200,
615,ApplyInputs,292700,
615,ProcessorPlan,34200,
615,CrossWorldPrepare,400,
615,NativeJobBarrier,200,
615,CommitDecision,200,
615,VoxelCommit,700,
615,EcsCommandBufferCommit,176400,
615,GasAndEventFinalize,36300,
615,ReplicationProjection,288800,
615,SnapshotHashMetrics,200,
615,EgressPublish,10441500,
616,IngressCapture,9000,
616,DecodeAndCanonicalize,300,
616,ApplyInputs,212800,
616,ProcessorPlan,42700,
616,CrossWorldPrepare,1100,
616,NativeJobBarrier,200,
616,CommitDecision,200,
616,VoxelCommit,1200,
616,EcsCommandBufferCommit,49100,
616,GasAndEventFinalize,17800,
616,ReplicationProjection,165600,
616,SnapshotHashMetrics,400,
616,EgressPublish,12683900,
617,IngressCapture,3200,
617,DecodeAndCanonicalize,100,
617,ApplyInputs,138900,
617,ProcessorPlan,27000,
617,CrossWorldPrepare,800,
617,NativeJobBarrier,100,
617,CommitDecision,200,
617,VoxelCommit,600,
617,EcsCommandBufferCommit,51000,
617,GasAndEventFinalize,12900,
617,ReplicationProjection,108600,
617,SnapshotHashMetrics,100,
617,EgressPublish,9375300,
618,IngressCapture,3700,
618,DecodeAndCanonicalize,100,
618,ApplyInputs,340600,
618,ProcessorPlan,24400,
618,CrossWorldPrepare,500,
618,NativeJobBarrier,200,
618,CommitDecision,200,
618,VoxelCommit,500,
618,EcsCommandBufferCommit,36200,
618,GasAndEventFinalize,23100,
618,ReplicationProjection,111500,
618,SnapshotHashMetrics,200,
618,EgressPublish,11092900,
619,IngressCapture,3900,
619,DecodeAndCanonicalize,200,
619,ApplyInputs,186200,
619,ProcessorPlan,31700,
619,CrossWorldPrepare,300,
619,NativeJobBarrier,200,
619,CommitDecision,900,
619,VoxelCommit,600,
619,EcsCommandBufferCommit,50500,
619,GasAndEventFinalize,14700,
619,ReplicationProjection,145200,
619,SnapshotHashMetrics,400,
619,EgressPublish,9889900,
620,IngressCapture,3400,
620,DecodeAndCanonicalize,200,
620,ApplyInputs,157600,
620,ProcessorPlan,26200,
620,CrossWorldPrepare,800,
620,NativeJobBarrier,200,
620,CommitDecision,400,
620,VoxelCommit,600,
620,EcsCommandBufferCommit,40400,
620,GasAndEventFinalize,13600,
620,ReplicationProjection,112100,
620,SnapshotHashMetrics,200,
620,EgressPublish,9588500,
621,IngressCapture,4400,
621,DecodeAndCanonicalize,100,
621,ApplyInputs,178600,
621,ProcessorPlan,30000,
621,CrossWorldPrepare,500,
621,NativeJobBarrier,300,
621,CommitDecision,100,
621,VoxelCommit,1300,
621,EcsCommandBufferCommit,41700,
621,GasAndEventFinalize,14100,
621,ReplicationProjection,108600,
621,SnapshotHashMetrics,200,
621,EgressPublish,10302500,
622,IngressCapture,4800,
622,DecodeAndCanonicalize,300,
622,ApplyInputs,267700,
622,ProcessorPlan,40500,
622,CrossWorldPrepare,800,
622,NativeJobBarrier,500,
622,CommitDecision,400,
622,VoxelCommit,800,
622,EcsCommandBufferCommit,50700,
622,GasAndEventFinalize,20400,
622,ReplicationProjection,192700,
622,SnapshotHashMetrics,300,
622,EgressPublish,13284000,
623,IngressCapture,2900,
623,DecodeAndCanonicalize,200,
623,ApplyInputs,165700,
623,ProcessorPlan,27200,
623,CrossWorldPrepare,400,
623,NativeJobBarrier,200,
623,CommitDecision,100,
623,VoxelCommit,600,
623,EcsCommandBufferCommit,46800,
623,GasAndEventFinalize,13700,
623,ReplicationProjection,106900,
623,SnapshotHashMetrics,100,
623,EgressPublish,10674100,
624,IngressCapture,3200,
624,DecodeAndCanonicalize,200,
624,ApplyInputs,237100,
624,ProcessorPlan,38200,
624,CrossWorldPrepare,500,
624,NativeJobBarrier,300,
624,CommitDecision,300,
624,VoxelCommit,1200,
624,EcsCommandBufferCommit,61300,
624,GasAndEventFinalize,28700,
624,ReplicationProjection,206500,
624,SnapshotHashMetrics,400,
624,EgressPublish,10194800,
625,IngressCapture,4400,
625,DecodeAndCanonicalize,100,
625,ApplyInputs,429000,
625,ProcessorPlan,39200,
625,CrossWorldPrepare,600,
625,NativeJobBarrier,100,
625,CommitDecision,100,
625,VoxelCommit,900,
625,EcsCommandBufferCommit,41400,
625,GasAndEventFinalize,28000,
625,ReplicationProjection,117200,
625,SnapshotHashMetrics,200,
625,EgressPublish,10699800,
626,IngressCapture,3800,
626,DecodeAndCanonicalize,100,
626,ApplyInputs,141800,
626,ProcessorPlan,25400,
626,CrossWorldPrepare,1100,
626,NativeJobBarrier,100,
626,CommitDecision,200,
626,VoxelCommit,500,
626,EcsCommandBufferCommit,34900,
626,GasAndEventFinalize,11900,
626,ReplicationProjection,114500,
626,SnapshotHashMetrics,100,
626,EgressPublish,11192200,
627,IngressCapture,3800,
627,DecodeAndCanonicalize,200,
627,ApplyInputs,213400,
627,ProcessorPlan,29700,
627,CrossWorldPrepare,600,
627,NativeJobBarrier,100,
627,CommitDecision,200,
627,VoxelCommit,600,
627,EcsCommandBufferCommit,41900,
627,GasAndEventFinalize,12200,
627,ReplicationProjection,114600,
627,SnapshotHashMetrics,200,
627,EgressPublish,10053200,
628,IngressCapture,4700,
628,DecodeAndCanonicalize,500,
628,ApplyInputs,322200,
628,ProcessorPlan,45500,
628,CrossWorldPrepare,700,
628,NativeJobBarrier,100,
628,CommitDecision,300,
628,VoxelCommit,1000,
628,EcsCommandBufferCommit,248200,
628,GasAndEventFinalize,43300,
628,ReplicationProjection,513700,
628,SnapshotHashMetrics,800,
628,EgressPublish,14911700,
629,IngressCapture,7000,
629,DecodeAndCanonicalize,300,
629,ApplyInputs,177700,
629,ProcessorPlan,27700,
629,CrossWorldPrepare,500,
629,NativeJobBarrier,200,
629,CommitDecision,100,
629,VoxelCommit,500,
629,EcsCommandBufferCommit,48800,
629,GasAndEventFinalize,15100,
629,ReplicationProjection,125100,
629,SnapshotHashMetrics,200,
629,EgressPublish,12038300,
630,IngressCapture,4000,
630,DecodeAndCanonicalize,100,
630,ApplyInputs,152600,
630,ProcessorPlan,26200,
630,CrossWorldPrepare,500,
630,NativeJobBarrier,100,
630,CommitDecision,100,
630,VoxelCommit,600,
630,EcsCommandBufferCommit,39600,
630,GasAndEventFinalize,13100,
630,ReplicationProjection,120600,
630,SnapshotHashMetrics,1200,
630,EgressPublish,11355500,
631,IngressCapture,5000,
631,DecodeAndCanonicalize,200,
631,ApplyInputs,148500,
631,ProcessorPlan,54500,
631,CrossWorldPrepare,600,
631,NativeJobBarrier,100,
631,CommitDecision,200,
631,VoxelCommit,1100,
631,EcsCommandBufferCommit,57600,
631,GasAndEventFinalize,15000,
631,ReplicationProjection,126900,
631,SnapshotHashMetrics,100,
631,EgressPublish,12655100,
632,IngressCapture,2800,
632,DecodeAndCanonicalize,200,
632,ApplyInputs,161600,
632,ProcessorPlan,55100,
632,CrossWorldPrepare,500,
632,NativeJobBarrier,200,
632,CommitDecision,200,
632,VoxelCommit,500,
632,EcsCommandBufferCommit,38100,
632,GasAndEventFinalize,13700,
632,ReplicationProjection,119000,
632,SnapshotHashMetrics,100,
632,EgressPublish,10239600,
633,IngressCapture,5500,
633,DecodeAndCanonicalize,100,
633,ApplyInputs,180400,
633,ProcessorPlan,31100,
633,CrossWorldPrepare,400,
633,NativeJobBarrier,200,
633,CommitDecision,300,
633,VoxelCommit,800,
633,EcsCommandBufferCommit,50600,
633,GasAndEventFinalize,17000,
633,ReplicationProjection,143300,
633,SnapshotHashMetrics,300,
633,EgressPublish,9341700,
634,IngressCapture,3200,
634,DecodeAndCanonicalize,100,
634,ApplyInputs,637800,
634,ProcessorPlan,29500,
634,CrossWorldPrepare,800,
634,NativeJobBarrier,200,
634,CommitDecision,100,
634,VoxelCommit,500,
634,EcsCommandBufferCommit,167900,
634,GasAndEventFinalize,38800,
634,ReplicationProjection,327000,
634,SnapshotHashMetrics,300,
634,EgressPublish,12347300,
635,IngressCapture,4100,
635,DecodeAndCanonicalize,200,
635,ApplyInputs,206700,
635,ProcessorPlan,29200,
635,CrossWorldPrepare,700,
635,NativeJobBarrier,100,
635,CommitDecision,200,
635,VoxelCommit,800,
635,EcsCommandBufferCommit,48500,
635,GasAndEventFinalize,13500,
635,ReplicationProjection,129900,
635,SnapshotHashMetrics,100,
635,EgressPublish,13234200,
636,IngressCapture,2900,
636,DecodeAndCanonicalize,200,
636,ApplyInputs,165700,
636,ProcessorPlan,29800,
636,CrossWorldPrepare,600,
636,NativeJobBarrier,100,
636,CommitDecision,100,
636,VoxelCommit,700,
636,EcsCommandBufferCommit,57200,
636,GasAndEventFinalize,21700,
636,ReplicationProjection,135400,
636,SnapshotHashMetrics,200,
636,EgressPublish,13259300,
637,IngressCapture,5200,
637,DecodeAndCanonicalize,100,
637,ApplyInputs,258300,
637,ProcessorPlan,29800,
637,CrossWorldPrepare,400,
637,NativeJobBarrier,200,
637,CommitDecision,500,
637,VoxelCommit,600,
637,EcsCommandBufferCommit,59100,
637,GasAndEventFinalize,17000,
637,ReplicationProjection,128400,
637,SnapshotHashMetrics,200,
637,EgressPublish,11703400,
638,IngressCapture,5900,
638,DecodeAndCanonicalize,500,
638,ApplyInputs,372000,
638,ProcessorPlan,48600,
638,CrossWorldPrepare,1600,
638,NativeJobBarrier,100,
638,CommitDecision,200,
638,VoxelCommit,2500,
638,EcsCommandBufferCommit,77800,
638,GasAndEventFinalize,26100,
638,ReplicationProjection,198700,
638,SnapshotHashMetrics,100,
638,EgressPublish,16240900,
639,IngressCapture,5800,
639,DecodeAndCanonicalize,200,
639,ApplyInputs,257200,
639,ProcessorPlan,43700,
639,CrossWorldPrepare,1100,
639,NativeJobBarrier,200,
639,CommitDecision,200,
639,VoxelCommit,1100,
639,EcsCommandBufferCommit,63500,
639,GasAndEventFinalize,23800,
639,ReplicationProjection,221700,
639,SnapshotHashMetrics,400,
639,EgressPublish,14793900,
640,IngressCapture,3600,
640,DecodeAndCanonicalize,200,
640,ApplyInputs,161300,
640,ProcessorPlan,29100,
640,CrossWorldPrepare,900,
640,NativeJobBarrier,200,
640,CommitDecision,200,
640,VoxelCommit,500,
640,EcsCommandBufferCommit,46100,
640,GasAndEventFinalize,12900,
640,ReplicationProjection,122900,
640,SnapshotHashMetrics,200,
640,EgressPublish,12400700,
641,IngressCapture,3000,
641,DecodeAndCanonicalize,300,
641,ApplyInputs,428800,
641,ProcessorPlan,44100,
641,CrossWorldPrepare,500,
641,NativeJobBarrier,200,
641,CommitDecision,300,
641,VoxelCommit,500,
641,EcsCommandBufferCommit,47400,
641,GasAndEventFinalize,30500,
641,ReplicationProjection,559700,
641,SnapshotHashMetrics,300,
641,EgressPublish,10155800,
642,IngressCapture,4400,
642,DecodeAndCanonicalize,200,
642,ApplyInputs,212100,
642,ProcessorPlan,46200,
642,CrossWorldPrepare,1600,
642,NativeJobBarrier,200,
642,CommitDecision,100,
642,VoxelCommit,900,
642,EcsCommandBufferCommit,56600,
642,GasAndEventFinalize,22400,
642,ReplicationProjection,199200,
642,SnapshotHashMetrics,200,
642,EgressPublish,14112100,
643,IngressCapture,3400,
643,DecodeAndCanonicalize,100,
643,ApplyInputs,272900,
643,ProcessorPlan,39900,
643,CrossWorldPrepare,500,
643,NativeJobBarrier,300,
643,CommitDecision,200,
643,VoxelCommit,1300,
643,EcsCommandBufferCommit,48700,
643,GasAndEventFinalize,18200,
643,ReplicationProjection,174500,
643,SnapshotHashMetrics,200,
643,EgressPublish,15431700,
644,IngressCapture,5700,
644,DecodeAndCanonicalize,200,
644,ApplyInputs,250700,
644,ProcessorPlan,47100,
644,CrossWorldPrepare,1900,
644,NativeJobBarrier,500,
644,CommitDecision,300,
644,VoxelCommit,1400,
644,EcsCommandBufferCommit,90500,
644,GasAndEventFinalize,28700,
644,ReplicationProjection,203000,
644,SnapshotHashMetrics,900,
644,EgressPublish,10755700,
645,IngressCapture,4500,
645,DecodeAndCanonicalize,200,
645,ApplyInputs,249000,
645,ProcessorPlan,32700,
645,CrossWorldPrepare,300,
645,NativeJobBarrier,300,
645,CommitDecision,100,
645,VoxelCommit,900,
645,EcsCommandBufferCommit,60100,
645,GasAndEventFinalize,18700,
645,ReplicationProjection,117400,
645,SnapshotHashMetrics,300,
645,EgressPublish,15547100,
646,IngressCapture,4500,
646,DecodeAndCanonicalize,200,
646,ApplyInputs,280900,
646,ProcessorPlan,40200,
646,CrossWorldPrepare,500,
646,NativeJobBarrier,200,
646,CommitDecision,200,
646,VoxelCommit,800,
646,EcsCommandBufferCommit,59400,
646,GasAndEventFinalize,20300,
646,ReplicationProjection,196700,
646,SnapshotHashMetrics,300,
646,EgressPublish,16132200,
647,IngressCapture,3400,
647,DecodeAndCanonicalize,200,
647,ApplyInputs,173000,
647,ProcessorPlan,28600,
647,CrossWorldPrepare,600,
647,NativeJobBarrier,300,
647,CommitDecision,100,
647,VoxelCommit,1100,
647,EcsCommandBufferCommit,44700,
647,GasAndEventFinalize,16500,
647,ReplicationProjection,120600,
647,SnapshotHashMetrics,100,
647,EgressPublish,13189400,
648,IngressCapture,6100,
648,DecodeAndCanonicalize,300,
648,ApplyInputs,304000,
648,ProcessorPlan,75800,
648,CrossWorldPrepare,1500,
648,NativeJobBarrier,300,
648,CommitDecision,300,
648,VoxelCommit,1500,
648,EcsCommandBufferCommit,87200,
648,GasAndEventFinalize,31400,
648,ReplicationProjection,263400,
648,SnapshotHashMetrics,500,
648,EgressPublish,17213400,
649,IngressCapture,5000,
649,DecodeAndCanonicalize,300,
649,ApplyInputs,689200,
649,ProcessorPlan,56100,
649,CrossWorldPrepare,1100,
649,NativeJobBarrier,500,
649,CommitDecision,1000,
649,VoxelCommit,1600,
649,EcsCommandBufferCommit,86300,
649,GasAndEventFinalize,55600,
649,ReplicationProjection,247700,
649,SnapshotHashMetrics,1000,
649,EgressPublish,14404900,
650,IngressCapture,2800,
650,DecodeAndCanonicalize,100,
650,ApplyInputs,148800,
650,ProcessorPlan,26300,
650,CrossWorldPrepare,300,
650,NativeJobBarrier,200,
650,CommitDecision,200,
650,VoxelCommit,500,
650,EcsCommandBufferCommit,47700,
650,GasAndEventFinalize,12300,
650,ReplicationProjection,119000,
650,SnapshotHashMetrics,200,
650,EgressPublish,13121100,
651,IngressCapture,5400,
651,DecodeAndCanonicalize,200,
651,ApplyInputs,217400,
651,ProcessorPlan,44700,
651,CrossWorldPrepare,400,
651,NativeJobBarrier,300,
651,CommitDecision,200,
651,VoxelCommit,1600,
651,EcsCommandBufferCommit,65500,
651,GasAndEventFinalize,20800,
651,ReplicationProjection,179500,
651,SnapshotHashMetrics,400,
651,EgressPublish,15683200,
652,IngressCapture,4500,
652,DecodeAndCanonicalize,200,
652,ApplyInputs,264600,
652,ProcessorPlan,44100,
652,CrossWorldPrepare,500,
652,NativeJobBarrier,300,
652,CommitDecision,100,
652,VoxelCommit,1400,
652,EcsCommandBufferCommit,71800,
652,GasAndEventFinalize,22600,
652,ReplicationProjection,193100,
652,SnapshotHashMetrics,500,
652,EgressPublish,15389800,
653,IngressCapture,4100,
653,DecodeAndCanonicalize,200,
653,ApplyInputs,211100,
653,ProcessorPlan,28300,
653,CrossWorldPrepare,1100,
653,NativeJobBarrier,300,
653,CommitDecision,400,
653,VoxelCommit,800,
653,EcsCommandBufferCommit,49200,
653,GasAndEventFinalize,15800,
653,ReplicationProjection,113500,
653,SnapshotHashMetrics,200,
653,EgressPublish,12663400,
654,IngressCapture,4100,
654,DecodeAndCanonicalize,200,
654,ApplyInputs,183800,
654,ProcessorPlan,28000,
654,CrossWorldPrepare,400,
654,NativeJobBarrier,100,
654,CommitDecision,100,
654,VoxelCommit,1000,
654,EcsCommandBufferCommit,54500,
654,GasAndEventFinalize,18800,
654,ReplicationProjection,122800,
654,SnapshotHashMetrics,200,
654,EgressPublish,13556900,
655,IngressCapture,2800,
655,DecodeAndCanonicalize,100,
655,ApplyInputs,154000,
655,ProcessorPlan,26400,
655,CrossWorldPrepare,300,
655,NativeJobBarrier,200,
655,CommitDecision,200,
655,VoxelCommit,500,
655,EcsCommandBufferCommit,33100,
655,GasAndEventFinalize,11600,
655,ReplicationProjection,110900,
655,SnapshotHashMetrics,200,
655,EgressPublish,12899100,
656,IngressCapture,4000,
656,DecodeAndCanonicalize,200,
656,ApplyInputs,156400,
656,ProcessorPlan,28100,
656,CrossWorldPrepare,600,
656,NativeJobBarrier,200,
656,CommitDecision,300,
656,VoxelCommit,600,
656,EcsCommandBufferCommit,46700,
656,GasAndEventFinalize,16000,
656,ReplicationProjection,118000,
656,SnapshotHashMetrics,200,
656,EgressPublish,13875000,
657,IngressCapture,5200,
657,DecodeAndCanonicalize,300,
657,ApplyInputs,696000,
657,ProcessorPlan,43000,
657,CrossWorldPrepare,400,
657,NativeJobBarrier,200,
657,CommitDecision,200,
657,VoxelCommit,800,
657,EcsCommandBufferCommit,252200,
657,GasAndEventFinalize,52000,
657,ReplicationProjection,510500,
657,SnapshotHashMetrics,500,
657,EgressPublish,15752400,
658,IngressCapture,5200,
658,DecodeAndCanonicalize,400,
658,ApplyInputs,280300,
658,ProcessorPlan,46100,
658,CrossWorldPrepare,400,
658,NativeJobBarrier,200,
658,CommitDecision,400,
658,VoxelCommit,1100,
658,EcsCommandBufferCommit,89500,
658,GasAndEventFinalize,27500,
658,ReplicationProjection,183900,
658,SnapshotHashMetrics,300,
658,EgressPublish,17294900,
659,IngressCapture,6400,
659,DecodeAndCanonicalize,200,
659,ApplyInputs,349000,
659,ProcessorPlan,51200,
659,CrossWorldPrepare,1100,
659,NativeJobBarrier,400,
659,CommitDecision,600,
659,VoxelCommit,1400,
659,EcsCommandBufferCommit,105700,
659,GasAndEventFinalize,32500,
659,ReplicationProjection,174100,
659,SnapshotHashMetrics,600,
659,EgressPublish,14329500,
660,IngressCapture,4900,
660,DecodeAndCanonicalize,400,
660,ApplyInputs,301900,
660,ProcessorPlan,43400,
660,CrossWorldPrepare,500,
660,NativeJobBarrier,200,
660,CommitDecision,600,
660,VoxelCommit,1300,
660,EcsCommandBufferCommit,72300,
660,GasAndEventFinalize,25300,
660,ReplicationProjection,195500,
660,SnapshotHashMetrics,200,
660,EgressPublish,15925500,
661,IngressCapture,3900,
661,DecodeAndCanonicalize,200,
661,ApplyInputs,243200,
661,ProcessorPlan,51400,
661,CrossWorldPrepare,700,
661,NativeJobBarrier,100,
661,CommitDecision,300,
661,VoxelCommit,800,
661,EcsCommandBufferCommit,69100,
661,GasAndEventFinalize,27900,
661,ReplicationProjection,216900,
661,SnapshotHashMetrics,400,
661,EgressPublish,17536300,
662,IngressCapture,4000,
662,DecodeAndCanonicalize,200,
662,ApplyInputs,244900,
662,ProcessorPlan,41900,
662,CrossWorldPrepare,600,
662,NativeJobBarrier,200,
662,CommitDecision,200,
662,VoxelCommit,1200,
662,EcsCommandBufferCommit,68700,
662,GasAndEventFinalize,22700,
662,ReplicationProjection,215100,
662,SnapshotHashMetrics,500,
662,EgressPublish,14391900,
663,IngressCapture,4200,
663,DecodeAndCanonicalize,200,
663,ApplyInputs,202400,
663,ProcessorPlan,41700,
663,CrossWorldPrepare,600,
663,NativeJobBarrier,300,
663,CommitDecision,400,
663,VoxelCommit,900,
663,EcsCommandBufferCommit,62300,
663,GasAndEventFinalize,22100,
663,ReplicationProjection,271200,
663,SnapshotHashMetrics,400,
663,EgressPublish,17652700,
664,IngressCapture,5500,
664,DecodeAndCanonicalize,200,
664,ApplyInputs,325300,
664,ProcessorPlan,51200,
664,CrossWorldPrepare,1100,
664,NativeJobBarrier,200,
664,CommitDecision,500,
664,VoxelCommit,1600,
664,EcsCommandBufferCommit,83700,
664,GasAndEventFinalize,29800,
664,ReplicationProjection,194300,
664,SnapshotHashMetrics,300,
664,EgressPublish,16430200,
665,IngressCapture,6600,
665,DecodeAndCanonicalize,400,
665,ApplyInputs,647400,
665,ProcessorPlan,192600,
665,CrossWorldPrepare,1600,
665,NativeJobBarrier,200,
665,CommitDecision,1000,
665,VoxelCommit,2000,
665,EcsCommandBufferCommit,117600,
665,GasAndEventFinalize,76800,
665,ReplicationProjection,327000,
665,SnapshotHashMetrics,400,
665,EgressPublish,18565600,
666,IngressCapture,4600,
666,DecodeAndCanonicalize,400,
666,ApplyInputs,283400,
666,ProcessorPlan,47100,
666,CrossWorldPrepare,800,
666,NativeJobBarrier,100,
666,CommitDecision,200,
666,VoxelCommit,1900,
666,EcsCommandBufferCommit,71600,
666,GasAndEventFinalize,26300,
666,ReplicationProjection,203400,
666,SnapshotHashMetrics,400,
666,EgressPublish,17747400,
667,IngressCapture,3400,
667,DecodeAndCanonicalize,200,
667,ApplyInputs,204700,
667,ProcessorPlan,44700,
667,CrossWorldPrepare,1300,
667,NativeJobBarrier,200,
667,CommitDecision,400,
667,VoxelCommit,1500,
667,EcsCommandBufferCommit,68100,
667,GasAndEventFinalize,23000,
667,ReplicationProjection,183900,
667,SnapshotHashMetrics,200,
667,EgressPublish,17069200,
668,IngressCapture,3200,
668,DecodeAndCanonicalize,200,
668,ApplyInputs,248200,
668,ProcessorPlan,43400,
668,CrossWorldPrepare,1100,
668,NativeJobBarrier,200,
668,CommitDecision,600,
668,VoxelCommit,1200,
668,EcsCommandBufferCommit,65800,
668,GasAndEventFinalize,22000,
668,ReplicationProjection,182600,
668,SnapshotHashMetrics,900,
668,EgressPublish,15421200,
669,IngressCapture,5300,
669,DecodeAndCanonicalize,200,
669,ApplyInputs,299200,
669,ProcessorPlan,46400,
669,CrossWorldPrepare,600,
669,NativeJobBarrier,300,
669,CommitDecision,300,
669,VoxelCommit,1100,
669,EcsCommandBufferCommit,73500,
669,GasAndEventFinalize,26000,
669,ReplicationProjection,190800,
669,SnapshotHashMetrics,800,
669,EgressPublish,15536200,
670,IngressCapture,4700,
670,DecodeAndCanonicalize,200,
670,ApplyInputs,247200,
670,ProcessorPlan,42400,
670,CrossWorldPrepare,1000,
670,NativeJobBarrier,200,
670,CommitDecision,600,
670,VoxelCommit,1400,
670,EcsCommandBufferCommit,73100,
670,GasAndEventFinalize,24800,
670,ReplicationProjection,180400,
670,SnapshotHashMetrics,300,
670,EgressPublish,13816000,
671,IngressCapture,4700,
671,DecodeAndCanonicalize,100,
671,ApplyInputs,306900,
671,ProcessorPlan,43100,
671,CrossWorldPrepare,700,
671,NativeJobBarrier,300,
671,CommitDecision,100,
671,VoxelCommit,800,
671,EcsCommandBufferCommit,75200,
671,GasAndEventFinalize,24800,
671,ReplicationProjection,164500,
671,SnapshotHashMetrics,200,
671,EgressPublish,15180900,
672,IngressCapture,5500,
672,DecodeAndCanonicalize,200,
672,ApplyInputs,236100,
672,ProcessorPlan,48200,
672,CrossWorldPrepare,1000,
672,NativeJobBarrier,200,
672,CommitDecision,200,
672,VoxelCommit,900,
672,EcsCommandBufferCommit,83000,
672,GasAndEventFinalize,21900,
672,ReplicationProjection,203900,
672,SnapshotHashMetrics,800,
672,EgressPublish,16316700,
673,IngressCapture,4800,
673,DecodeAndCanonicalize,100,
673,ApplyInputs,438200,
673,ProcessorPlan,40700,
673,CrossWorldPrepare,500,
673,NativeJobBarrier,100,
673,CommitDecision,100,
673,VoxelCommit,700,
673,EcsCommandBufferCommit,64000,
673,GasAndEventFinalize,36600,
673,ReplicationProjection,127000,
673,SnapshotHashMetrics,200,
673,EgressPublish,15722700,
674,IngressCapture,4000,
674,DecodeAndCanonicalize,100,
674,ApplyInputs,154800,
674,ProcessorPlan,29300,
674,CrossWorldPrepare,800,
674,NativeJobBarrier,100,
674,CommitDecision,700,
674,VoxelCommit,700,
674,EcsCommandBufferCommit,69600,
674,GasAndEventFinalize,19500,
674,ReplicationProjection,630300,
674,SnapshotHashMetrics,300,
674,EgressPublish,14222500,
675,IngressCapture,4100,
675,DecodeAndCanonicalize,200,
675,ApplyInputs,322900,
675,ProcessorPlan,49400,
675,CrossWorldPrepare,600,
675,NativeJobBarrier,400,
675,CommitDecision,400,
675,VoxelCommit,1800,
675,EcsCommandBufferCommit,84200,
675,GasAndEventFinalize,26000,
675,ReplicationProjection,214500,
675,SnapshotHashMetrics,700,
675,EgressPublish,15693900,
676,IngressCapture,6300,
676,DecodeAndCanonicalize,200,
676,ApplyInputs,300900,
676,ProcessorPlan,47800,
676,CrossWorldPrepare,800,
676,NativeJobBarrier,200,
676,CommitDecision,200,
676,VoxelCommit,1100,
676,EcsCommandBufferCommit,66200,
676,GasAndEventFinalize,25700,
676,ReplicationProjection,211500,
676,SnapshotHashMetrics,400,
676,EgressPublish,19568100,
677,IngressCapture,5000,
677,DecodeAndCanonicalize,300,
677,ApplyInputs,208000,
677,ProcessorPlan,44300,
677,CrossWorldPrepare,800,
677,NativeJobBarrier,200,
677,CommitDecision,200,
677,VoxelCommit,1400,
677,EcsCommandBufferCommit,64700,
677,GasAndEventFinalize,21700,
677,ReplicationProjection,196100,
677,SnapshotHashMetrics,200,
677,EgressPublish,12376900,
678,IngressCapture,5000,
678,DecodeAndCanonicalize,200,
678,ApplyInputs,346400,
678,ProcessorPlan,50200,
678,CrossWorldPrepare,1000,
678,NativeJobBarrier,300,
678,CommitDecision,200,
678,VoxelCommit,1600,
678,EcsCommandBufferCommit,88800,
678,GasAndEventFinalize,29800,
678,ReplicationProjection,210100,
678,SnapshotHashMetrics,300,
678,EgressPublish,18818400,
679,IngressCapture,5200,
679,DecodeAndCanonicalize,300,
679,ApplyInputs,224700,
679,ProcessorPlan,46300,
679,CrossWorldPrepare,1800,
679,NativeJobBarrier,400,
679,CommitDecision,600,
679,VoxelCommit,800,
679,EcsCommandBufferCommit,84900,
679,GasAndEventFinalize,26200,
679,ReplicationProjection,178100,
679,SnapshotHashMetrics,200,
679,EgressPublish,15550100,
680,IngressCapture,3900,
680,DecodeAndCanonicalize,200,
680,ApplyInputs,261300,
680,ProcessorPlan,42500,
680,CrossWorldPrepare,600,
680,NativeJobBarrier,200,
680,CommitDecision,200,
680,VoxelCommit,900,
680,EcsCommandBufferCommit,63000,
680,GasAndEventFinalize,20500,
680,ReplicationProjection,177500,
680,SnapshotHashMetrics,200,
680,EgressPublish,17188200,
681,IngressCapture,4600,
681,DecodeAndCanonicalize,200,
681,ApplyInputs,566600,
681,ProcessorPlan,105200,
681,CrossWorldPrepare,500,
681,NativeJobBarrier,200,
681,CommitDecision,200,
681,VoxelCommit,1100,
681,EcsCommandBufferCommit,87600,
681,GasAndEventFinalize,47500,
681,ReplicationProjection,204700,
681,SnapshotHashMetrics,400,
681,EgressPublish,17247200,
682,IngressCapture,5500,
682,DecodeAndCanonicalize,400,
682,ApplyInputs,294000,
682,ProcessorPlan,43900,
682,CrossWorldPrepare,1400,
682,NativeJobBarrier,200,
682,CommitDecision,200,
682,VoxelCommit,1900,
682,EcsCommandBufferCommit,120200,
682,GasAndEventFinalize,29200,
682,ReplicationProjection,169800,
682,SnapshotHashMetrics,200,
682,EgressPublish,15892400,
683,IngressCapture,3900,
683,DecodeAndCanonicalize,200,
683,ApplyInputs,172900,
683,ProcessorPlan,32600,
683,CrossWorldPrepare,800,
683,NativeJobBarrier,200,
683,CommitDecision,1000,
683,VoxelCommit,1300,
683,EcsCommandBufferCommit,54300,
683,GasAndEventFinalize,19200,
683,ReplicationProjection,119100,
683,SnapshotHashMetrics,100,
683,EgressPublish,15489800,
684,IngressCapture,4800,
684,DecodeAndCanonicalize,200,
684,ApplyInputs,270700,
684,ProcessorPlan,47500,
684,CrossWorldPrepare,600,
684,NativeJobBarrier,200,
684,CommitDecision,500,
684,VoxelCommit,1000,
684,EcsCommandBufferCommit,71700,
684,GasAndEventFinalize,24600,
684,ReplicationProjection,201000,
684,SnapshotHashMetrics,400,
684,EgressPublish,16743400,
685,IngressCapture,5500,
685,DecodeAndCanonicalize,100,
685,ApplyInputs,254000,
685,ProcessorPlan,37500,
685,CrossWorldPrepare,400,
685,NativeJobBarrier,100,
685,CommitDecision,200,
685,VoxelCommit,1200,
685,EcsCommandBufferCommit,62800,
685,GasAndEventFinalize,22900,
685,ReplicationProjection,130100,
685,SnapshotHashMetrics,200,
685,EgressPublish,14877000,
686,IngressCapture,4400,
686,DecodeAndCanonicalize,200,
686,ApplyInputs,214000,
686,ProcessorPlan,46100,
686,CrossWorldPrepare,800,
686,NativeJobBarrier,300,
686,CommitDecision,3200,
686,VoxelCommit,800,
686,EcsCommandBufferCommit,70800,
686,GasAndEventFinalize,23600,
686,ReplicationProjection,189200,
686,SnapshotHashMetrics,600,
686,EgressPublish,18938600,
687,IngressCapture,5400,
687,DecodeAndCanonicalize,200,
687,ApplyInputs,296900,
687,ProcessorPlan,43000,
687,CrossWorldPrepare,700,
687,NativeJobBarrier,200,
687,CommitDecision,200,
687,VoxelCommit,1000,
687,EcsCommandBufferCommit,77800,
687,GasAndEventFinalize,21000,
687,ReplicationProjection,186100,
687,SnapshotHashMetrics,400,
687,EgressPublish,15111000,
688,IngressCapture,3100,
688,DecodeAndCanonicalize,200,
688,ApplyInputs,175900,
688,ProcessorPlan,29500,
688,CrossWorldPrepare,400,
688,NativeJobBarrier,200,
688,CommitDecision,200,
688,VoxelCommit,900,
688,EcsCommandBufferCommit,51200,
688,GasAndEventFinalize,16700,
688,ReplicationProjection,116500,
688,SnapshotHashMetrics,100,
688,EgressPublish,12743300,
689,IngressCapture,5500,
689,DecodeAndCanonicalize,500,
689,ApplyInputs,435800,
689,ProcessorPlan,89700,
689,CrossWorldPrepare,1400,
689,NativeJobBarrier,300,
689,CommitDecision,200,
689,VoxelCommit,800,
689,EcsCommandBufferCommit,60500,
689,GasAndEventFinalize,44300,
689,ReplicationProjection,185100,
689,SnapshotHashMetrics,300,
689,EgressPublish,17375100,
690,IngressCapture,5000,
690,DecodeAndCanonicalize,100,
690,ApplyInputs,330400,
690,ProcessorPlan,48800,
690,CrossWorldPrepare,800,
690,NativeJobBarrier,200,
690,CommitDecision,1000,
690,VoxelCommit,2100,
690,EcsCommandBufferCommit,117000,
690,GasAndEventFinalize,28900,
690,ReplicationProjection,187000,
690,SnapshotHashMetrics,800,
690,EgressPublish,13538300,
691,IngressCapture,3700,
691,DecodeAndCanonicalize,200,
691,ApplyInputs,148100,
691,ProcessorPlan,28600,
691,CrossWorldPrepare,500,
691,NativeJobBarrier,200,
691,CommitDecision,200,
691,VoxelCommit,400,
691,EcsCommandBufferCommit,50200,
691,GasAndEventFinalize,15600,
691,ReplicationProjection,118000,
691,SnapshotHashMetrics,200,
691,EgressPublish,12030200,
692,IngressCapture,3200,
692,DecodeAndCanonicalize,200,
692,ApplyInputs,196200,
692,ProcessorPlan,31900,
692,CrossWorldPrepare,500,
692,NativeJobBarrier,200,
692,CommitDecision,100,
692,VoxelCommit,800,
692,EcsCommandBufferCommit,46200,
692,GasAndEventFinalize,16200,
692,ReplicationProjection,116500,
692,SnapshotHashMetrics,200,
692,EgressPublish,12465500,
693,IngressCapture,3300,
693,DecodeAndCanonicalize,200,
693,ApplyInputs,167100,
693,ProcessorPlan,29100,
693,CrossWorldPrepare,300,
693,NativeJobBarrier,200,
693,CommitDecision,400,
693,VoxelCommit,1000,
693,EcsCommandBufferCommit,44500,
693,GasAndEventFinalize,13500,
693,ReplicationProjection,115400,
693,SnapshotHashMetrics,200,
693,EgressPublish,12174700,
694,IngressCapture,2900,
694,DecodeAndCanonicalize,200,
694,ApplyInputs,127200,
694,ProcessorPlan,28300,
694,CrossWorldPrepare,400,
694,NativeJobBarrier,200,
694,CommitDecision,300,
694,VoxelCommit,800,
694,EcsCommandBufferCommit,44800,
694,GasAndEventFinalize,14900,
694,ReplicationProjection,132900,
694,SnapshotHashMetrics,200,
694,EgressPublish,13272000,
695,IngressCapture,5800,
695,DecodeAndCanonicalize,600,
695,ApplyInputs,366700,
695,ProcessorPlan,30700,
695,CrossWorldPrepare,500,
695,NativeJobBarrier,800,
695,CommitDecision,300,
695,VoxelCommit,800,
695,EcsCommandBufferCommit,48200,
695,GasAndEventFinalize,16000,
695,ReplicationProjection,114200,
695,SnapshotHashMetrics,100,
695,EgressPublish,14708900,
696,IngressCapture,3500,
696,DecodeAndCanonicalize,200,
696,ApplyInputs,276400,
696,ProcessorPlan,39800,
696,CrossWorldPrepare,500,
696,NativeJobBarrier,200,
696,CommitDecision,200,
696,VoxelCommit,900,
696,EcsCommandBufferCommit,56700,
696,GasAndEventFinalize,15300,
696,ReplicationProjection,114800,
696,SnapshotHashMetrics,200,
696,EgressPublish,11123200,
697,IngressCapture,4200,
697,DecodeAndCanonicalize,100,
697,ApplyInputs,390900,
697,ProcessorPlan,26700,
697,CrossWorldPrepare,400,
697,NativeJobBarrier,100,
697,CommitDecision,100,
697,VoxelCommit,1200,
697,EcsCommandBufferCommit,42900,
697,GasAndEventFinalize,29200,
697,ReplicationProjection,121600,
697,SnapshotHashMetrics,200,
697,EgressPublish,9351400,
698,IngressCapture,4700,
698,DecodeAndCanonicalize,600,
698,ApplyInputs,256900,
698,ProcessorPlan,48800,
698,CrossWorldPrepare,900,
698,NativeJobBarrier,200,
698,CommitDecision,500,
698,VoxelCommit,1100,
698,EcsCommandBufferCommit,66400,
698,GasAndEventFinalize,22400,
698,ReplicationProjection,202500,
698,SnapshotHashMetrics,400,
698,EgressPublish,11827400,
699,IngressCapture,2700,
699,DecodeAndCanonicalize,200,
699,ApplyInputs,179000,
699,ProcessorPlan,27700,
699,CrossWorldPrepare,400,
699,NativeJobBarrier,100,
699,CommitDecision,100,
699,VoxelCommit,600,
699,EcsCommandBufferCommit,48500,
699,GasAndEventFinalize,13900,
699,ReplicationProjection,122900,
699,SnapshotHashMetrics,200,
699,EgressPublish,10070300,
700,IngressCapture,3800,
700,DecodeAndCanonicalize,200,
700,ApplyInputs,175400,
700,ProcessorPlan,30600,
700,CrossWorldPrepare,400,
700,NativeJobBarrier,100,
700,CommitDecision,300,
700,VoxelCommit,800,
700,EcsCommandBufferCommit,48000,
700,GasAndEventFinalize,19600,
700,ReplicationProjection,122900,
700,SnapshotHashMetrics,200,
700,EgressPublish,12019300,
701,IngressCapture,3600,
701,DecodeAndCanonicalize,100,
701,ApplyInputs,174800,
701,ProcessorPlan,27400,
701,CrossWorldPrepare,400,
701,NativeJobBarrier,300,
701,CommitDecision,100,
701,VoxelCommit,1200,
701,EcsCommandBufferCommit,47400,
701,GasAndEventFinalize,15600,
701,ReplicationProjection,120000,
701,SnapshotHashMetrics,200,
701,EgressPublish,12795900,
702,IngressCapture,4100,
702,DecodeAndCanonicalize,200,
702,ApplyInputs,240300,
702,ProcessorPlan,36200,
702,CrossWorldPrepare,600,
702,NativeJobBarrier,100,
702,CommitDecision,200,
702,VoxelCommit,1100,
702,EcsCommandBufferCommit,57100,
702,GasAndEventFinalize,18400,
702,ReplicationProjection,180100,
702,SnapshotHashMetrics,400,
702,EgressPublish,10848800,
703,IngressCapture,3500,
703,DecodeAndCanonicalize,200,
703,ApplyInputs,204500,
703,ProcessorPlan,36500,
703,CrossWorldPrepare,500,
703,NativeJobBarrier,300,
703,CommitDecision,200,
703,VoxelCommit,900,
703,EcsCommandBufferCommit,50500,
703,GasAndEventFinalize,21900,
703,ReplicationProjection,179700,
703,SnapshotHashMetrics,300,
703,EgressPublish,11573100,
704,IngressCapture,4100,
704,DecodeAndCanonicalize,200,
704,ApplyInputs,186500,
704,ProcessorPlan,40400,
704,CrossWorldPrepare,500,
704,NativeJobBarrier,200,
704,CommitDecision,300,
704,VoxelCommit,1000,
704,EcsCommandBufferCommit,59900,
704,GasAndEventFinalize,22300,
704,ReplicationProjection,188700,
704,SnapshotHashMetrics,100,
704,EgressPublish,12730800,
705,IngressCapture,4200,
705,DecodeAndCanonicalize,300,
705,ApplyInputs,413700,
705,ProcessorPlan,27700,
705,CrossWorldPrepare,500,
705,NativeJobBarrier,400,
705,CommitDecision,100,
705,VoxelCommit,700,
705,EcsCommandBufferCommit,42200,
705,GasAndEventFinalize,24800,
705,ReplicationProjection,128200,
705,SnapshotHashMetrics,100,
705,EgressPublish,13504500,
706,IngressCapture,2600,
706,DecodeAndCanonicalize,100,
706,ApplyInputs,148100,
706,ProcessorPlan,25500,
706,CrossWorldPrepare,400,
706,NativeJobBarrier,100,
706,CommitDecision,100,
706,VoxelCommit,600,
706,EcsCommandBufferCommit,40500,
706,GasAndEventFinalize,12000,
706,ReplicationProjection,118000,
706,SnapshotHashMetrics,100,
706,EgressPublish,13209300,
707,IngressCapture,3000,
707,DecodeAndCanonicalize,200,
707,ApplyInputs,237600,
707,ProcessorPlan,44100,
707,CrossWorldPrepare,600,
707,NativeJobBarrier,200,
707,CommitDecision,400,
707,VoxelCommit,900,
707,EcsCommandBufferCommit,71000,
707,GasAndEventFinalize,23900,
707,ReplicationProjection,200900,
707,SnapshotHashMetrics,400,
707,EgressPublish,16024700,
708,IngressCapture,3800,
708,DecodeAndCanonicalize,300,
708,ApplyInputs,265800,
708,ProcessorPlan,37600,
708,CrossWorldPrepare,500,
708,NativeJobBarrier,400,
708,CommitDecision,400,
708,VoxelCommit,1200,
708,EcsCommandBufferCommit,49800,
708,GasAndEventFinalize,18200,
708,ReplicationProjection,177200,
708,SnapshotHashMetrics,200,
708,EgressPublish,14252800,
709,IngressCapture,4800,
709,DecodeAndCanonicalize,200,
709,ApplyInputs,225000,
709,ProcessorPlan,41800,
709,CrossWorldPrepare,600,
709,NativeJobBarrier,200,
709,CommitDecision,300,
709,VoxelCommit,900,
709,EcsCommandBufferCommit,45700,
709,GasAndEventFinalize,19500,
709,ReplicationProjection,165200,
709,SnapshotHashMetrics,200,
709,EgressPublish,12994600,
710,IngressCapture,2800,
710,DecodeAndCanonicalize,100,
710,ApplyInputs,140900,
710,ProcessorPlan,24600,
710,CrossWorldPrepare,300,
710,NativeJobBarrier,200,
710,CommitDecision,200,
710,VoxelCommit,500,
710,EcsCommandBufferCommit,37900,
710,GasAndEventFinalize,11000,
710,ReplicationProjection,111900,
710,SnapshotHashMetrics,200,
710,EgressPublish,10760900,
711,IngressCapture,3100,
711,DecodeAndCanonicalize,200,
711,ApplyInputs,166500,
711,ProcessorPlan,27000,
711,CrossWorldPrepare,11100,
711,NativeJobBarrier,200,
711,CommitDecision,300,
711,VoxelCommit,600,
711,EcsCommandBufferCommit,39900,
711,GasAndEventFinalize,14500,
711,ReplicationProjection,116600,
711,SnapshotHashMetrics,100,
711,EgressPublish,10280700,
712,IngressCapture,4800,
712,DecodeAndCanonicalize,400,
712,ApplyInputs,375000,
712,ProcessorPlan,30600,
712,CrossWorldPrepare,400,
712,NativeJobBarrier,200,
712,CommitDecision,100,
712,VoxelCommit,1100,
712,EcsCommandBufferCommit,261200,
712,GasAndEventFinalize,32500,
712,ReplicationProjection,868600,
712,SnapshotHashMetrics,300,
712,EgressPublish,11537400,
713,IngressCapture,4300,
713,DecodeAndCanonicalize,300,
713,ApplyInputs,500000,
713,ProcessorPlan,43900,
713,CrossWorldPrepare,600,
713,NativeJobBarrier,200,
713,CommitDecision,600,
713,VoxelCommit,1100,
713,EcsCommandBufferCommit,68800,
713,GasAndEventFinalize,44900,
713,ReplicationProjection,198900,
713,SnapshotHashMetrics,700,
713,EgressPublish,14630600,
714,IngressCapture,3700,
714,DecodeAndCanonicalize,300,
714,ApplyInputs,239200,
714,ProcessorPlan,42200,
714,CrossWorldPrepare,600,
714,NativeJobBarrier,300,
714,CommitDecision,300,
714,VoxelCommit,600,
714,EcsCommandBufferCommit,62800,
714,GasAndEventFinalize,20700,
714,ReplicationProjection,190100,
714,SnapshotHashMetrics,300,
714,EgressPublish,14732300,
715,IngressCapture,5200,
715,DecodeAndCanonicalize,200,
715,ApplyInputs,249600,
715,ProcessorPlan,31500,
715,CrossWorldPrepare,300,
715,NativeJobBarrier,200,
715,CommitDecision,200,
715,VoxelCommit,1300,
715,EcsCommandBufferCommit,205800,
715,GasAndEventFinalize,44100,
715,ReplicationProjection,481000,
715,SnapshotHashMetrics,300,
715,EgressPublish,15351400,
716,IngressCapture,3300,
716,DecodeAndCanonicalize,100,
716,ApplyInputs,186700,
716,ProcessorPlan,31300,
716,CrossWorldPrepare,900,
716,NativeJobBarrier,200,
716,CommitDecision,200,
716,VoxelCommit,500,
716,EcsCommandBufferCommit,44600,
716,GasAndEventFinalize,17000,
716,ReplicationProjection,121700,
716,SnapshotHashMetrics,200,
716,EgressPublish,12524500,
717,IngressCapture,4800,
717,DecodeAndCanonicalize,300,
717,ApplyInputs,287300,
717,ProcessorPlan,42700,
717,CrossWorldPrepare,700,
717,NativeJobBarrier,600,
717,CommitDecision,700,
717,VoxelCommit,1300,
717,EcsCommandBufferCommit,75300,
717,GasAndEventFinalize,23500,
717,ReplicationProjection,211100,
717,SnapshotHashMetrics,300,
717,EgressPublish,14008400,
718,IngressCapture,3900,
718,DecodeAndCanonicalize,1000,
718,ApplyInputs,219900,
718,ProcessorPlan,43500,
718,CrossWorldPrepare,500,
718,NativeJobBarrier,500,
718,CommitDecision,400,
718,VoxelCommit,1000,
718,EcsCommandBufferCommit,73800,
718,GasAndEventFinalize,22100,
718,ReplicationProjection,200500,
718,SnapshotHashMetrics,600,
718,EgressPublish,15904700,
719,IngressCapture,3300,
719,DecodeAndCanonicalize,200,
719,ApplyInputs,246000,
719,ProcessorPlan,42700,
719,CrossWorldPrepare,500,
719,NativeJobBarrier,1400,
719,CommitDecision,200,
719,VoxelCommit,800,
719,EcsCommandBufferCommit,66700,
719,GasAndEventFinalize,23700,
719,ReplicationProjection,199800,
719,SnapshotHashMetrics,300,
719,EgressPublish,15884600,
720,IngressCapture,4500,
720,DecodeAndCanonicalize,300,
720,ApplyInputs,233200,
720,ProcessorPlan,46600,
720,CrossWorldPrepare,800,
720,NativeJobBarrier,300,
720,CommitDecision,400,
720,VoxelCommit,1100,
720,EcsCommandBufferCommit,64800,
720,GasAndEventFinalize,22700,
720,ReplicationProjection,206700,
720,SnapshotHashMetrics,200,
720,EgressPublish,15463700,
721,IngressCapture,2900,
721,DecodeAndCanonicalize,200,
721,ApplyInputs,383400,
721,ProcessorPlan,30400,
721,CrossWorldPrepare,600,
721,NativeJobBarrier,300,
721,CommitDecision,100,
721,VoxelCommit,600,
721,EcsCommandBufferCommit,57100,
721,GasAndEventFinalize,30900,
721,ReplicationProjection,137300,
721,SnapshotHashMetrics,200,
721,EgressPublish,13012900,
722,IngressCapture,3600,
722,DecodeAndCanonicalize,100,
722,ApplyInputs,189400,
722,ProcessorPlan,30500,
722,CrossWorldPrepare,400,
722,NativeJobBarrier,200,
722,CommitDecision,100,
722,VoxelCommit,700,
722,EcsCommandBufferCommit,48800,
722,GasAndEventFinalize,15700,
722,ReplicationProjection,128200,
722,SnapshotHashMetrics,100,
722,EgressPublish,11597700,
723,IngressCapture,5300,
723,DecodeAndCanonicalize,200,
723,ApplyInputs,236500,
723,ProcessorPlan,54300,
723,CrossWorldPrepare,700,
723,NativeJobBarrier,300,
723,CommitDecision,300,
723,VoxelCommit,1100,
723,EcsCommandBufferCommit,74100,
723,GasAndEventFinalize,21100,
723,ReplicationProjection,230800,
723,SnapshotHashMetrics,700,
723,EgressPublish,16109600,
724,IngressCapture,4600,
724,DecodeAndCanonicalize,300,
724,ApplyInputs,226100,
724,ProcessorPlan,39200,
724,CrossWorldPrepare,600,
724,NativeJobBarrier,200,
724,CommitDecision,200,
724,VoxelCommit,1300,
724,EcsCommandBufferCommit,54900,
724,GasAndEventFinalize,20600,
724,ReplicationProjection,183100,
724,SnapshotHashMetrics,200,
724,EgressPublish,11027700,
725,IngressCapture,4100,
725,DecodeAndCanonicalize,100,
725,ApplyInputs,185000,
725,ProcessorPlan,28800,
725,CrossWorldPrepare,600,
725,NativeJobBarrier,200,
725,CommitDecision,300,
725,VoxelCommit,600,
725,EcsCommandBufferCommit,52000,
725,GasAndEventFinalize,18400,
725,ReplicationProjection,130200,
725,SnapshotHashMetrics,100,
725,EgressPublish,12191300,
726,IngressCapture,4100,
726,DecodeAndCanonicalize,200,
726,ApplyInputs,187300,
726,ProcessorPlan,38800,
726,CrossWorldPrepare,700,
726,NativeJobBarrier,200,
726,CommitDecision,200,
726,VoxelCommit,1000,
726,EcsCommandBufferCommit,64800,
726,GasAndEventFinalize,21600,
726,ReplicationProjection,193600,
726,SnapshotHashMetrics,200,
726,EgressPublish,12840100,
727,IngressCapture,4800,
727,DecodeAndCanonicalize,200,
727,ApplyInputs,306300,
727,ProcessorPlan,44400,
727,CrossWorldPrepare,500,
727,NativeJobBarrier,200,
727,CommitDecision,300,
727,VoxelCommit,1100,
727,EcsCommandBufferCommit,75700,
727,GasAndEventFinalize,24400,
727,ReplicationProjection,203300,
727,SnapshotHashMetrics,500,
727,EgressPublish,13061900,
728,IngressCapture,4900,
728,DecodeAndCanonicalize,300,
728,ApplyInputs,275100,
728,ProcessorPlan,59100,
728,CrossWorldPrepare,1900,
728,NativeJobBarrier,200,
728,CommitDecision,400,
728,VoxelCommit,1500,
728,EcsCommandBufferCommit,101300,
728,GasAndEventFinalize,33400,
728,ReplicationProjection,253200,
728,SnapshotHashMetrics,200,
728,EgressPublish,12753400,
729,IngressCapture,3300,
729,DecodeAndCanonicalize,200,
729,ApplyInputs,384700,
729,ProcessorPlan,31500,
729,CrossWorldPrepare,600,
729,NativeJobBarrier,100,
729,CommitDecision,200,
729,VoxelCommit,600,
729,EcsCommandBufferCommit,52400,
729,GasAndEventFinalize,29400,
729,ReplicationProjection,135600,
729,SnapshotHashMetrics,200,
729,EgressPublish,12421600,
730,IngressCapture,3000,
730,DecodeAndCanonicalize,200,
730,ApplyInputs,160400,
730,ProcessorPlan,30000,
730,CrossWorldPrepare,400,
730,NativeJobBarrier,100,
730,CommitDecision,400,
730,VoxelCommit,400,
730,EcsCommandBufferCommit,48400,
730,GasAndEventFinalize,15600,
730,ReplicationProjection,126000,
730,SnapshotHashMetrics,200,
730,EgressPublish,12033000,
731,IngressCapture,3500,
731,DecodeAndCanonicalize,200,
731,ApplyInputs,142400,
731,ProcessorPlan,30200,
731,CrossWorldPrepare,500,
731,NativeJobBarrier,200,
731,CommitDecision,200,
731,VoxelCommit,600,
731,EcsCommandBufferCommit,54300,
731,GasAndEventFinalize,17300,
731,ReplicationProjection,124300,
731,SnapshotHashMetrics,100,
731,EgressPublish,10436600,
732,IngressCapture,3600,
732,DecodeAndCanonicalize,200,
732,ApplyInputs,177300,
732,ProcessorPlan,38900,
732,CrossWorldPrepare,800,
732,NativeJobBarrier,100,
732,CommitDecision,300,
732,VoxelCommit,700,
732,EcsCommandBufferCommit,49000,
732,GasAndEventFinalize,16300,
732,ReplicationProjection,128400,
732,SnapshotHashMetrics,300,
732,EgressPublish,11794300,
733,IngressCapture,4100,
733,DecodeAndCanonicalize,100,
733,ApplyInputs,232800,
733,ProcessorPlan,29400,
733,CrossWorldPrepare,300,
733,NativeJobBarrier,300,
733,CommitDecision,600,
733,VoxelCommit,1400,
733,EcsCommandBufferCommit,170800,
733,GasAndEventFinalize,32100,
733,ReplicationProjection,343700,
733,SnapshotHashMetrics,700,
733,EgressPublish,13859700,
734,IngressCapture,5000,
734,DecodeAndCanonicalize,100,
734,ApplyInputs,258100,
734,ProcessorPlan,33100,
734,CrossWorldPrepare,400,
734,NativeJobBarrier,200,
734,CommitDecision,200,
734,VoxelCommit,700,
734,EcsCommandBufferCommit,59300,
734,GasAndEventFinalize,23300,
734,ReplicationProjection,142400,
734,SnapshotHashMetrics,300,
734,EgressPublish,12568800,
735,IngressCapture,5600,
735,DecodeAndCanonicalize,200,
735,ApplyInputs,270600,
735,ProcessorPlan,41100,
735,CrossWorldPrepare,700,
735,NativeJobBarrier,200,
735,CommitDecision,200,
735,VoxelCommit,1300,
735,EcsCommandBufferCommit,68400,
735,GasAndEventFinalize,18500,
735,ReplicationProjection,136000,
735,SnapshotHashMetrics,100,
735,EgressPublish,13137400,
736,IngressCapture,3700,
736,DecodeAndCanonicalize,300,
736,ApplyInputs,240400,
736,ProcessorPlan,50900,
736,CrossWorldPrepare,1200,
736,NativeJobBarrier,200,
736,CommitDecision,200,
736,VoxelCommit,1100,
736,EcsCommandBufferCommit,68900,
736,GasAndEventFinalize,21400,
736,ReplicationProjection,216900,
736,SnapshotHashMetrics,700,
736,EgressPublish,16086200,
737,IngressCapture,20300,
737,DecodeAndCanonicalize,700,
737,ApplyInputs,610600,
737,ProcessorPlan,47300,
737,CrossWorldPrepare,700,
737,NativeJobBarrier,200,
737,CommitDecision,200,
737,VoxelCommit,1500,
737,EcsCommandBufferCommit,74400,
737,GasAndEventFinalize,48300,
737,ReplicationProjection,222200,
737,SnapshotHashMetrics,700,
737,EgressPublish,15474100,
738,IngressCapture,6000,
738,DecodeAndCanonicalize,200,
738,ApplyInputs,271100,
738,ProcessorPlan,48000,
738,CrossWorldPrepare,800,
738,NativeJobBarrier,200,
738,CommitDecision,800,
738,VoxelCommit,1400,
738,EcsCommandBufferCommit,86900,
738,GasAndEventFinalize,29700,
738,ReplicationProjection,249900,
738,SnapshotHashMetrics,400,
738,EgressPublish,12099700,
739,IngressCapture,6600,
739,DecodeAndCanonicalize,200,
739,ApplyInputs,395000,
739,ProcessorPlan,44800,
739,CrossWorldPrepare,700,
739,NativeJobBarrier,500,
739,CommitDecision,600,
739,VoxelCommit,1500,
739,EcsCommandBufferCommit,254700,
739,GasAndEventFinalize,45600,
739,ReplicationProjection,446700,
739,SnapshotHashMetrics,300,
739,EgressPublish,12290500,
740,IngressCapture,4600,
740,DecodeAndCanonicalize,200,
740,ApplyInputs,248500,
740,ProcessorPlan,47600,
740,CrossWorldPrepare,500,
740,NativeJobBarrier,100,
740,CommitDecision,600,
740,VoxelCommit,1100,
740,EcsCommandBufferCommit,77600,
740,GasAndEventFinalize,28000,
740,ReplicationProjection,228700,
740,SnapshotHashMetrics,400,
740,EgressPublish,15184200,
741,IngressCapture,6800,
741,DecodeAndCanonicalize,300,
741,ApplyInputs,290400,
741,ProcessorPlan,52700,
741,CrossWorldPrepare,1500,
741,NativeJobBarrier,200,
741,CommitDecision,200,
741,VoxelCommit,1100,
741,EcsCommandBufferCommit,88600,
741,GasAndEventFinalize,29800,
741,ReplicationProjection,272900,
741,SnapshotHashMetrics,400,
741,EgressPublish,16483900,
742,IngressCapture,4000,
742,DecodeAndCanonicalize,200,
742,ApplyInputs,200800,
742,ProcessorPlan,36300,
742,CrossWorldPrepare,600,
742,NativeJobBarrier,300,
742,CommitDecision,600,
742,VoxelCommit,1000,
742,EcsCommandBufferCommit,77700,
742,GasAndEventFinalize,23100,
742,ReplicationProjection,147200,
742,SnapshotHashMetrics,100,
742,EgressPublish,12828700,
743,IngressCapture,5600,
743,DecodeAndCanonicalize,200,
743,ApplyInputs,259100,
743,ProcessorPlan,49600,
743,CrossWorldPrepare,800,
743,NativeJobBarrier,400,
743,CommitDecision,200,
743,VoxelCommit,2100,
743,EcsCommandBufferCommit,132500,
743,GasAndEventFinalize,32800,
743,ReplicationProjection,174600,
743,SnapshotHashMetrics,300,
743,EgressPublish,15887600,
744,IngressCapture,5500,
744,DecodeAndCanonicalize,300,
744,ApplyInputs,421900,
744,ProcessorPlan,54300,
744,CrossWorldPrepare,1300,
744,NativeJobBarrier,300,
744,CommitDecision,200,
744,VoxelCommit,1100,
744,EcsCommandBufferCommit,96500,
744,GasAndEventFinalize,34400,
744,ReplicationProjection,257900,
744,SnapshotHashMetrics,300,
744,EgressPublish,14078400,
745,IngressCapture,4900,
745,DecodeAndCanonicalize,200,
745,ApplyInputs,534900,
745,ProcessorPlan,50100,
745,CrossWorldPrepare,1000,
745,NativeJobBarrier,200,
745,CommitDecision,500,
745,VoxelCommit,1200,
745,EcsCommandBufferCommit,72400,
745,GasAndEventFinalize,49600,
745,ReplicationProjection,284100,
745,SnapshotHashMetrics,300,
745,EgressPublish,16706600,
746,IngressCapture,4000,
746,DecodeAndCanonicalize,200,
746,ApplyInputs,272700,
746,ProcessorPlan,60600,
746,CrossWorldPrepare,700,
746,NativeJobBarrier,200,
746,CommitDecision,200,
746,VoxelCommit,1300,
746,EcsCommandBufferCommit,97900,
746,GasAndEventFinalize,29700,
746,ReplicationProjection,259600,
746,SnapshotHashMetrics,700,
746,EgressPublish,18489700,
747,IngressCapture,4200,
747,DecodeAndCanonicalize,100,
747,ApplyInputs,173400,
747,ProcessorPlan,28900,
747,CrossWorldPrepare,400,
747,NativeJobBarrier,200,
747,CommitDecision,200,
747,VoxelCommit,900,
747,EcsCommandBufferCommit,55700,
747,GasAndEventFinalize,17800,
747,ReplicationProjection,139900,
747,SnapshotHashMetrics,200,
747,EgressPublish,12872800,
748,IngressCapture,5400,
748,DecodeAndCanonicalize,200,
748,ApplyInputs,248000,
748,ProcessorPlan,46100,
748,CrossWorldPrepare,1000,
748,NativeJobBarrier,500,
748,CommitDecision,100,
748,VoxelCommit,1200,
748,EcsCommandBufferCommit,93400,
748,GasAndEventFinalize,25200,
748,ReplicationProjection,213500,
748,SnapshotHashMetrics,200,
748,EgressPublish,11300000,
749,IngressCapture,3000,
749,DecodeAndCanonicalize,100,
749,ApplyInputs,209600,
749,ProcessorPlan,29300,
749,CrossWorldPrepare,300,
749,NativeJobBarrier,200,
749,CommitDecision,200,
749,VoxelCommit,800,
749,EcsCommandBufferCommit,57300,
749,GasAndEventFinalize,17500,
749,ReplicationProjection,137700,
749,SnapshotHashMetrics,200,
749,EgressPublish,12576300,
750,IngressCapture,5100,
750,DecodeAndCanonicalize,100,
750,ApplyInputs,169100,
750,ProcessorPlan,32800,
750,CrossWorldPrepare,500,
750,NativeJobBarrier,100,
750,CommitDecision,300,
750,VoxelCommit,1000,
750,EcsCommandBufferCommit,63200,
750,GasAndEventFinalize,18600,
750,ReplicationProjection,137500,
750,SnapshotHashMetrics,100,
750,EgressPublish,11277700,
751,IngressCapture,4200,
751,DecodeAndCanonicalize,100,
751,ApplyInputs,240600,
751,ProcessorPlan,38100,
751,CrossWorldPrepare,700,
751,NativeJobBarrier,100,
751,CommitDecision,800,
751,VoxelCommit,1200,
751,EcsCommandBufferCommit,69800,
751,GasAndEventFinalize,19100,
751,ReplicationProjection,151700,
751,SnapshotHashMetrics,100,
751,EgressPublish,13452100,
752,IngressCapture,4900,
752,DecodeAndCanonicalize,200,
752,ApplyInputs,214200,
752,ProcessorPlan,46700,
752,CrossWorldPrepare,1100,
752,NativeJobBarrier,200,
752,CommitDecision,900,
752,VoxelCommit,1000,
752,EcsCommandBufferCommit,82000,
752,GasAndEventFinalize,25400,
752,ReplicationProjection,182500,
752,SnapshotHashMetrics,300,
752,EgressPublish,11716100,
753,IngressCapture,2800,
753,DecodeAndCanonicalize,200,
753,ApplyInputs,330400,
753,ProcessorPlan,24900,
753,CrossWorldPrepare,300,
753,NativeJobBarrier,200,
753,CommitDecision,200,
753,VoxelCommit,500,
753,EcsCommandBufferCommit,42800,
753,GasAndEventFinalize,25800,
753,ReplicationProjection,140700,
753,SnapshotHashMetrics,300,
753,EgressPublish,11672400,
754,IngressCapture,3600,
754,DecodeAndCanonicalize,100,
754,ApplyInputs,218100,
754,ProcessorPlan,30000,
754,CrossWorldPrepare,500,
754,NativeJobBarrier,200,
754,CommitDecision,100,
754,VoxelCommit,700,
754,EcsCommandBufferCommit,52100,
754,GasAndEventFinalize,17200,
754,ReplicationProjection,140400,
754,SnapshotHashMetrics,400,
754,EgressPublish,12618900,
755,IngressCapture,3400,
755,DecodeAndCanonicalize,300,
755,ApplyInputs,159300,
755,ProcessorPlan,41000,
755,CrossWorldPrepare,400,
755,NativeJobBarrier,200,
755,CommitDecision,400,
755,VoxelCommit,1000,
755,EcsCommandBufferCommit,62600,
755,GasAndEventFinalize,23700,
755,ReplicationProjection,141300,
755,SnapshotHashMetrics,200,
755,EgressPublish,12022600,
756,IngressCapture,4500,
756,DecodeAndCanonicalize,200,
756,ApplyInputs,167500,
756,ProcessorPlan,30000,
756,CrossWorldPrepare,400,
756,NativeJobBarrier,200,
756,CommitDecision,100,
756,VoxelCommit,1100,
756,EcsCommandBufferCommit,62100,
756,GasAndEventFinalize,19900,
756,ReplicationProjection,148300,
756,SnapshotHashMetrics,200,
756,EgressPublish,13247100,
757,IngressCapture,5600,
757,DecodeAndCanonicalize,200,
757,ApplyInputs,322400,
757,ProcessorPlan,46600,
757,CrossWorldPrepare,600,
757,NativeJobBarrier,300,
757,CommitDecision,500,
757,VoxelCommit,1300,
757,EcsCommandBufferCommit,78900,
757,GasAndEventFinalize,26900,
757,ReplicationProjection,196700,
757,SnapshotHashMetrics,300,
757,EgressPublish,11290400,
758,IngressCapture,6000,
758,DecodeAndCanonicalize,200,
758,ApplyInputs,227600,
758,ProcessorPlan,33500,
758,CrossWorldPrepare,600,
758,NativeJobBarrier,100,
758,CommitDecision,100,
758,VoxelCommit,700,
758,EcsCommandBufferCommit,66300,
758,GasAndEventFinalize,20500,
758,ReplicationProjection,135700,
758,SnapshotHashMetrics,100,
758,EgressPublish,13590800,
759,IngressCapture,3600,
759,DecodeAndCanonicalize,200,
759,ApplyInputs,165100,
759,ProcessorPlan,51100,
759,CrossWorldPrepare,600,
759,NativeJobBarrier,200,
759,CommitDecision,400,
759,VoxelCommit,700,
759,EcsCommandBufferCommit,53400,
759,GasAndEventFinalize,14600,
759,ReplicationProjection,127700,
759,SnapshotHashMetrics,100,
759,EgressPublish,13618900,
760,IngressCapture,3500,
760,DecodeAndCanonicalize,100,
760,ApplyInputs,214300,
760,ProcessorPlan,44000,
760,CrossWorldPrepare,500,
760,NativeJobBarrier,400,
760,CommitDecision,200,
760,VoxelCommit,1100,
760,EcsCommandBufferCommit,64000,
760,GasAndEventFinalize,19800,
760,ReplicationProjection,138500,
760,SnapshotHashMetrics,200,
760,EgressPublish,11439800,
761,IngressCapture,3700,
761,DecodeAndCanonicalize,200,
761,ApplyInputs,455600,
761,ProcessorPlan,28600,
761,CrossWorldPrepare,300,
761,NativeJobBarrier,200,
761,CommitDecision,200,
761,VoxelCommit,700,
761,EcsCommandBufferCommit,63100,
761,GasAndEventFinalize,35400,
761,ReplicationProjection,138600,
761,SnapshotHashMetrics,400,
761,EgressPublish,11878600,
762,IngressCapture,3300,
762,DecodeAndCanonicalize,200,
762,ApplyInputs,157800,
762,ProcessorPlan,27900,
762,CrossWorldPrepare,300,
762,NativeJobBarrier,100,
762,CommitDecision,600,
762,VoxelCommit,600,
762,EcsCommandBufferCommit,55200,
762,GasAndEventFinalize,17600,
762,ReplicationProjection,125200,
762,SnapshotHashMetrics,100,
762,EgressPublish,12478400,
763,IngressCapture,6000,
763,DecodeAndCanonicalize,100,
763,ApplyInputs,271700,
763,ProcessorPlan,38200,
763,CrossWorldPrepare,800,
763,NativeJobBarrier,200,
763,CommitDecision,600,
763,VoxelCommit,1100,
763,EcsCommandBufferCommit,100900,
763,GasAndEventFinalize,25700,
763,ReplicationProjection,141200,
763,SnapshotHashMetrics,200,
763,EgressPublish,12651000,
764,IngressCapture,3700,
764,DecodeAndCanonicalize,100,
764,ApplyInputs,262200,
764,ProcessorPlan,32800,
764,CrossWorldPrepare,1100,
764,NativeJobBarrier,200,
764,CommitDecision,200,
764,VoxelCommit,700,
764,EcsCommandBufferCommit,168700,
764,GasAndEventFinalize,50700,
764,ReplicationProjection,369800,
764,SnapshotHashMetrics,200,
764,EgressPublish,13425900,
765,IngressCapture,15900,
765,DecodeAndCanonicalize,200,
765,ApplyInputs,346000,
765,ProcessorPlan,51400,
765,CrossWorldPrepare,600,
765,NativeJobBarrier,200,
765,CommitDecision,500,
765,VoxelCommit,1300,
765,EcsCommandBufferCommit,97900,
765,GasAndEventFinalize,27500,
765,ReplicationProjection,201300,
765,SnapshotHashMetrics,200,
765,EgressPublish,18798900,
766,IngressCapture,3500,
766,DecodeAndCanonicalize,100,
766,ApplyInputs,177600,
766,ProcessorPlan,30800,
766,CrossWorldPrepare,500,
766,NativeJobBarrier,200,
766,CommitDecision,200,
766,VoxelCommit,1300,
766,EcsCommandBufferCommit,63300,
766,GasAndEventFinalize,20200,
766,ReplicationProjection,131100,
766,SnapshotHashMetrics,100,
766,EgressPublish,14181700,
767,IngressCapture,5400,
767,DecodeAndCanonicalize,200,
767,ApplyInputs,351900,
767,ProcessorPlan,52200,
767,CrossWorldPrepare,1100,
767,NativeJobBarrier,300,
767,CommitDecision,1100,
767,VoxelCommit,1700,
767,EcsCommandBufferCommit,111900,
767,GasAndEventFinalize,34100,
767,ReplicationProjection,214900,
767,SnapshotHashMetrics,300,
767,EgressPublish,18323900,
768,IngressCapture,3700,
768,DecodeAndCanonicalize,2100,
768,ApplyInputs,160700,
768,ProcessorPlan,31700,
768,CrossWorldPrepare,400,
768,NativeJobBarrier,200,
768,CommitDecision,300,
768,VoxelCommit,900,
768,EcsCommandBufferCommit,58000,
768,GasAndEventFinalize,20600,
768,ReplicationProjection,130000,
768,SnapshotHashMetrics,100,
768,EgressPublish,13564700,
769,IngressCapture,3800,
769,DecodeAndCanonicalize,200,
769,ApplyInputs,429400,
769,ProcessorPlan,31000,
769,CrossWorldPrepare,700,
769,NativeJobBarrier,100,
769,CommitDecision,300,
769,VoxelCommit,1100,
769,EcsCommandBufferCommit,71800,
769,GasAndEventFinalize,41100,
769,ReplicationProjection,160100,
769,SnapshotHashMetrics,800,
769,EgressPublish,13287200,
770,IngressCapture,5300,
770,DecodeAndCanonicalize,400,
770,ApplyInputs,198200,
770,ProcessorPlan,30600,
770,CrossWorldPrepare,800,
770,NativeJobBarrier,100,
770,CommitDecision,500,
770,VoxelCommit,800,
770,EcsCommandBufferCommit,60300,
770,GasAndEventFinalize,20500,
770,ReplicationProjection,132000,
770,SnapshotHashMetrics,200,
770,EgressPublish,13589400,
771,IngressCapture,5000,
771,DecodeAndCanonicalize,200,
771,ApplyInputs,486200,
771,ProcessorPlan,48000,
771,CrossWorldPrepare,700,
771,NativeJobBarrier,400,
771,CommitDecision,200,
771,VoxelCommit,1500,
771,EcsCommandBufferCommit,93900,
771,GasAndEventFinalize,29600,
771,ReplicationProjection,213800,
771,SnapshotHashMetrics,500,
771,EgressPublish,18893600,
772,IngressCapture,6000,
772,DecodeAndCanonicalize,400,
772,ApplyInputs,279500,
772,ProcessorPlan,38300,
772,CrossWorldPrepare,700,
772,NativeJobBarrier,200,
772,CommitDecision,300,
772,VoxelCommit,900,
772,EcsCommandBufferCommit,84000,
772,GasAndEventFinalize,22600,
772,ReplicationProjection,173600,
772,SnapshotHashMetrics,500,
772,EgressPublish,14243300,
773,IngressCapture,6200,
773,DecodeAndCanonicalize,400,
773,ApplyInputs,299700,
773,ProcessorPlan,48600,
773,CrossWorldPrepare,800,
773,NativeJobBarrier,300,
773,CommitDecision,200,
773,VoxelCommit,1700,
773,EcsCommandBufferCommit,73900,
773,GasAndEventFinalize,28200,
773,ReplicationProjection,198900,
773,SnapshotHashMetrics,800,
773,EgressPublish,18424500,
774,IngressCapture,5200,
774,DecodeAndCanonicalize,600,
774,ApplyInputs,307800,
774,ProcessorPlan,68600,
774,CrossWorldPrepare,700,
774,NativeJobBarrier,200,
774,CommitDecision,200,
774,VoxelCommit,2300,
774,EcsCommandBufferCommit,77100,
774,GasAndEventFinalize,25300,
774,ReplicationProjection,218400,
774,SnapshotHashMetrics,900,
774,EgressPublish,17466900,
775,IngressCapture,4500,
775,DecodeAndCanonicalize,200,
775,ApplyInputs,294600,
775,ProcessorPlan,42000,
775,CrossWorldPrepare,800,
775,NativeJobBarrier,500,
775,CommitDecision,300,
775,VoxelCommit,1200,
775,EcsCommandBufferCommit,77900,
775,GasAndEventFinalize,26800,
775,ReplicationProjection,197000,
775,SnapshotHashMetrics,200,
775,EgressPublish,15461500,
776,IngressCapture,4300,
776,DecodeAndCanonicalize,200,
776,ApplyInputs,253400,
776,ProcessorPlan,46900,
776,CrossWorldPrepare,800,
776,NativeJobBarrier,200,
776,CommitDecision,100,
776,VoxelCommit,1400,
776,EcsCommandBufferCommit,71000,
776,GasAndEventFinalize,26900,
776,ReplicationProjection,189200,
776,SnapshotHashMetrics,200,
776,EgressPublish,16695300,
777,IngressCapture,6000,
777,DecodeAndCanonicalize,400,
777,ApplyInputs,642500,
777,ProcessorPlan,51600,
777,CrossWorldPrepare,700,
777,NativeJobBarrier,300,
777,CommitDecision,400,
777,VoxelCommit,800,
777,EcsCommandBufferCommit,65000,
777,GasAndEventFinalize,46400,
777,ReplicationProjection,224800,
777,SnapshotHashMetrics,400,
777,EgressPublish,13706800,
778,IngressCapture,5000,
778,DecodeAndCanonicalize,200,
778,ApplyInputs,216700,
778,ProcessorPlan,46700,
778,CrossWorldPrepare,600,
778,NativeJobBarrier,100,
778,CommitDecision,100,
778,VoxelCommit,1500,
778,EcsCommandBufferCommit,73400,
778,GasAndEventFinalize,22000,
778,ReplicationProjection,130500,
778,SnapshotHashMetrics,100,
778,EgressPublish,15474400,
779,IngressCapture,3800,
779,DecodeAndCanonicalize,200,
779,ApplyInputs,198600,
779,ProcessorPlan,31600,
779,CrossWorldPrepare,500,
779,NativeJobBarrier,100,
779,CommitDecision,100,
779,VoxelCommit,1800,
779,EcsCommandBufferCommit,73100,
779,GasAndEventFinalize,21900,
779,ReplicationProjection,166400,
779,SnapshotHashMetrics,300,
779,EgressPublish,14538900,
780,IngressCapture,4000,
780,DecodeAndCanonicalize,200,
780,ApplyInputs,195900,
780,ProcessorPlan,29400,
780,CrossWorldPrepare,600,
780,NativeJobBarrier,400,
780,CommitDecision,100,
780,VoxelCommit,1600,
780,EcsCommandBufferCommit,56100,
780,GasAndEventFinalize,21100,
780,ReplicationProjection,170000,
780,SnapshotHashMetrics,1000,
780,EgressPublish,17608000,
781,IngressCapture,6000,
781,DecodeAndCanonicalize,400,
781,ApplyInputs,275200,
781,ProcessorPlan,48600,
781,CrossWorldPrepare,700,
781,NativeJobBarrier,300,
781,CommitDecision,700,
781,VoxelCommit,1800,
781,EcsCommandBufferCommit,86000,
781,GasAndEventFinalize,30400,
781,ReplicationProjection,199300,
781,SnapshotHashMetrics,200,
781,EgressPublish,16632400,
782,IngressCapture,3800,
782,DecodeAndCanonicalize,200,
782,ApplyInputs,230900,
782,ProcessorPlan,35800,
782,CrossWorldPrepare,400,
782,NativeJobBarrier,300,
782,CommitDecision,400,
782,VoxelCommit,1000,
782,EcsCommandBufferCommit,62200,
782,GasAndEventFinalize,23700,
782,ReplicationProjection,177100,
782,SnapshotHashMetrics,500,
782,EgressPublish,15433000,
783,IngressCapture,5700,
783,DecodeAndCanonicalize,300,
783,ApplyInputs,234400,
783,ProcessorPlan,48800,
783,CrossWorldPrepare,800,
783,NativeJobBarrier,200,
783,CommitDecision,300,
783,VoxelCommit,1000,
783,EcsCommandBufferCommit,77500,
783,GasAndEventFinalize,23900,
783,ReplicationProjection,180500,
783,SnapshotHashMetrics,300,
783,EgressPublish,15794700,
784,IngressCapture,5100,
784,DecodeAndCanonicalize,300,
784,ApplyInputs,524800,
784,ProcessorPlan,71400,
784,CrossWorldPrepare,700,
784,NativeJobBarrier,200,
784,CommitDecision,300,
784,VoxelCommit,1500,
784,EcsCommandBufferCommit,79500,
784,GasAndEventFinalize,41300,
784,ReplicationProjection,173400,
784,SnapshotHashMetrics,200,
784,EgressPublish,15243600,
785,IngressCapture,3400,
785,DecodeAndCanonicalize,200,
785,ApplyInputs,199300,
785,ProcessorPlan,39400,
785,CrossWorldPrepare,900,
785,NativeJobBarrier,200,
785,CommitDecision,100,
785,VoxelCommit,800,
785,EcsCommandBufferCommit,77300,
785,GasAndEventFinalize,22100,
785,ReplicationProjection,125800,
785,SnapshotHashMetrics,200,
785,EgressPublish,16029200,
786,IngressCapture,5600,
786,DecodeAndCanonicalize,100,
786,ApplyInputs,265400,
786,ProcessorPlan,47400,
786,CrossWorldPrepare,900,
786,NativeJobBarrier,400,
786,CommitDecision,400,
786,VoxelCommit,1000,
786,EcsCommandBufferCommit,75300,
786,GasAndEventFinalize,23400,
786,ReplicationProjection,188100,
786,SnapshotHashMetrics,200,
786,EgressPublish,19348200,
787,IngressCapture,4500,
787,DecodeAndCanonicalize,200,
787,ApplyInputs,224800,
787,ProcessorPlan,42300,
787,CrossWorldPrepare,600,
787,NativeJobBarrier,300,
787,CommitDecision,200,
787,VoxelCommit,900,
787,EcsCommandBufferCommit,60700,
787,GasAndEventFinalize,22600,
787,ReplicationProjection,178600,
787,SnapshotHashMetrics,200,
787,EgressPublish,17152800,
788,IngressCapture,9200,
788,DecodeAndCanonicalize,400,
788,ApplyInputs,321800,
788,ProcessorPlan,67100,
788,CrossWorldPrepare,1000,
788,NativeJobBarrier,700,
788,CommitDecision,400,
788,VoxelCommit,1100,
788,EcsCommandBufferCommit,106900,
788,GasAndEventFinalize,33900,
788,ReplicationProjection,217100,
788,SnapshotHashMetrics,400,
788,EgressPublish,14757100,
789,IngressCapture,6200,
789,DecodeAndCanonicalize,200,
789,ApplyInputs,311100,
789,ProcessorPlan,44900,
789,CrossWorldPrepare,700,
789,NativeJobBarrier,100,
789,CommitDecision,300,
789,VoxelCommit,1300,
789,EcsCommandBufferCommit,85200,
789,GasAndEventFinalize,31000,
789,ReplicationProjection,191600,
789,SnapshotHashMetrics,300,
789,EgressPublish,16250700,
790,IngressCapture,4100,
790,DecodeAndCanonicalize,300,
790,ApplyInputs,275900,
790,ProcessorPlan,44900,
790,CrossWorldPrepare,1000,
790,NativeJobBarrier,200,
790,CommitDecision,300,
790,VoxelCommit,900,
790,EcsCommandBufferCommit,74900,
790,GasAndEventFinalize,21700,
790,ReplicationProjection,218400,
790,SnapshotHashMetrics,300,
790,EgressPublish,16750200,
791,IngressCapture,6800,
791,DecodeAndCanonicalize,100,
791,ApplyInputs,203600,
791,ProcessorPlan,35700,
791,CrossWorldPrepare,600,
791,NativeJobBarrier,200,
791,CommitDecision,300,
791,VoxelCommit,1700,
791,EcsCommandBufferCommit,72100,
791,GasAndEventFinalize,23100,
791,ReplicationProjection,138400,
791,SnapshotHashMetrics,200,
791,EgressPublish,15237200,
792,IngressCapture,3800,
792,DecodeAndCanonicalize,500,
792,ApplyInputs,406100,
792,ProcessorPlan,39000,
792,CrossWorldPrepare,700,
792,NativeJobBarrier,200,
792,CommitDecision,200,
792,VoxelCommit,700,
792,EcsCommandBufferCommit,59600,
792,GasAndEventFinalize,36600,
792,ReplicationProjection,131100,
792,SnapshotHashMetrics,500,
792,EgressPublish,14446400,
793,IngressCapture,6500,
793,DecodeAndCanonicalize,200,
793,ApplyInputs,278700,
793,ProcessorPlan,63600,
793,CrossWorldPrepare,2000,
793,NativeJobBarrier,200,
793,CommitDecision,400,
793,VoxelCommit,1500,
793,EcsCommandBufferCommit,100600,
793,GasAndEventFinalize,37400,
793,ReplicationProjection,261000,
793,SnapshotHashMetrics,400,
793,EgressPublish,16969300,
794,IngressCapture,3800,
794,DecodeAndCanonicalize,600,
794,ApplyInputs,312700,
794,ProcessorPlan,48300,
794,CrossWorldPrepare,700,
794,NativeJobBarrier,400,
794,CommitDecision,1000,
794,VoxelCommit,1800,
794,EcsCommandBufferCommit,82400,
794,GasAndEventFinalize,32600,
794,ReplicationProjection,203700,
794,SnapshotHashMetrics,200,
794,EgressPublish,15925700,
795,IngressCapture,3700,
795,DecodeAndCanonicalize,200,
795,ApplyInputs,269600,
795,ProcessorPlan,44400,
795,CrossWorldPrepare,600,
795,NativeJobBarrier,300,
795,CommitDecision,200,
795,VoxelCommit,1400,
795,EcsCommandBufferCommit,89400,
795,GasAndEventFinalize,29300,
795,ReplicationProjection,207400,
795,SnapshotHashMetrics,1400,
795,EgressPublish,16593300,
796,IngressCapture,4200,
796,DecodeAndCanonicalize,200,
796,ApplyInputs,166700,
796,ProcessorPlan,43400,
796,CrossWorldPrepare,600,
796,NativeJobBarrier,200,
796,CommitDecision,200,
796,VoxelCommit,800,
796,EcsCommandBufferCommit,60700,
796,GasAndEventFinalize,18900,
796,ReplicationProjection,116900,
796,SnapshotHashMetrics,200,
796,EgressPublish,12449300,
797,IngressCapture,3600,
797,DecodeAndCanonicalize,400,
797,ApplyInputs,269500,
797,ProcessorPlan,40400,
797,CrossWorldPrepare,600,
797,NativeJobBarrier,200,
797,CommitDecision,200,
797,VoxelCommit,1200,
797,EcsCommandBufferCommit,70800,
797,GasAndEventFinalize,25400,
797,ReplicationProjection,165200,
797,SnapshotHashMetrics,400,
797,EgressPublish,13163800,
798,IngressCapture,3900,
798,DecodeAndCanonicalize,200,
798,ApplyInputs,157800,
798,ProcessorPlan,30700,
798,CrossWorldPrepare,400,
798,NativeJobBarrier,200,
798,CommitDecision,300,
798,VoxelCommit,800,
798,EcsCommandBufferCommit,61800,
798,GasAndEventFinalize,19100,
798,ReplicationProjection,871200,
798,SnapshotHashMetrics,600,
798,EgressPublish,14275100,
799,IngressCapture,3300,
799,DecodeAndCanonicalize,200,
799,ApplyInputs,255800,
799,ProcessorPlan,32300,
799,CrossWorldPrepare,500,
799,NativeJobBarrier,200,
799,CommitDecision,300,
799,VoxelCommit,1700,
799,EcsCommandBufferCommit,68200,
799,GasAndEventFinalize,21100,
799,ReplicationProjection,125400,
799,SnapshotHashMetrics,100,
799,EgressPublish,13569900,
800,IngressCapture,4000,
800,DecodeAndCanonicalize,100,
800,ApplyInputs,413200,
800,ProcessorPlan,25900,
800,CrossWorldPrepare,400,
800,NativeJobBarrier,100,
800,CommitDecision,300,
800,VoxelCommit,600,
800,EcsCommandBufferCommit,43300,
800,GasAndEventFinalize,27000,
800,ReplicationProjection,119400,
800,SnapshotHashMetrics,200,
800,EgressPublish,10657100,
801,IngressCapture,4600,
801,DecodeAndCanonicalize,200,
801,ApplyInputs,240300,
801,ProcessorPlan,59200,
801,CrossWorldPrepare,600,
801,NativeJobBarrier,300,
801,CommitDecision,600,
801,VoxelCommit,900,
801,EcsCommandBufferCommit,72100,
801,GasAndEventFinalize,24700,
801,ReplicationProjection,222200,
801,SnapshotHashMetrics,400,
801,EgressPublish,11783800,
802,IngressCapture,3600,
802,DecodeAndCanonicalize,200,
802,ApplyInputs,231300,
802,ProcessorPlan,39200,
802,CrossWorldPrepare,1200,
802,NativeJobBarrier,200,
802,CommitDecision,200,
802,VoxelCommit,800,
802,EcsCommandBufferCommit,60300,
802,GasAndEventFinalize,21200,
802,ReplicationProjection,165400,
802,SnapshotHashMetrics,200,
802,EgressPublish,8203100,
803,IngressCapture,5400,
803,DecodeAndCanonicalize,200,
803,ApplyInputs,208600,
803,ProcessorPlan,33800,
803,CrossWorldPrepare,1000,
803,NativeJobBarrier,300,
803,CommitDecision,300,
803,VoxelCommit,900,
803,EcsCommandBufferCommit,65600,
803,GasAndEventFinalize,18700,
803,ReplicationProjection,119500,
803,SnapshotHashMetrics,100,
803,EgressPublish,11594900,
804,IngressCapture,4300,
804,DecodeAndCanonicalize,200,
804,ApplyInputs,268500,
804,ProcessorPlan,45500,
804,CrossWorldPrepare,1200,
804,NativeJobBarrier,200,
804,CommitDecision,200,
804,VoxelCommit,1000,
804,EcsCommandBufferCommit,84900,
804,GasAndEventFinalize,25100,
804,ReplicationProjection,188500,
804,SnapshotHashMetrics,400,
804,EgressPublish,11798900,
805,IngressCapture,3200,
805,DecodeAndCanonicalize,200,
805,ApplyInputs,247200,
805,ProcessorPlan,43100,
805,CrossWorldPrepare,600,
805,NativeJobBarrier,200,
805,CommitDecision,200,
805,VoxelCommit,1100,
805,EcsCommandBufferCommit,78000,
805,GasAndEventFinalize,26100,
805,ReplicationProjection,181800,
805,SnapshotHashMetrics,500,
805,EgressPublish,14381200,
806,IngressCapture,3400,
806,DecodeAndCanonicalize,200,
806,ApplyInputs,139400,
806,ProcessorPlan,51800,
806,CrossWorldPrepare,600,
806,NativeJobBarrier,200,
806,CommitDecision,100,
806,VoxelCommit,400,
806,EcsCommandBufferCommit,48700,
806,GasAndEventFinalize,16600,
806,ReplicationProjection,117400,
806,SnapshotHashMetrics,200,
806,EgressPublish,17593000,
807,IngressCapture,5200,
807,DecodeAndCanonicalize,200,
807,ApplyInputs,324700,
807,ProcessorPlan,48200,
807,CrossWorldPrepare,800,
807,NativeJobBarrier,200,
807,CommitDecision,300,
807,VoxelCommit,1500,
807,EcsCommandBufferCommit,80200,
807,GasAndEventFinalize,30100,
807,ReplicationProjection,215300,
807,SnapshotHashMetrics,400,
807,EgressPublish,12682000,
808,IngressCapture,4600,
808,DecodeAndCanonicalize,200,
808,ApplyInputs,341700,
808,ProcessorPlan,29000,
808,CrossWorldPrepare,500,
808,NativeJobBarrier,100,
808,CommitDecision,200,
808,VoxelCommit,500,
808,EcsCommandBufferCommit,60900,
808,GasAndEventFinalize,32500,
808,ReplicationProjection,124000,
808,SnapshotHashMetrics,100,
808,EgressPublish,10905900,
809,IngressCapture,5100,
809,DecodeAndCanonicalize,300,
809,ApplyInputs,260900,
809,ProcessorPlan,49000,
809,CrossWorldPrepare,900,
809,NativeJobBarrier,200,
809,CommitDecision,200,
809,VoxelCommit,2400,
809,EcsCommandBufferCommit,81500,
809,GasAndEventFinalize,27500,
809,ReplicationProjection,176700,
809,SnapshotHashMetrics,600,
809,EgressPublish,15416200,
810,IngressCapture,3700,
810,DecodeAndCanonicalize,200,
810,ApplyInputs,168400,
810,ProcessorPlan,28500,
810,CrossWorldPrepare,400,
810,NativeJobBarrier,200,
810,CommitDecision,100,
810,VoxelCommit,800,
810,EcsCommandBufferCommit,49100,
810,GasAndEventFinalize,18200,
810,ReplicationProjection,123100,
810,SnapshotHashMetrics,200,
810,EgressPublish,11681700,
811,IngressCapture,4000,
811,DecodeAndCanonicalize,100,
811,ApplyInputs,204200,
811,ProcessorPlan,30200,
811,CrossWorldPrepare,600,
811,NativeJobBarrier,100,
811,CommitDecision,400,
811,VoxelCommit,700,
811,EcsCommandBufferCommit,57700,
811,GasAndEventFinalize,19600,
811,ReplicationProjection,116800,
811,SnapshotHashMetrics,200,
811,EgressPublish,11159200,
812,IngressCapture,3500,
812,DecodeAndCanonicalize,200,
812,ApplyInputs,160200,
812,ProcessorPlan,31100,
812,CrossWorldPrepare,400,
812,NativeJobBarrier,200,
812,CommitDecision,600,
812,VoxelCommit,900,
812,EcsCommandBufferCommit,60700,
812,GasAndEventFinalize,20400,
812,ReplicationProjection,124500,
812,SnapshotHashMetrics,200,
812,EgressPublish,12004500,
813,IngressCapture,3200,
813,DecodeAndCanonicalize,200,
813,ApplyInputs,197600,
813,ProcessorPlan,31700,
813,CrossWorldPrepare,400,
813,NativeJobBarrier,100,
813,CommitDecision,200,
813,VoxelCommit,700,
813,EcsCommandBufferCommit,71200,
813,GasAndEventFinalize,25300,
813,ReplicationProjection,128200,
813,SnapshotHashMetrics,100,
813,EgressPublish,14041300,
814,IngressCapture,3600,
814,DecodeAndCanonicalize,200,
814,ApplyInputs,191400,
814,ProcessorPlan,27000,
814,CrossWorldPrepare,400,
814,NativeJobBarrier,200,
814,CommitDecision,500,
814,VoxelCommit,800,
814,EcsCommandBufferCommit,47900,
814,GasAndEventFinalize,15500,
814,ReplicationProjection,115200,
814,SnapshotHashMetrics,100,
814,EgressPublish,10786100,
815,IngressCapture,5800,
815,DecodeAndCanonicalize,200,
815,ApplyInputs,231500,
815,ProcessorPlan,50500,
815,CrossWorldPrepare,600,
815,NativeJobBarrier,200,
815,CommitDecision,300,
815,VoxelCommit,800,
815,EcsCommandBufferCommit,66000,
815,GasAndEventFinalize,25200,
815,ReplicationProjection,240800,
815,SnapshotHashMetrics,500,
815,EgressPublish,11332500,
816,IngressCapture,3100,
816,DecodeAndCanonicalize,100,
816,ApplyInputs,386100,
816,ProcessorPlan,30300,
816,CrossWorldPrepare,500,
816,NativeJobBarrier,400,
816,CommitDecision,200,
816,VoxelCommit,700,
816,EcsCommandBufferCommit,61100,
816,GasAndEventFinalize,37900,
816,ReplicationProjection,132600,
816,SnapshotHashMetrics,200,
816,EgressPublish,12661400,
817,IngressCapture,5800,
817,DecodeAndCanonicalize,200,
817,ApplyInputs,202900,
817,ProcessorPlan,42700,
817,CrossWorldPrepare,700,
817,NativeJobBarrier,200,
817,CommitDecision,200,
817,VoxelCommit,1100,
817,EcsCommandBufferCommit,68100,
817,GasAndEventFinalize,26100,
817,ReplicationProjection,180800,
817,SnapshotHashMetrics,300,
817,EgressPublish,10797900,
818,IngressCapture,4400,
818,DecodeAndCanonicalize,200,
818,ApplyInputs,268800,
818,ProcessorPlan,37100,
818,CrossWorldPrepare,400,
818,NativeJobBarrier,200,
818,CommitDecision,300,
818,VoxelCommit,800,
818,EcsCommandBufferCommit,75700,
818,GasAndEventFinalize,28600,
818,ReplicationProjection,191700,
818,SnapshotHashMetrics,400,
818,EgressPublish,14909000,
819,IngressCapture,4000,
819,DecodeAndCanonicalize,200,
819,ApplyInputs,164500,
819,ProcessorPlan,27900,
819,CrossWorldPrepare,500,
819,NativeJobBarrier,200,
819,CommitDecision,300,
819,VoxelCommit,1000,
819,EcsCommandBufferCommit,59300,
819,GasAndEventFinalize,17400,
819,ReplicationProjection,112400,
819,SnapshotHashMetrics,200,
819,EgressPublish,11759000,
820,IngressCapture,3700,
820,DecodeAndCanonicalize,200,
820,ApplyInputs,246300,
820,ProcessorPlan,31600,
820,CrossWorldPrepare,400,
820,NativeJobBarrier,100,
820,CommitDecision,200,
820,VoxelCommit,500,
820,EcsCommandBufferCommit,119000,
820,GasAndEventFinalize,38500,
820,ReplicationProjection,365200,
820,SnapshotHashMetrics,900,
820,EgressPublish,11869100,
821,IngressCapture,3400,
821,DecodeAndCanonicalize,200,
821,ApplyInputs,153900,
821,ProcessorPlan,33800,
821,CrossWorldPrepare,500,
821,NativeJobBarrier,200,
821,CommitDecision,200,
821,VoxelCommit,800,
821,EcsCommandBufferCommit,62300,
821,GasAndEventFinalize,20400,
821,ReplicationProjection,133800,
821,SnapshotHashMetrics,200,
821,EgressPublish,10058600,
822,IngressCapture,3500,
822,DecodeAndCanonicalize,100,
822,ApplyInputs,199500,
822,ProcessorPlan,30900,
822,CrossWorldPrepare,500,
822,NativeJobBarrier,200,
822,CommitDecision,100,
822,VoxelCommit,1200,
822,EcsCommandBufferCommit,51600,
822,GasAndEventFinalize,15900,
822,ReplicationProjection,118500,
822,SnapshotHashMetrics,100,
822,EgressPublish,10157800,
823,IngressCapture,3400,
823,DecodeAndCanonicalize,100,
823,ApplyInputs,367200,
823,ProcessorPlan,38300,
823,CrossWorldPrepare,600,
823,NativeJobBarrier,200,
823,CommitDecision,200,
823,VoxelCommit,700,
823,EcsCommandBufferCommit,59900,
823,GasAndEventFinalize,36900,
823,ReplicationProjection,128500,
823,SnapshotHashMetrics,200,
823,EgressPublish,9287000,
824,IngressCapture,4000,
824,DecodeAndCanonicalize,600,
824,ApplyInputs,252900,
824,ProcessorPlan,41400,
824,CrossWorldPrepare,500,
824,NativeJobBarrier,200,
824,CommitDecision,200,
824,VoxelCommit,1100,
824,EcsCommandBufferCommit,68400,
824,GasAndEventFinalize,24100,
824,ReplicationProjection,166000,
824,SnapshotHashMetrics,500,
824,EgressPublish,11923700,
825,IngressCapture,5400,
825,DecodeAndCanonicalize,200,
825,ApplyInputs,240100,
825,ProcessorPlan,29400,
825,CrossWorldPrepare,400,
825,NativeJobBarrier,100,
825,CommitDecision,200,
825,VoxelCommit,1500,
825,EcsCommandBufferCommit,195900,
825,GasAndEventFinalize,45100,
825,ReplicationProjection,510200,
825,SnapshotHashMetrics,300,
825,EgressPublish,14703500,
826,IngressCapture,7700,
826,DecodeAndCanonicalize,200,
826,ApplyInputs,226000,
826,ProcessorPlan,37300,
826,CrossWorldPrepare,600,
826,NativeJobBarrier,200,
826,CommitDecision,500,
826,VoxelCommit,700,
826,EcsCommandBufferCommit,56800,
826,GasAndEventFinalize,34900,
826,ReplicationProjection,181400,
826,SnapshotHashMetrics,400,
826,EgressPublish,11874000,
827,IngressCapture,4300,
827,DecodeAndCanonicalize,100,
827,ApplyInputs,176300,
827,ProcessorPlan,35400,
827,CrossWorldPrepare,600,
827,NativeJobBarrier,100,
827,CommitDecision,300,
827,VoxelCommit,800,
827,EcsCommandBufferCommit,77200,
827,GasAndEventFinalize,26500,
827,ReplicationProjection,145600,
827,SnapshotHashMetrics,200,
827,EgressPublish,11598100,
828,IngressCapture,4200,
828,DecodeAndCanonicalize,200,
828,ApplyInputs,199700,
828,ProcessorPlan,34100,
828,CrossWorldPrepare,600,
828,NativeJobBarrier,300,
828,CommitDecision,100,
828,VoxelCommit,1400,
828,EcsCommandBufferCommit,73900,
828,GasAndEventFinalize,22500,
828,ReplicationProjection,147300,
828,SnapshotHashMetrics,500,
828,EgressPublish,11294900,
829,IngressCapture,3600,
829,DecodeAndCanonicalize,200,
829,ApplyInputs,183100,
829,ProcessorPlan,35300,
829,CrossWorldPrepare,600,
829,NativeJobBarrier,100,
829,CommitDecision,200,
829,VoxelCommit,600,
829,EcsCommandBufferCommit,73500,
829,GasAndEventFinalize,31700,
829,ReplicationProjection,179700,
829,SnapshotHashMetrics,100,
829,EgressPublish,11859600,
830,IngressCapture,4600,
830,DecodeAndCanonicalize,200,
830,ApplyInputs,196600,
830,ProcessorPlan,41800,
830,CrossWorldPrepare,800,
830,NativeJobBarrier,200,
830,CommitDecision,100,
830,VoxelCommit,700,
830,EcsCommandBufferCommit,75500,
830,GasAndEventFinalize,24800,
830,ReplicationProjection,142300,
830,SnapshotHashMetrics,300,
830,EgressPublish,11291400,
831,IngressCapture,3900,
831,DecodeAndCanonicalize,200,
831,ApplyInputs,355700,
831,ProcessorPlan,39800,
831,CrossWorldPrepare,500,
831,NativeJobBarrier,100,
831,CommitDecision,300,
831,VoxelCommit,600,
831,EcsCommandBufferCommit,61300,
831,GasAndEventFinalize,33200,
831,ReplicationProjection,147000,
831,SnapshotHashMetrics,300,
831,EgressPublish,11299300,
832,IngressCapture,3500,
832,DecodeAndCanonicalize,200,
832,ApplyInputs,228200,
832,ProcessorPlan,42400,
832,CrossWorldPrepare,600,
832,NativeJobBarrier,200,
832,CommitDecision,400,
832,VoxelCommit,1000,
832,EcsCommandBufferCommit,70600,
832,GasAndEventFinalize,36300,
832,ReplicationProjection,142900,
832,SnapshotHashMetrics,100,
832,EgressPublish,11768400,
833,IngressCapture,4300,
833,DecodeAndCanonicalize,200,
833,ApplyInputs,340400,
833,ProcessorPlan,38600,
833,CrossWorldPrepare,500,
833,NativeJobBarrier,200,
833,CommitDecision,300,
833,VoxelCommit,900,
833,EcsCommandBufferCommit,75400,
833,GasAndEventFinalize,39900,
833,ReplicationProjection,235800,
833,SnapshotHashMetrics,400,
833,EgressPublish,14691500,
834,IngressCapture,3800,
834,DecodeAndCanonicalize,200,
834,ApplyInputs,178000,
834,ProcessorPlan,39600,
834,CrossWorldPrepare,500,
834,NativeJobBarrier,200,
834,CommitDecision,200,
834,VoxelCommit,1500,
834,EcsCommandBufferCommit,73900,
834,GasAndEventFinalize,24200,
834,ReplicationProjection,206600,
834,SnapshotHashMetrics,400,
834,EgressPublish,12558000,
835,IngressCapture,3300,
835,DecodeAndCanonicalize,100,
835,ApplyInputs,187000,
835,ProcessorPlan,34500,
835,CrossWorldPrepare,400,
835,NativeJobBarrier,100,
835,CommitDecision,100,
835,VoxelCommit,600,
835,EcsCommandBufferCommit,66800,
835,GasAndEventFinalize,23000,
835,ReplicationProjection,147300,
835,SnapshotHashMetrics,300,
835,EgressPublish,10872500,
836,IngressCapture,3500,
836,DecodeAndCanonicalize,200,
836,ApplyInputs,214500,
836,ProcessorPlan,33700,
836,CrossWorldPrepare,600,
836,NativeJobBarrier,300,
836,CommitDecision,600,
836,VoxelCommit,800,
836,EcsCommandBufferCommit,72000,
836,GasAndEventFinalize,28800,
836,ReplicationProjection,146900,
836,SnapshotHashMetrics,200,
836,EgressPublish,11618700,
837,IngressCapture,6800,
837,DecodeAndCanonicalize,200,
837,ApplyInputs,263800,
837,ProcessorPlan,59100,
837,CrossWorldPrepare,1300,
837,NativeJobBarrier,200,
837,CommitDecision,300,
837,VoxelCommit,700,
837,EcsCommandBufferCommit,107300,
837,GasAndEventFinalize,34400,
837,ReplicationProjection,261100,
837,SnapshotHashMetrics,300,
837,EgressPublish,10996200,
838,IngressCapture,5000,
838,DecodeAndCanonicalize,200,
838,ApplyInputs,329000,
838,ProcessorPlan,50800,
838,CrossWorldPrepare,500,
838,NativeJobBarrier,200,
838,CommitDecision,600,
838,VoxelCommit,1200,
838,EcsCommandBufferCommit,86300,
838,GasAndEventFinalize,33500,
838,ReplicationProjection,238000,
838,SnapshotHashMetrics,700,
838,EgressPublish,12773000,
839,IngressCapture,4300,
839,DecodeAndCanonicalize,200,
839,ApplyInputs,225700,
839,ProcessorPlan,45300,
839,CrossWorldPrepare,500,
839,NativeJobBarrier,300,
839,CommitDecision,200,
839,VoxelCommit,1600,
839,EcsCommandBufferCommit,87300,
839,GasAndEventFinalize,38600,
839,ReplicationProjection,221200,
839,SnapshotHashMetrics,700,
839,EgressPublish,14976600,
840,IngressCapture,4100,
840,DecodeAndCanonicalize,300,
840,ApplyInputs,545600,
840,ProcessorPlan,41500,
840,CrossWorldPrepare,600,
840,NativeJobBarrier,200,
840,CommitDecision,300,
840,VoxelCommit,1200,
840,EcsCommandBufferCommit,66300,
840,GasAndEventFinalize,39900,
840,ReplicationProjection,218400,
840,SnapshotHashMetrics,400,
840,EgressPublish,14424400,
841,IngressCapture,4000,
841,DecodeAndCanonicalize,100,
841,ApplyInputs,162400,
841,ProcessorPlan,27100,
841,CrossWorldPrepare,400,
841,NativeJobBarrier,100,
841,CommitDecision,300,
841,VoxelCommit,500,
841,EcsCommandBufferCommit,47100,
841,GasAndEventFinalize,14400,
841,ReplicationProjection,111100,
841,SnapshotHashMetrics,400,
841,EgressPublish,9644300,
842,IngressCapture,5000,
842,DecodeAndCanonicalize,200,
842,ApplyInputs,209400,
842,ProcessorPlan,48400,
842,CrossWorldPrepare,800,
842,NativeJobBarrier,200,
842,CommitDecision,300,
842,VoxelCommit,1100,
842,EcsCommandBufferCommit,72000,
842,GasAndEventFinalize,25400,
842,ReplicationProjection,190700,
842,SnapshotHashMetrics,800,
842,EgressPublish,12248200,
843,IngressCapture,2400,
843,DecodeAndCanonicalize,100,
843,ApplyInputs,146200,
843,ProcessorPlan,25900,
843,CrossWorldPrepare,400,
843,NativeJobBarrier,100,
843,CommitDecision,200,
843,VoxelCommit,600,
843,EcsCommandBufferCommit,42900,
843,GasAndEventFinalize,12400,
843,ReplicationProjection,104500,
843,SnapshotHashMetrics,300,
843,EgressPublish,9658900,
844,IngressCapture,4400,
844,DecodeAndCanonicalize,200,
844,ApplyInputs,302900,
844,ProcessorPlan,48700,
844,CrossWorldPrepare,700,
844,NativeJobBarrier,300,
844,CommitDecision,400,
844,VoxelCommit,800,
844,EcsCommandBufferCommit,86000,
844,GasAndEventFinalize,27400,
844,ReplicationProjection,220800,
844,SnapshotHashMetrics,300,
844,EgressPublish,13234300,
845,IngressCapture,3700,
845,DecodeAndCanonicalize,200,
845,ApplyInputs,339700,
845,ProcessorPlan,40700,
845,CrossWorldPrepare,500,
845,NativeJobBarrier,200,
845,CommitDecision,400,
845,VoxelCommit,900,
845,EcsCommandBufferCommit,492000,
845,GasAndEventFinalize,26700,
845,ReplicationProjection,325700,
845,SnapshotHashMetrics,800,
845,EgressPublish,10365800,
846,IngressCapture,4900,
846,DecodeAndCanonicalize,300,
846,ApplyInputs,237300,
846,ProcessorPlan,48200,
846,CrossWorldPrepare,600,
846,NativeJobBarrier,200,
846,CommitDecision,600,
846,VoxelCommit,700,
846,EcsCommandBufferCommit,60600,
846,GasAndEventFinalize,20200,
846,ReplicationProjection,183600,
846,SnapshotHashMetrics,700,
846,EgressPublish,10959200,
847,IngressCapture,7000,
847,DecodeAndCanonicalize,1100,
847,ApplyInputs,623300,
847,ProcessorPlan,89700,
847,CrossWorldPrepare,1100,
847,NativeJobBarrier,400,
847,CommitDecision,1200,
847,VoxelCommit,1600,
847,EcsCommandBufferCommit,95800,
847,GasAndEventFinalize,53000,
847,ReplicationProjection,200500,
847,SnapshotHashMetrics,800,
847,EgressPublish,16386700,
848,IngressCapture,6300,
848,DecodeAndCanonicalize,600,
848,ApplyInputs,298400,
848,ProcessorPlan,47600,
848,CrossWorldPrepare,900,
848,NativeJobBarrier,300,
848,CommitDecision,300,
848,VoxelCommit,1000,
848,EcsCommandBufferCommit,75800,
848,GasAndEventFinalize,21300,
848,ReplicationProjection,212800,
848,SnapshotHashMetrics,400,
848,EgressPublish,13646400,
849,IngressCapture,5200,
849,DecodeAndCanonicalize,100,
849,ApplyInputs,288200,
849,ProcessorPlan,36100,
849,CrossWorldPrepare,700,
849,NativeJobBarrier,400,
849,CommitDecision,400,
849,VoxelCommit,800,
849,EcsCommandBufferCommit,593500,
849,GasAndEventFinalize,44700,
849,ReplicationProjection,382400,
849,SnapshotHashMetrics,500,
849,EgressPublish,12735900,
850,IngressCapture,6000,
850,DecodeAndCanonicalize,300,
850,ApplyInputs,317400,
850,ProcessorPlan,41900,
850,CrossWorldPrepare,700,
850,NativeJobBarrier,200,
850,CommitDecision,500,
850,VoxelCommit,1300,
850,EcsCommandBufferCommit,77000,
850,GasAndEventFinalize,25500,
850,ReplicationProjection,187900,
850,SnapshotHashMetrics,300,
850,EgressPublish,14265400,
851,IngressCapture,3800,
851,DecodeAndCanonicalize,200,
851,ApplyInputs,200900,
851,ProcessorPlan,29700,
851,CrossWorldPrepare,400,
851,NativeJobBarrier,200,
851,CommitDecision,200,
851,VoxelCommit,500,
851,EcsCommandBufferCommit,57900,
851,GasAndEventFinalize,17500,
851,ReplicationProjection,124400,
851,SnapshotHashMetrics,200,
851,EgressPublish,14232800,
852,IngressCapture,12600,
852,DecodeAndCanonicalize,200,
852,ApplyInputs,212000,
852,ProcessorPlan,35500,
852,CrossWorldPrepare,900,
852,NativeJobBarrier,100,
852,CommitDecision,200,
852,VoxelCommit,1000,
852,EcsCommandBufferCommit,67200,
852,GasAndEventFinalize,20600,
852,ReplicationProjection,125100,
852,SnapshotHashMetrics,300,
852,EgressPublish,11408100,
853,IngressCapture,4300,
853,DecodeAndCanonicalize,1100,
853,ApplyInputs,231700,
853,ProcessorPlan,34300,
853,CrossWorldPrepare,400,
853,NativeJobBarrier,200,
853,CommitDecision,600,
853,VoxelCommit,900,
853,EcsCommandBufferCommit,80500,
853,GasAndEventFinalize,25300,
853,ReplicationProjection,144900,
853,SnapshotHashMetrics,200,
853,EgressPublish,15407200,
854,IngressCapture,3800,
854,DecodeAndCanonicalize,100,
854,ApplyInputs,199600,
854,ProcessorPlan,28700,
854,CrossWorldPrepare,300,
854,NativeJobBarrier,600,
854,CommitDecision,200,
854,VoxelCommit,600,
854,EcsCommandBufferCommit,63200,
854,GasAndEventFinalize,20500,
854,ReplicationProjection,121800,
854,SnapshotHashMetrics,200,
854,EgressPublish,13242100,
855,IngressCapture,3300,
855,DecodeAndCanonicalize,100,
855,ApplyInputs,393500,
855,ProcessorPlan,30400,
855,CrossWorldPrepare,400,
855,NativeJobBarrier,300,
855,CommitDecision,200,
855,VoxelCommit,800,
855,EcsCommandBufferCommit,58000,
855,GasAndEventFinalize,32800,
855,ReplicationProjection,150300,
855,SnapshotHashMetrics,300,
855,EgressPublish,13949500,
856,IngressCapture,4700,
856,DecodeAndCanonicalize,200,
856,ApplyInputs,240200,
856,ProcessorPlan,50300,
856,CrossWorldPrepare,700,
856,NativeJobBarrier,400,
856,CommitDecision,300,
856,VoxelCommit,1700,
856,EcsCommandBufferCommit,91800,
856,GasAndEventFinalize,27000,
856,ReplicationProjection,204300,
856,SnapshotHashMetrics,700,
856,EgressPublish,11561100,
857,IngressCapture,4400,
857,DecodeAndCanonicalize,300,
857,ApplyInputs,291400,
857,ProcessorPlan,51000,
857,CrossWorldPrepare,600,
857,NativeJobBarrier,400,
857,CommitDecision,400,
857,VoxelCommit,1200,
857,EcsCommandBufferCommit,92300,
857,GasAndEventFinalize,34400,
857,ReplicationProjection,221600,
857,SnapshotHashMetrics,700,
857,EgressPublish,16296900,
858,IngressCapture,4700,
858,DecodeAndCanonicalize,300,
858,ApplyInputs,245500,
858,ProcessorPlan,48500,
858,CrossWorldPrepare,600,
858,NativeJobBarrier,300,
858,CommitDecision,400,
858,VoxelCommit,1100,
858,EcsCommandBufferCommit,87500,
858,GasAndEventFinalize,31400,
858,ReplicationProjection,198300,
858,SnapshotHashMetrics,600,
858,EgressPublish,11195100,
859,IngressCapture,5100,
859,DecodeAndCanonicalize,200,
859,ApplyInputs,215200,
859,ProcessorPlan,34600,
859,CrossWorldPrepare,400,
859,NativeJobBarrier,200,
859,CommitDecision,300,
859,VoxelCommit,600,
859,EcsCommandBufferCommit,65900,
859,GasAndEventFinalize,19400,
859,ReplicationProjection,133900,
859,SnapshotHashMetrics,300,
859,EgressPublish,15246100,
860,IngressCapture,6500,
860,DecodeAndCanonicalize,100,
860,ApplyInputs,238200,
860,ProcessorPlan,38100,
860,CrossWorldPrepare,800,
860,NativeJobBarrier,400,
860,CommitDecision,700,
860,VoxelCommit,1000,
860,EcsCommandBufferCommit,106700,
860,GasAndEventFinalize,27100,
860,ReplicationProjection,136900,
860,SnapshotHashMetrics,100,
860,EgressPublish,11770900,
861,IngressCapture,4100,
861,DecodeAndCanonicalize,200,
861,ApplyInputs,249200,
861,ProcessorPlan,43400,
861,CrossWorldPrepare,700,
861,NativeJobBarrier,300,
861,CommitDecision,200,
861,VoxelCommit,1400,
861,EcsCommandBufferCommit,82800,
861,GasAndEventFinalize,27300,
861,ReplicationProjection,152700,
861,SnapshotHashMetrics,300,
861,EgressPublish,13858900,
862,IngressCapture,3200,
862,DecodeAndCanonicalize,200,
862,ApplyInputs,170300,
862,ProcessorPlan,29700,
862,CrossWorldPrepare,500,
862,NativeJobBarrier,200,
862,CommitDecision,300,
862,VoxelCommit,500,
862,EcsCommandBufferCommit,50100,
862,GasAndEventFinalize,19100,
862,ReplicationProjection,122600,
862,SnapshotHashMetrics,300,
862,EgressPublish,12604700,
863,IngressCapture,6000,
863,DecodeAndCanonicalize,200,
863,ApplyInputs,267800,
863,ProcessorPlan,76100,
863,CrossWorldPrepare,400,
863,NativeJobBarrier,200,
863,CommitDecision,300,
863,VoxelCommit,800,
863,EcsCommandBufferCommit,52500,
863,GasAndEventFinalize,29600,
863,ReplicationProjection,126700,
863,SnapshotHashMetrics,300,
863,EgressPublish,15038400,
864,IngressCapture,3600,
864,DecodeAndCanonicalize,200,
864,ApplyInputs,236400,
864,ProcessorPlan,32200,
864,CrossWorldPrepare,300,
864,NativeJobBarrier,300,
864,CommitDecision,200,
864,VoxelCommit,500,
864,EcsCommandBufferCommit,66200,
864,GasAndEventFinalize,23300,
864,ReplicationProjection,130400,
864,SnapshotHashMetrics,100,
864,EgressPublish,14298200,
865,IngressCapture,3300,
865,DecodeAndCanonicalize,200,
865,ApplyInputs,252300,
865,ProcessorPlan,30900,
865,CrossWorldPrepare,500,
865,NativeJobBarrier,100,
865,CommitDecision,300,
865,VoxelCommit,1000,
865,EcsCommandBufferCommit,65800,
865,GasAndEventFinalize,22000,
865,ReplicationProjection,117600,
865,SnapshotHashMetrics,100,
865,EgressPublish,11732300,
866,IngressCapture,6900,
866,DecodeAndCanonicalize,300,
866,ApplyInputs,359100,
866,ProcessorPlan,56100,
866,CrossWorldPrepare,800,
866,NativeJobBarrier,200,
866,CommitDecision,200,
866,VoxelCommit,900,
866,EcsCommandBufferCommit,226000,
866,GasAndEventFinalize,61400,
866,ReplicationProjection,577300,
866,SnapshotHashMetrics,500,
866,EgressPublish,18797200,
867,IngressCapture,5100,
867,DecodeAndCanonicalize,400,
867,ApplyInputs,470400,
867,ProcessorPlan,55000,
867,CrossWorldPrepare,800,
867,NativeJobBarrier,300,
867,CommitDecision,700,
867,VoxelCommit,1500,
867,EcsCommandBufferCommit,110000,
867,GasAndEventFinalize,34500,
867,ReplicationProjection,233400,
867,SnapshotHashMetrics,300,
867,EgressPublish,16459700,
868,IngressCapture,8900,
868,DecodeAndCanonicalize,1000,
868,ApplyInputs,400300,
868,ProcessorPlan,64500,
868,CrossWorldPrepare,800,
868,NativeJobBarrier,500,
868,CommitDecision,200,
868,VoxelCommit,1400,
868,EcsCommandBufferCommit,109900,
868,GasAndEventFinalize,29500,
868,ReplicationProjection,209100,
868,SnapshotHashMetrics,300,
868,EgressPublish,21749200,
869,IngressCapture,8400,
869,DecodeAndCanonicalize,300,
869,ApplyInputs,431700,
869,ProcessorPlan,55900,
869,CrossWorldPrepare,1400,
869,NativeJobBarrier,200,
869,CommitDecision,400,
869,VoxelCommit,1500,
869,EcsCommandBufferCommit,113600,
869,GasAndEventFinalize,33200,
869,ReplicationProjection,233100,
869,SnapshotHashMetrics,600,
869,EgressPublish,19689000,
870,IngressCapture,3200,
870,DecodeAndCanonicalize,200,
870,ApplyInputs,232100,
870,ProcessorPlan,29200,
870,CrossWorldPrepare,700,
870,NativeJobBarrier,200,
870,CommitDecision,200,
870,VoxelCommit,600,
870,EcsCommandBufferCommit,61100,
870,GasAndEventFinalize,21400,
870,ReplicationProjection,119700,
870,SnapshotHashMetrics,300,
870,EgressPublish,15141600,
871,IngressCapture,4100,
871,DecodeAndCanonicalize,300,
871,ApplyInputs,437700,
871,ProcessorPlan,104200,
871,CrossWorldPrepare,600,
871,NativeJobBarrier,200,
871,CommitDecision,200,
871,VoxelCommit,700,
871,EcsCommandBufferCommit,82200,
871,GasAndEventFinalize,46600,
871,ReplicationProjection,204100,
871,SnapshotHashMetrics,400,
871,EgressPublish,17659800,
872,IngressCapture,4100,
872,DecodeAndCanonicalize,300,
872,ApplyInputs,254500,
872,ProcessorPlan,32500,
872,CrossWorldPrepare,600,
872,NativeJobBarrier,200,
872,CommitDecision,300,
872,VoxelCommit,1300,
872,EcsCommandBufferCommit,78300,
872,GasAndEventFinalize,23300,
872,ReplicationProjection,125300,
872,SnapshotHashMetrics,100,
872,EgressPublish,13614600,
873,IngressCapture,4200,
873,DecodeAndCanonicalize,200,
873,ApplyInputs,255700,
873,ProcessorPlan,58800,
873,CrossWorldPrepare,800,
873,NativeJobBarrier,200,
873,CommitDecision,200,
873,VoxelCommit,900,
873,EcsCommandBufferCommit,80200,
873,GasAndEventFinalize,30900,
873,ReplicationProjection,210700,
873,SnapshotHashMetrics,1300,
873,EgressPublish,17222000,
874,IngressCapture,3600,
874,DecodeAndCanonicalize,100,
874,ApplyInputs,210600,
874,ProcessorPlan,32000,
874,CrossWorldPrepare,400,
874,NativeJobBarrier,100,
874,CommitDecision,100,
874,VoxelCommit,500,
874,EcsCommandBufferCommit,67100,
874,GasAndEventFinalize,37400,
874,ReplicationProjection,124100,
874,SnapshotHashMetrics,200,
874,EgressPublish,14273900,
875,IngressCapture,3500,
875,DecodeAndCanonicalize,200,
875,ApplyInputs,325000,
875,ProcessorPlan,46200,
875,CrossWorldPrepare,600,
875,NativeJobBarrier,300,
875,CommitDecision,400,
875,VoxelCommit,1000,
875,EcsCommandBufferCommit,97500,
875,GasAndEventFinalize,29500,
875,ReplicationProjection,192800,
875,SnapshotHashMetrics,200,
875,EgressPublish,14205400,
876,IngressCapture,3000,
876,DecodeAndCanonicalize,200,
876,ApplyInputs,162600,
876,ProcessorPlan,30700,
876,CrossWorldPrepare,400,
876,NativeJobBarrier,100,
876,CommitDecision,200,
876,VoxelCommit,600,
876,EcsCommandBufferCommit,63600,
876,GasAndEventFinalize,19900,
876,ReplicationProjection,122700,
876,SnapshotHashMetrics,100,
876,EgressPublish,16103900,
877,IngressCapture,5300,
877,DecodeAndCanonicalize,300,
877,ApplyInputs,426700,
877,ProcessorPlan,57100,
877,CrossWorldPrepare,800,
877,NativeJobBarrier,200,
877,CommitDecision,400,
877,VoxelCommit,1900,
877,EcsCommandBufferCommit,123300,
877,GasAndEventFinalize,38300,
877,ReplicationProjection,236800,
877,SnapshotHashMetrics,500,
877,EgressPublish,15570200,
878,IngressCapture,3500,
878,DecodeAndCanonicalize,100,
878,ApplyInputs,178100,
878,ProcessorPlan,34200,
878,CrossWorldPrepare,500,
878,NativeJobBarrier,200,
878,CommitDecision,100,
878,VoxelCommit,800,
878,EcsCommandBufferCommit,75900,
878,GasAndEventFinalize,23500,
878,ReplicationProjection,129700,
878,SnapshotHashMetrics,400,
878,EgressPublish,15827500,
879,IngressCapture,4600,
879,DecodeAndCanonicalize,200,
879,ApplyInputs,523400,
879,ProcessorPlan,70200,
879,CrossWorldPrepare,400,
879,NativeJobBarrier,200,
879,CommitDecision,400,
879,VoxelCommit,800,
879,EcsCommandBufferCommit,69900,
879,GasAndEventFinalize,50100,
879,ReplicationProjection,236500,
879,SnapshotHashMetrics,800,
879,EgressPublish,16600800,
880,IngressCapture,5400,
880,DecodeAndCanonicalize,200,
880,ApplyInputs,217000,
880,ProcessorPlan,34300,
880,CrossWorldPrepare,300,
880,NativeJobBarrier,200,
880,CommitDecision,300,
880,VoxelCommit,700,
880,EcsCommandBufferCommit,80100,
880,GasAndEventFinalize,20900,
880,ReplicationProjection,1206600,
880,SnapshotHashMetrics,600,
880,EgressPublish,14225800,
881,IngressCapture,4100,
881,DecodeAndCanonicalize,200,
881,ApplyInputs,228500,
881,ProcessorPlan,50200,
881,CrossWorldPrepare,1100,
881,NativeJobBarrier,100,
881,CommitDecision,200,
881,VoxelCommit,1300,
881,EcsCommandBufferCommit,83000,
881,GasAndEventFinalize,28600,
881,ReplicationProjection,189400,
881,SnapshotHashMetrics,400,
881,EgressPublish,18246800,
882,IngressCapture,4100,
882,DecodeAndCanonicalize,200,
882,ApplyInputs,300100,
882,ProcessorPlan,47600,
882,CrossWorldPrepare,900,
882,NativeJobBarrier,300,
882,CommitDecision,300,
882,VoxelCommit,1000,
882,EcsCommandBufferCommit,90300,
882,GasAndEventFinalize,31600,
882,ReplicationProjection,210900,
882,SnapshotHashMetrics,800,
882,EgressPublish,16079500,
883,IngressCapture,3500,
883,DecodeAndCanonicalize,200,
883,ApplyInputs,297100,
883,ProcessorPlan,53900,
883,CrossWorldPrepare,700,
883,NativeJobBarrier,200,
883,CommitDecision,200,
883,VoxelCommit,1300,
883,EcsCommandBufferCommit,87200,
883,GasAndEventFinalize,31700,
883,ReplicationProjection,176100,
883,SnapshotHashMetrics,400,
883,EgressPublish,16131500,
884,IngressCapture,4300,
884,DecodeAndCanonicalize,200,
884,ApplyInputs,279600,
884,ProcessorPlan,42500,
884,CrossWorldPrepare,400,
884,NativeJobBarrier,200,
884,CommitDecision,200,
884,VoxelCommit,1000,
884,EcsCommandBufferCommit,74900,
884,GasAndEventFinalize,24900,
884,ReplicationProjection,158600,
884,SnapshotHashMetrics,600,
884,EgressPublish,15462600,
885,IngressCapture,4100,
885,DecodeAndCanonicalize,200,
885,ApplyInputs,328900,
885,ProcessorPlan,45500,
885,CrossWorldPrepare,600,
885,NativeJobBarrier,200,
885,CommitDecision,100,
885,VoxelCommit,1200,
885,EcsCommandBufferCommit,89400,
885,GasAndEventFinalize,29100,
885,ReplicationProjection,186100,
885,SnapshotHashMetrics,300,
885,EgressPublish,18734300,
886,IngressCapture,4300,
886,DecodeAndCanonicalize,200,
886,ApplyInputs,259800,
886,ProcessorPlan,55200,
886,CrossWorldPrepare,800,
886,NativeJobBarrier,200,
886,CommitDecision,200,
886,VoxelCommit,1900,
886,EcsCommandBufferCommit,96600,
886,GasAndEventFinalize,31800,
886,ReplicationProjection,197800,
886,SnapshotHashMetrics,800,
886,EgressPublish,15725600,
887,IngressCapture,4500,
887,DecodeAndCanonicalize,200,
887,ApplyInputs,640400,
887,ProcessorPlan,46200,
887,CrossWorldPrepare,500,
887,NativeJobBarrier,200,
887,CommitDecision,600,
887,VoxelCommit,1000,
887,EcsCommandBufferCommit,94100,
887,GasAndEventFinalize,51800,
887,ReplicationProjection,175000,
887,SnapshotHashMetrics,300,
887,EgressPublish,17350300,
888,IngressCapture,4300,
888,DecodeAndCanonicalize,200,
888,ApplyInputs,177900,
888,ProcessorPlan,31400,
888,CrossWorldPrepare,400,
888,NativeJobBarrier,200,
888,CommitDecision,600,
888,VoxelCommit,900,
888,EcsCommandBufferCommit,73100,
888,GasAndEventFinalize,22200,
888,ReplicationProjection,117800,
888,SnapshotHashMetrics,100,
888,EgressPublish,12271700,
889,IngressCapture,5200,
889,DecodeAndCanonicalize,300,
889,ApplyInputs,369400,
889,ProcessorPlan,43100,
889,CrossWorldPrepare,800,
889,NativeJobBarrier,400,
889,CommitDecision,500,
889,VoxelCommit,1100,
889,EcsCommandBufferCommit,88700,
889,GasAndEventFinalize,31200,
889,ReplicationProjection,188100,
889,SnapshotHashMetrics,300,
889,EgressPublish,16608900,
890,IngressCapture,4200,
890,DecodeAndCanonicalize,100,
890,ApplyInputs,224800,
890,ProcessorPlan,35900,
890,CrossWorldPrepare,400,
890,NativeJobBarrier,200,
890,CommitDecision,100,
890,VoxelCommit,900,
890,EcsCommandBufferCommit,89700,
890,GasAndEventFinalize,26600,
890,ReplicationProjection,124100,
890,SnapshotHashMetrics,200,
890,EgressPublish,13757300,
891,IngressCapture,4100,
891,DecodeAndCanonicalize,200,
891,ApplyInputs,189500,
891,ProcessorPlan,33400,
891,CrossWorldPrepare,400,
891,NativeJobBarrier,100,
891,CommitDecision,600,
891,VoxelCommit,1800,
891,EcsCommandBufferCommit,88100,
891,GasAndEventFinalize,26100,
891,ReplicationProjection,116600,
891,SnapshotHashMetrics,200,
891,EgressPublish,12202500,
892,IngressCapture,4600,
892,DecodeAndCanonicalize,200,
892,ApplyInputs,291200,
892,ProcessorPlan,46400,
892,CrossWorldPrepare,600,
892,NativeJobBarrier,200,
892,CommitDecision,200,
892,VoxelCommit,900,
892,EcsCommandBufferCommit,81700,
892,GasAndEventFinalize,31100,
892,ReplicationProjection,177800,
892,SnapshotHashMetrics,300,
892,EgressPublish,14149000,
893,IngressCapture,3900,
893,DecodeAndCanonicalize,300,
893,ApplyInputs,250200,
893,ProcessorPlan,57800,
893,CrossWorldPrepare,1300,
893,NativeJobBarrier,200,
893,CommitDecision,700,
893,VoxelCommit,1000,
893,EcsCommandBufferCommit,106700,
893,GasAndEventFinalize,30300,
893,ReplicationProjection,229100,
893,SnapshotHashMetrics,1100,
893,EgressPublish,17888000,
894,IngressCapture,5800,
894,DecodeAndCanonicalize,300,
894,ApplyInputs,671400,
894,ProcessorPlan,61400,
894,CrossWorldPrepare,1000,
894,NativeJobBarrier,300,
894,CommitDecision,300,
894,VoxelCommit,1200,
894,EcsCommandBufferCommit,79500,
894,GasAndEventFinalize,49100,
894,ReplicationProjection,228400,
894,SnapshotHashMetrics,400,
894,EgressPublish,14658200,
895,IngressCapture,6700,
895,DecodeAndCanonicalize,200,
895,ApplyInputs,300100,
895,ProcessorPlan,51400,
895,CrossWorldPrepare,1000,
895,NativeJobBarrier,200,
895,CommitDecision,200,
895,VoxelCommit,2100,
895,EcsCommandBufferCommit,88800,
895,GasAndEventFinalize,24900,
895,ReplicationProjection,120800,
895,SnapshotHashMetrics,100,
895,EgressPublish,17186800,
896,IngressCapture,4900,
896,DecodeAndCanonicalize,200,
896,ApplyInputs,267600,
896,ProcessorPlan,44100,
896,CrossWorldPrepare,300,
896,NativeJobBarrier,200,
896,CommitDecision,200,
896,VoxelCommit,1000,
896,EcsCommandBufferCommit,80100,
896,GasAndEventFinalize,27200,
896,ReplicationProjection,160900,
896,SnapshotHashMetrics,300,
896,EgressPublish,16330700,
897,IngressCapture,6800,
897,DecodeAndCanonicalize,200,
897,ApplyInputs,352400,
897,ProcessorPlan,60800,
897,CrossWorldPrepare,1200,
897,NativeJobBarrier,200,
897,CommitDecision,300,
897,VoxelCommit,2200,
897,EcsCommandBufferCommit,100400,
897,GasAndEventFinalize,38100,
897,ReplicationProjection,206400,
897,SnapshotHashMetrics,600,
897,EgressPublish,16006400,
898,IngressCapture,5700,
898,DecodeAndCanonicalize,300,
898,ApplyInputs,343100,
898,ProcessorPlan,54600,
898,CrossWorldPrepare,700,
898,NativeJobBarrier,200,
898,CommitDecision,200,
898,VoxelCommit,1100,
898,EcsCommandBufferCommit,91100,
898,GasAndEventFinalize,29600,
898,ReplicationProjection,194100,
898,SnapshotHashMetrics,500,
898,EgressPublish,17325300,
899,IngressCapture,4000,
899,DecodeAndCanonicalize,200,
899,ApplyInputs,237100,
899,ProcessorPlan,46900,
899,CrossWorldPrepare,400,
899,NativeJobBarrier,200,
899,CommitDecision,400,
899,VoxelCommit,1100,
899,EcsCommandBufferCommit,85800,
899,GasAndEventFinalize,29800,
899,ReplicationProjection,180800,
899,SnapshotHashMetrics,500,
899,EgressPublish,16613700,
900,IngressCapture,4600,
900,DecodeAndCanonicalize,300,
900,ApplyInputs,284800,
900,ProcessorPlan,45800,
900,CrossWorldPrepare,1400,
900,NativeJobBarrier,300,
900,CommitDecision,600,
900,VoxelCommit,1100,
900,EcsCommandBufferCommit,89000,
900,GasAndEventFinalize,29700,
900,ReplicationProjection,170900,
900,SnapshotHashMetrics,1000,
900,EgressPublish,17939000,
901,IngressCapture,7500,
901,DecodeAndCanonicalize,200,
901,ApplyInputs,305500,
901,ProcessorPlan,50000,
901,CrossWorldPrepare,600,
901,NativeJobBarrier,300,
901,CommitDecision,100,
901,VoxelCommit,800,
901,EcsCommandBufferCommit,95600,
901,GasAndEventFinalize,34500,
901,ReplicationProjection,184200,
901,SnapshotHashMetrics,400,
901,EgressPublish,15423800,
902,IngressCapture,5600,
902,DecodeAndCanonicalize,200,
902,ApplyInputs,262700,
902,ProcessorPlan,55200,
902,CrossWorldPrepare,1100,
902,NativeJobBarrier,500,
902,CommitDecision,300,
902,VoxelCommit,1300,
902,EcsCommandBufferCommit,103400,
902,GasAndEventFinalize,54900,
902,ReplicationProjection,189600,
902,SnapshotHashMetrics,300,
902,EgressPublish,15792600,
903,IngressCapture,3300,
903,DecodeAndCanonicalize,200,
903,ApplyInputs,400200,
903,ProcessorPlan,30000,
903,CrossWorldPrepare,400,
903,NativeJobBarrier,200,
903,CommitDecision,100,
903,VoxelCommit,600,
903,EcsCommandBufferCommit,55600,
903,GasAndEventFinalize,31500,
903,ReplicationProjection,124600,
903,SnapshotHashMetrics,400,
903,EgressPublish,13205400,
904,IngressCapture,5400,
904,DecodeAndCanonicalize,400,
904,ApplyInputs,327500,
904,ProcessorPlan,59700,
904,CrossWorldPrepare,700,
904,NativeJobBarrier,600,
904,CommitDecision,200,
904,VoxelCommit,1500,
904,EcsCommandBufferCommit,96000,
904,GasAndEventFinalize,27700,
904,ReplicationProjection,135800,
904,SnapshotHashMetrics,200,
904,EgressPublish,16442800,
905,IngressCapture,3400,
905,DecodeAndCanonicalize,300,
905,ApplyInputs,399000,
905,ProcessorPlan,69300,
905,CrossWorldPrepare,900,
905,NativeJobBarrier,300,
905,CommitDecision,300,
905,VoxelCommit,900,
905,EcsCommandBufferCommit,104200,
905,GasAndEventFinalize,21000,
905,ReplicationProjection,210900,
905,SnapshotHashMetrics,300,
905,EgressPublish,15719500,
906,IngressCapture,5000,
906,DecodeAndCanonicalize,200,
906,ApplyInputs,511200,
906,ProcessorPlan,133500,
906,CrossWorldPrepare,1000,
906,NativeJobBarrier,400,
906,CommitDecision,400,
906,VoxelCommit,800,
906,EcsCommandBufferCommit,82400,
906,GasAndEventFinalize,29300,
906,ReplicationProjection,206900,
906,SnapshotHashMetrics,600,
906,EgressPublish,17210100,
907,IngressCapture,6200,
907,DecodeAndCanonicalize,200,
907,ApplyInputs,348300,
907,ProcessorPlan,48000,
907,CrossWorldPrepare,800,
907,NativeJobBarrier,400,
907,CommitDecision,500,
907,VoxelCommit,1100,
907,EcsCommandBufferCommit,90000,
907,GasAndEventFinalize,29900,
907,ReplicationProjection,195400,
907,SnapshotHashMetrics,700,
907,EgressPublish,18512500,
908,IngressCapture,5600,
908,DecodeAndCanonicalize,200,
908,ApplyInputs,249900,
908,ProcessorPlan,47400,
908,CrossWorldPrepare,600,
908,NativeJobBarrier,200,
908,CommitDecision,200,
908,VoxelCommit,800,
908,EcsCommandBufferCommit,101900,
908,GasAndEventFinalize,29400,
908,ReplicationProjection,191900,
908,SnapshotHashMetrics,1000,
908,EgressPublish,13769800,
909,IngressCapture,3200,
909,DecodeAndCanonicalize,200,
909,ApplyInputs,167700,
909,ProcessorPlan,29700,
909,CrossWorldPrepare,500,
909,NativeJobBarrier,300,
909,CommitDecision,300,
909,VoxelCommit,1100,
909,EcsCommandBufferCommit,62000,
909,GasAndEventFinalize,15100,
909,ReplicationProjection,110800,
909,SnapshotHashMetrics,300,
909,EgressPublish,10145700,
910,IngressCapture,5400,
910,DecodeAndCanonicalize,200,
910,ApplyInputs,271900,
910,ProcessorPlan,50600,
910,CrossWorldPrepare,300,
910,NativeJobBarrier,300,
910,CommitDecision,200,
910,VoxelCommit,1500,
910,EcsCommandBufferCommit,85300,
910,GasAndEventFinalize,26200,
910,ReplicationProjection,181600,
910,SnapshotHashMetrics,300,
910,EgressPublish,13893800,
911,IngressCapture,6300,
911,DecodeAndCanonicalize,200,
911,ApplyInputs,706900,
911,ProcessorPlan,65400,
911,CrossWorldPrepare,1400,
911,NativeJobBarrier,200,
911,CommitDecision,300,
911,VoxelCommit,1300,
911,EcsCommandBufferCommit,98200,
911,GasAndEventFinalize,62400,
911,ReplicationProjection,212800,
911,SnapshotHashMetrics,400,
911,EgressPublish,13577900,
912,IngressCapture,4900,
912,DecodeAndCanonicalize,200,
912,ApplyInputs,294700,
912,ProcessorPlan,40100,
912,CrossWorldPrepare,400,
912,NativeJobBarrier,200,
912,CommitDecision,500,
912,VoxelCommit,1100,
912,EcsCommandBufferCommit,68500,
912,GasAndEventFinalize,20900,
912,ReplicationProjection,168500,
912,SnapshotHashMetrics,400,
912,EgressPublish,12584000,
913,IngressCapture,3800,
913,DecodeAndCanonicalize,200,
913,ApplyInputs,189000,
913,ProcessorPlan,43200,
913,CrossWorldPrepare,700,
913,NativeJobBarrier,200,
913,CommitDecision,300,
913,VoxelCommit,900,
913,EcsCommandBufferCommit,76100,
913,GasAndEventFinalize,24400,
913,ReplicationProjection,194800,
913,SnapshotHashMetrics,400,
913,EgressPublish,13131700,
914,IngressCapture,3000,
914,DecodeAndCanonicalize,100,
914,ApplyInputs,185300,
914,ProcessorPlan,27900,
914,CrossWorldPrepare,400,
914,NativeJobBarrier,200,
914,CommitDecision,100,
914,VoxelCommit,400,
914,EcsCommandBufferCommit,63700,
914,GasAndEventFinalize,18300,
914,ReplicationProjection,113300,
914,SnapshotHashMetrics,100,
914,EgressPublish,11467300,
915,IngressCapture,3800,
915,DecodeAndCanonicalize,200,
915,ApplyInputs,163900,
915,ProcessorPlan,29600,
915,CrossWorldPrepare,300,
915,NativeJobBarrier,100,
915,CommitDecision,200,
915,VoxelCommit,700,
915,EcsCommandBufferCommit,57200,
915,GasAndEventFinalize,16100,
915,ReplicationProjection,146700,
915,SnapshotHashMetrics,300,
915,EgressPublish,12114300,
916,IngressCapture,8700,
916,DecodeAndCanonicalize,200,
916,ApplyInputs,157000,
916,ProcessorPlan,29700,
916,CrossWorldPrepare,500,
916,NativeJobBarrier,100,
916,CommitDecision,300,
916,VoxelCommit,800,
916,EcsCommandBufferCommit,53600,
916,GasAndEventFinalize,17000,
916,ReplicationProjection,110800,
916,SnapshotHashMetrics,100,
916,EgressPublish,13310500,
917,IngressCapture,4600,
917,DecodeAndCanonicalize,200,
917,ApplyInputs,203600,
917,ProcessorPlan,29500,
917,CrossWorldPrepare,400,
917,NativeJobBarrier,200,
917,CommitDecision,600,
917,VoxelCommit,900,
917,EcsCommandBufferCommit,75900,
917,GasAndEventFinalize,20300,
917,ReplicationProjection,113600,
917,SnapshotHashMetrics,100,
917,EgressPublish,11229200,
918,IngressCapture,3400,
918,DecodeAndCanonicalize,200,
918,ApplyInputs,175500,
918,ProcessorPlan,38800,
918,CrossWorldPrepare,700,
918,NativeJobBarrier,200,
918,CommitDecision,400,
918,VoxelCommit,1400,
918,EcsCommandBufferCommit,85700,
918,GasAndEventFinalize,20400,
918,ReplicationProjection,128800,
918,SnapshotHashMetrics,200,
918,EgressPublish,11948500,
919,IngressCapture,8200,
919,DecodeAndCanonicalize,300,
919,ApplyInputs,727900,
919,ProcessorPlan,40700,
919,CrossWorldPrepare,500,
919,NativeJobBarrier,200,
919,CommitDecision,500,
919,VoxelCommit,800,
919,EcsCommandBufferCommit,58800,
919,GasAndEventFinalize,41300,
919,ReplicationProjection,173700,
919,SnapshotHashMetrics,300,
919,EgressPublish,14580600,
920,IngressCapture,4100,
920,DecodeAndCanonicalize,300,
920,ApplyInputs,274100,
920,ProcessorPlan,43000,
920,CrossWorldPrepare,400,
920,NativeJobBarrier,300,
920,CommitDecision,200,
920,VoxelCommit,600,
920,EcsCommandBufferCommit,68900,
920,GasAndEventFinalize,23800,
920,ReplicationProjection,174200,
920,SnapshotHashMetrics,200,
920,EgressPublish,12332200,
921,IngressCapture,3100,
921,DecodeAndCanonicalize,200,
921,ApplyInputs,278100,
921,ProcessorPlan,38900,
921,CrossWorldPrepare,400,
921,NativeJobBarrier,200,
921,CommitDecision,700,
921,VoxelCommit,1000,
921,EcsCommandBufferCommit,65100,
921,GasAndEventFinalize,20000,
921,ReplicationProjection,128700,
921,SnapshotHashMetrics,300,
921,EgressPublish,12314300,
922,IngressCapture,4600,
922,DecodeAndCanonicalize,200,
922,ApplyInputs,205200,
922,ProcessorPlan,37000,
922,CrossWorldPrepare,600,
922,NativeJobBarrier,200,
922,CommitDecision,500,
922,VoxelCommit,700,
922,EcsCommandBufferCommit,104900,
922,GasAndEventFinalize,29200,
922,ReplicationProjection,124400,
922,SnapshotHashMetrics,100,
922,EgressPublish,11104000,
923,IngressCapture,3200,
923,DecodeAndCanonicalize,200,
923,ApplyInputs,208700,
923,ProcessorPlan,37900,
923,CrossWorldPrepare,600,
923,NativeJobBarrier,200,
923,CommitDecision,400,
923,VoxelCommit,1000,
923,EcsCommandBufferCommit,56600,
923,GasAndEventFinalize,20500,
923,ReplicationProjection,161200,
923,SnapshotHashMetrics,200,
923,EgressPublish,12143900,
924,IngressCapture,3200,
924,DecodeAndCanonicalize,200,
924,ApplyInputs,155400,
924,ProcessorPlan,27100,
924,CrossWorldPrepare,500,
924,NativeJobBarrier,100,
924,CommitDecision,200,
924,VoxelCommit,600,
924,EcsCommandBufferCommit,41700,
924,GasAndEventFinalize,15900,
924,ReplicationProjection,109200,
924,SnapshotHashMetrics,100,
924,EgressPublish,9514500,
925,IngressCapture,3200,
925,DecodeAndCanonicalize,200,
925,ApplyInputs,164500,
925,ProcessorPlan,29600,
925,CrossWorldPrepare,600,
925,NativeJobBarrier,100,
925,CommitDecision,500,
925,VoxelCommit,1300,
925,EcsCommandBufferCommit,71300,
925,GasAndEventFinalize,38500,
925,ReplicationProjection,117200,
925,SnapshotHashMetrics,100,
925,EgressPublish,10312700,
926,IngressCapture,4300,
926,DecodeAndCanonicalize,300,
926,ApplyInputs,515200,
926,ProcessorPlan,93600,
926,CrossWorldPrepare,700,
926,NativeJobBarrier,300,
926,CommitDecision,400,
926,VoxelCommit,800,
926,EcsCommandBufferCommit,72900,
926,GasAndEventFinalize,40100,
926,ReplicationProjection,183000,
926,SnapshotHashMetrics,300,
926,EgressPublish,8648600,
927,IngressCapture,4200,
927,DecodeAndCanonicalize,200,
927,ApplyInputs,260400,
927,ProcessorPlan,48100,
927,CrossWorldPrepare,700,
927,NativeJobBarrier,200,
927,CommitDecision,500,
927,VoxelCommit,1000,
927,EcsCommandBufferCommit,574200,
927,GasAndEventFinalize,48900,
927,ReplicationProjection,572200,
927,SnapshotHashMetrics,700,
927,EgressPublish,13747000,
928,IngressCapture,5800,
928,DecodeAndCanonicalize,200,
928,ApplyInputs,340200,
928,ProcessorPlan,56500,
928,CrossWorldPrepare,600,
928,NativeJobBarrier,200,
928,CommitDecision,400,
928,VoxelCommit,1000,
928,EcsCommandBufferCommit,98400,
928,GasAndEventFinalize,36300,
928,ReplicationProjection,212100,
928,SnapshotHashMetrics,500,
928,EgressPublish,16805600,
929,IngressCapture,5100,
929,DecodeAndCanonicalize,200,
929,ApplyInputs,249400,
929,ProcessorPlan,41600,
929,CrossWorldPrepare,500,
929,NativeJobBarrier,200,
929,CommitDecision,200,
929,VoxelCommit,700,
929,EcsCommandBufferCommit,85600,
929,GasAndEventFinalize,30200,
929,ReplicationProjection,190700,
929,SnapshotHashMetrics,600,
929,EgressPublish,13086300,
930,IngressCapture,3800,
930,DecodeAndCanonicalize,100,
930,ApplyInputs,167900,
930,ProcessorPlan,30500,
930,CrossWorldPrepare,300,
930,NativeJobBarrier,200,
930,CommitDecision,200,
930,VoxelCommit,600,
930,EcsCommandBufferCommit,57900,
930,GasAndEventFinalize,18900,
930,ReplicationProjection,161800,
930,SnapshotHashMetrics,300,
930,EgressPublish,12855400,
931,IngressCapture,3700,
931,DecodeAndCanonicalize,600,
931,ApplyInputs,278800,
931,ProcessorPlan,46400,
931,CrossWorldPrepare,700,
931,NativeJobBarrier,400,
931,CommitDecision,600,
931,VoxelCommit,1000,
931,EcsCommandBufferCommit,90800,
931,GasAndEventFinalize,31400,
931,ReplicationProjection,184100,
931,SnapshotHashMetrics,200,
931,EgressPublish,11821700,
932,IngressCapture,5700,
932,DecodeAndCanonicalize,400,
932,ApplyInputs,247300,
932,ProcessorPlan,34800,
932,CrossWorldPrepare,700,
932,NativeJobBarrier,300,
932,CommitDecision,200,
932,VoxelCommit,1000,
932,EcsCommandBufferCommit,83600,
932,GasAndEventFinalize,24000,
932,ReplicationProjection,116000,
932,SnapshotHashMetrics,200,
932,EgressPublish,11724000,
933,IngressCapture,3200,
933,DecodeAndCanonicalize,200,
933,ApplyInputs,226300,
933,ProcessorPlan,37400,
933,CrossWorldPrepare,600,
933,NativeJobBarrier,200,
933,CommitDecision,400,
933,VoxelCommit,800,
933,EcsCommandBufferCommit,362200,
933,GasAndEventFinalize,33600,
933,ReplicationProjection,346500,
933,SnapshotHashMetrics,500,
933,EgressPublish,9890800,
934,IngressCapture,2900,
934,DecodeAndCanonicalize,100,
934,ApplyInputs,388700,
934,ProcessorPlan,40600,
934,CrossWorldPrepare,700,
934,NativeJobBarrier,100,
934,CommitDecision,100,
934,VoxelCommit,500,
934,EcsCommandBufferCommit,64800,
934,GasAndEventFinalize,35300,
934,ReplicationProjection,136300,
934,SnapshotHashMetrics,400,
934,EgressPublish,11206100,
935,IngressCapture,4400,
935,DecodeAndCanonicalize,200,
935,ApplyInputs,165400,
935,ProcessorPlan,31000,
935,CrossWorldPrepare,400,
935,NativeJobBarrier,100,
935,CommitDecision,700,
935,VoxelCommit,900,
935,EcsCommandBufferCommit,96700,
935,GasAndEventFinalize,31300,
935,ReplicationProjection,254400,
935,SnapshotHashMetrics,400,
935,EgressPublish,11300200,
936,IngressCapture,3700,
936,DecodeAndCanonicalize,200,
936,ApplyInputs,179700,
936,ProcessorPlan,30800,
936,CrossWorldPrepare,400,
936,NativeJobBarrier,200,
936,CommitDecision,100,
936,VoxelCommit,400,
936,EcsCommandBufferCommit,54500,
936,GasAndEventFinalize,18300,
936,ReplicationProjection,125400,
936,SnapshotHashMetrics,200,
936,EgressPublish,11178800,
937,IngressCapture,3400,
937,DecodeAndCanonicalize,200,
937,ApplyInputs,170400,
937,ProcessorPlan,31200,
937,CrossWorldPrepare,500,
937,NativeJobBarrier,100,
937,CommitDecision,200,
937,VoxelCommit,900,
937,EcsCommandBufferCommit,65200,
937,GasAndEventFinalize,22100,
937,ReplicationProjection,129700,
937,SnapshotHashMetrics,700,
937,EgressPublish,12739000,
938,IngressCapture,4900,
938,DecodeAndCanonicalize,300,
938,ApplyInputs,269600,
938,ProcessorPlan,34200,
938,CrossWorldPrepare,400,
938,NativeJobBarrier,400,
938,CommitDecision,700,
938,VoxelCommit,1200,
938,EcsCommandBufferCommit,80000,
938,GasAndEventFinalize,20300,
938,ReplicationProjection,124300,
938,SnapshotHashMetrics,100,
938,EgressPublish,9806800,
939,IngressCapture,5600,
939,DecodeAndCanonicalize,300,
939,ApplyInputs,344200,
939,ProcessorPlan,57500,
939,CrossWorldPrepare,700,
939,NativeJobBarrier,200,
939,CommitDecision,600,
939,VoxelCommit,1200,
939,EcsCommandBufferCommit,112700,
939,GasAndEventFinalize,40500,
939,ReplicationProjection,251400,
939,SnapshotHashMetrics,600,
939,EgressPublish,13290400,
940,IngressCapture,4800,
940,DecodeAndCanonicalize,200,
940,ApplyInputs,249400,
940,ProcessorPlan,49700,
940,CrossWorldPrepare,1000,
940,NativeJobBarrier,200,
940,CommitDecision,900,
940,VoxelCommit,1300,
940,EcsCommandBufferCommit,98000,
940,GasAndEventFinalize,32700,
940,ReplicationProjection,185800,
940,SnapshotHashMetrics,400,
940,EgressPublish,11840900,
941,IngressCapture,4900,
941,DecodeAndCanonicalize,100,
941,ApplyInputs,220900,
941,ProcessorPlan,30800,
941,CrossWorldPrepare,400,
941,NativeJobBarrier,200,
941,CommitDecision,100,
941,VoxelCommit,700,
941,EcsCommandBufferCommit,70000,
941,GasAndEventFinalize,19500,
941,ReplicationProjection,123900,
941,SnapshotHashMetrics,500,
941,EgressPublish,9795700,
942,IngressCapture,3200,
942,DecodeAndCanonicalize,200,
942,ApplyInputs,182400,
942,ProcessorPlan,29200,
942,CrossWorldPrepare,500,
942,NativeJobBarrier,300,
942,CommitDecision,100,
942,VoxelCommit,400,
942,EcsCommandBufferCommit,481100,
942,GasAndEventFinalize,26700,
942,ReplicationProjection,134700,
942,SnapshotHashMetrics,300,
942,EgressPublish,10310500,
943,IngressCapture,3200,
943,DecodeAndCanonicalize,200,
943,ApplyInputs,605700,
943,ProcessorPlan,48300,
943,CrossWorldPrepare,600,
943,NativeJobBarrier,300,
943,CommitDecision,200,
943,VoxelCommit,900,
943,EcsCommandBufferCommit,72200,
943,GasAndEventFinalize,49200,
943,ReplicationProjection,237100,
943,SnapshotHashMetrics,900,
943,EgressPublish,12339700,
944,IngressCapture,2600,
944,DecodeAndCanonicalize,100,
944,ApplyInputs,205600,
944,ProcessorPlan,34400,
944,CrossWorldPrepare,800,
944,NativeJobBarrier,100,
944,CommitDecision,100,
944,VoxelCommit,1000,
944,EcsCommandBufferCommit,81400,
944,GasAndEventFinalize,23300,
944,ReplicationProjection,133700,
944,SnapshotHashMetrics,200,
944,EgressPublish,10365400,
945,IngressCapture,4500,
945,DecodeAndCanonicalize,200,
945,ApplyInputs,236800,
945,ProcessorPlan,81400,
945,CrossWorldPrepare,1000,
945,NativeJobBarrier,100,
945,CommitDecision,100,
945,VoxelCommit,1300,
945,EcsCommandBufferCommit,81900,
945,GasAndEventFinalize,24300,
945,ReplicationProjection,214000,
945,SnapshotHashMetrics,300,
945,EgressPublish,11965000,
946,IngressCapture,3800,
946,DecodeAndCanonicalize,200,
946,ApplyInputs,259300,
946,ProcessorPlan,42700,
946,CrossWorldPrepare,500,
946,NativeJobBarrier,200,
946,CommitDecision,200,
946,VoxelCommit,1000,
946,EcsCommandBufferCommit,67300,
946,GasAndEventFinalize,22800,
946,ReplicationProjection,195100,
946,SnapshotHashMetrics,600,
946,EgressPublish,13661500,
947,IngressCapture,8200,
947,DecodeAndCanonicalize,400,
947,ApplyInputs,290200,
947,ProcessorPlan,53400,
947,CrossWorldPrepare,800,
947,NativeJobBarrier,300,
947,CommitDecision,400,
947,VoxelCommit,1200,
947,EcsCommandBufferCommit,104300,
947,GasAndEventFinalize,31600,
947,ReplicationProjection,194700,
947,SnapshotHashMetrics,400,
947,EgressPublish,23316800,
948,IngressCapture,6200,
948,DecodeAndCanonicalize,300,
948,ApplyInputs,370400,
948,ProcessorPlan,45200,
948,CrossWorldPrepare,900,
948,NativeJobBarrier,300,
948,CommitDecision,200,
948,VoxelCommit,1000,
948,EcsCommandBufferCommit,82900,
948,GasAndEventFinalize,26000,
948,ReplicationProjection,198100,
948,SnapshotHashMetrics,400,
948,EgressPublish,12108400,
949,IngressCapture,6300,
949,DecodeAndCanonicalize,200,
949,ApplyInputs,304900,
949,ProcessorPlan,49300,
949,CrossWorldPrepare,1000,
949,NativeJobBarrier,500,
949,CommitDecision,600,
949,VoxelCommit,1200,
949,EcsCommandBufferCommit,108500,
949,GasAndEventFinalize,29300,
949,ReplicationProjection,148900,
949,SnapshotHashMetrics,300,
949,EgressPublish,10999100,
950,IngressCapture,2800,
950,DecodeAndCanonicalize,200,
950,ApplyInputs,128800,
950,ProcessorPlan,28300,
950,CrossWorldPrepare,400,
950,NativeJobBarrier,200,
950,CommitDecision,200,
950,VoxelCommit,500,
950,EcsCommandBufferCommit,56700,
950,GasAndEventFinalize,19000,
950,ReplicationProjection,116500,
950,SnapshotHashMetrics,200,
950,EgressPublish,10357000,
951,IngressCapture,2600,
951,DecodeAndCanonicalize,100,
951,ApplyInputs,317900,
951,ProcessorPlan,28300,
951,CrossWorldPrepare,400,
951,NativeJobBarrier,100,
951,CommitDecision,100,
951,VoxelCommit,600,
951,EcsCommandBufferCommit,52900,
951,GasAndEventFinalize,26700,
951,ReplicationProjection,122900,
951,SnapshotHashMetrics,300,
951,EgressPublish,8956100,
952,IngressCapture,2800,
952,DecodeAndCanonicalize,100,
952,ApplyInputs,158900,
952,ProcessorPlan,31700,
952,CrossWorldPrepare,700,
952,NativeJobBarrier,200,
952,CommitDecision,200,
952,VoxelCommit,800,
952,EcsCommandBufferCommit,105900,
952,GasAndEventFinalize,23900,
952,ReplicationProjection,153100,
952,SnapshotHashMetrics,200,
952,EgressPublish,11722100,
953,IngressCapture,3100,
953,DecodeAndCanonicalize,200,
953,ApplyInputs,197200,
953,ProcessorPlan,32000,
953,CrossWorldPrepare,300,
953,NativeJobBarrier,500,
953,CommitDecision,500,
953,VoxelCommit,900,
953,EcsCommandBufferCommit,69000,
953,GasAndEventFinalize,20000,
953,ReplicationProjection,153700,
953,SnapshotHashMetrics,400,
953,EgressPublish,13052700,
954,IngressCapture,3900,
954,DecodeAndCanonicalize,200,
954,ApplyInputs,167700,
954,ProcessorPlan,28100,
954,CrossWorldPrepare,400,
954,NativeJobBarrier,200,
954,CommitDecision,100,
954,VoxelCommit,500,
954,EcsCommandBufferCommit,59000,
954,GasAndEventFinalize,25400,
954,ReplicationProjection,140400,
954,SnapshotHashMetrics,100,
954,EgressPublish,8772700,
955,IngressCapture,3200,
955,DecodeAndCanonicalize,300,
955,ApplyInputs,151600,
955,ProcessorPlan,28900,
955,CrossWorldPrepare,700,
955,NativeJobBarrier,100,
955,CommitDecision,200,
955,VoxelCommit,700,
955,EcsCommandBufferCommit,64100,
955,GasAndEventFinalize,19100,
955,ReplicationProjection,125200,
955,SnapshotHashMetrics,100,
955,EgressPublish,10565400,
956,IngressCapture,2900,
956,DecodeAndCanonicalize,200,
956,ApplyInputs,193700,
956,ProcessorPlan,28400,
956,CrossWorldPrepare,500,
956,NativeJobBarrier,200,
956,CommitDecision,200,
956,VoxelCommit,500,
956,EcsCommandBufferCommit,51200,
956,GasAndEventFinalize,16700,
956,ReplicationProjection,116800,
956,SnapshotHashMetrics,100,
956,EgressPublish,9619800,
957,IngressCapture,5900,
957,DecodeAndCanonicalize,200,
957,ApplyInputs,425500,
957,ProcessorPlan,57100,
957,CrossWorldPrepare,600,
957,NativeJobBarrier,300,
957,CommitDecision,700,
957,VoxelCommit,2000,
957,EcsCommandBufferCommit,261900,
957,GasAndEventFinalize,61100,
957,ReplicationProjection,1001100,
957,SnapshotHashMetrics,700,
957,EgressPublish,15606800,
958,IngressCapture,3500,
958,DecodeAndCanonicalize,200,
958,ApplyInputs,219200,
958,ProcessorPlan,50000,
958,CrossWorldPrepare,600,
958,NativeJobBarrier,400,
958,CommitDecision,300,
958,VoxelCommit,1400,
958,EcsCommandBufferCommit,105900,
958,GasAndEventFinalize,30900,
958,ReplicationProjection,227100,
958,SnapshotHashMetrics,500,
958,EgressPublish,17661100,
959,IngressCapture,4200,
959,DecodeAndCanonicalize,200,
959,ApplyInputs,585700,
959,ProcessorPlan,47500,
959,CrossWorldPrepare,700,
959,NativeJobBarrier,400,
959,CommitDecision,200,
959,VoxelCommit,1000,
959,EcsCommandBufferCommit,91300,
959,GasAndEventFinalize,56800,
959,ReplicationProjection,236800,
959,SnapshotHashMetrics,800,
959,EgressPublish,16851600,
960,IngressCapture,4300,
960,DecodeAndCanonicalize,200,
960,ApplyInputs,190900,
960,ProcessorPlan,33700,
960,CrossWorldPrepare,700,
960,NativeJobBarrier,200,
960,CommitDecision,200,
960,VoxelCommit,1300,
960,EcsCommandBufferCommit,88200,
960,GasAndEventFinalize,26800,
960,ReplicationProjection,143100,
960,SnapshotHashMetrics,100,
960,EgressPublish,19002600,
961,IngressCapture,5300,
961,DecodeAndCanonicalize,200,
961,ApplyInputs,261400,
961,ProcessorPlan,50600,
961,CrossWorldPrepare,1100,
961,NativeJobBarrier,300,
961,CommitDecision,400,
961,VoxelCommit,900,
961,EcsCommandBufferCommit,87200,
961,GasAndEventFinalize,28100,
961,ReplicationProjection,206100,
961,SnapshotHashMetrics,200,
961,EgressPublish,16526800,
962,IngressCapture,4900,
962,DecodeAndCanonicalize,200,
962,ApplyInputs,367600,
962,ProcessorPlan,39200,
962,CrossWorldPrepare,700,
962,NativeJobBarrier,300,
962,CommitDecision,700,
962,VoxelCommit,1500,
962,EcsCommandBufferCommit,96000,
962,GasAndEventFinalize,30300,
962,ReplicationProjection,150900,
962,SnapshotHashMetrics,300,
962,EgressPublish,16257000,
963,IngressCapture,4200,
963,DecodeAndCanonicalize,200,
963,ApplyInputs,169500,
963,ProcessorPlan,32100,
963,CrossWorldPrepare,600,
963,NativeJobBarrier,200,
963,CommitDecision,200,
963,VoxelCommit,800,
963,EcsCommandBufferCommit,64200,
963,GasAndEventFinalize,21800,
963,ReplicationProjection,146400,
963,SnapshotHashMetrics,300,
963,EgressPublish,17105500,
964,IngressCapture,4800,
964,DecodeAndCanonicalize,200,
964,ApplyInputs,236600,
964,ProcessorPlan,34900,
964,CrossWorldPrepare,400,
964,NativeJobBarrier,100,
964,CommitDecision,100,
964,VoxelCommit,500,
964,EcsCommandBufferCommit,73300,
964,GasAndEventFinalize,23300,
964,ReplicationProjection,141000,
964,SnapshotHashMetrics,100,
964,EgressPublish,13599300,
965,IngressCapture,4000,
965,DecodeAndCanonicalize,200,
965,ApplyInputs,248900,
965,ProcessorPlan,45900,
965,CrossWorldPrepare,400,
965,NativeJobBarrier,400,
965,CommitDecision,600,
965,VoxelCommit,1000,
965,EcsCommandBufferCommit,99200,
965,GasAndEventFinalize,35500,
965,ReplicationProjection,199300,
965,SnapshotHashMetrics,500,
965,EgressPublish,15955200,
966,IngressCapture,5000,
966,DecodeAndCanonicalize,200,
966,ApplyInputs,309500,
966,ProcessorPlan,48500,
966,CrossWorldPrepare,700,
966,NativeJobBarrier,200,
966,CommitDecision,300,
966,VoxelCommit,800,
966,EcsCommandBufferCommit,104000,
966,GasAndEventFinalize,35000,
966,ReplicationProjection,1450700,
966,SnapshotHashMetrics,700,
966,EgressPublish,18445400,
967,IngressCapture,6400,
967,DecodeAndCanonicalize,300,
967,ApplyInputs,790700,
967,ProcessorPlan,52100,
967,CrossWorldPrepare,900,
967,NativeJobBarrier,200,
967,CommitDecision,800,
967,VoxelCommit,1800,
967,EcsCommandBufferCommit,94500,
967,GasAndEventFinalize,53600,
967,ReplicationProjection,275800,
967,SnapshotHashMetrics,300,
967,EgressPublish,15824300,
968,IngressCapture,3300,
968,DecodeAndCanonicalize,300,
968,ApplyInputs,225400,
968,ProcessorPlan,46700,
968,CrossWorldPrepare,700,
968,NativeJobBarrier,200,
968,CommitDecision,600,
968,VoxelCommit,900,
968,EcsCommandBufferCommit,89500,
968,GasAndEventFinalize,30000,
968,ReplicationProjection,197500,
968,SnapshotHashMetrics,400,
968,EgressPublish,13950400,
969,IngressCapture,4800,
969,DecodeAndCanonicalize,100,
969,ApplyInputs,228100,
969,ProcessorPlan,38600,
969,CrossWorldPrepare,400,
969,NativeJobBarrier,200,
969,CommitDecision,500,
969,VoxelCommit,500,
969,EcsCommandBufferCommit,96000,
969,GasAndEventFinalize,43300,
969,ReplicationProjection,184500,
969,SnapshotHashMetrics,200,
969,EgressPublish,11949500,
970,IngressCapture,4200,
970,DecodeAndCanonicalize,200,
970,ApplyInputs,440600,
970,ProcessorPlan,54500,
970,CrossWorldPrepare,1100,
970,NativeJobBarrier,200,
970,CommitDecision,300,
970,VoxelCommit,1400,
970,EcsCommandBufferCommit,95100,
970,GasAndEventFinalize,36300,
970,ReplicationProjection,230700,
970,SnapshotHashMetrics,300,
970,EgressPublish,16184200,
971,IngressCapture,4600,
971,DecodeAndCanonicalize,200,
971,ApplyInputs,300600,
971,ProcessorPlan,53200,
971,CrossWorldPrepare,500,
971,NativeJobBarrier,200,
971,CommitDecision,1200,
971,VoxelCommit,1100,
971,EcsCommandBufferCommit,110500,
971,GasAndEventFinalize,37100,
971,ReplicationProjection,226600,
971,SnapshotHashMetrics,600,
971,EgressPublish,15864400,
972,IngressCapture,5800,
972,DecodeAndCanonicalize,200,
972,ApplyInputs,426200,
972,ProcessorPlan,51600,
972,CrossWorldPrepare,600,
972,NativeJobBarrier,300,
972,CommitDecision,1000,
972,VoxelCommit,1000,
972,EcsCommandBufferCommit,247100,
972,GasAndEventFinalize,64100,
972,ReplicationProjection,588400,
972,SnapshotHashMetrics,700,
972,EgressPublish,15515100,
973,IngressCapture,23400,
973,DecodeAndCanonicalize,700,
973,ApplyInputs,244900,
973,ProcessorPlan,49200,
973,CrossWorldPrepare,900,
973,NativeJobBarrier,200,
973,CommitDecision,1000,
973,VoxelCommit,900,
973,EcsCommandBufferCommit,88100,
973,GasAndEventFinalize,30000,
973,ReplicationProjection,209800,
973,SnapshotHashMetrics,400,
973,EgressPublish,18531000,
974,IngressCapture,5600,
974,DecodeAndCanonicalize,400,
974,ApplyInputs,288300,
974,ProcessorPlan,48700,
974,CrossWorldPrepare,1200,
974,NativeJobBarrier,300,
974,CommitDecision,200,
974,VoxelCommit,1400,
974,EcsCommandBufferCommit,165700,
974,GasAndEventFinalize,30900,
974,ReplicationProjection,274600,
974,SnapshotHashMetrics,400,
974,EgressPublish,15783600,
975,IngressCapture,3700,
975,DecodeAndCanonicalize,200,
975,ApplyInputs,304900,
975,ProcessorPlan,97500,
975,CrossWorldPrepare,600,
975,NativeJobBarrier,100,
975,CommitDecision,300,
975,VoxelCommit,800,
975,EcsCommandBufferCommit,77000,
975,GasAndEventFinalize,37800,
975,ReplicationProjection,154500,
975,SnapshotHashMetrics,400,
975,EgressPublish,16165900,
976,IngressCapture,4900,
976,DecodeAndCanonicalize,100,
976,ApplyInputs,339400,
976,ProcessorPlan,45700,
976,CrossWorldPrepare,600,
976,NativeJobBarrier,500,
976,CommitDecision,300,
976,VoxelCommit,1100,
976,EcsCommandBufferCommit,99600,
976,GasAndEventFinalize,36900,
976,ReplicationProjection,224200,
976,SnapshotHashMetrics,1400,
976,EgressPublish,15288600,
977,IngressCapture,4300,
977,DecodeAndCanonicalize,200,
977,ApplyInputs,307700,
977,ProcessorPlan,45800,
977,CrossWorldPrepare,800,
977,NativeJobBarrier,200,
977,CommitDecision,300,
977,VoxelCommit,1100,
977,EcsCommandBufferCommit,102500,
977,GasAndEventFinalize,32900,
977,ReplicationProjection,202200,
977,SnapshotHashMetrics,300,
977,EgressPublish,15181200,
978,IngressCapture,4100,
978,DecodeAndCanonicalize,200,
978,ApplyInputs,182400,
978,ProcessorPlan,35600,
978,CrossWorldPrepare,500,
978,NativeJobBarrier,600,
978,CommitDecision,500,
978,VoxelCommit,900,
978,EcsCommandBufferCommit,97300,
978,GasAndEventFinalize,31000,
978,ReplicationProjection,145700,
978,SnapshotHashMetrics,600,
978,EgressPublish,16040200,
979,IngressCapture,6700,
979,DecodeAndCanonicalize,200,
979,ApplyInputs,367700,
979,ProcessorPlan,52400,
979,CrossWorldPrepare,900,
979,NativeJobBarrier,200,
979,CommitDecision,600,
979,VoxelCommit,900,
979,EcsCommandBufferCommit,157500,
979,GasAndEventFinalize,41000,
979,ReplicationProjection,224400,
979,SnapshotHashMetrics,500,
979,EgressPublish,16491000,
980,IngressCapture,4800,
980,DecodeAndCanonicalize,500,
980,ApplyInputs,238100,
980,ProcessorPlan,45500,
980,CrossWorldPrepare,1400,
980,NativeJobBarrier,400,
980,CommitDecision,200,
980,VoxelCommit,1000,
980,EcsCommandBufferCommit,80700,
980,GasAndEventFinalize,29200,
980,ReplicationProjection,214800,
980,SnapshotHashMetrics,200,
980,EgressPublish,16281400,
981,IngressCapture,4100,
981,DecodeAndCanonicalize,200,
981,ApplyInputs,330300,
981,ProcessorPlan,48100,
981,CrossWorldPrepare,500,
981,NativeJobBarrier,1000,
981,CommitDecision,200,
981,VoxelCommit,1100,
981,EcsCommandBufferCommit,102400,
981,GasAndEventFinalize,36400,
981,ReplicationProjection,193600,
981,SnapshotHashMetrics,200,
981,EgressPublish,19015100,
982,IngressCapture,6600,
982,DecodeAndCanonicalize,200,
982,ApplyInputs,333900,
982,ProcessorPlan,51400,
982,CrossWorldPrepare,600,
982,NativeJobBarrier,200,
982,CommitDecision,500,
982,VoxelCommit,1100,
982,EcsCommandBufferCommit,114500,
982,GasAndEventFinalize,34700,
982,ReplicationProjection,224500,
982,SnapshotHashMetrics,900,
982,EgressPublish,16293300,
983,IngressCapture,3800,
983,DecodeAndCanonicalize,200,
983,ApplyInputs,360700,
983,ProcessorPlan,118400,
983,CrossWorldPrepare,900,
983,NativeJobBarrier,300,
983,CommitDecision,200,
983,VoxelCommit,1200,
983,EcsCommandBufferCommit,119700,
983,GasAndEventFinalize,64600,
983,ReplicationProjection,216800,
983,SnapshotHashMetrics,800,
983,EgressPublish,16323900,
984,IngressCapture,5700,
984,DecodeAndCanonicalize,200,
984,ApplyInputs,345500,
984,ProcessorPlan,46400,
984,CrossWorldPrepare,500,
984,NativeJobBarrier,200,
984,CommitDecision,400,
984,VoxelCommit,900,
984,EcsCommandBufferCommit,91400,
984,GasAndEventFinalize,31400,
984,ReplicationProjection,210700,
984,SnapshotHashMetrics,600,
984,EgressPublish,18769500,
985,IngressCapture,5600,
985,DecodeAndCanonicalize,300,
985,ApplyInputs,291600,
985,ProcessorPlan,60700,
985,CrossWorldPrepare,700,
985,NativeJobBarrier,300,
985,CommitDecision,400,
985,VoxelCommit,1300,
985,EcsCommandBufferCommit,117100,
985,GasAndEventFinalize,41200,
985,ReplicationProjection,228900,
985,SnapshotHashMetrics,500,
985,EgressPublish,19233000,
986,IngressCapture,5900,
986,DecodeAndCanonicalize,200,
986,ApplyInputs,418400,
986,ProcessorPlan,57600,
986,CrossWorldPrepare,1000,
986,NativeJobBarrier,200,
986,CommitDecision,500,
986,VoxelCommit,1500,
986,EcsCommandBufferCommit,122200,
986,GasAndEventFinalize,41800,
986,ReplicationProjection,263300,
986,SnapshotHashMetrics,700,
986,EgressPublish,16912400,
987,IngressCapture,4300,
987,DecodeAndCanonicalize,200,
987,ApplyInputs,256600,
987,ProcessorPlan,60500,
987,CrossWorldPrepare,900,
987,NativeJobBarrier,300,
987,CommitDecision,200,
987,VoxelCommit,1000,
987,EcsCommandBufferCommit,88300,
987,GasAndEventFinalize,29800,
987,ReplicationProjection,194400,
987,SnapshotHashMetrics,200,
987,EgressPublish,16998700,
988,IngressCapture,6300,
988,DecodeAndCanonicalize,200,
988,ApplyInputs,345100,
988,ProcessorPlan,60500,
988,CrossWorldPrepare,700,
988,NativeJobBarrier,300,
988,CommitDecision,400,
988,VoxelCommit,1800,
988,EcsCommandBufferCommit,124900,
988,GasAndEventFinalize,38300,
988,ReplicationProjection,210100,
988,SnapshotHashMetrics,700,
988,EgressPublish,19917300,
989,IngressCapture,7100,
989,DecodeAndCanonicalize,200,
989,ApplyInputs,334600,
989,ProcessorPlan,46200,
989,CrossWorldPrepare,600,
989,NativeJobBarrier,300,
989,CommitDecision,300,
989,VoxelCommit,1000,
989,EcsCommandBufferCommit,84200,
989,GasAndEventFinalize,30500,
989,ReplicationProjection,205500,
989,SnapshotHashMetrics,200,
989,EgressPublish,17698500,
990,IngressCapture,4300,
990,DecodeAndCanonicalize,200,
990,ApplyInputs,264300,
990,ProcessorPlan,47700,
990,CrossWorldPrepare,900,
990,NativeJobBarrier,200,
990,CommitDecision,200,
990,VoxelCommit,900,
990,EcsCommandBufferCommit,89500,
990,GasAndEventFinalize,30800,
990,ReplicationProjection,204000,
990,SnapshotHashMetrics,400,
990,EgressPublish,15651700,
991,IngressCapture,4600,
991,DecodeAndCanonicalize,200,
991,ApplyInputs,627400,
991,ProcessorPlan,103300,
991,CrossWorldPrepare,1900,
991,NativeJobBarrier,200,
991,CommitDecision,300,
991,VoxelCommit,1000,
991,EcsCommandBufferCommit,93700,
991,GasAndEventFinalize,54500,
991,ReplicationProjection,261300,
991,SnapshotHashMetrics,900,
991,EgressPublish,14009000,
992,IngressCapture,28100,
992,DecodeAndCanonicalize,300,
992,ApplyInputs,354400,
992,ProcessorPlan,56000,
992,CrossWorldPrepare,1500,
992,NativeJobBarrier,100,
992,CommitDecision,400,
992,VoxelCommit,1200,
992,EcsCommandBufferCommit,122400,
992,GasAndEventFinalize,42300,
992,ReplicationProjection,253500,
992,SnapshotHashMetrics,600,
992,EgressPublish,17685300,
993,IngressCapture,4900,
993,DecodeAndCanonicalize,200,
993,ApplyInputs,261500,
993,ProcessorPlan,51000,
993,CrossWorldPrepare,500,
993,NativeJobBarrier,100,
993,CommitDecision,500,
993,VoxelCommit,1500,
993,EcsCommandBufferCommit,95100,
993,GasAndEventFinalize,36700,
993,ReplicationProjection,234400,
993,SnapshotHashMetrics,1100,
993,EgressPublish,15220000,
994,IngressCapture,4900,
994,DecodeAndCanonicalize,400,
994,ApplyInputs,314700,
994,ProcessorPlan,47900,
994,CrossWorldPrepare,400,
994,NativeJobBarrier,200,
994,CommitDecision,300,
994,VoxelCommit,900,
994,EcsCommandBufferCommit,80100,
994,GasAndEventFinalize,29500,
994,ReplicationProjection,198200,
994,SnapshotHashMetrics,400,
994,EgressPublish,16347600,
995,IngressCapture,11100,
995,DecodeAndCanonicalize,200,
995,ApplyInputs,288700,
995,ProcessorPlan,47200,
995,CrossWorldPrepare,700,
995,NativeJobBarrier,300,
995,CommitDecision,300,
995,VoxelCommit,900,
995,EcsCommandBufferCommit,86900,
995,GasAndEventFinalize,29500,
995,ReplicationProjection,223900,
995,SnapshotHashMetrics,700,
995,EgressPublish,15186300,
996,IngressCapture,5900,
996,DecodeAndCanonicalize,300,
996,ApplyInputs,263900,
996,ProcessorPlan,57900,
996,CrossWorldPrepare,600,
996,NativeJobBarrier,400,
996,CommitDecision,200,
996,VoxelCommit,1400,
996,EcsCommandBufferCommit,94600,
996,GasAndEventFinalize,27400,
996,ReplicationProjection,204100,
996,SnapshotHashMetrics,400,
996,EgressPublish,16153200,
997,IngressCapture,4900,
997,DecodeAndCanonicalize,300,
997,ApplyInputs,309400,
997,ProcessorPlan,44100,
997,CrossWorldPrepare,1300,
997,NativeJobBarrier,200,
997,CommitDecision,700,
997,VoxelCommit,700,
997,EcsCommandBufferCommit,104500,
997,GasAndEventFinalize,31900,
997,ReplicationProjection,188800,
997,SnapshotHashMetrics,700,
997,EgressPublish,13495200,
998,IngressCapture,7100,
998,DecodeAndCanonicalize,300,
998,ApplyInputs,275900,
998,ProcessorPlan,40700,
998,CrossWorldPrepare,800,
998,NativeJobBarrier,100,
998,CommitDecision,900,
998,VoxelCommit,1000,
998,EcsCommandBufferCommit,119600,
998,GasAndEventFinalize,74000,
998,ReplicationProjection,150400,
998,SnapshotHashMetrics,100,
998,EgressPublish,16298600,
999,IngressCapture,4900,
999,DecodeAndCanonicalize,200,
999,ApplyInputs,622500,
999,ProcessorPlan,84300,
999,CrossWorldPrepare,800,
999,NativeJobBarrier,300,
999,CommitDecision,300,
999,VoxelCommit,700,
999,EcsCommandBufferCommit,96300,
999,GasAndEventFinalize,54200,
999,ReplicationProjection,233200,
999,SnapshotHashMetrics,600,
999,EgressPublish,14683100,
1000,IngressCapture,4900,
1000,DecodeAndCanonicalize,200,
1000,ApplyInputs,340400,
1000,ProcessorPlan,48300,
1000,CrossWorldPrepare,800,
1000,NativeJobBarrier,200,
1000,CommitDecision,400,
1000,VoxelCommit,1000,
1000,EcsCommandBufferCommit,100800,
1000,GasAndEventFinalize,33900,
1000,ReplicationProjection,212500,
1000,SnapshotHashMetrics,500,
1000,EgressPublish,16639600,
1001,IngressCapture,4600,
1001,DecodeAndCanonicalize,200,
1001,ApplyInputs,216300,
1001,ProcessorPlan,58400,
1001,CrossWorldPrepare,1700,
1001,NativeJobBarrier,100,
1001,CommitDecision,200,
1001,VoxelCommit,1200,
1001,EcsCommandBufferCommit,79900,
1001,GasAndEventFinalize,26900,
1001,ReplicationProjection,198200,
1001,SnapshotHashMetrics,500,
1001,EgressPublish,13480800,
1002,IngressCapture,4900,
1002,DecodeAndCanonicalize,200,
1002,ApplyInputs,290400,
1002,ProcessorPlan,49200,
1002,CrossWorldPrepare,900,
1002,NativeJobBarrier,200,
1002,CommitDecision,200,
1002,VoxelCommit,1700,
1002,EcsCommandBufferCommit,94900,
1002,GasAndEventFinalize,34100,
1002,ReplicationProjection,238500,
1002,SnapshotHashMetrics,600,
1002,EgressPublish,14103300,
1003,IngressCapture,5400,
1003,DecodeAndCanonicalize,300,
1003,ApplyInputs,321100,
1003,ProcessorPlan,68700,
1003,CrossWorldPrepare,1200,
1003,NativeJobBarrier,400,
1003,CommitDecision,500,
1003,VoxelCommit,1100,
1003,EcsCommandBufferCommit,109000,
1003,GasAndEventFinalize,36900,
1003,ReplicationProjection,209300,
1003,SnapshotHashMetrics,300,
1003,EgressPublish,15626000,
1004,IngressCapture,4100,
1004,DecodeAndCanonicalize,100,
1004,ApplyInputs,201400,
1004,ProcessorPlan,32900,
1004,CrossWorldPrepare,400,
1004,NativeJobBarrier,100,
1004,CommitDecision,300,
1004,VoxelCommit,500,
1004,EcsCommandBufferCommit,72300,
1004,GasAndEventFinalize,23900,
1004,ReplicationProjection,129800,
1004,SnapshotHashMetrics,200,
1004,EgressPublish,12874600,
1005,IngressCapture,5800,
1005,DecodeAndCanonicalize,300,
1005,ApplyInputs,307500,
1005,ProcessorPlan,50000,
1005,CrossWorldPrepare,800,
1005,NativeJobBarrier,200,
1005,CommitDecision,300,
1005,VoxelCommit,900,
1005,EcsCommandBufferCommit,90100,
1005,GasAndEventFinalize,24300,
1005,ReplicationProjection,216300,
1005,SnapshotHashMetrics,300,
1005,EgressPublish,15824900,
1006,IngressCapture,7100,
1006,DecodeAndCanonicalize,400,
1006,ApplyInputs,267300,
1006,ProcessorPlan,47800,
1006,CrossWorldPrepare,800,
1006,NativeJobBarrier,200,
1006,CommitDecision,200,
1006,VoxelCommit,1100,
1006,EcsCommandBufferCommit,98800,
1006,GasAndEventFinalize,37500,
1006,ReplicationProjection,190200,
1006,SnapshotHashMetrics,500,
1006,EgressPublish,17139700,
1007,IngressCapture,5700,
1007,DecodeAndCanonicalize,200,
1007,ApplyInputs,687100,
1007,ProcessorPlan,50000,
1007,CrossWorldPrepare,500,
1007,NativeJobBarrier,200,
1007,CommitDecision,300,
1007,VoxelCommit,500,
1007,EcsCommandBufferCommit,64400,
1007,GasAndEventFinalize,28600,
1007,ReplicationProjection,141300,
1007,SnapshotHashMetrics,300,
1007,EgressPublish,12322300,
1008,IngressCapture,7700,
1008,DecodeAndCanonicalize,300,
1008,ApplyInputs,348300,
1008,ProcessorPlan,68000,
1008,CrossWorldPrepare,800,
1008,NativeJobBarrier,200,
1008,CommitDecision,300,
1008,VoxelCommit,1400,
1008,EcsCommandBufferCommit,119400,
1008,GasAndEventFinalize,35900,
1008,ReplicationProjection,215200,
1008,SnapshotHashMetrics,800,
1008,EgressPublish,17618100,
1009,IngressCapture,5400,
1009,DecodeAndCanonicalize,100,
1009,ApplyInputs,275300,
1009,ProcessorPlan,35600,
1009,CrossWorldPrepare,400,
1009,NativeJobBarrier,100,
1009,CommitDecision,200,
1009,VoxelCommit,600,
1009,EcsCommandBufferCommit,86600,
1009,GasAndEventFinalize,24500,
1009,ReplicationProjection,138100,
1009,SnapshotHashMetrics,100,
1009,EgressPublish,15682700,
1010,IngressCapture,5500,
1010,DecodeAndCanonicalize,100,
1010,ApplyInputs,286200,
1010,ProcessorPlan,33300,
1010,CrossWorldPrepare,600,
1010,NativeJobBarrier,300,
1010,CommitDecision,1100,
1010,VoxelCommit,700,
1010,EcsCommandBufferCommit,71900,
1010,GasAndEventFinalize,25400,
1010,ReplicationProjection,135100,
1010,SnapshotHashMetrics,500,
1010,EgressPublish,10138200,
1011,IngressCapture,5900,
1011,DecodeAndCanonicalize,200,
1011,ApplyInputs,270100,
1011,ProcessorPlan,61500,
1011,CrossWorldPrepare,600,
1011,NativeJobBarrier,300,
1011,CommitDecision,700,
1011,VoxelCommit,800,
1011,EcsCommandBufferCommit,114000,
1011,GasAndEventFinalize,32600,
1011,ReplicationProjection,204600,
1011,SnapshotHashMetrics,500,
1011,EgressPublish,9601300,
1012,IngressCapture,3500,
1012,DecodeAndCanonicalize,100,
1012,ApplyInputs,177600,
1012,ProcessorPlan,30200,
1012,CrossWorldPrepare,600,
1012,NativeJobBarrier,100,
1012,CommitDecision,200,
1012,VoxelCommit,600,
1012,EcsCommandBufferCommit,83800,
1012,GasAndEventFinalize,22000,
1012,ReplicationProjection,126400,
1012,SnapshotHashMetrics,300,
1012,EgressPublish,10303900,
1013,IngressCapture,6900,
1013,DecodeAndCanonicalize,200,
1013,ApplyInputs,268100,
1013,ProcessorPlan,52400,
1013,CrossWorldPrepare,900,
1013,NativeJobBarrier,200,
1013,CommitDecision,1200,
1013,VoxelCommit,1300,
1013,EcsCommandBufferCommit,130000,
1013,GasAndEventFinalize,42600,
1013,ReplicationProjection,296600,
1013,SnapshotHashMetrics,600,
1013,EgressPublish,12612400,
1014,IngressCapture,3200,
1014,DecodeAndCanonicalize,200,
1014,ApplyInputs,163000,
1014,ProcessorPlan,30300,
1014,CrossWorldPrepare,300,
1014,NativeJobBarrier,200,
1014,CommitDecision,300,
1014,VoxelCommit,500,
1014,EcsCommandBufferCommit,60400,
1014,GasAndEventFinalize,21800,
1014,ReplicationProjection,126800,
1014,SnapshotHashMetrics,300,
1014,EgressPublish,10343700,
1015,IngressCapture,4800,
1015,DecodeAndCanonicalize,100,
1015,ApplyInputs,387700,
1015,ProcessorPlan,30200,
1015,CrossWorldPrepare,1000,
1015,NativeJobBarrier,100,
1015,CommitDecision,300,
1015,VoxelCommit,1200,
1015,EcsCommandBufferCommit,72100,
1015,GasAndEventFinalize,38900,
1015,ReplicationProjection,141100,
1015,SnapshotHashMetrics,300,
1015,EgressPublish,13074100,
1016,IngressCapture,3900,
1016,DecodeAndCanonicalize,300,
1016,ApplyInputs,222900,
1016,ProcessorPlan,54200,
1016,CrossWorldPrepare,1300,
1016,NativeJobBarrier,300,
1016,CommitDecision,300,
1016,VoxelCommit,1000,
1016,EcsCommandBufferCommit,92400,
1016,GasAndEventFinalize,71800,
1016,ReplicationProjection,149200,
1016,SnapshotHashMetrics,400,
1016,EgressPublish,13107100,
1017,IngressCapture,3500,
1017,DecodeAndCanonicalize,200,
1017,ApplyInputs,219400,
1017,ProcessorPlan,34300,
1017,CrossWorldPrepare,400,
1017,NativeJobBarrier,200,
1017,CommitDecision,300,
1017,VoxelCommit,900,
1017,EcsCommandBufferCommit,80900,
1017,GasAndEventFinalize,22600,
1017,ReplicationProjection,140900,
1017,SnapshotHashMetrics,200,
1017,EgressPublish,10119000,
1018,IngressCapture,3800,
1018,DecodeAndCanonicalize,200,
1018,ApplyInputs,198200,
1018,ProcessorPlan,45600,
1018,CrossWorldPrepare,400,
1018,NativeJobBarrier,300,
1018,CommitDecision,200,
1018,VoxelCommit,1200,
1018,EcsCommandBufferCommit,95000,
1018,GasAndEventFinalize,30000,
1018,ReplicationProjection,280100,
1018,SnapshotHashMetrics,600,
1018,EgressPublish,14177600,
1019,IngressCapture,5500,
1019,DecodeAndCanonicalize,200,
1019,ApplyInputs,417300,
1019,ProcessorPlan,50700,
1019,CrossWorldPrepare,2000,
1019,NativeJobBarrier,600,
1019,CommitDecision,400,
1019,VoxelCommit,1100,
1019,EcsCommandBufferCommit,107100,
1019,GasAndEventFinalize,28200,
1019,ReplicationProjection,213700,
1019,SnapshotHashMetrics,800,
1019,EgressPublish,13651400,
1020,IngressCapture,3400,
1020,DecodeAndCanonicalize,200,
1020,ApplyInputs,277000,
1020,ProcessorPlan,52800,
1020,CrossWorldPrepare,600,
1020,NativeJobBarrier,200,
1020,CommitDecision,400,
1020,VoxelCommit,800,
1020,EcsCommandBufferCommit,98100,
1020,GasAndEventFinalize,33600,
1020,ReplicationProjection,248800,
1020,SnapshotHashMetrics,800,
1020,EgressPublish,14200500,
1021,IngressCapture,6500,
1021,DecodeAndCanonicalize,300,
1021,ApplyInputs,391200,
1021,ProcessorPlan,60300,
1021,CrossWorldPrepare,2100,
1021,NativeJobBarrier,200,
1021,CommitDecision,400,
1021,VoxelCommit,1500,
1021,EcsCommandBufferCommit,87800,
1021,GasAndEventFinalize,36600,
1021,ReplicationProjection,240900,
1021,SnapshotHashMetrics,600,
1021,EgressPublish,13706300,
1022,IngressCapture,4100,
1022,DecodeAndCanonicalize,200,
1022,ApplyInputs,272000,
1022,ProcessorPlan,57200,
1022,CrossWorldPrepare,1000,
1022,NativeJobBarrier,200,
1022,CommitDecision,300,
1022,VoxelCommit,1300,
1022,EcsCommandBufferCommit,105100,
1022,GasAndEventFinalize,35300,
1022,ReplicationProjection,221200,
1022,SnapshotHashMetrics,700,
1022,EgressPublish,15392800,
1023,IngressCapture,3100,
1023,DecodeAndCanonicalize,100,
1023,ApplyInputs,344300,
1023,ProcessorPlan,30900,
1023,CrossWorldPrepare,400,
1023,NativeJobBarrier,200,
1023,CommitDecision,200,
1023,VoxelCommit,900,
1023,EcsCommandBufferCommit,62900,
1023,GasAndEventFinalize,35800,
1023,ReplicationProjection,125500,
1023,SnapshotHashMetrics,200,
1023,EgressPublish,11164100,
1024,IngressCapture,6100,
1024,DecodeAndCanonicalize,200,
1024,ApplyInputs,227200,
1024,ProcessorPlan,50200,
1024,CrossWorldPrepare,600,
1024,NativeJobBarrier,300,
1024,CommitDecision,200,
1024,VoxelCommit,600,
1024,EcsCommandBufferCommit,124600,
1024,GasAndEventFinalize,31000,
1024,ReplicationProjection,191800,
1024,SnapshotHashMetrics,600,
1024,EgressPublish,12898600,
1025,IngressCapture,4100,
1025,DecodeAndCanonicalize,200,
1025,ApplyInputs,210300,
1025,ProcessorPlan,34300,
1025,CrossWorldPrepare,600,
1025,NativeJobBarrier,100,
1025,CommitDecision,1100,
1025,VoxelCommit,900,
1025,EcsCommandBufferCommit,99500,
1025,GasAndEventFinalize,30100,
1025,ReplicationProjection,129800,
1025,SnapshotHashMetrics,200,
1025,EgressPublish,11984500,
1026,IngressCapture,4500,
1026,DecodeAndCanonicalize,200,
1026,ApplyInputs,272800,
1026,ProcessorPlan,44300,
1026,CrossWorldPrepare,700,
1026,NativeJobBarrier,200,
1026,CommitDecision,400,
1026,VoxelCommit,700,
1026,EcsCommandBufferCommit,93300,
1026,GasAndEventFinalize,29300,
1026,ReplicationProjection,195100,
1026,SnapshotHashMetrics,700,
1026,EgressPublish,14960200,
1027,IngressCapture,3900,
1027,DecodeAndCanonicalize,100,
1027,ApplyInputs,180500,
1027,ProcessorPlan,31500,
1027,CrossWorldPrepare,600,
1027,NativeJobBarrier,100,
1027,CommitDecision,200,
1027,VoxelCommit,1200,
1027,EcsCommandBufferCommit,71600,
1027,GasAndEventFinalize,22000,
1027,ReplicationProjection,128300,
1027,SnapshotHashMetrics,200,
1027,EgressPublish,11746600,
1028,IngressCapture,2900,
1028,DecodeAndCanonicalize,200,
1028,ApplyInputs,183600,
1028,ProcessorPlan,33000,
1028,CrossWorldPrepare,400,
1028,NativeJobBarrier,200,
1028,CommitDecision,100,
1028,VoxelCommit,500,
1028,EcsCommandBufferCommit,69800,
1028,GasAndEventFinalize,22300,
1028,ReplicationProjection,125600,
1028,SnapshotHashMetrics,200,
1028,EgressPublish,11195600,
1029,IngressCapture,5700,
1029,DecodeAndCanonicalize,300,
1029,ApplyInputs,1083200,
1029,ProcessorPlan,58800,
1029,CrossWorldPrepare,600,
1029,NativeJobBarrier,300,
1029,CommitDecision,600,
1029,VoxelCommit,900,
1029,EcsCommandBufferCommit,81800,
1029,GasAndEventFinalize,25300,
1029,ReplicationProjection,209400,
1029,SnapshotHashMetrics,400,
1029,EgressPublish,17706400,
1030,IngressCapture,3300,
1030,DecodeAndCanonicalize,200,
1030,ApplyInputs,287700,
1030,ProcessorPlan,33900,
1030,CrossWorldPrepare,400,
1030,NativeJobBarrier,200,
1030,CommitDecision,200,
1030,VoxelCommit,400,
1030,EcsCommandBufferCommit,51300,
1030,GasAndEventFinalize,29000,
1030,ReplicationProjection,121500,
1030,SnapshotHashMetrics,200,
1030,EgressPublish,9935000,
1031,IngressCapture,3900,
1031,DecodeAndCanonicalize,200,
1031,ApplyInputs,183700,
1031,ProcessorPlan,43300,
1031,CrossWorldPrepare,400,
1031,NativeJobBarrier,400,
1031,CommitDecision,400,
1031,VoxelCommit,1100,
1031,EcsCommandBufferCommit,80400,
1031,GasAndEventFinalize,22700,
1031,ReplicationProjection,192900,
1031,SnapshotHashMetrics,400,
1031,EgressPublish,13873600,
1032,IngressCapture,4200,
1032,DecodeAndCanonicalize,200,
1032,ApplyInputs,210600,
1032,ProcessorPlan,30900,
1032,CrossWorldPrepare,400,
1032,NativeJobBarrier,300,
1032,CommitDecision,500,
1032,VoxelCommit,600,
1032,EcsCommandBufferCommit,62600,
1032,GasAndEventFinalize,18500,
1032,ReplicationProjection,124900,
1032,SnapshotHashMetrics,100,
1032,EgressPublish,10298600,
1033,IngressCapture,3600,
1033,DecodeAndCanonicalize,100,
1033,ApplyInputs,148800,
1033,ProcessorPlan,29300,
1033,CrossWorldPrepare,600,
1033,NativeJobBarrier,200,
1033,CommitDecision,100,
1033,VoxelCommit,500,
1033,EcsCommandBufferCommit,62300,
1033,GasAndEventFinalize,21200,
1033,ReplicationProjection,125600,
1033,SnapshotHashMetrics,100,
1033,EgressPublish,11380300,
1034,IngressCapture,3600,
1034,DecodeAndCanonicalize,200,
1034,ApplyInputs,354100,
1034,ProcessorPlan,46800,
1034,CrossWorldPrepare,1000,
1034,NativeJobBarrier,200,
1034,CommitDecision,400,
1034,VoxelCommit,1000,
1034,EcsCommandBufferCommit,74000,
1034,GasAndEventFinalize,26900,
1034,ReplicationProjection,197400,
1034,SnapshotHashMetrics,400,
1034,EgressPublish,12283300,
1035,IngressCapture,4300,
1035,DecodeAndCanonicalize,200,
1035,ApplyInputs,377000,
1035,ProcessorPlan,47800,
1035,CrossWorldPrepare,700,
1035,NativeJobBarrier,200,
1035,CommitDecision,500,
1035,VoxelCommit,900,
1035,EcsCommandBufferCommit,616100,
1035,GasAndEventFinalize,61400,
1035,ReplicationProjection,610100,
1035,SnapshotHashMetrics,600,
1035,EgressPublish,16830700,
1036,IngressCapture,3800,
1036,DecodeAndCanonicalize,300,
1036,ApplyInputs,328800,
1036,ProcessorPlan,45100,
1036,CrossWorldPrepare,1300,
1036,NativeJobBarrier,100,
1036,CommitDecision,200,
1036,VoxelCommit,1000,
1036,EcsCommandBufferCommit,71700,
1036,GasAndEventFinalize,28500,
1036,ReplicationProjection,217000,
1036,SnapshotHashMetrics,900,
1036,EgressPublish,11512700,
1037,IngressCapture,4100,
1037,DecodeAndCanonicalize,200,
1037,ApplyInputs,175400,
1037,ProcessorPlan,38300,
1037,CrossWorldPrepare,700,
1037,NativeJobBarrier,100,
1037,CommitDecision,300,
1037,VoxelCommit,600,
1037,EcsCommandBufferCommit,71300,
1037,GasAndEventFinalize,21300,
1037,ReplicationProjection,129000,
1037,SnapshotHashMetrics,200,
1037,EgressPublish,14829500,
1038,IngressCapture,4900,
1038,DecodeAndCanonicalize,200,
1038,ApplyInputs,746700,
1038,ProcessorPlan,65300,
1038,CrossWorldPrepare,1000,
1038,NativeJobBarrier,200,
1038,CommitDecision,500,
1038,VoxelCommit,600,
1038,EcsCommandBufferCommit,84200,
1038,GasAndEventFinalize,45500,
1038,ReplicationProjection,148500,
1038,SnapshotHashMetrics,200,
1038,EgressPublish,11924100,
1039,IngressCapture,2900,
1039,DecodeAndCanonicalize,100,
1039,ApplyInputs,177000,
1039,ProcessorPlan,31100,
1039,CrossWorldPrepare,500,
1039,NativeJobBarrier,200,
1039,CommitDecision,200,
1039,VoxelCommit,600,
1039,EcsCommandBufferCommit,72200,
1039,GasAndEventFinalize,21400,
1039,ReplicationProjection,129300,
1039,SnapshotHashMetrics,300,
1039,EgressPublish,11565800,
1040,IngressCapture,3600,
1040,DecodeAndCanonicalize,100,
1040,ApplyInputs,201800,
1040,ProcessorPlan,30300,
1040,CrossWorldPrepare,400,
1040,NativeJobBarrier,200,
1040,CommitDecision,100,
1040,VoxelCommit,600,
1040,EcsCommandBufferCommit,59700,
1040,GasAndEventFinalize,19100,
1040,ReplicationProjection,132600,
1040,SnapshotHashMetrics,200,
1040,EgressPublish,10670200,
1041,IngressCapture,7000,
1041,DecodeAndCanonicalize,200,
1041,ApplyInputs,269000,
1041,ProcessorPlan,31100,
1041,CrossWorldPrepare,500,
1041,NativeJobBarrier,100,
1041,CommitDecision,200,
1041,VoxelCommit,600,
1041,EcsCommandBufferCommit,483500,
1041,GasAndEventFinalize,30400,
1041,ReplicationProjection,379700,
1041,SnapshotHashMetrics,600,
1041,EgressPublish,9890700,
1042,IngressCapture,3400,
1042,DecodeAndCanonicalize,200,
1042,ApplyInputs,242100,
1042,ProcessorPlan,30700,
1042,CrossWorldPrepare,300,
1042,NativeJobBarrier,100,
1042,CommitDecision,300,
1042,VoxelCommit,700,
1042,EcsCommandBufferCommit,71700,
1042,GasAndEventFinalize,20800,
1042,ReplicationProjection,131100,
1042,SnapshotHashMetrics,300,
1042,EgressPublish,10708600,
1043,IngressCapture,4700,
1043,DecodeAndCanonicalize,300,
1043,ApplyInputs,220600,
1043,ProcessorPlan,67100,
1043,CrossWorldPrepare,800,
1043,NativeJobBarrier,200,
1043,CommitDecision,300,
1043,VoxelCommit,800,
1043,EcsCommandBufferCommit,99100,
1043,GasAndEventFinalize,21600,
1043,ReplicationProjection,146400,
1043,SnapshotHashMetrics,200,
1043,EgressPublish,10731300,
1044,IngressCapture,3200,
1044,DecodeAndCanonicalize,200,
1044,ApplyInputs,180900,
1044,ProcessorPlan,30700,
1044,CrossWorldPrepare,300,
1044,NativeJobBarrier,200,
1044,CommitDecision,300,
1044,VoxelCommit,700,
1044,EcsCommandBufferCommit,73900,
1044,GasAndEventFinalize,23500,
1044,ReplicationProjection,136400,
1044,SnapshotHashMetrics,200,
1044,EgressPublish,10529100,
1045,IngressCapture,3000,
1045,DecodeAndCanonicalize,100,
1045,ApplyInputs,170100,
1045,ProcessorPlan,27800,
1045,CrossWorldPrepare,400,
1045,NativeJobBarrier,100,
1045,CommitDecision,200,
1045,VoxelCommit,600,
1045,EcsCommandBufferCommit,58100,
1045,GasAndEventFinalize,17400,
1045,ReplicationProjection,126700,
1045,SnapshotHashMetrics,200,
1045,EgressPublish,10537800,
1046,IngressCapture,4900,
1046,DecodeAndCanonicalize,300,
1046,ApplyInputs,565300,
1046,ProcessorPlan,90300,
1046,CrossWorldPrepare,500,
1046,NativeJobBarrier,100,
1046,CommitDecision,800,
1046,VoxelCommit,900,
1046,EcsCommandBufferCommit,80000,
1046,GasAndEventFinalize,37200,
1046,ReplicationProjection,151000,
1046,SnapshotHashMetrics,800,
1046,EgressPublish,8674600,
1047,IngressCapture,4500,
1047,DecodeAndCanonicalize,1100,
1047,ApplyInputs,282100,
1047,ProcessorPlan,46200,
1047,CrossWorldPrepare,700,
1047,NativeJobBarrier,200,
1047,CommitDecision,300,
1047,VoxelCommit,900,
1047,EcsCommandBufferCommit,70500,
1047,GasAndEventFinalize,25000,
1047,ReplicationProjection,200900,
1047,SnapshotHashMetrics,200,
1047,EgressPublish,11583600,
1048,IngressCapture,3800,
1048,DecodeAndCanonicalize,200,
1048,ApplyInputs,215600,
1048,ProcessorPlan,59700,
1048,CrossWorldPrepare,900,
1048,NativeJobBarrier,200,
1048,CommitDecision,600,
1048,VoxelCommit,900,
1048,EcsCommandBufferCommit,83500,
1048,GasAndEventFinalize,30300,
1048,ReplicationProjection,250000,
1048,SnapshotHashMetrics,1000,
1048,EgressPublish,13450300,
1049,IngressCapture,4300,
1049,DecodeAndCanonicalize,200,
1049,ApplyInputs,239500,
1049,ProcessorPlan,33100,
1049,CrossWorldPrepare,800,
1049,NativeJobBarrier,200,
1049,CommitDecision,400,
1049,VoxelCommit,1000,
1049,EcsCommandBufferCommit,82900,
1049,GasAndEventFinalize,27900,
1049,ReplicationProjection,148400,
1049,SnapshotHashMetrics,100,
1049,EgressPublish,11680400,
1050,IngressCapture,5400,
1050,DecodeAndCanonicalize,100,
1050,ApplyInputs,217200,
1050,ProcessorPlan,31800,
1050,CrossWorldPrepare,1000,
1050,NativeJobBarrier,100,
1050,CommitDecision,500,
1050,VoxelCommit,900,
1050,EcsCommandBufferCommit,79100,
1050,GasAndEventFinalize,23200,
1050,ReplicationProjection,129400,
1050,SnapshotHashMetrics,100,
1050,EgressPublish,8805500,
1051,IngressCapture,3800,
1051,DecodeAndCanonicalize,200,
1051,ApplyInputs,147900,
1051,ProcessorPlan,30900,
1051,CrossWorldPrepare,400,
1051,NativeJobBarrier,300,
1051,CommitDecision,300,
1051,VoxelCommit,700,
1051,EcsCommandBufferCommit,59700,
1051,GasAndEventFinalize,22500,
1051,ReplicationProjection,133600,
1051,SnapshotHashMetrics,100,
1051,EgressPublish,9265200,
1052,IngressCapture,3400,
1052,DecodeAndCanonicalize,200,
1052,ApplyInputs,196200,
1052,ProcessorPlan,29400,
1052,CrossWorldPrepare,500,
1052,NativeJobBarrier,100,
1052,CommitDecision,200,
1052,VoxelCommit,700,
1052,EcsCommandBufferCommit,61500,
1052,GasAndEventFinalize,21300,
1052,ReplicationProjection,129900,
1052,SnapshotHashMetrics,100,
1052,EgressPublish,9027500,
1053,IngressCapture,3300,
1053,DecodeAndCanonicalize,200,
1053,ApplyInputs,131700,
1053,ProcessorPlan,26800,
1053,CrossWorldPrepare,300,
1053,NativeJobBarrier,100,
1053,CommitDecision,200,
1053,VoxelCommit,500,
1053,EcsCommandBufferCommit,47200,
1053,GasAndEventFinalize,14400,
1053,ReplicationProjection,125300,
1053,SnapshotHashMetrics,2600,
1053,EgressPublish,8192400,
1054,IngressCapture,3300,
1054,DecodeAndCanonicalize,100,
1054,ApplyInputs,860600,
1054,ProcessorPlan,59300,
1054,CrossWorldPrepare,700,
1054,NativeJobBarrier,200,
1054,CommitDecision,200,
1054,VoxelCommit,400,
1054,EcsCommandBufferCommit,53900,
1054,GasAndEventFinalize,28100,
1054,ReplicationProjection,133200,
1054,SnapshotHashMetrics,100,
1054,EgressPublish,8967300,
1055,IngressCapture,2800,
1055,DecodeAndCanonicalize,200,
1055,ApplyInputs,176700,
1055,ProcessorPlan,27600,
1055,CrossWorldPrepare,500,
1055,NativeJobBarrier,100,
1055,CommitDecision,100,
1055,VoxelCommit,500,
1055,EcsCommandBufferCommit,51500,
1055,GasAndEventFinalize,16400,
1055,ReplicationProjection,123800,
1055,SnapshotHashMetrics,200,
1055,EgressPublish,9018100,
1056,IngressCapture,3600,
1056,DecodeAndCanonicalize,200,
1056,ApplyInputs,135300,
1056,ProcessorPlan,26100,
1056,CrossWorldPrepare,300,
1056,NativeJobBarrier,100,
1056,CommitDecision,200,
1056,VoxelCommit,500,
1056,EcsCommandBufferCommit,51300,
1056,GasAndEventFinalize,17300,
1056,ReplicationProjection,122700,
1056,SnapshotHashMetrics,200,
1056,EgressPublish,7846500,
1057,IngressCapture,3200,
1057,DecodeAndCanonicalize,100,
1057,ApplyInputs,192400,
1057,ProcessorPlan,44900,
1057,CrossWorldPrepare,600,
1057,NativeJobBarrier,100,
1057,CommitDecision,200,
1057,VoxelCommit,800,
1057,EcsCommandBufferCommit,66200,
1057,GasAndEventFinalize,21800,
1057,ReplicationProjection,131000,
1057,SnapshotHashMetrics,300,
1057,EgressPublish,8737400,
1058,IngressCapture,5000,
1058,DecodeAndCanonicalize,200,
1058,ApplyInputs,241200,
1058,ProcessorPlan,51200,
1058,CrossWorldPrepare,800,
1058,NativeJobBarrier,300,
1058,CommitDecision,400,
1058,VoxelCommit,1200,
1058,EcsCommandBufferCommit,97600,
1058,GasAndEventFinalize,34300,
1058,ReplicationProjection,300700,
1058,SnapshotHashMetrics,700,
1058,EgressPublish,12208400,
1059,IngressCapture,5000,
1059,DecodeAndCanonicalize,100,
1059,ApplyInputs,223600,
1059,ProcessorPlan,33800,
1059,CrossWorldPrepare,500,
1059,NativeJobBarrier,200,
1059,CommitDecision,600,
1059,VoxelCommit,800,
1059,EcsCommandBufferCommit,76900,
1059,GasAndEventFinalize,23600,
1059,ReplicationProjection,135200,
1059,SnapshotHashMetrics,200,
1059,EgressPublish,9199400,
1060,IngressCapture,3300,
1060,DecodeAndCanonicalize,200,
1060,ApplyInputs,233400,
1060,ProcessorPlan,44800,
1060,CrossWorldPrepare,600,
1060,NativeJobBarrier,300,
1060,CommitDecision,300,
1060,VoxelCommit,700,
1060,EcsCommandBufferCommit,69100,
1060,GasAndEventFinalize,24100,
1060,ReplicationProjection,203100,
1060,SnapshotHashMetrics,500,
1060,EgressPublish,10871300,
1061,IngressCapture,3400,
1061,DecodeAndCanonicalize,200,
1061,ApplyInputs,158600,
1061,ProcessorPlan,29800,
1061,CrossWorldPrepare,300,
1061,NativeJobBarrier,200,
1061,CommitDecision,400,
1061,VoxelCommit,600,
1061,EcsCommandBufferCommit,56300,
1061,GasAndEventFinalize,18800,
1061,ReplicationProjection,124000,
1061,SnapshotHashMetrics,100,
1061,EgressPublish,7971500,
1062,IngressCapture,4000,
1062,DecodeAndCanonicalize,200,
1062,ApplyInputs,382100,
1062,ProcessorPlan,47300,
1062,CrossWorldPrepare,500,
1062,NativeJobBarrier,200,
1062,CommitDecision,300,
1062,VoxelCommit,800,
1062,EcsCommandBufferCommit,76700,
1062,GasAndEventFinalize,36400,
1062,ReplicationProjection,135400,
1062,SnapshotHashMetrics,100,
1062,EgressPublish,8850700,
1063,IngressCapture,4500,
1063,DecodeAndCanonicalize,100,
1063,ApplyInputs,278500,
1063,ProcessorPlan,61200,
1063,CrossWorldPrepare,800,
1063,NativeJobBarrier,100,
1063,CommitDecision,200,
1063,VoxelCommit,400,
1063,EcsCommandBufferCommit,157700,
1063,GasAndEventFinalize,38700,
1063,ReplicationProjection,417200,
1063,SnapshotHashMetrics,600,
1063,EgressPublish,9621700,
1064,IngressCapture,2900,
1064,DecodeAndCanonicalize,200,
1064,ApplyInputs,183300,
1064,ProcessorPlan,31000,
1064,CrossWorldPrepare,400,
1064,NativeJobBarrier,200,
1064,CommitDecision,300,
1064,VoxelCommit,1000,
1064,EcsCommandBufferCommit,76000,
1064,GasAndEventFinalize,20900,
1064,ReplicationProjection,133000,
1064,SnapshotHashMetrics,300,
1064,EgressPublish,8048700,
1065,IngressCapture,3400,
1065,DecodeAndCanonicalize,200,
1065,ApplyInputs,208200,
1065,ProcessorPlan,29400,
1065,CrossWorldPrepare,400,
1065,NativeJobBarrier,200,
1065,CommitDecision,200,
1065,VoxelCommit,500,
1065,EcsCommandBufferCommit,61300,
1065,GasAndEventFinalize,20800,
1065,ReplicationProjection,132200,
1065,SnapshotHashMetrics,200,
1065,EgressPublish,10637300,
1066,IngressCapture,5000,
1066,DecodeAndCanonicalize,200,
1066,ApplyInputs,367900,
1066,ProcessorPlan,48400,
1066,CrossWorldPrepare,800,
1066,NativeJobBarrier,200,
1066,CommitDecision,500,
1066,VoxelCommit,700,
1066,EcsCommandBufferCommit,214000,
1066,GasAndEventFinalize,44300,
1066,ReplicationProjection,448200,
1066,SnapshotHashMetrics,200,
1066,EgressPublish,12316600,
1067,IngressCapture,2800,
1067,DecodeAndCanonicalize,100,
1067,ApplyInputs,218700,
1067,ProcessorPlan,30300,
1067,CrossWorldPrepare,400,
1067,NativeJobBarrier,100,
1067,CommitDecision,200,
1067,VoxelCommit,500,
1067,EcsCommandBufferCommit,55300,
1067,GasAndEventFinalize,16200,
1067,ReplicationProjection,130100,
1067,SnapshotHashMetrics,100,
1067,EgressPublish,10066900,
1068,IngressCapture,2900,
1068,DecodeAndCanonicalize,100,
1068,ApplyInputs,174800,
1068,ProcessorPlan,29600,
1068,CrossWorldPrepare,2100,
1068,NativeJobBarrier,100,
1068,CommitDecision,100,
1068,VoxelCommit,600,
1068,EcsCommandBufferCommit,64800,
1068,GasAndEventFinalize,20600,
1068,ReplicationProjection,141000,
1068,SnapshotHashMetrics,200,
1068,EgressPublish,10218000,
1069,IngressCapture,4800,
1069,DecodeAndCanonicalize,200,
1069,ApplyInputs,209900,
1069,ProcessorPlan,36100,
1069,CrossWorldPrepare,700,
1069,NativeJobBarrier,200,
1069,CommitDecision,600,
1069,VoxelCommit,1000,
1069,EcsCommandBufferCommit,94100,
1069,GasAndEventFinalize,25600,
1069,ReplicationProjection,150200,
1069,SnapshotHashMetrics,200,
1069,EgressPublish,12513500,
1070,IngressCapture,4300,
1070,DecodeAndCanonicalize,200,
1070,ApplyInputs,432800,
1070,ProcessorPlan,30500,
1070,CrossWorldPrepare,1600,
1070,NativeJobBarrier,300,
1070,CommitDecision,300,
1070,VoxelCommit,1500,
1070,EcsCommandBufferCommit,66300,
1070,GasAndEventFinalize,35900,
1070,ReplicationProjection,151100,
1070,SnapshotHashMetrics,200,
1070,EgressPublish,11757000,
1071,IngressCapture,3400,
1071,DecodeAndCanonicalize,200,
1071,ApplyInputs,181100,
1071,ProcessorPlan,34700,
1071,CrossWorldPrepare,400,
1071,NativeJobBarrier,300,
1071,CommitDecision,100,
1071,VoxelCommit,900,
1071,EcsCommandBufferCommit,83200,
1071,GasAndEventFinalize,28700,
1071,ReplicationProjection,152900,
1071,SnapshotHashMetrics,200,
1071,EgressPublish,12132000,
1072,IngressCapture,2800,
1072,DecodeAndCanonicalize,200,
1072,ApplyInputs,197500,
1072,ProcessorPlan,31900,
1072,CrossWorldPrepare,500,
1072,NativeJobBarrier,200,
1072,CommitDecision,200,
1072,VoxelCommit,900,
1072,EcsCommandBufferCommit,63300,
1072,GasAndEventFinalize,21300,
1072,ReplicationProjection,131100,
1072,SnapshotHashMetrics,300,
1072,EgressPublish,11160800,
1073,IngressCapture,3100,
1073,DecodeAndCanonicalize,200,
1073,ApplyInputs,161300,
1073,ProcessorPlan,28200,
1073,CrossWorldPrepare,700,
1073,NativeJobBarrier,200,
1073,CommitDecision,100,
1073,VoxelCommit,800,
1073,EcsCommandBufferCommit,70300,
1073,GasAndEventFinalize,21300,
1073,ReplicationProjection,132400,
1073,SnapshotHashMetrics,200,
1073,EgressPublish,10206700,
1074,IngressCapture,3900,
1074,DecodeAndCanonicalize,100,
1074,ApplyInputs,205100,
1074,ProcessorPlan,29200,
1074,CrossWorldPrepare,300,
1074,NativeJobBarrier,100,
1074,CommitDecision,200,
1074,VoxelCommit,500,
1074,EcsCommandBufferCommit,71600,
1074,GasAndEventFinalize,22900,
1074,ReplicationProjection,134400,
1074,SnapshotHashMetrics,100,
1074,EgressPublish,12847500,
1075,IngressCapture,3100,
1075,DecodeAndCanonicalize,100,
1075,ApplyInputs,243800,
1075,ProcessorPlan,36800,
1075,CrossWorldPrepare,400,
1075,NativeJobBarrier,300,
1075,CommitDecision,200,
1075,VoxelCommit,800,
1075,EcsCommandBufferCommit,119700,
1075,GasAndEventFinalize,27100,
1075,ReplicationProjection,136000,
1075,SnapshotHashMetrics,300,
1075,EgressPublish,11277500,
1076,IngressCapture,3200,
1076,DecodeAndCanonicalize,100,
1076,ApplyInputs,150200,
1076,ProcessorPlan,28900,
1076,CrossWorldPrepare,300,
1076,NativeJobBarrier,100,
1076,CommitDecision,300,
1076,VoxelCommit,700,
1076,EcsCommandBufferCommit,78300,
1076,GasAndEventFinalize,23600,
1076,ReplicationProjection,132400,
1076,SnapshotHashMetrics,200,
1076,EgressPublish,11959900,
1077,IngressCapture,4500,
1077,DecodeAndCanonicalize,200,
1077,ApplyInputs,270700,
1077,ProcessorPlan,33400,
1077,CrossWorldPrepare,600,
1077,NativeJobBarrier,200,
1077,CommitDecision,200,
1077,VoxelCommit,500,
1077,EcsCommandBufferCommit,714300,
1077,GasAndEventFinalize,71100,
1077,ReplicationProjection,488000,
1077,SnapshotHashMetrics,500,
1077,EgressPublish,14290400,
1078,IngressCapture,4000,
1078,DecodeAndCanonicalize,300,
1078,ApplyInputs,531600,
1078,ProcessorPlan,97200,
1078,CrossWorldPrepare,900,
1078,NativeJobBarrier,200,
1078,CommitDecision,300,
1078,VoxelCommit,1300,
1078,EcsCommandBufferCommit,90600,
1078,GasAndEventFinalize,48800,
1078,ReplicationProjection,175700,
1078,SnapshotHashMetrics,400,
1078,EgressPublish,15883500,
1079,IngressCapture,6000,
1079,DecodeAndCanonicalize,200,
1079,ApplyInputs,352400,
1079,ProcessorPlan,46500,
1079,CrossWorldPrepare,400,
1079,NativeJobBarrier,500,
1079,CommitDecision,200,
1079,VoxelCommit,900,
1079,EcsCommandBufferCommit,84200,
1079,GasAndEventFinalize,38900,
1079,ReplicationProjection,271400,
1079,SnapshotHashMetrics,800,
1079,EgressPublish,17746200,
1080,IngressCapture,3800,
1080,DecodeAndCanonicalize,200,
1080,ApplyInputs,236900,
1080,ProcessorPlan,31000,
1080,CrossWorldPrepare,1900,
1080,NativeJobBarrier,100,
1080,CommitDecision,700,
1080,VoxelCommit,800,
1080,EcsCommandBufferCommit,65500,
1080,GasAndEventFinalize,20400,
1080,ReplicationProjection,130800,
1080,SnapshotHashMetrics,100,
1080,EgressPublish,14441600,
1081,IngressCapture,5200,
1081,DecodeAndCanonicalize,300,
1081,ApplyInputs,274300,
1081,ProcessorPlan,60000,
1081,CrossWorldPrepare,500,
1081,NativeJobBarrier,600,
1081,CommitDecision,200,
1081,VoxelCommit,900,
1081,EcsCommandBufferCommit,119400,
1081,GasAndEventFinalize,37400,
1081,ReplicationProjection,213200,
1081,SnapshotHashMetrics,1000,
1081,EgressPublish,14965500,
1082,IngressCapture,5100,
1082,DecodeAndCanonicalize,200,
1082,ApplyInputs,369700,
1082,ProcessorPlan,75500,
1082,CrossWorldPrepare,500,
1082,NativeJobBarrier,200,
1082,CommitDecision,500,
1082,VoxelCommit,2100,
1082,EcsCommandBufferCommit,106600,
1082,GasAndEventFinalize,32800,
1082,ReplicationProjection,206000,
1082,SnapshotHashMetrics,500,
1082,EgressPublish,17696600,
1083,IngressCapture,4200,
1083,DecodeAndCanonicalize,200,
1083,ApplyInputs,175900,
1083,ProcessorPlan,31700,
1083,CrossWorldPrepare,600,
1083,NativeJobBarrier,200,
1083,CommitDecision,100,
1083,VoxelCommit,1100,
1083,EcsCommandBufferCommit,70900,
1083,GasAndEventFinalize,24100,
1083,ReplicationProjection,130400,
1083,SnapshotHashMetrics,300,
1083,EgressPublish,13167300,
1084,IngressCapture,4900,
1084,DecodeAndCanonicalize,200,
1084,ApplyInputs,211700,
1084,ProcessorPlan,32900,
1084,CrossWorldPrepare,400,
1084,NativeJobBarrier,100,
1084,CommitDecision,200,
1084,VoxelCommit,900,
1084,EcsCommandBufferCommit,74900,
1084,GasAndEventFinalize,23300,
1084,ReplicationProjection,136600,
1084,SnapshotHashMetrics,200,
1084,EgressPublish,15313900,
1085,IngressCapture,3900,
1085,DecodeAndCanonicalize,200,
1085,ApplyInputs,200800,
1085,ProcessorPlan,33400,
1085,CrossWorldPrepare,600,
1085,NativeJobBarrier,200,
1085,CommitDecision,200,
1085,VoxelCommit,800,
1085,EcsCommandBufferCommit,83000,
1085,GasAndEventFinalize,25600,
1085,ReplicationProjection,138400,
1085,SnapshotHashMetrics,300,
1085,EgressPublish,15045600,
1086,IngressCapture,5000,
1086,DecodeAndCanonicalize,200,
1086,ApplyInputs,369000,
1086,ProcessorPlan,122000,
1086,CrossWorldPrepare,700,
1086,NativeJobBarrier,200,
1086,CommitDecision,200,
1086,VoxelCommit,1200,
1086,EcsCommandBufferCommit,106200,
1086,GasAndEventFinalize,60200,
1086,ReplicationProjection,231900,
1086,SnapshotHashMetrics,300,
1086,EgressPublish,16610400,
1087,IngressCapture,6000,
1087,DecodeAndCanonicalize,100,
1087,ApplyInputs,368900,
1087,ProcessorPlan,56200,
1087,CrossWorldPrepare,500,
1087,NativeJobBarrier,200,
1087,CommitDecision,700,
1087,VoxelCommit,800,
1087,EcsCommandBufferCommit,125300,
1087,GasAndEventFinalize,45100,
1087,ReplicationProjection,245900,
1087,SnapshotHashMetrics,300,
1087,EgressPublish,16285900,
1088,IngressCapture,4300,
1088,DecodeAndCanonicalize,300,
1088,ApplyInputs,343600,
1088,ProcessorPlan,52400,
1088,CrossWorldPrepare,600,
1088,NativeJobBarrier,200,
1088,CommitDecision,1000,
1088,VoxelCommit,1000,
1088,EcsCommandBufferCommit,128800,
1088,GasAndEventFinalize,45800,
1088,ReplicationProjection,214700,
1088,SnapshotHashMetrics,500,
1088,EgressPublish,17141900,
1089,IngressCapture,7100,
1089,DecodeAndCanonicalize,300,
1089,ApplyInputs,323000,
1089,ProcessorPlan,55100,
1089,CrossWorldPrepare,500,
1089,NativeJobBarrier,200,
1089,CommitDecision,200,
1089,VoxelCommit,900,
1089,EcsCommandBufferCommit,108300,
1089,GasAndEventFinalize,55500,
1089,ReplicationProjection,226400,
1089,SnapshotHashMetrics,900,
1089,EgressPublish,18139400,
1090,IngressCapture,6900,
1090,DecodeAndCanonicalize,200,
1090,ApplyInputs,338800,
1090,ProcessorPlan,45900,
1090,CrossWorldPrepare,800,
1090,NativeJobBarrier,200,
1090,CommitDecision,200,
1090,VoxelCommit,1100,
1090,EcsCommandBufferCommit,96300,
1090,GasAndEventFinalize,38200,
1090,ReplicationProjection,284500,
1090,SnapshotHashMetrics,700,
1090,EgressPublish,16641100,
1091,IngressCapture,4900,
1091,DecodeAndCanonicalize,200,
1091,ApplyInputs,313600,
1091,ProcessorPlan,47400,
1091,CrossWorldPrepare,500,
1091,NativeJobBarrier,500,
1091,CommitDecision,700,
1091,VoxelCommit,1300,
1091,EcsCommandBufferCommit,121900,
1091,GasAndEventFinalize,40300,
1091,ReplicationProjection,225600,
1091,SnapshotHashMetrics,200,
1091,EgressPublish,15413200,
1092,IngressCapture,3900,
1092,DecodeAndCanonicalize,100,
1092,ApplyInputs,172900,
1092,ProcessorPlan,33800,
1092,CrossWorldPrepare,400,
1092,NativeJobBarrier,200,
1092,CommitDecision,300,
1092,VoxelCommit,1000,
1092,EcsCommandBufferCommit,82500,
1092,GasAndEventFinalize,26600,
1092,ReplicationProjection,139900,
1092,SnapshotHashMetrics,300,
1092,EgressPublish,12212200,
1093,IngressCapture,6100,
1093,DecodeAndCanonicalize,100,
1093,ApplyInputs,245200,
1093,ProcessorPlan,33500,
1093,CrossWorldPrepare,300,
1093,NativeJobBarrier,300,
1093,CommitDecision,300,
1093,VoxelCommit,900,
1093,EcsCommandBufferCommit,98200,
1093,GasAndEventFinalize,28000,
1093,ReplicationProjection,137900,
1093,SnapshotHashMetrics,200,
1093,EgressPublish,13545100,
1094,IngressCapture,5800,
1094,DecodeAndCanonicalize,400,
1094,ApplyInputs,355200,
1094,ProcessorPlan,117000,
1094,CrossWorldPrepare,1000,
1094,NativeJobBarrier,500,
1094,CommitDecision,700,
1094,VoxelCommit,1400,
1094,EcsCommandBufferCommit,135900,
1094,GasAndEventFinalize,54700,
1094,ReplicationProjection,147800,
1094,SnapshotHashMetrics,300,
1094,EgressPublish,13725000,
1095,IngressCapture,5100,
1095,DecodeAndCanonicalize,300,
1095,ApplyInputs,419000,
1095,ProcessorPlan,49100,
1095,CrossWorldPrepare,1100,
1095,NativeJobBarrier,500,
1095,CommitDecision,200,
1095,VoxelCommit,900,
1095,EcsCommandBufferCommit,106900,
1095,GasAndEventFinalize,42500,
1095,ReplicationProjection,231700,
1095,SnapshotHashMetrics,600,
1095,EgressPublish,16199900,
1096,IngressCapture,5100,
1096,DecodeAndCanonicalize,200,
1096,ApplyInputs,361300,
1096,ProcessorPlan,55800,
1096,CrossWorldPrepare,800,
1096,NativeJobBarrier,300,
1096,CommitDecision,600,
1096,VoxelCommit,1000,
1096,EcsCommandBufferCommit,127300,
1096,GasAndEventFinalize,43900,
1096,ReplicationProjection,218300,
1096,SnapshotHashMetrics,700,
1096,EgressPublish,17423900,
1097,IngressCapture,4900,
1097,DecodeAndCanonicalize,100,
1097,ApplyInputs,166200,
1097,ProcessorPlan,32600,
1097,CrossWorldPrepare,400,
1097,NativeJobBarrier,100,
1097,CommitDecision,200,
1097,VoxelCommit,700,
1097,EcsCommandBufferCommit,80300,
1097,GasAndEventFinalize,24900,
1097,ReplicationProjection,133800,
1097,SnapshotHashMetrics,500,
1097,EgressPublish,11289500,
1098,IngressCapture,4300,
1098,DecodeAndCanonicalize,200,
1098,ApplyInputs,372900,
1098,ProcessorPlan,47600,
1098,CrossWorldPrepare,500,
1098,NativeJobBarrier,200,
1098,CommitDecision,400,
1098,VoxelCommit,1100,
1098,EcsCommandBufferCommit,97800,
1098,GasAndEventFinalize,33900,
1098,ReplicationProjection,211900,
1098,SnapshotHashMetrics,500,
1098,EgressPublish,15917200,
1099,IngressCapture,4300,
1099,DecodeAndCanonicalize,200,
1099,ApplyInputs,217600,
1099,ProcessorPlan,36200,
1099,CrossWorldPrepare,500,
1099,NativeJobBarrier,600,
1099,CommitDecision,1000,
1099,VoxelCommit,1000,
1099,EcsCommandBufferCommit,100600,
1099,GasAndEventFinalize,29600,
1099,ReplicationProjection,142000,
1099,SnapshotHashMetrics,200,
1099,EgressPublish,13098400,
1100,IngressCapture,3800,
1100,DecodeAndCanonicalize,200,
1100,ApplyInputs,281700,
1100,ProcessorPlan,55600,
1100,CrossWorldPrepare,1000,
1100,NativeJobBarrier,400,
1100,CommitDecision,200,
1100,VoxelCommit,1700,
1100,EcsCommandBufferCommit,104800,
1100,GasAndEventFinalize,35500,
1100,ReplicationProjection,199200,
1100,SnapshotHashMetrics,400,
1100,EgressPublish,13765500,
1101,IngressCapture,5000,
1101,DecodeAndCanonicalize,200,
1101,ApplyInputs,347700,
1101,ProcessorPlan,51500,
1101,CrossWorldPrepare,600,
1101,NativeJobBarrier,200,
1101,CommitDecision,400,
1101,VoxelCommit,1400,
1101,EcsCommandBufferCommit,115300,
1101,GasAndEventFinalize,38300,
1101,ReplicationProjection,256400,
1101,SnapshotHashMetrics,1900,
1101,EgressPublish,14095300,
1102,IngressCapture,6000,
1102,DecodeAndCanonicalize,300,
1102,ApplyInputs,387000,
1102,ProcessorPlan,112800,
1102,CrossWorldPrepare,900,
1102,NativeJobBarrier,300,
1102,CommitDecision,500,
1102,VoxelCommit,1100,
1102,EcsCommandBufferCommit,93500,
1102,GasAndEventFinalize,50300,
1102,ReplicationProjection,201200,
1102,SnapshotHashMetrics,300,
1102,EgressPublish,13019300,
1103,IngressCapture,4100,
1103,DecodeAndCanonicalize,300,
1103,ApplyInputs,301100,
1103,ProcessorPlan,50600,
1103,CrossWorldPrepare,700,
1103,NativeJobBarrier,200,
1103,CommitDecision,300,
1103,VoxelCommit,1300,
1103,EcsCommandBufferCommit,102900,
1103,GasAndEventFinalize,35700,
1103,ReplicationProjection,212300,
1103,SnapshotHashMetrics,400,
1103,EgressPublish,12523500,
1104,IngressCapture,5200,
1104,DecodeAndCanonicalize,200,
1104,ApplyInputs,340000,
1104,ProcessorPlan,39200,
1104,CrossWorldPrepare,600,
1104,NativeJobBarrier,500,
1104,CommitDecision,100,
1104,VoxelCommit,800,
1104,EcsCommandBufferCommit,86300,
1104,GasAndEventFinalize,28000,
1104,ReplicationProjection,820900,
1104,SnapshotHashMetrics,300,
1104,EgressPublish,12166000,
1105,IngressCapture,3400,
1105,DecodeAndCanonicalize,100,
1105,ApplyInputs,190000,
1105,ProcessorPlan,33000,
1105,CrossWorldPrepare,500,
1105,NativeJobBarrier,200,
1105,CommitDecision,300,
1105,VoxelCommit,700,
1105,EcsCommandBufferCommit,80000,
1105,GasAndEventFinalize,26300,
1105,ReplicationProjection,136800,
1105,SnapshotHashMetrics,200,
1105,EgressPublish,10726500,
1106,IngressCapture,3300,
1106,DecodeAndCanonicalize,200,
1106,ApplyInputs,154700,
1106,ProcessorPlan,42600,
1106,CrossWorldPrepare,500,
1106,NativeJobBarrier,100,
1106,CommitDecision,200,
1106,VoxelCommit,1900,
1106,EcsCommandBufferCommit,73300,
1106,GasAndEventFinalize,22900,
1106,ReplicationProjection,127500,
1106,SnapshotHashMetrics,200,
1106,EgressPublish,12151300,
1107,IngressCapture,3800,
1107,DecodeAndCanonicalize,300,
1107,ApplyInputs,416500,
1107,ProcessorPlan,52500,
1107,CrossWorldPrepare,600,
1107,NativeJobBarrier,300,
1107,CommitDecision,500,
1107,VoxelCommit,1200,
1107,EcsCommandBufferCommit,117100,
1107,GasAndEventFinalize,39300,
1107,ReplicationProjection,182700,
1107,SnapshotHashMetrics,500,
1107,EgressPublish,13068300,
1108,IngressCapture,4600,
1108,DecodeAndCanonicalize,300,
1108,ApplyInputs,273900,
1108,ProcessorPlan,64900,
1108,CrossWorldPrepare,400,
1108,NativeJobBarrier,300,
1108,CommitDecision,600,
1108,VoxelCommit,800,
1108,EcsCommandBufferCommit,125300,
1108,GasAndEventFinalize,46800,
1108,ReplicationProjection,218500,
1108,SnapshotHashMetrics,500,
1108,EgressPublish,15141100,
1109,IngressCapture,5600,
1109,DecodeAndCanonicalize,200,
1109,ApplyInputs,300000,
1109,ProcessorPlan,50900,
1109,CrossWorldPrepare,900,
1109,NativeJobBarrier,200,
1109,CommitDecision,800,
1109,VoxelCommit,1100,
1109,EcsCommandBufferCommit,134600,
1109,GasAndEventFinalize,42000,
1109,ReplicationProjection,219100,
1109,SnapshotHashMetrics,400,
1109,EgressPublish,18126000,
1110,IngressCapture,3900,
1110,DecodeAndCanonicalize,200,
1110,ApplyInputs,485700,
1110,ProcessorPlan,49200,
1110,CrossWorldPrepare,600,
1110,NativeJobBarrier,200,
1110,CommitDecision,200,
1110,VoxelCommit,1700,
1110,EcsCommandBufferCommit,114700,
1110,GasAndEventFinalize,58600,
1110,ReplicationProjection,193300,
1110,SnapshotHashMetrics,500,
1110,EgressPublish,16381500,
1111,IngressCapture,5100,
1111,DecodeAndCanonicalize,400,
1111,ApplyInputs,324800,
1111,ProcessorPlan,53200,
1111,CrossWorldPrepare,600,
1111,NativeJobBarrier,200,
1111,CommitDecision,600,
1111,VoxelCommit,1600,
1111,EcsCommandBufferCommit,111500,
1111,GasAndEventFinalize,37600,
1111,ReplicationProjection,186100,
1111,SnapshotHashMetrics,200,
1111,EgressPublish,13750400,
1112,IngressCapture,3800,
1112,DecodeAndCanonicalize,200,
1112,ApplyInputs,293300,
1112,ProcessorPlan,45200,
1112,CrossWorldPrepare,500,
1112,NativeJobBarrier,200,
1112,CommitDecision,400,
1112,VoxelCommit,900,
1112,EcsCommandBufferCommit,116000,
1112,GasAndEventFinalize,40000,
1112,ReplicationProjection,201600,
1112,SnapshotHashMetrics,200,
1112,EgressPublish,15915300,
1113,IngressCapture,5600,
1113,DecodeAndCanonicalize,200,
1113,ApplyInputs,273400,
1113,ProcessorPlan,62300,
1113,CrossWorldPrepare,1000,
1113,NativeJobBarrier,200,
1113,CommitDecision,500,
1113,VoxelCommit,1800,
1113,EcsCommandBufferCommit,115300,
1113,GasAndEventFinalize,38600,
1113,ReplicationProjection,199700,
1113,SnapshotHashMetrics,500,
1113,EgressPublish,17458900,
1114,IngressCapture,2700,
1114,DecodeAndCanonicalize,200,
1114,ApplyInputs,172700,
1114,ProcessorPlan,29100,
1114,CrossWorldPrepare,500,
1114,NativeJobBarrier,200,
1114,CommitDecision,200,
1114,VoxelCommit,500,
1114,EcsCommandBufferCommit,56300,
1114,GasAndEventFinalize,18900,
1114,ReplicationProjection,122700,
1114,SnapshotHashMetrics,400,
1114,EgressPublish,9052800,
1115,IngressCapture,5500,
1115,DecodeAndCanonicalize,200,
1115,ApplyInputs,325100,
1115,ProcessorPlan,48400,
1115,CrossWorldPrepare,900,
1115,NativeJobBarrier,400,
1115,CommitDecision,200,
1115,VoxelCommit,1200,
1115,EcsCommandBufferCommit,125100,
1115,GasAndEventFinalize,37300,
1115,ReplicationProjection,201500,
1115,SnapshotHashMetrics,600,
1115,EgressPublish,14373900,
1116,IngressCapture,2800,
1116,DecodeAndCanonicalize,100,
1116,ApplyInputs,157600,
1116,ProcessorPlan,31600,
1116,CrossWorldPrepare,500,
1116,NativeJobBarrier,200,
1116,CommitDecision,100,
1116,VoxelCommit,700,
1116,EcsCommandBufferCommit,67800,
1116,GasAndEventFinalize,19800,
1116,ReplicationProjection,121200,
1116,SnapshotHashMetrics,300,
1116,EgressPublish,9469100,
1117,IngressCapture,2800,
1117,DecodeAndCanonicalize,100,
1117,ApplyInputs,169900,
1117,ProcessorPlan,29800,
1117,CrossWorldPrepare,500,
1117,NativeJobBarrier,200,
1117,CommitDecision,200,
1117,VoxelCommit,400,
1117,EcsCommandBufferCommit,61900,
1117,GasAndEventFinalize,19100,
1117,ReplicationProjection,115300,
1117,SnapshotHashMetrics,300,
1117,EgressPublish,12142900,
1118,IngressCapture,5300,
1118,DecodeAndCanonicalize,200,
1118,ApplyInputs,635200,
1118,ProcessorPlan,94700,
1118,CrossWorldPrepare,800,
1118,NativeJobBarrier,200,
1118,CommitDecision,200,
1118,VoxelCommit,500,
1118,EcsCommandBufferCommit,65600,
1118,GasAndEventFinalize,38900,
1118,ReplicationProjection,137300,
1118,SnapshotHashMetrics,300,
1118,EgressPublish,12844300,
1119,IngressCapture,4600,
1119,DecodeAndCanonicalize,200,
1119,ApplyInputs,427600,
1119,ProcessorPlan,46300,
1119,CrossWorldPrepare,500,
1119,NativeJobBarrier,300,
1119,CommitDecision,500,
1119,VoxelCommit,1100,
1119,EcsCommandBufferCommit,96100,
1119,GasAndEventFinalize,39000,
1119,ReplicationProjection,166400,
1119,SnapshotHashMetrics,200,
1119,EgressPublish,10168300,
1120,IngressCapture,3700,
1120,DecodeAndCanonicalize,200,
1120,ApplyInputs,207400,
1120,ProcessorPlan,31500,
1120,CrossWorldPrepare,500,
1120,NativeJobBarrier,100,
1120,CommitDecision,200,
1120,VoxelCommit,600,
1120,EcsCommandBufferCommit,74600,
1120,GasAndEventFinalize,25100,
1120,ReplicationProjection,136300,
1120,SnapshotHashMetrics,100,
1120,EgressPublish,10024200,
1121,IngressCapture,3100,
1121,DecodeAndCanonicalize,200,
1121,ApplyInputs,217100,
1121,ProcessorPlan,31000,
1121,CrossWorldPrepare,400,
1121,NativeJobBarrier,200,
1121,CommitDecision,300,
1121,VoxelCommit,700,
1121,EcsCommandBufferCommit,69200,
1121,GasAndEventFinalize,21600,
1121,ReplicationProjection,117700,
1121,SnapshotHashMetrics,200,
1121,EgressPublish,9528800,
1122,IngressCapture,3800,
1122,DecodeAndCanonicalize,100,
1122,ApplyInputs,218000,
1122,ProcessorPlan,38400,
1122,CrossWorldPrepare,800,
1122,NativeJobBarrier,300,
1122,CommitDecision,900,
1122,VoxelCommit,800,
1122,EcsCommandBufferCommit,105900,
1122,GasAndEventFinalize,30800,
1122,ReplicationProjection,132100,
1122,SnapshotHashMetrics,600,
1122,EgressPublish,10362500,
1123,IngressCapture,2200,
1123,DecodeAndCanonicalize,200,
1123,ApplyInputs,175400,
1123,ProcessorPlan,28700,
1123,CrossWorldPrepare,400,
1123,NativeJobBarrier,100,
1123,CommitDecision,100,
1123,VoxelCommit,600,
1123,EcsCommandBufferCommit,62300,
1123,GasAndEventFinalize,22600,
1123,ReplicationProjection,112500,
1123,SnapshotHashMetrics,100,
1123,EgressPublish,8636900,
1124,IngressCapture,2900,
1124,DecodeAndCanonicalize,200,
1124,ApplyInputs,163700,
1124,ProcessorPlan,33200,
1124,CrossWorldPrepare,500,
1124,NativeJobBarrier,100,
1124,CommitDecision,300,
1124,VoxelCommit,800,
1124,EcsCommandBufferCommit,71900,
1124,GasAndEventFinalize,23400,
1124,ReplicationProjection,118800,
1124,SnapshotHashMetrics,300,
1124,EgressPublish,10207500,
1125,IngressCapture,3800,
1125,DecodeAndCanonicalize,200,
1125,ApplyInputs,392600,
1125,ProcessorPlan,44900,
1125,CrossWorldPrepare,500,
1125,NativeJobBarrier,200,
1125,CommitDecision,100,
1125,VoxelCommit,700,
1125,EcsCommandBufferCommit,79300,
1125,GasAndEventFinalize,42500,
1125,ReplicationProjection,133300,
1125,SnapshotHashMetrics,400,
1125,EgressPublish,9724200,
1126,IngressCapture,5800,
1126,DecodeAndCanonicalize,200,
1126,ApplyInputs,209600,
1126,ProcessorPlan,40100,
1126,CrossWorldPrepare,400,
1126,NativeJobBarrier,300,
1126,CommitDecision,800,
1126,VoxelCommit,1100,
1126,EcsCommandBufferCommit,89500,
1126,GasAndEventFinalize,26700,
1126,ReplicationProjection,123700,
1126,SnapshotHashMetrics,100,
1126,EgressPublish,13233300,
1127,IngressCapture,3700,
1127,DecodeAndCanonicalize,100,
1127,ApplyInputs,222800,
1127,ProcessorPlan,29300,
1127,CrossWorldPrepare,400,
1127,NativeJobBarrier,300,
1127,CommitDecision,200,
1127,VoxelCommit,400,
1127,EcsCommandBufferCommit,507200,
1127,GasAndEventFinalize,35500,
1127,ReplicationProjection,442100,
1127,SnapshotHashMetrics,1100,
1127,EgressPublish,10764500,
1128,IngressCapture,6000,
1128,DecodeAndCanonicalize,300,
1128,ApplyInputs,405600,
1128,ProcessorPlan,97400,
1128,CrossWorldPrepare,900,
1128,NativeJobBarrier,200,
1128,CommitDecision,200,
1128,VoxelCommit,900,
1128,EcsCommandBufferCommit,115900,
1128,GasAndEventFinalize,44100,
1128,ReplicationProjection,220100,
1128,SnapshotHashMetrics,300,
1128,EgressPublish,15150300,
1129,IngressCapture,4000,
1129,DecodeAndCanonicalize,100,
1129,ApplyInputs,276800,
1129,ProcessorPlan,36700,
1129,CrossWorldPrepare,500,
1129,NativeJobBarrier,300,
1129,CommitDecision,700,
1129,VoxelCommit,600,
1129,EcsCommandBufferCommit,99900,
1129,GasAndEventFinalize,29900,
1129,ReplicationProjection,141100,
1129,SnapshotHashMetrics,100,
1129,EgressPublish,13755000,
1130,IngressCapture,2900,
1130,DecodeAndCanonicalize,200,
1130,ApplyInputs,175600,
1130,ProcessorPlan,28300,
1130,CrossWorldPrepare,300,
1130,NativeJobBarrier,200,
1130,CommitDecision,200,
1130,VoxelCommit,500,
1130,EcsCommandBufferCommit,57100,
1130,GasAndEventFinalize,19400,
1130,ReplicationProjection,130400,
1130,SnapshotHashMetrics,300,
1130,EgressPublish,12446300,
1131,IngressCapture,2500,
1131,DecodeAndCanonicalize,200,
1131,ApplyInputs,156900,
1131,ProcessorPlan,30900,
1131,CrossWorldPrepare,400,
1131,NativeJobBarrier,200,
1131,CommitDecision,200,
1131,VoxelCommit,700,
1131,EcsCommandBufferCommit,70200,
1131,GasAndEventFinalize,23400,
1131,ReplicationProjection,125300,
1131,SnapshotHashMetrics,400,
1131,EgressPublish,11767600,
1132,IngressCapture,3200,
1132,DecodeAndCanonicalize,300,
1132,ApplyInputs,182300,
1132,ProcessorPlan,29800,
1132,CrossWorldPrepare,400,
1132,NativeJobBarrier,200,
1132,CommitDecision,200,
1132,VoxelCommit,600,
1132,EcsCommandBufferCommit,67400,
1132,GasAndEventFinalize,19900,
1132,ReplicationProjection,119800,
1132,SnapshotHashMetrics,200,
1132,EgressPublish,11658200,
1133,IngressCapture,3500,
1133,DecodeAndCanonicalize,200,
1133,ApplyInputs,173800,
1133,ProcessorPlan,31300,
1133,CrossWorldPrepare,500,
1133,NativeJobBarrier,300,
1133,CommitDecision,100,
1133,VoxelCommit,700,
1133,EcsCommandBufferCommit,72400,
1133,GasAndEventFinalize,19300,
1133,ReplicationProjection,779300,
1133,SnapshotHashMetrics,400,
1133,EgressPublish,11593100,
1134,IngressCapture,6900,
1134,DecodeAndCanonicalize,400,
1134,ApplyInputs,470000,
1134,ProcessorPlan,33300,
1134,CrossWorldPrepare,700,
1134,NativeJobBarrier,200,
1134,CommitDecision,200,
1134,VoxelCommit,700,
1134,EcsCommandBufferCommit,79600,
1134,GasAndEventFinalize,40800,
1134,ReplicationProjection,145800,
1134,SnapshotHashMetrics,500,
1134,EgressPublish,12276000,
1135,IngressCapture,6200,
1135,DecodeAndCanonicalize,200,
1135,ApplyInputs,325200,
1135,ProcessorPlan,49600,
1135,CrossWorldPrepare,1300,
1135,NativeJobBarrier,200,
1135,CommitDecision,600,
1135,VoxelCommit,900,
1135,EcsCommandBufferCommit,97000,
1135,GasAndEventFinalize,33700,
1135,ReplicationProjection,209700,
1135,SnapshotHashMetrics,200,
1135,EgressPublish,15063600,
1136,IngressCapture,6300,
1136,DecodeAndCanonicalize,600,
1136,ApplyInputs,288300,
1136,ProcessorPlan,67500,
1136,CrossWorldPrepare,1000,
1136,NativeJobBarrier,400,
1136,CommitDecision,400,
1136,VoxelCommit,800,
1136,EcsCommandBufferCommit,95900,
1136,GasAndEventFinalize,33100,
1136,ReplicationProjection,222400,
1136,SnapshotHashMetrics,1300,
1136,EgressPublish,13419600,
1137,IngressCapture,3400,
1137,DecodeAndCanonicalize,200,
1137,ApplyInputs,189500,
1137,ProcessorPlan,29700,
1137,CrossWorldPrepare,500,
1137,NativeJobBarrier,100,
1137,CommitDecision,300,
1137,VoxelCommit,1000,
1137,EcsCommandBufferCommit,73300,
1137,GasAndEventFinalize,22500,
1137,ReplicationProjection,124400,
1137,SnapshotHashMetrics,300,
1137,EgressPublish,11852200,
1138,IngressCapture,5400,
1138,DecodeAndCanonicalize,100,
1138,ApplyInputs,309700,
1138,ProcessorPlan,48500,
1138,CrossWorldPrepare,700,
1138,NativeJobBarrier,300,
1138,CommitDecision,500,
1138,VoxelCommit,1800,
1138,EcsCommandBufferCommit,464700,
1138,GasAndEventFinalize,52900,
1138,ReplicationProjection,544000,
1138,SnapshotHashMetrics,400,
1138,EgressPublish,15417900,
1139,IngressCapture,5700,
1139,DecodeAndCanonicalize,200,
1139,ApplyInputs,257000,
1139,ProcessorPlan,31400,
1139,CrossWorldPrepare,500,
1139,NativeJobBarrier,200,
1139,CommitDecision,200,
1139,VoxelCommit,500,
1139,EcsCommandBufferCommit,73000,
1139,GasAndEventFinalize,23000,
1139,ReplicationProjection,123900,
1139,SnapshotHashMetrics,400,
1139,EgressPublish,13171000,
1140,IngressCapture,4000,
1140,DecodeAndCanonicalize,200,
1140,ApplyInputs,340100,
1140,ProcessorPlan,52400,
1140,CrossWorldPrepare,1300,
1140,NativeJobBarrier,400,
1140,CommitDecision,500,
1140,VoxelCommit,1100,
1140,EcsCommandBufferCommit,112100,
1140,GasAndEventFinalize,42400,
1140,ReplicationProjection,236700,
1140,SnapshotHashMetrics,1000,
1140,EgressPublish,15449200,
1141,IngressCapture,4300,
1141,DecodeAndCanonicalize,200,
1141,ApplyInputs,197000,
1141,ProcessorPlan,33700,
1141,CrossWorldPrepare,500,
1141,NativeJobBarrier,400,
1141,CommitDecision,100,
1141,VoxelCommit,500,
1141,EcsCommandBufferCommit,74100,
1141,GasAndEventFinalize,26700,
1141,ReplicationProjection,133300,
1141,SnapshotHashMetrics,300,
1141,EgressPublish,12044300,
1142,IngressCapture,3700,
1142,DecodeAndCanonicalize,200,
1142,ApplyInputs,457900,
1142,ProcessorPlan,36400,
1142,CrossWorldPrepare,700,
1142,NativeJobBarrier,400,
1142,CommitDecision,400,
1142,VoxelCommit,2200,
1142,EcsCommandBufferCommit,100600,
1142,GasAndEventFinalize,51100,
1142,ReplicationProjection,148000,
1142,SnapshotHashMetrics,300,
1142,EgressPublish,13107800,
1143,IngressCapture,3900,
1143,DecodeAndCanonicalize,200,
1143,ApplyInputs,218200,
1143,ProcessorPlan,46200,
1143,CrossWorldPrepare,1200,
1143,NativeJobBarrier,100,
1143,CommitDecision,200,
1143,VoxelCommit,1100,
1143,EcsCommandBufferCommit,94400,
1143,GasAndEventFinalize,27500,
1143,ReplicationProjection,138800,
1143,SnapshotHashMetrics,200,
1143,EgressPublish,10508900,
1144,IngressCapture,4100,
1144,DecodeAndCanonicalize,100,
1144,ApplyInputs,217700,
1144,ProcessorPlan,35300,
1144,CrossWorldPrepare,400,
1144,NativeJobBarrier,200,
1144,CommitDecision,700,
1144,VoxelCommit,900,
1144,EcsCommandBufferCommit,89000,
1144,GasAndEventFinalize,23400,
1144,ReplicationProjection,133000,
1144,SnapshotHashMetrics,400,
1144,EgressPublish,11055500,
1145,IngressCapture,6300,
1145,DecodeAndCanonicalize,200,
1145,ApplyInputs,316700,
1145,ProcessorPlan,47200,
1145,CrossWorldPrepare,800,
1145,NativeJobBarrier,200,
1145,CommitDecision,300,
1145,VoxelCommit,2200,
1145,EcsCommandBufferCommit,156800,
1145,GasAndEventFinalize,38400,
1145,ReplicationProjection,193600,
1145,SnapshotHashMetrics,500,
1145,EgressPublish,12451300,
1146,IngressCapture,4400,
1146,DecodeAndCanonicalize,200,
1146,ApplyInputs,166100,
1146,ProcessorPlan,34800,
1146,CrossWorldPrepare,400,
1146,NativeJobBarrier,100,
1146,CommitDecision,200,
1146,VoxelCommit,900,
1146,EcsCommandBufferCommit,72200,
1146,GasAndEventFinalize,23300,
1146,ReplicationProjection,123800,
1146,SnapshotHashMetrics,100,
1146,EgressPublish,10348200,
1147,IngressCapture,2300,
1147,DecodeAndCanonicalize,200,
1147,ApplyInputs,169800,
1147,ProcessorPlan,31500,
1147,CrossWorldPrepare,300,
1147,NativeJobBarrier,300,
1147,CommitDecision,200,
1147,VoxelCommit,500,
1147,EcsCommandBufferCommit,69000,
1147,GasAndEventFinalize,21300,
1147,ReplicationProjection,124100,
1147,SnapshotHashMetrics,500,
1147,EgressPublish,9619200,
1148,IngressCapture,3500,
1148,DecodeAndCanonicalize,100,
1148,ApplyInputs,276500,
1148,ProcessorPlan,68600,
1148,CrossWorldPrepare,800,
1148,NativeJobBarrier,200,
1148,CommitDecision,200,
1148,VoxelCommit,500,
1148,EcsCommandBufferCommit,80000,
1148,GasAndEventFinalize,19300,
1148,ReplicationProjection,127800,
1148,SnapshotHashMetrics,400,
1148,EgressPublish,9790800,
1149,IngressCapture,3400,
1149,DecodeAndCanonicalize,200,
1149,ApplyInputs,198500,
1149,ProcessorPlan,29400,
1149,CrossWorldPrepare,400,
1149,NativeJobBarrier,100,
1149,CommitDecision,200,
1149,VoxelCommit,700,
1149,EcsCommandBufferCommit,61900,
1149,GasAndEventFinalize,19400,
1149,ReplicationProjection,119200,
1149,SnapshotHashMetrics,300,
1149,EgressPublish,9462900,
1150,IngressCapture,3900,
1150,DecodeAndCanonicalize,200,
1150,ApplyInputs,374600,
1150,ProcessorPlan,29200,
1150,CrossWorldPrepare,500,
1150,NativeJobBarrier,300,
1150,CommitDecision,400,
1150,VoxelCommit,500,
1150,EcsCommandBufferCommit,60800,
1150,GasAndEventFinalize,31700,
1150,ReplicationProjection,150000,
1150,SnapshotHashMetrics,400,
1150,EgressPublish,8298400,
1151,IngressCapture,3300,
1151,DecodeAndCanonicalize,200,
1151,ApplyInputs,155500,
1151,ProcessorPlan,28100,
1151,CrossWorldPrepare,500,
1151,NativeJobBarrier,300,
1151,CommitDecision,200,
1151,VoxelCommit,400,
1151,EcsCommandBufferCommit,69200,
1151,GasAndEventFinalize,23000,
1151,ReplicationProjection,135000,
1151,SnapshotHashMetrics,300,
1151,EgressPublish,8137500,
1152,IngressCapture,2700,
1152,DecodeAndCanonicalize,100,
1152,ApplyInputs,180600,
1152,ProcessorPlan,28900,
1152,CrossWorldPrepare,400,
1152,NativeJobBarrier,200,
1152,CommitDecision,200,
1152,VoxelCommit,400,
1152,EcsCommandBufferCommit,58500,
1152,GasAndEventFinalize,17100,
1152,ReplicationProjection,110400,
1152,SnapshotHashMetrics,200,
1152,EgressPublish,8296400,
1153,IngressCapture,2900,
1153,DecodeAndCanonicalize,200,
1153,ApplyInputs,183700,
1153,ProcessorPlan,32400,
1153,CrossWorldPrepare,500,
1153,NativeJobBarrier,200,
1153,CommitDecision,100,
1153,VoxelCommit,1000,
1153,EcsCommandBufferCommit,87600,
1153,GasAndEventFinalize,27900,
1153,ReplicationProjection,122900,
1153,SnapshotHashMetrics,300,
1153,EgressPublish,8857200,
1154,IngressCapture,2900,
1154,DecodeAndCanonicalize,200,
1154,ApplyInputs,294200,
1154,ProcessorPlan,51600,
1154,CrossWorldPrepare,700,
1154,NativeJobBarrier,200,
1154,CommitDecision,400,
1154,VoxelCommit,800,
1154,EcsCommandBufferCommit,84200,
1154,GasAndEventFinalize,25600,
1154,ReplicationProjection,196300,
1154,SnapshotHashMetrics,400,
1154,EgressPublish,10386000,
1155,IngressCapture,3200,
1155,DecodeAndCanonicalize,100,
1155,ApplyInputs,185700,
1155,ProcessorPlan,29100,
1155,CrossWorldPrepare,1300,
1155,NativeJobBarrier,200,
1155,CommitDecision,200,
1155,VoxelCommit,500,
1155,EcsCommandBufferCommit,53000,
1155,GasAndEventFinalize,17700,
1155,ReplicationProjection,109000,
1155,SnapshotHashMetrics,200,
1155,EgressPublish,7883700,
1156,IngressCapture,4700,
1156,DecodeAndCanonicalize,100,
1156,ApplyInputs,204100,
1156,ProcessorPlan,33600,
1156,CrossWorldPrepare,400,
1156,NativeJobBarrier,200,
1156,CommitDecision,200,
1156,VoxelCommit,1400,
1156,EcsCommandBufferCommit,90400,
1156,GasAndEventFinalize,29400,
1156,ReplicationProjection,122500,
1156,SnapshotHashMetrics,200,
1156,EgressPublish,9114700,
1157,IngressCapture,3600,
1157,DecodeAndCanonicalize,200,
1157,ApplyInputs,206700,
1157,ProcessorPlan,28200,
1157,CrossWorldPrepare,300,
1157,NativeJobBarrier,100,
1157,CommitDecision,200,
1157,VoxelCommit,500,
1157,EcsCommandBufferCommit,67000,
1157,GasAndEventFinalize,19200,
1157,ReplicationProjection,113300,
1157,SnapshotHashMetrics,300,
1157,EgressPublish,8390200,
1158,IngressCapture,2300,
1158,DecodeAndCanonicalize,200,
1158,ApplyInputs,195300,
1158,ProcessorPlan,64300,
1158,CrossWorldPrepare,500,
1158,NativeJobBarrier,200,
1158,CommitDecision,100,
1158,VoxelCommit,500,
1158,EcsCommandBufferCommit,54600,
1158,GasAndEventFinalize,32200,
1158,ReplicationProjection,116000,
1158,SnapshotHashMetrics,300,
1158,EgressPublish,9320600,
1159,IngressCapture,2700,
1159,DecodeAndCanonicalize,200,
1159,ApplyInputs,247300,
1159,ProcessorPlan,38300,
1159,CrossWorldPrepare,400,
1159,NativeJobBarrier,200,
1159,CommitDecision,200,
1159,VoxelCommit,800,
1159,EcsCommandBufferCommit,66800,
1159,GasAndEventFinalize,24100,
1159,ReplicationProjection,182800,
1159,SnapshotHashMetrics,500,
1159,EgressPublish,11231600,
1160,IngressCapture,3000,
1160,DecodeAndCanonicalize,100,
1160,ApplyInputs,161300,
1160,ProcessorPlan,28300,
1160,CrossWorldPrepare,400,
1160,NativeJobBarrier,100,
1160,CommitDecision,100,
1160,VoxelCommit,500,
1160,EcsCommandBufferCommit,59500,
1160,GasAndEventFinalize,19000,
1160,ReplicationProjection,109900,
1160,SnapshotHashMetrics,300,
1160,EgressPublish,8380400,
1161,IngressCapture,4000,
1161,DecodeAndCanonicalize,200,
1161,ApplyInputs,166500,
1161,ProcessorPlan,31300,
1161,CrossWorldPrepare,800,
1161,NativeJobBarrier,200,
1161,CommitDecision,100,
1161,VoxelCommit,900,
1161,EcsCommandBufferCommit,59900,
1161,GasAndEventFinalize,20200,
1161,ReplicationProjection,875400,
1161,SnapshotHashMetrics,300,
1161,EgressPublish,8462600,
1162,IngressCapture,3600,
1162,DecodeAndCanonicalize,100,
1162,ApplyInputs,170200,
1162,ProcessorPlan,30600,
1162,CrossWorldPrepare,300,
1162,NativeJobBarrier,100,
1162,CommitDecision,200,
1162,VoxelCommit,600,
1162,EcsCommandBufferCommit,57000,
1162,GasAndEventFinalize,17600,
1162,ReplicationProjection,115600,
1162,SnapshotHashMetrics,300,
1162,EgressPublish,8501500,
1163,IngressCapture,4000,
1163,DecodeAndCanonicalize,200,
1163,ApplyInputs,168700,
1163,ProcessorPlan,30500,
1163,CrossWorldPrepare,300,
1163,NativeJobBarrier,200,
1163,CommitDecision,200,
1163,VoxelCommit,500,
1163,EcsCommandBufferCommit,70600,
1163,GasAndEventFinalize,18600,
1163,ReplicationProjection,115300,
1163,SnapshotHashMetrics,800,
1163,EgressPublish,7945200,
1164,IngressCapture,8700,
1164,DecodeAndCanonicalize,200,
1164,ApplyInputs,202700,
1164,ProcessorPlan,30400,
1164,CrossWorldPrepare,600,
1164,NativeJobBarrier,200,
1164,CommitDecision,100,
1164,VoxelCommit,400,
1164,EcsCommandBufferCommit,65100,
1164,GasAndEventFinalize,22900,
1164,ReplicationProjection,118700,
1164,SnapshotHashMetrics,500,
1164,EgressPublish,9193700,
1165,IngressCapture,4300,
1165,DecodeAndCanonicalize,200,
1165,ApplyInputs,274400,
1165,ProcessorPlan,37800,
1165,CrossWorldPrepare,500,
1165,NativeJobBarrier,200,
1165,CommitDecision,400,
1165,VoxelCommit,700,
1165,EcsCommandBufferCommit,553900,
1165,GasAndEventFinalize,54500,
1165,ReplicationProjection,489000,
1165,SnapshotHashMetrics,400,
1165,EgressPublish,10761300,
1166,IngressCapture,4500,
1166,DecodeAndCanonicalize,200,
1166,ApplyInputs,383600,
1166,ProcessorPlan,118600,
1166,CrossWorldPrepare,700,
1166,NativeJobBarrier,200,
1166,CommitDecision,300,
1166,VoxelCommit,900,
1166,EcsCommandBufferCommit,96600,
1166,GasAndEventFinalize,49100,
1166,ReplicationProjection,196300,
1166,SnapshotHashMetrics,400,
1166,EgressPublish,10444600,
1167,IngressCapture,4000,
1167,DecodeAndCanonicalize,200,
1167,ApplyInputs,333100,
1167,ProcessorPlan,44900,
1167,CrossWorldPrepare,500,
1167,NativeJobBarrier,1300,
1167,CommitDecision,500,
1167,VoxelCommit,1100,
1167,EcsCommandBufferCommit,101800,
1167,GasAndEventFinalize,39100,
1167,ReplicationProjection,154400,
1167,SnapshotHashMetrics,500,
1167,EgressPublish,10676700,
1168,IngressCapture,3600,
1168,DecodeAndCanonicalize,200,
1168,ApplyInputs,182500,
1168,ProcessorPlan,57000,
1168,CrossWorldPrepare,500,
1168,NativeJobBarrier,100,
1168,CommitDecision,200,
1168,VoxelCommit,1300,
1168,EcsCommandBufferCommit,85300,
1168,GasAndEventFinalize,29500,
1168,ReplicationProjection,139100,
1168,SnapshotHashMetrics,400,
1168,EgressPublish,10636000,
1169,IngressCapture,3400,
1169,DecodeAndCanonicalize,200,
1169,ApplyInputs,212300,
1169,ProcessorPlan,41200,
1169,CrossWorldPrepare,1000,
1169,NativeJobBarrier,100,
1169,CommitDecision,300,
1169,VoxelCommit,2300,
1169,EcsCommandBufferCommit,130200,
1169,GasAndEventFinalize,36300,
1169,ReplicationProjection,150300,
1169,SnapshotHashMetrics,400,
1169,EgressPublish,12441400,
1170,IngressCapture,4500,
1170,DecodeAndCanonicalize,200,
1170,ApplyInputs,330700,
1170,ProcessorPlan,37000,
1170,CrossWorldPrepare,300,
1170,NativeJobBarrier,200,
1170,CommitDecision,200,
1170,VoxelCommit,500,
1170,EcsCommandBufferCommit,751200,
1170,GasAndEventFinalize,70200,
1170,ReplicationProjection,684800,
1170,SnapshotHashMetrics,300,
1170,EgressPublish,13052000,
1171,IngressCapture,4600,
1171,DecodeAndCanonicalize,200,
1171,ApplyInputs,311500,
1171,ProcessorPlan,39600,
1171,CrossWorldPrepare,400,
1171,NativeJobBarrier,500,
1171,CommitDecision,500,
1171,VoxelCommit,600,
1171,EcsCommandBufferCommit,79000,
1171,GasAndEventFinalize,22900,
1171,ReplicationProjection,134800,
1171,SnapshotHashMetrics,100,
1171,EgressPublish,13768700,
1172,IngressCapture,4100,
1172,DecodeAndCanonicalize,100,
1172,ApplyInputs,231400,
1172,ProcessorPlan,36800,
1172,CrossWorldPrepare,600,
1172,NativeJobBarrier,200,
1172,CommitDecision,400,
1172,VoxelCommit,1600,
1172,EcsCommandBufferCommit,103900,
1172,GasAndEventFinalize,31200,
1172,ReplicationProjection,184600,
1172,SnapshotHashMetrics,600,
1172,EgressPublish,14804000,
1173,IngressCapture,4600,
1173,DecodeAndCanonicalize,100,
1173,ApplyInputs,217600,
1173,ProcessorPlan,33500,
1173,CrossWorldPrepare,700,
1173,NativeJobBarrier,200,
1173,CommitDecision,400,
1173,VoxelCommit,1400,
1173,EcsCommandBufferCommit,88700,
1173,GasAndEventFinalize,31800,
1173,ReplicationProjection,131800,
1173,SnapshotHashMetrics,200,
1173,EgressPublish,13749000,
1174,IngressCapture,6300,
1174,DecodeAndCanonicalize,200,
1174,ApplyInputs,697900,
1174,ProcessorPlan,128700,
1174,CrossWorldPrepare,800,
1174,NativeJobBarrier,200,
1174,CommitDecision,300,
1174,VoxelCommit,1500,
1174,EcsCommandBufferCommit,217800,
1174,GasAndEventFinalize,136300,
1174,ReplicationProjection,451600,
1174,SnapshotHashMetrics,300,
1174,EgressPublish,11220400,
1175,IngressCapture,4600,
1175,DecodeAndCanonicalize,100,
1175,ApplyInputs,228600,
1175,ProcessorPlan,36400,
1175,CrossWorldPrepare,600,
1175,NativeJobBarrier,100,
1175,CommitDecision,500,
1175,VoxelCommit,1000,
1175,EcsCommandBufferCommit,98100,
1175,GasAndEventFinalize,28900,
1175,ReplicationProjection,142600,
1175,SnapshotHashMetrics,200,
1175,EgressPublish,16119300,
1176,IngressCapture,3400,
1176,DecodeAndCanonicalize,200,
1176,ApplyInputs,208100,
1176,ProcessorPlan,32800,
1176,CrossWorldPrepare,300,
1176,NativeJobBarrier,200,
1176,CommitDecision,200,
1176,VoxelCommit,600,
1176,EcsCommandBufferCommit,95300,
1176,GasAndEventFinalize,27500,
1176,ReplicationProjection,149200,
1176,SnapshotHashMetrics,100,
1176,EgressPublish,13066100,
1177,IngressCapture,3600,
1177,DecodeAndCanonicalize,100,
1177,ApplyInputs,242300,
1177,ProcessorPlan,42200,
1177,CrossWorldPrepare,800,
1177,NativeJobBarrier,300,
1177,CommitDecision,500,
1177,VoxelCommit,1300,
1177,EcsCommandBufferCommit,143700,
1177,GasAndEventFinalize,52300,
1177,ReplicationProjection,183100,
1177,SnapshotHashMetrics,400,
1177,EgressPublish,13398400,
1178,IngressCapture,6200,
1178,DecodeAndCanonicalize,100,
1178,ApplyInputs,311200,
1178,ProcessorPlan,84000,
1178,CrossWorldPrepare,1600,
1178,NativeJobBarrier,100,
1178,CommitDecision,300,
1178,VoxelCommit,1400,
1178,EcsCommandBufferCommit,169000,
1178,GasAndEventFinalize,51200,
1178,ReplicationProjection,179400,
1178,SnapshotHashMetrics,600,
1178,EgressPublish,14821800,
1179,IngressCapture,4200,
1179,DecodeAndCanonicalize,200,
1179,ApplyInputs,529000,
1179,ProcessorPlan,55700,
1179,CrossWorldPrepare,600,
1179,NativeJobBarrier,500,
1179,CommitDecision,700,
1179,VoxelCommit,1100,
1179,EcsCommandBufferCommit,1668300,
1179,GasAndEventFinalize,129300,
1179,ReplicationProjection,325700,
1179,SnapshotHashMetrics,1000,
1179,EgressPublish,18212000,
1180,IngressCapture,7000,
1180,DecodeAndCanonicalize,200,
1180,ApplyInputs,303300,
1180,ProcessorPlan,51200,
1180,CrossWorldPrepare,1000,
1180,NativeJobBarrier,200,
1180,CommitDecision,400,
1180,VoxelCommit,1400,
1180,EcsCommandBufferCommit,145000,
1180,GasAndEventFinalize,45200,
1180,ReplicationProjection,278300,
1180,SnapshotHashMetrics,800,
1180,EgressPublish,17580600,
1181,IngressCapture,6000,
1181,DecodeAndCanonicalize,200,
1181,ApplyInputs,417700,
1181,ProcessorPlan,59900,
1181,CrossWorldPrepare,1200,
1181,NativeJobBarrier,500,
1181,CommitDecision,300,
1181,VoxelCommit,1400,
1181,EcsCommandBufferCommit,130200,
1181,GasAndEventFinalize,71100,
1181,ReplicationProjection,275600,
1181,SnapshotHashMetrics,600,
1181,EgressPublish,19081600,
1182,IngressCapture,7500,
1182,DecodeAndCanonicalize,300,
1182,ApplyInputs,789600,
1182,ProcessorPlan,52100,
1182,CrossWorldPrepare,500,
1182,NativeJobBarrier,300,
1182,CommitDecision,300,
1182,VoxelCommit,1300,
1182,EcsCommandBufferCommit,106900,
1182,GasAndEventFinalize,62100,
1182,ReplicationProjection,242800,
1182,SnapshotHashMetrics,700,
1182,EgressPublish,15650900,
1183,IngressCapture,3600,
1183,DecodeAndCanonicalize,200,
1183,ApplyInputs,169300,
1183,ProcessorPlan,32100,
1183,CrossWorldPrepare,400,
1183,NativeJobBarrier,200,
1183,CommitDecision,500,
1183,VoxelCommit,700,
1183,EcsCommandBufferCommit,81400,
1183,GasAndEventFinalize,25800,
1183,ReplicationProjection,131700,
1183,SnapshotHashMetrics,400,
1183,EgressPublish,14675700,
1184,IngressCapture,4400,
1184,DecodeAndCanonicalize,300,
1184,ApplyInputs,307500,
1184,ProcessorPlan,46600,
1184,CrossWorldPrepare,700,
1184,NativeJobBarrier,400,
1184,CommitDecision,600,
1184,VoxelCommit,900,
1184,EcsCommandBufferCommit,97400,
1184,GasAndEventFinalize,33200,
1184,ReplicationProjection,228400,
1184,SnapshotHashMetrics,500,
1184,EgressPublish,15950300,
1185,IngressCapture,3700,
1185,DecodeAndCanonicalize,300,
1185,ApplyInputs,208900,
1185,ProcessorPlan,34700,
1185,CrossWorldPrepare,500,
1185,NativeJobBarrier,200,
1185,CommitDecision,200,
1185,VoxelCommit,800,
1185,EcsCommandBufferCommit,92900,
1185,GasAndEventFinalize,29000,
1185,ReplicationProjection,128000,
1185,SnapshotHashMetrics,300,
1185,EgressPublish,15459800,
1186,IngressCapture,4700,
1186,DecodeAndCanonicalize,300,
1186,ApplyInputs,221500,
1186,ProcessorPlan,36200,
1186,CrossWorldPrepare,400,
1186,NativeJobBarrier,200,
1186,CommitDecision,200,
1186,VoxelCommit,500,
1186,EcsCommandBufferCommit,93200,
1186,GasAndEventFinalize,29100,
1186,ReplicationProjection,133300,
1186,SnapshotHashMetrics,100,
1186,EgressPublish,13979500,
1187,IngressCapture,6100,
1187,DecodeAndCanonicalize,200,
1187,ApplyInputs,397800,
1187,ProcessorPlan,58500,
1187,CrossWorldPrepare,800,
1187,NativeJobBarrier,300,
1187,CommitDecision,600,
1187,VoxelCommit,1100,
1187,EcsCommandBufferCommit,142300,
1187,GasAndEventFinalize,46800,
1187,ReplicationProjection,274300,
1187,SnapshotHashMetrics,1300,
1187,EgressPublish,17291100,
1188,IngressCapture,4200,
1188,DecodeAndCanonicalize,200,
1188,ApplyInputs,223600,
1188,ProcessorPlan,39300,
1188,CrossWorldPrepare,1000,
1188,NativeJobBarrier,200,
1188,CommitDecision,600,
1188,VoxelCommit,500,
1188,EcsCommandBufferCommit,100100,
1188,GasAndEventFinalize,27400,
1188,ReplicationProjection,126900,
1188,SnapshotHashMetrics,500,
1188,EgressPublish,16476300,
1189,IngressCapture,9400,
1189,DecodeAndCanonicalize,400,
1189,ApplyInputs,369200,
1189,ProcessorPlan,46900,
1189,CrossWorldPrepare,400,
1189,NativeJobBarrier,200,
1189,CommitDecision,100,
1189,VoxelCommit,1600,
1189,EcsCommandBufferCommit,111500,
1189,GasAndEventFinalize,37000,
1189,ReplicationProjection,224100,
1189,SnapshotHashMetrics,900,
1189,EgressPublish,15265300,
1190,IngressCapture,4100,
1190,DecodeAndCanonicalize,300,
1190,ApplyInputs,389600,
1190,ProcessorPlan,121100,
1190,CrossWorldPrepare,700,
1190,NativeJobBarrier,400,
1190,CommitDecision,100,
1190,VoxelCommit,1100,
1190,EcsCommandBufferCommit,122400,
1190,GasAndEventFinalize,64400,
1190,ReplicationProjection,207400,
1190,SnapshotHashMetrics,200,
1190,EgressPublish,16422800,
1191,IngressCapture,4700,
1191,DecodeAndCanonicalize,200,
1191,ApplyInputs,279100,
1191,ProcessorPlan,39700,
1191,CrossWorldPrepare,500,
1191,NativeJobBarrier,200,
1191,CommitDecision,300,
1191,VoxelCommit,1100,
1191,EcsCommandBufferCommit,101900,
1191,GasAndEventFinalize,34600,
1191,ReplicationProjection,135800,
1191,SnapshotHashMetrics,300,
1191,EgressPublish,17033700,
1192,IngressCapture,4300,
1192,DecodeAndCanonicalize,200,
1192,ApplyInputs,235100,
1192,ProcessorPlan,34800,
1192,CrossWorldPrepare,400,
1192,NativeJobBarrier,200,
1192,CommitDecision,100,
1192,VoxelCommit,1100,
1192,EcsCommandBufferCommit,98800,
1192,GasAndEventFinalize,30000,
1192,ReplicationProjection,135600,
1192,SnapshotHashMetrics,200,
1192,EgressPublish,14056800,
1193,IngressCapture,4900,
1193,DecodeAndCanonicalize,200,
1193,ApplyInputs,266200,
1193,ProcessorPlan,49100,
1193,CrossWorldPrepare,700,
1193,NativeJobBarrier,200,
1193,CommitDecision,600,
1193,VoxelCommit,1300,
1193,EcsCommandBufferCommit,112700,
1193,GasAndEventFinalize,33200,
1193,ReplicationProjection,192300,
1193,SnapshotHashMetrics,500,
1193,EgressPublish,16075700,
1194,IngressCapture,4700,
1194,DecodeAndCanonicalize,100,
1194,ApplyInputs,392400,
1194,ProcessorPlan,42500,
1194,CrossWorldPrepare,1100,
1194,NativeJobBarrier,300,
1194,CommitDecision,400,
1194,VoxelCommit,1100,
1194,EcsCommandBufferCommit,132400,
1194,GasAndEventFinalize,33300,
1194,ReplicationProjection,144400,
1194,SnapshotHashMetrics,400,
1194,EgressPublish,13618700,
1195,IngressCapture,4100,
1195,DecodeAndCanonicalize,300,
1195,ApplyInputs,323500,
1195,ProcessorPlan,46800,
1195,CrossWorldPrepare,600,
1195,NativeJobBarrier,400,
1195,CommitDecision,1300,
1195,VoxelCommit,1400,
1195,EcsCommandBufferCommit,184900,
1195,GasAndEventFinalize,42700,
1195,ReplicationProjection,187300,
1195,SnapshotHashMetrics,900,
1195,EgressPublish,18651600,
1196,IngressCapture,3100,
1196,DecodeAndCanonicalize,200,
1196,ApplyInputs,195000,
1196,ProcessorPlan,36500,
1196,CrossWorldPrepare,500,
1196,NativeJobBarrier,300,
1196,CommitDecision,700,
1196,VoxelCommit,1100,
1196,EcsCommandBufferCommit,100600,
1196,GasAndEventFinalize,30700,
1196,ReplicationProjection,132200,
1196,SnapshotHashMetrics,400,
1196,EgressPublish,17050000,
1197,IngressCapture,5000,
1197,DecodeAndCanonicalize,200,
1197,ApplyInputs,236700,
1197,ProcessorPlan,39500,
1197,CrossWorldPrepare,600,
1197,NativeJobBarrier,200,
1197,CommitDecision,200,
1197,VoxelCommit,1500,
1197,EcsCommandBufferCommit,115600,
1197,GasAndEventFinalize,30700,
1197,ReplicationProjection,143800,
1197,SnapshotHashMetrics,200,
1197,EgressPublish,16246900,
1198,IngressCapture,4000,
1198,DecodeAndCanonicalize,200,
1198,ApplyInputs,381800,
1198,ProcessorPlan,130700,
1198,CrossWorldPrepare,900,
1198,NativeJobBarrier,200,
1198,CommitDecision,400,
1198,VoxelCommit,800,
1198,EcsCommandBufferCommit,127300,
1198,GasAndEventFinalize,59800,
1198,ReplicationProjection,212200,
1198,SnapshotHashMetrics,800,
1198,EgressPublish,17207900,
1199,IngressCapture,3100,
1199,DecodeAndCanonicalize,200,
1199,ApplyInputs,295200,
1199,ProcessorPlan,46300,
1199,CrossWorldPrepare,500,
1199,NativeJobBarrier,200,
1199,CommitDecision,400,
1199,VoxelCommit,1600,
1199,EcsCommandBufferCommit,103300,
1199,GasAndEventFinalize,34600,
1199,ReplicationProjection,198300,
1199,SnapshotHashMetrics,600,
1199,EgressPublish,15607400,
1200,IngressCapture,5000,
1200,DecodeAndCanonicalize,300,
1200,ApplyInputs,346400,
1200,ProcessorPlan,50800,
1200,CrossWorldPrepare,800,
1200,NativeJobBarrier,500,
1200,CommitDecision,800,
1200,VoxelCommit,1500,
1200,EcsCommandBufferCommit,130700,
1200,GasAndEventFinalize,39200,
1200,ReplicationProjection,197600,
1200,SnapshotHashMetrics,600,
1200,EgressPublish,18501900,
1201,IngressCapture,4800,
1201,DecodeAndCanonicalize,400,
1201,ApplyInputs,17500,
1201,ProcessorPlan,152400,
1201,CrossWorldPrepare,900,
1201,NativeJobBarrier,800,
1201,CommitDecision,400,
1201,VoxelCommit,1800,
1201,EcsCommandBufferCommit,161400,
1201,GasAndEventFinalize,63300,
1201,ReplicationProjection,200200,
1201,SnapshotHashMetrics,900,
1201,EgressPublish,16330300,
1202,IngressCapture,5500,
1202,DecodeAndCanonicalize,200,
1202,ApplyInputs,388500,
1202,ProcessorPlan,1266300,
1202,CrossWorldPrepare,1200,
1202,NativeJobBarrier,400,
1202,CommitDecision,500,
1202,VoxelCommit,1500,
1202,EcsCommandBufferCommit,141700,
1202,GasAndEventFinalize,44500,
1202,ReplicationProjection,203800,
1202,SnapshotHashMetrics,500,
1202,EgressPublish,15730400,
1203,IngressCapture,6200,
1203,DecodeAndCanonicalize,300,
1203,ApplyInputs,306700,
1203,ProcessorPlan,58100,
1203,CrossWorldPrepare,500,
1203,NativeJobBarrier,200,
1203,CommitDecision,200,
1203,VoxelCommit,800,
1203,EcsCommandBufferCommit,117600,
1203,GasAndEventFinalize,39000,
1203,ReplicationProjection,212300,
1203,SnapshotHashMetrics,800,
1203,EgressPublish,16203600,
1204,IngressCapture,3900,
1204,DecodeAndCanonicalize,200,
1204,ApplyInputs,218700,
1204,ProcessorPlan,31100,
1204,CrossWorldPrepare,400,
1204,NativeJobBarrier,300,
1204,CommitDecision,200,
1204,VoxelCommit,700,
1204,EcsCommandBufferCommit,82300,
1204,GasAndEventFinalize,25500,
1204,ReplicationProjection,122400,
1204,SnapshotHashMetrics,300,
1204,EgressPublish,13475200,
1205,IngressCapture,4600,
1205,DecodeAndCanonicalize,200,
1205,ApplyInputs,263400,
1205,ProcessorPlan,34800,
1205,CrossWorldPrepare,400,
1205,NativeJobBarrier,100,
1205,CommitDecision,500,
1205,VoxelCommit,700,
1205,EcsCommandBufferCommit,97000,
1205,GasAndEventFinalize,31000,
1205,ReplicationProjection,135100,
1205,SnapshotHashMetrics,300,
1205,EgressPublish,13089400,
1206,IngressCapture,4600,
1206,DecodeAndCanonicalize,1400,
1206,ApplyInputs,771500,
1206,ProcessorPlan,168400,
1206,CrossWorldPrepare,1600,
1206,NativeJobBarrier,200,
1206,CommitDecision,400,
1206,VoxelCommit,1300,
1206,EcsCommandBufferCommit,154100,
1206,GasAndEventFinalize,78000,
1206,ReplicationProjection,239900,
1206,SnapshotHashMetrics,400,
1206,EgressPublish,14164300,
1207,IngressCapture,5200,
1207,DecodeAndCanonicalize,200,
1207,ApplyInputs,384900,
1207,ProcessorPlan,52900,
1207,CrossWorldPrepare,800,
1207,NativeJobBarrier,400,
1207,CommitDecision,800,
1207,VoxelCommit,1400,
1207,EcsCommandBufferCommit,130100,
1207,GasAndEventFinalize,41900,
1207,ReplicationProjection,204500,
1207,SnapshotHashMetrics,200,
1207,EgressPublish,16683500,
1208,IngressCapture,3900,
1208,DecodeAndCanonicalize,200,
1208,ApplyInputs,265200,
1208,ProcessorPlan,44800,
1208,CrossWorldPrepare,600,
1208,NativeJobBarrier,300,
1208,CommitDecision,200,
1208,VoxelCommit,1000,
1208,EcsCommandBufferCommit,96300,
1208,GasAndEventFinalize,34700,
1208,ReplicationProjection,200300,
1208,SnapshotHashMetrics,800,
1208,EgressPublish,15419300,
1209,IngressCapture,3900,
1209,DecodeAndCanonicalize,300,
1209,ApplyInputs,272700,
1209,ProcessorPlan,51200,
1209,CrossWorldPrepare,1000,
1209,NativeJobBarrier,300,
1209,CommitDecision,300,
1209,VoxelCommit,1100,
1209,EcsCommandBufferCommit,104900,
1209,GasAndEventFinalize,27600,
1209,ReplicationProjection,226400,
1209,SnapshotHashMetrics,300,
1209,EgressPublish,11079900,
1210,IngressCapture,3700,
1210,DecodeAndCanonicalize,300,
1210,ApplyInputs,267100,
1210,ProcessorPlan,56000,
1210,CrossWorldPrepare,800,
1210,NativeJobBarrier,200,
1210,CommitDecision,1000,
1210,VoxelCommit,1500,
1210,EcsCommandBufferCommit,110900,
1210,GasAndEventFinalize,38000,
1210,ReplicationProjection,192600,
1210,SnapshotHashMetrics,500,
1210,EgressPublish,15677200,
1211,IngressCapture,6200,
1211,DecodeAndCanonicalize,300,
1211,ApplyInputs,420200,
1211,ProcessorPlan,53000,
1211,CrossWorldPrepare,700,
1211,NativeJobBarrier,200,
1211,CommitDecision,500,
1211,VoxelCommit,1100,
1211,EcsCommandBufferCommit,119900,
1211,GasAndEventFinalize,41000,
1211,ReplicationProjection,214700,
1211,SnapshotHashMetrics,600,
1211,EgressPublish,14363300,
1212,IngressCapture,3900,
1212,DecodeAndCanonicalize,200,
1212,ApplyInputs,278700,
1212,ProcessorPlan,50600,
1212,CrossWorldPrepare,600,
1212,NativeJobBarrier,200,
1212,CommitDecision,200,
1212,VoxelCommit,1200,
1212,EcsCommandBufferCommit,154500,
1212,GasAndEventFinalize,36000,
1212,ReplicationProjection,194700,
1212,SnapshotHashMetrics,400,
1212,EgressPublish,15154400,
1213,IngressCapture,2700,
1213,DecodeAndCanonicalize,200,
1213,ApplyInputs,270000,
1213,ProcessorPlan,38500,
1213,CrossWorldPrepare,600,
1213,NativeJobBarrier,300,
1213,CommitDecision,200,
1213,VoxelCommit,700,
1213,EcsCommandBufferCommit,84200,
1213,GasAndEventFinalize,27200,
1213,ReplicationProjection,160600,
1213,SnapshotHashMetrics,400,
1213,EgressPublish,12029700,
1214,IngressCapture,3400,
1214,DecodeAndCanonicalize,100,
1214,ApplyInputs,395700,
1214,ProcessorPlan,31500,
1214,CrossWorldPrepare,300,
1214,NativeJobBarrier,200,
1214,CommitDecision,200,
1214,VoxelCommit,800,
1214,EcsCommandBufferCommit,78100,
1214,GasAndEventFinalize,38100,
1214,ReplicationProjection,122300,
1214,SnapshotHashMetrics,200,
1214,EgressPublish,10925700,
1215,IngressCapture,4100,
1215,DecodeAndCanonicalize,200,
1215,ApplyInputs,230800,
1215,ProcessorPlan,50800,
1215,CrossWorldPrepare,1000,
1215,NativeJobBarrier,200,
1215,CommitDecision,300,
1215,VoxelCommit,700,
1215,EcsCommandBufferCommit,104600,
1215,GasAndEventFinalize,36800,
1215,ReplicationProjection,178700,
1215,SnapshotHashMetrics,900,
1215,EgressPublish,12670600,
1216,IngressCapture,3300,
1216,DecodeAndCanonicalize,200,
1216,ApplyInputs,308300,
1216,ProcessorPlan,50400,
1216,CrossWorldPrepare,400,
1216,NativeJobBarrier,200,
1216,CommitDecision,200,
1216,VoxelCommit,800,
1216,EcsCommandBufferCommit,89700,
1216,GasAndEventFinalize,28600,
1216,ReplicationProjection,201900,
1216,SnapshotHashMetrics,700,
1216,EgressPublish,12150600,
1217,IngressCapture,3700,
1217,DecodeAndCanonicalize,200,
1217,ApplyInputs,214000,
1217,ProcessorPlan,40900,
1217,CrossWorldPrepare,900,
1217,NativeJobBarrier,200,
1217,CommitDecision,200,
1217,VoxelCommit,800,
1217,EcsCommandBufferCommit,92900,
1217,GasAndEventFinalize,30900,
1217,ReplicationProjection,134900,
1217,SnapshotHashMetrics,200,
1217,EgressPublish,13478000,
1218,IngressCapture,3800,
1218,DecodeAndCanonicalize,200,
1218,ApplyInputs,207600,
1218,ProcessorPlan,29400,
1218,CrossWorldPrepare,400,
1218,NativeJobBarrier,200,
1218,CommitDecision,200,
1218,VoxelCommit,400,
1218,EcsCommandBufferCommit,67500,
1218,GasAndEventFinalize,21700,
1218,ReplicationProjection,112500,
1218,SnapshotHashMetrics,100,
1218,EgressPublish,12639000,
1219,IngressCapture,4500,
1219,DecodeAndCanonicalize,200,
1219,ApplyInputs,264700,
1219,ProcessorPlan,39600,
1219,CrossWorldPrepare,400,
1219,NativeJobBarrier,100,
1219,CommitDecision,400,
1219,VoxelCommit,900,
1219,EcsCommandBufferCommit,147100,
1219,GasAndEventFinalize,39700,
1219,ReplicationProjection,132900,
1219,SnapshotHashMetrics,400,
1219,EgressPublish,10634100,
1220,IngressCapture,2900,
1220,DecodeAndCanonicalize,200,
1220,ApplyInputs,177100,
1220,ProcessorPlan,34400,
1220,CrossWorldPrepare,400,
1220,NativeJobBarrier,200,
1220,CommitDecision,200,
1220,VoxelCommit,600,
1220,EcsCommandBufferCommit,80900,
1220,GasAndEventFinalize,27500,
1220,ReplicationProjection,120900,
1220,SnapshotHashMetrics,100,
1220,EgressPublish,9500700,
1221,IngressCapture,3400,
1221,DecodeAndCanonicalize,300,
1221,ApplyInputs,216500,
1221,ProcessorPlan,36400,
1221,CrossWorldPrepare,500,
1221,NativeJobBarrier,100,
1221,CommitDecision,200,
1221,VoxelCommit,1200,
1221,EcsCommandBufferCommit,102700,
1221,GasAndEventFinalize,36400,
1221,ReplicationProjection,131200,
1221,SnapshotHashMetrics,400,
1221,EgressPublish,10219100,
1222,IngressCapture,4500,
1222,DecodeAndCanonicalize,300,
1222,ApplyInputs,408200,
1222,ProcessorPlan,153000,
1222,CrossWorldPrepare,1000,
1222,NativeJobBarrier,300,
1222,CommitDecision,300,
1222,VoxelCommit,2000,
1222,EcsCommandBufferCommit,146800,
1222,GasAndEventFinalize,69500,
1222,ReplicationProjection,218400,
1222,SnapshotHashMetrics,1600,
1222,EgressPublish,10234900,
1223,IngressCapture,3900,
1223,DecodeAndCanonicalize,100,
1223,ApplyInputs,316300,
1223,ProcessorPlan,35500,
1223,CrossWorldPrepare,500,
1223,NativeJobBarrier,200,
1223,CommitDecision,200,
1223,VoxelCommit,1200,
1223,EcsCommandBufferCommit,458400,
1223,GasAndEventFinalize,44600,
1223,ReplicationProjection,434000,
1223,SnapshotHashMetrics,300,
1223,EgressPublish,14297200,
1224,IngressCapture,3800,
1224,DecodeAndCanonicalize,100,
1224,ApplyInputs,226200,
1224,ProcessorPlan,33400,
1224,CrossWorldPrepare,500,
1224,NativeJobBarrier,200,
1224,CommitDecision,300,
1224,VoxelCommit,800,
1224,EcsCommandBufferCommit,97500,
1224,GasAndEventFinalize,30200,
1224,ReplicationProjection,123700,
1224,SnapshotHashMetrics,200,
1224,EgressPublish,12564300,
1225,IngressCapture,2900,
1225,DecodeAndCanonicalize,200,
1225,ApplyInputs,198100,
1225,ProcessorPlan,38200,
1225,CrossWorldPrepare,400,
1225,NativeJobBarrier,400,
1225,CommitDecision,400,
1225,VoxelCommit,700,
1225,EcsCommandBufferCommit,104700,
1225,GasAndEventFinalize,21700,
1225,ReplicationProjection,122000,
1225,SnapshotHashMetrics,200,
1225,EgressPublish,13781900,
1226,IngressCapture,12300,
1226,DecodeAndCanonicalize,400,
1226,ApplyInputs,335000,
1226,ProcessorPlan,59700,
1226,CrossWorldPrepare,1000,
1226,NativeJobBarrier,300,
1226,CommitDecision,300,
1226,VoxelCommit,1300,
1226,EcsCommandBufferCommit,146500,
1226,GasAndEventFinalize,38600,
1226,ReplicationProjection,238400,
1226,SnapshotHashMetrics,400,
1226,EgressPublish,12695100,
1227,IngressCapture,4200,
1227,DecodeAndCanonicalize,300,
1227,ApplyInputs,382300,
1227,ProcessorPlan,52400,
1227,CrossWorldPrepare,400,
1227,NativeJobBarrier,500,
1227,CommitDecision,200,
1227,VoxelCommit,800,
1227,EcsCommandBufferCommit,104200,
1227,GasAndEventFinalize,36500,
1227,ReplicationProjection,218800,
1227,SnapshotHashMetrics,600,
1227,EgressPublish,13860400,
1228,IngressCapture,5700,
1228,DecodeAndCanonicalize,100,
1228,ApplyInputs,200600,
1228,ProcessorPlan,33500,
1228,CrossWorldPrepare,800,
1228,NativeJobBarrier,500,
1228,CommitDecision,400,
1228,VoxelCommit,1300,
1228,EcsCommandBufferCommit,124400,
1228,GasAndEventFinalize,36500,
1228,ReplicationProjection,139200,
1228,SnapshotHashMetrics,200,
1228,EgressPublish,11822300,
1229,IngressCapture,4700,
1229,DecodeAndCanonicalize,200,
1229,ApplyInputs,265000,
1229,ProcessorPlan,34200,
1229,CrossWorldPrepare,300,
1229,NativeJobBarrier,100,
1229,CommitDecision,300,
1229,VoxelCommit,1300,
1229,EcsCommandBufferCommit,113000,
1229,GasAndEventFinalize,43700,
1229,ReplicationProjection,1018100,
1229,SnapshotHashMetrics,600,
1229,EgressPublish,11323300,
1230,IngressCapture,3200,
1230,DecodeAndCanonicalize,200,
1230,ApplyInputs,455800,
1230,ProcessorPlan,32800,
1230,CrossWorldPrepare,400,
1230,NativeJobBarrier,200,
1230,CommitDecision,200,
1230,VoxelCommit,700,
1230,EcsCommandBufferCommit,84400,
1230,GasAndEventFinalize,40300,
1230,ReplicationProjection,125000,
1230,SnapshotHashMetrics,300,
1230,EgressPublish,13419800,
1231,IngressCapture,4500,
1231,DecodeAndCanonicalize,500,
1231,ApplyInputs,285600,
1231,ProcessorPlan,65500,
1231,CrossWorldPrepare,1000,
1231,NativeJobBarrier,300,
1231,CommitDecision,300,
1231,VoxelCommit,1000,
1231,EcsCommandBufferCommit,190600,
1231,GasAndEventFinalize,49700,
1231,ReplicationProjection,209200,
1231,SnapshotHashMetrics,400,
1231,EgressPublish,16883500,
1232,IngressCapture,4200,
1232,DecodeAndCanonicalize,200,
1232,ApplyInputs,217100,
1232,ProcessorPlan,92400,
1232,CrossWorldPrepare,900,
1232,NativeJobBarrier,200,
1232,CommitDecision,400,
1232,VoxelCommit,1200,
1232,EcsCommandBufferCommit,110800,
1232,GasAndEventFinalize,36500,
1232,ReplicationProjection,170300,
1232,SnapshotHashMetrics,500,
1232,EgressPublish,12334900,
1233,IngressCapture,4900,
1233,DecodeAndCanonicalize,100,
1233,ApplyInputs,246900,
1233,ProcessorPlan,31800,
1233,CrossWorldPrepare,500,
1233,NativeJobBarrier,200,
1233,CommitDecision,200,
1233,VoxelCommit,500,
1233,EcsCommandBufferCommit,71200,
1233,GasAndEventFinalize,23900,
1233,ReplicationProjection,112800,
1233,SnapshotHashMetrics,400,
1233,EgressPublish,10768300,
1234,IngressCapture,4000,
1234,DecodeAndCanonicalize,200,
1234,ApplyInputs,261700,
1234,ProcessorPlan,34700,
1234,CrossWorldPrepare,700,
1234,NativeJobBarrier,200,
1234,CommitDecision,200,
1234,VoxelCommit,900,
1234,EcsCommandBufferCommit,125900,
1234,GasAndEventFinalize,34800,
1234,ReplicationProjection,130900,
1234,SnapshotHashMetrics,500,
1234,EgressPublish,12459800,
1235,IngressCapture,4900,
1235,DecodeAndCanonicalize,200,
1235,ApplyInputs,268200,
1235,ProcessorPlan,41200,
1235,CrossWorldPrepare,900,
1235,NativeJobBarrier,300,
1235,CommitDecision,300,
1235,VoxelCommit,600,
1235,EcsCommandBufferCommit,108200,
1235,GasAndEventFinalize,36500,
1235,ReplicationProjection,128900,
1235,SnapshotHashMetrics,200,
1235,EgressPublish,12806000,
1236,IngressCapture,4000,
1236,DecodeAndCanonicalize,100,
1236,ApplyInputs,277400,
1236,ProcessorPlan,43300,
1236,CrossWorldPrepare,700,
1236,NativeJobBarrier,100,
1236,CommitDecision,200,
1236,VoxelCommit,1000,
1236,EcsCommandBufferCommit,482300,
1236,GasAndEventFinalize,40500,
1236,ReplicationProjection,411600,
1236,SnapshotHashMetrics,200,
1236,EgressPublish,15028900,
1237,IngressCapture,4500,
1237,DecodeAndCanonicalize,200,
1237,ApplyInputs,255100,
1237,ProcessorPlan,50400,
1237,CrossWorldPrepare,800,
1237,NativeJobBarrier,300,
1237,CommitDecision,200,
1237,VoxelCommit,700,
1237,EcsCommandBufferCommit,125600,
1237,GasAndEventFinalize,38300,
1237,ReplicationProjection,251700,
1237,SnapshotHashMetrics,700,
1237,EgressPublish,16046700,
1238,IngressCapture,2800,
1238,DecodeAndCanonicalize,200,
1238,ApplyInputs,397500,
1238,ProcessorPlan,29800,
1238,CrossWorldPrepare,400,
1238,NativeJobBarrier,100,
1238,CommitDecision,200,
1238,VoxelCommit,600,
1238,EcsCommandBufferCommit,71800,
1238,GasAndEventFinalize,36800,
1238,ReplicationProjection,125000,
1238,SnapshotHashMetrics,300,
1238,EgressPublish,15545900,
1239,IngressCapture,4400,
1239,DecodeAndCanonicalize,100,
1239,ApplyInputs,241900,
1239,ProcessorPlan,33800,
1239,CrossWorldPrepare,600,
1239,NativeJobBarrier,100,
1239,CommitDecision,700,
1239,VoxelCommit,400,
1239,EcsCommandBufferCommit,93000,
1239,GasAndEventFinalize,28200,
1239,ReplicationProjection,119100,
1239,SnapshotHashMetrics,600,
1239,EgressPublish,12755400,
1240,IngressCapture,5000,
1240,DecodeAndCanonicalize,200,
1240,ApplyInputs,348400,
1240,ProcessorPlan,82900,
1240,CrossWorldPrepare,1500,
1240,NativeJobBarrier,200,
1240,CommitDecision,1100,
1240,VoxelCommit,2300,
1240,EcsCommandBufferCommit,191200,
1240,GasAndEventFinalize,92800,
1240,ReplicationProjection,280900,
1240,SnapshotHashMetrics,400,
1240,EgressPublish,14044700,
1241,IngressCapture,5900,
1241,DecodeAndCanonicalize,200,
1241,ApplyInputs,371800,
1241,ProcessorPlan,49800,
1241,CrossWorldPrepare,700,
1241,NativeJobBarrier,500,
1241,CommitDecision,600,
1241,VoxelCommit,1000,
1241,EcsCommandBufferCommit,102300,
1241,GasAndEventFinalize,33400,
1241,ReplicationProjection,206200,
1241,SnapshotHashMetrics,1100,
1241,EgressPublish,13259100,
1242,IngressCapture,3700,
1242,DecodeAndCanonicalize,200,
1242,ApplyInputs,373500,
1242,ProcessorPlan,47400,
1242,CrossWorldPrepare,800,
1242,NativeJobBarrier,400,
1242,CommitDecision,400,
1242,VoxelCommit,1600,
1242,EcsCommandBufferCommit,163100,
1242,GasAndEventFinalize,44100,
1242,ReplicationProjection,224600,
1242,SnapshotHashMetrics,400,
1242,EgressPublish,13854000,
1243,IngressCapture,3000,
1243,DecodeAndCanonicalize,200,
1243,ApplyInputs,222000,
1243,ProcessorPlan,35500,
1243,CrossWorldPrepare,400,
1243,NativeJobBarrier,200,
1243,CommitDecision,200,
1243,VoxelCommit,500,
1243,EcsCommandBufferCommit,80400,
1243,GasAndEventFinalize,24600,
1243,ReplicationProjection,128000,
1243,SnapshotHashMetrics,100,
1243,EgressPublish,12879500,
1244,IngressCapture,3000,
1244,DecodeAndCanonicalize,200,
1244,ApplyInputs,215900,
1244,ProcessorPlan,32100,
1244,CrossWorldPrepare,500,
1244,NativeJobBarrier,100,
1244,CommitDecision,200,
1244,VoxelCommit,600,
1244,EcsCommandBufferCommit,74800,
1244,GasAndEventFinalize,23300,
1244,ReplicationProjection,121800,
1244,SnapshotHashMetrics,200,
1244,EgressPublish,9590200,
1245,IngressCapture,4800,
1245,DecodeAndCanonicalize,300,
1245,ApplyInputs,475700,
1245,ProcessorPlan,128200,
1245,CrossWorldPrepare,800,
1245,NativeJobBarrier,200,
1245,CommitDecision,200,
1245,VoxelCommit,1300,
1245,EcsCommandBufferCommit,111900,
1245,GasAndEventFinalize,53600,
1245,ReplicationProjection,193400,
1245,SnapshotHashMetrics,500,
1245,EgressPublish,12092900,
1246,IngressCapture,3700,
1246,DecodeAndCanonicalize,200,
1246,ApplyInputs,289900,
1246,ProcessorPlan,57100,
1246,CrossWorldPrepare,700,
1246,NativeJobBarrier,200,
1246,CommitDecision,300,
1246,VoxelCommit,1000,
1246,EcsCommandBufferCommit,101400,
1246,GasAndEventFinalize,34000,
1246,ReplicationProjection,241400,
1246,SnapshotHashMetrics,500,
1246,EgressPublish,13723400,
1247,IngressCapture,3700,
1247,DecodeAndCanonicalize,200,
1247,ApplyInputs,212300,
1247,ProcessorPlan,36200,
1247,CrossWorldPrepare,500,
1247,NativeJobBarrier,200,
1247,CommitDecision,400,
1247,VoxelCommit,800,
1247,EcsCommandBufferCommit,134000,
1247,GasAndEventFinalize,42200,
1247,ReplicationProjection,176800,
1247,SnapshotHashMetrics,700,
1247,EgressPublish,11806500,
1248,IngressCapture,2800,
1248,DecodeAndCanonicalize,200,
1248,ApplyInputs,188600,
1248,ProcessorPlan,29800,
1248,CrossWorldPrepare,900,
1248,NativeJobBarrier,200,
1248,CommitDecision,100,
1248,VoxelCommit,700,
1248,EcsCommandBufferCommit,69800,
1248,GasAndEventFinalize,22900,
1248,ReplicationProjection,144400,
1248,SnapshotHashMetrics,500,
1248,EgressPublish,11817900,
1249,IngressCapture,3900,
1249,DecodeAndCanonicalize,200,
1249,ApplyInputs,205400,
1249,ProcessorPlan,31300,
1249,CrossWorldPrepare,400,
1249,NativeJobBarrier,100,
1249,CommitDecision,100,
1249,VoxelCommit,500,
1249,EcsCommandBufferCommit,67900,
1249,GasAndEventFinalize,22400,
1249,ReplicationProjection,120300,
1249,SnapshotHashMetrics,200,
1249,EgressPublish,11365400,
1250,IngressCapture,3200,
1250,DecodeAndCanonicalize,200,
1250,ApplyInputs,195000,
1250,ProcessorPlan,38800,
1250,CrossWorldPrepare,700,
1250,NativeJobBarrier,500,
1250,CommitDecision,300,
1250,VoxelCommit,900,
1250,EcsCommandBufferCommit,98600,
1250,GasAndEventFinalize,32300,
1250,ReplicationProjection,128600,
1250,SnapshotHashMetrics,200,
1250,EgressPublish,11137600,
1251,IngressCapture,3900,
1251,DecodeAndCanonicalize,200,
1251,ApplyInputs,286800,
1251,ProcessorPlan,45700,
1251,CrossWorldPrepare,500,
1251,NativeJobBarrier,100,
1251,CommitDecision,300,
1251,VoxelCommit,1200,
1251,EcsCommandBufferCommit,102800,
1251,GasAndEventFinalize,35500,
1251,ReplicationProjection,140500,
1251,SnapshotHashMetrics,300,
1251,EgressPublish,12358300,
1252,IngressCapture,3300,
1252,DecodeAndCanonicalize,100,
1252,ApplyInputs,189200,
1252,ProcessorPlan,29500,
1252,CrossWorldPrepare,400,
1252,NativeJobBarrier,100,
1252,CommitDecision,100,
1252,VoxelCommit,700,
1252,EcsCommandBufferCommit,74800,
1252,GasAndEventFinalize,23400,
1252,ReplicationProjection,127500,
1252,SnapshotHashMetrics,100,
1252,EgressPublish,13071300,
1253,IngressCapture,3500,
1253,DecodeAndCanonicalize,200,
1253,ApplyInputs,371900,
1253,ProcessorPlan,93800,
1253,CrossWorldPrepare,400,
1253,NativeJobBarrier,200,
1253,CommitDecision,100,
1253,VoxelCommit,900,
1253,EcsCommandBufferCommit,99300,
1253,GasAndEventFinalize,45000,
1253,ReplicationProjection,142200,
1253,SnapshotHashMetrics,300,
1253,EgressPublish,12827300,
1254,IngressCapture,3700,
1254,DecodeAndCanonicalize,100,
1254,ApplyInputs,214600,
1254,ProcessorPlan,38100,
1254,CrossWorldPrepare,600,
1254,NativeJobBarrier,300,
1254,CommitDecision,300,
1254,VoxelCommit,800,
1254,EcsCommandBufferCommit,77000,
1254,GasAndEventFinalize,24100,
1254,ReplicationProjection,126900,
1254,SnapshotHashMetrics,300,
1254,EgressPublish,9778700,
1255,IngressCapture,3300,
1255,DecodeAndCanonicalize,200,
1255,ApplyInputs,185200,
1255,ProcessorPlan,40200,
1255,CrossWorldPrepare,900,
1255,NativeJobBarrier,200,
1255,CommitDecision,400,
1255,VoxelCommit,700,
1255,EcsCommandBufferCommit,71300,
1255,GasAndEventFinalize,26600,
1255,ReplicationProjection,194800,
1255,SnapshotHashMetrics,300,
1255,EgressPublish,9962200,
1256,IngressCapture,4600,
1256,DecodeAndCanonicalize,200,
1256,ApplyInputs,273300,
1256,ProcessorPlan,95300,
1256,CrossWorldPrepare,1000,
1256,NativeJobBarrier,300,
1256,CommitDecision,1000,
1256,VoxelCommit,900,
1256,EcsCommandBufferCommit,151200,
1256,GasAndEventFinalize,1218500,
1256,ReplicationProjection,207900,
1256,SnapshotHashMetrics,300,
1256,EgressPublish,9787800,
1257,IngressCapture,2700,
1257,DecodeAndCanonicalize,200,
1257,ApplyInputs,177800,
1257,ProcessorPlan,35500,
1257,CrossWorldPrepare,400,
1257,NativeJobBarrier,200,
1257,CommitDecision,500,
1257,VoxelCommit,800,
1257,EcsCommandBufferCommit,78200,
1257,GasAndEventFinalize,22200,
1257,ReplicationProjection,127700,
1257,SnapshotHashMetrics,300,
1257,EgressPublish,11188500,
1258,IngressCapture,4400,
1258,DecodeAndCanonicalize,200,
1258,ApplyInputs,273200,
1258,ProcessorPlan,54900,
1258,CrossWorldPrepare,600,
1258,NativeJobBarrier,200,
1258,CommitDecision,200,
1258,VoxelCommit,800,
1258,EcsCommandBufferCommit,98900,
1258,GasAndEventFinalize,28400,
1258,ReplicationProjection,207600,
1258,SnapshotHashMetrics,400,
1258,EgressPublish,14202900,
1259,IngressCapture,4100,
1259,DecodeAndCanonicalize,200,
1259,ApplyInputs,284500,
1259,ProcessorPlan,43100,
1259,CrossWorldPrepare,400,
1259,NativeJobBarrier,200,
1259,CommitDecision,200,
1259,VoxelCommit,900,
1259,EcsCommandBufferCommit,97400,
1259,GasAndEventFinalize,33100,
1259,ReplicationProjection,194900,
1259,SnapshotHashMetrics,600,
1259,EgressPublish,11067400,
1260,IngressCapture,3400,
1260,DecodeAndCanonicalize,200,
1260,ApplyInputs,185100,
1260,ProcessorPlan,32700,
1260,CrossWorldPrepare,1200,
1260,NativeJobBarrier,200,
1260,CommitDecision,300,
1260,VoxelCommit,1100,
1260,EcsCommandBufferCommit,80400,
1260,GasAndEventFinalize,21800,
1260,ReplicationProjection,121100,
1260,SnapshotHashMetrics,300,
1260,EgressPublish,10580300,
1261,IngressCapture,3000,
1261,DecodeAndCanonicalize,200,
1261,ApplyInputs,348700,
1261,ProcessorPlan,46500,
1261,CrossWorldPrepare,500,
1261,NativeJobBarrier,100,
1261,CommitDecision,200,
1261,VoxelCommit,400,
1261,EcsCommandBufferCommit,59000,
1261,GasAndEventFinalize,28700,
1261,ReplicationProjection,122100,
1261,SnapshotHashMetrics,300,
1261,EgressPublish,10187600,
1262,IngressCapture,3200,
1262,DecodeAndCanonicalize,100,
1262,ApplyInputs,196500,
1262,ProcessorPlan,31200,
1262,CrossWorldPrepare,400,
1262,NativeJobBarrier,200,
1262,CommitDecision,300,
1262,VoxelCommit,400,
1262,EcsCommandBufferCommit,61400,
1262,GasAndEventFinalize,24100,
1262,ReplicationProjection,121600,
1262,SnapshotHashMetrics,100,
1262,EgressPublish,8311400,
1263,IngressCapture,2800,
1263,DecodeAndCanonicalize,100,
1263,ApplyInputs,207700,
1263,ProcessorPlan,45100,
1263,CrossWorldPrepare,700,
1263,NativeJobBarrier,200,
1263,CommitDecision,400,
1263,VoxelCommit,1300,
1263,EcsCommandBufferCommit,92900,
1263,GasAndEventFinalize,33700,
1263,ReplicationProjection,183900,
1263,SnapshotHashMetrics,400,
1263,EgressPublish,9659600,
1264,IngressCapture,2300,
1264,DecodeAndCanonicalize,200,
1264,ApplyInputs,174400,
1264,ProcessorPlan,31300,
1264,CrossWorldPrepare,400,
1264,NativeJobBarrier,200,
1264,CommitDecision,200,
1264,VoxelCommit,400,
1264,EcsCommandBufferCommit,57800,
1264,GasAndEventFinalize,19600,
1264,ReplicationProjection,121500,
1264,SnapshotHashMetrics,300,
1264,EgressPublish,8297500,
1265,IngressCapture,2800,
1265,DecodeAndCanonicalize,200,
1265,ApplyInputs,185800,
1265,ProcessorPlan,29400,
1265,CrossWorldPrepare,300,
1265,NativeJobBarrier,100,
1265,CommitDecision,200,
1265,VoxelCommit,500,
1265,EcsCommandBufferCommit,66300,
1265,GasAndEventFinalize,21800,
1265,ReplicationProjection,127600,
1265,SnapshotHashMetrics,200,
1265,EgressPublish,9826100,
1266,IngressCapture,4700,
1266,DecodeAndCanonicalize,300,
1266,ApplyInputs,250100,
1266,ProcessorPlan,53900,
1266,CrossWorldPrepare,800,
1266,NativeJobBarrier,200,
1266,CommitDecision,300,
1266,VoxelCommit,800,
1266,EcsCommandBufferCommit,183100,
1266,GasAndEventFinalize,34200,
1266,ReplicationProjection,249300,
1266,SnapshotHashMetrics,300,
1266,EgressPublish,10921800,
1267,IngressCapture,4100,
1267,DecodeAndCanonicalize,100,
1267,ApplyInputs,181500,
1267,ProcessorPlan,33900,
1267,CrossWorldPrepare,600,
1267,NativeJobBarrier,100,
1267,CommitDecision,100,
1267,VoxelCommit,600,
1267,EcsCommandBufferCommit,81100,
1267,GasAndEventFinalize,20600,
1267,ReplicationProjection,121200,
1267,SnapshotHashMetrics,300,
1267,EgressPublish,7587200,
1268,IngressCapture,3200,
1268,DecodeAndCanonicalize,100,
1268,ApplyInputs,170000,
1268,ProcessorPlan,32500,
1268,CrossWorldPrepare,600,
1268,NativeJobBarrier,200,
1268,CommitDecision,200,
1268,VoxelCommit,500,
1268,EcsCommandBufferCommit,131700,
1268,GasAndEventFinalize,44200,
1268,ReplicationProjection,151500,
1268,SnapshotHashMetrics,500,
1268,EgressPublish,10384300,
1269,IngressCapture,4500,
1269,DecodeAndCanonicalize,200,
1269,ApplyInputs,705800,
1269,ProcessorPlan,84700,
1269,CrossWorldPrepare,500,
1269,NativeJobBarrier,200,
1269,CommitDecision,300,
1269,VoxelCommit,800,
1269,EcsCommandBufferCommit,516700,
1269,GasAndEventFinalize,58000,
1269,ReplicationProjection,554200,
1269,SnapshotHashMetrics,600,
1269,EgressPublish,13382200,
1270,IngressCapture,3100,
1270,DecodeAndCanonicalize,200,
1270,ApplyInputs,339200,
1270,ProcessorPlan,46300,
1270,CrossWorldPrepare,700,
1270,NativeJobBarrier,100,
1270,CommitDecision,300,
1270,VoxelCommit,700,
1270,EcsCommandBufferCommit,85400,
1270,GasAndEventFinalize,25700,
1270,ReplicationProjection,135500,
1270,SnapshotHashMetrics,200,
1270,EgressPublish,13811000,
1271,IngressCapture,3300,
1271,DecodeAndCanonicalize,200,
1271,ApplyInputs,297300,
1271,ProcessorPlan,58300,
1271,CrossWorldPrepare,600,
1271,NativeJobBarrier,400,
1271,CommitDecision,300,
1271,VoxelCommit,1700,
1271,EcsCommandBufferCommit,115000,
1271,GasAndEventFinalize,38800,
1271,ReplicationProjection,164500,
1271,SnapshotHashMetrics,200,
1271,EgressPublish,13234400,
1272,IngressCapture,3600,
1272,DecodeAndCanonicalize,100,
1272,ApplyInputs,248500,
1272,ProcessorPlan,37100,
1272,CrossWorldPrepare,500,
1272,NativeJobBarrier,300,
1272,CommitDecision,300,
1272,VoxelCommit,1000,
1272,EcsCommandBufferCommit,96700,
1272,GasAndEventFinalize,29300,
1272,ReplicationProjection,150900,
1272,SnapshotHashMetrics,200,
1272,EgressPublish,12721300,
1273,IngressCapture,5500,
1273,DecodeAndCanonicalize,200,
1273,ApplyInputs,270200,
1273,ProcessorPlan,48400,
1273,CrossWorldPrepare,700,
1273,NativeJobBarrier,200,
1273,CommitDecision,200,
1273,VoxelCommit,800,
1273,EcsCommandBufferCommit,105600,
1273,GasAndEventFinalize,35600,
1273,ReplicationProjection,198500,
1273,SnapshotHashMetrics,400,
1273,EgressPublish,14640400,
1274,IngressCapture,4000,
1274,DecodeAndCanonicalize,200,
1274,ApplyInputs,191300,
1274,ProcessorPlan,31300,
1274,CrossWorldPrepare,400,
1274,NativeJobBarrier,100,
1274,CommitDecision,200,
1274,VoxelCommit,500,
1274,EcsCommandBufferCommit,80900,
1274,GasAndEventFinalize,31800,
1274,ReplicationProjection,133400,
1274,SnapshotHashMetrics,400,
1274,EgressPublish,10681800,
1275,IngressCapture,4200,
1275,DecodeAndCanonicalize,200,
1275,ApplyInputs,249600,
1275,ProcessorPlan,36300,
1275,CrossWorldPrepare,300,
1275,NativeJobBarrier,200,
1275,CommitDecision,200,
1275,VoxelCommit,900,
1275,EcsCommandBufferCommit,100800,
1275,GasAndEventFinalize,31000,
1275,ReplicationProjection,144300,
1275,SnapshotHashMetrics,100,
1275,EgressPublish,12087800,
1276,IngressCapture,5600,
1276,DecodeAndCanonicalize,200,
1276,ApplyInputs,297000,
1276,ProcessorPlan,64700,
1276,CrossWorldPrepare,1300,
1276,NativeJobBarrier,200,
1276,CommitDecision,500,
1276,VoxelCommit,900,
1276,EcsCommandBufferCommit,118500,
1276,GasAndEventFinalize,31200,
1276,ReplicationProjection,214300,
1276,SnapshotHashMetrics,700,
1276,EgressPublish,11427000,
1277,IngressCapture,2700,
1277,DecodeAndCanonicalize,200,
1277,ApplyInputs,344200,
1277,ProcessorPlan,42000,
1277,CrossWorldPrepare,700,
1277,NativeJobBarrier,200,
1277,CommitDecision,100,
1277,VoxelCommit,600,
1277,EcsCommandBufferCommit,79700,
1277,GasAndEventFinalize,37200,
1277,ReplicationProjection,135100,
1277,SnapshotHashMetrics,500,
1277,EgressPublish,10554500,
1278,IngressCapture,5000,
1278,DecodeAndCanonicalize,200,
1278,ApplyInputs,295500,
1278,ProcessorPlan,35700,
1278,CrossWorldPrepare,800,
1278,NativeJobBarrier,200,
1278,CommitDecision,100,
1278,VoxelCommit,1000,
1278,EcsCommandBufferCommit,650100,
1278,GasAndEventFinalize,95100,
1278,ReplicationProjection,3393600,
1278,SnapshotHashMetrics,1500,
1278,EgressPublish,15474400,
1279,IngressCapture,5300,
1279,DecodeAndCanonicalize,300,
1279,ApplyInputs,390000,
1279,ProcessorPlan,45700,
1279,CrossWorldPrepare,500,
1279,NativeJobBarrier,100,
1279,CommitDecision,200,
1279,VoxelCommit,1600,
1279,EcsCommandBufferCommit,106700,
1279,GasAndEventFinalize,27100,
1279,ReplicationProjection,146400,
1279,SnapshotHashMetrics,200,
1279,EgressPublish,10155200,
1280,IngressCapture,5200,
1280,DecodeAndCanonicalize,500,
1280,ApplyInputs,473600,
1280,ProcessorPlan,64700,
1280,CrossWorldPrepare,800,
1280,NativeJobBarrier,200,
1280,CommitDecision,500,
1280,VoxelCommit,1900,
1280,EcsCommandBufferCommit,228100,
1280,GasAndEventFinalize,69800,
1280,ReplicationProjection,276200,
1280,SnapshotHashMetrics,800,
1280,EgressPublish,15986000,
1281,IngressCapture,4500,
1281,DecodeAndCanonicalize,100,
1281,ApplyInputs,204900,
1281,ProcessorPlan,36600,
1281,CrossWorldPrepare,400,
1281,NativeJobBarrier,200,
1281,CommitDecision,600,
1281,VoxelCommit,1000,
1281,EcsCommandBufferCommit,122000,
1281,GasAndEventFinalize,36800,
1281,ReplicationProjection,151900,
1281,SnapshotHashMetrics,1000,
1281,EgressPublish,16049500,
1282,IngressCapture,6300,
1282,DecodeAndCanonicalize,2300,
1282,ApplyInputs,474800,
1282,ProcessorPlan,47300,
1282,CrossWorldPrepare,700,
1282,NativeJobBarrier,400,
1282,CommitDecision,300,
1282,VoxelCommit,1000,
1282,EcsCommandBufferCommit,129000,
1282,GasAndEventFinalize,42800,
1282,ReplicationProjection,230700,
1282,SnapshotHashMetrics,400,
1282,EgressPublish,15592400,
1283,IngressCapture,2900,
1283,DecodeAndCanonicalize,100,
1283,ApplyInputs,222100,
1283,ProcessorPlan,32900,
1283,CrossWorldPrepare,400,
1283,NativeJobBarrier,100,
1283,CommitDecision,600,
1283,VoxelCommit,800,
1283,EcsCommandBufferCommit,98200,
1283,GasAndEventFinalize,28900,
1283,ReplicationProjection,139100,
1283,SnapshotHashMetrics,100,
1283,EgressPublish,16492900,
1284,IngressCapture,7200,
1284,DecodeAndCanonicalize,300,
1284,ApplyInputs,400100,
1284,ProcessorPlan,62000,
1284,CrossWorldPrepare,900,
1284,NativeJobBarrier,300,
1284,CommitDecision,300,
1284,VoxelCommit,1700,
1284,EcsCommandBufferCommit,128000,
1284,GasAndEventFinalize,35200,
1284,ReplicationProjection,276200,
1284,SnapshotHashMetrics,300,
1284,EgressPublish,15134800,
1285,IngressCapture,5100,
1285,DecodeAndCanonicalize,300,
1285,ApplyInputs,472000,
1285,ProcessorPlan,169900,
1285,CrossWorldPrepare,1700,
1285,NativeJobBarrier,200,
1285,CommitDecision,800,
1285,VoxelCommit,1500,
1285,EcsCommandBufferCommit,166600,
1285,GasAndEventFinalize,114800,
1285,ReplicationProjection,188500,
1285,SnapshotHashMetrics,200,
1285,EgressPublish,14128700,
1286,IngressCapture,6400,
1286,DecodeAndCanonicalize,200,
1286,ApplyInputs,563700,
1286,ProcessorPlan,73900,
1286,CrossWorldPrepare,2000,
1286,NativeJobBarrier,200,
1286,CommitDecision,1000,
1286,VoxelCommit,1600,
1286,EcsCommandBufferCommit,198000,
1286,GasAndEventFinalize,70400,
1286,ReplicationProjection,360800,
1286,SnapshotHashMetrics,800,
1286,EgressPublish,18471700,
1287,IngressCapture,4600,
1287,DecodeAndCanonicalize,800,
1287,ApplyInputs,240100,
1287,ProcessorPlan,40000,
1287,CrossWorldPrepare,600,
1287,NativeJobBarrier,200,
1287,CommitDecision,200,
1287,VoxelCommit,1300,
1287,EcsCommandBufferCommit,111800,
1287,GasAndEventFinalize,34000,
1287,ReplicationProjection,145600,
1287,SnapshotHashMetrics,200,
1287,EgressPublish,15415300,
1288,IngressCapture,4000,
1288,DecodeAndCanonicalize,200,
1288,ApplyInputs,217200,
1288,ProcessorPlan,39200,
1288,CrossWorldPrepare,600,
1288,NativeJobBarrier,200,
1288,CommitDecision,700,
1288,VoxelCommit,900,
1288,EcsCommandBufferCommit,124000,
1288,GasAndEventFinalize,38800,
1288,ReplicationProjection,160200,
1288,SnapshotHashMetrics,500,
1288,EgressPublish,16181100,
1289,IngressCapture,4700,
1289,DecodeAndCanonicalize,100,
1289,ApplyInputs,236700,
1289,ProcessorPlan,33400,
1289,CrossWorldPrepare,400,
1289,NativeJobBarrier,400,
1289,CommitDecision,300,
1289,VoxelCommit,500,
1289,EcsCommandBufferCommit,84200,
1289,GasAndEventFinalize,24000,
1289,ReplicationProjection,202400,
1289,SnapshotHashMetrics,400,
1289,EgressPublish,12132700,
1290,IngressCapture,5500,
1290,DecodeAndCanonicalize,200,
1290,ApplyInputs,360800,
1290,ProcessorPlan,54800,
1290,CrossWorldPrepare,800,
1290,NativeJobBarrier,500,
1290,CommitDecision,200,
1290,VoxelCommit,900,
1290,EcsCommandBufferCommit,108700,
1290,GasAndEventFinalize,35500,
1290,ReplicationProjection,221000,
1290,SnapshotHashMetrics,1100,
1290,EgressPublish,15650100,
1291,IngressCapture,5900,
1291,DecodeAndCanonicalize,200,
1291,ApplyInputs,342200,
1291,ProcessorPlan,52100,
1291,CrossWorldPrepare,500,
1291,NativeJobBarrier,200,
1291,CommitDecision,600,
1291,VoxelCommit,1500,
1291,EcsCommandBufferCommit,148900,
1291,GasAndEventFinalize,44600,
1291,ReplicationProjection,248600,
1291,SnapshotHashMetrics,600,
1291,EgressPublish,18443900,
1292,IngressCapture,7700,
1292,DecodeAndCanonicalize,500,
1292,ApplyInputs,423500,
1292,ProcessorPlan,59200,
1292,CrossWorldPrepare,1000,
1292,NativeJobBarrier,300,
1292,CommitDecision,200,
1292,VoxelCommit,1200,
1292,EcsCommandBufferCommit,173000,
1292,GasAndEventFinalize,48900,
1292,ReplicationProjection,237200,
1292,SnapshotHashMetrics,800,
1292,EgressPublish,18796400,
1293,IngressCapture,4800,
1293,DecodeAndCanonicalize,200,
1293,ApplyInputs,404900,
1293,ProcessorPlan,158100,
1293,CrossWorldPrepare,700,
1293,NativeJobBarrier,200,
1293,CommitDecision,300,
1293,VoxelCommit,1600,
1293,EcsCommandBufferCommit,137000,
1293,GasAndEventFinalize,69300,
1293,ReplicationProjection,245800,
1293,SnapshotHashMetrics,600,
1293,EgressPublish,18649700,
1294,IngressCapture,4100,
1294,DecodeAndCanonicalize,200,
1294,ApplyInputs,321700,
1294,ProcessorPlan,50900,
1294,CrossWorldPrepare,500,
1294,NativeJobBarrier,200,
1294,CommitDecision,500,
1294,VoxelCommit,1100,
1294,EcsCommandBufferCommit,138500,
1294,GasAndEventFinalize,43800,
1294,ReplicationProjection,235400,
1294,SnapshotHashMetrics,700,
1294,EgressPublish,18172600,
1295,IngressCapture,4300,
1295,DecodeAndCanonicalize,200,
1295,ApplyInputs,280600,
1295,ProcessorPlan,61400,
1295,CrossWorldPrepare,700,
1295,NativeJobBarrier,500,
1295,CommitDecision,500,
1295,VoxelCommit,1400,
1295,EcsCommandBufferCommit,117500,
1295,GasAndEventFinalize,39900,
1295,ReplicationProjection,212900,
1295,SnapshotHashMetrics,400,
1295,EgressPublish,17960200,
1296,IngressCapture,4500,
1296,DecodeAndCanonicalize,100,
1296,ApplyInputs,48000,
1296,ProcessorPlan,131900,
1296,CrossWorldPrepare,600,
1296,NativeJobBarrier,13500,
1296,CommitDecision,900,
1296,VoxelCommit,1100,
1296,EcsCommandBufferCommit,133600,
1296,GasAndEventFinalize,43800,
1296,ReplicationProjection,222600,
1296,SnapshotHashMetrics,1000,
1296,EgressPublish,13719700,
1297,IngressCapture,5700,
1297,DecodeAndCanonicalize,500,
1297,ApplyInputs,351000,
1297,ProcessorPlan,71000,
1297,CrossWorldPrepare,900,
1297,NativeJobBarrier,300,
1297,CommitDecision,800,
1297,VoxelCommit,1500,
1297,EcsCommandBufferCommit,151700,
1297,GasAndEventFinalize,36400,
1297,ReplicationProjection,189800,
1297,SnapshotHashMetrics,300,
1297,EgressPublish,14076600,
1298,IngressCapture,3000,
1298,DecodeAndCanonicalize,200,
1298,ApplyInputs,193800,
1298,ProcessorPlan,33300,
1298,CrossWorldPrepare,400,
1298,NativeJobBarrier,200,
1298,CommitDecision,200,
1298,VoxelCommit,1000,
1298,EcsCommandBufferCommit,75400,
1298,GasAndEventFinalize,26700,
1298,ReplicationProjection,170900,
1298,SnapshotHashMetrics,400,
1298,EgressPublish,11360700,
1299,IngressCapture,3700,
1299,DecodeAndCanonicalize,100,
1299,ApplyInputs,193000,
1299,ProcessorPlan,33200,
1299,CrossWorldPrepare,800,
1299,NativeJobBarrier,200,
1299,CommitDecision,400,
1299,VoxelCommit,700,
1299,EcsCommandBufferCommit,95000,
1299,GasAndEventFinalize,30600,
1299,ReplicationProjection,142100,
1299,SnapshotHashMetrics,200,
1299,EgressPublish,12853200,
1300,IngressCapture,4600,
1300,DecodeAndCanonicalize,200,
1300,ApplyInputs,298900,
1300,ProcessorPlan,50100,
1300,CrossWorldPrepare,600,
1300,NativeJobBarrier,200,
1300,CommitDecision,200,
1300,VoxelCommit,800,
1300,EcsCommandBufferCommit,126100,
1300,GasAndEventFinalize,37300,
1300,ReplicationProjection,251500,
1300,SnapshotHashMetrics,600,
1300,EgressPublish,15228600,
1301,IngressCapture,3800,
1301,DecodeAndCanonicalize,200,
1301,ApplyInputs,391700,
1301,ProcessorPlan,46200,
1301,CrossWorldPrepare,500,
1301,NativeJobBarrier,200,
1301,CommitDecision,800,
1301,VoxelCommit,700,
1301,EcsCommandBufferCommit,83700,
1301,GasAndEventFinalize,40500,
1301,ReplicationProjection,141300,
1301,SnapshotHashMetrics,300,
1301,EgressPublish,11144100,
1302,IngressCapture,4500,
1302,DecodeAndCanonicalize,200,
1302,ApplyInputs,218400,
1302,ProcessorPlan,38500,
1302,CrossWorldPrepare,500,
1302,NativeJobBarrier,300,
1302,CommitDecision,100,
1302,VoxelCommit,700,
1302,EcsCommandBufferCommit,108400,
1302,GasAndEventFinalize,45900,
1302,ReplicationProjection,1217700,
1302,SnapshotHashMetrics,600,
1302,EgressPublish,14115800,
1303,IngressCapture,4000,
1303,DecodeAndCanonicalize,200,
1303,ApplyInputs,368700,
1303,ProcessorPlan,50400,
1303,CrossWorldPrepare,1800,
1303,NativeJobBarrier,200,
1303,CommitDecision,300,
1303,VoxelCommit,1000,
1303,EcsCommandBufferCommit,191900,
1303,GasAndEventFinalize,61300,
1303,ReplicationProjection,239000,
1303,SnapshotHashMetrics,900,
1303,EgressPublish,15407100,
1304,IngressCapture,4800,
1304,DecodeAndCanonicalize,300,
1304,ApplyInputs,263300,
1304,ProcessorPlan,46000,
1304,CrossWorldPrepare,500,
1304,NativeJobBarrier,200,
1304,CommitDecision,300,
1304,VoxelCommit,700,
1304,EcsCommandBufferCommit,98100,
1304,GasAndEventFinalize,31800,
1304,ReplicationProjection,232500,
1304,SnapshotHashMetrics,900,
1304,EgressPublish,11752000,
1305,IngressCapture,5400,
1305,DecodeAndCanonicalize,200,
1305,ApplyInputs,294300,
1305,ProcessorPlan,54900,
1305,CrossWorldPrepare,1000,
1305,NativeJobBarrier,400,
1305,CommitDecision,200,
1305,VoxelCommit,1200,
1305,EcsCommandBufferCommit,143600,
1305,GasAndEventFinalize,44200,
1305,ReplicationProjection,265700,
1305,SnapshotHashMetrics,700,
1305,EgressPublish,13780900,
1306,IngressCapture,5200,
1306,DecodeAndCanonicalize,200,
1306,ApplyInputs,325300,
1306,ProcessorPlan,52500,
1306,CrossWorldPrepare,700,
1306,NativeJobBarrier,200,
1306,CommitDecision,400,
1306,VoxelCommit,1100,
1306,EcsCommandBufferCommit,131300,
1306,GasAndEventFinalize,37100,
1306,ReplicationProjection,216500,
1306,SnapshotHashMetrics,200,
1306,EgressPublish,13814900,
1307,IngressCapture,3800,
1307,DecodeAndCanonicalize,100,
1307,ApplyInputs,186100,
1307,ProcessorPlan,32400,
1307,CrossWorldPrepare,500,
1307,NativeJobBarrier,100,
1307,CommitDecision,100,
1307,VoxelCommit,700,
1307,EcsCommandBufferCommit,82300,
1307,GasAndEventFinalize,23600,
1307,ReplicationProjection,129400,
1307,SnapshotHashMetrics,200,
1307,EgressPublish,11478600,
1308,IngressCapture,3100,
1308,DecodeAndCanonicalize,200,
1308,ApplyInputs,319200,
1308,ProcessorPlan,38200,
1308,CrossWorldPrepare,400,
1308,NativeJobBarrier,100,
1308,CommitDecision,400,
1308,VoxelCommit,800,
1308,EcsCommandBufferCommit,91600,
1308,GasAndEventFinalize,28600,
1308,ReplicationProjection,136500,
1308,SnapshotHashMetrics,700,
1308,EgressPublish,10955800,
1309,IngressCapture,3600,
1309,DecodeAndCanonicalize,100,
1309,ApplyInputs,393600,
1309,ProcessorPlan,52400,
1309,CrossWorldPrepare,500,
1309,NativeJobBarrier,700,
1309,CommitDecision,100,
1309,VoxelCommit,700,
1309,EcsCommandBufferCommit,81500,
1309,GasAndEventFinalize,38900,
1309,ReplicationProjection,139100,
1309,SnapshotHashMetrics,200,
1309,EgressPublish,9312400,
1310,IngressCapture,3700,
1310,DecodeAndCanonicalize,100,
1310,ApplyInputs,189100,
1310,ProcessorPlan,35700,
1310,CrossWorldPrepare,400,
1310,NativeJobBarrier,100,
1310,CommitDecision,200,
1310,VoxelCommit,900,
1310,EcsCommandBufferCommit,82900,
1310,GasAndEventFinalize,25300,
1310,ReplicationProjection,128900,
1310,SnapshotHashMetrics,100,
1310,EgressPublish,12753100,
1311,IngressCapture,4100,
1311,DecodeAndCanonicalize,200,
1311,ApplyInputs,331200,
1311,ProcessorPlan,37500,
1311,CrossWorldPrepare,500,
1311,NativeJobBarrier,200,
1311,CommitDecision,500,
1311,VoxelCommit,1200,
1311,EcsCommandBufferCommit,101400,
1311,GasAndEventFinalize,29400,
1311,ReplicationProjection,140200,
1311,SnapshotHashMetrics,200,
1311,EgressPublish,12710800,
1312,IngressCapture,3400,
1312,DecodeAndCanonicalize,100,
1312,ApplyInputs,231500,
1312,ProcessorPlan,39400,
1312,CrossWorldPrepare,1000,
1312,NativeJobBarrier,500,
1312,CommitDecision,400,
1312,VoxelCommit,1100,
1312,EcsCommandBufferCommit,109900,
1312,GasAndEventFinalize,27100,
1312,ReplicationProjection,138700,
1312,SnapshotHashMetrics,200,
1312,EgressPublish,10928300,
1313,IngressCapture,4000,
1313,DecodeAndCanonicalize,100,
1313,ApplyInputs,186500,
1313,ProcessorPlan,32500,
1313,CrossWorldPrepare,600,
1313,NativeJobBarrier,600,
1313,CommitDecision,200,
1313,VoxelCommit,500,
1313,EcsCommandBufferCommit,82400,
1313,GasAndEventFinalize,26200,
1313,ReplicationProjection,130500,
1313,SnapshotHashMetrics,100,
1313,EgressPublish,11542500,
1314,IngressCapture,4500,
1314,DecodeAndCanonicalize,200,
1314,ApplyInputs,392000,
1314,ProcessorPlan,55100,
1314,CrossWorldPrepare,900,
1314,NativeJobBarrier,200,
1314,CommitDecision,200,
1314,VoxelCommit,1100,
1314,EcsCommandBufferCommit,108000,
1314,GasAndEventFinalize,35200,
1314,ReplicationProjection,205300,
1314,SnapshotHashMetrics,400,
1314,EgressPublish,12924500,
1315,IngressCapture,2900,
1315,DecodeAndCanonicalize,200,
1315,ApplyInputs,171700,
1315,ProcessorPlan,65500,
1315,CrossWorldPrepare,900,
1315,NativeJobBarrier,200,
1315,CommitDecision,400,
1315,VoxelCommit,1000,
1315,EcsCommandBufferCommit,128200,
1315,GasAndEventFinalize,31600,
1315,ReplicationProjection,163200,
1315,SnapshotHashMetrics,400,
1315,EgressPublish,13451400,
1316,IngressCapture,4000,
1316,DecodeAndCanonicalize,200,
1316,ApplyInputs,315100,
1316,ProcessorPlan,47300,
1316,CrossWorldPrepare,400,
1316,NativeJobBarrier,200,
1316,CommitDecision,200,
1316,VoxelCommit,600,
1316,EcsCommandBufferCommit,97000,
1316,GasAndEventFinalize,32300,
1316,ReplicationProjection,216400,
1316,SnapshotHashMetrics,700,
1316,EgressPublish,14853400,
1317,IngressCapture,4000,
1317,DecodeAndCanonicalize,200,
1317,ApplyInputs,261200,
1317,ProcessorPlan,55700,
1317,CrossWorldPrepare,800,
1317,NativeJobBarrier,200,
1317,CommitDecision,200,
1317,VoxelCommit,1000,
1317,EcsCommandBufferCommit,117300,
1317,GasAndEventFinalize,41200,
1317,ReplicationProjection,229400,
1317,SnapshotHashMetrics,800,
1317,EgressPublish,14748700,
1318,IngressCapture,5000,
1318,DecodeAndCanonicalize,200,
1318,ApplyInputs,536900,
1318,ProcessorPlan,42500,
1318,CrossWorldPrepare,600,
1318,NativeJobBarrier,500,
1318,CommitDecision,600,
1318,VoxelCommit,700,
1318,EcsCommandBufferCommit,137900,
1318,GasAndEventFinalize,73400,
1318,ReplicationProjection,215300,
1318,SnapshotHashMetrics,900,
1318,EgressPublish,16541400,
1319,IngressCapture,3300,
1319,DecodeAndCanonicalize,100,
1319,ApplyInputs,230100,
1319,ProcessorPlan,38400,
1319,CrossWorldPrepare,500,
1319,NativeJobBarrier,400,
1319,CommitDecision,100,
1319,VoxelCommit,700,
1319,EcsCommandBufferCommit,77000,
1319,GasAndEventFinalize,25400,
1319,ReplicationProjection,134900,
1319,SnapshotHashMetrics,800,
1319,EgressPublish,11136900,
1320,IngressCapture,3800,
1320,DecodeAndCanonicalize,200,
1320,ApplyInputs,340300,
1320,ProcessorPlan,46500,
1320,CrossWorldPrepare,600,
1320,NativeJobBarrier,400,
1320,CommitDecision,200,
1320,VoxelCommit,600,
1320,EcsCommandBufferCommit,113200,
1320,GasAndEventFinalize,44200,
1320,ReplicationProjection,219300,
1320,SnapshotHashMetrics,500,
1320,EgressPublish,13180600,
1321,IngressCapture,5800,
1321,DecodeAndCanonicalize,200,
1321,ApplyInputs,625700,
1321,ProcessorPlan,80200,
1321,CrossWorldPrepare,1500,
1321,NativeJobBarrier,200,
1321,CommitDecision,500,
1321,VoxelCommit,900,
1321,EcsCommandBufferCommit,302400,
1321,GasAndEventFinalize,72100,
1321,ReplicationProjection,667400,
1321,SnapshotHashMetrics,500,
1321,EgressPublish,16079400,
1322,IngressCapture,4000,
1322,DecodeAndCanonicalize,200,
1322,ApplyInputs,353500,
1322,ProcessorPlan,52900,
1322,CrossWorldPrepare,400,
1322,NativeJobBarrier,400,
1322,CommitDecision,400,
1322,VoxelCommit,1400,
1322,EcsCommandBufferCommit,128800,
1322,GasAndEventFinalize,37000,
1322,ReplicationProjection,201100,
1322,SnapshotHashMetrics,1200,
1322,EgressPublish,11887500,
1323,IngressCapture,4400,
1323,DecodeAndCanonicalize,200,
1323,ApplyInputs,250400,
1323,ProcessorPlan,102500,
1323,CrossWorldPrepare,900,
1323,NativeJobBarrier,300,
1323,CommitDecision,200,
1323,VoxelCommit,1100,
1323,EcsCommandBufferCommit,131200,
1323,GasAndEventFinalize,39700,
1323,ReplicationProjection,205500,
1323,SnapshotHashMetrics,600,
1323,EgressPublish,15326600,
1324,IngressCapture,4800,
1324,DecodeAndCanonicalize,200,
1324,ApplyInputs,321500,
1324,ProcessorPlan,46600,
1324,CrossWorldPrepare,800,
1324,NativeJobBarrier,100,
1324,CommitDecision,200,
1324,VoxelCommit,700,
1324,EcsCommandBufferCommit,117300,
1324,GasAndEventFinalize,33500,
1324,ReplicationProjection,161900,
1324,SnapshotHashMetrics,400,
1324,EgressPublish,13733700,
1325,IngressCapture,3800,
1325,DecodeAndCanonicalize,300,
1325,ApplyInputs,229700,
1325,ProcessorPlan,56900,
1325,CrossWorldPrepare,700,
1325,NativeJobBarrier,300,
1325,CommitDecision,200,
1325,VoxelCommit,1000,
1325,EcsCommandBufferCommit,122800,
1325,GasAndEventFinalize,43900,
1325,ReplicationProjection,220100,
1325,SnapshotHashMetrics,1200,
1325,EgressPublish,15378100,
1326,IngressCapture,5400,
1326,DecodeAndCanonicalize,200,
1326,ApplyInputs,670500,
1326,ProcessorPlan,52600,
1326,CrossWorldPrepare,700,
1326,NativeJobBarrier,200,
1326,CommitDecision,200,
1326,VoxelCommit,900,
1326,EcsCommandBufferCommit,129900,
1326,GasAndEventFinalize,75000,
1326,ReplicationProjection,497200,
1326,SnapshotHashMetrics,800,
1326,EgressPublish,16648400,
1327,IngressCapture,7000,
1327,DecodeAndCanonicalize,300,
1327,ApplyInputs,380600,
1327,ProcessorPlan,46800,
1327,CrossWorldPrepare,600,
1327,NativeJobBarrier,400,
1327,CommitDecision,500,
1327,VoxelCommit,1500,
1327,EcsCommandBufferCommit,132800,
1327,GasAndEventFinalize,43200,
1327,ReplicationProjection,186800,
1327,SnapshotHashMetrics,600,
1327,EgressPublish,17945800,
1328,IngressCapture,4900,
1328,DecodeAndCanonicalize,200,
1328,ApplyInputs,259400,
1328,ProcessorPlan,37100,
1328,CrossWorldPrepare,600,
1328,NativeJobBarrier,100,
1328,CommitDecision,500,
1328,VoxelCommit,1000,
1328,EcsCommandBufferCommit,1792300,
1328,GasAndEventFinalize,53800,
1328,ReplicationProjection,183500,
1328,SnapshotHashMetrics,100,
1328,EgressPublish,16672900,
1329,IngressCapture,6500,
1329,DecodeAndCanonicalize,200,
1329,ApplyInputs,314000,
1329,ProcessorPlan,85000,
1329,CrossWorldPrepare,1100,
1329,NativeJobBarrier,200,
1329,CommitDecision,600,
1329,VoxelCommit,2900,
1329,EcsCommandBufferCommit,154900,
1329,GasAndEventFinalize,35500,
1329,ReplicationProjection,243700,
1329,SnapshotHashMetrics,700,
1329,EgressPublish,17138300,
1330,IngressCapture,4400,
1330,DecodeAndCanonicalize,200,
1330,ApplyInputs,224800,
1330,ProcessorPlan,33100,
1330,CrossWorldPrepare,300,
1330,NativeJobBarrier,100,
1330,CommitDecision,200,
1330,VoxelCommit,1000,
1330,EcsCommandBufferCommit,89000,
1330,GasAndEventFinalize,25900,
1330,ReplicationProjection,131600,
1330,SnapshotHashMetrics,200,
1330,EgressPublish,17326200,
1331,IngressCapture,5400,
1331,DecodeAndCanonicalize,200,
1331,ApplyInputs,344700,
1331,ProcessorPlan,66900,
1331,CrossWorldPrepare,600,
1331,NativeJobBarrier,200,
1331,CommitDecision,200,
1331,VoxelCommit,2300,
1331,EcsCommandBufferCommit,174100,
1331,GasAndEventFinalize,53400,
1331,ReplicationProjection,245100,
1331,SnapshotHashMetrics,1200,
1331,EgressPublish,13238300,
1332,IngressCapture,4400,
1332,DecodeAndCanonicalize,200,
1332,ApplyInputs,334500,
1332,ProcessorPlan,52100,
1332,CrossWorldPrepare,600,
1332,NativeJobBarrier,400,
1332,CommitDecision,200,
1332,VoxelCommit,1100,
1332,EcsCommandBufferCommit,116100,
1332,GasAndEventFinalize,41600,
1332,ReplicationProjection,237700,
1332,SnapshotHashMetrics,700,
1332,EgressPublish,14668600,
1333,IngressCapture,3500,
1333,DecodeAndCanonicalize,100,
1333,ApplyInputs,364000,
1333,ProcessorPlan,46900,
1333,CrossWorldPrepare,500,
1333,NativeJobBarrier,200,
1333,CommitDecision,100,
1333,VoxelCommit,700,
1333,EcsCommandBufferCommit,84600,
1333,GasAndEventFinalize,41100,
1333,ReplicationProjection,132100,
1333,SnapshotHashMetrics,300,
1333,EgressPublish,13290700,
1334,IngressCapture,2800,
1334,DecodeAndCanonicalize,200,
1334,ApplyInputs,177600,
1334,ProcessorPlan,30300,
1334,CrossWorldPrepare,300,
1334,NativeJobBarrier,100,
1334,CommitDecision,200,
1334,VoxelCommit,500,
1334,EcsCommandBufferCommit,81800,
1334,GasAndEventFinalize,26400,
1334,ReplicationProjection,123900,
1334,SnapshotHashMetrics,200,
1334,EgressPublish,10302700,
1335,IngressCapture,3700,
1335,DecodeAndCanonicalize,300,
1335,ApplyInputs,277200,
1335,ProcessorPlan,42000,
1335,CrossWorldPrepare,800,
1335,NativeJobBarrier,200,
1335,CommitDecision,200,
1335,VoxelCommit,1100,
1335,EcsCommandBufferCommit,117900,
1335,GasAndEventFinalize,45900,
1335,ReplicationProjection,246900,
1335,SnapshotHashMetrics,500,
1335,EgressPublish,15756600,
1336,IngressCapture,4500,
1336,DecodeAndCanonicalize,200,
1336,ApplyInputs,250300,
1336,ProcessorPlan,51400,
1336,CrossWorldPrepare,1100,
1336,NativeJobBarrier,200,
1336,CommitDecision,600,
1336,VoxelCommit,1200,
1336,EcsCommandBufferCommit,124100,
1336,GasAndEventFinalize,38100,
1336,ReplicationProjection,225300,
1336,SnapshotHashMetrics,500,
1336,EgressPublish,12228600,
1337,IngressCapture,3200,
1337,DecodeAndCanonicalize,200,
1337,ApplyInputs,336000,
1337,ProcessorPlan,36500,
1337,CrossWorldPrepare,800,
1337,NativeJobBarrier,300,
1337,CommitDecision,400,
1337,VoxelCommit,1000,
1337,EcsCommandBufferCommit,99500,
1337,GasAndEventFinalize,28800,
1337,ReplicationProjection,128600,
1337,SnapshotHashMetrics,300,
1337,EgressPublish,11090500,
1338,IngressCapture,4900,
1338,DecodeAndCanonicalize,200,
1338,ApplyInputs,420800,
1338,ProcessorPlan,58600,
1338,CrossWorldPrepare,900,
1338,NativeJobBarrier,500,
1338,CommitDecision,700,
1338,VoxelCommit,1600,
1338,EcsCommandBufferCommit,146500,
1338,GasAndEventFinalize,53200,
1338,ReplicationProjection,234500,
1338,SnapshotHashMetrics,1200,
1338,EgressPublish,17454600,
1339,IngressCapture,4400,
1339,DecodeAndCanonicalize,200,
1339,ApplyInputs,369800,
1339,ProcessorPlan,62500,
1339,CrossWorldPrepare,800,
1339,NativeJobBarrier,800,
1339,CommitDecision,600,
1339,VoxelCommit,900,
1339,EcsCommandBufferCommit,957700,
1339,GasAndEventFinalize,106900,
1339,ReplicationProjection,790700,
1339,SnapshotHashMetrics,900,
1339,EgressPublish,18766300,
1340,IngressCapture,12300,
1340,DecodeAndCanonicalize,300,
1340,ApplyInputs,465300,
1340,ProcessorPlan,47700,
1340,CrossWorldPrepare,400,
1340,NativeJobBarrier,200,
1340,CommitDecision,300,
1340,VoxelCommit,800,
1340,EcsCommandBufferCommit,134900,
1340,GasAndEventFinalize,46600,
1340,ReplicationProjection,213600,
1340,SnapshotHashMetrics,600,
1340,EgressPublish,16910300,
1341,IngressCapture,5000,
1341,DecodeAndCanonicalize,200,
1341,ApplyInputs,653500,
1341,ProcessorPlan,103100,
1341,CrossWorldPrepare,500,
1341,NativeJobBarrier,200,
1341,CommitDecision,400,
1341,VoxelCommit,900,
1341,EcsCommandBufferCommit,123000,
1341,GasAndEventFinalize,58100,
1341,ReplicationProjection,208900,
1341,SnapshotHashMetrics,800,
1341,EgressPublish,18286400,
1342,IngressCapture,5200,
1342,DecodeAndCanonicalize,200,
1342,ApplyInputs,331100,
1342,ProcessorPlan,65300,
1342,CrossWorldPrepare,600,
1342,NativeJobBarrier,500,
1342,CommitDecision,800,
1342,VoxelCommit,1600,
1342,EcsCommandBufferCommit,163000,
1342,GasAndEventFinalize,46700,
1342,ReplicationProjection,209700,
1342,SnapshotHashMetrics,800,
1342,EgressPublish,16923500,
1343,IngressCapture,3800,
1343,DecodeAndCanonicalize,200,
1343,ApplyInputs,353800,
1343,ProcessorPlan,51200,
1343,CrossWorldPrepare,1000,
1343,NativeJobBarrier,200,
1343,CommitDecision,500,
1343,VoxelCommit,1200,
1343,EcsCommandBufferCommit,159600,
1343,GasAndEventFinalize,46700,
1343,ReplicationProjection,205200,
1343,SnapshotHashMetrics,300,
1343,EgressPublish,16426300,
1344,IngressCapture,4500,
1344,DecodeAndCanonicalize,200,
1344,ApplyInputs,285100,
1344,ProcessorPlan,62700,
1344,CrossWorldPrepare,1500,
1344,NativeJobBarrier,200,
1344,CommitDecision,800,
1344,VoxelCommit,800,
1344,EcsCommandBufferCommit,166500,
1344,GasAndEventFinalize,72200,
1344,ReplicationProjection,235400,
1344,SnapshotHashMetrics,1000,
1344,EgressPublish,18028300,
1345,IngressCapture,5900,
1345,DecodeAndCanonicalize,300,
1345,ApplyInputs,360900,
1345,ProcessorPlan,51000,
1345,CrossWorldPrepare,500,
1345,NativeJobBarrier,200,
1345,CommitDecision,200,
1345,VoxelCommit,1200,
1345,EcsCommandBufferCommit,134000,
1345,GasAndEventFinalize,45800,
1345,ReplicationProjection,232300,
1345,SnapshotHashMetrics,300,
1345,EgressPublish,16634800,
1346,IngressCapture,4100,
1346,DecodeAndCanonicalize,200,
1346,ApplyInputs,233700,
1346,ProcessorPlan,36400,
1346,CrossWorldPrepare,500,
1346,NativeJobBarrier,200,
1346,CommitDecision,400,
1346,VoxelCommit,600,
1346,EcsCommandBufferCommit,120900,
1346,GasAndEventFinalize,35200,
1346,ReplicationProjection,143900,
1346,SnapshotHashMetrics,700,
1346,EgressPublish,16020200,
1347,IngressCapture,5100,
1347,DecodeAndCanonicalize,300,
1347,ApplyInputs,338700,
1347,ProcessorPlan,80000,
1347,CrossWorldPrepare,1600,
1347,NativeJobBarrier,400,
1347,CommitDecision,700,
1347,VoxelCommit,900,
1347,EcsCommandBufferCommit,124400,
1347,GasAndEventFinalize,43900,
1347,ReplicationProjection,202800,
1347,SnapshotHashMetrics,400,
1347,EgressPublish,18148600,
1348,IngressCapture,5100,
1348,DecodeAndCanonicalize,200,
1348,ApplyInputs,355400,
1348,ProcessorPlan,55200,
1348,CrossWorldPrepare,1900,
1348,NativeJobBarrier,200,
1348,CommitDecision,500,
1348,VoxelCommit,1400,
1348,EcsCommandBufferCommit,165500,
1348,GasAndEventFinalize,49800,
1348,ReplicationProjection,260100,
1348,SnapshotHashMetrics,700,
1348,EgressPublish,15491400,
1349,IngressCapture,5400,
1349,DecodeAndCanonicalize,200,
1349,ApplyInputs,305200,
1349,ProcessorPlan,64600,
1349,CrossWorldPrepare,1600,
1349,NativeJobBarrier,200,
1349,CommitDecision,500,
1349,VoxelCommit,1000,
1349,EcsCommandBufferCommit,146400,
1349,GasAndEventFinalize,47100,
1349,ReplicationProjection,246800,
1349,SnapshotHashMetrics,600,
1349,EgressPublish,16136800,
1350,IngressCapture,4500,
1350,DecodeAndCanonicalize,200,
1350,ApplyInputs,547900,
1350,ProcessorPlan,51400,
1350,CrossWorldPrepare,600,
1350,NativeJobBarrier,100,
1350,CommitDecision,500,
1350,VoxelCommit,900,
1350,EcsCommandBufferCommit,110300,
1350,GasAndEventFinalize,79500,
1350,ReplicationProjection,252000,
1350,SnapshotHashMetrics,800,
1350,EgressPublish,16930500,
1351,IngressCapture,5800,
1351,DecodeAndCanonicalize,400,
1351,ApplyInputs,340600,
1351,ProcessorPlan,50200,
1351,CrossWorldPrepare,700,
1351,NativeJobBarrier,200,
1351,CommitDecision,200,
1351,VoxelCommit,1300,
1351,EcsCommandBufferCommit,141800,
1351,GasAndEventFinalize,44500,
1351,ReplicationProjection,221300,
1351,SnapshotHashMetrics,400,
1351,EgressPublish,11439200,
1352,IngressCapture,6000,
1352,DecodeAndCanonicalize,200,
1352,ApplyInputs,354900,
1352,ProcessorPlan,92800,
1352,CrossWorldPrepare,1700,
1352,NativeJobBarrier,300,
1352,CommitDecision,600,
1352,VoxelCommit,1800,
1352,EcsCommandBufferCommit,201200,
1352,GasAndEventFinalize,64700,
1352,ReplicationProjection,253200,
1352,SnapshotHashMetrics,900,
1352,EgressPublish,16530700,
1353,IngressCapture,5900,
1353,DecodeAndCanonicalize,200,
1353,ApplyInputs,412300,
1353,ProcessorPlan,55100,
1353,CrossWorldPrepare,400,
1353,NativeJobBarrier,400,
1353,CommitDecision,400,
1353,VoxelCommit,1100,
1353,EcsCommandBufferCommit,159500,
1353,GasAndEventFinalize,46600,
1353,ReplicationProjection,234700,
1353,SnapshotHashMetrics,900,
1353,EgressPublish,13520400,
1354,IngressCapture,4200,
1354,DecodeAndCanonicalize,200,
1354,ApplyInputs,246900,
1354,ProcessorPlan,39500,
1354,CrossWorldPrepare,1000,
1354,NativeJobBarrier,200,
1354,CommitDecision,400,
1354,VoxelCommit,1100,
1354,EcsCommandBufferCommit,541300,
1354,GasAndEventFinalize,36000,
1354,ReplicationProjection,151600,
1354,SnapshotHashMetrics,100,
1354,EgressPublish,11810200,
1355,IngressCapture,3800,
1355,DecodeAndCanonicalize,100,
1355,ApplyInputs,209700,
1355,ProcessorPlan,39700,
1355,CrossWorldPrepare,500,
1355,NativeJobBarrier,300,
1355,CommitDecision,300,
1355,VoxelCommit,1200,
1355,EcsCommandBufferCommit,108700,
1355,GasAndEventFinalize,36300,
1355,ReplicationProjection,142900,
1355,SnapshotHashMetrics,300,
1355,EgressPublish,12372400,
1356,IngressCapture,3800,
1356,DecodeAndCanonicalize,200,
1356,ApplyInputs,218100,
1356,ProcessorPlan,32600,
1356,CrossWorldPrepare,500,
1356,NativeJobBarrier,200,
1356,CommitDecision,1500,
1356,VoxelCommit,900,
1356,EcsCommandBufferCommit,104400,
1356,GasAndEventFinalize,32200,
1356,ReplicationProjection,143100,
1356,SnapshotHashMetrics,100,
1356,EgressPublish,15562100,
1357,IngressCapture,4700,
1357,DecodeAndCanonicalize,200,
1357,ApplyInputs,797900,
1357,ProcessorPlan,140200,
1357,CrossWorldPrepare,1100,
1357,NativeJobBarrier,500,
1357,CommitDecision,900,
1357,VoxelCommit,1400,
1357,EcsCommandBufferCommit,175300,
1357,GasAndEventFinalize,78800,
1357,ReplicationProjection,241300,
1357,SnapshotHashMetrics,1200,
1357,EgressPublish,18364900,
1358,IngressCapture,5200,
1358,DecodeAndCanonicalize,200,
1358,ApplyInputs,288500,
1358,ProcessorPlan,63300,
1358,CrossWorldPrepare,1500,
1358,NativeJobBarrier,300,
1358,CommitDecision,300,
1358,VoxelCommit,1100,
1358,EcsCommandBufferCommit,133300,
1358,GasAndEventFinalize,50200,
1358,ReplicationProjection,214100,
1358,SnapshotHashMetrics,700,
1358,EgressPublish,16790300,
1359,IngressCapture,5000,
1359,DecodeAndCanonicalize,400,
1359,ApplyInputs,365500,
1359,ProcessorPlan,47200,
1359,CrossWorldPrepare,400,
1359,NativeJobBarrier,400,
1359,CommitDecision,1200,
1359,VoxelCommit,800,
1359,EcsCommandBufferCommit,119600,
1359,GasAndEventFinalize,44400,
1359,ReplicationProjection,220400,
1359,SnapshotHashMetrics,200,
1359,EgressPublish,14934900,
1360,IngressCapture,4300,
1360,DecodeAndCanonicalize,300,
1360,ApplyInputs,346600,
1360,ProcessorPlan,50600,
1360,CrossWorldPrepare,700,
1360,NativeJobBarrier,300,
1360,CommitDecision,200,
1360,VoxelCommit,800,
1360,EcsCommandBufferCommit,165600,
1360,GasAndEventFinalize,33300,
1360,ReplicationProjection,251900,
1360,SnapshotHashMetrics,300,
1360,EgressPublish,14406000,
1361,IngressCapture,4400,
1361,DecodeAndCanonicalize,100,
1361,ApplyInputs,200100,
1361,ProcessorPlan,34400,
1361,CrossWorldPrepare,400,
1361,NativeJobBarrier,200,
1361,CommitDecision,300,
1361,VoxelCommit,700,
1361,EcsCommandBufferCommit,94000,
1361,GasAndEventFinalize,29100,
1361,ReplicationProjection,135900,
1361,SnapshotHashMetrics,400,
1361,EgressPublish,14194400,
1362,IngressCapture,3600,
1362,DecodeAndCanonicalize,100,
1362,ApplyInputs,228800,
1362,ProcessorPlan,33300,
1362,CrossWorldPrepare,500,
1362,NativeJobBarrier,100,
1362,CommitDecision,300,
1362,VoxelCommit,600,
1362,EcsCommandBufferCommit,94900,
1362,GasAndEventFinalize,29600,
1362,ReplicationProjection,139700,
1362,SnapshotHashMetrics,300,
1362,EgressPublish,13271400,
1363,IngressCapture,4700,
1363,DecodeAndCanonicalize,200,
1363,ApplyInputs,343900,
1363,ProcessorPlan,64300,
1363,CrossWorldPrepare,1100,
1363,NativeJobBarrier,200,
1363,CommitDecision,1100,
1363,VoxelCommit,1500,
1363,EcsCommandBufferCommit,173000,
1363,GasAndEventFinalize,57600,
1363,ReplicationProjection,238100,
1363,SnapshotHashMetrics,800,
1363,EgressPublish,14533900,
1364,IngressCapture,5100,
1364,DecodeAndCanonicalize,200,
1364,ApplyInputs,343900,
1364,ProcessorPlan,53600,
1364,CrossWorldPrepare,500,
1364,NativeJobBarrier,200,
1364,CommitDecision,300,
1364,VoxelCommit,1100,
1364,EcsCommandBufferCommit,118900,
1364,GasAndEventFinalize,40200,
1364,ReplicationProjection,230800,
1364,SnapshotHashMetrics,500,
1364,EgressPublish,13623900,
1365,IngressCapture,3100,
1365,DecodeAndCanonicalize,100,
1365,ApplyInputs,379800,
1365,ProcessorPlan,50400,
1365,CrossWorldPrepare,600,
1365,NativeJobBarrier,200,
1365,CommitDecision,200,
1365,VoxelCommit,700,
1365,EcsCommandBufferCommit,99100,
1365,GasAndEventFinalize,41000,
1365,ReplicationProjection,143200,
1365,SnapshotHashMetrics,200,
1365,EgressPublish,12267300,
1366,IngressCapture,3000,
1366,DecodeAndCanonicalize,200,
1366,ApplyInputs,237200,
1366,ProcessorPlan,59400,
1366,CrossWorldPrepare,800,
1366,NativeJobBarrier,200,
1366,CommitDecision,200,
1366,VoxelCommit,1200,
1366,EcsCommandBufferCommit,133900,
1366,GasAndEventFinalize,42600,
1366,ReplicationProjection,238600,
1366,SnapshotHashMetrics,400,
1366,EgressPublish,13999600,
1367,IngressCapture,4600,
1367,DecodeAndCanonicalize,400,
1367,ApplyInputs,319500,
1367,ProcessorPlan,52900,
1367,CrossWorldPrepare,600,
1367,NativeJobBarrier,400,
1367,CommitDecision,400,
1367,VoxelCommit,1100,
1367,EcsCommandBufferCommit,120200,
1367,GasAndEventFinalize,40600,
1367,ReplicationProjection,217000,
1367,SnapshotHashMetrics,1100,
1367,EgressPublish,14966900,
1368,IngressCapture,3300,
1368,DecodeAndCanonicalize,100,
1368,ApplyInputs,168300,
1368,ProcessorPlan,34100,
1368,CrossWorldPrepare,400,
1368,NativeJobBarrier,200,
1368,CommitDecision,400,
1368,VoxelCommit,600,
1368,EcsCommandBufferCommit,94900,
1368,GasAndEventFinalize,29000,
1368,ReplicationProjection,134000,
1368,SnapshotHashMetrics,300,
1368,EgressPublish,10881700,
1369,IngressCapture,4000,
1369,DecodeAndCanonicalize,300,
1369,ApplyInputs,234900,
1369,ProcessorPlan,36100,
1369,CrossWorldPrepare,500,
1369,NativeJobBarrier,100,
1369,CommitDecision,200,
1369,VoxelCommit,600,
1369,EcsCommandBufferCommit,121700,
1369,GasAndEventFinalize,35100,
1369,ReplicationProjection,147600,
1369,SnapshotHashMetrics,100,
1369,EgressPublish,9845500,
1370,IngressCapture,2900,
1370,DecodeAndCanonicalize,100,
1370,ApplyInputs,179700,
1370,ProcessorPlan,31300,
1370,CrossWorldPrepare,400,
1370,NativeJobBarrier,200,
1370,CommitDecision,400,
1370,VoxelCommit,800,
1370,EcsCommandBufferCommit,71900,
1370,GasAndEventFinalize,21300,
1370,ReplicationProjection,129500,
1370,SnapshotHashMetrics,500,
1370,EgressPublish,9760500,
1371,IngressCapture,4700,
1371,DecodeAndCanonicalize,300,
1371,ApplyInputs,241200,
1371,ProcessorPlan,65000,
1371,CrossWorldPrepare,1000,
1371,NativeJobBarrier,200,
1371,CommitDecision,400,
1371,VoxelCommit,1200,
1371,EcsCommandBufferCommit,117800,
1371,GasAndEventFinalize,39200,
1371,ReplicationProjection,213700,
1371,SnapshotHashMetrics,400,
1371,EgressPublish,11909800,
1372,IngressCapture,4100,
1372,DecodeAndCanonicalize,200,
1372,ApplyInputs,277400,
1372,ProcessorPlan,41400,
1372,CrossWorldPrepare,600,
1372,NativeJobBarrier,300,
1372,CommitDecision,200,
1372,VoxelCommit,900,
1372,EcsCommandBufferCommit,116100,
1372,GasAndEventFinalize,33300,
1372,ReplicationProjection,206100,
1372,SnapshotHashMetrics,500,
1372,EgressPublish,14040800,
1373,IngressCapture,3600,
1373,DecodeAndCanonicalize,700,
1373,ApplyInputs,499200,
1373,ProcessorPlan,87600,
1373,CrossWorldPrepare,800,
1373,NativeJobBarrier,300,
1373,CommitDecision,200,
1373,VoxelCommit,1100,
1373,EcsCommandBufferCommit,115400,
1373,GasAndEventFinalize,58100,
1373,ReplicationProjection,211400,
1373,SnapshotHashMetrics,600,
1373,EgressPublish,11884900,
1374,IngressCapture,4400,
1374,DecodeAndCanonicalize,200,
1374,ApplyInputs,257600,
1374,ProcessorPlan,54300,
1374,CrossWorldPrepare,900,
1374,NativeJobBarrier,200,
1374,CommitDecision,400,
1374,VoxelCommit,700,
1374,EcsCommandBufferCommit,130700,
1374,GasAndEventFinalize,41000,
1374,ReplicationProjection,241500,
1374,SnapshotHashMetrics,600,
1374,EgressPublish,10541400,
1375,IngressCapture,3600,
1375,DecodeAndCanonicalize,200,
1375,ApplyInputs,227100,
1375,ProcessorPlan,33500,
1375,CrossWorldPrepare,400,
1375,NativeJobBarrier,400,
1375,CommitDecision,300,
1375,VoxelCommit,800,
1375,EcsCommandBufferCommit,99000,
1375,GasAndEventFinalize,31400,
1375,ReplicationProjection,141900,
1375,SnapshotHashMetrics,300,
1375,EgressPublish,10404900,
1376,IngressCapture,2800,
1376,DecodeAndCanonicalize,200,
1376,ApplyInputs,152500,
1376,ProcessorPlan,29400,
1376,CrossWorldPrepare,600,
1376,NativeJobBarrier,100,
1376,CommitDecision,200,
1376,VoxelCommit,500,
1376,EcsCommandBufferCommit,68500,
1376,GasAndEventFinalize,24900,
1376,ReplicationProjection,136300,
1376,SnapshotHashMetrics,200,
1376,EgressPublish,9010500,
1377,IngressCapture,4200,
1377,DecodeAndCanonicalize,200,
1377,ApplyInputs,285500,
1377,ProcessorPlan,49300,
1377,CrossWorldPrepare,500,
1377,NativeJobBarrier,200,
1377,CommitDecision,200,
1377,VoxelCommit,600,
1377,EcsCommandBufferCommit,113200,
1377,GasAndEventFinalize,36600,
1377,ReplicationProjection,213700,
1377,SnapshotHashMetrics,500,
1377,EgressPublish,11486900,
1378,IngressCapture,2900,
1378,DecodeAndCanonicalize,300,
1378,ApplyInputs,383400,
1378,ProcessorPlan,52800,
1378,CrossWorldPrepare,600,
1378,NativeJobBarrier,200,
1378,CommitDecision,200,
1378,VoxelCommit,800,
1378,EcsCommandBufferCommit,129000,
1378,GasAndEventFinalize,48900,
1378,ReplicationProjection,257300,
1378,SnapshotHashMetrics,600,
1378,EgressPublish,15439000,
1379,IngressCapture,4600,
1379,DecodeAndCanonicalize,200,
1379,ApplyInputs,293800,
1379,ProcessorPlan,59600,
1379,CrossWorldPrepare,1400,
1379,NativeJobBarrier,200,
1379,CommitDecision,500,
1379,VoxelCommit,1500,
1379,EcsCommandBufferCommit,155800,
1379,GasAndEventFinalize,46200,
1379,ReplicationProjection,219800,
1379,SnapshotHashMetrics,400,
1379,EgressPublish,13970500,
1380,IngressCapture,3900,
1380,DecodeAndCanonicalize,400,
1380,ApplyInputs,335700,
1380,ProcessorPlan,57600,
1380,CrossWorldPrepare,700,
1380,NativeJobBarrier,200,
1380,CommitDecision,200,
1380,VoxelCommit,1000,
1380,EcsCommandBufferCommit,120100,
1380,GasAndEventFinalize,48200,
1380,ReplicationProjection,278800,
1380,SnapshotHashMetrics,1000,
1380,EgressPublish,14840900,
1381,IngressCapture,2200,
1381,DecodeAndCanonicalize,200,
1381,ApplyInputs,442400,
1381,ProcessorPlan,78700,
1381,CrossWorldPrepare,500,
1381,NativeJobBarrier,200,
1381,CommitDecision,300,
1381,VoxelCommit,700,
1381,EcsCommandBufferCommit,93200,
1381,GasAndEventFinalize,51000,
1381,ReplicationProjection,219300,
1381,SnapshotHashMetrics,300,
1381,EgressPublish,9934400,
1382,IngressCapture,4600,
1382,DecodeAndCanonicalize,100,
1382,ApplyInputs,224500,
1382,ProcessorPlan,49200,
1382,CrossWorldPrepare,700,
1382,NativeJobBarrier,200,
1382,CommitDecision,800,
1382,VoxelCommit,1400,
1382,EcsCommandBufferCommit,122900,
1382,GasAndEventFinalize,36700,
1382,ReplicationProjection,211300,
1382,SnapshotHashMetrics,700,
1382,EgressPublish,9644000,
1383,IngressCapture,3200,
1383,DecodeAndCanonicalize,200,
1383,ApplyInputs,303800,
1383,ProcessorPlan,43400,
1383,CrossWorldPrepare,500,
1383,NativeJobBarrier,200,
1383,CommitDecision,300,
1383,VoxelCommit,700,
1383,EcsCommandBufferCommit,87100,
1383,GasAndEventFinalize,30500,
1383,ReplicationProjection,200600,
1383,SnapshotHashMetrics,200,
1383,EgressPublish,11959300,
1384,IngressCapture,3500,
1384,DecodeAndCanonicalize,200,
1384,ApplyInputs,265800,
1384,ProcessorPlan,51900,
1384,CrossWorldPrepare,500,
1384,NativeJobBarrier,300,
1384,CommitDecision,400,
1384,VoxelCommit,1000,
1384,EcsCommandBufferCommit,109600,
1384,GasAndEventFinalize,36200,
1384,ReplicationProjection,757500,
1384,SnapshotHashMetrics,1000,
1384,EgressPublish,12061100,
1385,IngressCapture,3800,
1385,DecodeAndCanonicalize,200,
1385,ApplyInputs,349600,
1385,ProcessorPlan,54600,
1385,CrossWorldPrepare,700,
1385,NativeJobBarrier,300,
1385,CommitDecision,400,
1385,VoxelCommit,900,
1385,EcsCommandBufferCommit,105000,
1385,GasAndEventFinalize,32900,
1385,ReplicationProjection,241100,
1385,SnapshotHashMetrics,400,
1385,EgressPublish,13679600,
1386,IngressCapture,2900,
1386,DecodeAndCanonicalize,200,
1386,ApplyInputs,177100,
1386,ProcessorPlan,30100,
1386,CrossWorldPrepare,700,
1386,NativeJobBarrier,100,
1386,CommitDecision,200,
1386,VoxelCommit,700,
1386,EcsCommandBufferCommit,61900,
1386,GasAndEventFinalize,21600,
1386,ReplicationProjection,129400,
1386,SnapshotHashMetrics,300,
1386,EgressPublish,9620500,
1387,IngressCapture,5700,
1387,DecodeAndCanonicalize,200,
1387,ApplyInputs,280900,
1387,ProcessorPlan,51400,
1387,CrossWorldPrepare,400,
1387,NativeJobBarrier,200,
1387,CommitDecision,600,
1387,VoxelCommit,900,
1387,EcsCommandBufferCommit,110500,
1387,GasAndEventFinalize,32500,
1387,ReplicationProjection,208700,
1387,SnapshotHashMetrics,500,
1387,EgressPublish,12475200,
1388,IngressCapture,3600,
1388,DecodeAndCanonicalize,200,
1388,ApplyInputs,186000,
1388,ProcessorPlan,30400,
1388,CrossWorldPrepare,500,
1388,NativeJobBarrier,200,
1388,CommitDecision,100,
1388,VoxelCommit,600,
1388,EcsCommandBufferCommit,67600,
1388,GasAndEventFinalize,26300,
1388,ReplicationProjection,126300,
1388,SnapshotHashMetrics,300,
1388,EgressPublish,10562600,
1389,IngressCapture,3600,
1389,DecodeAndCanonicalize,100,
1389,ApplyInputs,241000,
1389,ProcessorPlan,36200,
1389,CrossWorldPrepare,300,
1389,NativeJobBarrier,100,
1389,CommitDecision,200,
1389,VoxelCommit,900,
1389,EcsCommandBufferCommit,594800,
1389,GasAndEventFinalize,40700,
1389,ReplicationProjection,720600,
1389,SnapshotHashMetrics,600,
1389,EgressPublish,11449500,
1390,IngressCapture,4800,
1390,DecodeAndCanonicalize,200,
1390,ApplyInputs,618300,
1390,ProcessorPlan,44200,
1390,CrossWorldPrepare,400,
1390,NativeJobBarrier,200,
1390,CommitDecision,200,
1390,VoxelCommit,1000,
1390,EcsCommandBufferCommit,100500,
1390,GasAndEventFinalize,52500,
1390,ReplicationProjection,212100,
1390,SnapshotHashMetrics,500,
1390,EgressPublish,13333800,
1391,IngressCapture,3100,
1391,DecodeAndCanonicalize,200,
1391,ApplyInputs,174100,
1391,ProcessorPlan,29600,
1391,CrossWorldPrepare,300,
1391,NativeJobBarrier,100,
1391,CommitDecision,200,
1391,VoxelCommit,500,
1391,EcsCommandBufferCommit,68000,
1391,GasAndEventFinalize,20800,
1391,ReplicationProjection,163000,
1391,SnapshotHashMetrics,200,
1391,EgressPublish,9635900,
1392,IngressCapture,5200,
1392,DecodeAndCanonicalize,200,
1392,ApplyInputs,337900,
1392,ProcessorPlan,55200,
1392,CrossWorldPrepare,500,
1392,NativeJobBarrier,400,
1392,CommitDecision,600,
1392,VoxelCommit,1500,
1392,EcsCommandBufferCommit,162700,
1392,GasAndEventFinalize,55900,
1392,ReplicationProjection,233600,
1392,SnapshotHashMetrics,400,
1392,EgressPublish,31709700,
1393,IngressCapture,3900,
1393,DecodeAndCanonicalize,200,
1393,ApplyInputs,409800,
1393,ProcessorPlan,54600,
1393,CrossWorldPrepare,600,
1393,NativeJobBarrier,200,
1393,CommitDecision,400,
1393,VoxelCommit,1000,
1393,EcsCommandBufferCommit,781600,
1393,GasAndEventFinalize,67800,
1393,ReplicationProjection,737700,
1393,SnapshotHashMetrics,400,
1393,EgressPublish,13007600,
1394,IngressCapture,5900,
1394,DecodeAndCanonicalize,300,
1394,ApplyInputs,304600,
1394,ProcessorPlan,60100,
1394,CrossWorldPrepare,1500,
1394,NativeJobBarrier,300,
1394,CommitDecision,200,
1394,VoxelCommit,800,
1394,EcsCommandBufferCommit,149900,
1394,GasAndEventFinalize,39400,
1394,ReplicationProjection,276900,
1394,SnapshotHashMetrics,400,
1394,EgressPublish,20137800,
1395,IngressCapture,7100,
1395,DecodeAndCanonicalize,200,
1395,ApplyInputs,412200,
1395,ProcessorPlan,64600,
1395,CrossWorldPrepare,500,
1395,NativeJobBarrier,400,
1395,CommitDecision,700,
1395,VoxelCommit,1200,
1395,EcsCommandBufferCommit,251300,
1395,GasAndEventFinalize,69800,
1395,ReplicationProjection,638000,
1395,SnapshotHashMetrics,800,
1395,EgressPublish,12189400,
1396,IngressCapture,3500,
1396,DecodeAndCanonicalize,100,
1396,ApplyInputs,226800,
1396,ProcessorPlan,37000,
1396,CrossWorldPrepare,600,
1396,NativeJobBarrier,100,
1396,CommitDecision,800,
1396,VoxelCommit,900,
1396,EcsCommandBufferCommit,115300,
1396,GasAndEventFinalize,32800,
1396,ReplicationProjection,154200,
1396,SnapshotHashMetrics,600,
1396,EgressPublish,14445600,
1397,IngressCapture,6300,
1397,DecodeAndCanonicalize,200,
1397,ApplyInputs,429600,
1397,ProcessorPlan,69400,
1397,CrossWorldPrepare,1100,
1397,NativeJobBarrier,300,
1397,CommitDecision,600,
1397,VoxelCommit,900,
1397,EcsCommandBufferCommit,140100,
1397,GasAndEventFinalize,37400,
1397,ReplicationProjection,171400,
1397,SnapshotHashMetrics,200,
1397,EgressPublish,12300400,
1398,IngressCapture,9700,
1398,DecodeAndCanonicalize,300,
1398,ApplyInputs,1124300,
1398,ProcessorPlan,116800,
1398,CrossWorldPrepare,1100,
1398,NativeJobBarrier,400,
1398,CommitDecision,200,
1398,VoxelCommit,2100,
1398,EcsCommandBufferCommit,230200,
1398,GasAndEventFinalize,128100,
1398,ReplicationProjection,398700,
1398,SnapshotHashMetrics,1100,
1398,EgressPublish,17039900,
1399,IngressCapture,4300,
1399,DecodeAndCanonicalize,200,
1399,ApplyInputs,203500,
1399,ProcessorPlan,37200,
1399,CrossWorldPrepare,800,
1399,NativeJobBarrier,200,
1399,CommitDecision,300,
1399,VoxelCommit,700,
1399,EcsCommandBufferCommit,101500,
1399,GasAndEventFinalize,32300,
1399,ReplicationProjection,151300,
1399,SnapshotHashMetrics,700,
1399,EgressPublish,10412200,
1400,IngressCapture,4900,
1400,DecodeAndCanonicalize,200,
1400,ApplyInputs,406200,
1400,ProcessorPlan,63700,
1400,CrossWorldPrepare,700,
1400,NativeJobBarrier,300,
1400,CommitDecision,200,
1400,VoxelCommit,1000,
1400,EcsCommandBufferCommit,143400,
1400,GasAndEventFinalize,48400,
1400,ReplicationProjection,261700,
1400,SnapshotHashMetrics,900,
1400,EgressPublish,17461800,
1401,IngressCapture,3200,
1401,DecodeAndCanonicalize,100,
1401,ApplyInputs,219200,
1401,ProcessorPlan,36800,
1401,CrossWorldPrepare,300,
1401,NativeJobBarrier,100,
1401,CommitDecision,500,
1401,VoxelCommit,600,
1401,EcsCommandBufferCommit,105200,
1401,GasAndEventFinalize,32000,
1401,ReplicationProjection,155000,
1401,SnapshotHashMetrics,400,
1401,EgressPublish,14135900,
1402,IngressCapture,3500,
1402,DecodeAndCanonicalize,100,
1402,ApplyInputs,198800,
1402,ProcessorPlan,38200,
1402,CrossWorldPrepare,700,
1402,NativeJobBarrier,200,
1402,CommitDecision,200,
1402,VoxelCommit,1000,
1402,EcsCommandBufferCommit,109300,
1402,GasAndEventFinalize,32000,
1402,ReplicationProjection,155200,
1402,SnapshotHashMetrics,100,
1402,EgressPublish,13766100,
1403,IngressCapture,5900,
1403,DecodeAndCanonicalize,300,
1403,ApplyInputs,523100,
1403,ProcessorPlan,50700,
1403,CrossWorldPrepare,500,
1403,NativeJobBarrier,300,
1403,CommitDecision,500,
1403,VoxelCommit,900,
1403,EcsCommandBufferCommit,803700,
1403,GasAndEventFinalize,85400,
1403,ReplicationProjection,273800,
1403,SnapshotHashMetrics,900,
1403,EgressPublish,17768200,
1404,IngressCapture,4800,
1404,DecodeAndCanonicalize,300,
1404,ApplyInputs,352400,
1404,ProcessorPlan,65700,
1404,CrossWorldPrepare,600,
1404,NativeJobBarrier,300,
1404,CommitDecision,500,
1404,VoxelCommit,1200,
1404,EcsCommandBufferCommit,143300,
1404,GasAndEventFinalize,46500,
1404,ReplicationProjection,238300,
1404,SnapshotHashMetrics,700,
1404,EgressPublish,14899800,
1405,IngressCapture,5100,
1405,DecodeAndCanonicalize,200,
1405,ApplyInputs,420800,
1405,ProcessorPlan,62500,
1405,CrossWorldPrepare,1500,
1405,NativeJobBarrier,200,
1405,CommitDecision,300,
1405,VoxelCommit,1200,
1405,EcsCommandBufferCommit,177800,
1405,GasAndEventFinalize,63100,
1405,ReplicationProjection,271800,
1405,SnapshotHashMetrics,700,
1405,EgressPublish,16701300,
1406,IngressCapture,4600,
1406,DecodeAndCanonicalize,200,
1406,ApplyInputs,315000,
1406,ProcessorPlan,99200,
1406,CrossWorldPrepare,600,
1406,NativeJobBarrier,200,
1406,CommitDecision,300,
1406,VoxelCommit,600,
1406,EcsCommandBufferCommit,95700,
1406,GasAndEventFinalize,43700,
1406,ReplicationProjection,154600,
1406,SnapshotHashMetrics,300,
1406,EgressPublish,13285900,
1407,IngressCapture,4400,
1407,DecodeAndCanonicalize,100,
1407,ApplyInputs,239700,
1407,ProcessorPlan,39600,
1407,CrossWorldPrepare,500,
1407,NativeJobBarrier,200,
1407,CommitDecision,400,
1407,VoxelCommit,900,
1407,EcsCommandBufferCommit,121800,
1407,GasAndEventFinalize,35500,
1407,ReplicationProjection,157400,
1407,SnapshotHashMetrics,300,
1407,EgressPublish,13781200,
1408,IngressCapture,4900,
1408,DecodeAndCanonicalize,200,
1408,ApplyInputs,408800,
1408,ProcessorPlan,57600,
1408,CrossWorldPrepare,1000,
1408,NativeJobBarrier,200,
1408,CommitDecision,200,
1408,VoxelCommit,700,
1408,EcsCommandBufferCommit,140900,
1408,GasAndEventFinalize,94500,
1408,ReplicationProjection,289700,
1408,SnapshotHashMetrics,500,
1408,EgressPublish,17421600,
1409,IngressCapture,5000,
1409,DecodeAndCanonicalize,300,
1409,ApplyInputs,292900,
1409,ProcessorPlan,83100,
1409,CrossWorldPrepare,1200,
1409,NativeJobBarrier,200,
1409,CommitDecision,300,
1409,VoxelCommit,900,
1409,EcsCommandBufferCommit,121500,
1409,GasAndEventFinalize,42400,
1409,ReplicationProjection,281900,
1409,SnapshotHashMetrics,1400,
1409,EgressPublish,12581300,
1410,IngressCapture,5300,
1410,DecodeAndCanonicalize,400,
1410,ApplyInputs,383100,
1410,ProcessorPlan,61700,
1410,CrossWorldPrepare,900,
1410,NativeJobBarrier,200,
1410,CommitDecision,400,
1410,VoxelCommit,1600,
1410,EcsCommandBufferCommit,167300,
1410,GasAndEventFinalize,59000,
1410,ReplicationProjection,275000,
1410,SnapshotHashMetrics,1000,
1410,EgressPublish,16110600,
1411,IngressCapture,3300,
1411,DecodeAndCanonicalize,200,
1411,ApplyInputs,219000,
1411,ProcessorPlan,37900,
1411,CrossWorldPrepare,300,
1411,NativeJobBarrier,200,
1411,CommitDecision,300,
1411,VoxelCommit,1300,
1411,EcsCommandBufferCommit,101400,
1411,GasAndEventFinalize,32900,
1411,ReplicationProjection,144300,
1411,SnapshotHashMetrics,300,
1411,EgressPublish,14867600,
1412,IngressCapture,4400,
1412,DecodeAndCanonicalize,100,
1412,ApplyInputs,249500,
1412,ProcessorPlan,40800,
1412,CrossWorldPrepare,500,
1412,NativeJobBarrier,200,
1412,CommitDecision,400,
1412,VoxelCommit,1100,
1412,EcsCommandBufferCommit,113800,
1412,GasAndEventFinalize,30900,
1412,ReplicationProjection,149200,
1412,SnapshotHashMetrics,300,
1412,EgressPublish,12178800,
1413,IngressCapture,6200,
1413,DecodeAndCanonicalize,200,
1413,ApplyInputs,311000,
1413,ProcessorPlan,39200,
1413,CrossWorldPrepare,400,
1413,NativeJobBarrier,200,
1413,CommitDecision,500,
1413,VoxelCommit,500,
1413,EcsCommandBufferCommit,111400,
1413,GasAndEventFinalize,40600,
1413,ReplicationProjection,156800,
1413,SnapshotHashMetrics,500,
1413,EgressPublish,12815000,
1414,IngressCapture,3000,
1414,DecodeAndCanonicalize,200,
1414,ApplyInputs,282600,
1414,ProcessorPlan,95800,
1414,CrossWorldPrepare,500,
1414,NativeJobBarrier,300,
1414,CommitDecision,200,
1414,VoxelCommit,500,
1414,EcsCommandBufferCommit,82700,
1414,GasAndEventFinalize,39500,
1414,ReplicationProjection,146200,
1414,SnapshotHashMetrics,300,
1414,EgressPublish,9139100,
1415,IngressCapture,3100,
1415,DecodeAndCanonicalize,200,
1415,ApplyInputs,271100,
1415,ProcessorPlan,46500,
1415,CrossWorldPrepare,1700,
1415,NativeJobBarrier,500,
1415,CommitDecision,500,
1415,VoxelCommit,800,
1415,EcsCommandBufferCommit,95700,
1415,GasAndEventFinalize,35500,
1415,ReplicationProjection,243700,
1415,SnapshotHashMetrics,500,
1415,EgressPublish,13259700,
1416,IngressCapture,3500,
1416,DecodeAndCanonicalize,100,
1416,ApplyInputs,227900,
1416,ProcessorPlan,34600,
1416,CrossWorldPrepare,400,
1416,NativeJobBarrier,200,
1416,CommitDecision,400,
1416,VoxelCommit,900,
1416,EcsCommandBufferCommit,88800,
1416,GasAndEventFinalize,27800,
1416,ReplicationProjection,147800,
1416,SnapshotHashMetrics,300,
1416,EgressPublish,12438800,
1417,IngressCapture,3600,
1417,DecodeAndCanonicalize,100,
1417,ApplyInputs,200000,
1417,ProcessorPlan,42200,
1417,CrossWorldPrepare,500,
1417,NativeJobBarrier,200,
1417,CommitDecision,300,
1417,VoxelCommit,800,
1417,EcsCommandBufferCommit,106500,
1417,GasAndEventFinalize,32600,
1417,ReplicationProjection,150700,
1417,SnapshotHashMetrics,900,
1417,EgressPublish,10911000,
1418,IngressCapture,3100,
1418,DecodeAndCanonicalize,200,
1418,ApplyInputs,222300,
1418,ProcessorPlan,34400,
1418,CrossWorldPrepare,500,
1418,NativeJobBarrier,200,
1418,CommitDecision,300,
1418,VoxelCommit,600,
1418,EcsCommandBufferCommit,80500,
1418,GasAndEventFinalize,25800,
1418,ReplicationProjection,142600,
1418,SnapshotHashMetrics,100,
1418,EgressPublish,11611900,
1419,IngressCapture,4600,
1419,DecodeAndCanonicalize,200,
1419,ApplyInputs,261800,
1419,ProcessorPlan,79200,
1419,CrossWorldPrepare,1100,
1419,NativeJobBarrier,200,
1419,CommitDecision,200,
1419,VoxelCommit,1100,
1419,EcsCommandBufferCommit,118200,
1419,GasAndEventFinalize,36600,
1419,ReplicationProjection,189200,
1419,SnapshotHashMetrics,900,
1419,EgressPublish,10461600,
1420,IngressCapture,3700,
1420,DecodeAndCanonicalize,100,
1420,ApplyInputs,234800,
1420,ProcessorPlan,34400,
1420,CrossWorldPrepare,400,
1420,NativeJobBarrier,100,
1420,CommitDecision,300,
1420,VoxelCommit,600,
1420,EcsCommandBufferCommit,86500,
1420,GasAndEventFinalize,25300,
1420,ReplicationProjection,137200,
1420,SnapshotHashMetrics,200,
1420,EgressPublish,11675300,
1421,IngressCapture,3800,
1421,DecodeAndCanonicalize,200,
1421,ApplyInputs,229600,
1421,ProcessorPlan,40400,
1421,CrossWorldPrepare,400,
1421,NativeJobBarrier,200,
1421,CommitDecision,500,
1421,VoxelCommit,500,
1421,EcsCommandBufferCommit,115100,
1421,GasAndEventFinalize,33600,
1421,ReplicationProjection,147200,
1421,SnapshotHashMetrics,200,
1421,EgressPublish,11469200,
1422,IngressCapture,2500,
1422,DecodeAndCanonicalize,100,
1422,ApplyInputs,427600,
1422,ProcessorPlan,33900,
1422,CrossWorldPrepare,1000,
1422,NativeJobBarrier,200,
1422,CommitDecision,400,
1422,VoxelCommit,700,
1422,EcsCommandBufferCommit,77500,
1422,GasAndEventFinalize,37300,
1422,ReplicationProjection,156500,
1422,SnapshotHashMetrics,400,
1422,EgressPublish,9440200,
1423,IngressCapture,4200,
1423,DecodeAndCanonicalize,400,
1423,ApplyInputs,190700,
1423,ProcessorPlan,36000,
1423,CrossWorldPrepare,400,
1423,NativeJobBarrier,200,
1423,CommitDecision,100,
1423,VoxelCommit,800,
1423,EcsCommandBufferCommit,89000,
1423,GasAndEventFinalize,28900,
1423,ReplicationProjection,142700,
1423,SnapshotHashMetrics,400,
1423,EgressPublish,11130100,
1424,IngressCapture,3500,
1424,DecodeAndCanonicalize,100,
1424,ApplyInputs,244100,
1424,ProcessorPlan,38500,
1424,CrossWorldPrepare,400,
1424,NativeJobBarrier,200,
1424,CommitDecision,200,
1424,VoxelCommit,700,
1424,EcsCommandBufferCommit,86000,
1424,GasAndEventFinalize,24300,
1424,ReplicationProjection,141300,
1424,SnapshotHashMetrics,300,
1424,EgressPublish,10634600,
1425,IngressCapture,4500,
1425,DecodeAndCanonicalize,100,
1425,ApplyInputs,225500,
1425,ProcessorPlan,37300,
1425,CrossWorldPrepare,300,
1425,NativeJobBarrier,100,
1425,CommitDecision,200,
1425,VoxelCommit,700,
1425,EcsCommandBufferCommit,85800,
1425,GasAndEventFinalize,26900,
1425,ReplicationProjection,135500,
1425,SnapshotHashMetrics,200,
1425,EgressPublish,10794200,
1426,IngressCapture,4900,
1426,DecodeAndCanonicalize,200,
1426,ApplyInputs,360700,
1426,ProcessorPlan,53000,
1426,CrossWorldPrepare,400,
1426,NativeJobBarrier,200,
1426,CommitDecision,200,
1426,VoxelCommit,900,
1426,EcsCommandBufferCommit,142600,
1426,GasAndEventFinalize,51200,
1426,ReplicationProjection,220300,
1426,SnapshotHashMetrics,700,
1426,EgressPublish,10037300,
1427,IngressCapture,2300,
1427,DecodeAndCanonicalize,200,
1427,ApplyInputs,174700,
1427,ProcessorPlan,31600,
1427,CrossWorldPrepare,300,
1427,NativeJobBarrier,200,
1427,CommitDecision,100,
1427,VoxelCommit,500,
1427,EcsCommandBufferCommit,63200,
1427,GasAndEventFinalize,22900,
1427,ReplicationProjection,127000,
1427,SnapshotHashMetrics,100,
1427,EgressPublish,9188100,
1428,IngressCapture,2700,
1428,DecodeAndCanonicalize,200,
1428,ApplyInputs,182700,
1428,ProcessorPlan,36500,
1428,CrossWorldPrepare,500,
1428,NativeJobBarrier,200,
1428,CommitDecision,200,
1428,VoxelCommit,600,
1428,EcsCommandBufferCommit,89600,
1428,GasAndEventFinalize,25200,
1428,ReplicationProjection,136800,
1428,SnapshotHashMetrics,400,
1428,EgressPublish,10899600,
1429,IngressCapture,4000,
1429,DecodeAndCanonicalize,200,
1429,ApplyInputs,247600,
1429,ProcessorPlan,32800,
1429,CrossWorldPrepare,400,
1429,NativeJobBarrier,100,
1429,CommitDecision,200,
1429,VoxelCommit,500,
1429,EcsCommandBufferCommit,88700,
1429,GasAndEventFinalize,24800,
1429,ReplicationProjection,123800,
1429,SnapshotHashMetrics,100,
1429,EgressPublish,10045500,
1430,IngressCapture,2300,
1430,DecodeAndCanonicalize,200,
1430,ApplyInputs,279500,
1430,ProcessorPlan,76100,
1430,CrossWorldPrepare,1200,
1430,NativeJobBarrier,100,
1430,CommitDecision,200,
1430,VoxelCommit,400,
1430,EcsCommandBufferCommit,79400,
1430,GasAndEventFinalize,36900,
1430,ReplicationProjection,131200,
1430,SnapshotHashMetrics,300,
1430,EgressPublish,12442800,
1431,IngressCapture,3900,
1431,DecodeAndCanonicalize,200,
1431,ApplyInputs,259900,
1431,ProcessorPlan,34900,
1431,CrossWorldPrepare,400,
1431,NativeJobBarrier,200,
1431,CommitDecision,200,
1431,VoxelCommit,600,
1431,EcsCommandBufferCommit,90700,
1431,GasAndEventFinalize,28500,
1431,ReplicationProjection,130500,
1431,SnapshotHashMetrics,400,
1431,EgressPublish,9633300,
1432,IngressCapture,2900,
1432,DecodeAndCanonicalize,200,
1432,ApplyInputs,220600,
1432,ProcessorPlan,33900,
1432,CrossWorldPrepare,300,
1432,NativeJobBarrier,200,
1432,CommitDecision,200,
1432,VoxelCommit,900,
1432,EcsCommandBufferCommit,86600,
1432,GasAndEventFinalize,25400,
1432,ReplicationProjection,133200,
1432,SnapshotHashMetrics,300,
1432,EgressPublish,14176700,
1433,IngressCapture,8600,
1433,DecodeAndCanonicalize,200,
1433,ApplyInputs,212000,
1433,ProcessorPlan,33600,
1433,CrossWorldPrepare,600,
1433,NativeJobBarrier,300,
1433,CommitDecision,300,
1433,VoxelCommit,500,
1433,EcsCommandBufferCommit,92600,
1433,GasAndEventFinalize,30500,
1433,ReplicationProjection,140700,
1433,SnapshotHashMetrics,400,
1433,EgressPublish,15422600,
1434,IngressCapture,4800,
1434,DecodeAndCanonicalize,300,
1434,ApplyInputs,345700,
1434,ProcessorPlan,60200,
1434,CrossWorldPrepare,1600,
1434,NativeJobBarrier,500,
1434,CommitDecision,300,
1434,VoxelCommit,1500,
1434,EcsCommandBufferCommit,134300,
1434,GasAndEventFinalize,41400,
1434,ReplicationProjection,273500,
1434,SnapshotHashMetrics,1000,
1434,EgressPublish,13474400,
1435,IngressCapture,3900,
1435,DecodeAndCanonicalize,300,
1435,ApplyInputs,182300,
1435,ProcessorPlan,35100,
1435,CrossWorldPrepare,600,
1435,NativeJobBarrier,200,
1435,CommitDecision,200,
1435,VoxelCommit,700,
1435,EcsCommandBufferCommit,105500,
1435,GasAndEventFinalize,29500,
1435,ReplicationProjection,131900,
1435,SnapshotHashMetrics,200,
1435,EgressPublish,11287000,
1436,IngressCapture,3000,
1436,DecodeAndCanonicalize,200,
1436,ApplyInputs,234200,
1436,ProcessorPlan,37100,
1436,CrossWorldPrepare,900,
1436,NativeJobBarrier,200,
1436,CommitDecision,300,
1436,VoxelCommit,500,
1436,EcsCommandBufferCommit,113400,
1436,GasAndEventFinalize,39900,
1436,ReplicationProjection,143700,
1436,SnapshotHashMetrics,400,
1436,EgressPublish,11544100,
1437,IngressCapture,8000,
1437,DecodeAndCanonicalize,200,
1437,ApplyInputs,522300,
1437,ProcessorPlan,37200,
1437,CrossWorldPrepare,500,
1437,NativeJobBarrier,500,
1437,CommitDecision,200,
1437,VoxelCommit,900,
1437,EcsCommandBufferCommit,159500,
1437,GasAndEventFinalize,47100,
1437,ReplicationProjection,489100,
1437,SnapshotHashMetrics,700,
1437,EgressPublish,12017700,
1438,IngressCapture,4900,
1438,DecodeAndCanonicalize,200,
1438,ApplyInputs,394600,
1438,ProcessorPlan,117000,
1438,CrossWorldPrepare,700,
1438,NativeJobBarrier,300,
1438,CommitDecision,500,
1438,VoxelCommit,1400,
1438,EcsCommandBufferCommit,114900,
1438,GasAndEventFinalize,53400,
1438,ReplicationProjection,150900,
1438,SnapshotHashMetrics,200,
1438,EgressPublish,16287400,
1439,IngressCapture,6400,
1439,DecodeAndCanonicalize,300,
1439,ApplyInputs,435600,
1439,ProcessorPlan,54600,
1439,CrossWorldPrepare,600,
1439,NativeJobBarrier,200,
1439,CommitDecision,600,
1439,VoxelCommit,1800,
1439,EcsCommandBufferCommit,177600,
1439,GasAndEventFinalize,61600,
1439,ReplicationProjection,255500,
1439,SnapshotHashMetrics,900,
1439,EgressPublish,16859600,
1440,IngressCapture,4000,
1440,DecodeAndCanonicalize,200,
1440,ApplyInputs,233500,
1440,ProcessorPlan,39000,
1440,CrossWorldPrepare,800,
1440,NativeJobBarrier,100,
1440,CommitDecision,100,
1440,VoxelCommit,1300,
1440,EcsCommandBufferCommit,119200,
1440,GasAndEventFinalize,32700,
1440,ReplicationProjection,150100,
1440,SnapshotHashMetrics,600,
1440,EgressPublish,15094500,
1441,IngressCapture,4000,
1441,DecodeAndCanonicalize,200,
1441,ApplyInputs,358800,
1441,ProcessorPlan,64000,
1441,CrossWorldPrepare,600,
1441,NativeJobBarrier,200,
1441,CommitDecision,1000,
1441,VoxelCommit,1200,
1441,EcsCommandBufferCommit,184400,
1441,GasAndEventFinalize,57000,
1441,ReplicationProjection,249900,
1441,SnapshotHashMetrics,500,
1441,EgressPublish,15628500,
1442,IngressCapture,3700,
1442,DecodeAndCanonicalize,200,
1442,ApplyInputs,261800,
1442,ProcessorPlan,58500,
1442,CrossWorldPrepare,600,
1442,NativeJobBarrier,400,
1442,CommitDecision,500,
1442,VoxelCommit,900,
1442,EcsCommandBufferCommit,129100,
1442,GasAndEventFinalize,48700,
1442,ReplicationProjection,219700,
1442,SnapshotHashMetrics,700,
1442,EgressPublish,13756800,
1443,IngressCapture,2800,
1443,DecodeAndCanonicalize,100,
1443,ApplyInputs,236000,
1443,ProcessorPlan,35600,
1443,CrossWorldPrepare,600,
1443,NativeJobBarrier,100,
1443,CommitDecision,100,
1443,VoxelCommit,1300,
1443,EcsCommandBufferCommit,104200,
1443,GasAndEventFinalize,29800,
1443,ReplicationProjection,179300,
1443,SnapshotHashMetrics,600,
1443,EgressPublish,13408800,
1444,IngressCapture,4900,
1444,DecodeAndCanonicalize,200,
1444,ApplyInputs,366600,
1444,ProcessorPlan,54700,
1444,CrossWorldPrepare,900,
1444,NativeJobBarrier,200,
1444,CommitDecision,200,
1444,VoxelCommit,900,
1444,EcsCommandBufferCommit,165100,
1444,GasAndEventFinalize,45800,
1444,ReplicationProjection,237400,
1444,SnapshotHashMetrics,600,
1444,EgressPublish,17439300,
1445,IngressCapture,5300,
1445,DecodeAndCanonicalize,200,
1445,ApplyInputs,278200,
1445,ProcessorPlan,51800,
1445,CrossWorldPrepare,600,
1445,NativeJobBarrier,200,
1445,CommitDecision,200,
1445,VoxelCommit,1100,
1445,EcsCommandBufferCommit,134700,
1445,GasAndEventFinalize,44400,
1445,ReplicationProjection,212500,
1445,SnapshotHashMetrics,400,
1445,EgressPublish,15160800,
1446,IngressCapture,3600,
1446,DecodeAndCanonicalize,200,
1446,ApplyInputs,568400,
1446,ProcessorPlan,108500,
1446,CrossWorldPrepare,1300,
1446,NativeJobBarrier,300,
1446,CommitDecision,800,
1446,VoxelCommit,700,
1446,EcsCommandBufferCommit,132900,
1446,GasAndEventFinalize,70100,
1446,ReplicationProjection,225700,
1446,SnapshotHashMetrics,300,
1446,EgressPublish,13860800,
1447,IngressCapture,6600,
1447,DecodeAndCanonicalize,300,
1447,ApplyInputs,430800,
1447,ProcessorPlan,60800,
1447,CrossWorldPrepare,800,
1447,NativeJobBarrier,300,
1447,CommitDecision,1000,
1447,VoxelCommit,2200,
1447,EcsCommandBufferCommit,215000,
1447,GasAndEventFinalize,63500,
1447,ReplicationProjection,235000,
1447,SnapshotHashMetrics,500,
1447,EgressPublish,15315400,
1448,IngressCapture,4400,
1448,DecodeAndCanonicalize,100,
1448,ApplyInputs,391600,
1448,ProcessorPlan,66600,
1448,CrossWorldPrepare,400,
1448,NativeJobBarrier,200,
1448,CommitDecision,300,
1448,VoxelCommit,1100,
1448,EcsCommandBufferCommit,155600,
1448,GasAndEventFinalize,63400,
1448,ReplicationProjection,276300,
1448,SnapshotHashMetrics,2500,
1448,EgressPublish,15060000,
1449,IngressCapture,4400,
1449,DecodeAndCanonicalize,300,
1449,ApplyInputs,299900,
1449,ProcessorPlan,50300,
1449,CrossWorldPrepare,500,
1449,NativeJobBarrier,300,
1449,CommitDecision,200,
1449,VoxelCommit,1100,
1449,EcsCommandBufferCommit,128800,
1449,GasAndEventFinalize,49000,
1449,ReplicationProjection,202700,
1449,SnapshotHashMetrics,400,
1449,EgressPublish,12845500,
1450,IngressCapture,4400,
1450,DecodeAndCanonicalize,300,
1450,ApplyInputs,280700,
1450,ProcessorPlan,62800,
1450,CrossWorldPrepare,500,
1450,NativeJobBarrier,200,
1450,CommitDecision,600,
1450,VoxelCommit,1200,
1450,EcsCommandBufferCommit,176100,
1450,GasAndEventFinalize,60300,
1450,ReplicationProjection,269600,
1450,SnapshotHashMetrics,800,
1450,EgressPublish,20112100,
1451,IngressCapture,4400,
1451,DecodeAndCanonicalize,300,
1451,ApplyInputs,307800,
1451,ProcessorPlan,39800,
1451,CrossWorldPrepare,400,
1451,NativeJobBarrier,200,
1451,CommitDecision,100,
1451,VoxelCommit,1200,
1451,EcsCommandBufferCommit,180500,
1451,GasAndEventFinalize,55700,
1451,ReplicationProjection,694800,
1451,SnapshotHashMetrics,500,
1451,EgressPublish,16613700,
1452,IngressCapture,5000,
1452,DecodeAndCanonicalize,300,
1452,ApplyInputs,527200,
1452,ProcessorPlan,53400,
1452,CrossWorldPrepare,600,
1452,NativeJobBarrier,300,
1452,CommitDecision,800,
1452,VoxelCommit,2100,
1452,EcsCommandBufferCommit,280100,
1452,GasAndEventFinalize,70600,
1452,ReplicationProjection,249600,
1452,SnapshotHashMetrics,600,
1452,EgressPublish,18496000,
1453,IngressCapture,5000,
1453,DecodeAndCanonicalize,500,
1453,ApplyInputs,290300,
1453,ProcessorPlan,55700,
1453,CrossWorldPrepare,1200,
1453,NativeJobBarrier,100,
1453,CommitDecision,500,
1453,VoxelCommit,1100,
1453,EcsCommandBufferCommit,143600,
1453,GasAndEventFinalize,49400,
1453,ReplicationProjection,225300,
1453,SnapshotHashMetrics,500,
1453,EgressPublish,17000800,
1454,IngressCapture,5400,
1454,DecodeAndCanonicalize,200,
1454,ApplyInputs,660500,
1454,ProcessorPlan,106000,
1454,CrossWorldPrepare,1400,
1454,NativeJobBarrier,200,
1454,CommitDecision,900,
1454,VoxelCommit,700,
1454,EcsCommandBufferCommit,148100,
1454,GasAndEventFinalize,74000,
1454,ReplicationProjection,273700,
1454,SnapshotHashMetrics,900,
1454,EgressPublish,17593300,
1455,IngressCapture,4600,
1455,DecodeAndCanonicalize,400,
1455,ApplyInputs,235400,
1455,ProcessorPlan,36400,
1455,CrossWorldPrepare,400,
1455,NativeJobBarrier,100,
1455,CommitDecision,300,
1455,VoxelCommit,800,
1455,EcsCommandBufferCommit,100400,
1455,GasAndEventFinalize,32300,
1455,ReplicationProjection,138200,
1455,SnapshotHashMetrics,100,
1455,EgressPublish,16060100,
1456,IngressCapture,14900,
1456,DecodeAndCanonicalize,300,
1456,ApplyInputs,328700,
1456,ProcessorPlan,84000,
1456,CrossWorldPrepare,1400,
1456,NativeJobBarrier,200,
1456,CommitDecision,400,
1456,VoxelCommit,1300,
1456,EcsCommandBufferCommit,167000,
1456,GasAndEventFinalize,64800,
1456,ReplicationProjection,286200,
1456,SnapshotHashMetrics,1100,
1456,EgressPublish,16886600,
1457,IngressCapture,6200,
1457,DecodeAndCanonicalize,200,
1457,ApplyInputs,398500,
1457,ProcessorPlan,48600,
1457,CrossWorldPrepare,600,
1457,NativeJobBarrier,300,
1457,CommitDecision,200,
1457,VoxelCommit,800,
1457,EcsCommandBufferCommit,115100,
1457,GasAndEventFinalize,42300,
1457,ReplicationProjection,226800,
1457,SnapshotHashMetrics,1200,
1457,EgressPublish,16747100,
1458,IngressCapture,5900,
1458,DecodeAndCanonicalize,200,
1458,ApplyInputs,344400,
1458,ProcessorPlan,52400,
1458,CrossWorldPrepare,600,
1458,NativeJobBarrier,400,
1458,CommitDecision,600,
1458,VoxelCommit,1200,
1458,EcsCommandBufferCommit,171000,
1458,GasAndEventFinalize,51600,
1458,ReplicationProjection,210200,
1458,SnapshotHashMetrics,300,
1458,EgressPublish,15750000,
1459,IngressCapture,3700,
1459,DecodeAndCanonicalize,200,
1459,ApplyInputs,304300,
1459,ProcessorPlan,66700,
1459,CrossWorldPrepare,900,
1459,NativeJobBarrier,300,
1459,CommitDecision,1000,
1459,VoxelCommit,1100,
1459,EcsCommandBufferCommit,157000,
1459,GasAndEventFinalize,54100,
1459,ReplicationProjection,215600,
1459,SnapshotHashMetrics,600,
1459,EgressPublish,16409800,
1460,IngressCapture,4300,
1460,DecodeAndCanonicalize,100,
1460,ApplyInputs,281500,
1460,ProcessorPlan,39600,
1460,CrossWorldPrepare,600,
1460,NativeJobBarrier,100,
1460,CommitDecision,200,
1460,VoxelCommit,900,
1460,EcsCommandBufferCommit,170000,
1460,GasAndEventFinalize,45600,
1460,ReplicationProjection,154400,
1460,SnapshotHashMetrics,800,
1460,EgressPublish,13265400,
1461,IngressCapture,3800,
1461,DecodeAndCanonicalize,300,
1461,ApplyInputs,311900,
1461,ProcessorPlan,47800,
1461,CrossWorldPrepare,600,
1461,NativeJobBarrier,200,
1461,CommitDecision,400,
1461,VoxelCommit,700,
1461,EcsCommandBufferCommit,141400,
1461,GasAndEventFinalize,49200,
1461,ReplicationProjection,224500,
1461,SnapshotHashMetrics,600,
1461,EgressPublish,17908700,
1462,IngressCapture,5700,
1462,DecodeAndCanonicalize,200,
1462,ApplyInputs,523800,
1462,ProcessorPlan,176400,
1462,CrossWorldPrepare,1200,
1462,NativeJobBarrier,500,
1462,CommitDecision,400,
1462,VoxelCommit,1700,
1462,EcsCommandBufferCommit,173200,
1462,GasAndEventFinalize,81100,
1462,ReplicationProjection,237300,
1462,SnapshotHashMetrics,400,
1462,EgressPublish,15370100,
1463,IngressCapture,4600,
1463,DecodeAndCanonicalize,200,
1463,ApplyInputs,262900,
1463,ProcessorPlan,39400,
1463,CrossWorldPrepare,900,
1463,NativeJobBarrier,100,
1463,CommitDecision,900,
1463,VoxelCommit,1300,
1463,EcsCommandBufferCommit,136100,
1463,GasAndEventFinalize,41800,
1463,ReplicationProjection,146100,
1463,SnapshotHashMetrics,100,
1463,EgressPublish,14420200,
1464,IngressCapture,6800,
1464,DecodeAndCanonicalize,200,
1464,ApplyInputs,490900,
1464,ProcessorPlan,107600,
1464,CrossWorldPrepare,1400,
1464,NativeJobBarrier,200,
1464,CommitDecision,500,
1464,VoxelCommit,1600,
1464,EcsCommandBufferCommit,195800,
1464,GasAndEventFinalize,58200,
1464,ReplicationProjection,223100,
1464,SnapshotHashMetrics,600,
1464,EgressPublish,16875800,
1465,IngressCapture,5000,
1465,DecodeAndCanonicalize,300,
1465,ApplyInputs,427900,
1465,ProcessorPlan,64500,
1465,CrossWorldPrepare,600,
1465,NativeJobBarrier,300,
1465,CommitDecision,200,
1465,VoxelCommit,1400,
1465,EcsCommandBufferCommit,157800,
1465,GasAndEventFinalize,52300,
1465,ReplicationProjection,287700,
1465,SnapshotHashMetrics,800,
1465,EgressPublish,18160300,
1466,IngressCapture,3800,
1466,DecodeAndCanonicalize,100,
1466,ApplyInputs,218400,
1466,ProcessorPlan,32000,
1466,CrossWorldPrepare,500,
1466,NativeJobBarrier,200,
1466,CommitDecision,200,
1466,VoxelCommit,600,
1466,EcsCommandBufferCommit,107800,
1466,GasAndEventFinalize,32900,
1466,ReplicationProjection,139500,
1466,SnapshotHashMetrics,600,
1466,EgressPublish,15412500,
1467,IngressCapture,4300,
1467,DecodeAndCanonicalize,100,
1467,ApplyInputs,238100,
1467,ProcessorPlan,41600,
1467,CrossWorldPrepare,600,
1467,NativeJobBarrier,200,
1467,CommitDecision,300,
1467,VoxelCommit,900,
1467,EcsCommandBufferCommit,128300,
1467,GasAndEventFinalize,40800,
1467,ReplicationProjection,154700,
1467,SnapshotHashMetrics,300,
1467,EgressPublish,14605800,
1468,IngressCapture,4700,
1468,DecodeAndCanonicalize,100,
1468,ApplyInputs,257600,
1468,ProcessorPlan,36400,
1468,CrossWorldPrepare,500,
1468,NativeJobBarrier,100,
1468,CommitDecision,300,
1468,VoxelCommit,900,
1468,EcsCommandBufferCommit,104000,
1468,GasAndEventFinalize,29000,
1468,ReplicationProjection,144300,
1468,SnapshotHashMetrics,200,
1468,EgressPublish,12377900,
1469,IngressCapture,3500,
1469,DecodeAndCanonicalize,200,
1469,ApplyInputs,371600,
1469,ProcessorPlan,60600,
1469,CrossWorldPrepare,600,
1469,NativeJobBarrier,300,
1469,CommitDecision,300,
1469,VoxelCommit,1400,
1469,EcsCommandBufferCommit,203800,
1469,GasAndEventFinalize,59900,
1469,ReplicationProjection,235300,
1469,SnapshotHashMetrics,1000,
1469,EgressPublish,15175800,
1470,IngressCapture,2700,
1470,DecodeAndCanonicalize,100,
1470,ApplyInputs,259900,
1470,ProcessorPlan,95300,
1470,CrossWorldPrepare,500,
1470,NativeJobBarrier,200,
1470,CommitDecision,400,
1470,VoxelCommit,600,
1470,EcsCommandBufferCommit,81700,
1470,GasAndEventFinalize,43100,
1470,ReplicationProjection,141200,
1470,SnapshotHashMetrics,100,
1470,EgressPublish,9377900,
1471,IngressCapture,4100,
1471,DecodeAndCanonicalize,200,
1471,ApplyInputs,212600,
1471,ProcessorPlan,31300,
1471,CrossWorldPrepare,300,
1471,NativeJobBarrier,200,
1471,CommitDecision,200,
1471,VoxelCommit,600,
1471,EcsCommandBufferCommit,79500,
1471,GasAndEventFinalize,25100,
1471,ReplicationProjection,125400,
1471,SnapshotHashMetrics,200,
1471,EgressPublish,9553700,
1472,IngressCapture,3600,
1472,DecodeAndCanonicalize,200,
1472,ApplyInputs,202700,
1472,ProcessorPlan,34400,
1472,CrossWorldPrepare,400,
1472,NativeJobBarrier,300,
1472,CommitDecision,200,
1472,VoxelCommit,600,
1472,EcsCommandBufferCommit,124400,
1472,GasAndEventFinalize,32100,
1472,ReplicationProjection,140200,
1472,SnapshotHashMetrics,200,
1472,EgressPublish,10618500,
1473,IngressCapture,4300,
1473,DecodeAndCanonicalize,200,
1473,ApplyInputs,225400,
1473,ProcessorPlan,30900,
1473,CrossWorldPrepare,400,
1473,NativeJobBarrier,200,
1473,CommitDecision,200,
1473,VoxelCommit,400,
1473,EcsCommandBufferCommit,73300,
1473,GasAndEventFinalize,25000,
1473,ReplicationProjection,130800,
1473,SnapshotHashMetrics,100,
1473,EgressPublish,7350200,
1474,IngressCapture,2900,
1474,DecodeAndCanonicalize,200,
1474,ApplyInputs,172300,
1474,ProcessorPlan,29800,
1474,CrossWorldPrepare,400,
1474,NativeJobBarrier,100,
1474,CommitDecision,100,
1474,VoxelCommit,400,
1474,EcsCommandBufferCommit,62800,
1474,GasAndEventFinalize,21100,
1474,ReplicationProjection,123500,
1474,SnapshotHashMetrics,400,
1474,EgressPublish,8195400,
1475,IngressCapture,2700,
1475,DecodeAndCanonicalize,100,
1475,ApplyInputs,173400,
1475,ProcessorPlan,35900,
1475,CrossWorldPrepare,300,
1475,NativeJobBarrier,100,
1475,CommitDecision,100,
1475,VoxelCommit,400,
1475,EcsCommandBufferCommit,86200,
1475,GasAndEventFinalize,24700,
1475,ReplicationProjection,127900,
1475,SnapshotHashMetrics,400,
1475,EgressPublish,7774100,
1476,IngressCapture,4300,
1476,DecodeAndCanonicalize,200,
1476,ApplyInputs,199400,
1476,ProcessorPlan,30200,
1476,CrossWorldPrepare,500,
1476,NativeJobBarrier,200,
1476,CommitDecision,100,
1476,VoxelCommit,500,
1476,EcsCommandBufferCommit,62900,
1476,GasAndEventFinalize,21100,
1476,ReplicationProjection,147100,
1476,SnapshotHashMetrics,700,
1476,EgressPublish,8289200,
1477,IngressCapture,3800,
1477,DecodeAndCanonicalize,100,
1477,ApplyInputs,155100,
1477,ProcessorPlan,29900,
1477,CrossWorldPrepare,400,
1477,NativeJobBarrier,200,
1477,CommitDecision,400,
1477,VoxelCommit,800,
1477,EcsCommandBufferCommit,74200,
1477,GasAndEventFinalize,53300,
1477,ReplicationProjection,129700,
1477,SnapshotHashMetrics,200,
1477,EgressPublish,8351700,
1478,IngressCapture,5400,
1478,DecodeAndCanonicalize,100,
1478,ApplyInputs,475100,
1478,ProcessorPlan,47800,
1478,CrossWorldPrepare,500,
1478,NativeJobBarrier,200,
1478,CommitDecision,200,
1478,VoxelCommit,400,
1478,EcsCommandBufferCommit,69000,
1478,GasAndEventFinalize,33200,
1478,ReplicationProjection,122200,
1478,SnapshotHashMetrics,300,
1478,EgressPublish,8150600,
1479,IngressCapture,2500,
1479,DecodeAndCanonicalize,200,
1479,ApplyInputs,160500,
1479,ProcessorPlan,28600,
1479,CrossWorldPrepare,300,
1479,NativeJobBarrier,100,
1479,CommitDecision,200,
1479,VoxelCommit,500,
1479,EcsCommandBufferCommit,68400,
1479,GasAndEventFinalize,24100,
1479,ReplicationProjection,126600,
1479,SnapshotHashMetrics,300,
1479,EgressPublish,7951500,
1480,IngressCapture,3100,
1480,DecodeAndCanonicalize,100,
1480,ApplyInputs,159900,
1480,ProcessorPlan,31700,
1480,CrossWorldPrepare,400,
1480,NativeJobBarrier,100,
1480,CommitDecision,100,
1480,VoxelCommit,700,
1480,EcsCommandBufferCommit,83800,
1480,GasAndEventFinalize,28500,
1480,ReplicationProjection,165400,
1480,SnapshotHashMetrics,300,
1480,EgressPublish,8161600,
1481,IngressCapture,2700,
1481,DecodeAndCanonicalize,100,
1481,ApplyInputs,215500,
1481,ProcessorPlan,32900,
1481,CrossWorldPrepare,400,
1481,NativeJobBarrier,200,
1481,CommitDecision,100,
1481,VoxelCommit,400,
1481,EcsCommandBufferCommit,74600,
1481,GasAndEventFinalize,23000,
1481,ReplicationProjection,122400,
1481,SnapshotHashMetrics,500,
1481,EgressPublish,8058600,
1482,IngressCapture,3200,
1482,DecodeAndCanonicalize,200,
1482,ApplyInputs,158300,
1482,ProcessorPlan,32100,
1482,CrossWorldPrepare,400,
1482,NativeJobBarrier,200,
1482,CommitDecision,300,
1482,VoxelCommit,500,
1482,EcsCommandBufferCommit,69500,
1482,GasAndEventFinalize,22300,
1482,ReplicationProjection,121400,
1482,SnapshotHashMetrics,200,
1482,EgressPublish,7474800,
1483,IngressCapture,2400,
1483,DecodeAndCanonicalize,100,
1483,ApplyInputs,178900,
1483,ProcessorPlan,28900,
1483,CrossWorldPrepare,300,
1483,NativeJobBarrier,100,
1483,CommitDecision,200,
1483,VoxelCommit,500,
1483,EcsCommandBufferCommit,65200,
1483,GasAndEventFinalize,20000,
1483,ReplicationProjection,115800,
1483,SnapshotHashMetrics,300,
1483,EgressPublish,7719500,
1484,IngressCapture,2800,
1484,DecodeAndCanonicalize,200,
1484,ApplyInputs,167400,
1484,ProcessorPlan,40900,
1484,CrossWorldPrepare,300,
1484,NativeJobBarrier,100,
1484,CommitDecision,200,
1484,VoxelCommit,400,
1484,EcsCommandBufferCommit,61700,
1484,GasAndEventFinalize,19600,
1484,ReplicationProjection,117600,
1484,SnapshotHashMetrics,200,
1484,EgressPublish,8056300,
1485,IngressCapture,5200,
1485,DecodeAndCanonicalize,100,
1485,ApplyInputs,194100,
1485,ProcessorPlan,32300,
1485,CrossWorldPrepare,500,
1485,NativeJobBarrier,200,
1485,CommitDecision,200,
1485,VoxelCommit,500,
1485,EcsCommandBufferCommit,89400,
1485,GasAndEventFinalize,30600,
1485,ReplicationProjection,156800,
1485,SnapshotHashMetrics,200,
1485,EgressPublish,8708400,
1486,IngressCapture,4800,
1486,DecodeAndCanonicalize,200,
1486,ApplyInputs,344700,
1486,ProcessorPlan,43800,
1486,CrossWorldPrepare,700,
1486,NativeJobBarrier,200,
1486,CommitDecision,200,
1486,VoxelCommit,500,
1486,EcsCommandBufferCommit,77600,
1486,GasAndEventFinalize,33700,
1486,ReplicationProjection,125700,
1486,SnapshotHashMetrics,300,
1486,EgressPublish,8083100,
1487,IngressCapture,3600,
1487,DecodeAndCanonicalize,200,
1487,ApplyInputs,181400,
1487,ProcessorPlan,30500,
1487,CrossWorldPrepare,600,
1487,NativeJobBarrier,200,
1487,CommitDecision,100,
1487,VoxelCommit,500,
1487,EcsCommandBufferCommit,71500,
1487,GasAndEventFinalize,22000,
1487,ReplicationProjection,123700,
1487,SnapshotHashMetrics,200,
1487,EgressPublish,8335600,
1488,IngressCapture,4000,
1488,DecodeAndCanonicalize,200,
1488,ApplyInputs,189200,
1488,ProcessorPlan,35100,
1488,CrossWorldPrepare,800,
1488,NativeJobBarrier,100,
1488,CommitDecision,200,
1488,VoxelCommit,600,
1488,EcsCommandBufferCommit,102000,
1488,GasAndEventFinalize,29300,
1488,ReplicationProjection,131800,
1488,SnapshotHashMetrics,200,
1488,EgressPublish,8820600,
1489,IngressCapture,5000,
1489,DecodeAndCanonicalize,100,
1489,ApplyInputs,252800,
1489,ProcessorPlan,32400,
1489,CrossWorldPrepare,500,
1489,NativeJobBarrier,200,
1489,CommitDecision,400,
1489,VoxelCommit,500,
1489,EcsCommandBufferCommit,84200,
1489,GasAndEventFinalize,26200,
1489,ReplicationProjection,130900,
1489,SnapshotHashMetrics,200,
1489,EgressPublish,8199100,
1490,IngressCapture,3000,
1490,DecodeAndCanonicalize,100,
1490,ApplyInputs,180000,
1490,ProcessorPlan,28900,
1490,CrossWorldPrepare,400,
1490,NativeJobBarrier,200,
1490,CommitDecision,100,
1490,VoxelCommit,500,
1490,EcsCommandBufferCommit,67100,
1490,GasAndEventFinalize,21900,
1490,ReplicationProjection,119800,
1490,SnapshotHashMetrics,300,
1490,EgressPublish,8342600,
1491,IngressCapture,3300,
1491,DecodeAndCanonicalize,200,
1491,ApplyInputs,210900,
1491,ProcessorPlan,35900,
1491,CrossWorldPrepare,500,
1491,NativeJobBarrier,200,
1491,CommitDecision,200,
1491,VoxelCommit,800,
1491,EcsCommandBufferCommit,94500,
1491,GasAndEventFinalize,29000,
1491,ReplicationProjection,118500,
1491,SnapshotHashMetrics,200,
1491,EgressPublish,8099900,
1492,IngressCapture,3400,
1492,DecodeAndCanonicalize,100,
1492,ApplyInputs,216400,
1492,ProcessorPlan,32600,
1492,CrossWorldPrepare,400,
1492,NativeJobBarrier,200,
1492,CommitDecision,400,
1492,VoxelCommit,400,
1492,EcsCommandBufferCommit,87200,
1492,GasAndEventFinalize,29100,
1492,ReplicationProjection,127200,
1492,SnapshotHashMetrics,300,
1492,EgressPublish,9900600,
1493,IngressCapture,3600,
1493,DecodeAndCanonicalize,200,
1493,ApplyInputs,182600,
1493,ProcessorPlan,32300,
1493,CrossWorldPrepare,1000,
1493,NativeJobBarrier,200,
1493,CommitDecision,200,
1493,VoxelCommit,700,
1493,EcsCommandBufferCommit,88100,
1493,GasAndEventFinalize,26600,
1493,ReplicationProjection,125900,
1493,SnapshotHashMetrics,600,
1493,EgressPublish,9053000,
1494,IngressCapture,4400,
1494,DecodeAndCanonicalize,200,
1494,ApplyInputs,486400,
1494,ProcessorPlan,51000,
1494,CrossWorldPrepare,600,
1494,NativeJobBarrier,200,
1494,CommitDecision,400,
1494,VoxelCommit,600,
1494,EcsCommandBufferCommit,576500,
1494,GasAndEventFinalize,50400,
1494,ReplicationProjection,871500,
1494,SnapshotHashMetrics,800,
1494,EgressPublish,13260000,
1495,IngressCapture,5500,
1495,DecodeAndCanonicalize,300,
1495,ApplyInputs,307800,
1495,ProcessorPlan,38200,
1495,CrossWorldPrepare,600,
1495,NativeJobBarrier,100,
1495,CommitDecision,200,
1495,VoxelCommit,900,
1495,EcsCommandBufferCommit,92100,
1495,GasAndEventFinalize,31700,
1495,ReplicationProjection,166500,
1495,SnapshotHashMetrics,300,
1495,EgressPublish,12867100,
1496,IngressCapture,4700,
1496,DecodeAndCanonicalize,300,
1496,ApplyInputs,249700,
1496,ProcessorPlan,49200,
1496,CrossWorldPrepare,600,
1496,NativeJobBarrier,200,
1496,CommitDecision,300,
1496,VoxelCommit,1800,
1496,EcsCommandBufferCommit,110600,
1496,GasAndEventFinalize,45100,
1496,ReplicationProjection,202800,
1496,SnapshotHashMetrics,800,
1496,EgressPublish,10761700,
1497,IngressCapture,5800,
1497,DecodeAndCanonicalize,100,
1497,ApplyInputs,270500,
1497,ProcessorPlan,35700,
1497,CrossWorldPrepare,1100,
1497,NativeJobBarrier,300,
1497,CommitDecision,400,
1497,VoxelCommit,900,
1497,EcsCommandBufferCommit,125000,
1497,GasAndEventFinalize,46600,
1497,ReplicationProjection,265400,
1497,SnapshotHashMetrics,400,
1497,EgressPublish,15948600,
1498,IngressCapture,7700,
1498,DecodeAndCanonicalize,300,
1498,ApplyInputs,420000,
1498,ProcessorPlan,92400,
1498,CrossWorldPrepare,1000,
1498,NativeJobBarrier,200,
1498,CommitDecision,400,
1498,VoxelCommit,2200,
1498,EcsCommandBufferCommit,281300,
1498,GasAndEventFinalize,94700,
1498,ReplicationProjection,784400,
1498,SnapshotHashMetrics,400,
1498,EgressPublish,17543100,
1499,IngressCapture,14000,
1499,DecodeAndCanonicalize,400,
1499,ApplyInputs,405100,
1499,ProcessorPlan,59500,
1499,CrossWorldPrepare,800,
1499,NativeJobBarrier,300,
1499,CommitDecision,300,
1499,VoxelCommit,1100,
1499,EcsCommandBufferCommit,140000,
1499,GasAndEventFinalize,38500,
1499,ReplicationProjection,283700,
1499,SnapshotHashMetrics,400,
1499,EgressPublish,16414200,
1500,IngressCapture,5700,
1500,DecodeAndCanonicalize,400,
1500,ApplyInputs,424000,
1500,ProcessorPlan,175100,
1500,CrossWorldPrepare,800,
1500,NativeJobBarrier,100,
1500,CommitDecision,200,
1500,VoxelCommit,1300,
1500,EcsCommandBufferCommit,165800,
1500,GasAndEventFinalize,66600,
1500,ReplicationProjection,238300,
1500,SnapshotHashMetrics,700,
1500,EgressPublish,17680600,
1501,IngressCapture,3900,
1501,DecodeAndCanonicalize,200,
1501,ApplyInputs,296300,
1501,ProcessorPlan,49800,
1501,CrossWorldPrepare,700,
1501,NativeJobBarrier,200,
1501,CommitDecision,200,
1501,VoxelCommit,900,
1501,EcsCommandBufferCommit,173100,
1501,GasAndEventFinalize,44300,
1501,ReplicationProjection,223900,
1501,SnapshotHashMetrics,500,
1501,EgressPublish,14078400,
1502,IngressCapture,5000,
1502,DecodeAndCanonicalize,100,
1502,ApplyInputs,329300,
1502,ProcessorPlan,121400,
1502,CrossWorldPrepare,700,
1502,NativeJobBarrier,200,
1502,CommitDecision,300,
1502,VoxelCommit,700,
1502,EcsCommandBufferCommit,104000,
1502,GasAndEventFinalize,41900,
1502,ReplicationProjection,149400,
1502,SnapshotHashMetrics,400,
1502,EgressPublish,14021200,
1503,IngressCapture,6000,
1503,DecodeAndCanonicalize,200,
1503,ApplyInputs,367800,
1503,ProcessorPlan,51600,
1503,CrossWorldPrepare,600,
1503,NativeJobBarrier,100,
1503,CommitDecision,200,
1503,VoxelCommit,700,
1503,EcsCommandBufferCommit,115300,
1503,GasAndEventFinalize,44800,
1503,ReplicationProjection,229000,
1503,SnapshotHashMetrics,400,
1503,EgressPublish,13044100,
1504,IngressCapture,4900,
1504,DecodeAndCanonicalize,200,
1504,ApplyInputs,339400,
1504,ProcessorPlan,56300,
1504,CrossWorldPrepare,800,
1504,NativeJobBarrier,300,
1504,CommitDecision,500,
1504,VoxelCommit,1700,
1504,EcsCommandBufferCommit,629000,
1504,GasAndEventFinalize,93300,
1504,ReplicationProjection,232800,
1504,SnapshotHashMetrics,600,
1504,EgressPublish,17669700,
1505,IngressCapture,5500,
1505,DecodeAndCanonicalize,200,
1505,ApplyInputs,410600,
1505,ProcessorPlan,67400,
1505,CrossWorldPrepare,800,
1505,NativeJobBarrier,300,
1505,CommitDecision,500,
1505,VoxelCommit,900,
1505,EcsCommandBufferCommit,151100,
1505,GasAndEventFinalize,52600,
1505,ReplicationProjection,235700,
1505,SnapshotHashMetrics,700,
1505,EgressPublish,16491400,
1506,IngressCapture,4500,
1506,DecodeAndCanonicalize,200,
1506,ApplyInputs,353000,
1506,ProcessorPlan,51200,
1506,CrossWorldPrepare,600,
1506,NativeJobBarrier,400,
1506,CommitDecision,1000,
1506,VoxelCommit,1600,
1506,EcsCommandBufferCommit,139200,
1506,GasAndEventFinalize,50800,
1506,ReplicationProjection,233100,
1506,SnapshotHashMetrics,400,
1506,EgressPublish,18433800,
1507,IngressCapture,4500,
1507,DecodeAndCanonicalize,200,
1507,ApplyInputs,308100,
1507,ProcessorPlan,131100,
1507,CrossWorldPrepare,1400,
1507,NativeJobBarrier,200,
1507,CommitDecision,200,
1507,VoxelCommit,1000,
1507,EcsCommandBufferCommit,143100,
1507,GasAndEventFinalize,45800,
1507,ReplicationProjection,247900,
1507,SnapshotHashMetrics,700,
1507,EgressPublish,18267800,
1508,IngressCapture,4300,
1508,DecodeAndCanonicalize,200,
1508,ApplyInputs,284300,
1508,ProcessorPlan,34400,
1508,CrossWorldPrepare,400,
1508,NativeJobBarrier,100,
1508,CommitDecision,700,
1508,VoxelCommit,700,
1508,EcsCommandBufferCommit,92900,
1508,GasAndEventFinalize,26500,
1508,ReplicationProjection,136600,
1508,SnapshotHashMetrics,200,
1508,EgressPublish,10114500,
1509,IngressCapture,3500,
1509,DecodeAndCanonicalize,200,
1509,ApplyInputs,234200,
1509,ProcessorPlan,37400,
1509,CrossWorldPrepare,600,
1509,NativeJobBarrier,200,
1509,CommitDecision,300,
1509,VoxelCommit,1100,
1509,EcsCommandBufferCommit,165700,
1509,GasAndEventFinalize,53800,
1509,ReplicationProjection,235000,
1509,SnapshotHashMetrics,600,
1509,EgressPublish,14056400,
1510,IngressCapture,4700,
1510,DecodeAndCanonicalize,200,
1510,ApplyInputs,688700,
1510,ProcessorPlan,52500,
1510,CrossWorldPrepare,400,
1510,NativeJobBarrier,200,
1510,CommitDecision,200,
1510,VoxelCommit,800,
1510,EcsCommandBufferCommit,118300,
1510,GasAndEventFinalize,66800,
1510,ReplicationProjection,233000,
1510,SnapshotHashMetrics,500,
1510,EgressPublish,14626100,
1511,IngressCapture,5100,
1511,DecodeAndCanonicalize,200,
1511,ApplyInputs,308800,
1511,ProcessorPlan,66000,
1511,CrossWorldPrepare,500,
1511,NativeJobBarrier,400,
1511,CommitDecision,300,
1511,VoxelCommit,1100,
1511,EcsCommandBufferCommit,159000,
1511,GasAndEventFinalize,54700,
1511,ReplicationProjection,239000,
1511,SnapshotHashMetrics,200,
1511,EgressPublish,17308700,
1512,IngressCapture,4000,
1512,DecodeAndCanonicalize,100,
1512,ApplyInputs,247800,
1512,ProcessorPlan,35400,
1512,CrossWorldPrepare,400,
1512,NativeJobBarrier,200,
1512,CommitDecision,400,
1512,VoxelCommit,1200,
1512,EcsCommandBufferCommit,128800,
1512,GasAndEventFinalize,40000,
1512,ReplicationProjection,254200,
1512,SnapshotHashMetrics,800,
1512,EgressPublish,13250300,
1513,IngressCapture,5500,
1513,DecodeAndCanonicalize,300,
1513,ApplyInputs,371900,
1513,ProcessorPlan,60500,
1513,CrossWorldPrepare,600,
1513,NativeJobBarrier,300,
1513,CommitDecision,200,
1513,VoxelCommit,900,
1513,EcsCommandBufferCommit,151600,
1513,GasAndEventFinalize,34200,
1513,ReplicationProjection,152700,
1513,SnapshotHashMetrics,300,
1513,EgressPublish,12562400,
1514,IngressCapture,5700,
1514,DecodeAndCanonicalize,200,
1514,ApplyInputs,427000,
1514,ProcessorPlan,51100,
1514,CrossWorldPrepare,400,
1514,NativeJobBarrier,300,
1514,CommitDecision,500,
1514,VoxelCommit,1100,
1514,EcsCommandBufferCommit,140900,
1514,GasAndEventFinalize,47500,
1514,ReplicationProjection,244400,
1514,SnapshotHashMetrics,1200,
1514,EgressPublish,17264600,
1515,IngressCapture,4600,
1515,DecodeAndCanonicalize,200,
1515,ApplyInputs,348000,
1515,ProcessorPlan,52600,
1515,CrossWorldPrepare,500,
1515,NativeJobBarrier,200,
1515,CommitDecision,500,
1515,VoxelCommit,1100,
1515,EcsCommandBufferCommit,188800,
1515,GasAndEventFinalize,59300,
1515,ReplicationProjection,242700,
1515,SnapshotHashMetrics,1100,
1515,EgressPublish,14601500,
1516,IngressCapture,4800,
1516,DecodeAndCanonicalize,300,
1516,ApplyInputs,300600,
1516,ProcessorPlan,60500,
1516,CrossWorldPrepare,600,
1516,NativeJobBarrier,500,
1516,CommitDecision,300,
1516,VoxelCommit,1000,
1516,EcsCommandBufferCommit,144100,
1516,GasAndEventFinalize,47300,
1516,ReplicationProjection,221400,
1516,SnapshotHashMetrics,1200,
1516,EgressPublish,15346700,
1517,IngressCapture,5500,
1517,DecodeAndCanonicalize,200,
1517,ApplyInputs,322400,
1517,ProcessorPlan,50900,
1517,CrossWorldPrepare,400,
1517,NativeJobBarrier,200,
1517,CommitDecision,400,
1517,VoxelCommit,800,
1517,EcsCommandBufferCommit,114000,
1517,GasAndEventFinalize,42800,
1517,ReplicationProjection,221600,
1517,SnapshotHashMetrics,300,
1517,EgressPublish,13639500,
1518,IngressCapture,4000,
1518,DecodeAndCanonicalize,200,
1518,ApplyInputs,402900,
1518,ProcessorPlan,144000,
1518,CrossWorldPrepare,900,
1518,NativeJobBarrier,200,
1518,CommitDecision,400,
1518,VoxelCommit,900,
1518,EcsCommandBufferCommit,129700,
1518,GasAndEventFinalize,73100,
1518,ReplicationProjection,269800,
1518,SnapshotHashMetrics,700,
1518,EgressPublish,16101800,
1519,IngressCapture,4100,
1519,DecodeAndCanonicalize,100,
1519,ApplyInputs,232300,
1519,ProcessorPlan,34400,
1519,CrossWorldPrepare,400,
1519,NativeJobBarrier,100,
1519,CommitDecision,400,
1519,VoxelCommit,700,
1519,EcsCommandBufferCommit,112100,
1519,GasAndEventFinalize,33000,
1519,ReplicationProjection,141400,
1519,SnapshotHashMetrics,400,
1519,EgressPublish,11574400,
1520,IngressCapture,6200,
1520,DecodeAndCanonicalize,200,
1520,ApplyInputs,421300,
1520,ProcessorPlan,62600,
1520,CrossWorldPrepare,1100,
1520,NativeJobBarrier,200,
1520,CommitDecision,1200,
1520,VoxelCommit,1000,
1520,EcsCommandBufferCommit,237600,
1520,GasAndEventFinalize,53000,
1520,ReplicationProjection,167400,
1520,SnapshotHashMetrics,300,
1520,EgressPublish,11791500,
1521,IngressCapture,3900,
1521,DecodeAndCanonicalize,200,
1521,ApplyInputs,331700,
1521,ProcessorPlan,51600,
1521,CrossWorldPrepare,500,
1521,NativeJobBarrier,300,
1521,CommitDecision,400,
1521,VoxelCommit,600,
1521,EcsCommandBufferCommit,117100,
1521,GasAndEventFinalize,38600,
1521,ReplicationProjection,229400,
1521,SnapshotHashMetrics,600,
1521,EgressPublish,14880000,
1522,IngressCapture,3900,
1522,DecodeAndCanonicalize,200,
1522,ApplyInputs,207800,
1522,ProcessorPlan,33200,
1522,CrossWorldPrepare,400,
1522,NativeJobBarrier,100,
1522,CommitDecision,200,
1522,VoxelCommit,700,
1522,EcsCommandBufferCommit,86400,
1522,GasAndEventFinalize,28200,
1522,ReplicationProjection,133400,
1522,SnapshotHashMetrics,300,
1522,EgressPublish,9350200,
1523,IngressCapture,2800,
1523,DecodeAndCanonicalize,200,
1523,ApplyInputs,182100,
1523,ProcessorPlan,33000,
1523,CrossWorldPrepare,300,
1523,NativeJobBarrier,100,
1523,CommitDecision,200,
1523,VoxelCommit,500,
1523,EcsCommandBufferCommit,84800,
1523,GasAndEventFinalize,30000,
1523,ReplicationProjection,136700,
1523,SnapshotHashMetrics,200,
1523,EgressPublish,11294800,
1524,IngressCapture,3100,
1524,DecodeAndCanonicalize,100,
1524,ApplyInputs,239000,
1524,ProcessorPlan,32200,
1524,CrossWorldPrepare,400,
1524,NativeJobBarrier,100,
1524,CommitDecision,500,
1524,VoxelCommit,1000,
1524,EcsCommandBufferCommit,83900,
1524,GasAndEventFinalize,27400,
1524,ReplicationProjection,127300,
1524,SnapshotHashMetrics,300,
1524,EgressPublish,10222400,
1525,IngressCapture,4700,
1525,DecodeAndCanonicalize,200,
1525,ApplyInputs,458300,
1525,ProcessorPlan,49200,
1525,CrossWorldPrepare,700,
1525,NativeJobBarrier,100,
1525,CommitDecision,100,
1525,VoxelCommit,600,
1525,EcsCommandBufferCommit,404300,
1525,GasAndEventFinalize,56900,
1525,ReplicationProjection,588000,
1525,SnapshotHashMetrics,700,
1525,EgressPublish,13154300,
1526,IngressCapture,3200,
1526,DecodeAndCanonicalize,200,
1526,ApplyInputs,244500,
1526,ProcessorPlan,55300,
1526,CrossWorldPrepare,600,
1526,NativeJobBarrier,200,
1526,CommitDecision,300,
1526,VoxelCommit,700,
1526,EcsCommandBufferCommit,142300,
1526,GasAndEventFinalize,76200,
1526,ReplicationProjection,268200,
1526,SnapshotHashMetrics,600,
1526,EgressPublish,12255100,
1527,IngressCapture,4500,
1527,DecodeAndCanonicalize,200,
1527,ApplyInputs,365700,
1527,ProcessorPlan,56000,
1527,CrossWorldPrepare,1300,
1527,NativeJobBarrier,300,
1527,CommitDecision,700,
1527,VoxelCommit,900,
1527,EcsCommandBufferCommit,187900,
1527,GasAndEventFinalize,69700,
1527,ReplicationProjection,268100,
1527,SnapshotHashMetrics,1000,
1527,EgressPublish,15795600,
1528,IngressCapture,3400,
1528,DecodeAndCanonicalize,300,
1528,ApplyInputs,240400,
1528,ProcessorPlan,52300,
1528,CrossWorldPrepare,4900,
1528,NativeJobBarrier,200,
1528,CommitDecision,400,
1528,VoxelCommit,900,
1528,EcsCommandBufferCommit,169400,
1528,GasAndEventFinalize,68100,
1528,ReplicationProjection,293200,
1528,SnapshotHashMetrics,500,
1528,EgressPublish,13979700,
1529,IngressCapture,4900,
1529,DecodeAndCanonicalize,200,
1529,ApplyInputs,710600,
1529,ProcessorPlan,37600,
1529,CrossWorldPrepare,300,
1529,NativeJobBarrier,300,
1529,CommitDecision,300,
1529,VoxelCommit,800,
1529,EcsCommandBufferCommit,150100,
1529,GasAndEventFinalize,45300,
1529,ReplicationProjection,143000,
1529,SnapshotHashMetrics,100,
1529,EgressPublish,12483800,
1530,IngressCapture,3300,
1530,DecodeAndCanonicalize,200,
1530,ApplyInputs,241600,
1530,ProcessorPlan,35100,
1530,CrossWorldPrepare,500,
1530,NativeJobBarrier,100,
1530,CommitDecision,100,
1530,VoxelCommit,700,
1530,EcsCommandBufferCommit,109400,
1530,GasAndEventFinalize,31300,
1530,ReplicationProjection,139400,
1530,SnapshotHashMetrics,300,
1530,EgressPublish,12190400,
1531,IngressCapture,3900,
1531,DecodeAndCanonicalize,200,
1531,ApplyInputs,254400,
1531,ProcessorPlan,56400,
1531,CrossWorldPrepare,600,
1531,NativeJobBarrier,200,
1531,CommitDecision,200,
1531,VoxelCommit,800,
1531,EcsCommandBufferCommit,137200,
1531,GasAndEventFinalize,43200,
1531,ReplicationProjection,227400,
1531,SnapshotHashMetrics,900,
1531,EgressPublish,14197300,
1532,IngressCapture,2900,
1532,DecodeAndCanonicalize,100,
1532,ApplyInputs,202800,
1532,ProcessorPlan,31000,
1532,CrossWorldPrepare,500,
1532,NativeJobBarrier,100,
1532,CommitDecision,200,
1532,VoxelCommit,1100,
1532,EcsCommandBufferCommit,82100,
1532,GasAndEventFinalize,25800,
1532,ReplicationProjection,140900,
1532,SnapshotHashMetrics,200,
1532,EgressPublish,11986300,
1533,IngressCapture,5600,
1533,DecodeAndCanonicalize,500,
1533,ApplyInputs,399300,
1533,ProcessorPlan,94600,
1533,CrossWorldPrepare,1200,
1533,NativeJobBarrier,200,
1533,CommitDecision,500,
1533,VoxelCommit,1000,
1533,EcsCommandBufferCommit,166700,
1533,GasAndEventFinalize,43900,
1533,ReplicationProjection,212900,
1533,SnapshotHashMetrics,800,
1533,EgressPublish,13439800,
1534,IngressCapture,4100,
1534,DecodeAndCanonicalize,200,
1534,ApplyInputs,751100,
1534,ProcessorPlan,67700,
1534,CrossWorldPrepare,1400,
1534,NativeJobBarrier,200,
1534,CommitDecision,500,
1534,VoxelCommit,900,
1534,EcsCommandBufferCommit,146100,
1534,GasAndEventFinalize,85500,
1534,ReplicationProjection,207800,
1534,SnapshotHashMetrics,500,
1534,EgressPublish,14600000,
1535,IngressCapture,3600,
1535,DecodeAndCanonicalize,100,
1535,ApplyInputs,226400,
1535,ProcessorPlan,35400,
1535,CrossWorldPrepare,900,
1535,NativeJobBarrier,200,
1535,CommitDecision,100,
1535,VoxelCommit,1400,
1535,EcsCommandBufferCommit,104100,
1535,GasAndEventFinalize,30400,
1535,ReplicationProjection,136900,
1535,SnapshotHashMetrics,200,
1535,EgressPublish,12219700,
1536,IngressCapture,3900,
1536,DecodeAndCanonicalize,100,
1536,ApplyInputs,204600,
1536,ProcessorPlan,46100,
1536,CrossWorldPrepare,500,
1536,NativeJobBarrier,300,
1536,CommitDecision,300,
1536,VoxelCommit,900,
1536,EcsCommandBufferCommit,110400,
1536,GasAndEventFinalize,35500,
1536,ReplicationProjection,136800,
1536,SnapshotHashMetrics,700,
1536,EgressPublish,10716600,
1537,IngressCapture,4400,
1537,DecodeAndCanonicalize,200,
1537,ApplyInputs,248100,
1537,ProcessorPlan,36000,
1537,CrossWorldPrepare,300,
1537,NativeJobBarrier,600,
1537,CommitDecision,600,
1537,VoxelCommit,700,
1537,EcsCommandBufferCommit,129000,
1537,GasAndEventFinalize,39700,
1537,ReplicationProjection,135700,
1537,SnapshotHashMetrics,100,
1537,EgressPublish,12796500,
1538,IngressCapture,14600,
1538,DecodeAndCanonicalize,200,
1538,ApplyInputs,199800,
1538,ProcessorPlan,34900,
1538,CrossWorldPrepare,400,
1538,NativeJobBarrier,300,
1538,CommitDecision,400,
1538,VoxelCommit,800,
1538,EcsCommandBufferCommit,104300,
1538,GasAndEventFinalize,33100,
1538,ReplicationProjection,134200,
1538,SnapshotHashMetrics,400,
1538,EgressPublish,13519600,
1539,IngressCapture,4000,
1539,DecodeAndCanonicalize,100,
1539,ApplyInputs,293100,
1539,ProcessorPlan,33800,
1539,CrossWorldPrepare,400,
1539,NativeJobBarrier,300,
1539,CommitDecision,100,
1539,VoxelCommit,400,
1539,EcsCommandBufferCommit,101900,
1539,GasAndEventFinalize,30800,
1539,ReplicationProjection,133700,
1539,SnapshotHashMetrics,400,
1539,EgressPublish,12913600,
1540,IngressCapture,3300,
1540,DecodeAndCanonicalize,200,
1540,ApplyInputs,241800,
1540,ProcessorPlan,34400,
1540,CrossWorldPrepare,400,
1540,NativeJobBarrier,200,
1540,CommitDecision,200,
1540,VoxelCommit,800,
1540,EcsCommandBufferCommit,112400,
1540,GasAndEventFinalize,38700,
1540,ReplicationProjection,132000,
1540,SnapshotHashMetrics,400,
1540,EgressPublish,12972000,
1541,IngressCapture,4700,
1541,DecodeAndCanonicalize,100,
1541,ApplyInputs,242700,
1541,ProcessorPlan,39300,
1541,CrossWorldPrepare,600,
1541,NativeJobBarrier,200,
1541,CommitDecision,300,
1541,VoxelCommit,600,
1541,EcsCommandBufferCommit,129100,
1541,GasAndEventFinalize,40500,
1541,ReplicationProjection,142000,
1541,SnapshotHashMetrics,100,
1541,EgressPublish,12196000,
1542,IngressCapture,5200,
1542,DecodeAndCanonicalize,1600,
1542,ApplyInputs,678800,
1542,ProcessorPlan,59100,
1542,CrossWorldPrepare,500,
1542,NativeJobBarrier,300,
1542,CommitDecision,300,
1542,VoxelCommit,1100,
1542,EcsCommandBufferCommit,155800,
1542,GasAndEventFinalize,73900,
1542,ReplicationProjection,250200,
1542,SnapshotHashMetrics,1100,
1542,EgressPublish,14065200,
1543,IngressCapture,4300,
1543,DecodeAndCanonicalize,200,
1543,ApplyInputs,246800,
1543,ProcessorPlan,45100,
1543,CrossWorldPrepare,900,
1543,NativeJobBarrier,200,
1543,CommitDecision,500,
1543,VoxelCommit,1100,
1543,EcsCommandBufferCommit,146100,
1543,GasAndEventFinalize,41200,
1543,ReplicationProjection,134600,
1543,SnapshotHashMetrics,300,
1543,EgressPublish,12967700,
1544,IngressCapture,4300,
1544,DecodeAndCanonicalize,100,
1544,ApplyInputs,309600,
1544,ProcessorPlan,38100,
1544,CrossWorldPrepare,600,
1544,NativeJobBarrier,100,
1544,CommitDecision,100,
1544,VoxelCommit,800,
1544,EcsCommandBufferCommit,127900,
1544,GasAndEventFinalize,40600,
1544,ReplicationProjection,135100,
1544,SnapshotHashMetrics,200,
1544,EgressPublish,13730700,
1545,IngressCapture,3900,
1545,DecodeAndCanonicalize,100,
1545,ApplyInputs,232200,
1545,ProcessorPlan,45800,
1545,CrossWorldPrepare,700,
1545,NativeJobBarrier,200,
1545,CommitDecision,100,
1545,VoxelCommit,700,
1545,EcsCommandBufferCommit,130200,
1545,GasAndEventFinalize,37800,
1545,ReplicationProjection,133500,
1545,SnapshotHashMetrics,700,
1545,EgressPublish,11997200,
1546,IngressCapture,5500,
1546,DecodeAndCanonicalize,100,
1546,ApplyInputs,229100,
1546,ProcessorPlan,35400,
1546,CrossWorldPrepare,400,
1546,NativeJobBarrier,200,
1546,CommitDecision,400,
1546,VoxelCommit,800,
1546,EcsCommandBufferCommit,604800,
1546,GasAndEventFinalize,53900,
1546,ReplicationProjection,576700,
1546,SnapshotHashMetrics,600,
1546,EgressPublish,15228500,
1547,IngressCapture,5000,
1547,DecodeAndCanonicalize,300,
1547,ApplyInputs,544900,
1547,ProcessorPlan,65900,
1547,CrossWorldPrepare,900,
1547,NativeJobBarrier,200,
1547,CommitDecision,800,
1547,VoxelCommit,1200,
1547,EcsCommandBufferCommit,194600,
1547,GasAndEventFinalize,77600,
1547,ReplicationProjection,292700,
1547,SnapshotHashMetrics,1000,
1547,EgressPublish,15010600,
1548,IngressCapture,3400,
1548,DecodeAndCanonicalize,100,
1548,ApplyInputs,191000,
1548,ProcessorPlan,35100,
1548,CrossWorldPrepare,400,
1548,NativeJobBarrier,300,
1548,CommitDecision,300,
1548,VoxelCommit,1500,
1548,EcsCommandBufferCommit,105500,
1548,GasAndEventFinalize,32100,
1548,ReplicationProjection,137200,
1548,SnapshotHashMetrics,200,
1548,EgressPublish,12909800,
1549,IngressCapture,5100,
1549,DecodeAndCanonicalize,200,
1549,ApplyInputs,293700,
1549,ProcessorPlan,39100,
1549,CrossWorldPrepare,300,
1549,NativeJobBarrier,200,
1549,CommitDecision,300,
1549,VoxelCommit,600,
1549,EcsCommandBufferCommit,119200,
1549,GasAndEventFinalize,36800,
1549,ReplicationProjection,151100,
1549,SnapshotHashMetrics,800,
1549,EgressPublish,13021400,
1550,IngressCapture,5100,
1550,DecodeAndCanonicalize,500,
1550,ApplyInputs,619600,
1550,ProcessorPlan,38400,
1550,CrossWorldPrepare,400,
1550,NativeJobBarrier,100,
1550,CommitDecision,100,
1550,VoxelCommit,600,
1550,EcsCommandBufferCommit,118600,
1550,GasAndEventFinalize,70400,
1550,ReplicationProjection,175200,
1550,SnapshotHashMetrics,400,
1550,EgressPublish,15564100,
1551,IngressCapture,26900,
1551,DecodeAndCanonicalize,300,
1551,ApplyInputs,273500,
1551,ProcessorPlan,38600,
1551,CrossWorldPrepare,300,
1551,NativeJobBarrier,200,
1551,CommitDecision,200,
1551,VoxelCommit,1600,
1551,EcsCommandBufferCommit,120000,
1551,GasAndEventFinalize,38600,
1551,ReplicationProjection,139700,
1551,SnapshotHashMetrics,100,
1551,EgressPublish,15701800,
1552,IngressCapture,3200,
1552,DecodeAndCanonicalize,200,
1552,ApplyInputs,359900,
1552,ProcessorPlan,52600,
1552,CrossWorldPrepare,500,
1552,NativeJobBarrier,300,
1552,CommitDecision,300,
1552,VoxelCommit,800,
1552,EcsCommandBufferCommit,164300,
1552,GasAndEventFinalize,54900,
1552,ReplicationProjection,244900,
1552,SnapshotHashMetrics,900,
1552,EgressPublish,16625600,
1553,IngressCapture,5600,
1553,DecodeAndCanonicalize,100,
1553,ApplyInputs,232100,
1553,ProcessorPlan,38200,
1553,CrossWorldPrepare,500,
1553,NativeJobBarrier,200,
1553,CommitDecision,200,
1553,VoxelCommit,700,
1553,EcsCommandBufferCommit,110600,
1553,GasAndEventFinalize,36800,
1553,ReplicationProjection,131200,
1553,SnapshotHashMetrics,500,
1553,EgressPublish,17184900,
1554,IngressCapture,4900,
1554,DecodeAndCanonicalize,200,
1554,ApplyInputs,441900,
1554,ProcessorPlan,51600,
1554,CrossWorldPrepare,1200,
1554,NativeJobBarrier,700,
1554,CommitDecision,400,
1554,VoxelCommit,1100,
1554,EcsCommandBufferCommit,193900,
1554,GasAndEventFinalize,61600,
1554,ReplicationProjection,955100,
1554,SnapshotHashMetrics,600,
1554,EgressPublish,14937200,
1555,IngressCapture,4500,
1555,DecodeAndCanonicalize,200,
1555,ApplyInputs,383300,
1555,ProcessorPlan,50400,
1555,CrossWorldPrepare,1100,
1555,NativeJobBarrier,200,
1555,CommitDecision,400,
1555,VoxelCommit,1300,
1555,EcsCommandBufferCommit,184800,
1555,GasAndEventFinalize,61900,
1555,ReplicationProjection,207300,
1555,SnapshotHashMetrics,300,
1555,EgressPublish,16253600,
1556,IngressCapture,4700,
1556,DecodeAndCanonicalize,200,
1556,ApplyInputs,273300,
1556,ProcessorPlan,61600,
1556,CrossWorldPrepare,700,
1556,NativeJobBarrier,300,
1556,CommitDecision,300,
1556,VoxelCommit,900,
1556,EcsCommandBufferCommit,162700,
1556,GasAndEventFinalize,50500,
1556,ReplicationProjection,226100,
1556,SnapshotHashMetrics,700,
1556,EgressPublish,15851800,
1557,IngressCapture,3700,
1557,DecodeAndCanonicalize,200,
1557,ApplyInputs,267700,
1557,ProcessorPlan,37200,
1557,CrossWorldPrepare,400,
1557,NativeJobBarrier,100,
1557,CommitDecision,500,
1557,VoxelCommit,1100,
1557,EcsCommandBufferCommit,102300,
1557,GasAndEventFinalize,29700,
1557,ReplicationProjection,127700,
1557,SnapshotHashMetrics,300,
1557,EgressPublish,13479100,
1558,IngressCapture,6200,
1558,DecodeAndCanonicalize,200,
1558,ApplyInputs,493000,
1558,ProcessorPlan,225400,
1558,CrossWorldPrepare,800,
1558,NativeJobBarrier,200,
1558,CommitDecision,100,
1558,VoxelCommit,1500,
1558,EcsCommandBufferCommit,218800,
1558,GasAndEventFinalize,106400,
1558,ReplicationProjection,278500,
1558,SnapshotHashMetrics,900,
1558,EgressPublish,17033700,
1559,IngressCapture,3200,
1559,DecodeAndCanonicalize,100,
1559,ApplyInputs,225900,
1559,ProcessorPlan,37000,
1559,CrossWorldPrepare,500,
1559,NativeJobBarrier,100,
1559,CommitDecision,100,
1559,VoxelCommit,800,
1559,EcsCommandBufferCommit,105500,
1559,GasAndEventFinalize,36700,
1559,ReplicationProjection,133300,
1559,SnapshotHashMetrics,200,
1559,EgressPublish,14525200,
1560,IngressCapture,5400,
1560,DecodeAndCanonicalize,200,
1560,ApplyInputs,429100,
1560,ProcessorPlan,64300,
1560,CrossWorldPrepare,700,
1560,NativeJobBarrier,600,
1560,CommitDecision,500,
1560,VoxelCommit,1600,
1560,EcsCommandBufferCommit,190100,
1560,GasAndEventFinalize,67800,
1560,ReplicationProjection,249200,
1560,SnapshotHashMetrics,1100,
1560,EgressPublish,17555900,
1561,IngressCapture,6200,
1561,DecodeAndCanonicalize,500,
1561,ApplyInputs,313000,
1561,ProcessorPlan,53900,
1561,CrossWorldPrepare,700,
1561,NativeJobBarrier,100,
1561,CommitDecision,400,
1561,VoxelCommit,900,
1561,EcsCommandBufferCommit,155400,
1561,GasAndEventFinalize,52000,
1561,ReplicationProjection,206200,
1561,SnapshotHashMetrics,400,
1561,EgressPublish,17713100,
1562,IngressCapture,5700,
1562,DecodeAndCanonicalize,500,
1562,ApplyInputs,437100,
1562,ProcessorPlan,53100,
1562,CrossWorldPrepare,600,
1562,NativeJobBarrier,300,
1562,CommitDecision,300,
1562,VoxelCommit,1200,
1562,EcsCommandBufferCommit,141000,
1562,GasAndEventFinalize,59000,
1562,ReplicationProjection,265800,
1562,SnapshotHashMetrics,900,
1562,EgressPublish,16869600,
1563,IngressCapture,4500,
1563,DecodeAndCanonicalize,200,
1563,ApplyInputs,309700,
1563,ProcessorPlan,63000,
1563,CrossWorldPrepare,900,
1563,NativeJobBarrier,200,
1563,CommitDecision,300,
1563,VoxelCommit,600,
1563,EcsCommandBufferCommit,150700,
1563,GasAndEventFinalize,53900,
1563,ReplicationProjection,232800,
1563,SnapshotHashMetrics,600,
1563,EgressPublish,14861800,
1564,IngressCapture,6900,
1564,DecodeAndCanonicalize,200,
1564,ApplyInputs,381300,
1564,ProcessorPlan,65300,
1564,CrossWorldPrepare,800,
1564,NativeJobBarrier,200,
1564,CommitDecision,200,
1564,VoxelCommit,1100,
1564,EcsCommandBufferCommit,154400,
1564,GasAndEventFinalize,47000,
1564,ReplicationProjection,205200,
1564,SnapshotHashMetrics,1500,
1564,EgressPublish,16222100,
1565,IngressCapture,6700,
1565,DecodeAndCanonicalize,300,
1565,ApplyInputs,447300,
1565,ProcessorPlan,50100,
1565,CrossWorldPrepare,600,
1565,NativeJobBarrier,400,
1565,CommitDecision,200,
1565,VoxelCommit,800,
1565,EcsCommandBufferCommit,140400,
1565,GasAndEventFinalize,54600,
1565,ReplicationProjection,248100,
1565,SnapshotHashMetrics,1100,
1565,EgressPublish,14940200,
1566,IngressCapture,6200,
1566,DecodeAndCanonicalize,400,
1566,ApplyInputs,563500,
1566,ProcessorPlan,46300,
1566,CrossWorldPrepare,700,
1566,NativeJobBarrier,800,
1566,CommitDecision,300,
1566,VoxelCommit,1000,
1566,EcsCommandBufferCommit,139600,
1566,GasAndEventFinalize,53800,
1566,ReplicationProjection,145900,
1566,SnapshotHashMetrics,400,
1566,EgressPublish,14292600,
1567,IngressCapture,4500,
1567,DecodeAndCanonicalize,300,
1567,ApplyInputs,345700,
1567,ProcessorPlan,50500,
1567,CrossWorldPrepare,500,
1567,NativeJobBarrier,100,
1567,CommitDecision,200,
1567,VoxelCommit,800,
1567,EcsCommandBufferCommit,111600,
1567,GasAndEventFinalize,22800,
1567,ReplicationProjection,132300,
1567,SnapshotHashMetrics,100,
1567,EgressPublish,12837600,
1568,IngressCapture,4700,
1568,DecodeAndCanonicalize,200,
1568,ApplyInputs,346200,
1568,ProcessorPlan,56400,
1568,CrossWorldPrepare,1000,
1568,NativeJobBarrier,400,
1568,CommitDecision,500,
1568,VoxelCommit,1200,
1568,EcsCommandBufferCommit,180200,
1568,GasAndEventFinalize,56100,
1568,ReplicationProjection,149700,
1568,SnapshotHashMetrics,200,
1568,EgressPublish,15058900,
1569,IngressCapture,4800,
1569,DecodeAndCanonicalize,200,
1569,ApplyInputs,261400,
1569,ProcessorPlan,39900,
1569,CrossWorldPrepare,1000,
1569,NativeJobBarrier,100,
1569,CommitDecision,300,
1569,VoxelCommit,1100,
1569,EcsCommandBufferCommit,136700,
1569,GasAndEventFinalize,38600,
1569,ReplicationProjection,131100,
1569,SnapshotHashMetrics,300,
1569,EgressPublish,13683100,
1570,IngressCapture,6600,
1570,DecodeAndCanonicalize,200,
1570,ApplyInputs,416300,
1570,ProcessorPlan,55800,
1570,CrossWorldPrepare,1400,
1570,NativeJobBarrier,300,
1570,CommitDecision,300,
1570,VoxelCommit,1300,
1570,EcsCommandBufferCommit,151000,
1570,GasAndEventFinalize,47500,
1570,ReplicationProjection,240500,
1570,SnapshotHashMetrics,500,
1570,EgressPublish,12622700,
1571,IngressCapture,5400,
1571,DecodeAndCanonicalize,200,
1571,ApplyInputs,358300,
1571,ProcessorPlan,70800,
1571,CrossWorldPrepare,1200,
1571,NativeJobBarrier,200,
1571,CommitDecision,300,
1571,VoxelCommit,1100,
1571,EcsCommandBufferCommit,184800,
1571,GasAndEventFinalize,59300,
1571,ReplicationProjection,231100,
1571,SnapshotHashMetrics,700,
1571,EgressPublish,17065900,
1572,IngressCapture,3600,
1572,DecodeAndCanonicalize,100,
1572,ApplyInputs,239600,
1572,ProcessorPlan,37900,
1572,CrossWorldPrepare,400,
1572,NativeJobBarrier,300,
1572,CommitDecision,300,
1572,VoxelCommit,900,
1572,EcsCommandBufferCommit,108800,
1572,GasAndEventFinalize,36400,
1572,ReplicationProjection,136800,
1572,SnapshotHashMetrics,200,
1572,EgressPublish,15428300,
1573,IngressCapture,5200,
1573,DecodeAndCanonicalize,100,
1573,ApplyInputs,270800,
1573,ProcessorPlan,42100,
1573,CrossWorldPrepare,400,
1573,NativeJobBarrier,200,
1573,CommitDecision,400,
1573,VoxelCommit,1500,
1573,EcsCommandBufferCommit,134300,
1573,GasAndEventFinalize,40500,
1573,ReplicationProjection,153800,
1573,SnapshotHashMetrics,200,
1573,EgressPublish,14708500,
1574,IngressCapture,4900,
1574,DecodeAndCanonicalize,200,
1574,ApplyInputs,615700,
1574,ProcessorPlan,58300,
1574,CrossWorldPrepare,600,
1574,NativeJobBarrier,300,
1574,CommitDecision,1000,
1574,VoxelCommit,1500,
1574,EcsCommandBufferCommit,157100,
1574,GasAndEventFinalize,74900,
1574,ReplicationProjection,230500,
1574,SnapshotHashMetrics,900,
1574,EgressPublish,14746500,
1575,IngressCapture,5700,
1575,DecodeAndCanonicalize,300,
1575,ApplyInputs,528000,
1575,ProcessorPlan,62100,
1575,CrossWorldPrepare,500,
1575,NativeJobBarrier,400,
1575,CommitDecision,600,
1575,VoxelCommit,1900,
1575,EcsCommandBufferCommit,218700,
1575,GasAndEventFinalize,59000,
1575,ReplicationProjection,230200,
1575,SnapshotHashMetrics,1700,
1575,EgressPublish,17971100,
1576,IngressCapture,5700,
1576,DecodeAndCanonicalize,300,
1576,ApplyInputs,328400,
1576,ProcessorPlan,64000,
1576,CrossWorldPrepare,800,
1576,NativeJobBarrier,800,
1576,CommitDecision,900,
1576,VoxelCommit,1000,
1576,EcsCommandBufferCommit,163100,
1576,GasAndEventFinalize,67100,
1576,ReplicationProjection,225400,
1576,SnapshotHashMetrics,400,
1576,EgressPublish,16048700,
1577,IngressCapture,4300,
1577,DecodeAndCanonicalize,200,
1577,ApplyInputs,352300,
1577,ProcessorPlan,59300,
1577,CrossWorldPrepare,500,
1577,NativeJobBarrier,300,
1577,CommitDecision,400,
1577,VoxelCommit,1500,
1577,EcsCommandBufferCommit,141000,
1577,GasAndEventFinalize,53500,
1577,ReplicationProjection,233400,
1577,SnapshotHashMetrics,900,
1577,EgressPublish,12984200,
1578,IngressCapture,4100,
1578,DecodeAndCanonicalize,100,
1578,ApplyInputs,200500,
1578,ProcessorPlan,36800,
1578,CrossWorldPrepare,800,
1578,NativeJobBarrier,200,
1578,CommitDecision,200,
1578,VoxelCommit,500,
1578,EcsCommandBufferCommit,112000,
1578,GasAndEventFinalize,35600,
1578,ReplicationProjection,121900,
1578,SnapshotHashMetrics,300,
1578,EgressPublish,10704900,
1579,IngressCapture,3600,
1579,DecodeAndCanonicalize,200,
1579,ApplyInputs,249400,
1579,ProcessorPlan,38400,
1579,CrossWorldPrepare,500,
1579,NativeJobBarrier,200,
1579,CommitDecision,100,
1579,VoxelCommit,700,
1579,EcsCommandBufferCommit,127100,
1579,GasAndEventFinalize,40100,
1579,ReplicationProjection,127900,
1579,SnapshotHashMetrics,300,
1579,EgressPublish,10694600,
1580,IngressCapture,2800,
1580,DecodeAndCanonicalize,200,
1580,ApplyInputs,190800,
1580,ProcessorPlan,32900,
1580,CrossWorldPrepare,600,
1580,NativeJobBarrier,200,
1580,CommitDecision,300,
1580,VoxelCommit,500,
1580,EcsCommandBufferCommit,86800,
1580,GasAndEventFinalize,25200,
1580,ReplicationProjection,113400,
1580,SnapshotHashMetrics,200,
1580,EgressPublish,8048100,
1581,IngressCapture,2600,
1581,DecodeAndCanonicalize,100,
1581,ApplyInputs,178500,
1581,ProcessorPlan,33700,
1581,CrossWorldPrepare,400,
1581,NativeJobBarrier,200,
1581,CommitDecision,700,
1581,VoxelCommit,700,
1581,EcsCommandBufferCommit,133500,
1581,GasAndEventFinalize,34100,
1581,ReplicationProjection,128200,
1581,SnapshotHashMetrics,200,
1581,EgressPublish,6351400,
1582,IngressCapture,2800,
1582,DecodeAndCanonicalize,200,
1582,ApplyInputs,344800,
1582,ProcessorPlan,31500,
1582,CrossWorldPrepare,500,
1582,NativeJobBarrier,200,
1582,CommitDecision,100,
1582,VoxelCommit,500,
1582,EcsCommandBufferCommit,76200,
1582,GasAndEventFinalize,39000,
1582,ReplicationProjection,120700,
1582,SnapshotHashMetrics,300,
1582,EgressPublish,8615500,
1583,IngressCapture,4000,
1583,DecodeAndCanonicalize,300,
1583,ApplyInputs,214200,
1583,ProcessorPlan,50400,
1583,CrossWorldPrepare,600,
1583,NativeJobBarrier,100,
1583,CommitDecision,200,
1583,VoxelCommit,600,
1583,EcsCommandBufferCommit,99300,
1583,GasAndEventFinalize,33000,
1583,ReplicationProjection,181700,
1583,SnapshotHashMetrics,600,
1583,EgressPublish,10627000,
1584,IngressCapture,7900,
1584,DecodeAndCanonicalize,200,
1584,ApplyInputs,217700,
1584,ProcessorPlan,33900,
1584,CrossWorldPrepare,300,
1584,NativeJobBarrier,200,
1584,CommitDecision,200,
1584,VoxelCommit,400,
1584,EcsCommandBufferCommit,71900,
1584,GasAndEventFinalize,22800,
1584,ReplicationProjection,110000,
1584,SnapshotHashMetrics,200,
1584,EgressPublish,8034500,
1585,IngressCapture,3100,
1585,DecodeAndCanonicalize,100,
1585,ApplyInputs,223600,
1585,ProcessorPlan,35300,
1585,CrossWorldPrepare,300,
1585,NativeJobBarrier,200,
1585,CommitDecision,200,
1585,VoxelCommit,700,
1585,EcsCommandBufferCommit,190800,
1585,GasAndEventFinalize,44500,
1585,ReplicationProjection,131700,
1585,SnapshotHashMetrics,300,
1585,EgressPublish,9480400,
1586,IngressCapture,4600,
1586,DecodeAndCanonicalize,200,
1586,ApplyInputs,195300,
1586,ProcessorPlan,37800,
1586,CrossWorldPrepare,300,
1586,NativeJobBarrier,100,
1586,CommitDecision,200,
1586,VoxelCommit,700,
1586,EcsCommandBufferCommit,115200,
1586,GasAndEventFinalize,37800,
1586,ReplicationProjection,126400,
1586,SnapshotHashMetrics,300,
1586,EgressPublish,9889200,
1587,IngressCapture,2600,
1587,DecodeAndCanonicalize,100,
1587,ApplyInputs,195800,
1587,ProcessorPlan,31900,
1587,CrossWorldPrepare,400,
1587,NativeJobBarrier,100,
1587,CommitDecision,200,
1587,VoxelCommit,900,
1587,EcsCommandBufferCommit,76500,
1587,GasAndEventFinalize,24900,
1587,ReplicationProjection,115800,
1587,SnapshotHashMetrics,400,
1587,EgressPublish,8182300,
1588,IngressCapture,5400,
1588,DecodeAndCanonicalize,200,
1588,ApplyInputs,242100,
1588,ProcessorPlan,37400,
1588,CrossWorldPrepare,700,
1588,NativeJobBarrier,200,
1588,CommitDecision,100,
1588,VoxelCommit,1200,
1588,EcsCommandBufferCommit,107100,
1588,GasAndEventFinalize,31100,
1588,ReplicationProjection,122200,
1588,SnapshotHashMetrics,100,
1588,EgressPublish,7972400,
1589,IngressCapture,2600,
1589,DecodeAndCanonicalize,200,
1589,ApplyInputs,185400,
1589,ProcessorPlan,33000,
1589,CrossWorldPrepare,300,
1589,NativeJobBarrier,100,
1589,CommitDecision,300,
1589,VoxelCommit,500,
1589,EcsCommandBufferCommit,73900,
1589,GasAndEventFinalize,23500,
1589,ReplicationProjection,117400,
1589,SnapshotHashMetrics,100,
1589,EgressPublish,8228200,
1590,IngressCapture,2600,
1590,DecodeAndCanonicalize,200,
1590,ApplyInputs,374600,
1590,ProcessorPlan,31800,
1590,CrossWorldPrepare,400,
1590,NativeJobBarrier,100,
1590,CommitDecision,200,
1590,VoxelCommit,800,
1590,EcsCommandBufferCommit,73900,
1590,GasAndEventFinalize,33600,
1590,ReplicationProjection,118800,
1590,SnapshotHashMetrics,300,
1590,EgressPublish,8835200,
1591,IngressCapture,4500,
1591,DecodeAndCanonicalize,100,
1591,ApplyInputs,193300,
1591,ProcessorPlan,34900,
1591,CrossWorldPrepare,300,
1591,NativeJobBarrier,200,
1591,CommitDecision,200,
1591,VoxelCommit,600,
1591,EcsCommandBufferCommit,97100,
1591,GasAndEventFinalize,42200,
1591,ReplicationProjection,126200,
1591,SnapshotHashMetrics,200,
1591,EgressPublish,7680000,
1592,IngressCapture,2700,
1592,DecodeAndCanonicalize,200,
1592,ApplyInputs,188000,
1592,ProcessorPlan,34500,
1592,CrossWorldPrepare,400,
1592,NativeJobBarrier,100,
1592,CommitDecision,200,
1592,VoxelCommit,500,
1592,EcsCommandBufferCommit,84700,
1592,GasAndEventFinalize,30300,
1592,ReplicationProjection,120500,
1592,SnapshotHashMetrics,300,
1592,EgressPublish,8633800,
1593,IngressCapture,5800,
1593,DecodeAndCanonicalize,100,
1593,ApplyInputs,237600,
1593,ProcessorPlan,36000,
1593,CrossWorldPrepare,300,
1593,NativeJobBarrier,100,
1593,CommitDecision,100,
1593,VoxelCommit,600,
1593,EcsCommandBufferCommit,109200,
1593,GasAndEventFinalize,51500,
1593,ReplicationProjection,125500,
1593,SnapshotHashMetrics,800,
1593,EgressPublish,8895300,
1594,IngressCapture,3000,
1594,DecodeAndCanonicalize,200,
1594,ApplyInputs,329700,
1594,ProcessorPlan,33700,
1594,CrossWorldPrepare,400,
1594,NativeJobBarrier,200,
1594,CommitDecision,100,
1594,VoxelCommit,600,
1594,EcsCommandBufferCommit,79900,
1594,GasAndEventFinalize,27100,
1594,ReplicationProjection,112800,
1594,SnapshotHashMetrics,200,
1594,EgressPublish,8407100,
1595,IngressCapture,9200,
1595,DecodeAndCanonicalize,200,
1595,ApplyInputs,142800,
1595,ProcessorPlan,31500,
1595,CrossWorldPrepare,500,
1595,NativeJobBarrier,100,
1595,CommitDecision,100,
1595,VoxelCommit,500,
1595,EcsCommandBufferCommit,71600,
1595,GasAndEventFinalize,23600,
1595,ReplicationProjection,107900,
1595,SnapshotHashMetrics,300,
1595,EgressPublish,7584200,
1596,IngressCapture,2600,
1596,DecodeAndCanonicalize,100,
1596,ApplyInputs,165700,
1596,ProcessorPlan,28200,
1596,CrossWorldPrepare,500,
1596,NativeJobBarrier,200,
1596,CommitDecision,200,
1596,VoxelCommit,400,
1596,EcsCommandBufferCommit,59500,
1596,GasAndEventFinalize,21300,
1596,ReplicationProjection,103300,
1596,SnapshotHashMetrics,200,
1596,EgressPublish,7026700,
1597,IngressCapture,4000,
1597,DecodeAndCanonicalize,300,
1597,ApplyInputs,213700,
1597,ProcessorPlan,44200,
1597,CrossWorldPrepare,400,
1597,NativeJobBarrier,100,
1597,CommitDecision,300,
1597,VoxelCommit,400,
1597,EcsCommandBufferCommit,101600,
1597,GasAndEventFinalize,31500,
1597,ReplicationProjection,216200,
1597,SnapshotHashMetrics,400,
1597,EgressPublish,7913000,
1598,IngressCapture,2600,
1598,DecodeAndCanonicalize,200,
1598,ApplyInputs,352800,
1598,ProcessorPlan,29100,
1598,CrossWorldPrepare,400,
1598,NativeJobBarrier,100,
1598,CommitDecision,200,
1598,VoxelCommit,800,
1598,EcsCommandBufferCommit,63100,
1598,GasAndEventFinalize,33400,
1598,ReplicationProjection,110500,
1598,SnapshotHashMetrics,100,
1598,EgressPublish,6824200,
1599,IngressCapture,2400,
1599,DecodeAndCanonicalize,100,
1599,ApplyInputs,165700,
1599,ProcessorPlan,29400,
1599,CrossWorldPrepare,300,
1599,NativeJobBarrier,100,
1599,CommitDecision,100,
1599,VoxelCommit,500,
1599,EcsCommandBufferCommit,70700,
1599,GasAndEventFinalize,24100,
1599,ReplicationProjection,109800,
1599,SnapshotHashMetrics,200,
1599,EgressPublish,6707400,
1600,IngressCapture,3200,
1600,DecodeAndCanonicalize,100,
1600,ApplyInputs,155900,
1600,ProcessorPlan,32300,
1600,CrossWorldPrepare,400,
1600,NativeJobBarrier,200,
1600,CommitDecision,100,
1600,VoxelCommit,600,
1600,EcsCommandBufferCommit,78600,
1600,GasAndEventFinalize,27400,
1600,ReplicationProjection,116200,
1600,SnapshotHashMetrics,600,
1600,EgressPublish,7778900,
1601,IngressCapture,4500,
1601,DecodeAndCanonicalize,200,
1601,ApplyInputs,248200,
1601,ProcessorPlan,35000,
1601,CrossWorldPrepare,400,
1601,NativeJobBarrier,300,
1601,CommitDecision,200,
1601,VoxelCommit,500,
1601,EcsCommandBufferCommit,121200,
1601,GasAndEventFinalize,36900,
1601,ReplicationProjection,394500,
1601,SnapshotHashMetrics,400,
1601,EgressPublish,8747700,
1602,IngressCapture,4000,
1602,DecodeAndCanonicalize,100,
1602,ApplyInputs,206500,
1602,ProcessorPlan,40900,
1602,CrossWorldPrepare,700,
1602,NativeJobBarrier,200,
1602,CommitDecision,200,
1602,VoxelCommit,600,
1602,EcsCommandBufferCommit,165600,
1602,GasAndEventFinalize,50200,
1602,ReplicationProjection,480300,
1602,SnapshotHashMetrics,400,
1602,EgressPublish,10831800,
1603,IngressCapture,8600,
1603,DecodeAndCanonicalize,200,
1603,ApplyInputs,290200,
1603,ProcessorPlan,37000,
1603,CrossWorldPrepare,400,
1603,NativeJobBarrier,1100,
1603,CommitDecision,100,
1603,VoxelCommit,900,
1603,EcsCommandBufferCommit,92800,
1603,GasAndEventFinalize,27400,
1603,ReplicationProjection,124300,
1603,SnapshotHashMetrics,200,
1603,EgressPublish,9707000,
1604,IngressCapture,3600,
1604,DecodeAndCanonicalize,200,
1604,ApplyInputs,268400,
1604,ProcessorPlan,37800,
1604,CrossWorldPrepare,400,
1604,NativeJobBarrier,200,
1604,CommitDecision,100,
1604,VoxelCommit,600,
1604,EcsCommandBufferCommit,441900,
1604,GasAndEventFinalize,43500,
1604,ReplicationProjection,1046400,
1604,SnapshotHashMetrics,500,
1604,EgressPublish,11538800,
1605,IngressCapture,3800,
1605,DecodeAndCanonicalize,100,
1605,ApplyInputs,192300,
1605,ProcessorPlan,35500,
1605,CrossWorldPrepare,1100,
1605,NativeJobBarrier,100,
1605,CommitDecision,500,
1605,VoxelCommit,600,
1605,EcsCommandBufferCommit,112200,
1605,GasAndEventFinalize,35400,
1605,ReplicationProjection,135700,
1605,SnapshotHashMetrics,500,
1605,EgressPublish,11132100,
1606,IngressCapture,6900,
1606,DecodeAndCanonicalize,500,
1606,ApplyInputs,731900,
1606,ProcessorPlan,57800,
1606,CrossWorldPrepare,400,
1606,NativeJobBarrier,200,
1606,CommitDecision,200,
1606,VoxelCommit,1200,
1606,EcsCommandBufferCommit,173000,
1606,GasAndEventFinalize,81100,
1606,ReplicationProjection,245100,
1606,SnapshotHashMetrics,600,
1606,EgressPublish,17604500,
1607,IngressCapture,3900,
1607,DecodeAndCanonicalize,100,
1607,ApplyInputs,228600,
1607,ProcessorPlan,38000,
1607,CrossWorldPrepare,400,
1607,NativeJobBarrier,100,
1607,CommitDecision,400,
1607,VoxelCommit,600,
1607,EcsCommandBufferCommit,124000,
1607,GasAndEventFinalize,37500,
1607,ReplicationProjection,136900,
1607,SnapshotHashMetrics,200,
1607,EgressPublish,11844400,
1608,IngressCapture,5600,
1608,DecodeAndCanonicalize,200,
1608,ApplyInputs,451600,
1608,ProcessorPlan,96900,
1608,CrossWorldPrepare,600,
1608,NativeJobBarrier,200,
1608,CommitDecision,200,
1608,VoxelCommit,1400,
1608,EcsCommandBufferCommit,160900,
1608,GasAndEventFinalize,62300,
1608,ReplicationProjection,267700,
1608,SnapshotHashMetrics,700,
1608,EgressPublish,15986800,
1609,IngressCapture,3300,
1609,DecodeAndCanonicalize,200,
1609,ApplyInputs,202000,
1609,ProcessorPlan,34100,
1609,CrossWorldPrepare,400,
1609,NativeJobBarrier,200,
1609,CommitDecision,200,
1609,VoxelCommit,400,
1609,EcsCommandBufferCommit,101200,
1609,GasAndEventFinalize,32500,
1609,ReplicationProjection,137700,
1609,SnapshotHashMetrics,200,
1609,EgressPublish,10036200,
1610,IngressCapture,5900,
1610,DecodeAndCanonicalize,500,
1610,ApplyInputs,389500,
1610,ProcessorPlan,38900,
1610,CrossWorldPrepare,400,
1610,NativeJobBarrier,200,
1610,CommitDecision,400,
1610,VoxelCommit,1200,
1610,EcsCommandBufferCommit,121600,
1610,GasAndEventFinalize,41700,
1610,ReplicationProjection,145300,
1610,SnapshotHashMetrics,300,
1610,EgressPublish,12412400,
1611,IngressCapture,4900,
1611,DecodeAndCanonicalize,200,
1611,ApplyInputs,251000,
1611,ProcessorPlan,37200,
1611,CrossWorldPrepare,500,
1611,NativeJobBarrier,200,
1611,CommitDecision,400,
1611,VoxelCommit,600,
1611,EcsCommandBufferCommit,120100,
1611,GasAndEventFinalize,39900,
1611,ReplicationProjection,143000,
1611,SnapshotHashMetrics,200,
1611,EgressPublish,10204100,
1612,IngressCapture,3700,
1612,DecodeAndCanonicalize,100,
1612,ApplyInputs,219900,
1612,ProcessorPlan,34400,
1612,CrossWorldPrepare,600,
1612,NativeJobBarrier,200,
1612,CommitDecision,100,
1612,VoxelCommit,400,
1612,EcsCommandBufferCommit,111000,
1612,GasAndEventFinalize,37300,
1612,ReplicationProjection,155600,
1612,SnapshotHashMetrics,200,
1612,EgressPublish,10937100,
1613,IngressCapture,4900,
1613,DecodeAndCanonicalize,200,
1613,ApplyInputs,205900,
1613,ProcessorPlan,35800,
1613,CrossWorldPrepare,500,
1613,NativeJobBarrier,100,
1613,CommitDecision,500,
1613,VoxelCommit,1300,
1613,EcsCommandBufferCommit,118000,
1613,GasAndEventFinalize,30000,
1613,ReplicationProjection,132400,
1613,SnapshotHashMetrics,200,
1613,EgressPublish,10341400,
1614,IngressCapture,4300,
1614,DecodeAndCanonicalize,300,
1614,ApplyInputs,588000,
1614,ProcessorPlan,61900,
1614,CrossWorldPrepare,500,
1614,NativeJobBarrier,400,
1614,CommitDecision,600,
1614,VoxelCommit,1100,
1614,EcsCommandBufferCommit,140000,
1614,GasAndEventFinalize,84300,
1614,ReplicationProjection,258600,
1614,SnapshotHashMetrics,600,
1614,EgressPublish,14091900,
1615,IngressCapture,3100,
1615,DecodeAndCanonicalize,200,
1615,ApplyInputs,222600,
1615,ProcessorPlan,37200,
1615,CrossWorldPrepare,700,
1615,NativeJobBarrier,200,
1615,CommitDecision,300,
1615,VoxelCommit,1200,
1615,EcsCommandBufferCommit,135900,
1615,GasAndEventFinalize,38400,
1615,ReplicationProjection,142900,
1615,SnapshotHashMetrics,200,
1615,EgressPublish,11722500,
1616,IngressCapture,2700,
1616,DecodeAndCanonicalize,200,
1616,ApplyInputs,226900,
1616,ProcessorPlan,41100,
1616,CrossWorldPrepare,500,
1616,NativeJobBarrier,200,
1616,CommitDecision,100,
1616,VoxelCommit,1000,
1616,EcsCommandBufferCommit,115800,
1616,GasAndEventFinalize,42600,
1616,ReplicationProjection,138300,
1616,SnapshotHashMetrics,300,
1616,EgressPublish,9613000,
1617,IngressCapture,2700,
1617,DecodeAndCanonicalize,100,
1617,ApplyInputs,329400,
1617,ProcessorPlan,35100,
1617,CrossWorldPrepare,500,
1617,NativeJobBarrier,300,
1617,CommitDecision,100,
1617,VoxelCommit,700,
1617,EcsCommandBufferCommit,89200,
1617,GasAndEventFinalize,24800,
1617,ReplicationProjection,129800,
1617,SnapshotHashMetrics,100,
1617,EgressPublish,12027800,
1618,IngressCapture,3300,
1618,DecodeAndCanonicalize,200,
1618,ApplyInputs,225800,
1618,ProcessorPlan,37000,
1618,CrossWorldPrepare,500,
1618,NativeJobBarrier,100,
1618,CommitDecision,400,
1618,VoxelCommit,1200,
1618,EcsCommandBufferCommit,162000,
1618,GasAndEventFinalize,41500,
1618,ReplicationProjection,146600,
1618,SnapshotHashMetrics,200,
1618,EgressPublish,14924200,
1619,IngressCapture,5100,
1619,DecodeAndCanonicalize,100,
1619,ApplyInputs,359700,
1619,ProcessorPlan,37900,
1619,CrossWorldPrepare,400,
1619,NativeJobBarrier,300,
1619,CommitDecision,300,
1619,VoxelCommit,500,
1619,EcsCommandBufferCommit,598400,
1619,GasAndEventFinalize,58100,
1619,ReplicationProjection,605600,
1619,SnapshotHashMetrics,500,
1619,EgressPublish,13213700,
1620,IngressCapture,6000,
1620,DecodeAndCanonicalize,400,
1620,ApplyInputs,304000,
1620,ProcessorPlan,62600,
1620,CrossWorldPrepare,1000,
1620,NativeJobBarrier,300,
1620,CommitDecision,300,
1620,VoxelCommit,1100,
1620,EcsCommandBufferCommit,145700,
1620,GasAndEventFinalize,44400,
1620,ReplicationProjection,288600,
1620,SnapshotHashMetrics,400,
1620,EgressPublish,12657600,
1621,IngressCapture,3800,
1621,DecodeAndCanonicalize,100,
1621,ApplyInputs,490100,
1621,ProcessorPlan,79100,
1621,CrossWorldPrepare,600,
1621,NativeJobBarrier,200,
1621,CommitDecision,600,
1621,VoxelCommit,1300,
1621,EcsCommandBufferCommit,129200,
1621,GasAndEventFinalize,68100,
1621,ReplicationProjection,207500,
1621,SnapshotHashMetrics,300,
1621,EgressPublish,13348900,
1622,IngressCapture,3800,
1622,DecodeAndCanonicalize,200,
1622,ApplyInputs,180600,
1622,ProcessorPlan,36600,
1622,CrossWorldPrepare,500,
1622,NativeJobBarrier,100,
1622,CommitDecision,400,
1622,VoxelCommit,800,
1622,EcsCommandBufferCommit,124900,
1622,GasAndEventFinalize,39300,
1622,ReplicationProjection,183800,
1622,SnapshotHashMetrics,500,
1622,EgressPublish,13712000,
1623,IngressCapture,3400,
1623,DecodeAndCanonicalize,100,
1623,ApplyInputs,221000,
1623,ProcessorPlan,35900,
1623,CrossWorldPrepare,300,
1623,NativeJobBarrier,200,
1623,CommitDecision,200,
1623,VoxelCommit,1000,
1623,EcsCommandBufferCommit,149600,
1623,GasAndEventFinalize,36300,
1623,ReplicationProjection,143300,
1623,SnapshotHashMetrics,200,
1623,EgressPublish,13432400,
1624,IngressCapture,2900,
1624,DecodeAndCanonicalize,300,
1624,ApplyInputs,245600,
1624,ProcessorPlan,36500,
1624,CrossWorldPrepare,400,
1624,NativeJobBarrier,200,
1624,CommitDecision,200,
1624,VoxelCommit,600,
1624,EcsCommandBufferCommit,101000,
1624,GasAndEventFinalize,32300,
1624,ReplicationProjection,153200,
1624,SnapshotHashMetrics,400,
1624,EgressPublish,12511200,
1625,IngressCapture,6500,
1625,DecodeAndCanonicalize,100,
1625,ApplyInputs,265100,
1625,ProcessorPlan,39200,
1625,CrossWorldPrepare,500,
1625,NativeJobBarrier,200,
1625,CommitDecision,1000,
1625,VoxelCommit,800,
1625,EcsCommandBufferCommit,133400,
1625,GasAndEventFinalize,40600,
1625,ReplicationProjection,152000,
1625,SnapshotHashMetrics,300,
1625,EgressPublish,15196100,
1626,IngressCapture,10100,
1626,DecodeAndCanonicalize,200,
1626,ApplyInputs,354800,
1626,ProcessorPlan,57000,
1626,CrossWorldPrepare,600,
1626,NativeJobBarrier,300,
1626,CommitDecision,300,
1626,VoxelCommit,1100,
1626,EcsCommandBufferCommit,189300,
1626,GasAndEventFinalize,55700,
1626,ReplicationProjection,223900,
1626,SnapshotHashMetrics,500,
1626,EgressPublish,12436100,
1627,IngressCapture,3200,
1627,DecodeAndCanonicalize,200,
1627,ApplyInputs,371800,
1627,ProcessorPlan,52100,
1627,CrossWorldPrepare,800,
1627,NativeJobBarrier,300,
1627,CommitDecision,600,
1627,VoxelCommit,1000,
1627,EcsCommandBufferCommit,196900,
1627,GasAndEventFinalize,69400,
1627,ReplicationProjection,243000,
1627,SnapshotHashMetrics,700,
1627,EgressPublish,16420200,
1628,IngressCapture,3400,
1628,DecodeAndCanonicalize,200,
1628,ApplyInputs,279100,
1628,ProcessorPlan,44000,
1628,CrossWorldPrepare,1000,
1628,NativeJobBarrier,400,
1628,CommitDecision,600,
1628,VoxelCommit,1400,
1628,EcsCommandBufferCommit,215800,
1628,GasAndEventFinalize,68300,
1628,ReplicationProjection,218400,
1628,SnapshotHashMetrics,300,
1628,EgressPublish,13197700,
1629,IngressCapture,3400,
1629,DecodeAndCanonicalize,200,
1629,ApplyInputs,379100,
1629,ProcessorPlan,172800,
1629,CrossWorldPrepare,500,
1629,NativeJobBarrier,200,
1629,CommitDecision,200,
1629,VoxelCommit,1600,
1629,EcsCommandBufferCommit,163500,
1629,GasAndEventFinalize,86300,
1629,ReplicationProjection,230900,
1629,SnapshotHashMetrics,900,
1629,EgressPublish,14300700,
1630,IngressCapture,4100,
1630,DecodeAndCanonicalize,200,
1630,ApplyInputs,323700,
1630,ProcessorPlan,52800,
1630,CrossWorldPrepare,500,
1630,NativeJobBarrier,300,
1630,CommitDecision,600,
1630,VoxelCommit,1700,
1630,EcsCommandBufferCommit,142100,
1630,GasAndEventFinalize,46100,
1630,ReplicationProjection,225500,
1630,SnapshotHashMetrics,400,
1630,EgressPublish,15437900,
1631,IngressCapture,4200,
1631,DecodeAndCanonicalize,200,
1631,ApplyInputs,241900,
1631,ProcessorPlan,36800,
1631,CrossWorldPrepare,400,
1631,NativeJobBarrier,200,
1631,CommitDecision,300,
1631,VoxelCommit,400,
1631,EcsCommandBufferCommit,145900,
1631,GasAndEventFinalize,45900,
1631,ReplicationProjection,224400,
1631,SnapshotHashMetrics,600,
1631,EgressPublish,15285600,
1632,IngressCapture,44300,
1632,DecodeAndCanonicalize,800,
1632,ApplyInputs,386400,
1632,ProcessorPlan,50600,
1632,CrossWorldPrepare,1100,
1632,NativeJobBarrier,200,
1632,CommitDecision,800,
1632,VoxelCommit,1000,
1632,EcsCommandBufferCommit,184300,
1632,GasAndEventFinalize,52600,
1632,ReplicationProjection,195900,
1632,SnapshotHashMetrics,100,
1632,EgressPublish,16995300,
1633,IngressCapture,5500,
1633,DecodeAndCanonicalize,200,
1633,ApplyInputs,508900,
1633,ProcessorPlan,42100,
1633,CrossWorldPrepare,400,
1633,NativeJobBarrier,100,
1633,CommitDecision,400,
1633,VoxelCommit,600,
1633,EcsCommandBufferCommit,130600,
1633,GasAndEventFinalize,110400,
1633,ReplicationProjection,266300,
1633,SnapshotHashMetrics,300,
1633,EgressPublish,13308700,
1634,IngressCapture,4400,
1634,DecodeAndCanonicalize,200,
1634,ApplyInputs,294000,
1634,ProcessorPlan,58000,
1634,CrossWorldPrepare,700,
1634,NativeJobBarrier,200,
1634,CommitDecision,600,
1634,VoxelCommit,1000,
1634,EcsCommandBufferCommit,192100,
1634,GasAndEventFinalize,73100,
1634,ReplicationProjection,283800,
1634,SnapshotHashMetrics,1100,
1634,EgressPublish,13240800,
1635,IngressCapture,4900,
1635,DecodeAndCanonicalize,200,
1635,ApplyInputs,412800,
1635,ProcessorPlan,67300,
1635,CrossWorldPrepare,700,
1635,NativeJobBarrier,300,
1635,CommitDecision,300,
1635,VoxelCommit,1100,
1635,EcsCommandBufferCommit,200900,
1635,GasAndEventFinalize,79400,
1635,ReplicationProjection,253200,
1635,SnapshotHashMetrics,300,
1635,EgressPublish,12911500,
1636,IngressCapture,4700,
1636,DecodeAndCanonicalize,200,
1636,ApplyInputs,410300,
1636,ProcessorPlan,45900,
1636,CrossWorldPrepare,500,
1636,NativeJobBarrier,500,
1636,CommitDecision,600,
1636,VoxelCommit,800,
1636,EcsCommandBufferCommit,759900,
1636,GasAndEventFinalize,155600,
1636,ReplicationProjection,881100,
1636,SnapshotHashMetrics,800,
1636,EgressPublish,17028900,
1637,IngressCapture,4200,
1637,DecodeAndCanonicalize,200,
1637,ApplyInputs,484200,
1637,ProcessorPlan,146000,
1637,CrossWorldPrepare,700,
1637,NativeJobBarrier,200,
1637,CommitDecision,200,
1637,VoxelCommit,800,
1637,EcsCommandBufferCommit,128900,
1637,GasAndEventFinalize,70300,
1637,ReplicationProjection,159500,
1637,SnapshotHashMetrics,200,
1637,EgressPublish,11756000,
1638,IngressCapture,6100,
1638,DecodeAndCanonicalize,200,
1638,ApplyInputs,458300,
1638,ProcessorPlan,55000,
1638,CrossWorldPrepare,1000,
1638,NativeJobBarrier,200,
1638,CommitDecision,200,
1638,VoxelCommit,1100,
1638,EcsCommandBufferCommit,142000,
1638,GasAndEventFinalize,51800,
1638,ReplicationProjection,234700,
1638,SnapshotHashMetrics,500,
1638,EgressPublish,19466800,
1639,IngressCapture,6700,
1639,DecodeAndCanonicalize,200,
1639,ApplyInputs,492000,
1639,ProcessorPlan,60700,
1639,CrossWorldPrepare,1100,
1639,NativeJobBarrier,200,
1639,CommitDecision,700,
1639,VoxelCommit,900,
1639,EcsCommandBufferCommit,163300,
1639,GasAndEventFinalize,54900,
1639,ReplicationProjection,232800,
1639,SnapshotHashMetrics,300,
1639,EgressPublish,18938900,
1640,IngressCapture,3800,
1640,DecodeAndCanonicalize,200,
1640,ApplyInputs,225000,
1640,ProcessorPlan,37000,
1640,CrossWorldPrepare,500,
1640,NativeJobBarrier,100,
1640,CommitDecision,200,
1640,VoxelCommit,1000,
1640,EcsCommandBufferCommit,118300,
1640,GasAndEventFinalize,38200,
1640,ReplicationProjection,184900,
1640,SnapshotHashMetrics,300,
1640,EgressPublish,16495800,
1641,IngressCapture,5300,
1641,DecodeAndCanonicalize,200,
1641,ApplyInputs,305000,
1641,ProcessorPlan,41400,
1641,CrossWorldPrepare,800,
1641,NativeJobBarrier,300,
1641,CommitDecision,100,
1641,VoxelCommit,1300,
1641,EcsCommandBufferCommit,144900,
1641,GasAndEventFinalize,42700,
1641,ReplicationProjection,154000,
1641,SnapshotHashMetrics,200,
1641,EgressPublish,16275400,
1642,IngressCapture,4300,
1642,DecodeAndCanonicalize,100,
1642,ApplyInputs,290400,
1642,ProcessorPlan,41000,
1642,CrossWorldPrepare,600,
1642,NativeJobBarrier,100,
1642,CommitDecision,300,
1642,VoxelCommit,800,
1642,EcsCommandBufferCommit,126500,
1642,GasAndEventFinalize,37600,
1642,ReplicationProjection,165400,
1642,SnapshotHashMetrics,300,
1642,EgressPublish,16867200,
1643,IngressCapture,3500,
1643,DecodeAndCanonicalize,300,
1643,ApplyInputs,312600,
1643,ProcessorPlan,76700,
1643,CrossWorldPrepare,1000,
1643,NativeJobBarrier,200,
1643,CommitDecision,700,
1643,VoxelCommit,800,
1643,EcsCommandBufferCommit,162100,
1643,GasAndEventFinalize,72800,
1643,ReplicationProjection,360200,
1643,SnapshotHashMetrics,700,
1643,EgressPublish,16611500,
1644,IngressCapture,7700,
1644,DecodeAndCanonicalize,200,
1644,ApplyInputs,645100,
1644,ProcessorPlan,112600,
1644,CrossWorldPrepare,800,
1644,NativeJobBarrier,200,
1644,CommitDecision,400,
1644,VoxelCommit,700,
1644,EcsCommandBufferCommit,137200,
1644,GasAndEventFinalize,63900,
1644,ReplicationProjection,251400,
1644,SnapshotHashMetrics,1100,
1644,EgressPublish,19005500,
1645,IngressCapture,6700,
1645,DecodeAndCanonicalize,900,
1645,ApplyInputs,393400,
1645,ProcessorPlan,71500,
1645,CrossWorldPrepare,1100,
1645,NativeJobBarrier,500,
1645,CommitDecision,200,
1645,VoxelCommit,800,
1645,EcsCommandBufferCommit,146800,
1645,GasAndEventFinalize,47500,
1645,ReplicationProjection,235600,
1645,SnapshotHashMetrics,700,
1645,EgressPublish,15172200,
1646,IngressCapture,4400,
1646,DecodeAndCanonicalize,200,
1646,ApplyInputs,414100,
1646,ProcessorPlan,61500,
1646,CrossWorldPrepare,700,
1646,NativeJobBarrier,100,
1646,CommitDecision,300,
1646,VoxelCommit,1000,
1646,EcsCommandBufferCommit,188200,
1646,GasAndEventFinalize,56600,
1646,ReplicationProjection,275900,
1646,SnapshotHashMetrics,600,
1646,EgressPublish,16144000,
1647,IngressCapture,4300,
1647,DecodeAndCanonicalize,200,
1647,ApplyInputs,387000,
1647,ProcessorPlan,61700,
1647,CrossWorldPrepare,600,
1647,NativeJobBarrier,300,
1647,CommitDecision,400,
1647,VoxelCommit,800,
1647,EcsCommandBufferCommit,202700,
1647,GasAndEventFinalize,67400,
1647,ReplicationProjection,277100,
1647,SnapshotHashMetrics,500,
1647,EgressPublish,15514600,
1648,IngressCapture,4700,
1648,DecodeAndCanonicalize,200,
1648,ApplyInputs,421000,
1648,ProcessorPlan,79800,
1648,CrossWorldPrepare,1200,
1648,NativeJobBarrier,600,
1648,CommitDecision,400,
1648,VoxelCommit,1200,
1648,EcsCommandBufferCommit,204000,
1648,GasAndEventFinalize,70700,
1648,ReplicationProjection,262400,
1648,SnapshotHashMetrics,1000,
1648,EgressPublish,14315600,
1649,IngressCapture,8600,
1649,DecodeAndCanonicalize,200,
1649,ApplyInputs,243100,
1649,ProcessorPlan,37800,
1649,CrossWorldPrepare,400,
1649,NativeJobBarrier,300,
1649,CommitDecision,300,
1649,VoxelCommit,900,
1649,EcsCommandBufferCommit,131000,
1649,GasAndEventFinalize,58400,
1649,ReplicationProjection,145600,
1649,SnapshotHashMetrics,200,
1649,EgressPublish,11894800,
1650,IngressCapture,4700,
1650,DecodeAndCanonicalize,200,
1650,ApplyInputs,462200,
1650,ProcessorPlan,110500,
1650,CrossWorldPrepare,1000,
1650,NativeJobBarrier,200,
1650,CommitDecision,400,
1650,VoxelCommit,1500,
1650,EcsCommandBufferCommit,220400,
1650,GasAndEventFinalize,52100,
1650,ReplicationProjection,253400,
1650,SnapshotHashMetrics,300,
1650,EgressPublish,15844900,
1651,IngressCapture,5500,
1651,DecodeAndCanonicalize,600,
1651,ApplyInputs,488800,
1651,ProcessorPlan,74800,
1651,CrossWorldPrepare,400,
1651,NativeJobBarrier,400,
1651,CommitDecision,500,
1651,VoxelCommit,2000,
1651,EcsCommandBufferCommit,167900,
1651,GasAndEventFinalize,63500,
1651,ReplicationProjection,265600,
1651,SnapshotHashMetrics,1200,
1651,EgressPublish,17232900,
1652,IngressCapture,4700,
1652,DecodeAndCanonicalize,200,
1652,ApplyInputs,655100,
1652,ProcessorPlan,143400,
1652,CrossWorldPrepare,900,
1652,NativeJobBarrier,200,
1652,CommitDecision,400,
1652,VoxelCommit,900,
1652,EcsCommandBufferCommit,141900,
1652,GasAndEventFinalize,78100,
1652,ReplicationProjection,281100,
1652,SnapshotHashMetrics,1200,
1652,EgressPublish,14919800,
1653,IngressCapture,7200,
1653,DecodeAndCanonicalize,200,
1653,ApplyInputs,352600,
1653,ProcessorPlan,60700,
1653,CrossWorldPrepare,700,
1653,NativeJobBarrier,400,
1653,CommitDecision,600,
1653,VoxelCommit,1700,
1653,EcsCommandBufferCommit,210200,
1653,GasAndEventFinalize,70800,
1653,ReplicationProjection,253400,
1653,SnapshotHashMetrics,900,
1653,EgressPublish,15802200,
1654,IngressCapture,4400,
1654,DecodeAndCanonicalize,200,
1654,ApplyInputs,362300,
1654,ProcessorPlan,53300,
1654,CrossWorldPrepare,700,
1654,NativeJobBarrier,300,
1654,CommitDecision,200,
1654,VoxelCommit,2700,
1654,EcsCommandBufferCommit,149700,
1654,GasAndEventFinalize,70400,
1654,ReplicationProjection,326900,
1654,SnapshotHashMetrics,1100,
1654,EgressPublish,16082800,
1655,IngressCapture,3900,
1655,DecodeAndCanonicalize,100,
1655,ApplyInputs,232300,
1655,ProcessorPlan,37300,
1655,CrossWorldPrepare,400,
1655,NativeJobBarrier,200,
1655,CommitDecision,100,
1655,VoxelCommit,600,
1655,EcsCommandBufferCommit,104400,
1655,GasAndEventFinalize,33600,
1655,ReplicationProjection,138600,
1655,SnapshotHashMetrics,100,
1655,EgressPublish,13196000,
1656,IngressCapture,5100,
1656,DecodeAndCanonicalize,100,
1656,ApplyInputs,266900,
1656,ProcessorPlan,40100,
1656,CrossWorldPrepare,800,
1656,NativeJobBarrier,200,
1656,CommitDecision,400,
1656,VoxelCommit,2200,
1656,EcsCommandBufferCommit,147400,
1656,GasAndEventFinalize,46000,
1656,ReplicationProjection,143900,
1656,SnapshotHashMetrics,200,
1656,EgressPublish,14108100,
1657,IngressCapture,4300,
1657,DecodeAndCanonicalize,300,
1657,ApplyInputs,462000,
1657,ProcessorPlan,52500,
1657,CrossWorldPrepare,600,
1657,NativeJobBarrier,400,
1657,CommitDecision,300,
1657,VoxelCommit,1200,
1657,EcsCommandBufferCommit,172200,
1657,GasAndEventFinalize,59300,
1657,ReplicationProjection,278500,
1657,SnapshotHashMetrics,1000,
1657,EgressPublish,16164800,
1658,IngressCapture,5000,
1658,DecodeAndCanonicalize,300,
1658,ApplyInputs,260200,
1658,ProcessorPlan,48600,
1658,CrossWorldPrepare,600,
1658,NativeJobBarrier,200,
1658,CommitDecision,600,
1658,VoxelCommit,1000,
1658,EcsCommandBufferCommit,145300,
1658,GasAndEventFinalize,48000,
1658,ReplicationProjection,155400,
1658,SnapshotHashMetrics,400,
1658,EgressPublish,14072000,
1659,IngressCapture,3500,
1659,DecodeAndCanonicalize,600,
1659,ApplyInputs,333200,
1659,ProcessorPlan,54300,
1659,CrossWorldPrepare,500,
1659,NativeJobBarrier,200,
1659,CommitDecision,300,
1659,VoxelCommit,900,
1659,EcsCommandBufferCommit,135300,
1659,GasAndEventFinalize,52200,
1659,ReplicationProjection,240000,
1659,SnapshotHashMetrics,700,
1659,EgressPublish,15526600,
1660,IngressCapture,3800,
1660,DecodeAndCanonicalize,200,
1660,ApplyInputs,432900,
1660,ProcessorPlan,58800,
1660,CrossWorldPrepare,800,
1660,NativeJobBarrier,100,
1660,CommitDecision,700,
1660,VoxelCommit,800,
1660,EcsCommandBufferCommit,104300,
1660,GasAndEventFinalize,51200,
1660,ReplicationProjection,150200,
1660,SnapshotHashMetrics,300,
1660,EgressPublish,10505200,
1661,IngressCapture,5700,
1661,DecodeAndCanonicalize,200,
1661,ApplyInputs,385200,
1661,ProcessorPlan,81500,
1661,CrossWorldPrepare,900,
1661,NativeJobBarrier,500,
1661,CommitDecision,500,
1661,VoxelCommit,1000,
1661,EcsCommandBufferCommit,162800,
1661,GasAndEventFinalize,69900,
1661,ReplicationProjection,296700,
1661,SnapshotHashMetrics,1600,
1661,EgressPublish,16110200,
1662,IngressCapture,4700,
1662,DecodeAndCanonicalize,300,
1662,ApplyInputs,387800,
1662,ProcessorPlan,65600,
1662,CrossWorldPrepare,400,
1662,NativeJobBarrier,200,
1662,CommitDecision,400,
1662,VoxelCommit,800,
1662,EcsCommandBufferCommit,137700,
1662,GasAndEventFinalize,46100,
1662,ReplicationProjection,219000,
1662,SnapshotHashMetrics,300,
1662,EgressPublish,16281600,
1663,IngressCapture,5400,
1663,DecodeAndCanonicalize,200,
1663,ApplyInputs,414700,
1663,ProcessorPlan,78400,
1663,CrossWorldPrepare,400,
1663,NativeJobBarrier,300,
1663,CommitDecision,200,
1663,VoxelCommit,700,
1663,EcsCommandBufferCommit,154000,
1663,GasAndEventFinalize,54500,
1663,ReplicationProjection,236500,
1663,SnapshotHashMetrics,700,
1663,EgressPublish,15778500,
1664,IngressCapture,4800,
1664,DecodeAndCanonicalize,100,
1664,ApplyInputs,384700,
1664,ProcessorPlan,60500,
1664,CrossWorldPrepare,1200,
1664,NativeJobBarrier,200,
1664,CommitDecision,200,
1664,VoxelCommit,900,
1664,EcsCommandBufferCommit,161500,
1664,GasAndEventFinalize,64300,
1664,ReplicationProjection,220500,
1664,SnapshotHashMetrics,600,
1664,EgressPublish,15892700,
1665,IngressCapture,3400,
1665,DecodeAndCanonicalize,100,
1665,ApplyInputs,228800,
1665,ProcessorPlan,39800,
1665,CrossWorldPrepare,400,
1665,NativeJobBarrier,200,
1665,CommitDecision,300,
1665,VoxelCommit,1200,
1665,EcsCommandBufferCommit,111700,
1665,GasAndEventFinalize,30800,
1665,ReplicationProjection,138700,
1665,SnapshotHashMetrics,100,
1665,EgressPublish,13792800,
1666,IngressCapture,3700,
1666,DecodeAndCanonicalize,200,
1666,ApplyInputs,228400,
1666,ProcessorPlan,52100,
1666,CrossWorldPrepare,1100,
1666,NativeJobBarrier,300,
1666,CommitDecision,700,
1666,VoxelCommit,900,
1666,EcsCommandBufferCommit,153600,
1666,GasAndEventFinalize,45000,
1666,ReplicationProjection,148400,
1666,SnapshotHashMetrics,200,
1666,EgressPublish,14384400,
1667,IngressCapture,4800,
1667,DecodeAndCanonicalize,200,
1667,ApplyInputs,406300,
1667,ProcessorPlan,61300,
1667,CrossWorldPrepare,500,
1667,NativeJobBarrier,100,
1667,CommitDecision,500,
1667,VoxelCommit,1500,
1667,EcsCommandBufferCommit,261700,
1667,GasAndEventFinalize,80000,
1667,ReplicationProjection,273200,
1667,SnapshotHashMetrics,800,
1667,EgressPublish,20042100,
1668,IngressCapture,4200,
1668,DecodeAndCanonicalize,400,
1668,ApplyInputs,259700,
1668,ProcessorPlan,56600,
1668,CrossWorldPrepare,800,
1668,NativeJobBarrier,300,
1668,CommitDecision,300,
1668,VoxelCommit,900,
1668,EcsCommandBufferCommit,143100,
1668,GasAndEventFinalize,38700,
1668,ReplicationProjection,247000,
1668,SnapshotHashMetrics,300,
1668,EgressPublish,16364900,
1669,IngressCapture,4300,
1669,DecodeAndCanonicalize,200,
1669,ApplyInputs,649200,
1669,ProcessorPlan,56600,
1669,CrossWorldPrepare,700,
1669,NativeJobBarrier,200,
1669,CommitDecision,300,
1669,VoxelCommit,900,
1669,EcsCommandBufferCommit,173600,
1669,GasAndEventFinalize,78300,
1669,ReplicationProjection,240400,
1669,SnapshotHashMetrics,600,
1669,EgressPublish,15743500,
1670,IngressCapture,3000,
1670,DecodeAndCanonicalize,200,
1670,ApplyInputs,220200,
1670,ProcessorPlan,33000,
1670,CrossWorldPrepare,300,
1670,NativeJobBarrier,200,
1670,CommitDecision,200,
1670,VoxelCommit,500,
1670,EcsCommandBufferCommit,100100,
1670,GasAndEventFinalize,29300,
1670,ReplicationProjection,132800,
1670,SnapshotHashMetrics,200,
1670,EgressPublish,14445200,
1671,IngressCapture,6300,
1671,DecodeAndCanonicalize,200,
1671,ApplyInputs,291300,
1671,ProcessorPlan,45100,
1671,CrossWorldPrepare,600,
1671,NativeJobBarrier,300,
1671,CommitDecision,400,
1671,VoxelCommit,1400,
1671,EcsCommandBufferCommit,156800,
1671,GasAndEventFinalize,40200,
1671,ReplicationProjection,160200,
1671,SnapshotHashMetrics,300,
1671,EgressPublish,11979700,
1672,IngressCapture,5200,
1672,DecodeAndCanonicalize,200,
1672,ApplyInputs,412600,
1672,ProcessorPlan,57200,
1672,CrossWorldPrepare,900,
1672,NativeJobBarrier,200,
1672,CommitDecision,200,
1672,VoxelCommit,900,
1672,EcsCommandBufferCommit,162200,
1672,GasAndEventFinalize,56900,
1672,ReplicationProjection,235400,
1672,SnapshotHashMetrics,800,
1672,EgressPublish,17593000,
1673,IngressCapture,4500,
1673,DecodeAndCanonicalize,200,
1673,ApplyInputs,261500,
1673,ProcessorPlan,55000,
1673,CrossWorldPrepare,1100,
1673,NativeJobBarrier,100,
1673,CommitDecision,200,
1673,VoxelCommit,1000,
1673,EcsCommandBufferCommit,154900,
1673,GasAndEventFinalize,58800,
1673,ReplicationProjection,248200,
1673,SnapshotHashMetrics,500,
1673,EgressPublish,16639900,
1674,IngressCapture,5500,
1674,DecodeAndCanonicalize,100,
1674,ApplyInputs,389100,
1674,ProcessorPlan,46500,
1674,CrossWorldPrepare,400,
1674,NativeJobBarrier,400,
1674,CommitDecision,700,
1674,VoxelCommit,1100,
1674,EcsCommandBufferCommit,148600,
1674,GasAndEventFinalize,48800,
1674,ReplicationProjection,176800,
1674,SnapshotHashMetrics,400,
1674,EgressPublish,13856600,
1675,IngressCapture,4400,
1675,DecodeAndCanonicalize,300,
1675,ApplyInputs,357200,
1675,ProcessorPlan,53000,
1675,CrossWorldPrepare,600,
1675,NativeJobBarrier,200,
1675,CommitDecision,700,
1675,VoxelCommit,1100,
1675,EcsCommandBufferCommit,179100,
1675,GasAndEventFinalize,56800,
1675,ReplicationProjection,238600,
1675,SnapshotHashMetrics,900,
1675,EgressPublish,16945300,
1676,IngressCapture,4600,
1676,DecodeAndCanonicalize,100,
1676,ApplyInputs,223100,
1676,ProcessorPlan,42500,
1676,CrossWorldPrepare,700,
1676,NativeJobBarrier,300,
1676,CommitDecision,400,
1676,VoxelCommit,500,
1676,EcsCommandBufferCommit,118000,
1676,GasAndEventFinalize,37700,
1676,ReplicationProjection,140600,
1676,SnapshotHashMetrics,200,
1676,EgressPublish,12660400,
1677,IngressCapture,7500,
1677,DecodeAndCanonicalize,200,
1677,ApplyInputs,553400,
1677,ProcessorPlan,45700,
1677,CrossWorldPrepare,600,
1677,NativeJobBarrier,300,
1677,CommitDecision,1300,
1677,VoxelCommit,900,
1677,EcsCommandBufferCommit,168000,
1677,GasAndEventFinalize,61100,
1677,ReplicationProjection,153900,
1677,SnapshotHashMetrics,600,
1677,EgressPublish,11995500,
1678,IngressCapture,3400,
1678,DecodeAndCanonicalize,200,
1678,ApplyInputs,209800,
1678,ProcessorPlan,72400,
1678,CrossWorldPrepare,600,
1678,NativeJobBarrier,200,
1678,CommitDecision,400,
1678,VoxelCommit,800,
1678,EcsCommandBufferCommit,132500,
1678,GasAndEventFinalize,36300,
1678,ReplicationProjection,146500,
1678,SnapshotHashMetrics,200,
1678,EgressPublish,12630100,
1679,IngressCapture,3000,
1679,DecodeAndCanonicalize,200,
1679,ApplyInputs,200700,
1679,ProcessorPlan,50700,
1679,CrossWorldPrepare,600,
1679,NativeJobBarrier,200,
1679,CommitDecision,400,
1679,VoxelCommit,900,
1679,EcsCommandBufferCommit,107200,
1679,GasAndEventFinalize,33800,
1679,ReplicationProjection,139200,
1679,SnapshotHashMetrics,100,
1679,EgressPublish,12549200,
1680,IngressCapture,3800,
1680,DecodeAndCanonicalize,200,
1680,ApplyInputs,298300,
1680,ProcessorPlan,64000,
1680,CrossWorldPrepare,1200,
1680,NativeJobBarrier,200,
1680,CommitDecision,300,
1680,VoxelCommit,1300,
1680,EcsCommandBufferCommit,120300,
1680,GasAndEventFinalize,37700,
1680,ReplicationProjection,239600,
1680,SnapshotHashMetrics,700,
1680,EgressPublish,13414000,
1681,IngressCapture,4400,
1681,DecodeAndCanonicalize,200,
1681,ApplyInputs,332600,
1681,ProcessorPlan,53100,
1681,CrossWorldPrepare,500,
1681,NativeJobBarrier,100,
1681,CommitDecision,600,
1681,VoxelCommit,700,
1681,EcsCommandBufferCommit,141600,
1681,GasAndEventFinalize,51600,
1681,ReplicationProjection,221200,
1681,SnapshotHashMetrics,400,
1681,EgressPublish,13565000,
1682,IngressCapture,4400,
1682,DecodeAndCanonicalize,200,
1682,ApplyInputs,246100,
1682,ProcessorPlan,41200,
1682,CrossWorldPrepare,600,
1682,NativeJobBarrier,900,
1682,CommitDecision,600,
1682,VoxelCommit,700,
1682,EcsCommandBufferCommit,111800,
1682,GasAndEventFinalize,37500,
1682,ReplicationProjection,168800,
1682,SnapshotHashMetrics,400,
1682,EgressPublish,13102000,
1683,IngressCapture,2600,
1683,DecodeAndCanonicalize,200,
1683,ApplyInputs,296600,
1683,ProcessorPlan,48300,
1683,CrossWorldPrepare,600,
1683,NativeJobBarrier,300,
1683,CommitDecision,500,
1683,VoxelCommit,600,
1683,EcsCommandBufferCommit,133000,
1683,GasAndEventFinalize,40000,
1683,ReplicationProjection,217600,
1683,SnapshotHashMetrics,900,
1683,EgressPublish,12303300,
1684,IngressCapture,4300,
1684,DecodeAndCanonicalize,200,
1684,ApplyInputs,688800,
1684,ProcessorPlan,157600,
1684,CrossWorldPrepare,800,
1684,NativeJobBarrier,200,
1684,CommitDecision,200,
1684,VoxelCommit,600,
1684,EcsCommandBufferCommit,94000,
1684,GasAndEventFinalize,43700,
1684,ReplicationProjection,158900,
1684,SnapshotHashMetrics,500,
1684,EgressPublish,11269200,
1685,IngressCapture,3300,
1685,DecodeAndCanonicalize,200,
1685,ApplyInputs,271200,
1685,ProcessorPlan,58900,
1685,CrossWorldPrepare,700,
1685,NativeJobBarrier,200,
1685,CommitDecision,400,
1685,VoxelCommit,1500,
1685,EcsCommandBufferCommit,144500,
1685,GasAndEventFinalize,47100,
1685,ReplicationProjection,213200,
1685,SnapshotHashMetrics,500,
1685,EgressPublish,15495000,
1686,IngressCapture,3800,
1686,DecodeAndCanonicalize,200,
1686,ApplyInputs,303500,
1686,ProcessorPlan,47200,
1686,CrossWorldPrepare,600,
1686,NativeJobBarrier,100,
1686,CommitDecision,300,
1686,VoxelCommit,1600,
1686,EcsCommandBufferCommit,140400,
1686,GasAndEventFinalize,43200,
1686,ReplicationProjection,148500,
1686,SnapshotHashMetrics,200,
1686,EgressPublish,12619600,
1687,IngressCapture,3900,
1687,DecodeAndCanonicalize,100,
1687,ApplyInputs,416400,
1687,ProcessorPlan,53600,
1687,CrossWorldPrepare,500,
1687,NativeJobBarrier,200,
1687,CommitDecision,200,
1687,VoxelCommit,1300,
1687,EcsCommandBufferCommit,182200,
1687,GasAndEventFinalize,37800,
1687,ReplicationProjection,149800,
1687,SnapshotHashMetrics,500,
1687,EgressPublish,13986600,
1688,IngressCapture,4800,
1688,DecodeAndCanonicalize,300,
1688,ApplyInputs,428500,
1688,ProcessorPlan,52600,
1688,CrossWorldPrepare,500,
1688,NativeJobBarrier,200,
1688,CommitDecision,200,
1688,VoxelCommit,700,
1688,EcsCommandBufferCommit,131900,
1688,GasAndEventFinalize,49600,
1688,ReplicationProjection,212300,
1688,SnapshotHashMetrics,800,
1688,EgressPublish,12349000,
1689,IngressCapture,4400,
1689,DecodeAndCanonicalize,200,
1689,ApplyInputs,189700,
1689,ProcessorPlan,36000,
1689,CrossWorldPrepare,500,
1689,NativeJobBarrier,100,
1689,CommitDecision,200,
1689,VoxelCommit,600,
1689,EcsCommandBufferCommit,111500,
1689,GasAndEventFinalize,35600,
1689,ReplicationProjection,132100,
1689,SnapshotHashMetrics,300,
1689,EgressPublish,10829100,
1690,IngressCapture,2600,
1690,DecodeAndCanonicalize,100,
1690,ApplyInputs,194900,
1690,ProcessorPlan,33500,
1690,CrossWorldPrepare,400,
1690,NativeJobBarrier,200,
1690,CommitDecision,200,
1690,VoxelCommit,600,
1690,EcsCommandBufferCommit,78700,
1690,GasAndEventFinalize,27000,
1690,ReplicationProjection,134700,
1690,SnapshotHashMetrics,200,
1690,EgressPublish,11117100,
1691,IngressCapture,3700,
1691,DecodeAndCanonicalize,200,
1691,ApplyInputs,178100,
1691,ProcessorPlan,35000,
1691,CrossWorldPrepare,400,
1691,NativeJobBarrier,200,
1691,CommitDecision,1000,
1691,VoxelCommit,800,
1691,EcsCommandBufferCommit,157000,
1691,GasAndEventFinalize,53700,
1691,ReplicationProjection,166800,
1691,SnapshotHashMetrics,200,
1691,EgressPublish,9247100,
1692,IngressCapture,3900,
1692,DecodeAndCanonicalize,100,
1692,ApplyInputs,394800,
1692,ProcessorPlan,72700,
1692,CrossWorldPrepare,400,
1692,NativeJobBarrier,300,
1692,CommitDecision,300,
1692,VoxelCommit,700,
1692,EcsCommandBufferCommit,111600,
1692,GasAndEventFinalize,43600,
1692,ReplicationProjection,135700,
1692,SnapshotHashMetrics,200,
1692,EgressPublish,11260200,
1693,IngressCapture,6000,
1693,DecodeAndCanonicalize,100,
1693,ApplyInputs,340300,
1693,ProcessorPlan,48900,
1693,CrossWorldPrepare,500,
1693,NativeJobBarrier,300,
1693,CommitDecision,800,
1693,VoxelCommit,1000,
1693,EcsCommandBufferCommit,113400,
1693,GasAndEventFinalize,51100,
1693,ReplicationProjection,271000,
1693,SnapshotHashMetrics,700,
1693,EgressPublish,10980700,
1694,IngressCapture,3700,
1694,DecodeAndCanonicalize,200,
1694,ApplyInputs,195000,
1694,ProcessorPlan,35200,
1694,CrossWorldPrepare,400,
1694,NativeJobBarrier,100,
1694,CommitDecision,400,
1694,VoxelCommit,600,
1694,EcsCommandBufferCommit,106700,
1694,GasAndEventFinalize,28400,
1694,ReplicationProjection,127000,
1694,SnapshotHashMetrics,200,
1694,EgressPublish,9993600,
1695,IngressCapture,2700,
1695,DecodeAndCanonicalize,200,
1695,ApplyInputs,194100,
1695,ProcessorPlan,37900,
1695,CrossWorldPrepare,400,
1695,NativeJobBarrier,100,
1695,CommitDecision,100,
1695,VoxelCommit,500,
1695,EcsCommandBufferCommit,107900,
1695,GasAndEventFinalize,32600,
1695,ReplicationProjection,128100,
1695,SnapshotHashMetrics,300,
1695,EgressPublish,10149100,
1696,IngressCapture,3800,
1696,DecodeAndCanonicalize,200,
1696,ApplyInputs,245300,
1696,ProcessorPlan,54100,
1696,CrossWorldPrepare,700,
1696,NativeJobBarrier,300,
1696,CommitDecision,200,
1696,VoxelCommit,700,
1696,EcsCommandBufferCommit,100800,
1696,GasAndEventFinalize,35300,
1696,ReplicationProjection,201500,
1696,SnapshotHashMetrics,800,
1696,EgressPublish,10506300,
1697,IngressCapture,3100,
1697,DecodeAndCanonicalize,100,
1697,ApplyInputs,451900,
1697,ProcessorPlan,57800,
1697,CrossWorldPrepare,800,
1697,NativeJobBarrier,500,
1697,CommitDecision,400,
1697,VoxelCommit,800,
1697,EcsCommandBufferCommit,165400,
1697,GasAndEventFinalize,84600,
1697,ReplicationProjection,144300,
1697,SnapshotHashMetrics,300,
1697,EgressPublish,11179300,
1698,IngressCapture,3500,
1698,DecodeAndCanonicalize,100,
1698,ApplyInputs,196300,
1698,ProcessorPlan,33500,
1698,CrossWorldPrepare,300,
1698,NativeJobBarrier,100,
1698,CommitDecision,300,
1698,VoxelCommit,500,
1698,EcsCommandBufferCommit,92000,
1698,GasAndEventFinalize,31000,
1698,ReplicationProjection,130700,
1698,SnapshotHashMetrics,100,
1698,EgressPublish,10084400,
1699,IngressCapture,3300,
1699,DecodeAndCanonicalize,300,
1699,ApplyInputs,220900,
1699,ProcessorPlan,57500,
1699,CrossWorldPrepare,500,
1699,NativeJobBarrier,200,
1699,CommitDecision,300,
1699,VoxelCommit,1000,
1699,EcsCommandBufferCommit,115800,
1699,GasAndEventFinalize,41600,
1699,ReplicationProjection,200200,
1699,SnapshotHashMetrics,300,
1699,EgressPublish,9309900,
1700,IngressCapture,3600,
1700,DecodeAndCanonicalize,200,
1700,ApplyInputs,452900,
1700,ProcessorPlan,92200,
1700,CrossWorldPrepare,1100,
1700,NativeJobBarrier,200,
1700,CommitDecision,200,
1700,VoxelCommit,800,
1700,EcsCommandBufferCommit,119300,
1700,GasAndEventFinalize,58600,
1700,ReplicationProjection,201100,
1700,SnapshotHashMetrics,300,
1700,EgressPublish,12618300,
1701,IngressCapture,3100,
1701,DecodeAndCanonicalize,200,
1701,ApplyInputs,222000,
1701,ProcessorPlan,35800,
1701,CrossWorldPrepare,300,
1701,NativeJobBarrier,100,
1701,CommitDecision,200,
1701,VoxelCommit,600,
1701,EcsCommandBufferCommit,372600,
1701,GasAndEventFinalize,41400,
1701,ReplicationProjection,502100,
1701,SnapshotHashMetrics,500,
1701,EgressPublish,11280600,
1702,IngressCapture,8300,
1702,DecodeAndCanonicalize,200,
1702,ApplyInputs,299900,
1702,ProcessorPlan,77300,
1702,CrossWorldPrepare,1000,
1702,NativeJobBarrier,200,
1702,CommitDecision,400,
1702,VoxelCommit,1700,
1702,EcsCommandBufferCommit,130200,
1702,GasAndEventFinalize,38400,
1702,ReplicationProjection,236000,
1702,SnapshotHashMetrics,400,
1702,EgressPublish,9182900,
1703,IngressCapture,4600,
1703,DecodeAndCanonicalize,200,
1703,ApplyInputs,346600,
1703,ProcessorPlan,46100,
1703,CrossWorldPrepare,600,
1703,NativeJobBarrier,200,
1703,CommitDecision,300,
1703,VoxelCommit,1100,
1703,EcsCommandBufferCommit,117300,
1703,GasAndEventFinalize,31100,
1703,ReplicationProjection,144600,
1703,SnapshotHashMetrics,300,
1703,EgressPublish,8424600,
1704,IngressCapture,6500,
1704,DecodeAndCanonicalize,200,
1704,ApplyInputs,382300,
1704,ProcessorPlan,78200,
1704,CrossWorldPrepare,1000,
1704,NativeJobBarrier,300,
1704,CommitDecision,300,
1704,VoxelCommit,1500,
1704,EcsCommandBufferCommit,837000,
1704,GasAndEventFinalize,87200,
1704,ReplicationProjection,554100,
1704,SnapshotHashMetrics,800,
1704,EgressPublish,10922100,
1705,IngressCapture,3500,
1705,DecodeAndCanonicalize,100,
1705,ApplyInputs,217200,
1705,ProcessorPlan,35400,
1705,CrossWorldPrepare,600,
1705,NativeJobBarrier,200,
1705,CommitDecision,400,
1705,VoxelCommit,500,
1705,EcsCommandBufferCommit,95200,
1705,GasAndEventFinalize,30800,
1705,ReplicationProjection,139700,
1705,SnapshotHashMetrics,200,
1705,EgressPublish,13149600,
1706,IngressCapture,3200,
1706,DecodeAndCanonicalize,200,
1706,ApplyInputs,229600,
1706,ProcessorPlan,35800,
1706,CrossWorldPrepare,500,
1706,NativeJobBarrier,200,
1706,CommitDecision,100,
1706,VoxelCommit,800,
1706,EcsCommandBufferCommit,105400,
1706,GasAndEventFinalize,31800,
1706,ReplicationProjection,131500,
1706,SnapshotHashMetrics,100,
1706,EgressPublish,13108300,
1707,IngressCapture,4800,
1707,DecodeAndCanonicalize,200,
1707,ApplyInputs,298000,
1707,ProcessorPlan,61100,
1707,CrossWorldPrepare,600,
1707,NativeJobBarrier,200,
1707,CommitDecision,500,
1707,VoxelCommit,1100,
1707,EcsCommandBufferCommit,170500,
1707,GasAndEventFinalize,59700,
1707,ReplicationProjection,241800,
1707,SnapshotHashMetrics,300,
1707,EgressPublish,13433100,
1708,IngressCapture,5100,
1708,DecodeAndCanonicalize,200,
1708,ApplyInputs,525800,
1708,ProcessorPlan,89400,
1708,CrossWorldPrepare,1700,
1708,NativeJobBarrier,200,
1708,CommitDecision,200,
1708,VoxelCommit,1000,
1708,EcsCommandBufferCommit,122700,
1708,GasAndEventFinalize,62900,
1708,ReplicationProjection,215000,
1708,SnapshotHashMetrics,400,
1708,EgressPublish,11753500,
1709,IngressCapture,4600,
1709,DecodeAndCanonicalize,200,
1709,ApplyInputs,236900,
1709,ProcessorPlan,40100,
1709,CrossWorldPrepare,300,
1709,NativeJobBarrier,800,
1709,CommitDecision,300,
1709,VoxelCommit,600,
1709,EcsCommandBufferCommit,122500,
1709,GasAndEventFinalize,34400,
1709,ReplicationProjection,140900,
1709,SnapshotHashMetrics,300,
1709,EgressPublish,9185700,
1710,IngressCapture,4900,
1710,DecodeAndCanonicalize,200,
1710,ApplyInputs,536400,
1710,ProcessorPlan,68200,
1710,CrossWorldPrepare,600,
1710,NativeJobBarrier,300,
1710,CommitDecision,200,
1710,VoxelCommit,1100,
1710,EcsCommandBufferCommit,143800,
1710,GasAndEventFinalize,42800,
1710,ReplicationProjection,264900,
1710,SnapshotHashMetrics,600,
1710,EgressPublish,10030200,
1711,IngressCapture,3000,
1711,DecodeAndCanonicalize,200,
1711,ApplyInputs,186700,
1711,ProcessorPlan,31400,
1711,CrossWorldPrepare,500,
1711,NativeJobBarrier,200,
1711,CommitDecision,100,
1711,VoxelCommit,400,
1711,EcsCommandBufferCommit,70100,
1711,GasAndEventFinalize,22700,
1711,ReplicationProjection,128400,
1711,SnapshotHashMetrics,200,
1711,EgressPublish,8379600,
1712,IngressCapture,3200,
1712,DecodeAndCanonicalize,100,
1712,ApplyInputs,170200,
1712,ProcessorPlan,37000,
1712,CrossWorldPrepare,500,
1712,NativeJobBarrier,400,
1712,CommitDecision,200,
1712,VoxelCommit,400,
1712,EcsCommandBufferCommit,108500,
1712,GasAndEventFinalize,33800,
1712,ReplicationProjection,184600,
1712,SnapshotHashMetrics,400,
1712,EgressPublish,10390400,
1713,IngressCapture,3600,
1713,DecodeAndCanonicalize,200,
1713,ApplyInputs,209800,
1713,ProcessorPlan,35200,
1713,CrossWorldPrepare,400,
1713,NativeJobBarrier,200,
1713,CommitDecision,100,
1713,VoxelCommit,400,
1713,EcsCommandBufferCommit,112800,
1713,GasAndEventFinalize,38800,
1713,ReplicationProjection,154300,
1713,SnapshotHashMetrics,200,
1713,EgressPublish,9611800,
1714,IngressCapture,2700,
1714,DecodeAndCanonicalize,100,
1714,ApplyInputs,232300,
1714,ProcessorPlan,35500,
1714,CrossWorldPrepare,300,
1714,NativeJobBarrier,200,
1714,CommitDecision,200,
1714,VoxelCommit,500,
1714,EcsCommandBufferCommit,442700,
1714,GasAndEventFinalize,65700,
1714,ReplicationProjection,540500,
1714,SnapshotHashMetrics,800,
1714,EgressPublish,9827600,
1715,IngressCapture,4600,
1715,DecodeAndCanonicalize,100,
1715,ApplyInputs,194900,
1715,ProcessorPlan,36600,
1715,CrossWorldPrepare,700,
1715,NativeJobBarrier,300,
1715,CommitDecision,200,
1715,VoxelCommit,600,
1715,EcsCommandBufferCommit,127400,
1715,GasAndEventFinalize,36400,
1715,ReplicationProjection,149000,
1715,SnapshotHashMetrics,300,
1715,EgressPublish,10695600,
1716,IngressCapture,3200,
1716,DecodeAndCanonicalize,200,
1716,ApplyInputs,451400,
1716,ProcessorPlan,62000,
1716,CrossWorldPrepare,400,
1716,NativeJobBarrier,100,
1716,CommitDecision,400,
1716,VoxelCommit,500,
1716,EcsCommandBufferCommit,84200,
1716,GasAndEventFinalize,38100,
1716,ReplicationProjection,139500,
1716,SnapshotHashMetrics,400,
1716,EgressPublish,10909900,
1717,IngressCapture,3400,
1717,DecodeAndCanonicalize,100,
1717,ApplyInputs,250800,
1717,ProcessorPlan,36800,
1717,CrossWorldPrepare,700,
1717,NativeJobBarrier,200,
1717,CommitDecision,600,
1717,VoxelCommit,700,
1717,EcsCommandBufferCommit,114000,
1717,GasAndEventFinalize,32000,
1717,ReplicationProjection,137700,
1717,SnapshotHashMetrics,200,
1717,EgressPublish,8537300,
1718,IngressCapture,3400,
1718,DecodeAndCanonicalize,200,
1718,ApplyInputs,207100,
1718,ProcessorPlan,32500,
1718,CrossWorldPrepare,700,
1718,NativeJobBarrier,200,
1718,CommitDecision,100,
1718,VoxelCommit,500,
1718,EcsCommandBufferCommit,89000,
1718,GasAndEventFinalize,29400,
1718,ReplicationProjection,139600,
1718,SnapshotHashMetrics,100,
1718,EgressPublish,9095100,
1719,IngressCapture,2800,
1719,DecodeAndCanonicalize,200,
1719,ApplyInputs,208900,
1719,ProcessorPlan,34200,
1719,CrossWorldPrepare,300,
1719,NativeJobBarrier,700,
1719,CommitDecision,100,
1719,VoxelCommit,500,
1719,EcsCommandBufferCommit,106100,
1719,GasAndEventFinalize,30400,
1719,ReplicationProjection,139700,
1719,SnapshotHashMetrics,300,
1719,EgressPublish,9286500,
1720,IngressCapture,4900,
1720,DecodeAndCanonicalize,100,
1720,ApplyInputs,312900,
1720,ProcessorPlan,43500,
1720,CrossWorldPrepare,400,
1720,NativeJobBarrier,100,
1720,CommitDecision,200,
1720,VoxelCommit,800,
1720,EcsCommandBufferCommit,92300,
1720,GasAndEventFinalize,29800,
1720,ReplicationProjection,137300,
1720,SnapshotHashMetrics,300,
1720,EgressPublish,10034600,
1721,IngressCapture,3000,
1721,DecodeAndCanonicalize,200,
1721,ApplyInputs,211500,
1721,ProcessorPlan,34900,
1721,CrossWorldPrepare,400,
1721,NativeJobBarrier,100,
1721,CommitDecision,200,
1721,VoxelCommit,700,
1721,EcsCommandBufferCommit,102900,
1721,GasAndEventFinalize,32700,
1721,ReplicationProjection,559700,
1721,SnapshotHashMetrics,200,
1721,EgressPublish,9618500,
1722,IngressCapture,4400,
1722,DecodeAndCanonicalize,100,
1722,ApplyInputs,287000,
1722,ProcessorPlan,49700,
1722,CrossWorldPrepare,500,
1722,NativeJobBarrier,200,
1722,CommitDecision,300,
1722,VoxelCommit,1300,
1722,EcsCommandBufferCommit,108900,
1722,GasAndEventFinalize,28400,
1722,ReplicationProjection,139300,
1722,SnapshotHashMetrics,200,
1722,EgressPublish,9851300,
1723,IngressCapture,3500,
1723,DecodeAndCanonicalize,100,
1723,ApplyInputs,202700,
1723,ProcessorPlan,33500,
1723,CrossWorldPrepare,400,
1723,NativeJobBarrier,200,
1723,CommitDecision,100,
1723,VoxelCommit,400,
1723,EcsCommandBufferCommit,93900,
1723,GasAndEventFinalize,28300,
1723,ReplicationProjection,143900,
1723,SnapshotHashMetrics,100,
1723,EgressPublish,10407000,
1724,IngressCapture,3600,
1724,DecodeAndCanonicalize,200,
1724,ApplyInputs,381400,
1724,ProcessorPlan,31900,
1724,CrossWorldPrepare,500,
1724,NativeJobBarrier,200,
1724,CommitDecision,100,
1724,VoxelCommit,600,
1724,EcsCommandBufferCommit,86500,
1724,GasAndEventFinalize,40200,
1724,ReplicationProjection,136800,
1724,SnapshotHashMetrics,200,
1724,EgressPublish,10025300,
1725,IngressCapture,5500,
1725,DecodeAndCanonicalize,200,
1725,ApplyInputs,397800,
1725,ProcessorPlan,50100,
1725,CrossWorldPrepare,500,
1725,NativeJobBarrier,200,
1725,CommitDecision,200,
1725,VoxelCommit,1000,
1725,EcsCommandBufferCommit,186300,
1725,GasAndEventFinalize,49300,
1725,ReplicationProjection,496800,
1725,SnapshotHashMetrics,1400,
1725,EgressPublish,10969700,
1726,IngressCapture,4300,
1726,DecodeAndCanonicalize,200,
1726,ApplyInputs,424200,
1726,ProcessorPlan,54700,
1726,CrossWorldPrepare,500,
1726,NativeJobBarrier,300,
1726,CommitDecision,400,
1726,VoxelCommit,1000,
1726,EcsCommandBufferCommit,143000,
1726,GasAndEventFinalize,51900,
1726,ReplicationProjection,245900,
1726,SnapshotHashMetrics,600,
1726,EgressPublish,15235100,
1727,IngressCapture,3800,
1727,DecodeAndCanonicalize,400,
1727,ApplyInputs,281300,
1727,ProcessorPlan,64000,
1727,CrossWorldPrepare,500,
1727,NativeJobBarrier,200,
1727,CommitDecision,300,
1727,VoxelCommit,1100,
1727,EcsCommandBufferCommit,193200,
1727,GasAndEventFinalize,64900,
1727,ReplicationProjection,240300,
1727,SnapshotHashMetrics,200,
1727,EgressPublish,15056700,
1728,IngressCapture,3600,
1728,DecodeAndCanonicalize,200,
1728,ApplyInputs,207000,
1728,ProcessorPlan,35000,
1728,CrossWorldPrepare,400,
1728,NativeJobBarrier,200,
1728,CommitDecision,300,
1728,VoxelCommit,800,
1728,EcsCommandBufferCommit,107600,
1728,GasAndEventFinalize,33900,
1728,ReplicationProjection,147500,
1728,SnapshotHashMetrics,100,
1728,EgressPublish,12244800,
1729,IngressCapture,3100,
1729,DecodeAndCanonicalize,200,
1729,ApplyInputs,245100,
1729,ProcessorPlan,40700,
1729,CrossWorldPrepare,1000,
1729,NativeJobBarrier,200,
1729,CommitDecision,100,
1729,VoxelCommit,600,
1729,EcsCommandBufferCommit,88200,
1729,GasAndEventFinalize,29900,
1729,ReplicationProjection,145200,
1729,SnapshotHashMetrics,100,
1729,EgressPublish,9285400,
1730,IngressCapture,4100,
1730,DecodeAndCanonicalize,200,
1730,ApplyInputs,311000,
1730,ProcessorPlan,48100,
1730,CrossWorldPrepare,800,
1730,NativeJobBarrier,200,
1730,CommitDecision,200,
1730,VoxelCommit,1100,
1730,EcsCommandBufferCommit,126400,
1730,GasAndEventFinalize,81600,
1730,ReplicationProjection,248400,
1730,SnapshotHashMetrics,400,
1730,EgressPublish,11738400,
1731,IngressCapture,6100,
1731,DecodeAndCanonicalize,300,
1731,ApplyInputs,486400,
1731,ProcessorPlan,217300,
1731,CrossWorldPrepare,1700,
1731,NativeJobBarrier,200,
1731,CommitDecision,500,
1731,VoxelCommit,900,
1731,EcsCommandBufferCommit,178300,
1731,GasAndEventFinalize,111800,
1731,ReplicationProjection,299900,
1731,SnapshotHashMetrics,700,
1731,EgressPublish,13016000,
1732,IngressCapture,4000,
1732,DecodeAndCanonicalize,200,
1732,ApplyInputs,358500,
1732,ProcessorPlan,40100,
1732,CrossWorldPrepare,500,
1732,NativeJobBarrier,200,
1732,CommitDecision,200,
1732,VoxelCommit,900,
1732,EcsCommandBufferCommit,172400,
1732,GasAndEventFinalize,51000,
1732,ReplicationProjection,164000,
1732,SnapshotHashMetrics,200,
1732,EgressPublish,14622800,
1733,IngressCapture,3700,
1733,DecodeAndCanonicalize,200,
1733,ApplyInputs,241000,
1733,ProcessorPlan,41600,
1733,CrossWorldPrepare,500,
1733,NativeJobBarrier,200,
1733,CommitDecision,400,
1733,VoxelCommit,1100,
1733,EcsCommandBufferCommit,140200,
1733,GasAndEventFinalize,47600,
1733,ReplicationProjection,158400,
1733,SnapshotHashMetrics,100,
1733,EgressPublish,14027800,
1734,IngressCapture,3300,
1734,DecodeAndCanonicalize,200,
1734,ApplyInputs,328100,
1734,ProcessorPlan,54500,
1734,CrossWorldPrepare,800,
1734,NativeJobBarrier,200,
1734,CommitDecision,500,
1734,VoxelCommit,1000,
1734,EcsCommandBufferCommit,147900,
1734,GasAndEventFinalize,54400,
1734,ReplicationProjection,239000,
1734,SnapshotHashMetrics,400,
1734,EgressPublish,15491100,
1735,IngressCapture,4000,
1735,DecodeAndCanonicalize,200,
1735,ApplyInputs,298600,
1735,ProcessorPlan,54400,
1735,CrossWorldPrepare,700,
1735,NativeJobBarrier,500,
1735,CommitDecision,400,
1735,VoxelCommit,1000,
1735,EcsCommandBufferCommit,158800,
1735,GasAndEventFinalize,54600,
1735,ReplicationProjection,232900,
1735,SnapshotHashMetrics,200,
1735,EgressPublish,15498400,
1736,IngressCapture,3900,
1736,DecodeAndCanonicalize,200,
1736,ApplyInputs,229600,
1736,ProcessorPlan,37700,
1736,CrossWorldPrepare,500,
1736,NativeJobBarrier,200,
1736,CommitDecision,300,
1736,VoxelCommit,900,
1736,EcsCommandBufferCommit,122900,
1736,GasAndEventFinalize,38300,
1736,ReplicationProjection,154500,
1736,SnapshotHashMetrics,100,
1736,EgressPublish,14771800,
1737,IngressCapture,4700,
1737,DecodeAndCanonicalize,100,
1737,ApplyInputs,246800,
1737,ProcessorPlan,35400,
1737,CrossWorldPrepare,400,
1737,NativeJobBarrier,100,
1737,CommitDecision,200,
1737,VoxelCommit,1000,
1737,EcsCommandBufferCommit,130100,
1737,GasAndEventFinalize,37100,
1737,ReplicationProjection,153900,
1737,SnapshotHashMetrics,300,
1737,EgressPublish,11771600,
1738,IngressCapture,4400,
1738,DecodeAndCanonicalize,300,
1738,ApplyInputs,352900,
1738,ProcessorPlan,60400,
1738,CrossWorldPrepare,700,
1738,NativeJobBarrier,200,
1738,CommitDecision,200,
1738,VoxelCommit,1300,
1738,EcsCommandBufferCommit,182000,
1738,GasAndEventFinalize,66100,
1738,ReplicationProjection,265200,
1738,SnapshotHashMetrics,1200,
1738,EgressPublish,16847700,
1739,IngressCapture,8300,
1739,DecodeAndCanonicalize,300,
1739,ApplyInputs,824500,
1739,ProcessorPlan,72500,
1739,CrossWorldPrepare,600,
1739,NativeJobBarrier,200,
1739,CommitDecision,800,
1739,VoxelCommit,1600,
1739,EcsCommandBufferCommit,322100,
1739,GasAndEventFinalize,102800,
1739,ReplicationProjection,719300,
1739,SnapshotHashMetrics,1300,
1739,EgressPublish,13336200,
1740,IngressCapture,12100,
1740,DecodeAndCanonicalize,500,
1740,ApplyInputs,345000,
1740,ProcessorPlan,60300,
1740,CrossWorldPrepare,700,
1740,NativeJobBarrier,300,
1740,CommitDecision,300,
1740,VoxelCommit,1000,
1740,EcsCommandBufferCommit,624100,
1740,GasAndEventFinalize,44600,
1740,ReplicationProjection,305400,
1740,SnapshotHashMetrics,400,
1740,EgressPublish,15955000,
1741,IngressCapture,4800,
1741,DecodeAndCanonicalize,200,
1741,ApplyInputs,307000,
1741,ProcessorPlan,61000,
1741,CrossWorldPrepare,600,
1741,NativeJobBarrier,500,
1741,CommitDecision,600,
1741,VoxelCommit,1300,
1741,EcsCommandBufferCommit,217700,
1741,GasAndEventFinalize,72200,
1741,ReplicationProjection,259000,
1741,SnapshotHashMetrics,700,
1741,EgressPublish,19364700,
1742,IngressCapture,6700,
1742,DecodeAndCanonicalize,200,
1742,ApplyInputs,525500,
1742,ProcessorPlan,63200,
1742,CrossWorldPrepare,600,
1742,NativeJobBarrier,1000,
1742,CommitDecision,1500,
1742,VoxelCommit,1800,
1742,EcsCommandBufferCommit,203300,
1742,GasAndEventFinalize,68300,
1742,ReplicationProjection,285800,
1742,SnapshotHashMetrics,900,
1742,EgressPublish,15793600,
1743,IngressCapture,4200,
1743,DecodeAndCanonicalize,200,
1743,ApplyInputs,317500,
1743,ProcessorPlan,58800,
1743,CrossWorldPrepare,700,
1743,NativeJobBarrier,700,
1743,CommitDecision,300,
1743,VoxelCommit,900,
1743,EcsCommandBufferCommit,180500,
1743,GasAndEventFinalize,60300,
1743,ReplicationProjection,279800,
1743,SnapshotHashMetrics,800,
1743,EgressPublish,18831100,
1744,IngressCapture,5800,
1744,DecodeAndCanonicalize,200,
1744,ApplyInputs,391300,
1744,ProcessorPlan,56700,
1744,CrossWorldPrepare,600,
1744,NativeJobBarrier,200,
1744,CommitDecision,300,
1744,VoxelCommit,1300,
1744,EcsCommandBufferCommit,157600,
1744,GasAndEventFinalize,55400,
1744,ReplicationProjection,247600,
1744,SnapshotHashMetrics,500,
1744,EgressPublish,16475700,
1745,IngressCapture,4600,
1745,DecodeAndCanonicalize,200,
1745,ApplyInputs,228900,
1745,ProcessorPlan,39800,
1745,CrossWorldPrepare,600,
1745,NativeJobBarrier,200,
1745,CommitDecision,400,
1745,VoxelCommit,1300,
1745,EcsCommandBufferCommit,141300,
1745,GasAndEventFinalize,43400,
1745,ReplicationProjection,159600,
1745,SnapshotHashMetrics,400,
1745,EgressPublish,13948100,
1746,IngressCapture,4000,
1746,DecodeAndCanonicalize,200,
1746,ApplyInputs,354100,
1746,ProcessorPlan,56100,
1746,CrossWorldPrepare,700,
1746,NativeJobBarrier,200,
1746,CommitDecision,700,
1746,VoxelCommit,700,
1746,EcsCommandBufferCommit,161000,
1746,GasAndEventFinalize,58000,
1746,ReplicationProjection,259400,
1746,SnapshotHashMetrics,200,
1746,EgressPublish,17230400,
1747,IngressCapture,4500,
1747,DecodeAndCanonicalize,200,
1747,ApplyInputs,586700,
1747,ProcessorPlan,59100,
1747,CrossWorldPrepare,500,
1747,NativeJobBarrier,1000,
1747,CommitDecision,300,
1747,VoxelCommit,1200,
1747,EcsCommandBufferCommit,160400,
1747,GasAndEventFinalize,85800,
1747,ReplicationProjection,251100,
1747,SnapshotHashMetrics,600,
1747,EgressPublish,14469900,
1748,IngressCapture,5600,
1748,DecodeAndCanonicalize,300,
1748,ApplyInputs,344300,
1748,ProcessorPlan,58100,
1748,CrossWorldPrepare,800,
1748,NativeJobBarrier,300,
1748,CommitDecision,300,
1748,VoxelCommit,1600,
1748,EcsCommandBufferCommit,136500,
1748,GasAndEventFinalize,35900,
1748,ReplicationProjection,288100,
1748,SnapshotHashMetrics,300,
1748,EgressPublish,18812400,
1749,IngressCapture,5100,
1749,DecodeAndCanonicalize,500,
1749,ApplyInputs,537600,
1749,ProcessorPlan,74900,
1749,CrossWorldPrepare,800,
1749,NativeJobBarrier,500,
1749,CommitDecision,600,
1749,VoxelCommit,2100,
1749,EcsCommandBufferCommit,250800,
1749,GasAndEventFinalize,79400,
1749,ReplicationProjection,304800,
1749,SnapshotHashMetrics,1500,
1749,EgressPublish,19039100,
1750,IngressCapture,5300,
1750,DecodeAndCanonicalize,300,
1750,ApplyInputs,319100,
1750,ProcessorPlan,54600,
1750,CrossWorldPrepare,1100,
1750,NativeJobBarrier,300,
1750,CommitDecision,300,
1750,VoxelCommit,1000,
1750,EcsCommandBufferCommit,129700,
1750,GasAndEventFinalize,40200,
1750,ReplicationProjection,251900,
1750,SnapshotHashMetrics,300,
1750,EgressPublish,15514200,
1751,IngressCapture,5200,
1751,DecodeAndCanonicalize,200,
1751,ApplyInputs,244300,
1751,ProcessorPlan,39100,
1751,CrossWorldPrepare,600,
1751,NativeJobBarrier,100,
1751,CommitDecision,300,
1751,VoxelCommit,800,
1751,EcsCommandBufferCommit,134200,
1751,GasAndEventFinalize,39900,
1751,ReplicationProjection,151600,
1751,SnapshotHashMetrics,200,
1751,EgressPublish,11258800,
1752,IngressCapture,3500,
1752,DecodeAndCanonicalize,200,
1752,ApplyInputs,271900,
1752,ProcessorPlan,39100,
1752,CrossWorldPrepare,600,
1752,NativeJobBarrier,200,
1752,CommitDecision,200,
1752,VoxelCommit,700,
1752,EcsCommandBufferCommit,127600,
1752,GasAndEventFinalize,45800,
1752,ReplicationProjection,155200,
1752,SnapshotHashMetrics,500,
1752,EgressPublish,13589900,
1753,IngressCapture,7300,
1753,DecodeAndCanonicalize,300,
1753,ApplyInputs,458700,
1753,ProcessorPlan,81000,
1753,CrossWorldPrepare,800,
1753,NativeJobBarrier,400,
1753,CommitDecision,400,
1753,VoxelCommit,1500,
1753,EcsCommandBufferCommit,207300,
1753,GasAndEventFinalize,65500,
1753,ReplicationProjection,304700,
1753,SnapshotHashMetrics,500,
1753,EgressPublish,15257600,
1754,IngressCapture,3700,
1754,DecodeAndCanonicalize,200,
1754,ApplyInputs,355800,
1754,ProcessorPlan,48000,
1754,CrossWorldPrepare,600,
1754,NativeJobBarrier,200,
1754,CommitDecision,400,
1754,VoxelCommit,800,
1754,EcsCommandBufferCommit,134700,
1754,GasAndEventFinalize,45100,
1754,ReplicationProjection,208900,
1754,SnapshotHashMetrics,200,
1754,EgressPublish,14262100,
1755,IngressCapture,4000,
1755,DecodeAndCanonicalize,100,
1755,ApplyInputs,430200,
1755,ProcessorPlan,38100,
1755,CrossWorldPrepare,600,
1755,NativeJobBarrier,100,
1755,CommitDecision,500,
1755,VoxelCommit,1000,
1755,EcsCommandBufferCommit,147200,
1755,GasAndEventFinalize,67000,
1755,ReplicationProjection,156300,
1755,SnapshotHashMetrics,200,
1755,EgressPublish,13342800,
1756,IngressCapture,5600,
1756,DecodeAndCanonicalize,100,
1756,ApplyInputs,351700,
1756,ProcessorPlan,57200,
1756,CrossWorldPrepare,800,
1756,NativeJobBarrier,300,
1756,CommitDecision,800,
1756,VoxelCommit,2000,
1756,EcsCommandBufferCommit,195300,
1756,GasAndEventFinalize,53800,
1756,ReplicationProjection,149000,
1756,SnapshotHashMetrics,100,
1756,EgressPublish,13644400,
1757,IngressCapture,4700,
1757,DecodeAndCanonicalize,200,
1757,ApplyInputs,315600,
1757,ProcessorPlan,47800,
1757,CrossWorldPrepare,500,
1757,NativeJobBarrier,100,
1757,CommitDecision,300,
1757,VoxelCommit,900,
1757,EcsCommandBufferCommit,146200,
1757,GasAndEventFinalize,52100,
1757,ReplicationProjection,146800,
1757,SnapshotHashMetrics,400,
1757,EgressPublish,13783800,
1758,IngressCapture,4200,
1758,DecodeAndCanonicalize,300,
1758,ApplyInputs,367900,
1758,ProcessorPlan,71600,
1758,CrossWorldPrepare,1300,
1758,NativeJobBarrier,200,
1758,CommitDecision,700,
1758,VoxelCommit,1100,
1758,EcsCommandBufferCommit,202200,
1758,GasAndEventFinalize,66800,
1758,ReplicationProjection,241100,
1758,SnapshotHashMetrics,800,
1758,EgressPublish,18788300,
1759,IngressCapture,3800,
1759,DecodeAndCanonicalize,300,
1759,ApplyInputs,353100,
1759,ProcessorPlan,59200,
1759,CrossWorldPrepare,700,
1759,NativeJobBarrier,200,
1759,CommitDecision,200,
1759,VoxelCommit,1000,
1759,EcsCommandBufferCommit,174600,
1759,GasAndEventFinalize,59800,
1759,ReplicationProjection,265700,
1759,SnapshotHashMetrics,300,
1759,EgressPublish,14959700,
1760,IngressCapture,4700,
1760,DecodeAndCanonicalize,200,
1760,ApplyInputs,294500,
1760,ProcessorPlan,42700,
1760,CrossWorldPrepare,700,
1760,NativeJobBarrier,600,
1760,CommitDecision,300,
1760,VoxelCommit,1000,
1760,EcsCommandBufferCommit,163100,
1760,GasAndEventFinalize,48800,
1760,ReplicationProjection,143200,
1760,SnapshotHashMetrics,200,
1760,EgressPublish,11452700,
1761,IngressCapture,4300,
1761,DecodeAndCanonicalize,200,
1761,ApplyInputs,399700,
1761,ProcessorPlan,56700,
1761,CrossWorldPrepare,700,
1761,NativeJobBarrier,100,
1761,CommitDecision,700,
1761,VoxelCommit,900,
1761,EcsCommandBufferCommit,157000,
1761,GasAndEventFinalize,57700,
1761,ReplicationProjection,238500,
1761,SnapshotHashMetrics,400,
1761,EgressPublish,14015200,
1762,IngressCapture,3400,
1762,DecodeAndCanonicalize,200,
1762,ApplyInputs,253000,
1762,ProcessorPlan,41200,
1762,CrossWorldPrepare,600,
1762,NativeJobBarrier,100,
1762,CommitDecision,300,
1762,VoxelCommit,600,
1762,EcsCommandBufferCommit,175800,
1762,GasAndEventFinalize,50400,
1762,ReplicationProjection,145200,
1762,SnapshotHashMetrics,200,
1762,EgressPublish,12880700,
1763,IngressCapture,5000,
1763,DecodeAndCanonicalize,200,
1763,ApplyInputs,628600,
1763,ProcessorPlan,51700,
1763,CrossWorldPrepare,600,
1763,NativeJobBarrier,200,
1763,CommitDecision,400,
1763,VoxelCommit,800,
1763,EcsCommandBufferCommit,138400,
1763,GasAndEventFinalize,65100,
1763,ReplicationProjection,241400,
1763,SnapshotHashMetrics,800,
1763,EgressPublish,15616700,
1764,IngressCapture,6400,
1764,DecodeAndCanonicalize,200,
1764,ApplyInputs,362600,
1764,ProcessorPlan,83200,
1764,CrossWorldPrepare,800,
1764,NativeJobBarrier,200,
1764,CommitDecision,500,
1764,VoxelCommit,900,
1764,EcsCommandBufferCommit,197000,
1764,GasAndEventFinalize,82100,
1764,ReplicationProjection,243100,
1764,SnapshotHashMetrics,600,
1764,EgressPublish,17362400,
1765,IngressCapture,5300,
1765,DecodeAndCanonicalize,400,
1765,ApplyInputs,398000,
1765,ProcessorPlan,64000,
1765,CrossWorldPrepare,1000,
1765,NativeJobBarrier,200,
1765,CommitDecision,300,
1765,VoxelCommit,1000,
1765,EcsCommandBufferCommit,179500,
1765,GasAndEventFinalize,63500,
1765,ReplicationProjection,253900,
1765,SnapshotHashMetrics,900,
1765,EgressPublish,16457900,
1766,IngressCapture,4800,
1766,DecodeAndCanonicalize,200,
1766,ApplyInputs,364400,
1766,ProcessorPlan,59400,
1766,CrossWorldPrepare,500,
1766,NativeJobBarrier,200,
1766,CommitDecision,100,
1766,VoxelCommit,1300,
1766,EcsCommandBufferCommit,178600,
1766,GasAndEventFinalize,68300,
1766,ReplicationProjection,254700,
1766,SnapshotHashMetrics,1000,
1766,EgressPublish,16419700,
1767,IngressCapture,12300,
1767,DecodeAndCanonicalize,200,
1767,ApplyInputs,313900,
1767,ProcessorPlan,73900,
1767,CrossWorldPrepare,1700,
1767,NativeJobBarrier,200,
1767,CommitDecision,400,
1767,VoxelCommit,1200,
1767,EcsCommandBufferCommit,190500,
1767,GasAndEventFinalize,80800,
1767,ReplicationProjection,247500,
1767,SnapshotHashMetrics,400,
1767,EgressPublish,16737700,
1768,IngressCapture,3200,
1768,DecodeAndCanonicalize,200,
1768,ApplyInputs,299600,
1768,ProcessorPlan,51600,
1768,CrossWorldPrepare,400,
1768,NativeJobBarrier,200,
1768,CommitDecision,300,
1768,VoxelCommit,1100,
1768,EcsCommandBufferCommit,165700,
1768,GasAndEventFinalize,62000,
1768,ReplicationProjection,302600,
1768,SnapshotHashMetrics,600,
1768,EgressPublish,13921300,
1769,IngressCapture,4000,
1769,DecodeAndCanonicalize,300,
1769,ApplyInputs,233800,
1769,ProcessorPlan,39700,
1769,CrossWorldPrepare,400,
1769,NativeJobBarrier,100,
1769,CommitDecision,700,
1769,VoxelCommit,700,
1769,EcsCommandBufferCommit,142800,
1769,GasAndEventFinalize,41600,
1769,ReplicationProjection,157000,
1769,SnapshotHashMetrics,300,
1769,EgressPublish,13964600,
1770,IngressCapture,6500,
1770,DecodeAndCanonicalize,200,
1770,ApplyInputs,443000,
1770,ProcessorPlan,73600,
1770,CrossWorldPrepare,1200,
1770,NativeJobBarrier,700,
1770,CommitDecision,400,
1770,VoxelCommit,1300,
1770,EcsCommandBufferCommit,201800,
1770,GasAndEventFinalize,72200,
1770,ReplicationProjection,298900,
1770,SnapshotHashMetrics,1000,
1770,EgressPublish,16622800,
1771,IngressCapture,4100,
1771,DecodeAndCanonicalize,200,
1771,ApplyInputs,744700,
1771,ProcessorPlan,74300,
1771,CrossWorldPrepare,800,
1771,NativeJobBarrier,200,
1771,CommitDecision,200,
1771,VoxelCommit,1200,
1771,EcsCommandBufferCommit,189900,
1771,GasAndEventFinalize,105900,
1771,ReplicationProjection,302200,
1771,SnapshotHashMetrics,600,
1771,EgressPublish,15330300,
1772,IngressCapture,5200,
1772,DecodeAndCanonicalize,200,
1772,ApplyInputs,374500,
1772,ProcessorPlan,71700,
1772,CrossWorldPrepare,600,
1772,NativeJobBarrier,200,
1772,CommitDecision,600,
1772,VoxelCommit,1300,
1772,EcsCommandBufferCommit,173100,
1772,GasAndEventFinalize,96200,
1772,ReplicationProjection,285000,
1772,SnapshotHashMetrics,500,
1772,EgressPublish,15606200,
1773,IngressCapture,3800,
1773,DecodeAndCanonicalize,200,
1773,ApplyInputs,222500,
1773,ProcessorPlan,35100,
1773,CrossWorldPrepare,300,
1773,NativeJobBarrier,100,
1773,CommitDecision,200,
1773,VoxelCommit,600,
1773,EcsCommandBufferCommit,115500,
1773,GasAndEventFinalize,37700,
1773,ReplicationProjection,147600,
1773,SnapshotHashMetrics,100,
1773,EgressPublish,12947800,
1774,IngressCapture,3500,
1774,DecodeAndCanonicalize,200,
1774,ApplyInputs,249400,
1774,ProcessorPlan,37500,
1774,CrossWorldPrepare,400,
1774,NativeJobBarrier,200,
1774,CommitDecision,200,
1774,VoxelCommit,800,
1774,EcsCommandBufferCommit,106000,
1774,GasAndEventFinalize,33300,
1774,ReplicationProjection,149400,
1774,SnapshotHashMetrics,200,
1774,EgressPublish,13299000,
1775,IngressCapture,4100,
1775,DecodeAndCanonicalize,200,
1775,ApplyInputs,418400,
1775,ProcessorPlan,62400,
1775,CrossWorldPrepare,500,
1775,NativeJobBarrier,200,
1775,CommitDecision,400,
1775,VoxelCommit,1300,
1775,EcsCommandBufferCommit,180700,
1775,GasAndEventFinalize,63200,
1775,ReplicationProjection,259500,
1775,SnapshotHashMetrics,1000,
1775,EgressPublish,14932800,
1776,IngressCapture,3100,
1776,DecodeAndCanonicalize,300,
1776,ApplyInputs,203700,
1776,ProcessorPlan,34000,
1776,CrossWorldPrepare,400,
1776,NativeJobBarrier,200,
1776,CommitDecision,300,
1776,VoxelCommit,1400,
1776,EcsCommandBufferCommit,94300,
1776,GasAndEventFinalize,30100,
1776,ReplicationProjection,144500,
1776,SnapshotHashMetrics,200,
1776,EgressPublish,14571400,
1777,IngressCapture,3400,
1777,DecodeAndCanonicalize,200,
1777,ApplyInputs,255400,
1777,ProcessorPlan,38000,
1777,CrossWorldPrepare,400,
1777,NativeJobBarrier,200,
1777,CommitDecision,400,
1777,VoxelCommit,700,
1777,EcsCommandBufferCommit,182100,
1777,GasAndEventFinalize,61400,
1777,ReplicationProjection,246000,
1777,SnapshotHashMetrics,700,
1777,EgressPublish,14429500,
1778,IngressCapture,5100,
1778,DecodeAndCanonicalize,200,
1778,ApplyInputs,542300,
1778,ProcessorPlan,142400,
1778,CrossWorldPrepare,1400,
1778,NativeJobBarrier,100,
1778,CommitDecision,300,
1778,VoxelCommit,1100,
1778,EcsCommandBufferCommit,145600,
1778,GasAndEventFinalize,81100,
1778,ReplicationProjection,273800,
1778,SnapshotHashMetrics,900,
1778,EgressPublish,16369200,
1779,IngressCapture,3800,
1779,DecodeAndCanonicalize,100,
1779,ApplyInputs,258700,
1779,ProcessorPlan,36300,
1779,CrossWorldPrepare,400,
1779,NativeJobBarrier,200,
1779,CommitDecision,100,
1779,VoxelCommit,700,
1779,EcsCommandBufferCommit,122000,
1779,GasAndEventFinalize,38700,
1779,ReplicationProjection,147000,
1779,SnapshotHashMetrics,100,
1779,EgressPublish,10640800,
1780,IngressCapture,3800,
1780,DecodeAndCanonicalize,200,
1780,ApplyInputs,392500,
1780,ProcessorPlan,57100,
1780,CrossWorldPrepare,700,
1780,NativeJobBarrier,400,
1780,CommitDecision,500,
1780,VoxelCommit,1900,
1780,EcsCommandBufferCommit,155900,
1780,GasAndEventFinalize,55000,
1780,ReplicationProjection,261500,
1780,SnapshotHashMetrics,1400,
1780,EgressPublish,14973200,
1781,IngressCapture,4500,
1781,DecodeAndCanonicalize,200,
1781,ApplyInputs,309200,
1781,ProcessorPlan,62200,
1781,CrossWorldPrepare,600,
1781,NativeJobBarrier,200,
1781,CommitDecision,900,
1781,VoxelCommit,900,
1781,EcsCommandBufferCommit,182200,
1781,GasAndEventFinalize,53300,
1781,ReplicationProjection,231200,
1781,SnapshotHashMetrics,600,
1781,EgressPublish,14844300,
1782,IngressCapture,6500,
1782,DecodeAndCanonicalize,200,
1782,ApplyInputs,371100,
1782,ProcessorPlan,44300,
1782,CrossWorldPrepare,500,
1782,NativeJobBarrier,100,
1782,CommitDecision,600,
1782,VoxelCommit,1700,
1782,EcsCommandBufferCommit,201900,
1782,GasAndEventFinalize,53900,
1782,ReplicationProjection,163900,
1782,SnapshotHashMetrics,400,
1782,EgressPublish,16714600,
1783,IngressCapture,3900,
1783,DecodeAndCanonicalize,200,
1783,ApplyInputs,260900,
1783,ProcessorPlan,46000,
1783,CrossWorldPrepare,700,
1783,NativeJobBarrier,200,
1783,CommitDecision,200,
1783,VoxelCommit,1200,
1783,EcsCommandBufferCommit,158200,
1783,GasAndEventFinalize,28000,
1783,ReplicationProjection,144000,
1783,SnapshotHashMetrics,300,
1783,EgressPublish,9608400,
1784,IngressCapture,2800,
1784,DecodeAndCanonicalize,200,
1784,ApplyInputs,191600,
1784,ProcessorPlan,33600,
1784,CrossWorldPrepare,400,
1784,NativeJobBarrier,100,
1784,CommitDecision,100,
1784,VoxelCommit,500,
1784,EcsCommandBufferCommit,93100,
1784,GasAndEventFinalize,25900,
1784,ReplicationProjection,135600,
1784,SnapshotHashMetrics,400,
1784,EgressPublish,8661200,
1785,IngressCapture,2900,
1785,DecodeAndCanonicalize,200,
1785,ApplyInputs,216400,
1785,ProcessorPlan,34800,
1785,CrossWorldPrepare,300,
1785,NativeJobBarrier,100,
1785,CommitDecision,600,
1785,VoxelCommit,600,
1785,EcsCommandBufferCommit,105300,
1785,GasAndEventFinalize,35800,
1785,ReplicationProjection,141000,
1785,SnapshotHashMetrics,300,
1785,EgressPublish,9445400,
1786,IngressCapture,3400,
1786,DecodeAndCanonicalize,200,
1786,ApplyInputs,258000,
1786,ProcessorPlan,103600,
1786,CrossWorldPrepare,600,
1786,NativeJobBarrier,200,
1786,CommitDecision,100,
1786,VoxelCommit,500,
1786,EcsCommandBufferCommit,109500,
1786,GasAndEventFinalize,46900,
1786,ReplicationProjection,141600,
1786,SnapshotHashMetrics,200,
1786,EgressPublish,10534500,
1787,IngressCapture,4000,
1787,DecodeAndCanonicalize,200,
1787,ApplyInputs,263600,
1787,ProcessorPlan,40100,
1787,CrossWorldPrepare,400,
1787,NativeJobBarrier,300,
1787,CommitDecision,200,
1787,VoxelCommit,700,
1787,EcsCommandBufferCommit,84200,
1787,GasAndEventFinalize,26900,
1787,ReplicationProjection,133800,
1787,SnapshotHashMetrics,100,
1787,EgressPublish,9141300,
1788,IngressCapture,4200,
1788,DecodeAndCanonicalize,200,
1788,ApplyInputs,209100,
1788,ProcessorPlan,39100,
1788,CrossWorldPrepare,700,
1788,NativeJobBarrier,200,
1788,CommitDecision,100,
1788,VoxelCommit,800,
1788,EcsCommandBufferCommit,164400,
1788,GasAndEventFinalize,39300,
1788,ReplicationProjection,143000,
1788,SnapshotHashMetrics,100,
1788,EgressPublish,9771600,
1789,IngressCapture,3900,
1789,DecodeAndCanonicalize,200,
1789,ApplyInputs,235000,
1789,ProcessorPlan,35400,
1789,CrossWorldPrepare,400,
1789,NativeJobBarrier,200,
1789,CommitDecision,400,
1789,VoxelCommit,900,
1789,EcsCommandBufferCommit,133500,
1789,GasAndEventFinalize,37300,
1789,ReplicationProjection,173900,
1789,SnapshotHashMetrics,300,
1789,EgressPublish,10574700,
1790,IngressCapture,3700,
1790,DecodeAndCanonicalize,200,
1790,ApplyInputs,207700,
1790,ProcessorPlan,33000,
1790,CrossWorldPrepare,1200,
1790,NativeJobBarrier,200,
1790,CommitDecision,200,
1790,VoxelCommit,500,
1790,EcsCommandBufferCommit,87100,
1790,GasAndEventFinalize,39500,
1790,ReplicationProjection,139000,
1790,SnapshotHashMetrics,100,
1790,EgressPublish,10547300,
1791,IngressCapture,4200,
1791,DecodeAndCanonicalize,200,
1791,ApplyInputs,208800,
1791,ProcessorPlan,37600,
1791,CrossWorldPrepare,400,
1791,NativeJobBarrier,200,
1791,CommitDecision,500,
1791,VoxelCommit,500,
1791,EcsCommandBufferCommit,117900,
1791,GasAndEventFinalize,35400,
1791,ReplicationProjection,142600,
1791,SnapshotHashMetrics,300,
1791,EgressPublish,8467300,
1792,IngressCapture,4600,
1792,DecodeAndCanonicalize,200,
1792,ApplyInputs,216700,
1792,ProcessorPlan,36300,
1792,CrossWorldPrepare,600,
1792,NativeJobBarrier,200,
1792,CommitDecision,100,
1792,VoxelCommit,400,
1792,EcsCommandBufferCommit,96900,
1792,GasAndEventFinalize,28300,
1792,ReplicationProjection,132100,
1792,SnapshotHashMetrics,200,
1792,EgressPublish,8305800,
1793,IngressCapture,2900,
1793,DecodeAndCanonicalize,200,
1793,ApplyInputs,193000,
1793,ProcessorPlan,30700,
1793,CrossWorldPrepare,400,
1793,NativeJobBarrier,200,
1793,CommitDecision,100,
1793,VoxelCommit,500,
1793,EcsCommandBufferCommit,75800,
1793,GasAndEventFinalize,23500,
1793,ReplicationProjection,128600,
1793,SnapshotHashMetrics,100,
1793,EgressPublish,8262100,
1794,IngressCapture,3500,
1794,DecodeAndCanonicalize,200,
1794,ApplyInputs,278500,
1794,ProcessorPlan,110800,
1794,CrossWorldPrepare,700,
1794,NativeJobBarrier,200,
1794,CommitDecision,200,
1794,VoxelCommit,700,
1794,EcsCommandBufferCommit,107000,
1794,GasAndEventFinalize,48300,
1794,ReplicationProjection,521600,
1794,SnapshotHashMetrics,300,
1794,EgressPublish,8290000,
1795,IngressCapture,4600,
1795,DecodeAndCanonicalize,200,
1795,ApplyInputs,233000,
1795,ProcessorPlan,33300,
1795,CrossWorldPrepare,500,
1795,NativeJobBarrier,200,
1795,CommitDecision,200,
1795,VoxelCommit,400,
1795,EcsCommandBufferCommit,89100,
1795,GasAndEventFinalize,52600,
1795,ReplicationProjection,146700,
1795,SnapshotHashMetrics,200,
1795,EgressPublish,8969900,
1796,IngressCapture,3500,
1796,DecodeAndCanonicalize,200,
1796,ApplyInputs,218500,
1796,ProcessorPlan,33600,
1796,CrossWorldPrepare,300,
1796,NativeJobBarrier,100,
1796,CommitDecision,200,
1796,VoxelCommit,600,
1796,EcsCommandBufferCommit,91200,
1796,GasAndEventFinalize,27500,
1796,ReplicationProjection,128700,
1796,SnapshotHashMetrics,200,
1796,EgressPublish,8161100,
1797,IngressCapture,4800,
1797,DecodeAndCanonicalize,400,
1797,ApplyInputs,237100,
1797,ProcessorPlan,36800,
1797,CrossWorldPrepare,500,
1797,NativeJobBarrier,200,
1797,CommitDecision,100,
1797,VoxelCommit,400,
1797,EcsCommandBufferCommit,116600,
1797,GasAndEventFinalize,34000,
1797,ReplicationProjection,147900,
1797,SnapshotHashMetrics,300,
1797,EgressPublish,9772700,
1798,IngressCapture,3500,
1798,DecodeAndCanonicalize,200,
1798,ApplyInputs,209500,
1798,ProcessorPlan,33600,
1798,CrossWorldPrepare,300,
1798,NativeJobBarrier,200,
1798,CommitDecision,200,
1798,VoxelCommit,600,
1798,EcsCommandBufferCommit,92700,
1798,GasAndEventFinalize,27300,
1798,ReplicationProjection,135000,
1798,SnapshotHashMetrics,100,
1798,EgressPublish,8297900,
1799,IngressCapture,2600,
1799,DecodeAndCanonicalize,100,
1799,ApplyInputs,175900,
1799,ProcessorPlan,31600,
1799,CrossWorldPrepare,400,
1799,NativeJobBarrier,200,
1799,CommitDecision,100,
1799,VoxelCommit,500,
1799,EcsCommandBufferCommit,74700,
1799,GasAndEventFinalize,23900,
1799,ReplicationProjection,129300,
1799,SnapshotHashMetrics,200,
1799,EgressPublish,7610800,
1800,IngressCapture,3000,
1800,DecodeAndCanonicalize,100,
1800,ApplyInputs,164900,
1800,ProcessorPlan,34200,
1800,CrossWorldPrepare,400,
1800,NativeJobBarrier,100,
1800,CommitDecision,100,
1800,VoxelCommit,500,
1800,EcsCommandBufferCommit,86900,
1800,GasAndEventFinalize,28600,
1800,ReplicationProjection,132300,
1800,SnapshotHashMetrics,300,
1800,EgressPublish,7187100,
1801,IngressCapture,2900,
1801,DecodeAndCanonicalize,200,
1801,ApplyInputs,183000,
1801,ProcessorPlan,31200,
1801,CrossWorldPrepare,400,
1801,NativeJobBarrier,100,
1801,CommitDecision,100,
1801,VoxelCommit,500,
1801,EcsCommandBufferCommit,73000,
1801,GasAndEventFinalize,24600,
1801,ReplicationProjection,125200,
1801,SnapshotHashMetrics,200,
1801,EgressPublish,7342700,
1802,IngressCapture,3600,
1802,DecodeAndCanonicalize,200,
1802,ApplyInputs,319100,
1802,ProcessorPlan,84700,
1802,CrossWorldPrepare,700,
1802,NativeJobBarrier,100,
1802,CommitDecision,300,
1802,VoxelCommit,400,
1802,EcsCommandBufferCommit,102300,
1802,GasAndEventFinalize,81700,
1802,ReplicationProjection,154000,
1802,SnapshotHashMetrics,200,
1802,EgressPublish,7488300,
1803,IngressCapture,2900,
1803,DecodeAndCanonicalize,100,
1803,ApplyInputs,216000,
1803,ProcessorPlan,32500,
1803,CrossWorldPrepare,300,
1803,NativeJobBarrier,200,
1803,CommitDecision,100,
1803,VoxelCommit,900,
1803,EcsCommandBufferCommit,121000,
1803,GasAndEventFinalize,37000,
1803,ReplicationProjection,140100,
1803,SnapshotHashMetrics,600,
1803,EgressPublish,9220200,
1804,IngressCapture,3500,
1804,DecodeAndCanonicalize,200,
1804,ApplyInputs,239300,
1804,ProcessorPlan,34400,
1804,CrossWorldPrepare,300,
1804,NativeJobBarrier,200,
1804,CommitDecision,200,
1804,VoxelCommit,400,
1804,EcsCommandBufferCommit,515600,
1804,GasAndEventFinalize,51100,
1804,ReplicationProjection,549900,
1804,SnapshotHashMetrics,300,
1804,EgressPublish,8195200,
1805,IngressCapture,6600,
1805,DecodeAndCanonicalize,200,
1805,ApplyInputs,206300,
1805,ProcessorPlan,35500,
1805,CrossWorldPrepare,800,
1805,NativeJobBarrier,200,
1805,CommitDecision,100,
1805,VoxelCommit,500,
1805,EcsCommandBufferCommit,95500,
1805,GasAndEventFinalize,28300,
1805,ReplicationProjection,141500,
1805,SnapshotHashMetrics,200,
1805,EgressPublish,8353600,
1806,IngressCapture,2500,
1806,DecodeAndCanonicalize,200,
1806,ApplyInputs,153200,
1806,ProcessorPlan,35400,
1806,CrossWorldPrepare,500,
1806,NativeJobBarrier,100,
1806,CommitDecision,300,
1806,VoxelCommit,900,
1806,EcsCommandBufferCommit,91900,
1806,GasAndEventFinalize,34800,
1806,ReplicationProjection,136200,
1806,SnapshotHashMetrics,400,
1806,EgressPublish,8437200,
1807,IngressCapture,2500,
1807,DecodeAndCanonicalize,200,
1807,ApplyInputs,207400,
1807,ProcessorPlan,34300,
1807,CrossWorldPrepare,300,
1807,NativeJobBarrier,100,
1807,CommitDecision,200,
1807,VoxelCommit,400,
1807,EcsCommandBufferCommit,95100,
1807,GasAndEventFinalize,27900,
1807,ReplicationProjection,137000,
1807,SnapshotHashMetrics,400,
1807,EgressPublish,9302800,
1808,IngressCapture,3900,
1808,DecodeAndCanonicalize,100,
1808,ApplyInputs,352700,
1808,ProcessorPlan,66900,
1808,CrossWorldPrepare,600,
1808,NativeJobBarrier,100,
1808,CommitDecision,200,
1808,VoxelCommit,800,
1808,EcsCommandBufferCommit,506100,
1808,GasAndEventFinalize,106600,
1808,ReplicationProjection,827900,
1808,SnapshotHashMetrics,800,
1808,EgressPublish,10529800,
1809,IngressCapture,3700,
1809,DecodeAndCanonicalize,200,
1809,ApplyInputs,228800,
1809,ProcessorPlan,39300,
1809,CrossWorldPrepare,400,
1809,NativeJobBarrier,100,
1809,CommitDecision,200,
1809,VoxelCommit,500,
1809,EcsCommandBufferCommit,120400,
1809,GasAndEventFinalize,42600,
1809,ReplicationProjection,149000,
1809,SnapshotHashMetrics,200,
1809,EgressPublish,10447400,
1810,IngressCapture,4200,
1810,DecodeAndCanonicalize,200,
1810,ApplyInputs,567100,
1810,ProcessorPlan,40800,
1810,CrossWorldPrepare,700,
1810,NativeJobBarrier,100,
1810,CommitDecision,200,
1810,VoxelCommit,800,
1810,EcsCommandBufferCommit,128800,
1810,GasAndEventFinalize,51800,
1810,ReplicationProjection,164200,
1810,SnapshotHashMetrics,200,
1810,EgressPublish,13040600,
1811,IngressCapture,3900,
1811,DecodeAndCanonicalize,200,
1811,ApplyInputs,255300,
1811,ProcessorPlan,52600,
1811,CrossWorldPrepare,900,
1811,NativeJobBarrier,200,
1811,CommitDecision,100,
1811,VoxelCommit,1000,
1811,EcsCommandBufferCommit,119700,
1811,GasAndEventFinalize,36900,
1811,ReplicationProjection,144000,
1811,SnapshotHashMetrics,300,
1811,EgressPublish,9211800,
1812,IngressCapture,2800,
1812,DecodeAndCanonicalize,200,
1812,ApplyInputs,238300,
1812,ProcessorPlan,35900,
1812,CrossWorldPrepare,400,
1812,NativeJobBarrier,200,
1812,CommitDecision,100,
1812,VoxelCommit,400,
1812,EcsCommandBufferCommit,524800,
1812,GasAndEventFinalize,55700,
1812,ReplicationProjection,153800,
1812,SnapshotHashMetrics,100,
1812,EgressPublish,10640600,
1813,IngressCapture,4900,
1813,DecodeAndCanonicalize,200,
1813,ApplyInputs,215300,
1813,ProcessorPlan,38700,
1813,CrossWorldPrepare,500,
1813,NativeJobBarrier,200,
1813,CommitDecision,100,
1813,VoxelCommit,900,
1813,EcsCommandBufferCommit,112400,
1813,GasAndEventFinalize,32700,
1813,ReplicationProjection,141100,
1813,SnapshotHashMetrics,100,
1813,EgressPublish,8321900,
1814,IngressCapture,2900,
1814,DecodeAndCanonicalize,200,
1814,ApplyInputs,203900,
1814,ProcessorPlan,35500,
1814,CrossWorldPrepare,400,
1814,NativeJobBarrier,200,
1814,CommitDecision,100,
1814,VoxelCommit,500,
1814,EcsCommandBufferCommit,90200,
1814,GasAndEventFinalize,25600,
1814,ReplicationProjection,135400,
1814,SnapshotHashMetrics,300,
1814,EgressPublish,7953100,
1815,IngressCapture,3200,
1815,DecodeAndCanonicalize,300,
1815,ApplyInputs,225500,
1815,ProcessorPlan,34500,
1815,CrossWorldPrepare,400,
1815,NativeJobBarrier,100,
1815,CommitDecision,400,
1815,VoxelCommit,1100,
1815,EcsCommandBufferCommit,102700,
1815,GasAndEventFinalize,31100,
1815,ReplicationProjection,141500,
1815,SnapshotHashMetrics,200,
1815,EgressPublish,8746100,
1816,IngressCapture,3200,
1816,DecodeAndCanonicalize,200,
1816,ApplyInputs,169400,
1816,ProcessorPlan,35500,
1816,CrossWorldPrepare,500,
1816,NativeJobBarrier,200,
1816,CommitDecision,300,
1816,VoxelCommit,600,
1816,EcsCommandBufferCommit,94000,
1816,GasAndEventFinalize,26700,
1816,ReplicationProjection,136700,
1816,SnapshotHashMetrics,100,
1816,EgressPublish,8934200,
1817,IngressCapture,3600,
1817,DecodeAndCanonicalize,100,
1817,ApplyInputs,227100,
1817,ProcessorPlan,33300,
1817,CrossWorldPrepare,400,
1817,NativeJobBarrier,200,
1817,CommitDecision,200,
1817,VoxelCommit,500,
1817,EcsCommandBufferCommit,539400,
1817,GasAndEventFinalize,41500,
1817,ReplicationProjection,535400,
1817,SnapshotHashMetrics,600,
1817,EgressPublish,12636400,
1818,IngressCapture,5500,
1818,DecodeAndCanonicalize,300,
1818,ApplyInputs,492200,
1818,ProcessorPlan,133400,
1818,CrossWorldPrepare,700,
1818,NativeJobBarrier,100,
1818,CommitDecision,400,
1818,VoxelCommit,1000,
1818,EcsCommandBufferCommit,138200,
1818,GasAndEventFinalize,59400,
1818,ReplicationProjection,253800,
1818,SnapshotHashMetrics,200,
1818,EgressPublish,12049400,
1819,IngressCapture,5200,
1819,DecodeAndCanonicalize,200,
1819,ApplyInputs,364900,
1819,ProcessorPlan,45300,
1819,CrossWorldPrepare,400,
1819,NativeJobBarrier,200,
1819,CommitDecision,400,
1819,VoxelCommit,700,
1819,EcsCommandBufferCommit,132300,
1819,GasAndEventFinalize,45300,
1819,ReplicationProjection,254700,
1819,SnapshotHashMetrics,500,
1819,EgressPublish,10214100,
1820,IngressCapture,4400,
1820,DecodeAndCanonicalize,300,
1820,ApplyInputs,479800,
1820,ProcessorPlan,65800,
1820,CrossWorldPrepare,1400,
1820,NativeJobBarrier,200,
1820,CommitDecision,500,
1820,VoxelCommit,600,
1820,EcsCommandBufferCommit,165200,
1820,GasAndEventFinalize,48000,
1820,ReplicationProjection,282700,
1820,SnapshotHashMetrics,900,
1820,EgressPublish,10584900,
1821,IngressCapture,3800,
1821,DecodeAndCanonicalize,200,
1821,ApplyInputs,251200,
1821,ProcessorPlan,39300,
1821,CrossWorldPrepare,300,
1821,NativeJobBarrier,200,
1821,CommitDecision,200,
1821,VoxelCommit,600,
1821,EcsCommandBufferCommit,124800,
1821,GasAndEventFinalize,42300,
1821,ReplicationProjection,170500,
1821,SnapshotHashMetrics,400,
1821,EgressPublish,10360900,
1822,IngressCapture,4400,
1822,DecodeAndCanonicalize,200,
1822,ApplyInputs,301700,
1822,ProcessorPlan,64700,
1822,CrossWorldPrepare,1200,
1822,NativeJobBarrier,400,
1822,CommitDecision,400,
1822,VoxelCommit,1200,
1822,EcsCommandBufferCommit,148000,
1822,GasAndEventFinalize,48700,
1822,ReplicationProjection,262900,
1822,SnapshotHashMetrics,700,
1822,EgressPublish,12432100,
1823,IngressCapture,4400,
1823,DecodeAndCanonicalize,200,
1823,ApplyInputs,290700,
1823,ProcessorPlan,38200,
1823,CrossWorldPrepare,500,
1823,NativeJobBarrier,100,
1823,CommitDecision,100,
1823,VoxelCommit,600,
1823,EcsCommandBufferCommit,572100,
1823,GasAndEventFinalize,53900,
1823,ReplicationProjection,604900,
1823,SnapshotHashMetrics,500,
1823,EgressPublish,10953600,
1824,IngressCapture,3900,
1824,DecodeAndCanonicalize,300,
1824,ApplyInputs,383700,
1824,ProcessorPlan,34200,
1824,CrossWorldPrepare,600,
1824,NativeJobBarrier,200,
1824,CommitDecision,200,
1824,VoxelCommit,600,
1824,EcsCommandBufferCommit,112400,
1824,GasAndEventFinalize,28600,
1824,ReplicationProjection,178000,
1824,SnapshotHashMetrics,200,
1824,EgressPublish,11385400,
1825,IngressCapture,5700,
1825,DecodeAndCanonicalize,200,
1825,ApplyInputs,283100,
1825,ProcessorPlan,41900,
1825,CrossWorldPrepare,700,
1825,NativeJobBarrier,300,
1825,CommitDecision,400,
1825,VoxelCommit,900,
1825,EcsCommandBufferCommit,257100,
1825,GasAndEventFinalize,60400,
1825,ReplicationProjection,192900,
1825,SnapshotHashMetrics,200,
1825,EgressPublish,12678500,
1826,IngressCapture,3000,
1826,DecodeAndCanonicalize,100,
1826,ApplyInputs,411100,
1826,ProcessorPlan,49700,
1826,CrossWorldPrepare,500,
1826,NativeJobBarrier,100,
1826,CommitDecision,700,
1826,VoxelCommit,600,
1826,EcsCommandBufferCommit,110800,
1826,GasAndEventFinalize,48700,
1826,ReplicationProjection,172400,
1826,SnapshotHashMetrics,300,
1826,EgressPublish,10497400,
1827,IngressCapture,4100,
1827,DecodeAndCanonicalize,200,
1827,ApplyInputs,221600,
1827,ProcessorPlan,42000,
1827,CrossWorldPrepare,500,
1827,NativeJobBarrier,100,
1827,CommitDecision,300,
1827,VoxelCommit,800,
1827,EcsCommandBufferCommit,127200,
1827,GasAndEventFinalize,41300,
1827,ReplicationProjection,172200,
1827,SnapshotHashMetrics,200,
1827,EgressPublish,12894400,
1828,IngressCapture,4900,
1828,DecodeAndCanonicalize,300,
1828,ApplyInputs,387200,
1828,ProcessorPlan,58500,
1828,CrossWorldPrepare,400,
1828,NativeJobBarrier,200,
1828,CommitDecision,700,
1828,VoxelCommit,1000,
1828,EcsCommandBufferCommit,166300,
1828,GasAndEventFinalize,57100,
1828,ReplicationProjection,301500,
1828,SnapshotHashMetrics,1000,
1828,EgressPublish,15573000,
1829,IngressCapture,5400,
1829,DecodeAndCanonicalize,300,
1829,ApplyInputs,362500,
1829,ProcessorPlan,54800,
1829,CrossWorldPrepare,800,
1829,NativeJobBarrier,300,
1829,CommitDecision,300,
1829,VoxelCommit,700,
1829,EcsCommandBufferCommit,157300,
1829,GasAndEventFinalize,42700,
1829,ReplicationProjection,290000,
1829,SnapshotHashMetrics,300,
1829,EgressPublish,12958000,
1830,IngressCapture,3800,
1830,DecodeAndCanonicalize,200,
1830,ApplyInputs,237400,
1830,ProcessorPlan,36300,
1830,CrossWorldPrepare,600,
1830,NativeJobBarrier,200,
1830,CommitDecision,300,
1830,VoxelCommit,600,
1830,EcsCommandBufferCommit,120900,
1830,GasAndEventFinalize,34600,
1830,ReplicationProjection,167100,
1830,SnapshotHashMetrics,300,
1830,EgressPublish,10913300,
1831,IngressCapture,8500,
1831,DecodeAndCanonicalize,100,
1831,ApplyInputs,234000,
1831,ProcessorPlan,33200,
1831,CrossWorldPrepare,400,
1831,NativeJobBarrier,200,
1831,CommitDecision,100,
1831,VoxelCommit,600,
1831,EcsCommandBufferCommit,109200,
1831,GasAndEventFinalize,31800,
1831,ReplicationProjection,160900,
1831,SnapshotHashMetrics,200,
1831,EgressPublish,10100100,
1832,IngressCapture,4600,
1832,DecodeAndCanonicalize,200,
1832,ApplyInputs,301600,
1832,ProcessorPlan,71900,
1832,CrossWorldPrepare,1400,
1832,NativeJobBarrier,300,
1832,CommitDecision,200,
1832,VoxelCommit,700,
1832,EcsCommandBufferCommit,164400,
1832,GasAndEventFinalize,62500,
1832,ReplicationProjection,287500,
1832,SnapshotHashMetrics,800,
1832,EgressPublish,13771700,
1833,IngressCapture,5000,
1833,DecodeAndCanonicalize,400,
1833,ApplyInputs,499100,
1833,ProcessorPlan,58400,
1833,CrossWorldPrepare,600,
1833,NativeJobBarrier,200,
1833,CommitDecision,700,
1833,VoxelCommit,800,
1833,EcsCommandBufferCommit,155000,
1833,GasAndEventFinalize,46500,
1833,ReplicationProjection,237000,
1833,SnapshotHashMetrics,300,
1833,EgressPublish,17912200,
1834,IngressCapture,4900,
1834,DecodeAndCanonicalize,200,
1834,ApplyInputs,651800,
1834,ProcessorPlan,49500,
1834,CrossWorldPrepare,600,
1834,NativeJobBarrier,200,
1834,CommitDecision,800,
1834,VoxelCommit,800,
1834,EcsCommandBufferCommit,172200,
1834,GasAndEventFinalize,85200,
1834,ReplicationProjection,285600,
1834,SnapshotHashMetrics,300,
1834,EgressPublish,12102700,
1835,IngressCapture,3500,
1835,DecodeAndCanonicalize,100,
1835,ApplyInputs,216800,
1835,ProcessorPlan,34700,
1835,CrossWorldPrepare,400,
1835,NativeJobBarrier,200,
1835,CommitDecision,400,
1835,VoxelCommit,500,
1835,EcsCommandBufferCommit,109600,
1835,GasAndEventFinalize,35300,
1835,ReplicationProjection,160100,
1835,SnapshotHashMetrics,100,
1835,EgressPublish,11725000,
1836,IngressCapture,3600,
1836,DecodeAndCanonicalize,200,
1836,ApplyInputs,182200,
1836,ProcessorPlan,34800,
1836,CrossWorldPrepare,500,
1836,NativeJobBarrier,100,
1836,CommitDecision,100,
1836,VoxelCommit,800,
1836,EcsCommandBufferCommit,130300,
1836,GasAndEventFinalize,48300,
1836,ReplicationProjection,173600,
1836,SnapshotHashMetrics,100,
1836,EgressPublish,11540900,
1837,IngressCapture,6300,
1837,DecodeAndCanonicalize,200,
1837,ApplyInputs,454900,
1837,ProcessorPlan,57800,
1837,CrossWorldPrepare,600,
1837,NativeJobBarrier,300,
1837,CommitDecision,500,
1837,VoxelCommit,1000,
1837,EcsCommandBufferCommit,264800,
1837,GasAndEventFinalize,74200,
1837,ReplicationProjection,916800,
1837,SnapshotHashMetrics,600,
1837,EgressPublish,13050400,
1838,IngressCapture,5500,
1838,DecodeAndCanonicalize,200,
1838,ApplyInputs,500500,
1838,ProcessorPlan,100800,
1838,CrossWorldPrepare,700,
1838,NativeJobBarrier,100,
1838,CommitDecision,900,
1838,VoxelCommit,1100,
1838,EcsCommandBufferCommit,212300,
1838,GasAndEventFinalize,94100,
1838,ReplicationProjection,312900,
1838,SnapshotHashMetrics,700,
1838,EgressPublish,16745700,
1839,IngressCapture,3400,
1839,DecodeAndCanonicalize,200,
1839,ApplyInputs,232500,
1839,ProcessorPlan,38100,
1839,CrossWorldPrepare,300,
1839,NativeJobBarrier,200,
1839,CommitDecision,200,
1839,VoxelCommit,700,
1839,EcsCommandBufferCommit,112500,
1839,GasAndEventFinalize,29600,
1839,ReplicationProjection,180000,
1839,SnapshotHashMetrics,400,
1839,EgressPublish,11926000,
1840,IngressCapture,4000,
1840,DecodeAndCanonicalize,200,
1840,ApplyInputs,360200,
1840,ProcessorPlan,63000,
1840,CrossWorldPrepare,500,
1840,NativeJobBarrier,200,
1840,CommitDecision,300,
1840,VoxelCommit,800,
1840,EcsCommandBufferCommit,187500,
1840,GasAndEventFinalize,67500,
1840,ReplicationProjection,314900,
1840,SnapshotHashMetrics,900,
1840,EgressPublish,12560500,
1841,IngressCapture,4700,
1841,DecodeAndCanonicalize,200,
1841,ApplyInputs,216200,
1841,ProcessorPlan,37900,
1841,CrossWorldPrepare,600,
1841,NativeJobBarrier,200,
1841,CommitDecision,200,
1841,VoxelCommit,700,
1841,EcsCommandBufferCommit,122900,
1841,GasAndEventFinalize,45200,
1841,ReplicationProjection,179100,
1841,SnapshotHashMetrics,500,
1841,EgressPublish,12908000,
1842,IngressCapture,4300,
1842,DecodeAndCanonicalize,200,
1842,ApplyInputs,426400,
1842,ProcessorPlan,38300,
1842,CrossWorldPrepare,500,
1842,NativeJobBarrier,200,
1842,CommitDecision,800,
1842,VoxelCommit,900,
1842,EcsCommandBufferCommit,125300,
1842,GasAndEventFinalize,53800,
1842,ReplicationProjection,178700,
1842,SnapshotHashMetrics,500,
1842,EgressPublish,14688900,
1843,IngressCapture,6400,
1843,DecodeAndCanonicalize,200,
1843,ApplyInputs,553000,
1843,ProcessorPlan,117300,
1843,CrossWorldPrepare,1300,
1843,NativeJobBarrier,600,
1843,CommitDecision,400,
1843,VoxelCommit,1400,
1843,EcsCommandBufferCommit,234300,
1843,GasAndEventFinalize,77800,
1843,ReplicationProjection,277500,
1843,SnapshotHashMetrics,500,
1843,EgressPublish,18838400,
1844,IngressCapture,5000,
1844,DecodeAndCanonicalize,100,
1844,ApplyInputs,296000,
1844,ProcessorPlan,46300,
1844,CrossWorldPrepare,400,
1844,NativeJobBarrier,300,
1844,CommitDecision,700,
1844,VoxelCommit,1000,
1844,EcsCommandBufferCommit,193200,
1844,GasAndEventFinalize,47200,
1844,ReplicationProjection,193100,
1844,SnapshotHashMetrics,500,
1844,EgressPublish,16824600,
1845,IngressCapture,5000,
1845,DecodeAndCanonicalize,300,
1845,ApplyInputs,333800,
1845,ProcessorPlan,56600,
1845,CrossWorldPrepare,900,
1845,NativeJobBarrier,300,
1845,CommitDecision,300,
1845,VoxelCommit,800,
1845,EcsCommandBufferCommit,182300,
1845,GasAndEventFinalize,53600,
1845,ReplicationProjection,315100,
1845,SnapshotHashMetrics,400,
1845,EgressPublish,14032100,
1846,IngressCapture,6000,
1846,DecodeAndCanonicalize,300,
1846,ApplyInputs,352200,
1846,ProcessorPlan,54300,
1846,CrossWorldPrepare,800,
1846,NativeJobBarrier,100,
1846,CommitDecision,400,
1846,VoxelCommit,900,
1846,EcsCommandBufferCommit,158500,
1846,GasAndEventFinalize,40000,
1846,ReplicationProjection,174600,
1846,SnapshotHashMetrics,100,
1846,EgressPublish,15436900,
1847,IngressCapture,4800,
1847,DecodeAndCanonicalize,200,
1847,ApplyInputs,373400,
1847,ProcessorPlan,54200,
1847,CrossWorldPrepare,900,
1847,NativeJobBarrier,100,
1847,CommitDecision,400,
1847,VoxelCommit,1000,
1847,EcsCommandBufferCommit,171800,
1847,GasAndEventFinalize,61700,
1847,ReplicationProjection,254100,
1847,SnapshotHashMetrics,700,
1847,EgressPublish,16173300,
1848,IngressCapture,5400,
1848,DecodeAndCanonicalize,200,
1848,ApplyInputs,294400,
1848,ProcessorPlan,52300,
1848,CrossWorldPrepare,500,
1848,NativeJobBarrier,300,
1848,CommitDecision,200,
1848,VoxelCommit,700,
1848,EcsCommandBufferCommit,175300,
1848,GasAndEventFinalize,62400,
1848,ReplicationProjection,310700,
1848,SnapshotHashMetrics,1000,
1848,EgressPublish,15755900,
1849,IngressCapture,4000,
1849,DecodeAndCanonicalize,200,
1849,ApplyInputs,225600,
1849,ProcessorPlan,37300,
1849,CrossWorldPrepare,600,
1849,NativeJobBarrier,200,
1849,CommitDecision,100,
1849,VoxelCommit,600,
1849,EcsCommandBufferCommit,145900,
1849,GasAndEventFinalize,37900,
1849,ReplicationProjection,168600,
1849,SnapshotHashMetrics,200,
1849,EgressPublish,12891500,
1850,IngressCapture,5900,
1850,DecodeAndCanonicalize,200,
1850,ApplyInputs,452700,
1850,ProcessorPlan,39400,
1850,CrossWorldPrepare,600,
1850,NativeJobBarrier,300,
1850,CommitDecision,200,
1850,VoxelCommit,900,
1850,EcsCommandBufferCommit,173300,
1850,GasAndEventFinalize,67400,
1850,ReplicationProjection,187700,
1850,SnapshotHashMetrics,200,
1850,EgressPublish,15062700,
1851,IngressCapture,7200,
1851,DecodeAndCanonicalize,200,
1851,ApplyInputs,500100,
1851,ProcessorPlan,110600,
1851,CrossWorldPrepare,800,
1851,NativeJobBarrier,700,
1851,CommitDecision,600,
1851,VoxelCommit,900,
1851,EcsCommandBufferCommit,474300,
1851,GasAndEventFinalize,97100,
1851,ReplicationProjection,941900,
1851,SnapshotHashMetrics,1100,
1851,EgressPublish,23699300,
1852,IngressCapture,4600,
1852,DecodeAndCanonicalize,200,
1852,ApplyInputs,548500,
1852,ProcessorPlan,54100,
1852,CrossWorldPrepare,1000,
1852,NativeJobBarrier,400,
1852,CommitDecision,400,
1852,VoxelCommit,1100,
1852,EcsCommandBufferCommit,1282800,
1852,GasAndEventFinalize,127800,
1852,ReplicationProjection,409900,
1852,SnapshotHashMetrics,1500,
1852,EgressPublish,21164300,
1853,IngressCapture,7600,
1853,DecodeAndCanonicalize,200,
1853,ApplyInputs,404000,
1853,ProcessorPlan,60900,
1853,CrossWorldPrepare,800,
1853,NativeJobBarrier,200,
1853,CommitDecision,600,
1853,VoxelCommit,1200,
1853,EcsCommandBufferCommit,244100,
1853,GasAndEventFinalize,80900,
1853,ReplicationProjection,302900,
1853,SnapshotHashMetrics,500,
1853,EgressPublish,20791100,
1854,IngressCapture,6100,
1854,DecodeAndCanonicalize,100,
1854,ApplyInputs,435200,
1854,ProcessorPlan,57800,
1854,CrossWorldPrepare,1300,
1854,NativeJobBarrier,200,
1854,CommitDecision,300,
1854,VoxelCommit,1500,
1854,EcsCommandBufferCommit,240600,
1854,GasAndEventFinalize,66100,
1854,ReplicationProjection,286900,
1854,SnapshotHashMetrics,600,
1854,EgressPublish,21032500,
1855,IngressCapture,4500,
1855,DecodeAndCanonicalize,200,
1855,ApplyInputs,448400,
1855,ProcessorPlan,57000,
1855,CrossWorldPrepare,1600,
1855,NativeJobBarrier,200,
1855,CommitDecision,1000,
1855,VoxelCommit,1500,
1855,EcsCommandBufferCommit,231700,
1855,GasAndEventFinalize,84700,
1855,ReplicationProjection,293700,
1855,SnapshotHashMetrics,300,
1855,EgressPublish,18720400,
1856,IngressCapture,5700,
1856,DecodeAndCanonicalize,100,
1856,ApplyInputs,395300,
1856,ProcessorPlan,71700,
1856,CrossWorldPrepare,400,
1856,NativeJobBarrier,400,
1856,CommitDecision,200,
1856,VoxelCommit,1400,
1856,EcsCommandBufferCommit,249800,
1856,GasAndEventFinalize,88400,
1856,ReplicationProjection,592900,
1856,SnapshotHashMetrics,800,
1856,EgressPublish,21121100,
1857,IngressCapture,4500,
1857,DecodeAndCanonicalize,400,
1857,ApplyInputs,444000,
1857,ProcessorPlan,60600,
1857,CrossWorldPrepare,800,
1857,NativeJobBarrier,300,
1857,CommitDecision,800,
1857,VoxelCommit,1100,
1857,EcsCommandBufferCommit,217400,
1857,GasAndEventFinalize,65500,
1857,ReplicationProjection,253500,
1857,SnapshotHashMetrics,400,
1857,EgressPublish,19641200,
1858,IngressCapture,6400,
1858,DecodeAndCanonicalize,300,
1858,ApplyInputs,544500,
1858,ProcessorPlan,211800,
1858,CrossWorldPrepare,1400,
1858,NativeJobBarrier,400,
1858,CommitDecision,600,
1858,VoxelCommit,1200,
1858,EcsCommandBufferCommit,222700,
1858,GasAndEventFinalize,118100,
1858,ReplicationProjection,284800,
1858,SnapshotHashMetrics,200,
1858,EgressPublish,19994100,
1859,IngressCapture,6000,
1859,DecodeAndCanonicalize,300,
1859,ApplyInputs,457000,
1859,ProcessorPlan,64300,
1859,CrossWorldPrepare,1000,
1859,NativeJobBarrier,300,
1859,CommitDecision,600,
1859,VoxelCommit,2000,
1859,EcsCommandBufferCommit,254800,
1859,GasAndEventFinalize,80700,
1859,ReplicationProjection,281100,
1859,SnapshotHashMetrics,700,
1859,EgressPublish,18311000,
1860,IngressCapture,4400,
1860,DecodeAndCanonicalize,200,
1860,ApplyInputs,403100,
1860,ProcessorPlan,54200,
1860,CrossWorldPrepare,700,
1860,NativeJobBarrier,200,
1860,CommitDecision,200,
1860,VoxelCommit,1400,
1860,EcsCommandBufferCommit,194100,
1860,GasAndEventFinalize,63900,
1860,ReplicationProjection,251500,
1860,SnapshotHashMetrics,400,
1860,EgressPublish,18013700,
1861,IngressCapture,5300,
1861,DecodeAndCanonicalize,400,
1861,ApplyInputs,368400,
1861,ProcessorPlan,60500,
1861,CrossWorldPrepare,1100,
1861,NativeJobBarrier,400,
1861,CommitDecision,400,
1861,VoxelCommit,1100,
1861,EcsCommandBufferCommit,220300,
1861,GasAndEventFinalize,70200,
1861,ReplicationProjection,290100,
1861,SnapshotHashMetrics,700,
1861,EgressPublish,20415600,
1862,IngressCapture,5200,
1862,DecodeAndCanonicalize,200,
1862,ApplyInputs,413300,
1862,ProcessorPlan,55100,
1862,CrossWorldPrepare,500,
1862,NativeJobBarrier,300,
1862,CommitDecision,500,
1862,VoxelCommit,1300,
1862,EcsCommandBufferCommit,215400,
1862,GasAndEventFinalize,69700,
1862,ReplicationProjection,334400,
1862,SnapshotHashMetrics,700,
1862,EgressPublish,19171700,
1863,IngressCapture,5700,
1863,DecodeAndCanonicalize,200,
1863,ApplyInputs,436200,
1863,ProcessorPlan,53100,
1863,CrossWorldPrepare,600,
1863,NativeJobBarrier,900,
1863,CommitDecision,400,
1863,VoxelCommit,900,
1863,EcsCommandBufferCommit,189600,
1863,GasAndEventFinalize,63400,
1863,ReplicationProjection,245000,
1863,SnapshotHashMetrics,700,
1863,EgressPublish,17160100,
1864,IngressCapture,4600,
1864,DecodeAndCanonicalize,200,
1864,ApplyInputs,478800,
1864,ProcessorPlan,93700,
1864,CrossWorldPrepare,1800,
1864,NativeJobBarrier,200,
1864,CommitDecision,400,
1864,VoxelCommit,900,
1864,EcsCommandBufferCommit,178000,
1864,GasAndEventFinalize,61200,
1864,ReplicationProjection,373200,
1864,SnapshotHashMetrics,600,
1864,EgressPublish,18581400,
1865,IngressCapture,5200,
1865,DecodeAndCanonicalize,300,
1865,ApplyInputs,399300,
1865,ProcessorPlan,55300,
1865,CrossWorldPrepare,900,
1865,NativeJobBarrier,200,
1865,CommitDecision,500,
1865,VoxelCommit,1000,
1865,EcsCommandBufferCommit,172300,
1865,GasAndEventFinalize,88200,
1865,ReplicationProjection,255800,
1865,SnapshotHashMetrics,700,
1865,EgressPublish,17557000,
1866,IngressCapture,5000,
1866,DecodeAndCanonicalize,300,
1866,ApplyInputs,474800,
1866,ProcessorPlan,204300,
1866,CrossWorldPrepare,1200,
1866,NativeJobBarrier,100,
1866,CommitDecision,600,
1866,VoxelCommit,1300,
1866,EcsCommandBufferCommit,213800,
1866,GasAndEventFinalize,97600,
1866,ReplicationProjection,297700,
1866,SnapshotHashMetrics,1000,
1866,EgressPublish,20250500,
1867,IngressCapture,4300,
1867,DecodeAndCanonicalize,200,
1867,ApplyInputs,426600,
1867,ProcessorPlan,62900,
1867,CrossWorldPrepare,500,
1867,NativeJobBarrier,300,
1867,CommitDecision,700,
1867,VoxelCommit,1200,
1867,EcsCommandBufferCommit,242400,
1867,GasAndEventFinalize,66800,
1867,ReplicationProjection,236800,
1867,SnapshotHashMetrics,800,
1867,EgressPublish,18703700,
1868,IngressCapture,4000,
1868,DecodeAndCanonicalize,200,
1868,ApplyInputs,372500,
1868,ProcessorPlan,79300,
1868,CrossWorldPrepare,1300,
1868,NativeJobBarrier,200,
1868,CommitDecision,600,
1868,VoxelCommit,1500,
1868,EcsCommandBufferCommit,197500,
1868,GasAndEventFinalize,66400,
1868,ReplicationProjection,247900,
1868,SnapshotHashMetrics,1000,
1868,EgressPublish,18087200,
1869,IngressCapture,6200,
1869,DecodeAndCanonicalize,600,
1869,ApplyInputs,370700,
1869,ProcessorPlan,106800,
1869,CrossWorldPrepare,1900,
1869,NativeJobBarrier,300,
1869,CommitDecision,500,
1869,VoxelCommit,2000,
1869,EcsCommandBufferCommit,235800,
1869,GasAndEventFinalize,89000,
1869,ReplicationProjection,275600,
1869,SnapshotHashMetrics,700,
1869,EgressPublish,20261600,
1870,IngressCapture,5300,
1870,DecodeAndCanonicalize,200,
1870,ApplyInputs,438600,
1870,ProcessorPlan,60200,
1870,CrossWorldPrepare,700,
1870,NativeJobBarrier,300,
1870,CommitDecision,500,
1870,VoxelCommit,1000,
1870,EcsCommandBufferCommit,235700,
1870,GasAndEventFinalize,78000,
1870,ReplicationProjection,251300,
1870,SnapshotHashMetrics,800,
1870,EgressPublish,19321600,
1871,IngressCapture,4000,
1871,DecodeAndCanonicalize,200,
1871,ApplyInputs,363100,
1871,ProcessorPlan,77800,
1871,CrossWorldPrepare,2300,
1871,NativeJobBarrier,300,
1871,CommitDecision,1000,
1871,VoxelCommit,1400,
1871,EcsCommandBufferCommit,217600,
1871,GasAndEventFinalize,73100,
1871,ReplicationProjection,272400,
1871,SnapshotHashMetrics,800,
1871,EgressPublish,18787400,
1872,IngressCapture,3800,
1872,DecodeAndCanonicalize,200,
1872,ApplyInputs,402300,
1872,ProcessorPlan,55200,
1872,CrossWorldPrepare,600,
1872,NativeJobBarrier,300,
1872,CommitDecision,200,
1872,VoxelCommit,1300,
1872,EcsCommandBufferCommit,218000,
1872,GasAndEventFinalize,74900,
1872,ReplicationProjection,244900,
1872,SnapshotHashMetrics,900,
1872,EgressPublish,20579700,
1873,IngressCapture,4900,
1873,DecodeAndCanonicalize,200,
1873,ApplyInputs,476600,
1873,ProcessorPlan,62400,
1873,CrossWorldPrepare,500,
1873,NativeJobBarrier,300,
1873,CommitDecision,500,
1873,VoxelCommit,2200,
1873,EcsCommandBufferCommit,216200,
1873,GasAndEventFinalize,73800,
1873,ReplicationProjection,256900,
1873,SnapshotHashMetrics,700,
1873,EgressPublish,18014700,
1874,IngressCapture,4700,
1874,DecodeAndCanonicalize,200,
1874,ApplyInputs,403800,
1874,ProcessorPlan,166800,
1874,CrossWorldPrepare,600,
1874,NativeJobBarrier,200,
1874,CommitDecision,600,
1874,VoxelCommit,800,
1874,EcsCommandBufferCommit,216200,
1874,GasAndEventFinalize,110100,
1874,ReplicationProjection,256100,
1874,SnapshotHashMetrics,600,
1874,EgressPublish,17723600,
1875,IngressCapture,6100,
1875,DecodeAndCanonicalize,200,
1875,ApplyInputs,534400,
1875,ProcessorPlan,59700,
1875,CrossWorldPrepare,800,
1875,NativeJobBarrier,400,
1875,CommitDecision,800,
1875,VoxelCommit,1100,
1875,EcsCommandBufferCommit,222000,
1875,GasAndEventFinalize,89800,
1875,ReplicationProjection,260400,
1875,SnapshotHashMetrics,500,
1875,EgressPublish,17890000,
1876,IngressCapture,6200,
1876,DecodeAndCanonicalize,200,
1876,ApplyInputs,433300,
1876,ProcessorPlan,75100,
1876,CrossWorldPrepare,900,
1876,NativeJobBarrier,200,
1876,CommitDecision,900,
1876,VoxelCommit,1200,
1876,EcsCommandBufferCommit,203700,
1876,GasAndEventFinalize,61100,
1876,ReplicationProjection,256700,
1876,SnapshotHashMetrics,500,
1876,EgressPublish,16967000,
1877,IngressCapture,6000,
1877,DecodeAndCanonicalize,200,
1877,ApplyInputs,380700,
1877,ProcessorPlan,70900,
1877,CrossWorldPrepare,1600,
1877,NativeJobBarrier,400,
1877,CommitDecision,600,
1877,VoxelCommit,1300,
1877,EcsCommandBufferCommit,438200,
1877,GasAndEventFinalize,194300,
1877,ReplicationProjection,320400,
1877,SnapshotHashMetrics,600,
1877,EgressPublish,18434000,
1878,IngressCapture,4300,
1878,DecodeAndCanonicalize,300,
1878,ApplyInputs,420100,
1878,ProcessorPlan,61500,
1878,CrossWorldPrepare,800,
1878,NativeJobBarrier,200,
1878,CommitDecision,400,
1878,VoxelCommit,1300,
1878,EcsCommandBufferCommit,211100,
1878,GasAndEventFinalize,62900,
1878,ReplicationProjection,249800,
1878,SnapshotHashMetrics,800,
1878,EgressPublish,21451200,
1879,IngressCapture,6000,
1879,DecodeAndCanonicalize,300,
1879,ApplyInputs,361800,
1879,ProcessorPlan,74700,
1879,CrossWorldPrepare,1600,
1879,NativeJobBarrier,400,
1879,CommitDecision,700,
1879,VoxelCommit,1000,
1879,EcsCommandBufferCommit,226400,
1879,GasAndEventFinalize,70900,
1879,ReplicationProjection,275400,
1879,SnapshotHashMetrics,800,
1879,EgressPublish,19903600,
1880,IngressCapture,5100,
1880,DecodeAndCanonicalize,200,
1880,ApplyInputs,540300,
1880,ProcessorPlan,56200,
1880,CrossWorldPrepare,700,
1880,NativeJobBarrier,100,
1880,CommitDecision,500,
1880,VoxelCommit,1300,
1880,EcsCommandBufferCommit,226300,
1880,GasAndEventFinalize,75200,
1880,ReplicationProjection,263800,
1880,SnapshotHashMetrics,800,
1880,EgressPublish,25934000,
1881,IngressCapture,4900,
1881,DecodeAndCanonicalize,300,
1881,ApplyInputs,454200,
1881,ProcessorPlan,60600,
1881,CrossWorldPrepare,400,
1881,NativeJobBarrier,300,
1881,CommitDecision,300,
1881,VoxelCommit,1800,
1881,EcsCommandBufferCommit,189200,
1881,GasAndEventFinalize,75500,
1881,ReplicationProjection,261700,
1881,SnapshotHashMetrics,600,
1881,EgressPublish,18786400,
1882,IngressCapture,5900,
1882,DecodeAndCanonicalize,200,
1882,ApplyInputs,421600,
1882,ProcessorPlan,214100,
1882,CrossWorldPrepare,800,
1882,NativeJobBarrier,200,
1882,CommitDecision,200,
1882,VoxelCommit,1500,
1882,EcsCommandBufferCommit,211000,
1882,GasAndEventFinalize,89800,
1882,ReplicationProjection,246000,
1882,SnapshotHashMetrics,800,
1882,EgressPublish,18741300,
1883,IngressCapture,5100,
1883,DecodeAndCanonicalize,200,
1883,ApplyInputs,424300,
1883,ProcessorPlan,57900,
1883,CrossWorldPrepare,900,
1883,NativeJobBarrier,500,
1883,CommitDecision,400,
1883,VoxelCommit,900,
1883,EcsCommandBufferCommit,235500,
1883,GasAndEventFinalize,83300,
1883,ReplicationProjection,269000,
1883,SnapshotHashMetrics,800,
1883,EgressPublish,20326200,
1884,IngressCapture,4900,
1884,DecodeAndCanonicalize,200,
1884,ApplyInputs,314600,
1884,ProcessorPlan,67100,
1884,CrossWorldPrepare,800,
1884,NativeJobBarrier,200,
1884,CommitDecision,200,
1884,VoxelCommit,1100,
1884,EcsCommandBufferCommit,175500,
1884,GasAndEventFinalize,76700,
1884,ReplicationProjection,235000,
1884,SnapshotHashMetrics,700,
1884,EgressPublish,19090400,
1885,IngressCapture,5000,
1885,DecodeAndCanonicalize,200,
1885,ApplyInputs,412500,
1885,ProcessorPlan,54300,
1885,CrossWorldPrepare,900,
1885,NativeJobBarrier,100,
1885,CommitDecision,400,
1885,VoxelCommit,1100,
1885,EcsCommandBufferCommit,204300,
1885,GasAndEventFinalize,64900,
1885,ReplicationProjection,233500,
1885,SnapshotHashMetrics,500,
1885,EgressPublish,19058200,
1886,IngressCapture,4600,
1886,DecodeAndCanonicalize,300,
1886,ApplyInputs,450600,
1886,ProcessorPlan,62100,
1886,CrossWorldPrepare,700,
1886,NativeJobBarrier,300,
1886,CommitDecision,500,
1886,VoxelCommit,1800,
1886,EcsCommandBufferCommit,228900,
1886,GasAndEventFinalize,77800,
1886,ReplicationProjection,248500,
1886,SnapshotHashMetrics,500,
1886,EgressPublish,20146100,
1887,IngressCapture,6200,
1887,DecodeAndCanonicalize,200,
1887,ApplyInputs,400800,
1887,ProcessorPlan,78500,
1887,CrossWorldPrepare,1300,
1887,NativeJobBarrier,400,
1887,CommitDecision,200,
1887,VoxelCommit,1300,
1887,EcsCommandBufferCommit,240800,
1887,GasAndEventFinalize,70900,
1887,ReplicationProjection,254200,
1887,SnapshotHashMetrics,500,
1887,EgressPublish,19484400,
1888,IngressCapture,4000,
1888,DecodeAndCanonicalize,200,
1888,ApplyInputs,429900,
1888,ProcessorPlan,55400,
1888,CrossWorldPrepare,900,
1888,NativeJobBarrier,400,
1888,CommitDecision,600,
1888,VoxelCommit,2000,
1888,EcsCommandBufferCommit,224000,
1888,GasAndEventFinalize,77200,
1888,ReplicationProjection,268700,
1888,SnapshotHashMetrics,600,
1888,EgressPublish,18685300,
1889,IngressCapture,5200,
1889,DecodeAndCanonicalize,400,
1889,ApplyInputs,401500,
1889,ProcessorPlan,65600,
1889,CrossWorldPrepare,700,
1889,NativeJobBarrier,400,
1889,CommitDecision,600,
1889,VoxelCommit,1200,
1889,EcsCommandBufferCommit,212100,
1889,GasAndEventFinalize,78000,
1889,ReplicationProjection,265600,
1889,SnapshotHashMetrics,1000,
1889,EgressPublish,18630800,
1890,IngressCapture,4500,
1890,DecodeAndCanonicalize,200,
1890,ApplyInputs,652900,
1890,ProcessorPlan,188500,
1890,CrossWorldPrepare,900,
1890,NativeJobBarrier,300,
1890,CommitDecision,200,
1890,VoxelCommit,1900,
1890,EcsCommandBufferCommit,248700,
1890,GasAndEventFinalize,113100,
1890,ReplicationProjection,302900,
1890,SnapshotHashMetrics,500,
1890,EgressPublish,18936200,
1891,IngressCapture,4200,
1891,DecodeAndCanonicalize,400,
1891,ApplyInputs,328700,
1891,ProcessorPlan,57200,
1891,CrossWorldPrepare,900,
1891,NativeJobBarrier,400,
1891,CommitDecision,200,
1891,VoxelCommit,700,
1891,EcsCommandBufferCommit,185500,
1891,GasAndEventFinalize,64800,
1891,ReplicationProjection,217600,
1891,SnapshotHashMetrics,700,
1891,EgressPublish,17484000,
1892,IngressCapture,4700,
1892,DecodeAndCanonicalize,200,
1892,ApplyInputs,435600,
1892,ProcessorPlan,65800,
1892,CrossWorldPrepare,900,
1892,NativeJobBarrier,100,
1892,CommitDecision,800,
1892,VoxelCommit,1200,
1892,EcsCommandBufferCommit,211500,
1892,GasAndEventFinalize,59300,
1892,ReplicationProjection,212300,
1892,SnapshotHashMetrics,400,
1892,EgressPublish,17976800,
1893,IngressCapture,4900,
1893,DecodeAndCanonicalize,200,
1893,ApplyInputs,316700,
1893,ProcessorPlan,67100,
1893,CrossWorldPrepare,1000,
1893,NativeJobBarrier,200,
1893,CommitDecision,400,
1893,VoxelCommit,1200,
1893,EcsCommandBufferCommit,181200,
1893,GasAndEventFinalize,59100,
1893,ReplicationProjection,230500,
1893,SnapshotHashMetrics,400,
1893,EgressPublish,18108400,
1894,IngressCapture,4700,
1894,DecodeAndCanonicalize,500,
1894,ApplyInputs,400500,
1894,ProcessorPlan,51100,
1894,CrossWorldPrepare,700,
1894,NativeJobBarrier,300,
1894,CommitDecision,700,
1894,VoxelCommit,1400,
1894,EcsCommandBufferCommit,173200,
1894,GasAndEventFinalize,70000,
1894,ReplicationProjection,220600,
1894,SnapshotHashMetrics,600,
1894,EgressPublish,17833800,
1895,IngressCapture,5100,
1895,DecodeAndCanonicalize,200,
1895,ApplyInputs,494400,
1895,ProcessorPlan,61500,
1895,CrossWorldPrepare,600,
1895,NativeJobBarrier,500,
1895,CommitDecision,700,
1895,VoxelCommit,1700,
1895,EcsCommandBufferCommit,203600,
1895,GasAndEventFinalize,71700,
1895,ReplicationProjection,235500,
1895,SnapshotHashMetrics,1000,
1895,EgressPublish,18439000,
1896,IngressCapture,5100,
1896,DecodeAndCanonicalize,200,
1896,ApplyInputs,398600,
1896,ProcessorPlan,64600,
1896,CrossWorldPrepare,1600,
1896,NativeJobBarrier,300,
1896,CommitDecision,300,
1896,VoxelCommit,900,
1896,EcsCommandBufferCommit,221100,
1896,GasAndEventFinalize,72800,
1896,ReplicationProjection,261700,
1896,SnapshotHashMetrics,1100,
1896,EgressPublish,15208100,
1897,IngressCapture,6200,
1897,DecodeAndCanonicalize,200,
1897,ApplyInputs,462200,
1897,ProcessorPlan,55400,
1897,CrossWorldPrepare,900,
1897,NativeJobBarrier,1100,
1897,CommitDecision,500,
1897,VoxelCommit,1000,
1897,EcsCommandBufferCommit,254400,
1897,GasAndEventFinalize,78600,
1897,ReplicationProjection,223900,
1897,SnapshotHashMetrics,800,
1897,EgressPublish,16741600,
1898,IngressCapture,5200,
1898,DecodeAndCanonicalize,600,
1898,ApplyInputs,377900,
1898,ProcessorPlan,69400,
1898,CrossWorldPrepare,1200,
1898,NativeJobBarrier,200,
1898,CommitDecision,1400,
1898,VoxelCommit,1200,
1898,EcsCommandBufferCommit,291800,
1898,GasAndEventFinalize,79600,
1898,ReplicationProjection,246900,
1898,SnapshotHashMetrics,400,
1898,EgressPublish,19544600,
1899,IngressCapture,7700,
1899,DecodeAndCanonicalize,400,
1899,ApplyInputs,1018100,
1899,ProcessorPlan,101000,
1899,CrossWorldPrepare,1600,
1899,NativeJobBarrier,200,
1899,CommitDecision,200,
1899,VoxelCommit,2200,
1899,EcsCommandBufferCommit,246200,
1899,GasAndEventFinalize,119500,
1899,ReplicationProjection,318500,
1899,SnapshotHashMetrics,600,
1899,EgressPublish,17532600,
1900,IngressCapture,4100,
1900,DecodeAndCanonicalize,300,
1900,ApplyInputs,463100,
1900,ProcessorPlan,64300,
1900,CrossWorldPrepare,500,
1900,NativeJobBarrier,600,
1900,CommitDecision,100,
1900,VoxelCommit,1800,
1900,EcsCommandBufferCommit,251300,
1900,GasAndEventFinalize,75600,
1900,ReplicationProjection,224600,
1900,SnapshotHashMetrics,400,
1900,EgressPublish,17694700,
1901,IngressCapture,5400,
1901,DecodeAndCanonicalize,700,
1901,ApplyInputs,381700,
1901,ProcessorPlan,75700,
1901,CrossWorldPrepare,1000,
1901,NativeJobBarrier,300,
1901,CommitDecision,400,
1901,VoxelCommit,1000,
1901,EcsCommandBufferCommit,217700,
1901,GasAndEventFinalize,70100,
1901,ReplicationProjection,237000,
1901,SnapshotHashMetrics,500,
1901,EgressPublish,15235500,
1902,IngressCapture,3600,
1902,DecodeAndCanonicalize,300,
1902,ApplyInputs,392300,
1902,ProcessorPlan,60400,
1902,CrossWorldPrepare,600,
1902,NativeJobBarrier,300,
1902,CommitDecision,500,
1902,VoxelCommit,1100,
1902,EcsCommandBufferCommit,225000,
1902,GasAndEventFinalize,65500,
1902,ReplicationProjection,253100,
1902,SnapshotHashMetrics,800,
1902,EgressPublish,17806200,
1903,IngressCapture,3600,
1903,DecodeAndCanonicalize,400,
1903,ApplyInputs,361400,
1903,ProcessorPlan,49800,
1903,CrossWorldPrepare,800,
1903,NativeJobBarrier,200,
1903,CommitDecision,200,
1903,VoxelCommit,900,
1903,EcsCommandBufferCommit,141100,
1903,GasAndEventFinalize,40700,
1903,ReplicationProjection,140600,
1903,SnapshotHashMetrics,300,
1903,EgressPublish,16274800,
1904,IngressCapture,4500,
1904,DecodeAndCanonicalize,200,
1904,ApplyInputs,430200,
1904,ProcessorPlan,72000,
1904,CrossWorldPrepare,1000,
1904,NativeJobBarrier,100,
1904,CommitDecision,800,
1904,VoxelCommit,1300,
1904,EcsCommandBufferCommit,247300,
1904,GasAndEventFinalize,78600,
1904,ReplicationProjection,235000,
1904,SnapshotHashMetrics,600,
1904,EgressPublish,17327000,
1905,IngressCapture,4500,
1905,DecodeAndCanonicalize,200,
1905,ApplyInputs,439900,
1905,ProcessorPlan,58300,
1905,CrossWorldPrepare,1200,
1905,NativeJobBarrier,300,
1905,CommitDecision,400,
1905,VoxelCommit,900,
1905,EcsCommandBufferCommit,174400,
1905,GasAndEventFinalize,66600,
1905,ReplicationProjection,237600,
1905,SnapshotHashMetrics,600,
1905,EgressPublish,16723000,
1906,IngressCapture,4700,
1906,DecodeAndCanonicalize,300,
1906,ApplyInputs,327400,
1906,ProcessorPlan,66900,
1906,CrossWorldPrepare,600,
1906,NativeJobBarrier,300,
1906,CommitDecision,300,
1906,VoxelCommit,1100,
1906,EcsCommandBufferCommit,221800,
1906,GasAndEventFinalize,73300,
1906,ReplicationProjection,1588600,
1906,SnapshotHashMetrics,1300,
1906,EgressPublish,18536600,
1907,IngressCapture,4200,
1907,DecodeAndCanonicalize,200,
1907,ApplyInputs,686300,
1907,ProcessorPlan,55000,
1907,CrossWorldPrepare,900,
1907,NativeJobBarrier,200,
1907,CommitDecision,800,
1907,VoxelCommit,1200,
1907,EcsCommandBufferCommit,185300,
1907,GasAndEventFinalize,89600,
1907,ReplicationProjection,216300,
1907,SnapshotHashMetrics,700,
1907,EgressPublish,19751100,
1908,IngressCapture,4600,
1908,DecodeAndCanonicalize,300,
1908,ApplyInputs,1364400,
1908,ProcessorPlan,56600,
1908,CrossWorldPrepare,1300,
1908,NativeJobBarrier,400,
1908,CommitDecision,500,
1908,VoxelCommit,900,
1908,EcsCommandBufferCommit,202800,
1908,GasAndEventFinalize,64600,
1908,ReplicationProjection,238900,
1908,SnapshotHashMetrics,400,
1908,EgressPublish,16448200,
1909,IngressCapture,5700,
1909,DecodeAndCanonicalize,200,
1909,ApplyInputs,354700,
1909,ProcessorPlan,63100,
1909,CrossWorldPrepare,1100,
1909,NativeJobBarrier,400,
1909,CommitDecision,500,
1909,VoxelCommit,1300,
1909,EcsCommandBufferCommit,224300,
1909,GasAndEventFinalize,76900,
1909,ReplicationProjection,249000,
1909,SnapshotHashMetrics,600,
1909,EgressPublish,17587400,
1910,IngressCapture,4600,
1910,DecodeAndCanonicalize,300,
1910,ApplyInputs,400200,
1910,ProcessorPlan,55800,
1910,CrossWorldPrepare,500,
1910,NativeJobBarrier,400,
1910,CommitDecision,300,
1910,VoxelCommit,1000,
1910,EcsCommandBufferCommit,200000,
1910,GasAndEventFinalize,63300,
1910,ReplicationProjection,263900,
1910,SnapshotHashMetrics,700,
1910,EgressPublish,17792400,
1911,IngressCapture,4700,
1911,DecodeAndCanonicalize,500,
1911,ApplyInputs,344000,
1911,ProcessorPlan,57800,
1911,CrossWorldPrepare,700,
1911,NativeJobBarrier,200,
1911,CommitDecision,500,
1911,VoxelCommit,1000,
1911,EcsCommandBufferCommit,223800,
1911,GasAndEventFinalize,77500,
1911,ReplicationProjection,230000,
1911,SnapshotHashMetrics,1100,
1911,EgressPublish,17249400,
1912,IngressCapture,4400,
1912,DecodeAndCanonicalize,300,
1912,ApplyInputs,434900,
1912,ProcessorPlan,58300,
1912,CrossWorldPrepare,600,
1912,NativeJobBarrier,100,
1912,CommitDecision,400,
1912,VoxelCommit,1300,
1912,EcsCommandBufferCommit,218800,
1912,GasAndEventFinalize,76200,
1912,ReplicationProjection,252000,
1912,SnapshotHashMetrics,600,
1912,EgressPublish,16698400,
1913,IngressCapture,3900,
1913,DecodeAndCanonicalize,400,
1913,ApplyInputs,395200,
1913,ProcessorPlan,69700,
1913,CrossWorldPrepare,800,
1913,NativeJobBarrier,500,
1913,CommitDecision,500,
1913,VoxelCommit,1100,
1913,EcsCommandBufferCommit,214800,
1913,GasAndEventFinalize,73000,
1913,ReplicationProjection,249600,
1913,SnapshotHashMetrics,600,
1913,EgressPublish,18117300,
1914,IngressCapture,3600,
1914,DecodeAndCanonicalize,200,
1914,ApplyInputs,378400,
1914,ProcessorPlan,57200,
1914,CrossWorldPrepare,400,
1914,NativeJobBarrier,200,
1914,CommitDecision,500,
1914,VoxelCommit,800,
1914,EcsCommandBufferCommit,210700,
1914,GasAndEventFinalize,65800,
1914,ReplicationProjection,240900,
1914,SnapshotHashMetrics,1300,
1914,EgressPublish,15866400,
1915,IngressCapture,3300,
1915,DecodeAndCanonicalize,200,
1915,ApplyInputs,353400,
1915,ProcessorPlan,176000,
1915,CrossWorldPrepare,700,
1915,NativeJobBarrier,300,
1915,CommitDecision,300,
1915,VoxelCommit,1000,
1915,EcsCommandBufferCommit,159000,
1915,GasAndEventFinalize,82700,
1915,ReplicationProjection,243800,
1915,SnapshotHashMetrics,400,
1915,EgressPublish,15093800,
1916,IngressCapture,5200,
1916,DecodeAndCanonicalize,500,
1916,ApplyInputs,360700,
1916,ProcessorPlan,59200,
1916,CrossWorldPrepare,600,
1916,NativeJobBarrier,300,
1916,CommitDecision,300,
1916,VoxelCommit,900,
1916,EcsCommandBufferCommit,204900,
1916,GasAndEventFinalize,65800,
1916,ReplicationProjection,233100,
1916,SnapshotHashMetrics,600,
1916,EgressPublish,16824800,
1917,IngressCapture,5000,
1917,DecodeAndCanonicalize,100,
1917,ApplyInputs,444400,
1917,ProcessorPlan,63400,
1917,CrossWorldPrepare,500,
1917,NativeJobBarrier,300,
1917,CommitDecision,400,
1917,VoxelCommit,1500,
1917,EcsCommandBufferCommit,158000,
1917,GasAndEventFinalize,56700,
1917,ReplicationProjection,248600,
1917,SnapshotHashMetrics,700,
1917,EgressPublish,18070500,
1918,IngressCapture,4400,
1918,DecodeAndCanonicalize,200,
1918,ApplyInputs,298800,
1918,ProcessorPlan,64400,
1918,CrossWorldPrepare,700,
1918,NativeJobBarrier,200,
1918,CommitDecision,300,
1918,VoxelCommit,900,
1918,EcsCommandBufferCommit,170400,
1918,GasAndEventFinalize,60500,
1918,ReplicationProjection,221300,
1918,SnapshotHashMetrics,900,
1918,EgressPublish,16372900,
1919,IngressCapture,3900,
1919,DecodeAndCanonicalize,200,
1919,ApplyInputs,357400,
1919,ProcessorPlan,53100,
1919,CrossWorldPrepare,900,
1919,NativeJobBarrier,500,
1919,CommitDecision,400,
1919,VoxelCommit,1000,
1919,EcsCommandBufferCommit,159700,
1919,GasAndEventFinalize,58000,
1919,ReplicationProjection,220800,
1919,SnapshotHashMetrics,800,
1919,EgressPublish,14824300,
1920,IngressCapture,4300,
1920,DecodeAndCanonicalize,200,
1920,ApplyInputs,338000,
1920,ProcessorPlan,54000,
1920,CrossWorldPrepare,500,
1920,NativeJobBarrier,300,
1920,CommitDecision,700,
1920,VoxelCommit,1400,
1920,EcsCommandBufferCommit,161600,
1920,GasAndEventFinalize,53900,
1920,ReplicationProjection,221600,
1920,SnapshotHashMetrics,500,
1920,EgressPublish,15813500,
1921,IngressCapture,4200,
1921,DecodeAndCanonicalize,200,
1921,ApplyInputs,441000,
1921,ProcessorPlan,164400,
1921,CrossWorldPrepare,1000,
1921,NativeJobBarrier,200,
1921,CommitDecision,400,
1921,VoxelCommit,1000,
1921,EcsCommandBufferCommit,139800,
1921,GasAndEventFinalize,39800,
1921,ReplicationProjection,141500,
1921,SnapshotHashMetrics,300,
1921,EgressPublish,15254000,
1922,IngressCapture,5200,
1922,DecodeAndCanonicalize,100,
1922,ApplyInputs,336100,
1922,ProcessorPlan,66900,
1922,CrossWorldPrepare,900,
1922,NativeJobBarrier,300,
1922,CommitDecision,500,
1922,VoxelCommit,1300,
1922,EcsCommandBufferCommit,192600,
1922,GasAndEventFinalize,67000,
1922,ReplicationProjection,225300,
1922,SnapshotHashMetrics,300,
1922,EgressPublish,15183700,
1923,IngressCapture,4500,
1923,DecodeAndCanonicalize,400,
1923,ApplyInputs,343800,
1923,ProcessorPlan,66800,
1923,CrossWorldPrepare,700,
1923,NativeJobBarrier,200,
1923,CommitDecision,1200,
1923,VoxelCommit,1100,
1923,EcsCommandBufferCommit,185000,
1923,GasAndEventFinalize,58600,
1923,ReplicationProjection,232900,
1923,SnapshotHashMetrics,700,
1923,EgressPublish,15924500,
1924,IngressCapture,6500,
1924,DecodeAndCanonicalize,200,
1924,ApplyInputs,786600,
1924,ProcessorPlan,61700,
1924,CrossWorldPrepare,800,
1924,NativeJobBarrier,400,
1924,CommitDecision,600,
1924,VoxelCommit,1400,
1924,EcsCommandBufferCommit,208700,
1924,GasAndEventFinalize,92800,
1924,ReplicationProjection,241300,
1924,SnapshotHashMetrics,600,
1924,EgressPublish,19660200,
1925,IngressCapture,5100,
1925,DecodeAndCanonicalize,700,
1925,ApplyInputs,363700,
1925,ProcessorPlan,53100,
1925,CrossWorldPrepare,500,
1925,NativeJobBarrier,200,
1925,CommitDecision,200,
1925,VoxelCommit,700,
1925,EcsCommandBufferCommit,210200,
1925,GasAndEventFinalize,87700,
1925,ReplicationProjection,269800,
1925,SnapshotHashMetrics,900,
1925,EgressPublish,15196500,
1926,IngressCapture,6100,
1926,DecodeAndCanonicalize,200,
1926,ApplyInputs,381000,
1926,ProcessorPlan,75900,
1926,CrossWorldPrepare,800,
1926,NativeJobBarrier,500,
1926,CommitDecision,500,
1926,VoxelCommit,1700,
1926,EcsCommandBufferCommit,219600,
1926,GasAndEventFinalize,96800,
1926,ReplicationProjection,266400,
1926,SnapshotHashMetrics,1000,
1926,EgressPublish,15686000,
1927,IngressCapture,5100,
1927,DecodeAndCanonicalize,200,
1927,ApplyInputs,492100,
1927,ProcessorPlan,65600,
1927,CrossWorldPrepare,1700,
1927,NativeJobBarrier,300,
1927,CommitDecision,500,
1927,VoxelCommit,1400,
1927,EcsCommandBufferCommit,1090000,
1927,GasAndEventFinalize,86000,
1927,ReplicationProjection,864800,
1927,SnapshotHashMetrics,1100,
1927,EgressPublish,16725300,
1928,IngressCapture,5100,
1928,DecodeAndCanonicalize,200,
1928,ApplyInputs,332600,
1928,ProcessorPlan,65800,
1928,CrossWorldPrepare,1000,
1928,NativeJobBarrier,200,
1928,CommitDecision,700,
1928,VoxelCommit,700,
1928,EcsCommandBufferCommit,184600,
1928,GasAndEventFinalize,69100,
1928,ReplicationProjection,240800,
1928,SnapshotHashMetrics,700,
1928,EgressPublish,17430200,
1929,IngressCapture,4700,
1929,DecodeAndCanonicalize,100,
1929,ApplyInputs,292100,
1929,ProcessorPlan,54300,
1929,CrossWorldPrepare,1100,
1929,NativeJobBarrier,100,
1929,CommitDecision,300,
1929,VoxelCommit,1200,
1929,EcsCommandBufferCommit,226000,
1929,GasAndEventFinalize,89200,
1929,ReplicationProjection,220600,
1929,SnapshotHashMetrics,200,
1929,EgressPublish,13693600,
1930,IngressCapture,4000,
1930,DecodeAndCanonicalize,200,
1930,ApplyInputs,404100,
1930,ProcessorPlan,58200,
1930,CrossWorldPrepare,800,
1930,NativeJobBarrier,200,
1930,CommitDecision,200,
1930,VoxelCommit,700,
1930,EcsCommandBufferCommit,184100,
1930,GasAndEventFinalize,63000,
1930,ReplicationProjection,254600,
1930,SnapshotHashMetrics,300,
1930,EgressPublish,15886100,
1931,IngressCapture,10500,
1931,DecodeAndCanonicalize,300,
1931,ApplyInputs,391900,
1931,ProcessorPlan,85800,
1931,CrossWorldPrepare,600,
1931,NativeJobBarrier,500,
1931,CommitDecision,300,
1931,VoxelCommit,2300,
1931,EcsCommandBufferCommit,196100,
1931,GasAndEventFinalize,62700,
1931,ReplicationProjection,270900,
1931,SnapshotHashMetrics,300,
1931,EgressPublish,14983700,
1932,IngressCapture,3400,
1932,DecodeAndCanonicalize,200,
1932,ApplyInputs,472900,
1932,ProcessorPlan,39600,
1932,CrossWorldPrepare,600,
1932,NativeJobBarrier,300,
1932,CommitDecision,300,
1932,VoxelCommit,700,
1932,EcsCommandBufferCommit,154100,
1932,GasAndEventFinalize,62600,
1932,ReplicationProjection,151000,
1932,SnapshotHashMetrics,400,
1932,EgressPublish,13547900,
1933,IngressCapture,4100,
1933,DecodeAndCanonicalize,200,
1933,ApplyInputs,242900,
1933,ProcessorPlan,41300,
1933,CrossWorldPrepare,300,
1933,NativeJobBarrier,200,
1933,CommitDecision,400,
1933,VoxelCommit,600,
1933,EcsCommandBufferCommit,142300,
1933,GasAndEventFinalize,45600,
1933,ReplicationProjection,146900,
1933,SnapshotHashMetrics,200,
1933,EgressPublish,11293800,
1934,IngressCapture,4700,
1934,DecodeAndCanonicalize,200,
1934,ApplyInputs,411800,
1934,ProcessorPlan,53600,
1934,CrossWorldPrepare,500,
1934,NativeJobBarrier,300,
1934,CommitDecision,600,
1934,VoxelCommit,800,
1934,EcsCommandBufferCommit,160100,
1934,GasAndEventFinalize,51200,
1934,ReplicationProjection,186500,
1934,SnapshotHashMetrics,400,
1934,EgressPublish,11583900,
1935,IngressCapture,5000,
1935,DecodeAndCanonicalize,600,
1935,ApplyInputs,410300,
1935,ProcessorPlan,55400,
1935,CrossWorldPrepare,500,
1935,NativeJobBarrier,200,
1935,CommitDecision,200,
1935,VoxelCommit,900,
1935,EcsCommandBufferCommit,161000,
1935,GasAndEventFinalize,56700,
1935,ReplicationProjection,252400,
1935,SnapshotHashMetrics,700,
1935,EgressPublish,13731500,
1936,IngressCapture,4600,
1936,DecodeAndCanonicalize,400,
1936,ApplyInputs,341300,
1936,ProcessorPlan,62400,
1936,CrossWorldPrepare,500,
1936,NativeJobBarrier,300,
1936,CommitDecision,400,
1936,VoxelCommit,1100,
1936,EcsCommandBufferCommit,157300,
1936,GasAndEventFinalize,55400,
1936,ReplicationProjection,220600,
1936,SnapshotHashMetrics,500,
1936,EgressPublish,16279900,
1937,IngressCapture,5000,
1937,DecodeAndCanonicalize,300,
1937,ApplyInputs,491200,
1937,ProcessorPlan,58700,
1937,CrossWorldPrepare,700,
1937,NativeJobBarrier,200,
1937,CommitDecision,400,
1937,VoxelCommit,800,
1937,EcsCommandBufferCommit,161300,
1937,GasAndEventFinalize,59100,
1937,ReplicationProjection,270800,
1937,SnapshotHashMetrics,300,
1937,EgressPublish,12371500,
1938,IngressCapture,4000,
1938,DecodeAndCanonicalize,200,
1938,ApplyInputs,257300,
1938,ProcessorPlan,55900,
1938,CrossWorldPrepare,600,
1938,NativeJobBarrier,300,
1938,CommitDecision,400,
1938,VoxelCommit,900,
1938,EcsCommandBufferCommit,174500,
1938,GasAndEventFinalize,60600,
1938,ReplicationProjection,176700,
1938,SnapshotHashMetrics,400,
1938,EgressPublish,13686100,
1939,IngressCapture,4600,
1939,DecodeAndCanonicalize,200,
1939,ApplyInputs,384300,
1939,ProcessorPlan,70200,
1939,CrossWorldPrepare,500,
1939,NativeJobBarrier,200,
1939,CommitDecision,300,
1939,VoxelCommit,1000,
1939,EcsCommandBufferCommit,847000,
1939,GasAndEventFinalize,96100,
1939,ReplicationProjection,910000,
1939,SnapshotHashMetrics,500,
1939,EgressPublish,13300200,
1940,IngressCapture,5100,
1940,DecodeAndCanonicalize,300,
1940,ApplyInputs,733300,
1940,ProcessorPlan,79200,
1940,CrossWorldPrepare,1200,
1940,NativeJobBarrier,300,
1940,CommitDecision,800,
1940,VoxelCommit,900,
1940,EcsCommandBufferCommit,214300,
1940,GasAndEventFinalize,106400,
1940,ReplicationProjection,292500,
1940,SnapshotHashMetrics,700,
1940,EgressPublish,17162800,
1941,IngressCapture,4500,
1941,DecodeAndCanonicalize,200,
1941,ApplyInputs,322900,
1941,ProcessorPlan,67900,
1941,CrossWorldPrepare,900,
1941,NativeJobBarrier,300,
1941,CommitDecision,1500,
1941,VoxelCommit,1500,
1941,EcsCommandBufferCommit,193900,
1941,GasAndEventFinalize,73100,
1941,ReplicationProjection,320000,
1941,SnapshotHashMetrics,600,
1941,EgressPublish,15811500,
1942,IngressCapture,5300,
1942,DecodeAndCanonicalize,200,
1942,ApplyInputs,309300,
1942,ProcessorPlan,63500,
1942,CrossWorldPrepare,700,
1942,NativeJobBarrier,300,
1942,CommitDecision,500,
1942,VoxelCommit,1200,
1942,EcsCommandBufferCommit,194000,
1942,GasAndEventFinalize,66600,
1942,ReplicationProjection,305600,
1942,SnapshotHashMetrics,700,
1942,EgressPublish,17215800,
1943,IngressCapture,3900,
1943,DecodeAndCanonicalize,200,
1943,ApplyInputs,404300,
1943,ProcessorPlan,64200,
1943,CrossWorldPrepare,800,
1943,NativeJobBarrier,200,
1943,CommitDecision,100,
1943,VoxelCommit,900,
1943,EcsCommandBufferCommit,220800,
1943,GasAndEventFinalize,86000,
1943,ReplicationProjection,260900,
1943,SnapshotHashMetrics,800,
1943,EgressPublish,16022200,
1944,IngressCapture,5200,
1944,DecodeAndCanonicalize,200,
1944,ApplyInputs,323300,
1944,ProcessorPlan,57300,
1944,CrossWorldPrepare,700,
1944,NativeJobBarrier,400,
1944,CommitDecision,500,
1944,VoxelCommit,1700,
1944,EcsCommandBufferCommit,201800,
1944,GasAndEventFinalize,71400,
1944,ReplicationProjection,258400,
1944,SnapshotHashMetrics,900,
1944,EgressPublish,16273600,
1945,IngressCapture,4200,
1945,DecodeAndCanonicalize,300,
1945,ApplyInputs,386000,
1945,ProcessorPlan,57000,
1945,CrossWorldPrepare,500,
1945,NativeJobBarrier,200,
1945,CommitDecision,1200,
1945,VoxelCommit,1100,
1945,EcsCommandBufferCommit,173200,
1945,GasAndEventFinalize,58000,
1945,ReplicationProjection,242600,
1945,SnapshotHashMetrics,500,
1945,EgressPublish,15733800,
1946,IngressCapture,4300,
1946,DecodeAndCanonicalize,300,
1946,ApplyInputs,310300,
1946,ProcessorPlan,61100,
1946,CrossWorldPrepare,500,
1946,NativeJobBarrier,200,
1946,CommitDecision,200,
1946,VoxelCommit,1000,
1946,EcsCommandBufferCommit,206800,
1946,GasAndEventFinalize,61800,
1946,ReplicationProjection,242800,
1946,SnapshotHashMetrics,400,
1946,EgressPublish,15637500,
1947,IngressCapture,5600,
1947,DecodeAndCanonicalize,200,
1947,ApplyInputs,491700,
1947,ProcessorPlan,57600,
1947,CrossWorldPrepare,600,
1947,NativeJobBarrier,200,
1947,CommitDecision,600,
1947,VoxelCommit,1100,
1947,EcsCommandBufferCommit,222100,
1947,GasAndEventFinalize,70800,
1947,ReplicationProjection,251800,
1947,SnapshotHashMetrics,400,
1947,EgressPublish,15736800,
1948,IngressCapture,4400,
1948,DecodeAndCanonicalize,300,
1948,ApplyInputs,586300,
1948,ProcessorPlan,114300,
1948,CrossWorldPrepare,1300,
1948,NativeJobBarrier,200,
1948,CommitDecision,300,
1948,VoxelCommit,1000,
1948,EcsCommandBufferCommit,151200,
1948,GasAndEventFinalize,85600,
1948,ReplicationProjection,250000,
1948,SnapshotHashMetrics,400,
1948,EgressPublish,15695500,
1949,IngressCapture,5200,
1949,DecodeAndCanonicalize,200,
1949,ApplyInputs,328700,
1949,ProcessorPlan,66600,
1949,CrossWorldPrepare,700,
1949,NativeJobBarrier,300,
1949,CommitDecision,300,
1949,VoxelCommit,1000,
1949,EcsCommandBufferCommit,179900,
1949,GasAndEventFinalize,72400,
1949,ReplicationProjection,247900,
1949,SnapshotHashMetrics,200,
1949,EgressPublish,15043900,
1950,IngressCapture,5300,
1950,DecodeAndCanonicalize,300,
1950,ApplyInputs,442200,
1950,ProcessorPlan,67300,
1950,CrossWorldPrepare,700,
1950,NativeJobBarrier,200,
1950,CommitDecision,700,
1950,VoxelCommit,1400,
1950,EcsCommandBufferCommit,216000,
1950,GasAndEventFinalize,68900,
1950,ReplicationProjection,251300,
1950,SnapshotHashMetrics,400,
1950,EgressPublish,15966700,
1951,IngressCapture,3200,
1951,DecodeAndCanonicalize,400,
1951,ApplyInputs,275500,
1951,ProcessorPlan,59300,
1951,CrossWorldPrepare,500,
1951,NativeJobBarrier,200,
1951,CommitDecision,200,
1951,VoxelCommit,1100,
1951,EcsCommandBufferCommit,798600,
1951,GasAndEventFinalize,75400,
1951,ReplicationProjection,285500,
1951,SnapshotHashMetrics,900,
1951,EgressPublish,17324200,
1952,IngressCapture,4200,
1952,DecodeAndCanonicalize,200,
1952,ApplyInputs,382000,
1952,ProcessorPlan,53900,
1952,CrossWorldPrepare,500,
1952,NativeJobBarrier,100,
1952,CommitDecision,1000,
1952,VoxelCommit,1100,
1952,EcsCommandBufferCommit,185100,
1952,GasAndEventFinalize,57800,
1952,ReplicationProjection,249100,
1952,SnapshotHashMetrics,700,
1952,EgressPublish,16822100,
1953,IngressCapture,4300,
1953,DecodeAndCanonicalize,200,
1953,ApplyInputs,420600,
1953,ProcessorPlan,52400,
1953,CrossWorldPrepare,1400,
1953,NativeJobBarrier,200,
1953,CommitDecision,400,
1953,VoxelCommit,1400,
1953,EcsCommandBufferCommit,175700,
1953,GasAndEventFinalize,61100,
1953,ReplicationProjection,237400,
1953,SnapshotHashMetrics,500,
1953,EgressPublish,15714000,
1954,IngressCapture,26600,
1954,DecodeAndCanonicalize,200,
1954,ApplyInputs,347900,
1954,ProcessorPlan,61400,
1954,CrossWorldPrepare,600,
1954,NativeJobBarrier,500,
1954,CommitDecision,500,
1954,VoxelCommit,1000,
1954,EcsCommandBufferCommit,161900,
1954,GasAndEventFinalize,55400,
1954,ReplicationProjection,249800,
1954,SnapshotHashMetrics,600,
1954,EgressPublish,18594000,
1955,IngressCapture,5000,
1955,DecodeAndCanonicalize,200,
1955,ApplyInputs,413500,
1955,ProcessorPlan,53200,
1955,CrossWorldPrepare,600,
1955,NativeJobBarrier,300,
1955,CommitDecision,300,
1955,VoxelCommit,1000,
1955,EcsCommandBufferCommit,205600,
1955,GasAndEventFinalize,66200,
1955,ReplicationProjection,239100,
1955,SnapshotHashMetrics,1400,
1955,EgressPublish,15695000,
1956,IngressCapture,4300,
1956,DecodeAndCanonicalize,200,
1956,ApplyInputs,751900,
1956,ProcessorPlan,175700,
1956,CrossWorldPrepare,1000,
1956,NativeJobBarrier,200,
1956,CommitDecision,300,
1956,VoxelCommit,1300,
1956,EcsCommandBufferCommit,193100,
1956,GasAndEventFinalize,87000,
1956,ReplicationProjection,328200,
1956,SnapshotHashMetrics,1000,
1956,EgressPublish,17034000,
1957,IngressCapture,4900,
1957,DecodeAndCanonicalize,200,
1957,ApplyInputs,366700,
1957,ProcessorPlan,53600,
1957,CrossWorldPrepare,500,
1957,NativeJobBarrier,200,
1957,CommitDecision,200,
1957,VoxelCommit,1800,
1957,EcsCommandBufferCommit,791300,
1957,GasAndEventFinalize,114700,
1957,ReplicationProjection,1032800,
1957,SnapshotHashMetrics,2300,
1957,EgressPublish,15543300,
1958,IngressCapture,4800,
1958,DecodeAndCanonicalize,600,
1958,ApplyInputs,411700,
1958,ProcessorPlan,52600,
1958,CrossWorldPrepare,600,
1958,NativeJobBarrier,500,
1958,CommitDecision,400,
1958,VoxelCommit,1100,
1958,EcsCommandBufferCommit,182800,
1958,GasAndEventFinalize,62700,
1958,ReplicationProjection,245300,
1958,SnapshotHashMetrics,600,
1958,EgressPublish,17495600,
1959,IngressCapture,5300,
1959,DecodeAndCanonicalize,300,
1959,ApplyInputs,366200,
1959,ProcessorPlan,52600,
1959,CrossWorldPrepare,1300,
1959,NativeJobBarrier,300,
1959,CommitDecision,200,
1959,VoxelCommit,1600,
1959,EcsCommandBufferCommit,192500,
1959,GasAndEventFinalize,57500,
1959,ReplicationProjection,210200,
1959,SnapshotHashMetrics,200,
1959,EgressPublish,14202100,
1960,IngressCapture,4600,
1960,DecodeAndCanonicalize,200,
1960,ApplyInputs,347500,
1960,ProcessorPlan,66100,
1960,CrossWorldPrepare,600,
1960,NativeJobBarrier,200,
1960,CommitDecision,600,
1960,VoxelCommit,2600,
1960,EcsCommandBufferCommit,205400,
1960,GasAndEventFinalize,77700,
1960,ReplicationProjection,268600,
1960,SnapshotHashMetrics,800,
1960,EgressPublish,17465100,
1961,IngressCapture,5100,
1961,DecodeAndCanonicalize,200,
1961,ApplyInputs,459000,
1961,ProcessorPlan,60500,
1961,CrossWorldPrepare,1000,
1961,NativeJobBarrier,200,
1961,CommitDecision,1000,
1961,VoxelCommit,900,
1961,EcsCommandBufferCommit,238600,
1961,GasAndEventFinalize,80800,
1961,ReplicationProjection,264500,
1961,SnapshotHashMetrics,200,
1961,EgressPublish,15747500,
1962,IngressCapture,5100,
1962,DecodeAndCanonicalize,300,
1962,ApplyInputs,532200,
1962,ProcessorPlan,56200,
1962,CrossWorldPrepare,1000,
1962,NativeJobBarrier,400,
1962,CommitDecision,600,
1962,VoxelCommit,1200,
1962,EcsCommandBufferCommit,848800,
1962,GasAndEventFinalize,125400,
1962,ReplicationProjection,1089500,
1962,SnapshotHashMetrics,1600,
1962,EgressPublish,12735400,
1963,IngressCapture,8800,
1963,DecodeAndCanonicalize,300,
1963,ApplyInputs,308000,
1963,ProcessorPlan,61300,
1963,CrossWorldPrepare,1000,
1963,NativeJobBarrier,200,
1963,CommitDecision,300,
1963,VoxelCommit,800,
1963,EcsCommandBufferCommit,182800,
1963,GasAndEventFinalize,66200,
1963,ReplicationProjection,258700,
1963,SnapshotHashMetrics,400,
1963,EgressPublish,16400000,
1964,IngressCapture,3700,
1964,DecodeAndCanonicalize,300,
1964,ApplyInputs,668800,
1964,ProcessorPlan,136800,
1964,CrossWorldPrepare,1100,
1964,NativeJobBarrier,200,
1964,CommitDecision,200,
1964,VoxelCommit,900,
1964,EcsCommandBufferCommit,180000,
1964,GasAndEventFinalize,91000,
1964,ReplicationProjection,247200,
1964,SnapshotHashMetrics,500,
1964,EgressPublish,14777300,
1965,IngressCapture,4700,
1965,DecodeAndCanonicalize,200,
1965,ApplyInputs,396200,
1965,ProcessorPlan,58600,
1965,CrossWorldPrepare,800,
1965,NativeJobBarrier,300,
1965,CommitDecision,400,
1965,VoxelCommit,900,
1965,EcsCommandBufferCommit,181000,
1965,GasAndEventFinalize,67200,
1965,ReplicationProjection,246900,
1965,SnapshotHashMetrics,500,
1965,EgressPublish,14400000,
1966,IngressCapture,4700,
1966,DecodeAndCanonicalize,300,
1966,ApplyInputs,348900,
1966,ProcessorPlan,63900,
1966,CrossWorldPrepare,700,
1966,NativeJobBarrier,300,
1966,CommitDecision,300,
1966,VoxelCommit,900,
1966,EcsCommandBufferCommit,201100,
1966,GasAndEventFinalize,69400,
1966,ReplicationProjection,243000,
1966,SnapshotHashMetrics,300,
1966,EgressPublish,15165200,
1967,IngressCapture,4000,
1967,DecodeAndCanonicalize,300,
1967,ApplyInputs,17200,
1967,ProcessorPlan,172000,
1967,CrossWorldPrepare,800,
1967,NativeJobBarrier,300,
1967,CommitDecision,600,
1967,VoxelCommit,1700,
1967,EcsCommandBufferCommit,228300,
1967,GasAndEventFinalize,70500,
1967,ReplicationProjection,255700,
1967,SnapshotHashMetrics,900,
1967,EgressPublish,14971500,
1968,IngressCapture,4900,
1968,DecodeAndCanonicalize,300,
1968,ApplyInputs,492000,
1968,ProcessorPlan,53800,
1968,CrossWorldPrepare,500,
1968,NativeJobBarrier,600,
1968,CommitDecision,200,
1968,VoxelCommit,1000,
1968,EcsCommandBufferCommit,184100,
1968,GasAndEventFinalize,63400,
1968,ReplicationProjection,248300,
1968,SnapshotHashMetrics,1000,
1968,EgressPublish,15404000,
1969,IngressCapture,4700,
1969,DecodeAndCanonicalize,200,
1969,ApplyInputs,382800,
1969,ProcessorPlan,70600,
1969,CrossWorldPrepare,500,
1969,NativeJobBarrier,500,
1969,CommitDecision,200,
1969,VoxelCommit,1100,
1969,EcsCommandBufferCommit,179900,
1969,GasAndEventFinalize,69800,
1969,ReplicationProjection,252000,
1969,SnapshotHashMetrics,600,
1969,EgressPublish,15412400,
1970,IngressCapture,5500,
1970,DecodeAndCanonicalize,300,
1970,ApplyInputs,376200,
1970,ProcessorPlan,52400,
1970,CrossWorldPrepare,600,
1970,NativeJobBarrier,300,
1970,CommitDecision,200,
1970,VoxelCommit,800,
1970,EcsCommandBufferCommit,221200,
1970,GasAndEventFinalize,53400,
1970,ReplicationProjection,221300,
1970,SnapshotHashMetrics,700,
1970,EgressPublish,16269000,
1971,IngressCapture,5000,
1971,DecodeAndCanonicalize,200,
1971,ApplyInputs,408200,
1971,ProcessorPlan,54800,
1971,CrossWorldPrepare,900,
1971,NativeJobBarrier,400,
1971,CommitDecision,200,
1971,VoxelCommit,500,
1971,EcsCommandBufferCommit,185600,
1971,GasAndEventFinalize,73800,
1971,ReplicationProjection,294100,
1971,SnapshotHashMetrics,900,
1971,EgressPublish,18732800,
1972,IngressCapture,4400,
1972,DecodeAndCanonicalize,200,
1972,ApplyInputs,327500,
1972,ProcessorPlan,65700,
1972,CrossWorldPrepare,700,
1972,NativeJobBarrier,200,
1972,CommitDecision,500,
1972,VoxelCommit,1300,
1972,EcsCommandBufferCommit,221600,
1972,GasAndEventFinalize,74300,
1972,ReplicationProjection,253600,
1972,SnapshotHashMetrics,500,
1972,EgressPublish,16979900,
1973,IngressCapture,8300,
1973,DecodeAndCanonicalize,300,
1973,ApplyInputs,685600,
1973,ProcessorPlan,138100,
1973,CrossWorldPrepare,1300,
1973,NativeJobBarrier,200,
1973,CommitDecision,600,
1973,VoxelCommit,900,
1973,EcsCommandBufferCommit,198000,
1973,GasAndEventFinalize,98300,
1973,ReplicationProjection,259600,
1973,SnapshotHashMetrics,800,
1973,EgressPublish,19205300,
1974,IngressCapture,5200,
1974,DecodeAndCanonicalize,200,
1974,ApplyInputs,373800,
1974,ProcessorPlan,58700,
1974,CrossWorldPrepare,600,
1974,NativeJobBarrier,300,
1974,CommitDecision,300,
1974,VoxelCommit,1500,
1974,EcsCommandBufferCommit,193800,
1974,GasAndEventFinalize,53900,
1974,ReplicationProjection,230900,
1974,SnapshotHashMetrics,400,
1974,EgressPublish,16275300,
1975,IngressCapture,5500,
1975,DecodeAndCanonicalize,600,
1975,ApplyInputs,363500,
1975,ProcessorPlan,61300,
1975,CrossWorldPrepare,700,
1975,NativeJobBarrier,100,
1975,CommitDecision,300,
1975,VoxelCommit,1300,
1975,EcsCommandBufferCommit,197000,
1975,GasAndEventFinalize,73800,
1975,ReplicationProjection,251000,
1975,SnapshotHashMetrics,700,
1975,EgressPublish,15031100,
1976,IngressCapture,4500,
1976,DecodeAndCanonicalize,300,
1976,ApplyInputs,465400,
1976,ProcessorPlan,63100,
1976,CrossWorldPrepare,600,
1976,NativeJobBarrier,600,
1976,CommitDecision,800,
1976,VoxelCommit,1000,
1976,EcsCommandBufferCommit,248400,
1976,GasAndEventFinalize,84300,
1976,ReplicationProjection,281600,
1976,SnapshotHashMetrics,500,
1976,EgressPublish,15772000,
1977,IngressCapture,6400,
1977,DecodeAndCanonicalize,1700,
1977,ApplyInputs,392200,
1977,ProcessorPlan,74700,
1977,CrossWorldPrepare,1600,
1977,NativeJobBarrier,500,
1977,CommitDecision,600,
1977,VoxelCommit,1500,
1977,EcsCommandBufferCommit,249900,
1977,GasAndEventFinalize,79100,
1977,ReplicationProjection,282000,
1977,SnapshotHashMetrics,400,
1977,EgressPublish,15511300,
1978,IngressCapture,6300,
1978,DecodeAndCanonicalize,200,
1978,ApplyInputs,415800,
1978,ProcessorPlan,53000,
1978,CrossWorldPrepare,600,
1978,NativeJobBarrier,500,
1978,CommitDecision,500,
1978,VoxelCommit,1100,
1978,EcsCommandBufferCommit,179800,
1978,GasAndEventFinalize,68700,
1978,ReplicationProjection,235000,
1978,SnapshotHashMetrics,400,
1978,EgressPublish,15711700,
1979,IngressCapture,5000,
1979,DecodeAndCanonicalize,200,
1979,ApplyInputs,290100,
1979,ProcessorPlan,37500,
1979,CrossWorldPrepare,500,
1979,NativeJobBarrier,100,
1979,CommitDecision,300,
1979,VoxelCommit,900,
1979,EcsCommandBufferCommit,153100,
1979,GasAndEventFinalize,42200,
1979,ReplicationProjection,148100,
1979,SnapshotHashMetrics,200,
1979,EgressPublish,12375400,
1980,IngressCapture,6300,
1980,DecodeAndCanonicalize,200,
1980,ApplyInputs,466300,
1980,ProcessorPlan,66600,
1980,CrossWorldPrepare,600,
1980,NativeJobBarrier,200,
1980,CommitDecision,200,
1980,VoxelCommit,1000,
1980,EcsCommandBufferCommit,216400,
1980,GasAndEventFinalize,74000,
1980,ReplicationProjection,214500,
1980,SnapshotHashMetrics,300,
1980,EgressPublish,12885600,
1981,IngressCapture,4500,
1981,DecodeAndCanonicalize,100,
1981,ApplyInputs,298100,
1981,ProcessorPlan,94700,
1981,CrossWorldPrepare,500,
1981,NativeJobBarrier,300,
1981,CommitDecision,300,
1981,VoxelCommit,1100,
1981,EcsCommandBufferCommit,126400,
1981,GasAndEventFinalize,53500,
1981,ReplicationProjection,149300,
1981,SnapshotHashMetrics,200,
1981,EgressPublish,17319300,
1982,IngressCapture,4300,
1982,DecodeAndCanonicalize,700,
1982,ApplyInputs,297000,
1982,ProcessorPlan,60400,
1982,CrossWorldPrepare,500,
1982,NativeJobBarrier,400,
1982,CommitDecision,400,
1982,VoxelCommit,600,
1982,EcsCommandBufferCommit,169600,
1982,GasAndEventFinalize,66700,
1982,ReplicationProjection,219200,
1982,SnapshotHashMetrics,400,
1982,EgressPublish,12687600,
1983,IngressCapture,4800,
1983,DecodeAndCanonicalize,200,
1983,ApplyInputs,288900,
1983,ProcessorPlan,36300,
1983,CrossWorldPrepare,500,
1983,NativeJobBarrier,300,
1983,CommitDecision,200,
1983,VoxelCommit,500,
1983,EcsCommandBufferCommit,118200,
1983,GasAndEventFinalize,57200,
1983,ReplicationProjection,140100,
1983,SnapshotHashMetrics,200,
1983,EgressPublish,12358200,
1984,IngressCapture,4600,
1984,DecodeAndCanonicalize,200,
1984,ApplyInputs,343300,
1984,ProcessorPlan,81700,
1984,CrossWorldPrepare,800,
1984,NativeJobBarrier,200,
1984,CommitDecision,300,
1984,VoxelCommit,1100,
1984,EcsCommandBufferCommit,241200,
1984,GasAndEventFinalize,89500,
1984,ReplicationProjection,255800,
1984,SnapshotHashMetrics,600,
1984,EgressPublish,17996200,
1985,IngressCapture,5300,
1985,DecodeAndCanonicalize,200,
1985,ApplyInputs,627000,
1985,ProcessorPlan,58900,
1985,CrossWorldPrepare,500,
1985,NativeJobBarrier,200,
1985,CommitDecision,400,
1985,VoxelCommit,1400,
1985,EcsCommandBufferCommit,210900,
1985,GasAndEventFinalize,97700,
1985,ReplicationProjection,244300,
1985,SnapshotHashMetrics,600,
1985,EgressPublish,16962100,
1986,IngressCapture,4000,
1986,DecodeAndCanonicalize,300,
1986,ApplyInputs,327600,
1986,ProcessorPlan,63700,
1986,CrossWorldPrepare,700,
1986,NativeJobBarrier,200,
1986,CommitDecision,400,
1986,VoxelCommit,800,
1986,EcsCommandBufferCommit,196900,
1986,GasAndEventFinalize,69900,
1986,ReplicationProjection,235500,
1986,SnapshotHashMetrics,500,
1986,EgressPublish,19482700,
1987,IngressCapture,4900,
1987,DecodeAndCanonicalize,1300,
1987,ApplyInputs,458300,
1987,ProcessorPlan,58100,
1987,CrossWorldPrepare,600,
1987,NativeJobBarrier,200,
1987,CommitDecision,300,
1987,VoxelCommit,1100,
1987,EcsCommandBufferCommit,205600,
1987,GasAndEventFinalize,66100,
1987,ReplicationProjection,259200,
1987,SnapshotHashMetrics,900,
1987,EgressPublish,15620900,
1988,IngressCapture,4600,
1988,DecodeAndCanonicalize,200,
1988,ApplyInputs,356400,
1988,ProcessorPlan,71600,
1988,CrossWorldPrepare,600,
1988,NativeJobBarrier,500,
1988,CommitDecision,400,
1988,VoxelCommit,1200,
1988,EcsCommandBufferCommit,169600,
1988,GasAndEventFinalize,60400,
1988,ReplicationProjection,233700,
1988,SnapshotHashMetrics,300,
1988,EgressPublish,15868600,
1989,IngressCapture,4500,
1989,DecodeAndCanonicalize,300,
1989,ApplyInputs,673400,
1989,ProcessorPlan,118200,
1989,CrossWorldPrepare,1900,
1989,NativeJobBarrier,300,
1989,CommitDecision,500,
1989,VoxelCommit,900,
1989,EcsCommandBufferCommit,140300,
1989,GasAndEventFinalize,72100,
1989,ReplicationProjection,214100,
1989,SnapshotHashMetrics,300,
1989,EgressPublish,16006100,
1990,IngressCapture,4000,
1990,DecodeAndCanonicalize,500,
1990,ApplyInputs,509900,
1990,ProcessorPlan,57900,
1990,CrossWorldPrepare,900,
1990,NativeJobBarrier,400,
1990,CommitDecision,800,
1990,VoxelCommit,900,
1990,EcsCommandBufferCommit,213900,
1990,GasAndEventFinalize,77500,
1990,ReplicationProjection,232000,
1990,SnapshotHashMetrics,700,
1990,EgressPublish,15842700,
1991,IngressCapture,5100,
1991,DecodeAndCanonicalize,300,
1991,ApplyInputs,339300,
1991,ProcessorPlan,61200,
1991,CrossWorldPrepare,800,
1991,NativeJobBarrier,200,
1991,CommitDecision,300,
1991,VoxelCommit,1800,
1991,EcsCommandBufferCommit,160600,
1991,GasAndEventFinalize,59600,
1991,ReplicationProjection,218400,
1991,SnapshotHashMetrics,700,
1991,EgressPublish,15341600,
1992,IngressCapture,5700,
1992,DecodeAndCanonicalize,300,
1992,ApplyInputs,540300,
1992,ProcessorPlan,61600,
1992,CrossWorldPrepare,600,
1992,NativeJobBarrier,100,
1992,CommitDecision,400,
1992,VoxelCommit,1300,
1992,EcsCommandBufferCommit,825900,
1992,GasAndEventFinalize,178900,
1992,ReplicationProjection,946400,
1992,SnapshotHashMetrics,1000,
1992,EgressPublish,15800700,
1993,IngressCapture,5000,
1993,DecodeAndCanonicalize,100,
1993,ApplyInputs,288200,
1993,ProcessorPlan,57300,
1993,CrossWorldPrepare,600,
1993,NativeJobBarrier,400,
1993,CommitDecision,400,
1993,VoxelCommit,1600,
1993,EcsCommandBufferCommit,166200,
1993,GasAndEventFinalize,56700,
1993,ReplicationProjection,232300,
1993,SnapshotHashMetrics,400,
1993,EgressPublish,16894800,
1994,IngressCapture,4500,
1994,DecodeAndCanonicalize,400,
1994,ApplyInputs,430500,
1994,ProcessorPlan,77000,
1994,CrossWorldPrepare,700,
1994,NativeJobBarrier,300,
1994,CommitDecision,400,
1994,VoxelCommit,1200,
1994,EcsCommandBufferCommit,231500,
1994,GasAndEventFinalize,77000,
1994,ReplicationProjection,238100,
1994,SnapshotHashMetrics,1100,
1994,EgressPublish,16223200,
1995,IngressCapture,5800,
1995,DecodeAndCanonicalize,200,
1995,ApplyInputs,488900,
1995,ProcessorPlan,59100,
1995,CrossWorldPrepare,600,
1995,NativeJobBarrier,500,
1995,CommitDecision,300,
1995,VoxelCommit,1500,
1995,EcsCommandBufferCommit,241300,
1995,GasAndEventFinalize,71100,
1995,ReplicationProjection,262000,
1995,SnapshotHashMetrics,400,
1995,EgressPublish,17306400,
1996,IngressCapture,15100,
1996,DecodeAndCanonicalize,300,
1996,ApplyInputs,403200,
1996,ProcessorPlan,101400,
1996,CrossWorldPrepare,900,
1996,NativeJobBarrier,200,
1996,CommitDecision,300,
1996,VoxelCommit,900,
1996,EcsCommandBufferCommit,211400,
1996,GasAndEventFinalize,76500,
1996,ReplicationProjection,266300,
1996,SnapshotHashMetrics,700,
1996,EgressPublish,19130700,
1997,IngressCapture,4900,
1997,DecodeAndCanonicalize,200,
1997,ApplyInputs,744000,
1997,ProcessorPlan,195700,
1997,CrossWorldPrepare,1800,
1997,NativeJobBarrier,200,
1997,CommitDecision,400,
1997,VoxelCommit,1600,
1997,EcsCommandBufferCommit,246900,
1997,GasAndEventFinalize,149000,
1997,ReplicationProjection,257600,
1997,SnapshotHashMetrics,600,
1997,EgressPublish,13452900,
1998,IngressCapture,3500,
1998,DecodeAndCanonicalize,200,
1998,ApplyInputs,302900,
1998,ProcessorPlan,38600,
1998,CrossWorldPrepare,500,
1998,NativeJobBarrier,100,
1998,CommitDecision,400,
1998,VoxelCommit,900,
1998,EcsCommandBufferCommit,149600,
1998,GasAndEventFinalize,64500,
1998,ReplicationProjection,159900,
1998,SnapshotHashMetrics,300,
1998,EgressPublish,18015500,
1999,IngressCapture,5300,
1999,DecodeAndCanonicalize,400,
1999,ApplyInputs,427500,
1999,ProcessorPlan,58700,
1999,CrossWorldPrepare,700,
1999,NativeJobBarrier,300,
1999,CommitDecision,500,
1999,VoxelCommit,1000,
1999,EcsCommandBufferCommit,139200,
1999,GasAndEventFinalize,41000,
1999,ReplicationProjection,137400,
1999,SnapshotHashMetrics,200,
1999,EgressPublish,13987400,
2000,IngressCapture,6300,
2000,DecodeAndCanonicalize,200,
2000,ApplyInputs,541000,
2000,ProcessorPlan,63200,
2000,CrossWorldPrepare,600,
2000,NativeJobBarrier,200,
2000,CommitDecision,600,
2000,VoxelCommit,1100,
2000,EcsCommandBufferCommit,265300,
2000,GasAndEventFinalize,91900,
2000,ReplicationProjection,288100,
2000,SnapshotHashMetrics,1300,
2000,EgressPublish,17879500,
2001,IngressCapture,4600,
2001,DecodeAndCanonicalize,200,
2001,ApplyInputs,377600,
2001,ProcessorPlan,98100,
2001,CrossWorldPrepare,2300,
2001,NativeJobBarrier,200,
2001,CommitDecision,700,
2001,VoxelCommit,1400,
2001,EcsCommandBufferCommit,237800,
2001,GasAndEventFinalize,76900,
2001,ReplicationProjection,227100,
2001,SnapshotHashMetrics,500,
2001,EgressPublish,18370400,
2002,IngressCapture,5000,
2002,DecodeAndCanonicalize,200,
2002,ApplyInputs,428000,
2002,ProcessorPlan,63100,
2002,CrossWorldPrepare,800,
2002,NativeJobBarrier,400,
2002,CommitDecision,300,
2002,VoxelCommit,1500,
2002,EcsCommandBufferCommit,271700,
2002,GasAndEventFinalize,109500,
2002,ReplicationProjection,240400,
2002,SnapshotHashMetrics,900,
2002,EgressPublish,15875300,
2003,IngressCapture,3500,
2003,DecodeAndCanonicalize,200,
2003,ApplyInputs,380400,
2003,ProcessorPlan,54100,
2003,CrossWorldPrepare,600,
2003,NativeJobBarrier,500,
2003,CommitDecision,500,
2003,VoxelCommit,1800,
2003,EcsCommandBufferCommit,186300,
2003,GasAndEventFinalize,61200,
2003,ReplicationProjection,202000,
2003,SnapshotHashMetrics,600,
2003,EgressPublish,17139700,
2004,IngressCapture,5300,
2004,DecodeAndCanonicalize,200,
2004,ApplyInputs,340300,
2004,ProcessorPlan,66900,
2004,CrossWorldPrepare,800,
2004,NativeJobBarrier,300,
2004,CommitDecision,400,
2004,VoxelCommit,900,
2004,EcsCommandBufferCommit,213700,
2004,GasAndEventFinalize,69800,
2004,ReplicationProjection,208200,
2004,SnapshotHashMetrics,600,
2004,EgressPublish,16301500,
2005,IngressCapture,6000,
2005,DecodeAndCanonicalize,100,
2005,ApplyInputs,797100,
2005,ProcessorPlan,154300,
2005,CrossWorldPrepare,1300,
2005,NativeJobBarrier,200,
2005,CommitDecision,400,
2005,VoxelCommit,1100,
2005,EcsCommandBufferCommit,237300,
2005,GasAndEventFinalize,134800,
2005,ReplicationProjection,498600,
2005,SnapshotHashMetrics,600,
2005,EgressPublish,16074800,
2006,IngressCapture,3900,
2006,DecodeAndCanonicalize,200,
2006,ApplyInputs,369400,
2006,ProcessorPlan,54000,
2006,CrossWorldPrepare,600,
2006,NativeJobBarrier,300,
2006,CommitDecision,200,
2006,VoxelCommit,900,
2006,EcsCommandBufferCommit,176000,
2006,GasAndEventFinalize,66700,
2006,ReplicationProjection,210700,
2006,SnapshotHashMetrics,700,
2006,EgressPublish,17555800,
2007,IngressCapture,5600,
2007,DecodeAndCanonicalize,200,
2007,ApplyInputs,344000,
2007,ProcessorPlan,63900,
2007,CrossWorldPrepare,800,
2007,NativeJobBarrier,300,
2007,CommitDecision,1000,
2007,VoxelCommit,1400,
2007,EcsCommandBufferCommit,344800,
2007,GasAndEventFinalize,108200,
2007,ReplicationProjection,394400,
2007,SnapshotHashMetrics,2200,
2007,EgressPublish,17522600,
2008,IngressCapture,4700,
2008,DecodeAndCanonicalize,300,
2008,ApplyInputs,519500,
2008,ProcessorPlan,89300,
2008,CrossWorldPrepare,700,
2008,NativeJobBarrier,600,
2008,CommitDecision,200,
2008,VoxelCommit,800,
2008,EcsCommandBufferCommit,202600,
2008,GasAndEventFinalize,58800,
2008,ReplicationProjection,196100,
2008,SnapshotHashMetrics,600,
2008,EgressPublish,22886100,
2009,IngressCapture,5600,
2009,DecodeAndCanonicalize,300,
2009,ApplyInputs,454300,
2009,ProcessorPlan,63200,
2009,CrossWorldPrepare,900,
2009,NativeJobBarrier,200,
2009,CommitDecision,400,
2009,VoxelCommit,1600,
2009,EcsCommandBufferCommit,232500,
2009,GasAndEventFinalize,74500,
2009,ReplicationProjection,222500,
2009,SnapshotHashMetrics,1100,
2009,EgressPublish,20790800,
2010,IngressCapture,4500,
2010,DecodeAndCanonicalize,200,
2010,ApplyInputs,364400,
2010,ProcessorPlan,70900,
2010,CrossWorldPrepare,800,
2010,NativeJobBarrier,500,
2010,CommitDecision,200,
2010,VoxelCommit,1000,
2010,EcsCommandBufferCommit,198200,
2010,GasAndEventFinalize,67100,
2010,ReplicationProjection,225000,
2010,SnapshotHashMetrics,500,
2010,EgressPublish,19052200,
2011,IngressCapture,20100,
2011,DecodeAndCanonicalize,200,
2011,ApplyInputs,356700,
2011,ProcessorPlan,69100,
2011,CrossWorldPrepare,900,
2011,NativeJobBarrier,200,
2011,CommitDecision,600,
2011,VoxelCommit,1600,
2011,EcsCommandBufferCommit,189000,
2011,GasAndEventFinalize,61500,
2011,ReplicationProjection,216500,
2011,SnapshotHashMetrics,300,
2011,EgressPublish,17204300,
2012,IngressCapture,5300,
2012,DecodeAndCanonicalize,300,
2012,ApplyInputs,433600,
2012,ProcessorPlan,56300,
2012,CrossWorldPrepare,700,
2012,NativeJobBarrier,600,
2012,CommitDecision,700,
2012,VoxelCommit,1200,
2012,EcsCommandBufferCommit,175800,
2012,GasAndEventFinalize,61800,
2012,ReplicationProjection,221600,
2012,SnapshotHashMetrics,500,
2012,EgressPublish,17662800,
2013,IngressCapture,4700,
2013,DecodeAndCanonicalize,300,
2013,ApplyInputs,667200,
2013,ProcessorPlan,104700,
2013,CrossWorldPrepare,500,
2013,NativeJobBarrier,200,
2013,CommitDecision,200,
2013,VoxelCommit,1000,
2013,EcsCommandBufferCommit,169200,
2013,GasAndEventFinalize,92400,
2013,ReplicationProjection,213500,
2013,SnapshotHashMetrics,1200,
2013,EgressPublish,16044700,
2014,IngressCapture,5500,
2014,DecodeAndCanonicalize,300,
2014,ApplyInputs,451200,
2014,ProcessorPlan,83800,
2014,CrossWorldPrepare,1400,
2014,NativeJobBarrier,400,
2014,CommitDecision,1100,
2014,VoxelCommit,2000,
2014,EcsCommandBufferCommit,278800,
2014,GasAndEventFinalize,110300,
2014,ReplicationProjection,249900,
2014,SnapshotHashMetrics,800,
2014,EgressPublish,17290200,
2015,IngressCapture,4700,
2015,DecodeAndCanonicalize,300,
2015,ApplyInputs,367600,
2015,ProcessorPlan,57700,
2015,CrossWorldPrepare,900,
2015,NativeJobBarrier,200,
2015,CommitDecision,600,
2015,VoxelCommit,900,
2015,EcsCommandBufferCommit,182100,
2015,GasAndEventFinalize,61600,
2015,ReplicationProjection,262200,
2015,SnapshotHashMetrics,700,
2015,EgressPublish,16371000,
2016,IngressCapture,3500,
2016,DecodeAndCanonicalize,200,
2016,ApplyInputs,293000,
2016,ProcessorPlan,51000,
2016,CrossWorldPrepare,400,
2016,NativeJobBarrier,200,
2016,CommitDecision,200,
2016,VoxelCommit,1500,
2016,EcsCommandBufferCommit,194800,
2016,GasAndEventFinalize,70000,
2016,ReplicationProjection,236800,
2016,SnapshotHashMetrics,700,
2016,EgressPublish,24226400,
2017,IngressCapture,4500,
2017,DecodeAndCanonicalize,400,
2017,ApplyInputs,463600,
2017,ProcessorPlan,65300,
2017,CrossWorldPrepare,1300,
2017,NativeJobBarrier,200,
2017,CommitDecision,200,
2017,VoxelCommit,1300,
2017,EcsCommandBufferCommit,225200,
2017,GasAndEventFinalize,69400,
2017,ReplicationProjection,229700,
2017,SnapshotHashMetrics,400,
2017,EgressPublish,20163400,
2018,IngressCapture,3800,
2018,DecodeAndCanonicalize,200,
2018,ApplyInputs,370000,
2018,ProcessorPlan,64300,
2018,CrossWorldPrepare,700,
2018,NativeJobBarrier,400,
2018,CommitDecision,500,
2018,VoxelCommit,1500,
2018,EcsCommandBufferCommit,211100,
2018,GasAndEventFinalize,73200,
2018,ReplicationProjection,226900,
2018,SnapshotHashMetrics,1300,
2018,EgressPublish,15961800,
2019,IngressCapture,5500,
2019,DecodeAndCanonicalize,300,
2019,ApplyInputs,328000,
2019,ProcessorPlan,61700,
2019,CrossWorldPrepare,300,
2019,NativeJobBarrier,200,
2019,CommitDecision,400,
2019,VoxelCommit,1900,
2019,EcsCommandBufferCommit,206600,
2019,GasAndEventFinalize,74100,
2019,ReplicationProjection,211700,
2019,SnapshotHashMetrics,1000,
2019,EgressPublish,18641300,
2020,IngressCapture,4500,
2020,DecodeAndCanonicalize,200,
2020,ApplyInputs,401600,
2020,ProcessorPlan,54500,
2020,CrossWorldPrepare,400,
2020,NativeJobBarrier,200,
2020,CommitDecision,200,
2020,VoxelCommit,1400,
2020,EcsCommandBufferCommit,199900,
2020,GasAndEventFinalize,63000,
2020,ReplicationProjection,359900,
2020,SnapshotHashMetrics,900,
2020,EgressPublish,17571700,
2021,IngressCapture,4300,
2021,DecodeAndCanonicalize,300,
2021,ApplyInputs,365000,
2021,ProcessorPlan,77300,
2021,CrossWorldPrepare,1500,
2021,NativeJobBarrier,200,
2021,CommitDecision,600,
2021,VoxelCommit,1400,
2021,EcsCommandBufferCommit,277100,
2021,GasAndEventFinalize,83300,
2021,ReplicationProjection,253300,
2021,SnapshotHashMetrics,700,
2021,EgressPublish,19259400,
2022,IngressCapture,5500,
2022,DecodeAndCanonicalize,300,
2022,ApplyInputs,693100,
2022,ProcessorPlan,65100,
2022,CrossWorldPrepare,1200,
2022,NativeJobBarrier,300,
2022,CommitDecision,300,
2022,VoxelCommit,1000,
2022,EcsCommandBufferCommit,235700,
2022,GasAndEventFinalize,106400,
2022,ReplicationProjection,236300,
2022,SnapshotHashMetrics,300,
2022,EgressPublish,18349100,
2023,IngressCapture,3900,
2023,DecodeAndCanonicalize,200,
2023,ApplyInputs,506200,
2023,ProcessorPlan,58800,
2023,CrossWorldPrepare,800,
2023,NativeJobBarrier,500,
2023,CommitDecision,600,
2023,VoxelCommit,1900,
2023,EcsCommandBufferCommit,211500,
2023,GasAndEventFinalize,1841800,
2023,ReplicationProjection,282300,
2023,SnapshotHashMetrics,800,
2023,EgressPublish,17616000,
2024,IngressCapture,5300,
2024,DecodeAndCanonicalize,300,
2024,ApplyInputs,378700,
2024,ProcessorPlan,80700,
2024,CrossWorldPrepare,600,
2024,NativeJobBarrier,300,
2024,CommitDecision,300,
2024,VoxelCommit,1400,
2024,EcsCommandBufferCommit,212300,
2024,GasAndEventFinalize,70000,
2024,ReplicationProjection,238100,
2024,SnapshotHashMetrics,1200,
2024,EgressPublish,17582800,
2025,IngressCapture,4700,
2025,DecodeAndCanonicalize,200,
2025,ApplyInputs,460400,
2025,ProcessorPlan,58400,
2025,CrossWorldPrepare,800,
2025,NativeJobBarrier,100,
2025,CommitDecision,800,
2025,VoxelCommit,1000,
2025,EcsCommandBufferCommit,266900,
2025,GasAndEventFinalize,112600,
2025,ReplicationProjection,267600,
2025,SnapshotHashMetrics,600,
2025,EgressPublish,16992100,
2026,IngressCapture,4300,
2026,DecodeAndCanonicalize,300,
2026,ApplyInputs,379900,
2026,ProcessorPlan,60900,
2026,CrossWorldPrepare,1900,
2026,NativeJobBarrier,300,
2026,CommitDecision,300,
2026,VoxelCommit,1000,
2026,EcsCommandBufferCommit,179100,
2026,GasAndEventFinalize,47500,
2026,ReplicationProjection,249200,
2026,SnapshotHashMetrics,300,
2026,EgressPublish,16996100,
2027,IngressCapture,4900,
2027,DecodeAndCanonicalize,200,
2027,ApplyInputs,325100,
2027,ProcessorPlan,68900,
2027,CrossWorldPrepare,1500,
2027,NativeJobBarrier,200,
2027,CommitDecision,200,
2027,VoxelCommit,1500,
2027,EcsCommandBufferCommit,199500,
2027,GasAndEventFinalize,62300,
2027,ReplicationProjection,197800,
2027,SnapshotHashMetrics,200,
2027,EgressPublish,16592700,
2028,IngressCapture,6700,
2028,DecodeAndCanonicalize,200,
2028,ApplyInputs,474100,
2028,ProcessorPlan,61300,
2028,CrossWorldPrepare,900,
2028,NativeJobBarrier,200,
2028,CommitDecision,600,
2028,VoxelCommit,1200,
2028,EcsCommandBufferCommit,249800,
2028,GasAndEventFinalize,81500,
2028,ReplicationProjection,221000,
2028,SnapshotHashMetrics,1300,
2028,EgressPublish,18683800,
2029,IngressCapture,4700,
2029,DecodeAndCanonicalize,200,
2029,ApplyInputs,376500,
2029,ProcessorPlan,65300,
2029,CrossWorldPrepare,1000,
2029,NativeJobBarrier,200,
2029,CommitDecision,700,
2029,VoxelCommit,1600,
2029,EcsCommandBufferCommit,229100,
2029,GasAndEventFinalize,75200,
2029,ReplicationProjection,207500,
2029,SnapshotHashMetrics,900,
2029,EgressPublish,18220400,
2030,IngressCapture,4900,
2030,DecodeAndCanonicalize,200,
2030,ApplyInputs,673300,
2030,ProcessorPlan,56400,
2030,CrossWorldPrepare,600,
2030,NativeJobBarrier,200,
2030,CommitDecision,300,
2030,VoxelCommit,700,
2030,EcsCommandBufferCommit,172500,
2030,GasAndEventFinalize,92400,
2030,ReplicationProjection,215100,
2030,SnapshotHashMetrics,400,
2030,EgressPublish,15336800,
2031,IngressCapture,4100,
2031,DecodeAndCanonicalize,100,
2031,ApplyInputs,254700,
2031,ProcessorPlan,39900,
2031,CrossWorldPrepare,400,
2031,NativeJobBarrier,100,
2031,CommitDecision,100,
2031,VoxelCommit,1000,
2031,EcsCommandBufferCommit,146700,
2031,GasAndEventFinalize,60300,
2031,ReplicationProjection,140100,
2031,SnapshotHashMetrics,200,
2031,EgressPublish,13259100,
2032,IngressCapture,4900,
2032,DecodeAndCanonicalize,200,
2032,ApplyInputs,319600,
2032,ProcessorPlan,139800,
2032,CrossWorldPrepare,1500,
2032,NativeJobBarrier,300,
2032,CommitDecision,200,
2032,VoxelCommit,1200,
2032,EcsCommandBufferCommit,158300,
2032,GasAndEventFinalize,40300,
2032,ReplicationProjection,278300,
2032,SnapshotHashMetrics,400,
2032,EgressPublish,16088400,
2033,IngressCapture,9200,
2033,DecodeAndCanonicalize,500,
2033,ApplyInputs,588200,
2033,ProcessorPlan,59100,
2033,CrossWorldPrepare,900,
2033,NativeJobBarrier,200,
2033,CommitDecision,600,
2033,VoxelCommit,600,
2033,EcsCommandBufferCommit,227300,
2033,GasAndEventFinalize,61100,
2033,ReplicationProjection,149500,
2033,SnapshotHashMetrics,400,
2033,EgressPublish,15230400,
2034,IngressCapture,5900,
2034,DecodeAndCanonicalize,200,
2034,ApplyInputs,364400,
2034,ProcessorPlan,55900,
2034,CrossWorldPrepare,900,
2034,NativeJobBarrier,200,
2034,CommitDecision,400,
2034,VoxelCommit,1200,
2034,EcsCommandBufferCommit,196500,
2034,GasAndEventFinalize,62100,
2034,ReplicationProjection,159900,
2034,SnapshotHashMetrics,200,
2034,EgressPublish,16571500,
2035,IngressCapture,4200,
2035,DecodeAndCanonicalize,200,
2035,ApplyInputs,422900,
2035,ProcessorPlan,53400,
2035,CrossWorldPrepare,400,
2035,NativeJobBarrier,200,
2035,CommitDecision,300,
2035,VoxelCommit,1200,
2035,EcsCommandBufferCommit,183700,
2035,GasAndEventFinalize,63300,
2035,ReplicationProjection,228700,
2035,SnapshotHashMetrics,800,
2035,EgressPublish,17084800,
2036,IngressCapture,3300,
2036,DecodeAndCanonicalize,100,
2036,ApplyInputs,244100,
2036,ProcessorPlan,36400,
2036,CrossWorldPrepare,700,
2036,NativeJobBarrier,200,
2036,CommitDecision,200,
2036,VoxelCommit,600,
2036,EcsCommandBufferCommit,127000,
2036,GasAndEventFinalize,43800,
2036,ReplicationProjection,138300,
2036,SnapshotHashMetrics,400,
2036,EgressPublish,15598600,
2037,IngressCapture,4800,
2037,DecodeAndCanonicalize,300,
2037,ApplyInputs,404900,
2037,ProcessorPlan,69800,
2037,CrossWorldPrepare,800,
2037,NativeJobBarrier,400,
2037,CommitDecision,1100,
2037,VoxelCommit,1100,
2037,EcsCommandBufferCommit,273600,
2037,GasAndEventFinalize,85300,
2037,ReplicationProjection,245600,
2037,SnapshotHashMetrics,800,
2037,EgressPublish,16071100,
2038,IngressCapture,4900,
2038,DecodeAndCanonicalize,500,
2038,ApplyInputs,707000,
2038,ProcessorPlan,67200,
2038,CrossWorldPrepare,1300,
2038,NativeJobBarrier,200,
2038,CommitDecision,500,
2038,VoxelCommit,1400,
2038,EcsCommandBufferCommit,183200,
2038,GasAndEventFinalize,146800,
2038,ReplicationProjection,258300,
2038,SnapshotHashMetrics,1400,
2038,EgressPublish,17323400,
2039,IngressCapture,5600,
2039,DecodeAndCanonicalize,200,
2039,ApplyInputs,476800,
2039,ProcessorPlan,120500,
2039,CrossWorldPrepare,1100,
2039,NativeJobBarrier,300,
2039,CommitDecision,800,
2039,VoxelCommit,1100,
2039,EcsCommandBufferCommit,198600,
2039,GasAndEventFinalize,69600,
2039,ReplicationProjection,215600,
2039,SnapshotHashMetrics,700,
2039,EgressPublish,15546000,
2040,IngressCapture,5100,
2040,DecodeAndCanonicalize,200,
2040,ApplyInputs,400700,
2040,ProcessorPlan,51500,
2040,CrossWorldPrepare,400,
2040,NativeJobBarrier,300,
2040,CommitDecision,800,
2040,VoxelCommit,1100,
2040,EcsCommandBufferCommit,217700,
2040,GasAndEventFinalize,67100,
2040,ReplicationProjection,213600,
2040,SnapshotHashMetrics,400,
2040,EgressPublish,13357600,
2041,IngressCapture,5000,
2041,DecodeAndCanonicalize,200,
2041,ApplyInputs,396400,
2041,ProcessorPlan,53200,
2041,CrossWorldPrepare,500,
2041,NativeJobBarrier,200,
2041,CommitDecision,400,
2041,VoxelCommit,700,
2041,EcsCommandBufferCommit,163400,
2041,GasAndEventFinalize,67700,
2041,ReplicationProjection,212400,
2041,SnapshotHashMetrics,1100,
2041,EgressPublish,18712700,
2042,IngressCapture,5500,
2042,DecodeAndCanonicalize,300,
2042,ApplyInputs,476000,
2042,ProcessorPlan,40100,
2042,CrossWorldPrepare,500,
2042,NativeJobBarrier,100,
2042,CommitDecision,100,
2042,VoxelCommit,1000,
2042,EcsCommandBufferCommit,139200,
2042,GasAndEventFinalize,30800,
2042,ReplicationProjection,139600,
2042,SnapshotHashMetrics,300,
2042,EgressPublish,14548800,
2043,IngressCapture,5300,
2043,DecodeAndCanonicalize,300,
2043,ApplyInputs,363300,
2043,ProcessorPlan,75200,
2043,CrossWorldPrepare,1100,
2043,NativeJobBarrier,800,
2043,CommitDecision,200,
2043,VoxelCommit,1600,
2043,EcsCommandBufferCommit,233000,
2043,GasAndEventFinalize,84800,
2043,ReplicationProjection,230100,
2043,SnapshotHashMetrics,900,
2043,EgressPublish,17013600,
2044,IngressCapture,5800,
2044,DecodeAndCanonicalize,300,
2044,ApplyInputs,517700,
2044,ProcessorPlan,69300,
2044,CrossWorldPrepare,500,
2044,NativeJobBarrier,400,
2044,CommitDecision,500,
2044,VoxelCommit,2100,
2044,EcsCommandBufferCommit,196300,
2044,GasAndEventFinalize,92500,
2044,ReplicationProjection,261700,
2044,SnapshotHashMetrics,800,
2044,EgressPublish,17484500,
2045,IngressCapture,4400,
2045,DecodeAndCanonicalize,300,
2045,ApplyInputs,733400,
2045,ProcessorPlan,148500,
2045,CrossWorldPrepare,800,
2045,NativeJobBarrier,200,
2045,CommitDecision,200,
2045,VoxelCommit,1000,
2045,EcsCommandBufferCommit,184300,
2045,GasAndEventFinalize,97500,
2045,ReplicationProjection,214900,
2045,SnapshotHashMetrics,800,
2045,EgressPublish,16385200,
2046,IngressCapture,6400,
2046,DecodeAndCanonicalize,200,
2046,ApplyInputs,328600,
2046,ProcessorPlan,62300,
2046,CrossWorldPrepare,600,
2046,NativeJobBarrier,300,
2046,CommitDecision,400,
2046,VoxelCommit,800,
2046,EcsCommandBufferCommit,263900,
2046,GasAndEventFinalize,80000,
2046,ReplicationProjection,219700,
2046,SnapshotHashMetrics,700,
2046,EgressPublish,15604700,
2047,IngressCapture,5400,
2047,DecodeAndCanonicalize,300,
2047,ApplyInputs,417200,
2047,ProcessorPlan,60800,
2047,CrossWorldPrepare,600,
2047,NativeJobBarrier,600,
2047,CommitDecision,200,
2047,VoxelCommit,800,
2047,EcsCommandBufferCommit,165700,
2047,GasAndEventFinalize,57800,
2047,ReplicationProjection,207600,
2047,SnapshotHashMetrics,600,
2047,EgressPublish,15427500,
2048,IngressCapture,5100,
2048,DecodeAndCanonicalize,200,
2048,ApplyInputs,390400,
2048,ProcessorPlan,74700,
2048,CrossWorldPrepare,600,
2048,NativeJobBarrier,300,
2048,CommitDecision,300,
2048,VoxelCommit,1700,
2048,EcsCommandBufferCommit,193400,
2048,GasAndEventFinalize,81200,
2048,ReplicationProjection,215800,
2048,SnapshotHashMetrics,700,
2048,EgressPublish,15719100,
2049,IngressCapture,4800,
2049,DecodeAndCanonicalize,200,
2049,ApplyInputs,435600,
2049,ProcessorPlan,56100,
2049,CrossWorldPrepare,500,
2049,NativeJobBarrier,200,
2049,CommitDecision,200,
2049,VoxelCommit,1100,
2049,EcsCommandBufferCommit,165800,
2049,GasAndEventFinalize,64600,
2049,ReplicationProjection,230600,
2049,SnapshotHashMetrics,1200,
2049,EgressPublish,15404100,
2050,IngressCapture,3800,
2050,DecodeAndCanonicalize,200,
2050,ApplyInputs,255200,
2050,ProcessorPlan,36600,
2050,CrossWorldPrepare,800,
2050,NativeJobBarrier,200,
2050,CommitDecision,200,
2050,VoxelCommit,700,
2050,EcsCommandBufferCommit,156700,
2050,GasAndEventFinalize,68400,
2050,ReplicationProjection,143900,
2050,SnapshotHashMetrics,200,
2050,EgressPublish,9283500,
2051,IngressCapture,6800,
2051,DecodeAndCanonicalize,200,
2051,ApplyInputs,248000,
2051,ProcessorPlan,39400,
2051,CrossWorldPrepare,500,
2051,NativeJobBarrier,200,
2051,CommitDecision,300,
2051,VoxelCommit,1000,
2051,EcsCommandBufferCommit,134300,
2051,GasAndEventFinalize,40400,
2051,ReplicationProjection,126100,
2051,SnapshotHashMetrics,200,
2051,EgressPublish,10676800,
2052,IngressCapture,3800,
2052,DecodeAndCanonicalize,300,
2052,ApplyInputs,310900,
2052,ProcessorPlan,49900,
2052,CrossWorldPrepare,400,
2052,NativeJobBarrier,200,
2052,CommitDecision,200,
2052,VoxelCommit,900,
2052,EcsCommandBufferCommit,150300,
2052,GasAndEventFinalize,52100,
2052,ReplicationProjection,197400,
2052,SnapshotHashMetrics,400,
2052,EgressPublish,12059200,
2053,IngressCapture,5300,
2053,DecodeAndCanonicalize,200,
2053,ApplyInputs,349700,
2053,ProcessorPlan,85100,
2053,CrossWorldPrepare,1100,
2053,NativeJobBarrier,500,
2053,CommitDecision,700,
2053,VoxelCommit,1400,
2053,EcsCommandBufferCommit,208900,
2053,GasAndEventFinalize,72500,
2053,ReplicationProjection,221500,
2053,SnapshotHashMetrics,300,
2053,EgressPublish,13222700,
2054,IngressCapture,3100,
2054,DecodeAndCanonicalize,200,
2054,ApplyInputs,524800,
2054,ProcessorPlan,51700,
2054,CrossWorldPrepare,400,
2054,NativeJobBarrier,300,
2054,CommitDecision,300,
2054,VoxelCommit,700,
2054,EcsCommandBufferCommit,123700,
2054,GasAndEventFinalize,63700,
2054,ReplicationProjection,193100,
2054,SnapshotHashMetrics,200,
2054,EgressPublish,14602800,
2055,IngressCapture,5600,
2055,DecodeAndCanonicalize,300,
2055,ApplyInputs,415800,
2055,ProcessorPlan,59300,
2055,CrossWorldPrepare,700,
2055,NativeJobBarrier,200,
2055,CommitDecision,600,
2055,VoxelCommit,1200,
2055,EcsCommandBufferCommit,196100,
2055,GasAndEventFinalize,65900,
2055,ReplicationProjection,207700,
2055,SnapshotHashMetrics,700,
2055,EgressPublish,14211700,
2056,IngressCapture,5300,
2056,DecodeAndCanonicalize,200,
2056,ApplyInputs,329200,
2056,ProcessorPlan,61900,
2056,CrossWorldPrepare,500,
2056,NativeJobBarrier,200,
2056,CommitDecision,300,
2056,VoxelCommit,1100,
2056,EcsCommandBufferCommit,186500,
2056,GasAndEventFinalize,61100,
2056,ReplicationProjection,216700,
2056,SnapshotHashMetrics,400,
2056,EgressPublish,15745300,
2057,IngressCapture,3300,
2057,DecodeAndCanonicalize,200,
2057,ApplyInputs,778000,
2057,ProcessorPlan,68200,
2057,CrossWorldPrepare,600,
2057,NativeJobBarrier,400,
2057,CommitDecision,300,
2057,VoxelCommit,700,
2057,EcsCommandBufferCommit,158500,
2057,GasAndEventFinalize,59800,
2057,ReplicationProjection,205500,
2057,SnapshotHashMetrics,500,
2057,EgressPublish,24013900,
2058,IngressCapture,5900,
2058,DecodeAndCanonicalize,300,
2058,ApplyInputs,423100,
2058,ProcessorPlan,62100,
2058,CrossWorldPrepare,700,
2058,NativeJobBarrier,400,
2058,CommitDecision,200,
2058,VoxelCommit,1500,
2058,EcsCommandBufferCommit,238700,
2058,GasAndEventFinalize,189500,
2058,ReplicationProjection,272600,
2058,SnapshotHashMetrics,500,
2058,EgressPublish,19140900,
2059,IngressCapture,5600,
2059,DecodeAndCanonicalize,200,
2059,ApplyInputs,460400,
2059,ProcessorPlan,57300,
2059,CrossWorldPrepare,600,
2059,NativeJobBarrier,200,
2059,CommitDecision,700,
2059,VoxelCommit,900,
2059,EcsCommandBufferCommit,277400,
2059,GasAndEventFinalize,89600,
2059,ReplicationProjection,224200,
2059,SnapshotHashMetrics,700,
2059,EgressPublish,19564100,
2060,IngressCapture,5500,
2060,DecodeAndCanonicalize,300,
2060,ApplyInputs,468300,
2060,ProcessorPlan,56300,
2060,CrossWorldPrepare,500,
2060,NativeJobBarrier,200,
2060,CommitDecision,900,
2060,VoxelCommit,800,
2060,EcsCommandBufferCommit,177000,
2060,GasAndEventFinalize,57500,
2060,ReplicationProjection,239400,
2060,SnapshotHashMetrics,700,
2060,EgressPublish,15225600,
2061,IngressCapture,5400,
2061,DecodeAndCanonicalize,200,
2061,ApplyInputs,442700,
2061,ProcessorPlan,69700,
2061,CrossWorldPrepare,1100,
2061,NativeJobBarrier,200,
2061,CommitDecision,400,
2061,VoxelCommit,700,
2061,EcsCommandBufferCommit,173200,
2061,GasAndEventFinalize,53000,
2061,ReplicationProjection,202900,
2061,SnapshotHashMetrics,400,
2061,EgressPublish,14814500,
2062,IngressCapture,4100,
2062,DecodeAndCanonicalize,300,
2062,ApplyInputs,786400,
2062,ProcessorPlan,85300,
2062,CrossWorldPrepare,1100,
2062,NativeJobBarrier,200,
2062,CommitDecision,600,
2062,VoxelCommit,1700,
2062,EcsCommandBufferCommit,222600,
2062,GasAndEventFinalize,94500,
2062,ReplicationProjection,267100,
2062,SnapshotHashMetrics,1200,
2062,EgressPublish,13544800,
2063,IngressCapture,4200,
2063,DecodeAndCanonicalize,300,
2063,ApplyInputs,361600,
2063,ProcessorPlan,33300,
2063,CrossWorldPrepare,400,
2063,NativeJobBarrier,200,
2063,CommitDecision,200,
2063,VoxelCommit,500,
2063,EcsCommandBufferCommit,96000,
2063,GasAndEventFinalize,21400,
2063,ReplicationProjection,114600,
2063,SnapshotHashMetrics,300,
2063,EgressPublish,11196700,
2064,IngressCapture,3500,
2064,DecodeAndCanonicalize,1000,
2064,ApplyInputs,187600,
2064,ProcessorPlan,37000,
2064,CrossWorldPrepare,400,
2064,NativeJobBarrier,200,
2064,CommitDecision,200,
2064,VoxelCommit,800,
2064,EcsCommandBufferCommit,139200,
2064,GasAndEventFinalize,41100,
2064,ReplicationProjection,119600,
2064,SnapshotHashMetrics,200,
2064,EgressPublish,9520200,
2065,IngressCapture,3200,
2065,DecodeAndCanonicalize,200,
2065,ApplyInputs,244300,
2065,ProcessorPlan,39000,
2065,CrossWorldPrepare,400,
2065,NativeJobBarrier,200,
2065,CommitDecision,100,
2065,VoxelCommit,600,
2065,EcsCommandBufferCommit,179600,
2065,GasAndEventFinalize,47500,
2065,ReplicationProjection,130200,
2065,SnapshotHashMetrics,300,
2065,EgressPublish,10667800,
2066,IngressCapture,2600,
2066,DecodeAndCanonicalize,100,
2066,ApplyInputs,176800,
2066,ProcessorPlan,36900,
2066,CrossWorldPrepare,600,
2066,NativeJobBarrier,300,
2066,CommitDecision,200,
2066,VoxelCommit,800,
2066,EcsCommandBufferCommit,123900,
2066,GasAndEventFinalize,45900,
2066,ReplicationProjection,123200,
2066,SnapshotHashMetrics,300,
2066,EgressPublish,10506900,
2067,IngressCapture,3300,
2067,DecodeAndCanonicalize,100,
2067,ApplyInputs,213200,
2067,ProcessorPlan,32200,
2067,CrossWorldPrepare,300,
2067,NativeJobBarrier,200,
2067,CommitDecision,200,
2067,VoxelCommit,500,
2067,EcsCommandBufferCommit,118000,
2067,GasAndEventFinalize,38100,
2067,ReplicationProjection,119600,
2067,SnapshotHashMetrics,400,
2067,EgressPublish,12293300,
2068,IngressCapture,4900,
2068,DecodeAndCanonicalize,200,
2068,ApplyInputs,234900,
2068,ProcessorPlan,32200,
2068,CrossWorldPrepare,400,
2068,NativeJobBarrier,200,
2068,CommitDecision,100,
2068,VoxelCommit,400,
2068,EcsCommandBufferCommit,88400,
2068,GasAndEventFinalize,28800,
2068,ReplicationProjection,109200,
2068,SnapshotHashMetrics,400,
2068,EgressPublish,13453700,
2069,IngressCapture,4900,
2069,DecodeAndCanonicalize,200,
2069,ApplyInputs,348300,
2069,ProcessorPlan,61200,
2069,CrossWorldPrepare,500,
2069,NativeJobBarrier,200,
2069,CommitDecision,300,
2069,VoxelCommit,1100,
2069,EcsCommandBufferCommit,139300,
2069,GasAndEventFinalize,52800,
2069,ReplicationProjection,166900,
2069,SnapshotHashMetrics,300,
2069,EgressPublish,10135500,
2070,IngressCapture,3100,
2070,DecodeAndCanonicalize,200,
2070,ApplyInputs,436800,
2070,ProcessorPlan,36600,
2070,CrossWorldPrepare,400,
2070,NativeJobBarrier,100,
2070,CommitDecision,100,
2070,VoxelCommit,500,
2070,EcsCommandBufferCommit,108100,
2070,GasAndEventFinalize,46900,
2070,ReplicationProjection,119600,
2070,SnapshotHashMetrics,200,
2070,EgressPublish,14318400,
2071,IngressCapture,5400,
2071,DecodeAndCanonicalize,200,
2071,ApplyInputs,457500,
2071,ProcessorPlan,68000,
2071,CrossWorldPrepare,700,
2071,NativeJobBarrier,200,
2071,CommitDecision,200,
2071,VoxelCommit,900,
2071,EcsCommandBufferCommit,837200,
2071,GasAndEventFinalize,88100,
2071,ReplicationProjection,847100,
2071,SnapshotHashMetrics,500,
2071,EgressPublish,14865200,
2072,IngressCapture,4700,
2072,DecodeAndCanonicalize,200,
2072,ApplyInputs,334900,
2072,ProcessorPlan,37100,
2072,CrossWorldPrepare,400,
2072,NativeJobBarrier,200,
2072,CommitDecision,200,
2072,VoxelCommit,900,
2072,EcsCommandBufferCommit,132800,
2072,GasAndEventFinalize,39700,
2072,ReplicationProjection,117300,
2072,SnapshotHashMetrics,200,
2072,EgressPublish,11925400,
2073,IngressCapture,4300,
2073,DecodeAndCanonicalize,300,
2073,ApplyInputs,421400,
2073,ProcessorPlan,58800,
2073,CrossWorldPrepare,1000,
2073,NativeJobBarrier,200,
2073,CommitDecision,300,
2073,VoxelCommit,1000,
2073,EcsCommandBufferCommit,184500,
2073,GasAndEventFinalize,86400,
2073,ReplicationProjection,235200,
2073,SnapshotHashMetrics,700,
2073,EgressPublish,13394600,
2074,IngressCapture,4600,
2074,DecodeAndCanonicalize,300,
2074,ApplyInputs,325300,
2074,ProcessorPlan,64500,
2074,CrossWorldPrepare,600,
2074,NativeJobBarrier,700,
2074,CommitDecision,300,
2074,VoxelCommit,800,
2074,EcsCommandBufferCommit,144500,
2074,GasAndEventFinalize,44000,
2074,ReplicationProjection,188900,
2074,SnapshotHashMetrics,300,
2074,EgressPublish,10613900,
2075,IngressCapture,2700,
2075,DecodeAndCanonicalize,200,
2075,ApplyInputs,227200,
2075,ProcessorPlan,36400,
2075,CrossWorldPrepare,400,
2075,NativeJobBarrier,200,
2075,CommitDecision,200,
2075,VoxelCommit,900,
2075,EcsCommandBufferCommit,543500,
2075,GasAndEventFinalize,62300,
2075,ReplicationProjection,152100,
2075,SnapshotHashMetrics,200,
2075,EgressPublish,10567600,
2076,IngressCapture,2800,
2076,DecodeAndCanonicalize,200,
2076,ApplyInputs,207500,
2076,ProcessorPlan,32200,
2076,CrossWorldPrepare,400,
2076,NativeJobBarrier,200,
2076,CommitDecision,100,
2076,VoxelCommit,500,
2076,EcsCommandBufferCommit,89100,
2076,GasAndEventFinalize,28400,
2076,ReplicationProjection,107800,
2076,SnapshotHashMetrics,200,
2076,EgressPublish,8466100,
2077,IngressCapture,4100,
2077,DecodeAndCanonicalize,100,
2077,ApplyInputs,361700,
2077,ProcessorPlan,74600,
2077,CrossWorldPrepare,1200,
2077,NativeJobBarrier,500,
2077,CommitDecision,500,
2077,VoxelCommit,1800,
2077,EcsCommandBufferCommit,243400,
2077,GasAndEventFinalize,94400,
2077,ReplicationProjection,199400,
2077,SnapshotHashMetrics,800,
2077,EgressPublish,13148500,
2078,IngressCapture,3500,
2078,DecodeAndCanonicalize,200,
2078,ApplyInputs,667500,
2078,ProcessorPlan,33600,
2078,CrossWorldPrepare,300,
2078,NativeJobBarrier,100,
2078,CommitDecision,200,
2078,VoxelCommit,800,
2078,EcsCommandBufferCommit,106200,
2078,GasAndEventFinalize,51000,
2078,ReplicationProjection,115600,
2078,SnapshotHashMetrics,300,
2078,EgressPublish,14775700,
2079,IngressCapture,3700,
2079,DecodeAndCanonicalize,100,
2079,ApplyInputs,389500,
2079,ProcessorPlan,55500,
2079,CrossWorldPrepare,500,
2079,NativeJobBarrier,200,
2079,CommitDecision,400,
2079,VoxelCommit,700,
2079,EcsCommandBufferCommit,154100,
2079,GasAndEventFinalize,53600,
2079,ReplicationProjection,194800,
2079,SnapshotHashMetrics,600,
2079,EgressPublish,9846900,
2080,IngressCapture,3500,
2080,DecodeAndCanonicalize,200,
2080,ApplyInputs,261000,
2080,ProcessorPlan,39000,
2080,CrossWorldPrepare,300,
2080,NativeJobBarrier,200,
2080,CommitDecision,300,
2080,VoxelCommit,700,
2080,EcsCommandBufferCommit,105500,
2080,GasAndEventFinalize,33400,
2080,ReplicationProjection,110900,
2080,SnapshotHashMetrics,300,
2080,EgressPublish,11532800,
2081,IngressCapture,2900,
2081,DecodeAndCanonicalize,200,
2081,ApplyInputs,183800,
2081,ProcessorPlan,36000,
2081,CrossWorldPrepare,700,
2081,NativeJobBarrier,200,
2081,CommitDecision,400,
2081,VoxelCommit,500,
2081,EcsCommandBufferCommit,100700,
2081,GasAndEventFinalize,30700,
2081,ReplicationProjection,109400,
2081,SnapshotHashMetrics,200,
2081,EgressPublish,9435600,
2082,IngressCapture,3500,
2082,DecodeAndCanonicalize,100,
2082,ApplyInputs,235100,
2082,ProcessorPlan,35600,
2082,CrossWorldPrepare,400,
2082,NativeJobBarrier,200,
2082,CommitDecision,200,
2082,VoxelCommit,500,
2082,EcsCommandBufferCommit,116900,
2082,GasAndEventFinalize,33900,
2082,ReplicationProjection,107200,
2082,SnapshotHashMetrics,200,
2082,EgressPublish,9406400,
2083,IngressCapture,4400,
2083,DecodeAndCanonicalize,200,
2083,ApplyInputs,260300,
2083,ProcessorPlan,39300,
2083,CrossWorldPrepare,500,
2083,NativeJobBarrier,200,
2083,CommitDecision,400,
2083,VoxelCommit,1400,
2083,EcsCommandBufferCommit,133300,
2083,GasAndEventFinalize,42700,
2083,ReplicationProjection,111200,
2083,SnapshotHashMetrics,600,
2083,EgressPublish,10801600,
2084,IngressCapture,3100,
2084,DecodeAndCanonicalize,300,
2084,ApplyInputs,234200,
2084,ProcessorPlan,38400,
2084,CrossWorldPrepare,500,
2084,NativeJobBarrier,200,
2084,CommitDecision,100,
2084,VoxelCommit,600,
2084,EcsCommandBufferCommit,98900,
2084,GasAndEventFinalize,33200,
2084,ReplicationProjection,108300,
2084,SnapshotHashMetrics,200,
2084,EgressPublish,9575300,
2085,IngressCapture,3100,
2085,DecodeAndCanonicalize,200,
2085,ApplyInputs,217400,
2085,ProcessorPlan,101700,
2085,CrossWorldPrepare,400,
2085,NativeJobBarrier,200,
2085,CommitDecision,100,
2085,VoxelCommit,400,
2085,EcsCommandBufferCommit,101100,
2085,GasAndEventFinalize,40300,
2085,ReplicationProjection,117700,
2085,SnapshotHashMetrics,100,
2085,EgressPublish,11019800,
2086,IngressCapture,3300,
2086,DecodeAndCanonicalize,200,
2086,ApplyInputs,365300,
2086,ProcessorPlan,50700,
2086,CrossWorldPrepare,400,
2086,NativeJobBarrier,200,
2086,CommitDecision,600,
2086,VoxelCommit,600,
2086,EcsCommandBufferCommit,144200,
2086,GasAndEventFinalize,52100,
2086,ReplicationProjection,179500,
2086,SnapshotHashMetrics,400,
2086,EgressPublish,11952200,
2087,IngressCapture,3500,
2087,DecodeAndCanonicalize,200,
2087,ApplyInputs,245500,
2087,ProcessorPlan,34600,
2087,CrossWorldPrepare,300,
2087,NativeJobBarrier,100,
2087,CommitDecision,300,
2087,VoxelCommit,800,
2087,EcsCommandBufferCommit,120800,
2087,GasAndEventFinalize,36900,
2087,ReplicationProjection,105900,
2087,SnapshotHashMetrics,500,
2087,EgressPublish,9956200,
2088,IngressCapture,5000,
2088,DecodeAndCanonicalize,200,
2088,ApplyInputs,283400,
2088,ProcessorPlan,60600,
2088,CrossWorldPrepare,500,
2088,NativeJobBarrier,200,
2088,CommitDecision,400,
2088,VoxelCommit,1200,
2088,EcsCommandBufferCommit,658400,
2088,GasAndEventFinalize,54100,
2088,ReplicationProjection,718200,
2088,SnapshotHashMetrics,600,
2088,EgressPublish,12040900,
2089,IngressCapture,7500,
2089,DecodeAndCanonicalize,200,
2089,ApplyInputs,254500,
2089,ProcessorPlan,34900,
2089,CrossWorldPrepare,300,
2089,NativeJobBarrier,200,
2089,CommitDecision,200,
2089,VoxelCommit,500,
2089,EcsCommandBufferCommit,112200,
2089,GasAndEventFinalize,35100,
2089,ReplicationProjection,125100,
2089,SnapshotHashMetrics,500,
2089,EgressPublish,9858800,
2090,IngressCapture,3200,
2090,DecodeAndCanonicalize,200,
2090,ApplyInputs,162900,
2090,ProcessorPlan,33300,
2090,CrossWorldPrepare,500,
2090,NativeJobBarrier,100,
2090,CommitDecision,300,
2090,VoxelCommit,600,
2090,EcsCommandBufferCommit,98400,
2090,GasAndEventFinalize,33800,
2090,ReplicationProjection,110000,
2090,SnapshotHashMetrics,300,
2090,EgressPublish,9244500,
2091,IngressCapture,2700,
2091,DecodeAndCanonicalize,100,
2091,ApplyInputs,201700,
2091,ProcessorPlan,32100,
2091,CrossWorldPrepare,500,
2091,NativeJobBarrier,200,
2091,CommitDecision,200,
2091,VoxelCommit,600,
2091,EcsCommandBufferCommit,103000,
2091,GasAndEventFinalize,32200,
2091,ReplicationProjection,109800,
2091,SnapshotHashMetrics,300,
2091,EgressPublish,9254700,
2092,IngressCapture,3500,
2092,DecodeAndCanonicalize,100,
2092,ApplyInputs,259700,
2092,ProcessorPlan,38000,
2092,CrossWorldPrepare,400,
2092,NativeJobBarrier,200,
2092,CommitDecision,200,
2092,VoxelCommit,500,
2092,EcsCommandBufferCommit,131200,
2092,GasAndEventFinalize,44500,
2092,ReplicationProjection,122000,
2092,SnapshotHashMetrics,200,
2092,EgressPublish,9341900,
2093,IngressCapture,3600,
2093,DecodeAndCanonicalize,300,
2093,ApplyInputs,487100,
2093,ProcessorPlan,140600,
2093,CrossWorldPrepare,800,
2093,NativeJobBarrier,200,
2093,CommitDecision,200,
2093,VoxelCommit,1100,
2093,EcsCommandBufferCommit,142300,
2093,GasAndEventFinalize,72100,
2093,ReplicationProjection,177300,
2093,SnapshotHashMetrics,500,
2093,EgressPublish,10850700,
2094,IngressCapture,3700,
2094,DecodeAndCanonicalize,400,
2094,ApplyInputs,270400,
2094,ProcessorPlan,36900,
2094,CrossWorldPrepare,400,
2094,NativeJobBarrier,200,
2094,CommitDecision,200,
2094,VoxelCommit,900,
2094,EcsCommandBufferCommit,119100,
2094,GasAndEventFinalize,39200,
2094,ReplicationProjection,115100,
2094,SnapshotHashMetrics,200,
2094,EgressPublish,9383500,
2095,IngressCapture,4200,
2095,DecodeAndCanonicalize,200,
2095,ApplyInputs,280900,
2095,ProcessorPlan,60600,
2095,CrossWorldPrepare,800,
2095,NativeJobBarrier,200,
2095,CommitDecision,400,
2095,VoxelCommit,900,
2095,EcsCommandBufferCommit,156800,
2095,GasAndEventFinalize,65100,
2095,ReplicationProjection,189800,
2095,SnapshotHashMetrics,500,
2095,EgressPublish,11115700,
2096,IngressCapture,4900,
2096,DecodeAndCanonicalize,400,
2096,ApplyInputs,544000,
2096,ProcessorPlan,80800,
2096,CrossWorldPrepare,600,
2096,NativeJobBarrier,500,
2096,CommitDecision,200,
2096,VoxelCommit,1400,
2096,EcsCommandBufferCommit,179800,
2096,GasAndEventFinalize,57800,
2096,ReplicationProjection,199700,
2096,SnapshotHashMetrics,700,
2096,EgressPublish,13305900,
2097,IngressCapture,4200,
2097,DecodeAndCanonicalize,200,
2097,ApplyInputs,430900,
2097,ProcessorPlan,66400,
2097,CrossWorldPrepare,600,
2097,NativeJobBarrier,100,
2097,CommitDecision,200,
2097,VoxelCommit,1300,
2097,EcsCommandBufferCommit,241500,
2097,GasAndEventFinalize,77600,
2097,ReplicationProjection,188300,
2097,SnapshotHashMetrics,200,
2097,EgressPublish,13038400,
2098,IngressCapture,4800,
2098,DecodeAndCanonicalize,200,
2098,ApplyInputs,406000,
2098,ProcessorPlan,64000,
2098,CrossWorldPrepare,600,
2098,NativeJobBarrier,300,
2098,CommitDecision,200,
2098,VoxelCommit,800,
2098,EcsCommandBufferCommit,1425500,
2098,GasAndEventFinalize,147600,
2098,ReplicationProjection,2646400,
2098,SnapshotHashMetrics,800,
2098,EgressPublish,17026000,
2099,IngressCapture,3500,
2099,DecodeAndCanonicalize,200,
2099,ApplyInputs,463000,
2099,ProcessorPlan,56200,
2099,CrossWorldPrepare,700,
2099,NativeJobBarrier,300,
2099,CommitDecision,200,
2099,VoxelCommit,1300,
2099,EcsCommandBufferCommit,234900,
2099,GasAndEventFinalize,88400,
2099,ReplicationProjection,216700,
2099,SnapshotHashMetrics,700,
2099,EgressPublish,16394600,
2100,IngressCapture,4700,
2100,DecodeAndCanonicalize,500,
2100,ApplyInputs,318500,
2100,ProcessorPlan,68000,
2100,CrossWorldPrepare,1000,
2100,NativeJobBarrier,200,
2100,CommitDecision,200,
2100,VoxelCommit,1200,
2100,EcsCommandBufferCommit,207700,
2100,GasAndEventFinalize,70000,
2100,ReplicationProjection,219300,
2100,SnapshotHashMetrics,700,
2100,EgressPublish,16356800,
2101,IngressCapture,5000,
2101,DecodeAndCanonicalize,200,
2101,ApplyInputs,878300,
2101,ProcessorPlan,240800,
2101,CrossWorldPrepare,2000,
2101,NativeJobBarrier,300,
2101,CommitDecision,200,
2101,VoxelCommit,1500,
2101,EcsCommandBufferCommit,259800,
2101,GasAndEventFinalize,122100,
2101,ReplicationProjection,258600,
2101,SnapshotHashMetrics,1000,
2101,EgressPublish,17243700,
2102,IngressCapture,5600,
2102,DecodeAndCanonicalize,200,
2102,ApplyInputs,431200,
2102,ProcessorPlan,59300,
2102,CrossWorldPrepare,800,
2102,NativeJobBarrier,200,
2102,CommitDecision,200,
2102,VoxelCommit,1100,
2102,EcsCommandBufferCommit,201000,
2102,GasAndEventFinalize,62200,
2102,ReplicationProjection,242000,
2102,SnapshotHashMetrics,900,
2102,EgressPublish,16724400,
2103,IngressCapture,4500,
2103,DecodeAndCanonicalize,300,
2103,ApplyInputs,336700,
2103,ProcessorPlan,74400,
2103,CrossWorldPrepare,1000,
2103,NativeJobBarrier,300,
2103,CommitDecision,300,
2103,VoxelCommit,1500,
2103,EcsCommandBufferCommit,185100,
2103,GasAndEventFinalize,66200,
2103,ReplicationProjection,202500,
2103,SnapshotHashMetrics,200,
2103,EgressPublish,17332900,
2104,IngressCapture,6300,
2104,DecodeAndCanonicalize,200,
2104,ApplyInputs,428800,
2104,ProcessorPlan,53500,
2104,CrossWorldPrepare,1100,
2104,NativeJobBarrier,200,
2104,CommitDecision,700,
2104,VoxelCommit,1100,
2104,EcsCommandBufferCommit,223500,
2104,GasAndEventFinalize,67300,
2104,ReplicationProjection,207600,
2104,SnapshotHashMetrics,600,
2104,EgressPublish,28944300,
2105,IngressCapture,4300,
2105,DecodeAndCanonicalize,300,
2105,ApplyInputs,279400,
2105,ProcessorPlan,59100,
2105,CrossWorldPrepare,1100,
2105,NativeJobBarrier,300,
2105,CommitDecision,400,
2105,VoxelCommit,1100,
2105,EcsCommandBufferCommit,185100,
2105,GasAndEventFinalize,87700,
2105,ReplicationProjection,208800,
2105,SnapshotHashMetrics,700,
2105,EgressPublish,22865700,
2106,IngressCapture,4700,
2106,DecodeAndCanonicalize,300,
2106,ApplyInputs,399900,
2106,ProcessorPlan,61900,
2106,CrossWorldPrepare,1600,
2106,NativeJobBarrier,200,
2106,CommitDecision,400,
2106,VoxelCommit,600,
2106,EcsCommandBufferCommit,242300,
2106,GasAndEventFinalize,81100,
2106,ReplicationProjection,235100,
2106,SnapshotHashMetrics,300,
2106,EgressPublish,14040600,
2107,IngressCapture,6800,
2107,DecodeAndCanonicalize,300,
2107,ApplyInputs,486200,
2107,ProcessorPlan,100100,
2107,CrossWorldPrepare,700,
2107,NativeJobBarrier,200,
2107,CommitDecision,600,
2107,VoxelCommit,1500,
2107,EcsCommandBufferCommit,223200,
2107,GasAndEventFinalize,76100,
2107,ReplicationProjection,288400,
2107,SnapshotHashMetrics,1000,
2107,EgressPublish,14251300,
2108,IngressCapture,4400,
2108,DecodeAndCanonicalize,200,
2108,ApplyInputs,396900,
2108,ProcessorPlan,53900,
2108,CrossWorldPrepare,600,
2108,NativeJobBarrier,300,
2108,CommitDecision,500,
2108,VoxelCommit,900,
2108,EcsCommandBufferCommit,206800,
2108,GasAndEventFinalize,67600,
2108,ReplicationProjection,207900,
2108,SnapshotHashMetrics,600,
2108,EgressPublish,14441700,
2109,IngressCapture,5600,
2109,DecodeAndCanonicalize,300,
2109,ApplyInputs,308200,
2109,ProcessorPlan,59500,
2109,CrossWorldPrepare,900,
2109,NativeJobBarrier,500,
2109,CommitDecision,300,
2109,VoxelCommit,900,
2109,EcsCommandBufferCommit,162100,
2109,GasAndEventFinalize,42100,
2109,ReplicationProjection,228500,
2109,SnapshotHashMetrics,300,
2109,EgressPublish,13005300,
2110,IngressCapture,5700,
2110,DecodeAndCanonicalize,200,
2110,ApplyInputs,715600,
2110,ProcessorPlan,61700,
2110,CrossWorldPrepare,1000,
2110,NativeJobBarrier,300,
2110,CommitDecision,200,
2110,VoxelCommit,600,
2110,EcsCommandBufferCommit,175100,
2110,GasAndEventFinalize,84600,
2110,ReplicationProjection,306000,
2110,SnapshotHashMetrics,500,
2110,EgressPublish,14783600,
2111,IngressCapture,2500,
2111,DecodeAndCanonicalize,200,
2111,ApplyInputs,310600,
2111,ProcessorPlan,51200,
2111,CrossWorldPrepare,400,
2111,NativeJobBarrier,200,
2111,CommitDecision,300,
2111,VoxelCommit,700,
2111,EcsCommandBufferCommit,159900,
2111,GasAndEventFinalize,60100,
2111,ReplicationProjection,237300,
2111,SnapshotHashMetrics,700,
2111,EgressPublish,16764800,
2112,IngressCapture,4000,
2112,DecodeAndCanonicalize,200,
2112,ApplyInputs,225800,
2112,ProcessorPlan,40900,
2112,CrossWorldPrepare,500,
2112,NativeJobBarrier,400,
2112,CommitDecision,200,
2112,VoxelCommit,600,
2112,EcsCommandBufferCommit,156100,
2112,GasAndEventFinalize,47800,
2112,ReplicationProjection,131300,
2112,SnapshotHashMetrics,700,
2112,EgressPublish,12518300,
2113,IngressCapture,3900,
2113,DecodeAndCanonicalize,400,
2113,ApplyInputs,379500,
2113,ProcessorPlan,57700,
2113,CrossWorldPrepare,700,
2113,NativeJobBarrier,200,
2113,CommitDecision,400,
2113,VoxelCommit,1100,
2113,EcsCommandBufferCommit,149100,
2113,GasAndEventFinalize,57600,
2113,ReplicationProjection,204400,
2113,SnapshotHashMetrics,1100,
2113,EgressPublish,14786700,
2114,IngressCapture,6400,
2114,DecodeAndCanonicalize,500,
2114,ApplyInputs,460200,
2114,ProcessorPlan,117000,
2114,CrossWorldPrepare,1300,
2114,NativeJobBarrier,300,
2114,CommitDecision,400,
2114,VoxelCommit,1700,
2114,EcsCommandBufferCommit,254000,
2114,GasAndEventFinalize,101000,
2114,ReplicationProjection,286600,
2114,SnapshotHashMetrics,1300,
2114,EgressPublish,19692800,
2115,IngressCapture,6600,
2115,DecodeAndCanonicalize,200,
2115,ApplyInputs,493400,
2115,ProcessorPlan,64800,
2115,CrossWorldPrepare,900,
2115,NativeJobBarrier,200,
2115,CommitDecision,200,
2115,VoxelCommit,1400,
2115,EcsCommandBufferCommit,331300,
2115,GasAndEventFinalize,107200,
2115,ReplicationProjection,943500,
2115,SnapshotHashMetrics,400,
2115,EgressPublish,17822300,
2116,IngressCapture,10600,
2116,DecodeAndCanonicalize,300,
2116,ApplyInputs,439700,
2116,ProcessorPlan,68400,
2116,CrossWorldPrepare,1200,
2116,NativeJobBarrier,200,
2116,CommitDecision,300,
2116,VoxelCommit,1200,
2116,EcsCommandBufferCommit,232300,
2116,GasAndEventFinalize,77700,
2116,ReplicationProjection,257800,
2116,SnapshotHashMetrics,400,
2116,EgressPublish,15731700,
2117,IngressCapture,4200,
2117,DecodeAndCanonicalize,200,
2117,ApplyInputs,342400,
2117,ProcessorPlan,64400,
2117,CrossWorldPrepare,1200,
2117,NativeJobBarrier,200,
2117,CommitDecision,400,
2117,VoxelCommit,800,
2117,EcsCommandBufferCommit,188300,
2117,GasAndEventFinalize,59500,
2117,ReplicationProjection,223900,
2117,SnapshotHashMetrics,900,
2117,EgressPublish,15606500,
2118,IngressCapture,5100,
2118,DecodeAndCanonicalize,200,
2118,ApplyInputs,739300,
2118,ProcessorPlan,67300,
2118,CrossWorldPrepare,1100,
2118,NativeJobBarrier,200,
2118,CommitDecision,200,
2118,VoxelCommit,1000,
2118,EcsCommandBufferCommit,256200,
2118,GasAndEventFinalize,112300,
2118,ReplicationProjection,235200,
2118,SnapshotHashMetrics,500,
2118,EgressPublish,15796800,
2119,IngressCapture,5800,
2119,DecodeAndCanonicalize,400,
2119,ApplyInputs,379500,
2119,ProcessorPlan,56300,
2119,CrossWorldPrepare,800,
2119,NativeJobBarrier,300,
2119,CommitDecision,400,
2119,VoxelCommit,900,
2119,EcsCommandBufferCommit,223100,
2119,GasAndEventFinalize,80500,
2119,ReplicationProjection,224300,
2119,SnapshotHashMetrics,1400,
2119,EgressPublish,15055800,
2120,IngressCapture,5100,
2120,DecodeAndCanonicalize,200,
2120,ApplyInputs,393700,
2120,ProcessorPlan,65900,
2120,CrossWorldPrepare,500,
2120,NativeJobBarrier,300,
2120,CommitDecision,600,
2120,VoxelCommit,2300,
2120,EcsCommandBufferCommit,245800,
2120,GasAndEventFinalize,92400,
2120,ReplicationProjection,224500,
2120,SnapshotHashMetrics,500,
2120,EgressPublish,17575600,
2121,IngressCapture,5600,
2121,DecodeAndCanonicalize,200,
2121,ApplyInputs,437700,
2121,ProcessorPlan,61000,
2121,CrossWorldPrepare,700,
2121,NativeJobBarrier,200,
2121,CommitDecision,200,
2121,VoxelCommit,1000,
2121,EcsCommandBufferCommit,246300,
2121,GasAndEventFinalize,85200,
2121,ReplicationProjection,277900,
2121,SnapshotHashMetrics,700,
2121,EgressPublish,19067700,
2122,IngressCapture,5300,
2122,DecodeAndCanonicalize,400,
2122,ApplyInputs,346300,
2122,ProcessorPlan,86300,
2122,CrossWorldPrepare,1300,
2122,NativeJobBarrier,300,
2122,CommitDecision,500,
2122,VoxelCommit,1500,
2122,EcsCommandBufferCommit,237600,
2122,GasAndEventFinalize,75500,
2122,ReplicationProjection,212200,
2122,SnapshotHashMetrics,700,
2122,EgressPublish,17799500,
2123,IngressCapture,7000,
2123,DecodeAndCanonicalize,300,
2123,ApplyInputs,507200,
2123,ProcessorPlan,69500,
2123,CrossWorldPrepare,700,
2123,NativeJobBarrier,100,
2123,CommitDecision,700,
2123,VoxelCommit,1000,
2123,EcsCommandBufferCommit,276100,
2123,GasAndEventFinalize,79300,
2123,ReplicationProjection,232500,
2123,SnapshotHashMetrics,700,
2123,EgressPublish,16196100,
2124,IngressCapture,4200,
2124,DecodeAndCanonicalize,200,
2124,ApplyInputs,390300,
2124,ProcessorPlan,66300,
2124,CrossWorldPrepare,1100,
2124,NativeJobBarrier,600,
2124,CommitDecision,600,
2124,VoxelCommit,1100,
2124,EcsCommandBufferCommit,232400,
2124,GasAndEventFinalize,80600,
2124,ReplicationProjection,238400,
2124,SnapshotHashMetrics,700,
2124,EgressPublish,15007600,
2125,IngressCapture,4600,
2125,DecodeAndCanonicalize,400,
2125,ApplyInputs,369800,
2125,ProcessorPlan,60200,
2125,CrossWorldPrepare,700,
2125,NativeJobBarrier,500,
2125,CommitDecision,400,
2125,VoxelCommit,1000,
2125,EcsCommandBufferCommit,222900,
2125,GasAndEventFinalize,80900,
2125,ReplicationProjection,218300,
2125,SnapshotHashMetrics,600,
2125,EgressPublish,16050200,
2126,IngressCapture,4300,
2126,DecodeAndCanonicalize,100,
2126,ApplyInputs,469000,
2126,ProcessorPlan,39400,
2126,CrossWorldPrepare,400,
2126,NativeJobBarrier,400,
2126,CommitDecision,200,
2126,VoxelCommit,800,
2126,EcsCommandBufferCommit,123200,
2126,GasAndEventFinalize,53000,
2126,ReplicationProjection,148100,
2126,SnapshotHashMetrics,300,
2126,EgressPublish,12504200,
2127,IngressCapture,5400,
2127,DecodeAndCanonicalize,200,
2127,ApplyInputs,447800,
2127,ProcessorPlan,84300,
2127,CrossWorldPrepare,1200,
2127,NativeJobBarrier,200,
2127,CommitDecision,400,
2127,VoxelCommit,1000,
2127,EcsCommandBufferCommit,235900,
2127,GasAndEventFinalize,74400,
2127,ReplicationProjection,241800,
2127,SnapshotHashMetrics,500,
2127,EgressPublish,16658300,
2128,IngressCapture,4400,
2128,DecodeAndCanonicalize,300,
2128,ApplyInputs,393400,
2128,ProcessorPlan,51900,
2128,CrossWorldPrepare,800,
2128,NativeJobBarrier,300,
2128,CommitDecision,500,
2128,VoxelCommit,900,
2128,EcsCommandBufferCommit,252400,
2128,GasAndEventFinalize,74100,
2128,ReplicationProjection,248900,
2128,SnapshotHashMetrics,800,
2128,EgressPublish,15065000,
2129,IngressCapture,4100,
2129,DecodeAndCanonicalize,200,
2129,ApplyInputs,288600,
2129,ProcessorPlan,39600,
2129,CrossWorldPrepare,500,
2129,NativeJobBarrier,100,
2129,CommitDecision,700,
2129,VoxelCommit,600,
2129,EcsCommandBufferCommit,161100,
2129,GasAndEventFinalize,67500,
2129,ReplicationProjection,154800,
2129,SnapshotHashMetrics,200,
2129,EgressPublish,11479300,
2130,IngressCapture,6500,
2130,DecodeAndCanonicalize,200,
2130,ApplyInputs,430700,
2130,ProcessorPlan,68700,
2130,CrossWorldPrepare,1100,
2130,NativeJobBarrier,400,
2130,CommitDecision,100,
2130,VoxelCommit,1000,
2130,EcsCommandBufferCommit,240200,
2130,GasAndEventFinalize,72500,
2130,ReplicationProjection,236100,
2130,SnapshotHashMetrics,500,
2130,EgressPublish,19424200,
2131,IngressCapture,3700,
2131,DecodeAndCanonicalize,100,
2131,ApplyInputs,312300,
2131,ProcessorPlan,35700,
2131,CrossWorldPrepare,400,
2131,NativeJobBarrier,700,
2131,CommitDecision,200,
2131,VoxelCommit,400,
2131,EcsCommandBufferCommit,138600,
2131,GasAndEventFinalize,56900,
2131,ReplicationProjection,157300,
2131,SnapshotHashMetrics,400,
2131,EgressPublish,12792800,
2132,IngressCapture,11200,
2132,DecodeAndCanonicalize,200,
2132,ApplyInputs,393200,
2132,ProcessorPlan,70600,
2132,CrossWorldPrepare,800,
2132,NativeJobBarrier,200,
2132,CommitDecision,400,
2132,VoxelCommit,1600,
2132,EcsCommandBufferCommit,247300,
2132,GasAndEventFinalize,66200,
2132,ReplicationProjection,249400,
2132,SnapshotHashMetrics,1100,
2132,EgressPublish,17928600,
2133,IngressCapture,4200,
2133,DecodeAndCanonicalize,200,
2133,ApplyInputs,388700,
2133,ProcessorPlan,55300,
2133,CrossWorldPrepare,400,
2133,NativeJobBarrier,200,
2133,CommitDecision,400,
2133,VoxelCommit,1100,
2133,EcsCommandBufferCommit,275400,
2133,GasAndEventFinalize,76800,
2133,ReplicationProjection,308700,
2133,SnapshotHashMetrics,400,
2133,EgressPublish,11356500,
2134,IngressCapture,3400,
2134,DecodeAndCanonicalize,200,
2134,ApplyInputs,454100,
2134,ProcessorPlan,40100,
2134,CrossWorldPrepare,400,
2134,NativeJobBarrier,100,
2134,CommitDecision,100,
2134,VoxelCommit,600,
2134,EcsCommandBufferCommit,146400,
2134,GasAndEventFinalize,58200,
2134,ReplicationProjection,165000,
2134,SnapshotHashMetrics,500,
2134,EgressPublish,14943700,
2135,IngressCapture,5000,
2135,DecodeAndCanonicalize,200,
2135,ApplyInputs,330700,
2135,ProcessorPlan,55700,
2135,CrossWorldPrepare,700,
2135,NativeJobBarrier,200,
2135,CommitDecision,200,
2135,VoxelCommit,600,
2135,EcsCommandBufferCommit,158600,
2135,GasAndEventFinalize,81400,
2135,ReplicationProjection,286600,
2135,SnapshotHashMetrics,400,
2135,EgressPublish,16242100,
2136,IngressCapture,4100,
2136,DecodeAndCanonicalize,200,
2136,ApplyInputs,272800,
2136,ProcessorPlan,40300,
2136,CrossWorldPrepare,400,
2136,NativeJobBarrier,200,
2136,CommitDecision,200,
2136,VoxelCommit,600,
2136,EcsCommandBufferCommit,128900,
2136,GasAndEventFinalize,33500,
2136,ReplicationProjection,136800,
2136,SnapshotHashMetrics,200,
2136,EgressPublish,13184000,
2137,IngressCapture,3600,
2137,DecodeAndCanonicalize,200,
2137,ApplyInputs,232800,
2137,ProcessorPlan,35200,
2137,CrossWorldPrepare,300,
2137,NativeJobBarrier,100,
2137,CommitDecision,1000,
2137,VoxelCommit,800,
2137,EcsCommandBufferCommit,142300,
2137,GasAndEventFinalize,41600,
2137,ReplicationProjection,162300,
2137,SnapshotHashMetrics,300,
2137,EgressPublish,17470800,
2138,IngressCapture,7500,
2138,DecodeAndCanonicalize,200,
2138,ApplyInputs,466400,
2138,ProcessorPlan,83700,
2138,CrossWorldPrepare,1000,
2138,NativeJobBarrier,500,
2138,CommitDecision,300,
2138,VoxelCommit,1000,
2138,EcsCommandBufferCommit,177300,
2138,GasAndEventFinalize,56100,
2138,ReplicationProjection,233000,
2138,SnapshotHashMetrics,600,
2138,EgressPublish,14580900,
2139,IngressCapture,5100,
2139,DecodeAndCanonicalize,200,
2139,ApplyInputs,524900,
2139,ProcessorPlan,64500,
2139,CrossWorldPrepare,500,
2139,NativeJobBarrier,200,
2139,CommitDecision,300,
2139,VoxelCommit,700,
2139,EcsCommandBufferCommit,180900,
2139,GasAndEventFinalize,67400,
2139,ReplicationProjection,213400,
2139,SnapshotHashMetrics,1100,
2139,EgressPublish,14357000,
2140,IngressCapture,4900,
2140,DecodeAndCanonicalize,300,
2140,ApplyInputs,508200,
2140,ProcessorPlan,91500,
2140,CrossWorldPrepare,1200,
2140,NativeJobBarrier,200,
2140,CommitDecision,400,
2140,VoxelCommit,1500,
2140,EcsCommandBufferCommit,247600,
2140,GasAndEventFinalize,113500,
2140,ReplicationProjection,353900,
2140,SnapshotHashMetrics,1800,
2140,EgressPublish,14569800,
2141,IngressCapture,3900,
2141,DecodeAndCanonicalize,200,
2141,ApplyInputs,331700,
2141,ProcessorPlan,42000,
2141,CrossWorldPrepare,400,
2141,NativeJobBarrier,200,
2141,CommitDecision,700,
2141,VoxelCommit,800,
2141,EcsCommandBufferCommit,162900,
2141,GasAndEventFinalize,52600,
2141,ReplicationProjection,150300,
2141,SnapshotHashMetrics,100,
2141,EgressPublish,14790000,
2142,IngressCapture,8000,
2142,DecodeAndCanonicalize,200,
2142,ApplyInputs,697800,
2142,ProcessorPlan,39100,
2142,CrossWorldPrepare,500,
2142,NativeJobBarrier,400,
2142,CommitDecision,300,
2142,VoxelCommit,1100,
2142,EcsCommandBufferCommit,167100,
2142,GasAndEventFinalize,453400,
2142,ReplicationProjection,170700,
2142,SnapshotHashMetrics,300,
2142,EgressPublish,14525200,
2143,IngressCapture,4400,
2143,DecodeAndCanonicalize,200,
2143,ApplyInputs,419600,
2143,ProcessorPlan,70600,
2143,CrossWorldPrepare,800,
2143,NativeJobBarrier,300,
2143,CommitDecision,900,
2143,VoxelCommit,900,
2143,EcsCommandBufferCommit,219100,
2143,GasAndEventFinalize,43800,
2143,ReplicationProjection,187600,
2143,SnapshotHashMetrics,400,
2143,EgressPublish,13677900,
2144,IngressCapture,4700,
2144,DecodeAndCanonicalize,100,
2144,ApplyInputs,298200,
2144,ProcessorPlan,47400,
2144,CrossWorldPrepare,1200,
2144,NativeJobBarrier,100,
2144,CommitDecision,200,
2144,VoxelCommit,1300,
2144,EcsCommandBufferCommit,202400,
2144,GasAndEventFinalize,56200,
2144,ReplicationProjection,154000,
2144,SnapshotHashMetrics,600,
2144,EgressPublish,13420200,
2145,IngressCapture,5700,
2145,DecodeAndCanonicalize,200,
2145,ApplyInputs,331300,
2145,ProcessorPlan,52200,
2145,CrossWorldPrepare,600,
2145,NativeJobBarrier,300,
2145,CommitDecision,300,
2145,VoxelCommit,1200,
2145,EcsCommandBufferCommit,155300,
2145,GasAndEventFinalize,60600,
2145,ReplicationProjection,205500,
2145,SnapshotHashMetrics,700,
2145,EgressPublish,16167400,
2146,IngressCapture,4400,
2146,DecodeAndCanonicalize,100,
2146,ApplyInputs,501100,
2146,ProcessorPlan,85600,
2146,CrossWorldPrepare,900,
2146,NativeJobBarrier,300,
2146,CommitDecision,100,
2146,VoxelCommit,1000,
2146,EcsCommandBufferCommit,196700,
2146,GasAndEventFinalize,74500,
2146,ReplicationProjection,255300,
2146,SnapshotHashMetrics,900,
2146,EgressPublish,18031000,
2147,IngressCapture,3700,
2147,DecodeAndCanonicalize,200,
2147,ApplyInputs,391300,
2147,ProcessorPlan,52600,
2147,CrossWorldPrepare,700,
2147,NativeJobBarrier,400,
2147,CommitDecision,500,
2147,VoxelCommit,1800,
2147,EcsCommandBufferCommit,244300,
2147,GasAndEventFinalize,74600,
2147,ReplicationProjection,228100,
2147,SnapshotHashMetrics,600,
2147,EgressPublish,17231900,
2148,IngressCapture,7100,
2148,DecodeAndCanonicalize,700,
2148,ApplyInputs,504600,
2148,ProcessorPlan,69400,
2148,CrossWorldPrepare,500,
2148,NativeJobBarrier,100,
2148,CommitDecision,400,
2148,VoxelCommit,1300,
2148,EcsCommandBufferCommit,279000,
2148,GasAndEventFinalize,93400,
2148,ReplicationProjection,271400,
2148,SnapshotHashMetrics,900,
2148,EgressPublish,16525800,
2149,IngressCapture,4600,
2149,DecodeAndCanonicalize,200,
2149,ApplyInputs,314700,
2149,ProcessorPlan,61000,
2149,CrossWorldPrepare,800,
2149,NativeJobBarrier,300,
2149,CommitDecision,300,
2149,VoxelCommit,1100,
2149,EcsCommandBufferCommit,202100,
2149,GasAndEventFinalize,86000,
2149,ReplicationProjection,272600,
2149,SnapshotHashMetrics,600,
2149,EgressPublish,16029800,
2150,IngressCapture,6300,
2150,DecodeAndCanonicalize,100,
2150,ApplyInputs,505300,
2150,ProcessorPlan,35900,
2150,CrossWorldPrepare,600,
2150,NativeJobBarrier,200,
2150,CommitDecision,100,
2150,VoxelCommit,500,
2150,EcsCommandBufferCommit,134300,
2150,GasAndEventFinalize,57900,
2150,ReplicationProjection,148100,
2150,SnapshotHashMetrics,300,
2150,EgressPublish,13272700,
2151,IngressCapture,4600,
2151,DecodeAndCanonicalize,200,
2151,ApplyInputs,273200,
2151,ProcessorPlan,40400,
2151,CrossWorldPrepare,500,
2151,NativeJobBarrier,200,
2151,CommitDecision,200,
2151,VoxelCommit,500,
2151,EcsCommandBufferCommit,142300,
2151,GasAndEventFinalize,43200,
2151,ReplicationProjection,174500,
2151,SnapshotHashMetrics,400,
2151,EgressPublish,12533700,
2152,IngressCapture,3600,
2152,DecodeAndCanonicalize,200,
2152,ApplyInputs,367400,
2152,ProcessorPlan,88000,
2152,CrossWorldPrepare,1400,
2152,NativeJobBarrier,200,
2152,CommitDecision,200,
2152,VoxelCommit,1500,
2152,EcsCommandBufferCommit,204800,
2152,GasAndEventFinalize,72700,
2152,ReplicationProjection,274200,
2152,SnapshotHashMetrics,1400,
2152,EgressPublish,16814700,
2153,IngressCapture,3600,
2153,DecodeAndCanonicalize,200,
2153,ApplyInputs,243200,
2153,ProcessorPlan,37200,
2153,CrossWorldPrepare,400,
2153,NativeJobBarrier,300,
2153,CommitDecision,300,
2153,VoxelCommit,500,
2153,EcsCommandBufferCommit,129500,
2153,GasAndEventFinalize,43000,
2153,ReplicationProjection,142100,
2153,SnapshotHashMetrics,300,
2153,EgressPublish,14446800,
2154,IngressCapture,7500,
2154,DecodeAndCanonicalize,200,
2154,ApplyInputs,485600,
2154,ProcessorPlan,93900,
2154,CrossWorldPrepare,1000,
2154,NativeJobBarrier,600,
2154,CommitDecision,600,
2154,VoxelCommit,1000,
2154,EcsCommandBufferCommit,239000,
2154,GasAndEventFinalize,125100,
2154,ReplicationProjection,252300,
2154,SnapshotHashMetrics,1100,
2154,EgressPublish,15487800,
2155,IngressCapture,4900,
2155,DecodeAndCanonicalize,200,
2155,ApplyInputs,409600,
2155,ProcessorPlan,60900,
2155,CrossWorldPrepare,800,
2155,NativeJobBarrier,100,
2155,CommitDecision,200,
2155,VoxelCommit,1100,
2155,EcsCommandBufferCommit,167400,
2155,GasAndEventFinalize,60200,
2155,ReplicationProjection,194900,
2155,SnapshotHashMetrics,400,
2155,EgressPublish,13299300,
2156,IngressCapture,3700,
2156,DecodeAndCanonicalize,100,
2156,ApplyInputs,273000,
2156,ProcessorPlan,39600,
2156,CrossWorldPrepare,500,
2156,NativeJobBarrier,100,
2156,CommitDecision,100,
2156,VoxelCommit,700,
2156,EcsCommandBufferCommit,151000,
2156,GasAndEventFinalize,48500,
2156,ReplicationProjection,141700,
2156,SnapshotHashMetrics,500,
2156,EgressPublish,12755800,
2157,IngressCapture,6400,
2157,DecodeAndCanonicalize,500,
2157,ApplyInputs,391300,
2157,ProcessorPlan,72300,
2157,CrossWorldPrepare,1000,
2157,NativeJobBarrier,700,
2157,CommitDecision,600,
2157,VoxelCommit,1200,
2157,EcsCommandBufferCommit,238800,
2157,GasAndEventFinalize,66800,
2157,ReplicationProjection,225700,
2157,SnapshotHashMetrics,400,
2157,EgressPublish,11552000,
2158,IngressCapture,4300,
2158,DecodeAndCanonicalize,300,
2158,ApplyInputs,588600,
2158,ProcessorPlan,55000,
2158,CrossWorldPrepare,600,
2158,NativeJobBarrier,200,
2158,CommitDecision,500,
2158,VoxelCommit,800,
2158,EcsCommandBufferCommit,174000,
2158,GasAndEventFinalize,94400,
2158,ReplicationProjection,246700,
2158,SnapshotHashMetrics,400,
2158,EgressPublish,18491900,
2159,IngressCapture,5400,
2159,DecodeAndCanonicalize,300,
2159,ApplyInputs,365800,
2159,ProcessorPlan,69000,
2159,CrossWorldPrepare,700,
2159,NativeJobBarrier,400,
2159,CommitDecision,200,
2159,VoxelCommit,1300,
2159,EcsCommandBufferCommit,180500,
2159,GasAndEventFinalize,58900,
2159,ReplicationProjection,242000,
2159,SnapshotHashMetrics,300,
2159,EgressPublish,15183500,
2160,IngressCapture,6700,
2160,DecodeAndCanonicalize,200,
2160,ApplyInputs,486200,
2160,ProcessorPlan,50700,
2160,CrossWorldPrepare,800,
2160,NativeJobBarrier,200,
2160,CommitDecision,200,
2160,VoxelCommit,800,
2160,EcsCommandBufferCommit,177600,
2160,GasAndEventFinalize,65600,
2160,ReplicationProjection,235300,
2160,SnapshotHashMetrics,600,
2160,EgressPublish,15445800,
2161,IngressCapture,2900,
2161,DecodeAndCanonicalize,100,
2161,ApplyInputs,311400,
2161,ProcessorPlan,37300,
2161,CrossWorldPrepare,400,
2161,NativeJobBarrier,200,
2161,CommitDecision,200,
2161,VoxelCommit,500,
2161,EcsCommandBufferCommit,172900,
2161,GasAndEventFinalize,48500,
2161,ReplicationProjection,143300,
2161,SnapshotHashMetrics,300,
2161,EgressPublish,12725900,
2162,IngressCapture,5900,
2162,DecodeAndCanonicalize,200,
2162,ApplyInputs,506700,
2162,ProcessorPlan,95300,
2162,CrossWorldPrepare,900,
2162,NativeJobBarrier,500,
2162,CommitDecision,600,
2162,VoxelCommit,1600,
2162,EcsCommandBufferCommit,270800,
2162,GasAndEventFinalize,89800,
2162,ReplicationProjection,273400,
2162,SnapshotHashMetrics,700,
2162,EgressPublish,21852100,
2163,IngressCapture,6300,
2163,DecodeAndCanonicalize,200,
2163,ApplyInputs,428300,
2163,ProcessorPlan,60500,
2163,CrossWorldPrepare,900,
2163,NativeJobBarrier,400,
2163,CommitDecision,300,
2163,VoxelCommit,1400,
2163,EcsCommandBufferCommit,256300,
2163,GasAndEventFinalize,95300,
2163,ReplicationProjection,281900,
2163,SnapshotHashMetrics,700,
2163,EgressPublish,21533100,
2164,IngressCapture,4400,
2164,DecodeAndCanonicalize,600,
2164,ApplyInputs,351500,
2164,ProcessorPlan,59300,
2164,CrossWorldPrepare,1600,
2164,NativeJobBarrier,400,
2164,CommitDecision,300,
2164,VoxelCommit,1300,
2164,EcsCommandBufferCommit,236700,
2164,GasAndEventFinalize,76600,
2164,ReplicationProjection,238100,
2164,SnapshotHashMetrics,600,
2164,EgressPublish,18680700,
2165,IngressCapture,4700,
2165,DecodeAndCanonicalize,200,
2165,ApplyInputs,516700,
2165,ProcessorPlan,71100,
2165,CrossWorldPrepare,900,
2165,NativeJobBarrier,400,
2165,CommitDecision,400,
2165,VoxelCommit,800,
2165,EcsCommandBufferCommit,272900,
2165,GasAndEventFinalize,101700,
2165,ReplicationProjection,254600,
2165,SnapshotHashMetrics,400,
2165,EgressPublish,18168600,
2166,IngressCapture,3500,
2166,DecodeAndCanonicalize,200,
2166,ApplyInputs,652300,
2166,ProcessorPlan,70900,
2166,CrossWorldPrepare,600,
2166,NativeJobBarrier,1000,
2166,CommitDecision,400,
2166,VoxelCommit,1200,
2166,EcsCommandBufferCommit,205900,
2166,GasAndEventFinalize,110100,
2166,ReplicationProjection,234800,
2166,SnapshotHashMetrics,900,
2166,EgressPublish,18327900,
2167,IngressCapture,5700,
2167,DecodeAndCanonicalize,700,
2167,ApplyInputs,429000,
2167,ProcessorPlan,81800,
2167,CrossWorldPrepare,900,
2167,NativeJobBarrier,200,
2167,CommitDecision,400,
2167,VoxelCommit,1000,
2167,EcsCommandBufferCommit,261700,
2167,GasAndEventFinalize,112500,
2167,ReplicationProjection,274100,
2167,SnapshotHashMetrics,900,
2167,EgressPublish,20992200,
2168,IngressCapture,4000,
2168,DecodeAndCanonicalize,300,
2168,ApplyInputs,416900,
2168,ProcessorPlan,67200,
2168,CrossWorldPrepare,700,
2168,NativeJobBarrier,300,
2168,CommitDecision,700,
2168,VoxelCommit,1000,
2168,EcsCommandBufferCommit,273700,
2168,GasAndEventFinalize,81200,
2168,ReplicationProjection,259300,
2168,SnapshotHashMetrics,700,
2168,EgressPublish,19625500,
2169,IngressCapture,4700,
2169,DecodeAndCanonicalize,300,
2169,ApplyInputs,375900,
2169,ProcessorPlan,73900,
2169,CrossWorldPrepare,1200,
2169,NativeJobBarrier,400,
2169,CommitDecision,500,
2169,VoxelCommit,1000,
2169,EcsCommandBufferCommit,851900,
2169,GasAndEventFinalize,112600,
2169,ReplicationProjection,246100,
2169,SnapshotHashMetrics,500,
2169,EgressPublish,21873500,
2170,IngressCapture,4200,
2170,DecodeAndCanonicalize,200,
2170,ApplyInputs,451800,
2170,ProcessorPlan,60600,
2170,CrossWorldPrepare,600,
2170,NativeJobBarrier,800,
2170,CommitDecision,1200,
2170,VoxelCommit,1900,
2170,EcsCommandBufferCommit,231700,
2170,GasAndEventFinalize,78400,
2170,ReplicationProjection,239400,
2170,SnapshotHashMetrics,400,
2170,EgressPublish,17271400,
2171,IngressCapture,4600,
2171,DecodeAndCanonicalize,400,
2171,ApplyInputs,480000,
2171,ProcessorPlan,65900,
2171,CrossWorldPrepare,1500,
2171,NativeJobBarrier,400,
2171,CommitDecision,600,
2171,VoxelCommit,1300,
2171,EcsCommandBufferCommit,260700,
2171,GasAndEventFinalize,95000,
2171,ReplicationProjection,249600,
2171,SnapshotHashMetrics,800,
2171,EgressPublish,16967200,
2172,IngressCapture,4600,
2172,DecodeAndCanonicalize,200,
2172,ApplyInputs,373000,
2172,ProcessorPlan,65400,
2172,CrossWorldPrepare,600,
2172,NativeJobBarrier,200,
2172,CommitDecision,200,
2172,VoxelCommit,900,
2172,EcsCommandBufferCommit,243800,
2172,GasAndEventFinalize,73900,
2172,ReplicationProjection,246000,
2172,SnapshotHashMetrics,500,
2172,EgressPublish,17227100,
2173,IngressCapture,4700,
2173,DecodeAndCanonicalize,700,
2173,ApplyInputs,537200,
2173,ProcessorPlan,59700,
2173,CrossWorldPrepare,600,
2173,NativeJobBarrier,200,
2173,CommitDecision,800,
2173,VoxelCommit,1100,
2173,EcsCommandBufferCommit,216900,
2173,GasAndEventFinalize,80700,
2173,ReplicationProjection,234400,
2173,SnapshotHashMetrics,1100,
2173,EgressPublish,17435300,
2174,IngressCapture,5900,
2174,DecodeAndCanonicalize,300,
2174,ApplyInputs,757900,
2174,ProcessorPlan,62400,
2174,CrossWorldPrepare,1000,
2174,NativeJobBarrier,400,
2174,CommitDecision,300,
2174,VoxelCommit,1800,
2174,EcsCommandBufferCommit,233000,
2174,GasAndEventFinalize,99800,
2174,ReplicationProjection,243600,
2174,SnapshotHashMetrics,600,
2174,EgressPublish,17190300,
2175,IngressCapture,4700,
2175,DecodeAndCanonicalize,200,
2175,ApplyInputs,383500,
2175,ProcessorPlan,64000,
2175,CrossWorldPrepare,500,
2175,NativeJobBarrier,400,
2175,CommitDecision,400,
2175,VoxelCommit,1000,
2175,EcsCommandBufferCommit,903200,
2175,GasAndEventFinalize,173400,
2175,ReplicationProjection,950700,
2175,SnapshotHashMetrics,900,
2175,EgressPublish,17124500,
2176,IngressCapture,5600,
2176,DecodeAndCanonicalize,200,
2176,ApplyInputs,399700,
2176,ProcessorPlan,59800,
2176,CrossWorldPrepare,500,
2176,NativeJobBarrier,300,
2176,CommitDecision,200,
2176,VoxelCommit,1000,
2176,EcsCommandBufferCommit,195200,
2176,GasAndEventFinalize,78300,
2176,ReplicationProjection,312500,
2176,SnapshotHashMetrics,1200,
2176,EgressPublish,18444100,
2177,IngressCapture,6100,
2177,DecodeAndCanonicalize,200,
2177,ApplyInputs,413200,
2177,ProcessorPlan,83700,
2177,CrossWorldPrepare,1400,
2177,NativeJobBarrier,400,
2177,CommitDecision,600,
2177,VoxelCommit,1400,
2177,EcsCommandBufferCommit,260000,
2177,GasAndEventFinalize,88800,
2177,ReplicationProjection,259200,
2177,SnapshotHashMetrics,600,
2177,EgressPublish,17694300,
2178,IngressCapture,4600,
2178,DecodeAndCanonicalize,300,
2178,ApplyInputs,426200,
2178,ProcessorPlan,56000,
2178,CrossWorldPrepare,700,
2178,NativeJobBarrier,200,
2178,CommitDecision,400,
2178,VoxelCommit,1100,
2178,EcsCommandBufferCommit,248800,
2178,GasAndEventFinalize,79000,
2178,ReplicationProjection,236600,
2178,SnapshotHashMetrics,200,
2178,EgressPublish,18518000,
2179,IngressCapture,6000,
2179,DecodeAndCanonicalize,500,
2179,ApplyInputs,519900,
2179,ProcessorPlan,58700,
2179,CrossWorldPrepare,900,
2179,NativeJobBarrier,400,
2179,CommitDecision,600,
2179,VoxelCommit,1000,
2179,EcsCommandBufferCommit,242800,
2179,GasAndEventFinalize,77400,
2179,ReplicationProjection,244300,
2179,SnapshotHashMetrics,500,
2179,EgressPublish,19445800,
2180,IngressCapture,4600,
2180,DecodeAndCanonicalize,300,
2180,ApplyInputs,329100,
2180,ProcessorPlan,69400,
2180,CrossWorldPrepare,500,
2180,NativeJobBarrier,300,
2180,CommitDecision,300,
2180,VoxelCommit,900,
2180,EcsCommandBufferCommit,229400,
2180,GasAndEventFinalize,72700,
2180,ReplicationProjection,246700,
2180,SnapshotHashMetrics,400,
2180,EgressPublish,18777700,
2181,IngressCapture,6400,
2181,DecodeAndCanonicalize,300,
2181,ApplyInputs,467000,
2181,ProcessorPlan,58500,
2181,CrossWorldPrepare,600,
2181,NativeJobBarrier,400,
2181,CommitDecision,300,
2181,VoxelCommit,1100,
2181,EcsCommandBufferCommit,254900,
2181,GasAndEventFinalize,84300,
2181,ReplicationProjection,245200,
2181,SnapshotHashMetrics,600,
2181,EgressPublish,18867000,
2182,IngressCapture,5900,
2182,DecodeAndCanonicalize,200,
2182,ApplyInputs,442800,
2182,ProcessorPlan,537400,
2182,CrossWorldPrepare,2300,
2182,NativeJobBarrier,600,
2182,CommitDecision,400,
2182,VoxelCommit,2100,
2182,EcsCommandBufferCommit,301100,
2182,GasAndEventFinalize,128700,
2182,ReplicationProjection,267600,
2182,SnapshotHashMetrics,600,
2182,EgressPublish,18793500,
2183,IngressCapture,4600,
2183,DecodeAndCanonicalize,600,
2183,ApplyInputs,426500,
2183,ProcessorPlan,61000,
2183,CrossWorldPrepare,500,
2183,NativeJobBarrier,200,
2183,CommitDecision,300,
2183,VoxelCommit,1600,
2183,EcsCommandBufferCommit,238500,
2183,GasAndEventFinalize,73100,
2183,ReplicationProjection,244500,
2183,SnapshotHashMetrics,800,
2183,EgressPublish,19091000,
2184,IngressCapture,4600,
2184,DecodeAndCanonicalize,200,
2184,ApplyInputs,428800,
2184,ProcessorPlan,85600,
2184,CrossWorldPrepare,1000,
2184,NativeJobBarrier,700,
2184,CommitDecision,800,
2184,VoxelCommit,1200,
2184,EcsCommandBufferCommit,254200,
2184,GasAndEventFinalize,73800,
2184,ReplicationProjection,238700,
2184,SnapshotHashMetrics,900,
2184,EgressPublish,21640000,
2185,IngressCapture,5700,
2185,DecodeAndCanonicalize,200,
2185,ApplyInputs,380500,
2185,ProcessorPlan,73000,
2185,CrossWorldPrepare,500,
2185,NativeJobBarrier,400,
2185,CommitDecision,500,
2185,VoxelCommit,800,
2185,EcsCommandBufferCommit,257200,
2185,GasAndEventFinalize,88100,
2185,ReplicationProjection,249000,
2185,SnapshotHashMetrics,1300,
2185,EgressPublish,18778100,
2186,IngressCapture,4300,
2186,DecodeAndCanonicalize,500,
2186,ApplyInputs,414900,
2186,ProcessorPlan,52100,
2186,CrossWorldPrepare,400,
2186,NativeJobBarrier,200,
2186,CommitDecision,600,
2186,VoxelCommit,800,
2186,EcsCommandBufferCommit,191700,
2186,GasAndEventFinalize,79800,
2186,ReplicationProjection,242500,
2186,SnapshotHashMetrics,300,
2186,EgressPublish,20555700,
2187,IngressCapture,4500,
2187,DecodeAndCanonicalize,200,
2187,ApplyInputs,402700,
2187,ProcessorPlan,63500,
2187,CrossWorldPrepare,600,
2187,NativeJobBarrier,300,
2187,CommitDecision,600,
2187,VoxelCommit,800,
2187,EcsCommandBufferCommit,217100,
2187,GasAndEventFinalize,69600,
2187,ReplicationProjection,239400,
2187,SnapshotHashMetrics,400,
2187,EgressPublish,18399300,
2188,IngressCapture,4200,
2188,DecodeAndCanonicalize,200,
2188,ApplyInputs,367100,
2188,ProcessorPlan,68300,
2188,CrossWorldPrepare,800,
2188,NativeJobBarrier,400,
2188,CommitDecision,800,
2188,VoxelCommit,900,
2188,EcsCommandBufferCommit,237700,
2188,GasAndEventFinalize,90400,
2188,ReplicationProjection,261800,
2188,SnapshotHashMetrics,600,
2188,EgressPublish,22301300,
2189,IngressCapture,6300,
2189,DecodeAndCanonicalize,200,
2189,ApplyInputs,485700,
2189,ProcessorPlan,58300,
2189,CrossWorldPrepare,600,
2189,NativeJobBarrier,600,
2189,CommitDecision,600,
2189,VoxelCommit,1900,
2189,EcsCommandBufferCommit,312600,
2189,GasAndEventFinalize,96200,
2189,ReplicationProjection,252800,
2189,SnapshotHashMetrics,1100,
2189,EgressPublish,19031000,
2190,IngressCapture,3600,
2190,DecodeAndCanonicalize,200,
2190,ApplyInputs,467000,
2190,ProcessorPlan,221600,
2190,CrossWorldPrepare,1000,
2190,NativeJobBarrier,400,
2190,CommitDecision,900,
2190,VoxelCommit,1500,
2190,EcsCommandBufferCommit,253600,
2190,GasAndEventFinalize,121800,
2190,ReplicationProjection,286700,
2190,SnapshotHashMetrics,1100,
2190,EgressPublish,20360900,
2191,IngressCapture,5200,
2191,DecodeAndCanonicalize,200,
2191,ApplyInputs,458200,
2191,ProcessorPlan,934100,
2191,CrossWorldPrepare,1700,
2191,NativeJobBarrier,800,
2191,CommitDecision,400,
2191,VoxelCommit,1300,
2191,EcsCommandBufferCommit,279800,
2191,GasAndEventFinalize,80800,
2191,ReplicationProjection,262200,
2191,SnapshotHashMetrics,500,
2191,EgressPublish,18671300,
2192,IngressCapture,5000,
2192,DecodeAndCanonicalize,200,
2192,ApplyInputs,475400,
2192,ProcessorPlan,61500,
2192,CrossWorldPrepare,1200,
2192,NativeJobBarrier,500,
2192,CommitDecision,800,
2192,VoxelCommit,900,
2192,EcsCommandBufferCommit,295100,
2192,GasAndEventFinalize,85600,
2192,ReplicationProjection,234900,
2192,SnapshotHashMetrics,200,
2192,EgressPublish,18358900,
2193,IngressCapture,5700,
2193,DecodeAndCanonicalize,400,
2193,ApplyInputs,392500,
2193,ProcessorPlan,106700,
2193,CrossWorldPrepare,1000,
2193,NativeJobBarrier,100,
2193,CommitDecision,200,
2193,VoxelCommit,2100,
2193,EcsCommandBufferCommit,272800,
2193,GasAndEventFinalize,74800,
2193,ReplicationProjection,220300,
2193,SnapshotHashMetrics,500,
2193,EgressPublish,22626900,
2194,IngressCapture,4800,
2194,DecodeAndCanonicalize,200,
2194,ApplyInputs,449200,
2194,ProcessorPlan,83500,
2194,CrossWorldPrepare,800,
2194,NativeJobBarrier,300,
2194,CommitDecision,200,
2194,VoxelCommit,1000,
2194,EcsCommandBufferCommit,260200,
2194,GasAndEventFinalize,93100,
2194,ReplicationProjection,244800,
2194,SnapshotHashMetrics,200,
2194,EgressPublish,20318700,
2195,IngressCapture,3800,
2195,DecodeAndCanonicalize,200,
2195,ApplyInputs,390600,
2195,ProcessorPlan,95600,
2195,CrossWorldPrepare,1100,
2195,NativeJobBarrier,300,
2195,CommitDecision,400,
2195,VoxelCommit,900,
2195,EcsCommandBufferCommit,258200,
2195,GasAndEventFinalize,82500,
2195,ReplicationProjection,232500,
2195,SnapshotHashMetrics,600,
2195,EgressPublish,19049400,
2196,IngressCapture,4800,
2196,DecodeAndCanonicalize,200,
2196,ApplyInputs,470400,
2196,ProcessorPlan,59400,
2196,CrossWorldPrepare,800,
2196,NativeJobBarrier,400,
2196,CommitDecision,800,
2196,VoxelCommit,900,
2196,EcsCommandBufferCommit,219200,
2196,GasAndEventFinalize,70500,
2196,ReplicationProjection,219700,
2196,SnapshotHashMetrics,1200,
2196,EgressPublish,21292600,
2197,IngressCapture,6100,
2197,DecodeAndCanonicalize,500,
2197,ApplyInputs,427800,
2197,ProcessorPlan,54000,
2197,CrossWorldPrepare,800,
2197,NativeJobBarrier,200,
2197,CommitDecision,300,
2197,VoxelCommit,1300,
2197,EcsCommandBufferCommit,241700,
2197,GasAndEventFinalize,86300,
2197,ReplicationProjection,232200,
2197,SnapshotHashMetrics,600,
2197,EgressPublish,18944300,
2198,IngressCapture,4300,
2198,DecodeAndCanonicalize,600,
2198,ApplyInputs,766300,
2198,ProcessorPlan,61500,
2198,CrossWorldPrepare,900,
2198,NativeJobBarrier,400,
2198,CommitDecision,400,
2198,VoxelCommit,1200,
2198,EcsCommandBufferCommit,218100,
2198,GasAndEventFinalize,93000,
2198,ReplicationProjection,220100,
2198,SnapshotHashMetrics,400,
2198,EgressPublish,19035400,
2199,IngressCapture,5000,
2199,DecodeAndCanonicalize,300,
2199,ApplyInputs,461400,
2199,ProcessorPlan,93600,
2199,CrossWorldPrepare,600,
2199,NativeJobBarrier,200,
2199,CommitDecision,700,
2199,VoxelCommit,900,
2199,EcsCommandBufferCommit,207500,
2199,GasAndEventFinalize,70900,
2199,ReplicationProjection,231200,
2199,SnapshotHashMetrics,300,
2199,EgressPublish,18967400,
2200,IngressCapture,5700,
2200,DecodeAndCanonicalize,100,
2200,ApplyInputs,556000,
2200,ProcessorPlan,101900,
2200,CrossWorldPrepare,1000,
2200,NativeJobBarrier,400,
2200,CommitDecision,300,
2200,VoxelCommit,1100,
2200,EcsCommandBufferCommit,252200,
2200,GasAndEventFinalize,92000,
2200,ReplicationProjection,258600,
2200,SnapshotHashMetrics,400,
2200,EgressPublish,18047800,
2201,IngressCapture,3800,
2201,DecodeAndCanonicalize,200,
2201,ApplyInputs,415100,
2201,ProcessorPlan,60600,
2201,CrossWorldPrepare,600,
2201,NativeJobBarrier,300,
2201,CommitDecision,300,
2201,VoxelCommit,1100,
2201,EcsCommandBufferCommit,230100,
2201,GasAndEventFinalize,69500,
2201,ReplicationProjection,220400,
2201,SnapshotHashMetrics,400,
2201,EgressPublish,19474900,
2202,IngressCapture,6000,
2202,DecodeAndCanonicalize,400,
2202,ApplyInputs,397200,
2202,ProcessorPlan,71300,
2202,CrossWorldPrepare,1800,
2202,NativeJobBarrier,400,
2202,CommitDecision,800,
2202,VoxelCommit,1800,
2202,EcsCommandBufferCommit,293900,
2202,GasAndEventFinalize,82500,
2202,ReplicationProjection,238700,
2202,SnapshotHashMetrics,800,
2202,EgressPublish,17239700,
2203,IngressCapture,4500,
2203,DecodeAndCanonicalize,200,
2203,ApplyInputs,440200,
2203,ProcessorPlan,59600,
2203,CrossWorldPrepare,600,
2203,NativeJobBarrier,500,
2203,CommitDecision,500,
2203,VoxelCommit,1300,
2203,EcsCommandBufferCommit,201100,
2203,GasAndEventFinalize,66000,
2203,ReplicationProjection,225500,
2203,SnapshotHashMetrics,400,
2203,EgressPublish,16417000,
2204,IngressCapture,5000,
2204,DecodeAndCanonicalize,300,
2204,ApplyInputs,336400,
2204,ProcessorPlan,75400,
2204,CrossWorldPrepare,600,
2204,NativeJobBarrier,500,
2204,CommitDecision,400,
2204,VoxelCommit,900,
2204,EcsCommandBufferCommit,221400,
2204,GasAndEventFinalize,101000,
2204,ReplicationProjection,262800,
2204,SnapshotHashMetrics,900,
2204,EgressPublish,20908100,
2205,IngressCapture,5100,
2205,DecodeAndCanonicalize,200,
2205,ApplyInputs,538900,
2205,ProcessorPlan,65800,
2205,CrossWorldPrepare,1200,
2205,NativeJobBarrier,300,
2205,CommitDecision,300,
2205,VoxelCommit,1400,
2205,EcsCommandBufferCommit,248700,
2205,GasAndEventFinalize,82500,
2205,ReplicationProjection,244200,
2205,SnapshotHashMetrics,600,
2205,EgressPublish,18258300,
2206,IngressCapture,4800,
2206,DecodeAndCanonicalize,500,
2206,ApplyInputs,734600,
2206,ProcessorPlan,141800,
2206,CrossWorldPrepare,1400,
2206,NativeJobBarrier,900,
2206,CommitDecision,200,
2206,VoxelCommit,1400,
2206,EcsCommandBufferCommit,209300,
2206,GasAndEventFinalize,93900,
2206,ReplicationProjection,235000,
2206,SnapshotHashMetrics,900,
2206,EgressPublish,18127900,
2207,IngressCapture,3900,
2207,DecodeAndCanonicalize,200,
2207,ApplyInputs,379900,
2207,ProcessorPlan,73800,
2207,CrossWorldPrepare,1000,
2207,NativeJobBarrier,300,
2207,CommitDecision,300,
2207,VoxelCommit,1000,
2207,EcsCommandBufferCommit,226700,
2207,GasAndEventFinalize,71900,
2207,ReplicationProjection,234100,
2207,SnapshotHashMetrics,500,
2207,EgressPublish,18372800,
2208,IngressCapture,7000,
2208,DecodeAndCanonicalize,300,
2208,ApplyInputs,473400,
2208,ProcessorPlan,62000,
2208,CrossWorldPrepare,1000,
2208,NativeJobBarrier,300,
2208,CommitDecision,200,
2208,VoxelCommit,1200,
2208,EcsCommandBufferCommit,234400,
2208,GasAndEventFinalize,68900,
2208,ReplicationProjection,224900,
2208,SnapshotHashMetrics,700,
2208,EgressPublish,17368900,
2209,IngressCapture,3800,
2209,DecodeAndCanonicalize,300,
2209,ApplyInputs,348700,
2209,ProcessorPlan,60400,
2209,CrossWorldPrepare,800,
2209,NativeJobBarrier,200,
2209,CommitDecision,200,
2209,VoxelCommit,1200,
2209,EcsCommandBufferCommit,196100,
2209,GasAndEventFinalize,65100,
2209,ReplicationProjection,217600,
2209,SnapshotHashMetrics,800,
2209,EgressPublish,14917900,
2210,IngressCapture,5200,
2210,DecodeAndCanonicalize,400,
2210,ApplyInputs,409000,
2210,ProcessorPlan,59400,
2210,CrossWorldPrepare,1400,
2210,NativeJobBarrier,200,
2210,CommitDecision,400,
2210,VoxelCommit,1000,
2210,EcsCommandBufferCommit,194300,
2210,GasAndEventFinalize,64500,
2210,ReplicationProjection,180700,
2210,SnapshotHashMetrics,300,
2210,EgressPublish,16610800,
2211,IngressCapture,5300,
2211,DecodeAndCanonicalize,200,
2211,ApplyInputs,472600,
2211,ProcessorPlan,60900,
2211,CrossWorldPrepare,800,
2211,NativeJobBarrier,200,
2211,CommitDecision,600,
2211,VoxelCommit,1000,
2211,EcsCommandBufferCommit,222900,
2211,GasAndEventFinalize,73500,
2211,ReplicationProjection,242400,
2211,SnapshotHashMetrics,1100,
2211,EgressPublish,15002500,
2212,IngressCapture,4500,
2212,DecodeAndCanonicalize,200,
2212,ApplyInputs,341900,
2212,ProcessorPlan,67900,
2212,CrossWorldPrepare,500,
2212,NativeJobBarrier,300,
2212,CommitDecision,400,
2212,VoxelCommit,900,
2212,EcsCommandBufferCommit,193800,
2212,GasAndEventFinalize,68200,
2212,ReplicationProjection,205200,
2212,SnapshotHashMetrics,500,
2212,EgressPublish,15558100,
2213,IngressCapture,5600,
2213,DecodeAndCanonicalize,200,
2213,ApplyInputs,437800,
2213,ProcessorPlan,55500,
2213,CrossWorldPrepare,600,
2213,NativeJobBarrier,400,
2213,CommitDecision,300,
2213,VoxelCommit,900,
2213,EcsCommandBufferCommit,175900,
2213,GasAndEventFinalize,63300,
2213,ReplicationProjection,205500,
2213,SnapshotHashMetrics,500,
2213,EgressPublish,14018600,
2214,IngressCapture,3800,
2214,DecodeAndCanonicalize,200,
2214,ApplyInputs,424800,
2214,ProcessorPlan,186800,
2214,CrossWorldPrepare,700,
2214,NativeJobBarrier,200,
2214,CommitDecision,600,
2214,VoxelCommit,900,
2214,EcsCommandBufferCommit,200400,
2214,GasAndEventFinalize,97000,
2214,ReplicationProjection,225500,
2214,SnapshotHashMetrics,600,
2214,EgressPublish,15555500,
2215,IngressCapture,4800,
2215,DecodeAndCanonicalize,400,
2215,ApplyInputs,501300,
2215,ProcessorPlan,56600,
2215,CrossWorldPrepare,1700,
2215,NativeJobBarrier,300,
2215,CommitDecision,400,
2215,VoxelCommit,1000,
2215,EcsCommandBufferCommit,207500,
2215,GasAndEventFinalize,67400,
2215,ReplicationProjection,206700,
2215,SnapshotHashMetrics,400,
2215,EgressPublish,16266400,
2216,IngressCapture,4900,
2216,DecodeAndCanonicalize,200,
2216,ApplyInputs,423800,
2216,ProcessorPlan,62000,
2216,CrossWorldPrepare,600,
2216,NativeJobBarrier,200,
2216,CommitDecision,1100,
2216,VoxelCommit,1500,
2216,EcsCommandBufferCommit,229500,
2216,GasAndEventFinalize,78600,
2216,ReplicationProjection,220600,
2216,SnapshotHashMetrics,400,
2216,EgressPublish,16632100,
2217,IngressCapture,5100,
2217,DecodeAndCanonicalize,200,
2217,ApplyInputs,383700,
2217,ProcessorPlan,69000,
2217,CrossWorldPrepare,1000,
2217,NativeJobBarrier,400,
2217,CommitDecision,1300,
2217,VoxelCommit,1000,
2217,EcsCommandBufferCommit,233600,
2217,GasAndEventFinalize,57100,
2217,ReplicationProjection,181500,
2217,SnapshotHashMetrics,500,
2217,EgressPublish,16709200,
2218,IngressCapture,4200,
2218,DecodeAndCanonicalize,200,
2218,ApplyInputs,427900,
2218,ProcessorPlan,64100,
2218,CrossWorldPrepare,400,
2218,NativeJobBarrier,200,
2218,CommitDecision,200,
2218,VoxelCommit,1300,
2218,EcsCommandBufferCommit,1049900,
2218,GasAndEventFinalize,146100,
2218,ReplicationProjection,267500,
2218,SnapshotHashMetrics,800,
2218,EgressPublish,16967700,
2219,IngressCapture,3400,
2219,DecodeAndCanonicalize,200,
2219,ApplyInputs,363600,
2219,ProcessorPlan,81800,
2219,CrossWorldPrepare,900,
2219,NativeJobBarrier,300,
2219,CommitDecision,200,
2219,VoxelCommit,800,
2219,EcsCommandBufferCommit,198000,
2219,GasAndEventFinalize,64200,
2219,ReplicationProjection,198000,
2219,SnapshotHashMetrics,400,
2219,EgressPublish,16268200,
2220,IngressCapture,4900,
2220,DecodeAndCanonicalize,200,
2220,ApplyInputs,1639200,
2220,ProcessorPlan,55900,
2220,CrossWorldPrepare,800,
2220,NativeJobBarrier,400,
2220,CommitDecision,700,
2220,VoxelCommit,1300,
2220,EcsCommandBufferCommit,169000,
2220,GasAndEventFinalize,63600,
2220,ReplicationProjection,189000,
2220,SnapshotHashMetrics,200,
2220,EgressPublish,16931500,
2221,IngressCapture,5200,
2221,DecodeAndCanonicalize,300,
2221,ApplyInputs,450800,
2221,ProcessorPlan,62000,
2221,CrossWorldPrepare,600,
2221,NativeJobBarrier,400,
2221,CommitDecision,200,
2221,VoxelCommit,1200,
2221,EcsCommandBufferCommit,214100,
2221,GasAndEventFinalize,72800,
2221,ReplicationProjection,225200,
2221,SnapshotHashMetrics,400,
2221,EgressPublish,16698400,
2222,IngressCapture,4300,
2222,DecodeAndCanonicalize,200,
2222,ApplyInputs,399700,
2222,ProcessorPlan,168900,
2222,CrossWorldPrepare,600,
2222,NativeJobBarrier,200,
2222,CommitDecision,200,
2222,VoxelCommit,800,
2222,EcsCommandBufferCommit,176600,
2222,GasAndEventFinalize,89200,
2222,ReplicationProjection,217500,
2222,SnapshotHashMetrics,700,
2222,EgressPublish,16738700,
2223,IngressCapture,4100,
2223,DecodeAndCanonicalize,200,
2223,ApplyInputs,450400,
2223,ProcessorPlan,55700,
2223,CrossWorldPrepare,1300,
2223,NativeJobBarrier,200,
2223,CommitDecision,200,
2223,VoxelCommit,1000,
2223,EcsCommandBufferCommit,211200,
2223,GasAndEventFinalize,72500,
2223,ReplicationProjection,230300,
2223,SnapshotHashMetrics,500,
2223,EgressPublish,17994300,
2224,IngressCapture,3300,
2224,DecodeAndCanonicalize,300,
2224,ApplyInputs,406300,
2224,ProcessorPlan,56900,
2224,CrossWorldPrepare,400,
2224,NativeJobBarrier,200,
2224,CommitDecision,200,
2224,VoxelCommit,900,
2224,EcsCommandBufferCommit,194800,
2224,GasAndEventFinalize,81200,
2224,ReplicationProjection,199500,
2224,SnapshotHashMetrics,600,
2224,EgressPublish,16036700,
2225,IngressCapture,4000,
2225,DecodeAndCanonicalize,200,
2225,ApplyInputs,345100,
2225,ProcessorPlan,61400,
2225,CrossWorldPrepare,1000,
2225,NativeJobBarrier,100,
2225,CommitDecision,500,
2225,VoxelCommit,1000,
2225,EcsCommandBufferCommit,216200,
2225,GasAndEventFinalize,100700,
2225,ReplicationProjection,216600,
2225,SnapshotHashMetrics,400,
2225,EgressPublish,15790800,
2226,IngressCapture,5000,
2226,DecodeAndCanonicalize,300,
2226,ApplyInputs,430500,
2226,ProcessorPlan,62000,
2226,CrossWorldPrepare,900,
2226,NativeJobBarrier,200,
2226,CommitDecision,500,
2226,VoxelCommit,1000,
2226,EcsCommandBufferCommit,876700,
2226,GasAndEventFinalize,114900,
2226,ReplicationProjection,887700,
2226,SnapshotHashMetrics,700,
2226,EgressPublish,15729900,
