tick_id,rss_bytes
1,117559296
2,117481472
3,117633024
4,117633024
5,117633024
6,119267328
7,119525376
8,119545856
9,119554048
10,119967744
11,119967744
12,119967744
13,119967744
14,119967744
15,120139776
16,120324096
17,120324096
18,120324096
19,120324096
20,120324096
21,120401920
22,120406016
23,120406016
24,120508416
25,120545280
26,120545280
27,120545280
28,120545280
29,120647680
30,120647680
31,120647680
32,120647680
33,120664064
34,120922112
35,120926208
36,120926208
37,121090048
38,121311232
39,121315328
40,121286656
41,122363904
42,122372096
43,122417152
44,122421248
45,122421248
46,122421248
47,122421248
48,122388480
49,122515456
50,122490880
51,122490880
52,122490880
53,122490880
54,122490880
55,122490880
56,122470400
57,122470400
58,122470400
59,122470400
60,122470400
61,122470400
62,122470400
63,122470400
64,122470400
65,122482688
66,122482688
67,122449920
68,128212992
69,128352256
70,128356352
71,128978944
72,129110016
73,129146880
74,129253376
75,129302528
76,129306624
77,129306624
78,129306624
79,129306624
80,129306624
81,129306624
82,129306624
83,129306624
84,129306624
85,129306624
86,129306624
87,129306624
88,129306624
89,130162688
90,130330624
91,130322432
92,130322432
93,130330624
94,130330624
95,130359296
96,130580480
97,130764800
98,130797568
99,130805760
100,130809856
101,130826240
102,130838528
103,130842624
104,130789376
105,130818048
106,130818048
107,130818048
108,130818048
109,130822144
110,130834432
111,130842624
112,130842624
113,130854912
114,130981888
115,130981888
116,130981888
117,131006464
118,130981888
119,131059712
120,131059712
121,131059712
122,131059712
123,131670016
124,131678208
125,131678208
126,131682304
127,131686400
128,131686400
129,131686400
130,131686400
131,132149248
132,132378624
133,132378624
134,132378624
135,132358144
136,132575232
137,132739072
138,132284416
139,132284416
140,132296704
141,132718592
142,132718592
143,132718592
144,132694016
145,132702208
146,132734976
147,132747264
148,132743168
149,132833280
150,132866048
151,132984832
152,132984832
153,132997120
154,133046272
155,133062656
156,133062656
157,133062656
158,133189632
159,133189632
160,133197824
161,133197824
162,133197824
163,133136384
164,133177344
165,133181440
166,133185536
167,133189632
168,133304320
169,133341184
170,133296128
171,133378048
172,133410816
173,133464064
174,133492736
175,133505024
176,133505024
177,133505024
178,133505024
179,133505024
180,133505024
181,133505024
182,133505024
183,133505024
184,133505024
185,133505024
186,133505024
187,133505024
188,133505024
189,133505024
190,133505024
191,133505024
192,133505024
193,133505024
194,133505024
195,133513216
196,133517312
197,133517312
198,133517312
199,133517312
200,133517312
201,133517312
202,133517312
203,133521408
204,133521408
205,133521408
206,133521408
207,133521408
208,133521408
209,133521408
210,133521408
211,133541888
212,133558272
213,133562368
214,133562368
215,133562368
216,133562368
217,133562368
218,133562368
219,133562368
220,133562368
221,133562368
222,133562368
223,133562368
224,133562368
225,133562368
226,133566464
227,133566464
228,133566464
229,133566464
230,133566464
231,133566464
232,133566464
233,133566464
234,133566464
235,133566464
236,133566464
237,133566464
238,133566464
239,133566464
240,133566464
241,133566464
242,133566464
243,133566464
244,133660672
245,133824512
246,133935104
247,133935104
248,133939200
249,133943296
250,133947392
251,133947392
252,133947392
253,133947392
254,133947392
255,133951488
256,133951488
257,133951488
258,133951488
259,133951488
260,133951488
261,133951488
262,133951488
263,133955584
264,133955584
265,133955584
266,133955584
267,133955584
268,133955584
269,133955584
270,133955584
271,133959680
272,133959680
273,133959680
274,133959680
275,133959680
276,133959680
277,133959680
278,133959680
279,133963776
280,133963776
281,133963776
282,133910528
283,133910528
284,133910528
285,133910528
286,133910528
287,133918720
288,133918720
289,133931008
290,133931008
291,133931008
292,133931008
293,133931008
294,133931008
295,133935104
296,133935104
297,133935104
298,133935104
299,133935104
300,133935104
301,133935104
302,133935104
303,133939200
304,133939200
305,133939200
306,133939200
307,133939200
308,133939200
309,133939200
310,133939200
311,133943296
312,133943296
313,133943296
314,133943296
315,133943296
316,134168576
317,134168576
318,134168576
319,134168576
320,134168576
321,134168576
322,134168576
323,134168576
324,134168576
325,134168576
326,134168576
327,134168576
328,134168576
329,134107136
330,134107136
331,134123520
332,134250496
333,134266880
334,134266880
335,134266880
336,134266880
337,134266880
338,134266880
339,134266880
340,134266880
341,134266880
342,134266880
343,134266880
344,134266880
345,134266880
346,134266880
347,134266880
348,134266880
349,134266880
350,134266880
351,134266880
352,134266880
353,134266880
354,134328320
355,134328320
356,134328320
357,134328320
358,134328320
359,134328320
360,134328320
361,134328320
362,134328320
363,134328320
364,134328320
365,134328320
366,134328320
367,134328320
368,134328320
369,134328320
370,134328320
371,134328320
372,134328320
373,134328320
374,134328320
375,134328320
376,134373376
377,134373376
378,134373376
379,134373376
380,134373376
381,134373376
382,134373376
383,134373376
384,134373376
385,134373376
386,134373376
387,134373376
388,134373376
389,134373376
390,134373376
391,134373376
392,134373376
393,134373376
394,134373376
395,134373376
396,134373376
397,134373376
398,134373376
399,134373376
400,134373376
401,134373376
402,134373376
403,134373376
404,134373376
405,134373376
406,134373376
407,134373376
408,134373376
409,134373376
410,134373376
411,134373376
412,134373376
413,134373376
414,134373376
415,134373376
416,134373376
417,134373376
418,134373376
419,134373376
420,134373376
421,134373376
422,134373376
423,134373376
424,134373376
425,134373376
426,134373376
427,134373376
428,134373376
429,134373376
430,134373376
431,134373376
432,134373376
433,134373376
434,134336512
435,134336512
436,134336512
437,134402048
438,134402048
439,134402048
440,134402048
441,134402048
442,134402048
443,134402048
444,134402048
445,134402048
446,134402048
447,134402048
448,134402048
449,134402048
450,134402048
451,134402048
452,134402048
453,134402048
454,134402048
455,134402048
456,134402048
457,134402048
458,134402048
459,134402048
460,134402048
461,134402048
462,134402048
463,134402048
464,134402048
465,134402048
466,134402048
467,134402048
468,134402048
469,134402048
470,134402048
471,134402048
472,134402048
473,134402048
474,134402048
475,134402048
476,134402048
477,134402048
478,134402048
479,134402048
480,134402048
481,134402048
482,134402048
483,134402048
484,134402048
485,134402048
486,134402048
487,134402048
488,134402048
489,134402048
490,134402048
491,134402048
492,134402048
493,134402048
494,134402048
495,134402048
496,134402048
497,134402048
498,134402048
499,134402048
500,134402048
501,134402048
502,134402048
503,134402048
504,134402048
505,134402048
506,134483968
507,134488064
508,134488064
509,134488064
510,134488064
511,134488064
512,134488064
513,134488064
514,134488064
515,134488064
516,134488064
517,134488064
518,134488064
519,134488064
520,134488064
521,134488064
522,134488064
523,134488064
524,134488064
525,134488064
526,134488064
527,134488064
528,134488064
529,134488064
530,134488064
531,134488064
532,134488064
533,134488064
534,134488064
535,134488064
536,134488064
537,134488064
538,134488064
539,134488064
540,134488064
541,134488064
542,134488064
543,134488064
544,134488064
545,134488064
546,134488064
547,134488064
548,134488064
549,134488064
550,134488064
551,134488064
552,134488064
553,134488064
554,134488064
555,134488064
556,134488064
557,134488064
558,134488064
559,134488064
560,134438912
561,134438912
562,134438912
563,134443008
564,134443008
565,134443008
566,134443008
567,134443008
568,134443008
569,134443008
570,134447104
571,134447104
572,134447104
573,134447104
574,134447104
575,134447104
576,134447104
577,134447104
578,134451200
579,134451200
580,134451200
581,134451200
582,134451200
583,134451200
584,134451200
585,134451200
586,134397952
587,134397952
588,134397952
589,134397952
590,134397952
591,134397952
592,134397952
593,134397952
594,134402048
595,134402048
596,134402048
597,134402048
598,134402048
599,134402048
600,134410240
601,134967296
602,135024640
603,135024640
604,135024640
605,135045120
606,135045120
607,135045120
608,135045120
609,135045120
610,135049216
611,135049216
612,135049216
613,135049216
614,135049216
615,135049216
616,135049216
617,135049216
618,135053312
619,135053312
620,135053312
621,135053312
622,135053312
623,135053312
624,135053312
625,135053312
626,135057408
627,135057408
628,135057408
629,135057408
630,135057408
631,135413760
632,135413760
633,135413760
634,135413760
635,135413760
636,135413760
637,135413760
638,135413760
639,135413760
640,135413760
641,135413760
642,135413760
643,135413760
644,135413760
645,135413760
646,135413760
647,135413760
648,135413760
649,135413760
650,135413760
651,135413760
652,135413760
653,135413760
654,135413760
655,135413760
656,135413760
657,135413760
658,135413760
659,135413760
660,135413760
661,135413760
662,135413760
663,135413760
664,135413760
665,135413760
666,135413760
667,135413760
668,135413760
669,135413760
670,135413760
671,135413760
672,135413760
673,135413760
674,135413760
675,135413760
676,135413760
677,135413760
678,135413760
679,135413760
680,135413760
681,135413760
682,135413760
683,135413760
684,135413760
685,135385088
686,135385088
687,135385088
688,135450624
689,135450624
690,135450624
691,135450624
692,135450624
693,135450624
694,135450624
695,135450624
696,135450624
697,135450624
698,135450624
699,135450624
700,135450624
701,135450624
702,135450624
703,135454720
704,135454720
705,135454720
706,135454720
707,135454720
708,135458816
709,135458816
710,135458816
711,135458816
712,135458816
713,135458816
714,135458816
715,135458816
716,135458816
717,135458816
718,135458816
719,135458816
720,135458816
721,135458816
722,135458816
723,135458816
724,135458816
725,135458816
726,135458816
727,135458816
728,135458816
729,135458816
730,135458816
731,135458816
732,135458816
733,135458816
734,135458816
735,135458816
736,135458816
737,135458816
738,135458816
739,135458816
740,135458816
741,135458816
742,135458816
743,135458816
744,135458816
745,135458816
746,135458816
747,135458816
748,135458816
749,135458816
750,135458816
751,135458816
752,135458816
753,135458816
754,135458816
755,135458816
756,135458816
757,135458816
758,135458816
759,135458816
760,135458816
761,135458816
762,135458816
763,135458816
764,135458816
765,135458816
766,135458816
767,135458816
768,135458816
769,135458816
770,135458816
771,135458816
772,135458816
773,135458816
774,135458816
775,135458816
776,135458816
777,135458816
778,135458816
779,135458816
780,135458816
781,135458816
782,135458816
783,135458816
784,135458816
785,135458816
786,135458816
787,135458816
788,135458816
789,135458816
790,135458816
791,135458816
792,135458816
793,135458816
794,135458816
795,135458816
796,135458816
797,135458816
798,135458816
799,135458816
800,135458816
801,135458816
802,135458816
803,135458816
804,135458816
805,135458816
806,135458816
807,135458816
808,135458816
809,135458816
810,135458816
811,135458816
812,135458816
813,135458816
814,135458816
815,135524352
816,135524352
817,135524352
818,135524352
819,135524352
820,135524352
821,135524352
822,135524352
823,135524352
824,135524352
825,135524352
826,135524352
827,135524352
828,135524352
829,135524352
830,135524352
831,135524352
832,135524352
833,135524352
834,135524352
835,135524352
836,135524352
837,135524352
838,135524352
839,135524352
840,135524352
841,135524352
842,135524352
843,135524352
844,135524352
845,135524352
846,135524352
847,135524352
848,135524352
849,135524352
850,135524352
851,135524352
852,135524352
853,135524352
854,135524352
855,135524352
856,135524352
857,135524352
858,135524352
859,135524352
860,135524352
861,135524352
862,135524352
863,135524352
864,135524352
865,135524352
866,135524352
867,135524352
868,135524352
869,135524352
870,135524352
871,135524352
872,135524352
873,135524352
874,135524352
875,135524352
876,135524352
877,135524352
878,135524352
879,135524352
880,135524352
881,135524352
882,135524352
883,135524352
884,135524352
885,135524352
886,135524352
887,135524352
888,135524352
889,135524352
890,135524352
891,135524352
892,135524352
893,135524352
894,135524352
895,135524352
896,135524352
897,135524352
898,135524352
899,135524352
900,135524352
901,135524352
902,135524352
903,135524352
904,135524352
905,135524352
906,135524352
907,135524352
908,135524352
909,135524352
910,135524352
911,135524352
912,135524352
913,135524352
914,135524352
915,135524352
916,135524352
917,135524352
918,135524352
919,135524352
920,135524352
921,135524352
922,135524352
923,135524352
924,135524352
925,135524352
926,135524352
927,135524352
928,135524352
929,135524352
930,135524352
931,135524352
932,135524352
933,135524352
934,135524352
935,135524352
936,135524352
937,135524352
938,135524352
939,135524352
940,135524352
941,135589888
942,135589888
943,135589888
944,135589888
945,135589888
946,135589888
947,135589888
948,135589888
949,135589888
950,135589888
951,135589888
952,135589888
953,135589888
954,135589888
955,135589888
956,135589888
957,135589888
958,135589888
959,135589888
960,135589888
961,135589888
962,135589888
963,135589888
964,135589888
965,135589888
966,135589888
967,135589888
968,135589888
969,135589888
970,135589888
971,135589888
972,135589888
973,135589888
974,135589888
975,135589888
976,135589888
977,135589888
978,135589888
979,135589888
980,135589888
981,135589888
982,135589888
983,135589888
984,135589888
985,135589888
986,135589888
987,135589888
988,135589888
989,135589888
990,135589888
991,135589888
992,135589888
993,135589888
994,135589888
995,135589888
996,135589888
997,135589888
998,135589888
999,135589888
1000,135589888
1001,135589888
1002,135589888
1003,135589888
1004,135589888
1005,135589888
1006,135589888
1007,135589888
1008,135589888
1009,135589888
1010,135589888
1011,135589888
1012,135589888
1013,135589888
1014,135589888
1015,135589888
1016,135589888
1017,135589888
1018,135589888
1019,135589888
1020,135589888
1021,135589888
1022,135589888
1023,135589888
1024,135589888
1025,135589888
1026,135675904
1027,135675904
1028,135675904
1029,135675904
1030,135675904
1031,135675904
1032,135675904
1033,135675904
1034,135675904
1035,135675904
1036,135675904
1037,135675904
1038,135675904
1039,135675904
1040,135675904
1041,135675904
1042,135680000
1043,135680000
1044,135680000
1045,135680000
1046,135708672
1047,135708672
1048,135708672
1049,135708672
1050,135708672
1051,135708672
1052,135708672
1053,135708672
1054,135708672
1055,135708672
1056,135712768
1057,135712768
1058,135712768
1059,135712768
1060,135712768
1061,135712768
1062,135712768
1063,135712768
1064,135712768
1065,135712768
1066,135712768
1067,135778304
1068,135778304
1069,135778304
1070,135778304
1071,135778304
1072,135778304
1073,135778304
1074,135778304
1075,135778304
1076,135778304
1077,135778304
1078,135778304
1079,135778304
1080,135778304
1081,135778304
1082,135778304
1083,135778304
1084,135778304
1085,135782400
1086,135786496
1087,135786496
1088,135786496
1089,135786496
1090,135786496
1091,135786496
1092,135786496
1093,135790592
1094,135790592
1095,135790592
1096,135790592
1097,135790592
1098,135790592
1099,135790592
1100,135790592
1101,135790592
1102,135790592
1103,135790592
1104,135790592
1105,135790592
1106,135790592
1107,135790592
1108,135790592
1109,135790592
1110,135790592
1111,135790592
1112,135790592
1113,135790592
1114,135790592
1115,135790592
1116,135790592
1117,135790592
1118,135790592
1119,135790592
1120,135790592
1121,135790592
1122,135790592
1123,135790592
1124,135790592
1125,135790592
1126,135790592
1127,135790592
1128,135790592
1129,135790592
1130,135790592
1131,135790592
1132,135790592
1133,135790592
1134,135790592
1135,135790592
1136,135790592
1137,135790592
1138,135790592
1139,135790592
1140,135790592
1141,135790592
1142,135790592
1143,135790592
1144,135794688
1145,135794688
1146,135794688
1147,135794688
1148,135794688
1149,135794688
1150,135794688
1151,135794688
1152,135794688
1153,135794688
1154,135794688
1155,135794688
1156,135794688
1157,135794688
1158,135794688
1159,135794688
1160,135794688
1161,135794688
1162,135794688
1163,135794688
1164,135794688
1165,135766016
1166,135766016
1167,135766016
1168,135766016
1169,135766016
1170,135766016
1171,135766016
1172,135766016
1173,135766016
1174,135766016
1175,135766016
1176,135766016
1177,135766016
1178,135766016
1179,135766016
1180,135766016
1181,135766016
1182,135766016
1183,135766016
1184,135766016
1185,135766016
1186,135766016
1187,135766016
1188,135766016
1189,135766016
1190,135766016
1191,135766016
1192,135766016
1193,135770112
1194,135770112
1195,135774208
1196,135774208
1197,135774208
1198,135774208
1199,135774208
1200,135778304
1201,137740288
1202,137740288
1203,137740288
1204,137740288
1205,137777152
1206,137777152
1207,137777152
1208,137777152
1209,137777152
1210,137777152
1211,137777152
1212,137777152
1213,137777152
1214,137777152
1215,137777152
1216,137777152
1217,137777152
1218,137777152
1219,137777152
1220,137777152
1221,137777152
1222,137777152
1223,137777152
1224,137777152
1225,137777152
1226,137777152
1227,137777152
1228,137777152
1229,137777152
1230,137777152
1231,137777152
1232,137777152
1233,137777152
1234,137777152
1235,137777152
1236,137777152
1237,137777152
1238,137777152
1239,137777152
1240,137777152
1241,137777152
1242,137777152
1243,137777152
1244,137777152
1245,137777152
1246,137777152
1247,137777152
1248,137777152
1249,137777152
1250,137777152
1251,137777152
1252,137777152
1253,137777152
1254,137777152
1255,137777152
1256,137777152
1257,137777152
1258,137777152
1259,137777152
1260,137777152
1261,137777152
1262,137777152
1263,137777152
1264,137777152
1265,137777152
1266,137777152
1267,137777152
1268,137777152
1269,137777152
1270,137777152
1271,137777152
1272,137777152
1273,137777152
1274,137777152
1275,137777152
1276,137777152
1277,137777152
1278,137777152
1279,137777152
1280,137777152
1281,137777152
1282,137777152
1283,137777152
1284,137777152
1285,137736192
1286,137736192
1287,137736192
1288,137736192
1289,137736192
1290,137736192
1291,137736192
1292,137736192
1293,137736192
1294,137736192
1295,137736192
1296,137736192
1297,137736192
1298,137736192
1299,137736192
1300,137736192
1301,137736192
1302,137736192
1303,137736192
1304,137736192
1305,137736192
1306,137736192
1307,137736192
1308,137736192
1309,137736192
1310,137736192
1311,137736192
1312,137736192
1313,137736192
1314,137736192
1315,137736192
1316,137736192
1317,137736192
1318,137736192
1319,137736192
1320,137736192
1321,137736192
1322,137736192
1323,137736192
1324,137736192
1325,137736192
1326,137736192
1327,137736192
1328,137736192
1329,137736192
1330,137736192
1331,137736192
1332,137736192
1333,137736192
1334,137736192
1335,137736192
1336,137736192
1337,137736192
1338,137736192
1339,137736192
1340,137736192
1341,137736192
1342,137736192
1343,137736192
1344,137736192
1345,137736192
1346,137736192
1347,137736192
1348,137736192
1349,137736192
1350,137736192
1351,137736192
1352,137736192
1353,137736192
1354,137736192
1355,137736192
1356,137736192
1357,137736192
1358,137736192
1359,137736192
1360,137736192
1361,137736192
1362,137736192
1363,137736192
1364,137736192
1365,137736192
1366,137736192
1367,137736192
1368,137736192
1369,137736192
1370,137736192
1371,137736192
1372,137736192
1373,137736192
1374,137736192
1375,137736192
1376,137736192
1377,137736192
1378,137736192
1379,137736192
1380,137736192
1381,137736192
1382,137736192
1383,137736192
1384,137736192
1385,137736192
1386,137736192
1387,137736192
1388,137736192
1389,137736192
1390,137736192
1391,137736192
1392,137736192
1393,137736192
1394,137736192
1395,137736192
1396,137736192
1397,137736192
1398,137736192
1399,137736192
1400,137736192
1401,137736192
1402,137736192
1403,137736192
1404,137736192
1405,137736192
1406,137736192
1407,137736192
1408,137736192
1409,137736192
1410,137736192
1411,137736192
1412,137736192
1413,137736192
1414,137736192
1415,137736192
1416,137736192
1417,137736192
1418,137736192
1419,137736192
1420,137736192
1421,137736192
1422,137736192
1423,137736192
1424,137736192
1425,137736192
1426,137736192
1427,137736192
1428,137736192
1429,137736192
1430,137736192
1431,137736192
1432,137736192
1433,137736192
1434,137736192
1435,137736192
1436,137736192
1437,137736192
1438,137736192
1439,137736192
1440,137736192
1441,137736192
1442,137736192
1443,137736192
1444,137736192
1445,137736192
1446,137736192
1447,137736192
1448,137736192
1449,137736192
1450,137736192
1451,137736192
1452,137736192
1453,137736192
1454,137736192
1455,137736192
1456,137736192
1457,137736192
1458,137736192
1459,137736192
1460,137736192
1461,137736192
1462,137736192
1463,137736192
1464,137736192
1465,137736192
1466,137736192
1467,137736192
1468,137736192
1469,137736192
1470,137736192
1471,137736192
1472,137736192
1473,137736192
1474,137736192
1475,137736192
1476,137736192
1477,137736192
1478,137736192
1479,137736192
1480,137736192
1481,137736192
1482,137736192
1483,137736192
1484,137736192
1485,137736192
1486,137736192
1487,137736192
1488,137736192
1489,137736192
1490,137736192
1491,137736192
1492,137736192
1493,137736192
1494,137736192
1495,137736192
1496,137736192
1497,137736192
1498,137736192
1499,137736192
1500,137736192
1501,137736192
1502,137736192
1503,137736192
1504,137736192
1505,137736192
1506,137736192
1507,137736192
1508,137736192
1509,137736192
1510,137736192
1511,137736192
1512,137736192
1513,137736192
1514,137736192
1515,137736192
1516,137736192
1517,137736192
1518,137736192
1519,137736192
1520,137736192
1521,137736192
1522,137736192
1523,137736192
1524,137736192
1525,137736192
1526,137736192
1527,137736192
1528,137736192
1529,137736192
1530,137736192
1531,137736192
1532,137736192
1533,137736192
1534,137736192
1535,137736192
1536,137736192
1537,137736192
1538,137736192
1539,137736192
1540,137736192
1541,137736192
1542,137736192
1543,137736192
1544,137736192
1545,137736192
1546,137736192
1547,137736192
1548,137736192
1549,137736192
1550,137736192
1551,137736192
1552,137736192
1553,137736192
1554,137736192
1555,137736192
1556,137736192
1557,137736192
1558,137736192
1559,137736192
1560,137736192
1561,137736192
1562,137736192
1563,137736192
1564,137736192
1565,137736192
1566,137736192
1567,137736192
1568,137736192
1569,137740288
1570,137740288
1571,137740288
1572,137740288
1573,137740288
1574,137740288
1575,137740288
1576,137740288
1577,137740288
1578,137740288
1579,137740288
1580,137740288
1581,137740288
1582,137740288
1583,137740288
1584,137744384
1585,137744384
1586,137744384
1587,137744384
1588,137744384
1589,137744384
1590,137744384
1591,137744384
1592,137744384
1593,137744384
1594,137744384
1595,137744384
1596,137744384
1597,137744384
1598,137744384
1599,137744384
1600,137744384
1601,137744384
1602,137744384
1603,137744384
1604,137744384
1605,137744384
1606,137744384
1607,137744384
1608,137744384
1609,137744384
1610,137744384
1611,137744384
1612,137744384
1613,137744384
1614,137744384
1615,137744384
1616,137744384
1617,137744384
1618,137744384
1619,137744384
1620,137744384
1621,137744384
1622,137744384
1623,137744384
1624,137744384
1625,137744384
1626,137744384
1627,137744384
1628,137744384
1629,137744384
1630,137744384
1631,137744384
1632,137744384
1633,137744384
1634,137744384
1635,137744384
1636,137744384
1637,137744384
1638,137744384
1639,137744384
1640,137744384
1641,137744384
1642,137744384
1643,137744384
1644,137744384
1645,137744384
1646,137744384
1647,137744384
1648,137744384
1649,137744384
1650,137744384
1651,137744384
1652,137744384
1653,137744384
1654,137744384
1655,137744384
1656,137744384
1657,137744384
1658,137744384
1659,137744384
1660,137744384
1661,137744384
1662,137744384
1663,137744384
1664,137744384
1665,137744384
1666,137744384
1667,137744384
1668,137744384
1669,137744384
1670,137744384
1671,137744384
1672,137744384
1673,137744384
1674,137744384
1675,137744384
1676,137744384
1677,137744384
1678,137744384
1679,137744384
1680,137744384
1681,137744384
1682,137744384
1683,137744384
1684,137744384
1685,137744384
1686,137744384
1687,137744384
1688,137744384
1689,137744384
1690,137744384
1691,137744384
1692,137744384
1693,137744384
1694,137744384
1695,137744384
1696,137744384
1697,137744384
1698,137744384
1699,137744384
1700,137744384
1701,137744384
1702,137744384
1703,137744384
1704,137744384
1705,137744384
1706,137744384
1707,137744384
1708,137744384
1709,137744384
1710,137744384
1711,137744384
1712,137744384
1713,137744384
1714,137744384
1715,137744384
1716,137744384
1717,137744384
1718,137744384
1719,137744384
1720,137744384
1721,137744384
1722,137744384
1723,137744384
1724,137744384
1725,137744384
1726,137744384
1727,137744384
1728,137744384
1729,137744384
1730,137744384
1731,137744384
1732,137744384
1733,137744384
1734,137744384
1735,137744384
1736,137744384
1737,137744384
1738,137744384
1739,137744384
1740,137744384
1741,137744384
1742,137859072
1743,137916416
1744,137916416
1745,137916416
1746,137916416
1747,137916416
1748,137916416
1749,137916416
1750,137916416
1751,137916416
1752,137916416
1753,137916416
1754,137916416
1755,137916416
1756,137916416
1757,137916416
1758,137916416
1759,137916416
1760,137916416
1761,137916416
1762,137916416
1763,137916416
1764,137916416
1765,137916416
1766,137916416
1767,137916416
1768,137916416
1769,137916416
1770,137916416
1771,137916416
1772,137916416
1773,137916416
1774,137916416
1775,137916416
1776,137916416
1777,137916416
1778,137916416
1779,137916416
1780,137916416
1781,137916416
1782,137916416
1783,137916416
1784,137916416
1785,137916416
1786,137916416
1787,137916416
1788,137936896
1789,138133504
1790,138133504
1791,138133504
1792,138133504
1793,138133504
1794,138133504
1795,138149888
1796,138092544
1797,138326016
1798,138317824
1799,138317824
1800,138317824
1801,138526720
1802,138526720
1803,138526720
1804,138526720
1805,138526720
1806,138526720
1807,138526720
1808,138526720
1809,138526720
1810,138526720
1811,138526720
1812,138526720
1813,138526720
1814,138526720
1815,138543104
1816,138543104
1817,138543104
1818,138543104
1819,138543104
1820,138543104
1821,138543104
1822,138551296
1823,139284480
1824,139448320
1825,139464704
1826,139464704
1827,139481088
1828,139481088
1829,139481088
1830,139481088
1831,139481088
1832,139481088
1833,139481088
1834,139481088
1835,139481088
1836,139481088
1837,139481088
1838,139526144
1839,139649024
1840,139649024
1841,139649024
1842,139649024
1843,139673600
1844,139808768
1845,139841536
1846,139919360
1847,139919360
1848,139919360
1849,139935744
1850,140541952
1851,140541952
1852,140546048
1853,140546048
1854,140546048
1855,140546048
1856,140546048
1857,140546048
1858,140546048
1859,140546048
1860,140546048
1861,140546048
1862,140685312
1863,140263424
1864,140263424
1865,140263424
1866,140263424
1867,140263424
1868,140263424
1869,140263424
1870,140226560
1871,140378112
1872,140378112
1873,140378112
1874,140529664
1875,140529664
1876,140529664
1877,140529664
1878,140529664
1879,140529664
1880,140529664
1881,140550144
1882,140566528
1883,140566528
1884,140566528
1885,140566528
1886,140574720
1887,140734464
1888,140734464
1889,140734464
1890,140898304
1891,140898304
1892,140898304
1893,140898304
1894,140898304
1895,140898304
1896,140898304
1897,140898304
1898,140898304
1899,140898304
1900,140898304
1901,140898304
1902,140898304
1903,140898304
1904,140898304
1905,140898304
1906,140898304
1907,140898304
1908,140898304
1909,140898304
1910,141086720
1911,141086720
1912,141090816
1913,141090816
1914,141090816
1915,141090816
1916,141090816
1917,141090816
1918,141090816
1919,141107200
1920,141164544
1921,141402112
1922,141402112
1923,141402112
1924,141414400
1925,142381056
1926,142381056
1927,142381056
1928,142381056
1929,142381056
1930,142381056
1931,142381056
1932,142381056
1933,142381056
1934,142381056
1935,142381056
1936,142381056
1937,142381056
1938,142381056
1939,142381056
1940,142319616
1941,142626816
1942,142983168
1943,142983168
1944,142983168
1945,142983168
1946,142983168
1947,142983168
1948,142983168
1949,142983168
1950,142983168
1951,142983168
1952,142983168
1953,142983168
1954,142983168
1955,142983168
1956,142983168
1957,142983168
1958,142983168
1959,142983168
1960,142983168
1961,142983168
1962,137629696
1963,137629696
1964,137629696
1965,137629696
1966,137629696
1967,137629696
1968,137629696
1969,137646080
1970,137646080
1971,137654272
1972,137662464
1973,137658368
1974,137658368
1975,137658368
1976,137707520
1977,137707520
1978,137723904
1979,137723904
1980,137723904
1981,137723904
1982,137723904
1983,137723904
1984,137723904
1985,137723904
1986,137723904
1987,137723904
1988,137723904
1989,137732096
1990,137760768
1991,137768960
1992,137768960
1993,137768960
1994,137768960
1995,137768960
1996,137768960
1997,137768960
1998,137768960
1999,137768960
2000,137768960
2001,137768960
2002,137768960
2003,137768960
2004,137768960
2005,137768960
2006,137768960
2007,137768960
2008,137768960
2009,137768960
2010,137789440
2011,137789440
2012,126754816
2013,126767104
2014,126767104
2015,126767104
2016,126767104
2017,126767104
2018,126767104
2019,127291392
2020,127291392
2021,127299584
2022,127488000
2023,127488000
2024,127488000
2025,127488000
2026,127488000
2027,127488000
2028,127488000
2029,127488000
2030,127488000
2031,127488000
2032,127488000
2033,127488000
2034,127488000
2035,127488000
2036,127488000
2037,127492096
2038,127619072
2039,127627264
2040,127377408
2041,127406080
2042,127406080
2043,127406080
2044,127406080
2045,127406080
2046,127406080
2047,127406080
2048,127406080
2049,127406080
2050,127406080
2051,127406080
2052,127406080
2053,127406080
2054,127406080
2055,127406080
2056,127406080
2057,127406080
2058,127406080
2059,127406080
2060,127434752
2061,104620032
2062,104988672
2063,105345024
2064,105709568
2065,106868736
2066,107470848
2067,107909120
2068,108498944
2069,108498944
2070,112447488
2071,112414720
2072,112414720
2073,112414720
2074,112414720
2075,112414720
2076,112414720
2077,112414720
2078,112414720
2079,112414720
2080,112414720
2081,112414720
2082,112422912
2083,112533504
2084,112533504
2085,112537600
2086,112615424
2087,112648192
2088,112648192
2089,112648192
2090,112648192
2091,112648192
2092,112648192
2093,112648192
2094,112648192
2095,112648192
2096,112648192
2097,112648192
2098,112648192
2099,112648192
2100,112648192
2101,112648192
2102,112648192
2103,112648192
2104,112648192
2105,112648192
2106,112648192
2107,112648192
2108,112648192
2109,112648192
2110,112656384
2111,112693248
2112,112693248
2113,112693248
2114,112693248
2115,112779264
2116,112930816
2117,112930816
2118,112930816
2119,112930816
2120,112930816
2121,112930816
2122,112930816
2123,112930816
2124,112930816
2125,112930816
2126,112930816
2127,112930816
2128,112930816
2129,112930816
2130,112930816
2131,112930816
2132,112930816
2133,112930816
2134,113348608
2135,113348608
2136,113364992
2137,113967104
2138,113971200
2139,112795648
2140,112795648
2141,112795648
2142,112795648
2143,112795648
2144,112795648
2145,112795648
2146,112795648
2147,109129728
2148,109064192
2149,109064192
2150,109064192
2151,109064192
2152,109064192
2153,109064192
2154,109064192
2155,109064192
2156,109244416
2157,109244416
2158,109985792
2159,109985792
2160,109985792
2161,109985792
2162,109985792
2163,109985792
2164,109985792
2165,109985792
2166,110104576
2167,109703168
2168,109707264
2169,109707264
2170,109707264
2171,109719552
2172,109719552
2173,109719552
2174,109719552
2175,109719552
2176,109719552
2177,109719552
2178,109719552
2179,109719552
2180,109719552
2181,109719552
2182,109719552
2183,109719552
2184,109719552
2185,109719552
2186,109719552
2187,110702592
2188,110702592
2189,110702592
2190,111239168
2191,111239168
2192,111239168
2193,111239168
2194,111239168
2195,111239168
2196,111239168
2197,111239168
2198,111239168
2199,111239168
2200,111239168
2201,111812608
2202,111812608
2203,111886336
2204,111886336
2205,111902720
2206,111902720
2207,111902720
2208,111902720
2209,111902720
2210,111902720
2211,111902720
2212,111902720
2213,111902720
2214,110415872
2215,110391296
2216,110456832
2217,110456832
2218,110456832
2219,110456832
2220,110456832
2221,110456832
2222,110456832
2223,110456832
2224,110456832
2225,110456832
2226,110456832
2227,110456832
2228,111054848
2229,111054848
2230,111054848
2231,111054848
2232,111054848
2233,111054848
2234,111063040
2235,112005120
2236,110653440
2237,110653440
2238,110653440
2239,110653440
2240,110653440
2241,110653440
2242,110653440
2243,110678016
2244,110714880
2245,110714880
2246,110714880
2247,110714880
2248,110714880
2249,110714880
2250,110714880
2251,110714880
2252,110714880
2253,110419968
2254,111030272
2255,111030272
2256,111030272
2257,111030272
2258,111034368
2259,111837184
2260,111833088
2261,111833088
2262,111833088
2263,111833088
2264,111833088
2265,111841280
2266,111841280
2267,110682112
2268,110755840
2269,110755840
2270,110755840
2271,111214592
2272,111210496
2273,111210496
2274,111210496
2275,111210496
2276,111210496
2277,111210496
2278,111210496
2279,111210496
2280,111210496
2281,111210496
2282,111210496
2283,111210496
2284,111210496
2285,111210496
2286,111210496
2287,110858240
2288,111714304
2289,111738880
2290,111738880
2291,111738880
2292,111738880
2293,111738880
2294,111747072
2295,111747072
2296,111747072
2297,111747072
2298,111751168
2299,111874048
2300,111026176
2301,111026176
2302,111026176
2303,110899200
2304,110968832
2305,110977024
2306,112300032
2307,112300032
2308,107225088
2309,107220992
2310,107225088
2311,107225088
2312,107225088
2313,107225088
2314,107225088
2315,106729472
2316,107474944
2317,107474944
2318,107474944
2319,107474944
2320,107474944
2321,107474944
2322,107474944
2323,107474944
2324,107474944
2325,107474944
2326,107474944
2327,107474944
2328,107474944
2329,107474944
2330,107474944
2331,107474944
2332,107474944
2333,107474944
2334,107474944
2335,107474944
2336,107474944
2337,107474944
2338,107474944
2339,107474944
2340,107474944
2341,107474944
2342,107474944
2343,107495424
2344,106811392
2345,106885120
2346,106885120
2347,106885120
2348,106885120
2349,107565056
2350,107577344
2351,107577344
2352,107577344
2353,107577344
2354,107589632
2355,107241472
2356,107323392
2357,107323392
2358,107323392
2359,107323392
2360,107323392
2361,107323392
2362,107323392
2363,108769280
2364,108773376
2365,108773376
2366,108773376
2367,108773376
2368,108773376
2369,110301184
2370,111091712
2371,111087616
2372,111087616
2373,111087616
2374,111087616
2375,111087616
2376,111087616
2377,111087616
2378,111218688
2379,111218688
2380,111218688
2381,111218688
2382,111824896
2383,111824896
2384,111824896
2385,111833088
2386,112443392
2387,112443392
2388,112443392
2389,112443392
2390,112455680
2391,112529408
2392,112529408
2393,112533504
2394,112533504
2395,112533504
2396,112533504
2397,112533504
2398,112533504
2399,112533504
2400,112553984
2401,114393088
2402,114393088
2403,114393088
2404,114393088
2405,114507776
2406,114507776
2407,114507776
2408,114507776
2409,114507776
2410,114507776
2411,114507776
2412,114507776
2413,114507776
2414,114507776
2415,114507776
2416,114507776
2417,114507776
2418,111742976
2419,111591424
2420,111607808
2421,111607808
2422,111607808
2423,111607808
2424,111607808
2425,111607808
2426,111607808
2427,111607808
2428,111607808
2429,111607808
2430,111607808
2431,111607808
2432,111607808
2433,111607808
2434,111607808
2435,111607808
2436,111607808
2437,111607808
2438,111607808
2439,111607808
2440,111607808
2441,111968256
2442,111968256
2443,111968256
2444,111968256
2445,112574464
2446,112574464
2447,112574464
2448,110755840
2449,110764032
2450,110764032
2451,111550464
2452,111550464
2453,111579136
2454,111652864
2455,111656960
2456,111656960
2457,111656960
2458,111656960
2459,111665152
2460,111665152
2461,111665152
2462,110751744
2463,110759936
2464,110493696
2465,111206400
2466,111206400
2467,111243264
2468,111243264
2469,111243264
2470,111243264
2471,111845376
2472,111845376
2473,111845376
2474,111845376
2475,111845376
2476,111845376
2477,111845376
2478,111845376
2479,111845376
2480,111845376
2481,111845376
2482,111845376
2483,111845376
2484,111845376
2485,111845376
2486,111845376
2487,111845376
2488,111845376
2489,111845376
2490,111845376
2491,111845376
2492,111845376
2493,111845376
2494,111886336
2495,111890432
2496,111890432
2497,111890432
2498,111890432
2499,111890432
2500,110063616
2501,110149632
2502,110149632
2503,110149632
2504,110149632
2505,110149632
2506,110039040
2507,110096384
2508,110096384
2509,110567424
2510,110911488
2511,111747072
2512,111747072
2513,111747072
2514,111747072
2515,111747072
2516,111747072
2517,111747072
2518,111747072
2519,111747072
2520,111747072
2521,111747072
2522,111747072
2523,111747072
2524,111747072
2525,111747072
2526,111747072
2527,111747072
2528,111747072
2529,111747072
2530,111747072
2531,111747072
2532,111747072
2533,111747072
2534,111747072
2535,111747072
2536,111747072
2537,111747072
2538,111747072
2539,111747072
2540,111747072
2541,111878144
2542,111878144
2543,111878144
2544,111878144
2545,110338048
2546,110465024
2547,110473216
2548,110473216
2549,112566272
2550,113082368
2551,113090560
2552,113090560
2553,113090560
2554,113090560
2555,113090560
2556,113090560
2557,111460352
2558,112336896
2559,112340992
2560,112340992
2561,112340992
2562,112353280
2563,112537600
2564,112537600
2565,112537600
2566,112537600
2567,112537600
2568,112537600
2569,112537600
2570,112537600
2571,112537600
2572,112537600
2573,113143808
2574,113143808
2575,113143808
2576,113143808
2577,113143808
2578,113143808
2579,113143808
2580,113143808
2581,113143808
2582,113143808
2583,113143808
2584,113143808
2585,113143808
2586,113143808
2587,113143808
2588,113143808
2589,113143808
2590,113143808
2591,113143808
2592,113143808
2593,111804416
2594,112832512
2595,112840704
2596,112840704
2597,112840704
2598,112840704
2599,112840704
2600,112840704
2601,112865280
2602,112865280
2603,112865280
2604,112865280
2605,112881664
2606,112881664
2607,112898048
2608,112898048
2609,112898048
2610,112898048
2611,112898048
2612,113160192
2613,113160192
2614,113160192
2615,113160192
2616,113160192
2617,113160192
2618,113160192
2619,113160192
2620,113160192
2621,113160192
2622,113160192
2623,113160192
2624,113160192
2625,113160192
2626,113160192
2627,113160192
2628,113160192
2629,113160192
2630,113160192
2631,113160192
2632,113160192
2633,113160192
2634,113160192
2635,113160192
2636,113160192
2637,113160192
2638,113160192
2639,111558656
2640,111792128
2641,111792128
2642,111792128
2643,111792128
2644,111792128
2645,111792128
2646,111792128
2647,111792128
2648,111792128
2649,111792128
2650,111792128
2651,111796224
2652,112373760
2653,112373760
2654,112373760
2655,112979968
2656,112979968
2657,112979968
2658,112979968
2659,112984064
2660,112984064
2661,112984064
2662,112988160
2663,114618368
2664,113569792
2665,113901568
2666,113901568
2667,113901568
2668,113901568
2669,113901568
2670,113901568
2671,113901568
2672,113901568
2673,113901568
2674,113901568
2675,113901568
2676,113901568
2677,113901568
2678,113901568
2679,114020352
2680,114020352
2681,114020352
2682,113983488
2683,113983488
2684,113983488
2685,113983488
2686,113995776
2687,114405376
2688,114405376
2689,114405376
2690,114405376
2691,114405376
2692,114405376
2693,114405376
2694,114405376
2695,114405376
2696,114405376
2697,114405376
2698,114405376
2699,114405376
2700,114409472
2701,114409472
2702,114409472
2703,115015680
2704,115015680
2705,115015680
2706,115015680
2707,115015680
2708,115015680
2709,115015680
2710,115015680
2711,115015680
2712,113692672
2713,114442240
2714,114450432
2715,114450432
2716,114450432
2717,115052544
2718,115052544
2719,115052544
2720,115052544
2721,115052544
2722,115052544
2723,115052544
2724,115052544
2725,115052544
2726,115052544
2727,115052544
2728,115052544
2729,115052544
2730,115052544
2731,115052544
2732,115052544
2733,115052544
2734,115052544
2735,115052544
2736,115052544
2737,115052544
2738,115052544
2739,115052544
2740,115052544
2741,115052544
2742,115134464
2743,111988736
2744,111988736
2745,111988736
2746,111988736
2747,112640000
2748,112640000
2749,112640000
2750,112640000
2751,112640000
2752,112640000
2753,111849472
2754,111857664
2755,111857664
2756,111857664
2757,111857664
2758,111857664
2759,111857664
2760,111857664
2761,111857664
2762,111857664
2763,112480256
2764,112488448
2765,112488448
2766,112488448
2767,112488448
2768,112488448
2769,113094656
2770,113094656
2771,113094656
2772,113709056
2773,113709056
2774,113709056
2775,113709056
2776,113709056
2777,113709056
2778,113709056
2779,113709056
2780,113709056
2781,113709056
2782,113709056
2783,113709056
2784,113709056
2785,113709056
2786,111923200
2787,112463872
2788,112504832
2789,112504832
2790,112504832
2791,112504832
2792,112504832
2793,112504832
2794,112504832
2795,112504832
2796,112504832
2797,112504832
2798,112504832
2799,112504832
2800,112504832
2801,112504832
2802,112504832
2803,112504832
2804,112504832
2805,112504832
2806,112504832
2807,112504832
2808,112504832
2809,112504832
2810,112504832
2811,112504832
2812,112504832
2813,112504832
2814,112504832
2815,112504832
2816,112504832
2817,112504832
2818,112504832
2819,112504832
2820,113111040
2821,113111040
2822,113111040
2823,113111040
2824,113111040
2825,113111040
2826,113111040
2827,113111040
2828,113111040
2829,113111040
2830,113111040
2831,113111040
2832,113111040
2833,113111040
2834,113111040
2835,113111040
2836,113111040
2837,113111040
2838,113111040
2839,113111040
2840,113111040
2841,113111040
2842,113111040
2843,113111040
2844,113111040
2845,113111040
2846,113111040
2847,113111040
2848,113111040
2849,113111040
2850,113111040
2851,113111040
2852,113111040
2853,113111040
2854,113111040
2855,113111040
2856,113111040
2857,113111040
2858,113111040
2859,113111040
2860,113111040
2861,113111040
2862,113111040
2863,113111040
2864,113111040
2865,113111040
2866,113111040
2867,113057792
2868,113057792
2869,113057792
2870,113057792
2871,113057792
2872,113057792
2873,113057792
2874,113057792
2875,113057792
2876,113057792
2877,113057792
2878,113057792
2879,113057792
2880,113057792
2881,113057792
2882,113057792
2883,113057792
2884,113057792
2885,113057792
2886,113057792
2887,113057792
2888,113057792
2889,113057792
2890,113057792
2891,113057792
2892,113057792
2893,113057792
2894,113057792
2895,113057792
2896,113057792
2897,113057792
2898,113057792
2899,113057792
2900,113057792
2901,113057792
2902,113057792
2903,113057792
2904,113057792
2905,113057792
2906,113074176
2907,113074176
2908,113074176
2909,113074176
2910,113074176
2911,113074176
2912,113074176
2913,113074176
2914,113074176
2915,113074176
2916,113074176
2917,113074176
2918,113074176
2919,113074176
2920,113074176
2921,113074176
2922,113098752
2923,113098752
2924,113098752
2925,113098752
2926,113098752
2927,113098752
2928,113098752
2929,113098752
2930,113098752
2931,113098752
2932,113098752
2933,113098752
2934,113098752
2935,113098752
2936,113098752
2937,113098752
2938,113127424
2939,113127424
2940,113127424
2941,113127424
2942,113127424
2943,113127424
2944,113127424
2945,113127424
2946,113127424
2947,113127424
2948,113127424
2949,113127424
2950,113127424
2951,113127424
2952,113127424
2953,113127424
2954,113152000
2955,113152000
2956,113152000
2957,113152000
2958,113152000
2959,113152000
2960,113152000
2961,113152000
2962,113152000
2963,113152000
2964,113152000
2965,113152000
2966,113152000
2967,113152000
2968,113152000
2969,113152000
2970,113172480
2971,113172480
2972,113172480
2973,113172480
2974,113172480
2975,113172480
2976,113172480
2977,113172480
2978,113172480
2979,113172480
2980,113172480
2981,113172480
2982,113172480
2983,113172480
2984,113172480
2985,113172480
2986,113172480
2987,113172480
2988,113172480
2989,113172480
2990,113172480
2991,113172480
2992,113172480
2993,113172480
2994,113172480
2995,113172480
2996,113172480
2997,113172480
2998,113172480
2999,113172480
3000,113172480
3001,115105792
3002,115105792
3003,115105792
3004,115105792
3005,115105792
3006,115105792
3007,115105792
3008,115105792
3009,115105792
3010,115105792
3011,115105792
3012,115105792
3013,115105792
3014,115105792
3015,115105792
3016,115105792
3017,115105792
3018,115105792
3019,115105792
3020,115105792
3021,115105792
3022,115105792
3023,115105792
3024,115105792
3025,115105792
3026,115105792
3027,115105792
3028,115105792
3029,115105792
3030,115105792
3031,115105792
3032,115105792
3033,115105792
3034,115105792
3035,115105792
3036,115105792
3037,115105792
3038,115105792
3039,115105792
3040,115105792
3041,115105792
3042,115105792
3043,115105792
3044,115105792
3045,115105792
3046,115105792
3047,115105792
3048,115105792
3049,115105792
3050,115105792
3051,115105792
3052,115105792
3053,115105792
3054,115105792
3055,115105792
3056,115105792
3057,115105792
3058,115105792
3059,115105792
3060,115105792
3061,115105792
3062,115105792
3063,115105792
3064,115105792
3065,115105792
3066,115105792
3067,115105792
3068,115105792
3069,115105792
3070,115105792
3071,115105792
3072,115105792
3073,115105792
3074,115105792
3075,115105792
3076,115105792
3077,115105792
3078,115105792
3079,115105792
3080,115105792
3081,115077120
3082,115077120
3083,115077120
3084,115077120
3085,115077120
3086,115077120
3087,115077120
3088,115077120
3089,115077120
3090,115077120
3091,115077120
3092,115077120
3093,115077120
3094,115077120
3095,115077120
3096,115077120
3097,115077120
3098,115077120
3099,115077120
3100,115077120
3101,115077120
3102,115077120
3103,115077120
3104,115077120
3105,115077120
3106,115077120
3107,115077120
3108,115077120
3109,115077120
3110,115077120
3111,115077120
3112,115077120
3113,115077120
3114,115077120
3115,115077120
3116,115077120
3117,115077120
3118,115077120
3119,115077120
3120,115077120
3121,115077120
3122,115077120
3123,115077120
3124,115077120
3125,115077120
3126,115077120
3127,115077120
3128,115077120
3129,115077120
3130,115077120
3131,115077120
3132,115077120
3133,115077120
3134,115077120
3135,115077120
3136,115077120
3137,115077120
3138,115077120
3139,115077120
3140,115077120
3141,115077120
3142,115077120
3143,115077120
3144,115077120
3145,115077120
3146,115077120
3147,115077120
3148,115077120
3149,115077120
3150,115077120
3151,115077120
3152,115077120
3153,115077120
3154,115077120
3155,115077120
3156,115077120
3157,115077120
3158,115077120
3159,115077120
3160,115077120
3161,115343360
3162,115343360
3163,115343360
3164,115343360
3165,115343360
3166,115343360
3167,115343360
3168,115343360
3169,115343360
3170,115343360
3171,115343360
3172,115343360
3173,115343360
3174,115343360
3175,115343360
3176,115343360
3177,115343360
3178,115343360
3179,115343360
3180,115343360
3181,115343360
3182,115343360
3183,115343360
3184,115343360
3185,115343360
3186,115343360
3187,115343360
3188,115343360
3189,115343360
3190,115343360
3191,115343360
3192,115343360
3193,115343360
3194,115343360
3195,115343360
3196,115343360
3197,115343360
3198,115343360
3199,115343360
3200,115343360
3201,115343360
3202,115343360
3203,115343360
3204,115343360
3205,115343360
3206,115343360
3207,115343360
3208,115343360
3209,115343360
3210,115343360
3211,115343360
3212,115343360
3213,115343360
3214,115343360
3215,115343360
3216,115343360
3217,115343360
3218,115343360
3219,115343360
3220,115343360
3221,115343360
3222,115343360
3223,115343360
3224,115343360
3225,115343360
3226,115343360
3227,115343360
3228,115343360
3229,115343360
3230,115343360
3231,115343360
3232,115343360
3233,115343360
3234,115343360
3235,115343360
3236,115343360
3237,115343360
3238,115343360
3239,115343360
3240,115343360
3241,115343360
3242,115343360
3243,115343360
3244,115343360
3245,115343360
3246,115343360
3247,115343360
3248,115343360
3249,115343360
3250,115343360
3251,115343360
3252,115343360
3253,115343360
3254,115343360
3255,115343360
3256,115343360
3257,115343360
3258,115343360
3259,115343360
3260,115343360
3261,115343360
3262,115343360
3263,115343360
3264,115343360
3265,115343360
3266,115343360
3267,115343360
3268,115343360
3269,115343360
3270,115343360
3271,115343360
3272,115343360
3273,115343360
3274,115343360
3275,115343360
3276,115343360
3277,115343360
3278,115343360
3279,115343360
3280,115343360
3281,115343360
3282,115343360
3283,115343360
3284,115343360
3285,115343360
3286,115343360
3287,115343360
3288,115343360
3289,115343360
3290,115343360
3291,115343360
3292,115343360
3293,115343360
3294,115343360
3295,115343360
3296,115343360
3297,115343360
3298,115343360
3299,115343360
3300,115343360
3301,115343360
3302,115343360
3303,115343360
3304,115343360
3305,115343360
3306,115343360
3307,115343360
3308,115343360
3309,115343360
3310,115343360
3311,115343360
3312,115343360
3313,115343360
3314,115343360
3315,115343360
3316,115343360
3317,115343360
3318,115343360
3319,115343360
3320,115343360
3321,115343360
3322,115343360
3323,115343360
3324,115343360
3325,115343360
3326,115343360
3327,115343360
3328,115343360
3329,115343360
3330,115343360
3331,115343360
3332,115343360
3333,115343360
3334,115343360
3335,115343360
3336,115343360
3337,115613696
3338,115613696
3339,115613696
3340,115613696
3341,115613696
3342,115613696
3343,115613696
3344,115613696
3345,115613696
3346,115613696
3347,115613696
3348,115613696
3349,115613696
3350,115613696
3351,115613696
3352,115613696
3353,115613696
3354,115613696
3355,115613696
3356,115613696
3357,115613696
3358,115613696
3359,115613696
3360,115613696
3361,115613696
3362,115613696
3363,115613696
3364,115613696
3365,115613696
3366,115613696
3367,115613696
3368,115613696
3369,115613696
3370,115613696
3371,115613696
3372,115613696
3373,115613696
3374,115613696
3375,115613696
3376,115613696
3377,115613696
3378,115613696
3379,115613696
3380,115613696
3381,115613696
3382,115613696
3383,115613696
3384,115613696
3385,115613696
3386,115613696
3387,115613696
3388,115613696
3389,115613696
3390,115613696
3391,115613696
3392,115613696
3393,115613696
3394,115613696
3395,115613696
3396,115613696
3397,115613696
3398,115613696
3399,115613696
3400,115613696
3401,115568640
3402,115568640
3403,115568640
3404,115568640
3405,115568640
3406,115568640
3407,115568640
3408,115568640
3409,115568640
3410,115568640
3411,115568640
3412,115568640
3413,115568640
3414,115568640
3415,115568640
3416,115568640
3417,115568640
3418,115568640
3419,115568640
3420,115568640
3421,115568640
3422,115568640
3423,115568640
3424,115568640
3425,115568640
3426,115568640
3427,115568640
3428,115568640
3429,115568640
3430,115568640
3431,115568640
3432,115568640
3433,115568640
3434,115568640
3435,115568640
3436,115568640
3437,115568640
3438,115568640
3439,115568640
3440,115568640
3441,115568640
3442,115568640
3443,115568640
3444,115568640
3445,115568640
3446,115568640
3447,115568640
3448,115568640
3449,115568640
3450,115568640
3451,115568640
3452,115568640
3453,115568640
3454,115568640
3455,115568640
3456,115568640
3457,115568640
3458,115568640
3459,115568640
3460,115568640
3461,115568640
3462,115568640
3463,115568640
3464,115568640
3465,115568640
3466,115568640
3467,115568640
3468,115568640
3469,115568640
3470,115568640
3471,115568640
3472,115568640
3473,115568640
3474,115568640
3475,115568640
3476,115568640
3477,115568640
3478,115568640
3479,115568640
3480,115568640
3481,115568640
3482,115568640
3483,115568640
3484,115568640
3485,115568640
3486,115568640
3487,115568640
3488,115568640
3489,115568640
3490,115568640
3491,115568640
3492,115568640
3493,115568640
3494,115568640
3495,115568640
3496,115568640
3497,115568640
3498,115568640
3499,115568640
3500,115568640
3501,115568640
3502,115568640
3503,115568640
3504,115568640
3505,115568640
3506,115568640
3507,115568640
3508,115568640
3509,115568640
3510,115568640
3511,115568640
3512,115568640
3513,115871744
3514,115871744
3515,115871744
3516,115871744
3517,115871744
3518,115871744
3519,115871744
3520,115871744
3521,115871744
3522,115871744
3523,115871744
3524,115871744
3525,115871744
3526,115871744
3527,115871744
3528,115871744
3529,115871744
3530,115871744
3531,115871744
3532,115871744
3533,115871744
3534,115871744
3535,115871744
3536,115871744
3537,115871744
3538,115871744
3539,115871744
3540,115871744
3541,115871744
3542,115871744
3543,115871744
3544,115871744
3545,115871744
3546,115871744
3547,115871744
3548,115871744
3549,115871744
3550,115871744
3551,115871744
3552,115871744
3553,115871744
3554,115871744
3555,115871744
3556,115871744
3557,115871744
3558,115871744
3559,115871744
3560,115871744
3561,115871744
3562,115871744
3563,115871744
3564,115871744
3565,115871744
3566,115871744
3567,115871744
3568,115871744
3569,115871744
3570,115871744
3571,115871744
3572,115871744
3573,115871744
3574,115871744
3575,115871744
3576,115871744
3577,115871744
3578,115871744
3579,115871744
3580,115871744
3581,115871744
3582,115871744
3583,115871744
3584,115871744
3585,115871744
3586,115871744
3587,115871744
3588,115871744
3589,115871744
3590,115871744
3591,115871744
3592,115871744
3593,115871744
3594,115871744
3595,115871744
3596,115871744
3597,115871744
3598,115871744
3599,115871744
3600,115871744
3601,116232192
3602,116252672
3603,116252672
3604,116252672
3605,116252672
3606,116252672
3607,116252672
3608,116252672
3609,116252672
3610,116252672
3611,116252672
3612,116252672
3613,116252672
3614,116252672
3615,116252672
3616,116252672
3617,116252672
3618,116252672
3619,116252672
3620,116252672
3621,116252672
3622,116252672
3623,116252672
3624,116252672
3625,116252672
3626,116252672
3627,116252672
3628,116252672
3629,116252672
3630,116252672
3631,116252672
3632,116252672
3633,116252672
3634,116252672
3635,116252672
3636,116252672
3637,116252672
3638,116252672
3639,116252672
3640,116252672
3641,116252672
3642,116252672
3643,116252672
3644,116252672
3645,116252672
3646,116252672
3647,116252672
3648,116252672
3649,116252672
3650,116252672
3651,116252672
3652,116252672
3653,116252672
3654,116252672
3655,116252672
3656,116252672
3657,116252672
3658,116252672
3659,116252672
3660,116252672
3661,116252672
3662,116252672
3663,116252672
3664,116252672
3665,116252672
3666,116252672
3667,116252672
3668,116252672
3669,116252672
3670,116252672
3671,116252672
3672,116252672
3673,116252672
3674,116252672
3675,116252672
3676,116252672
3677,116252672
3678,116252672
3679,116252672
3680,116252672
3681,116252672
3682,116252672
3683,116215808
3684,116215808
3685,116215808
3686,116215808
3687,116215808
3688,116215808
3689,116215808
3690,116215808
3691,116215808
3692,116215808
3693,116215808
3694,116215808
3695,116215808
3696,116215808
3697,116215808
3698,116215808
3699,116215808
3700,116215808
3701,116215808
3702,116215808
3703,116215808
3704,116215808
3705,116215808
3706,116215808
3707,116215808
3708,116215808
3709,116215808
3710,116215808
3711,116215808
3712,116215808
3713,116215808
3714,116215808
3715,116215808
3716,116215808
3717,116215808
3718,116215808
3719,116215808
3720,116215808
3721,116215808
3722,116215808
3723,116215808
3724,116215808
3725,116215808
3726,116215808
3727,116215808
3728,116215808
3729,116215808
3730,116215808
3731,116215808
3732,116215808
3733,116215808
3734,116215808
3735,116215808
3736,116215808
3737,116215808
3738,116215808
3739,116215808
3740,116215808
3741,116215808
3742,116215808
3743,116215808
3744,116215808
3745,116215808
3746,116215808
3747,116215808
3748,116551680
3749,116551680
3750,116551680
3751,116551680
3752,116551680
3753,116551680
3754,116551680
3755,116551680
3756,116551680
3757,116551680
3758,116551680
3759,116551680
3760,116551680
3761,116551680
3762,116551680
3763,116551680
3764,116551680
3765,116551680
3766,116551680
3767,116551680
3768,116551680
3769,116551680
3770,116551680
3771,116551680
3772,116551680
3773,116551680
3774,116551680
3775,116551680
3776,116551680
3777,116551680
3778,116551680
3779,116551680
3780,116551680
3781,116551680
3782,116551680
3783,116551680
3784,116551680
3785,116551680
3786,116551680
3787,116551680
3788,116551680
3789,116551680
3790,116551680
3791,116551680
3792,116551680
3793,116551680
3794,116551680
3795,116551680
3796,116551680
3797,116551680
3798,116551680
3799,116551680
3800,116551680
3801,116551680
3802,116551680
3803,116551680
3804,116551680
3805,116551680
3806,116551680
3807,116551680
3808,116551680
3809,116551680
3810,116551680
3811,116551680
3812,116551680
3813,116551680
3814,116551680
3815,116551680
3816,116551680
3817,116551680
3818,116551680
3819,116551680
3820,116551680
3821,116551680
3822,116551680
3823,116551680
3824,116551680
3825,116551680
3826,116551680
3827,116551680
3828,116551680
3829,116551680
3830,116551680
3831,116551680
3832,116551680
3833,116551680
3834,116551680
3835,116551680
3836,116551680
3837,116551680
3838,116551680
3839,116551680
3840,116551680
3841,116551680
3842,116551680
3843,116551680
3844,116551680
3845,116551680
3846,116551680
3847,116551680
3848,116551680
3849,116551680
3850,116551680
3851,116551680
3852,116551680
3853,116551680
3854,116551680
3855,116551680
3856,116551680
3857,116551680
3858,116551680
3859,116551680
3860,116551680
3861,116551680
3862,116551680
3863,116551680
3864,116551680
3865,116551680
3866,116551680
3867,116551680
3868,116551680
3869,116551680
3870,116551680
3871,116551680
3872,116551680
3873,116551680
3874,116551680
3875,116551680
3876,116551680
3877,116551680
3878,116551680
3879,116551680
3880,116551680
3881,116551680
3882,116551680
3883,116551680
3884,116551680
3885,116551680
3886,116551680
3887,116551680
3888,116551680
3889,116551680
3890,116551680
3891,116551680
3892,116551680
3893,116551680
3894,116551680
3895,116551680
3896,116551680
3897,116551680
3898,116551680
3899,116551680
3900,116551680
3901,116551680
3902,116551680
3903,116551680
3904,116551680
3905,116551680
3906,116551680
3907,116551680
3908,116551680
3909,116551680
3910,116551680
3911,116551680
3912,116551680
3913,116551680
3914,116551680
3915,116551680
3916,116551680
3917,116551680
3918,116551680
3919,116551680
3920,116551680
3921,116551680
3922,116551680
3923,116551680
3924,116551680
3925,116805632
3926,116805632
3927,116805632
3928,116805632
3929,116805632
3930,116805632
3931,116805632
3932,116805632
3933,116805632
3934,116805632
3935,116805632
3936,116805632
3937,116805632
3938,116805632
3939,116805632
3940,116805632
3941,116805632
3942,116805632
3943,116805632
3944,116805632
3945,116805632
3946,116805632
3947,116805632
3948,116805632
3949,116805632
3950,116805632
3951,116805632
3952,117415936
3953,117415936
3954,117415936
3955,117415936
3956,117415936
3957,117415936
3958,117415936
3959,117415936
3960,117415936
3961,117415936
3962,117415936
3963,117415936
3964,117415936
3965,117415936
3966,117415936
3967,117415936
3968,117415936
3969,117415936
3970,117415936
3971,117415936
3972,117415936
3973,117415936
3974,117415936
3975,117415936
3976,117415936
3977,117415936
3978,117415936
3979,117415936
3980,117415936
3981,117415936
3982,117415936
3983,117415936
3984,117415936
3985,117415936
3986,117415936
3987,117415936
3988,117415936
3989,117415936
3990,117415936
3991,117415936
3992,117415936
3993,117415936
3994,117415936
3995,117415936
3996,117415936
3997,117415936
3998,117415936
3999,117415936
4000,117415936
4001,117415936
4002,117415936
4003,117415936
4004,117415936
4005,117415936
4006,117415936
4007,117415936
4008,117415936
4009,117415936
4010,117415936
4011,117415936
4012,117415936
4013,117415936
4014,117415936
4015,117415936
4016,117415936
4017,117415936
4018,117415936
4019,117415936
4020,117415936
4021,117415936
4022,117415936
4023,117415936
4024,117415936
4025,117415936
4026,117415936
4027,117415936
4028,117415936
4029,117415936
4030,117415936
4031,117415936
4032,117415936
4033,117415936
4034,117415936
4035,117415936
4036,117415936
4037,117415936
4038,117415936
4039,117415936
4040,117415936
4041,117415936
4042,117415936
4043,117415936
4044,117415936
4045,117415936
4046,117415936
4047,117415936
4048,117415936
4049,117415936
4050,117415936
4051,117415936
4052,117415936
4053,117415936
4054,117415936
4055,117415936
4056,117415936
4057,117415936
4058,117415936
4059,117415936
4060,117415936
4061,117415936
4062,117415936
4063,117415936
4064,117415936
4065,117415936
4066,117415936
4067,117415936
4068,117415936
4069,117415936
4070,117415936
4071,117415936
4072,117415936
4073,117415936
4074,117415936
4075,117415936
4076,117415936
4077,117415936
4078,117415936
4079,117415936
4080,117415936
4081,117415936
4082,117415936
4083,117415936
4084,117415936
4085,117415936
4086,117415936
4087,117415936
4088,117415936
4089,117415936
4090,117415936
4091,117415936
4092,117415936
4093,117415936
4094,117415936
4095,117415936
4096,117415936
4097,117415936
4098,117415936
4099,117415936
4100,117415936
4101,117415936
4102,117415936
4103,117415936
4104,117415936
4105,117415936
4106,117415936
4107,117415936
4108,117415936
4109,117415936
4110,117415936
4111,117415936
4112,117415936
4113,117415936
4114,117415936
4115,117415936
4116,117415936
4117,117415936
4118,117415936
4119,117415936
4120,117415936
4121,117415936
4122,117415936
4123,117415936
4124,117415936
4125,117415936
4126,117415936
4127,117415936
4128,117415936
4129,117415936
4130,117415936
4131,117415936
4132,117415936
4133,117415936
4134,117415936
4135,117415936
4136,117415936
4137,117415936
4138,117415936
4139,117415936
4140,117415936
4141,117415936
4142,117415936
4143,117415936
4144,117415936
4145,117415936
4146,117415936
4147,117415936
4148,117415936
4149,117415936
4150,117415936
4151,117415936
4152,117415936
4153,117415936
4154,117415936
4155,117415936
4156,117415936
4157,117415936
4158,117415936
4159,117415936
4160,117415936
4161,117415936
4162,117415936
4163,117415936
4164,117415936
4165,117415936
4166,117415936
4167,117415936
4168,117415936
4169,117415936
4170,117415936
4171,117415936
4172,117415936
4173,117415936
4174,117415936
4175,117415936
4176,117415936
4177,117415936
4178,117415936
4179,117415936
4180,117415936
4181,117809152
4182,117809152
4183,117809152
4184,117809152
4185,117809152
4186,117809152
4187,117809152
4188,117809152
4189,117809152
4190,117809152
4191,117809152
4192,117809152
4193,117809152
4194,117809152
4195,117809152
4196,117809152
4197,117809152
4198,117809152
4199,117809152
4200,117809152
4201,116092928
4202,116092928
4203,116092928
4204,116092928
4205,116092928
4206,116092928
4207,116092928
4208,116092928
4209,116092928
4210,116092928
4211,116092928
4212,116092928
4213,116092928
4214,116092928
4215,116092928
4216,116092928
4217,116092928
4218,116092928
4219,116092928
4220,116092928
4221,116092928
4222,116092928
4223,116092928
4224,116092928
4225,116092928
4226,116092928
4227,116092928
4228,116092928
4229,116092928
4230,116092928
4231,116092928
4232,116092928
4233,116092928
4234,116092928
4235,116092928
4236,116092928
4237,116092928
4238,116092928
4239,116092928
4240,116092928
4241,116092928
4242,116092928
4243,116092928
4244,116092928
4245,116092928
4246,116092928
4247,116092928
4248,116092928
4249,116092928
4250,116092928
4251,116092928
4252,116092928
4253,116092928
4254,116092928
4255,116092928
4256,116092928
4257,116092928
4258,116092928
4259,116092928
4260,116092928
4261,116092928
4262,116092928
4263,116092928
4264,116092928
4265,116092928
4266,116092928
4267,116092928
4268,116092928
4269,116092928
4270,116092928
4271,116092928
4272,116092928
4273,116092928
4274,116092928
4275,116092928
4276,116092928
4277,116092928
4278,116092928
4279,116092928
4280,116092928
4281,116064256
4282,116064256
4283,116064256
4284,116064256
4285,116064256
4286,116064256
4287,116064256
4288,116064256
4289,116064256
4290,116064256
4291,116064256
4292,116064256
4293,116064256
4294,116064256
4295,116064256
4296,116064256
4297,116064256
4298,116064256
4299,116064256
4300,116064256
4301,116064256
4302,116064256
4303,116064256
4304,116064256
4305,116064256
4306,116064256
4307,116064256
4308,116064256
4309,116064256
4310,116064256
4311,116064256
4312,116064256
4313,116064256
4314,116064256
4315,116064256
4316,116064256
4317,116064256
4318,116064256
4319,116064256
4320,116064256
4321,116064256
4322,116064256
4323,116064256
4324,116064256
4325,116064256
4326,116064256
4327,116064256
4328,116064256
4329,116064256
4330,116064256
4331,116064256
4332,116064256
4333,116064256
4334,116064256
4335,116064256
4336,116064256
4337,116064256
4338,116064256
4339,116064256
4340,116064256
4341,116064256
4342,116064256
4343,116064256
4344,116064256
4345,116064256
4346,116064256
4347,116064256
4348,116064256
4349,116064256
4350,116064256
4351,116064256
4352,116064256
4353,116064256
4354,116064256
4355,116064256
4356,116064256
4357,116064256
4358,116064256
4359,116064256
4360,116064256
4361,116064256
4362,116064256
4363,116064256
4364,116064256
4365,116064256
4366,116064256
4367,116064256
4368,116064256
4369,116064256
4370,116064256
4371,116064256
4372,116064256
4373,116064256
4374,116064256
4375,116064256
4376,116064256
4377,116064256
4378,116064256
4379,116064256
4380,116064256
4381,116064256
4382,116064256
4383,116064256
4384,116064256
4385,116064256
4386,116064256
4387,116064256
4388,116064256
4389,116064256
4390,116064256
4391,116064256
4392,116064256
4393,116064256
4394,116064256
4395,116064256
4396,116064256
4397,116064256
4398,116064256
4399,116064256
4400,116064256
4401,116064256
4402,116064256
4403,116064256
4404,116064256
4405,116064256
4406,116064256
4407,116064256
4408,116064256
4409,116064256
4410,116064256
4411,116064256
4412,116064256
4413,116064256
4414,116064256
4415,116064256
4416,116064256
4417,116064256
4418,116064256
4419,116064256
4420,116064256
4421,116064256
4422,116064256
4423,116064256
4424,116064256
4425,116064256
4426,116064256
4427,116064256
4428,116064256
4429,116064256
4430,116064256
4431,116064256
4432,116064256
4433,116064256
4434,116064256
4435,116064256
4436,116064256
4437,116064256
4438,116064256
4439,116064256
4440,116064256
4441,116064256
4442,116064256
4443,116064256
4444,116064256
4445,116064256
4446,116064256
4447,116064256
4448,116064256
4449,116064256
4450,116064256
4451,116064256
4452,116064256
4453,116064256
4454,116064256
4455,116064256
4456,116064256
4457,116064256
4458,116064256
4459,116064256
4460,116064256
4461,116064256
4462,116064256
4463,116064256
4464,116064256
4465,116064256
4466,116064256
4467,116064256
4468,116064256
4469,116064256
4470,116064256
4471,116064256
4472,116064256
4473,116064256
4474,116064256
4475,116064256
4476,116064256
4477,116064256
4478,116064256
4479,116064256
4480,116064256
4481,116064256
4482,116064256
4483,116064256
4484,116064256
4485,116064256
4486,116064256
4487,116064256
4488,116064256
4489,116064256
4490,116064256
4491,116064256
4492,116064256
4493,116064256
4494,116064256
4495,116064256
4496,116064256
4497,116064256
4498,116064256
4499,116064256
4500,116064256
4501,116064256
4502,116064256
4503,116064256
4504,116064256
4505,116064256
4506,116064256
4507,116064256
4508,116064256
4509,116064256
4510,116064256
4511,116064256
4512,116064256
4513,116064256
4514,116064256
4515,116064256
4516,116064256
4517,116064256
4518,116064256
4519,116064256
4520,116064256
4521,116064256
4522,116064256
4523,116064256
4524,116064256
4525,116064256
4526,116064256
4527,116064256
4528,116064256
4529,116064256
4530,116064256
4531,116064256
4532,116064256
4533,116064256
4534,116064256
4535,116064256
4536,116064256
4537,116064256
4538,116064256
4539,116064256
4540,116064256
4541,116064256
4542,116064256
4543,116064256
4544,116064256
4545,116064256
4546,116064256
4547,116064256
4548,116064256
4549,116064256
4550,116064256
4551,116064256
4552,116064256
4553,116064256
4554,116064256
4555,116064256
4556,116064256
4557,116064256
4558,116064256
4559,116064256
4560,116064256
4561,116064256
4562,116064256
4563,116064256
4564,116064256
4565,116064256
4566,116064256
4567,116064256
4568,116064256
4569,116064256
4570,116064256
4571,116064256
4572,116064256
4573,116064256
4574,116064256
4575,116064256
4576,116064256
4577,116064256
4578,116064256
4579,116064256
4580,116064256
4581,116064256
4582,116064256
4583,116064256
4584,116064256
4585,116064256
4586,116064256
4587,116064256
4588,116064256
4589,116064256
4590,116064256
4591,116064256
4592,116064256
4593,116064256
4594,116064256
4595,116064256
4596,116064256
4597,116064256
4598,116064256
4599,116064256
4600,116064256
4601,116064256
4602,116064256
4603,116064256
4604,116064256
4605,116064256
4606,116064256
4607,116064256
4608,116064256
4609,116064256
4610,116064256
4611,116064256
4612,116064256
4613,116064256
4614,116064256
4615,116064256
4616,116064256
4617,116064256
4618,116064256
4619,116064256
4620,116064256
4621,116064256
4622,116064256
4623,116064256
4624,116064256
4625,116064256
4626,116064256
4627,116064256
4628,116064256
4629,116064256
4630,116064256
4631,116064256
4632,116064256
4633,116326400
4634,116326400
4635,116326400
4636,116326400
4637,116326400
4638,116326400
4639,116326400
4640,116326400
4641,116326400
4642,116326400
4643,116326400
4644,116326400
4645,116326400
4646,116326400
4647,116326400
4648,116326400
4649,116326400
4650,116326400
4651,116326400
4652,116326400
4653,116326400
4654,116326400
4655,116326400
4656,116326400
4657,116326400
4658,116326400
4659,116326400
4660,116326400
4661,116326400
4662,116326400
4663,116326400
4664,116326400
4665,116326400
4666,116326400
4667,116326400
4668,116326400
4669,116326400
4670,116326400
4671,116326400
4672,116326400
4673,116326400
4674,116326400
4675,116326400
4676,116326400
4677,116326400
4678,116326400
4679,116326400
4680,116326400
4681,116326400
4682,116326400
4683,116326400
4684,116326400
4685,116326400
4686,116326400
4687,116326400
4688,116326400
4689,116326400
4690,116326400
4691,116326400
4692,116326400
4693,116326400
4694,116326400
4695,116326400
4696,116326400
4697,116326400
4698,116326400
4699,116326400
4700,116326400
4701,116326400
4702,116326400
4703,116326400
4704,116326400
4705,116326400
4706,116326400
4707,116326400
4708,116326400
4709,116326400
4710,116326400
4711,116326400
4712,116326400
4713,116326400
4714,116326400
4715,116326400
4716,116326400
4717,116326400
4718,116326400
4719,116326400
4720,116326400
4721,116326400
4722,116326400
4723,116326400
4724,116326400
4725,116326400
4726,116326400
4727,116326400
4728,116326400
4729,116326400
4730,116326400
4731,116326400
4732,116326400
4733,116326400
4734,116326400
4735,116326400
4736,116326400
4737,116326400
4738,116326400
4739,116326400
4740,116326400
4741,116326400
4742,116326400
4743,116326400
4744,116326400
4745,116326400
4746,116326400
4747,116326400
4748,116326400
4749,116326400
4750,116326400
4751,116326400
4752,116326400
4753,116326400
4754,116326400
4755,116326400
4756,116326400
4757,116326400
4758,116326400
4759,116326400
4760,116326400
4761,116326400
4762,116326400
4763,116326400
4764,116326400
4765,116326400
4766,116326400
4767,116326400
4768,116326400
4769,116326400
4770,116326400
4771,116326400
4772,116326400
4773,116326400
4774,116326400
4775,116326400
4776,116326400
4777,116326400
4778,116326400
4779,116326400
4780,116326400
4781,116326400
4782,116326400
4783,116326400
4784,116326400
4785,116326400
4786,116326400
4787,116326400
4788,116326400
4789,116326400
4790,116326400
4791,116326400
4792,116326400
4793,116326400
4794,116326400
4795,116326400
4796,116326400
4797,116326400
4798,116326400
4799,116326400
4800,116326400
4801,113168384
4802,113172480
4803,113172480
4804,113172480
4805,113172480
4806,113172480
4807,113172480
4808,113172480
4809,113172480
4810,113172480
4811,113172480
4812,113172480
4813,113172480
4814,113172480
4815,113172480
4816,113172480
4817,113172480
4818,113172480
4819,113172480
4820,113172480
4821,113172480
4822,113778688
4823,113778688
4824,113778688
4825,113778688
4826,113778688
4827,113778688
4828,113778688
4829,113778688
4830,113778688
4831,113778688
4832,113778688
4833,113778688
4834,113778688
4835,113778688
4836,113778688
4837,113778688
4838,113778688
4839,113778688
4840,113778688
4841,113778688
4842,113778688
4843,113778688
4844,113778688
4845,113778688
4846,113778688
4847,113778688
4848,113778688
4849,113778688
4850,113778688
4851,113778688
4852,113778688
4853,113778688
4854,113778688
4855,113778688
4856,113778688
4857,113778688
4858,113778688
4859,113778688
4860,113778688
4861,113778688
4862,113778688
4863,113778688
4864,113778688
4865,113778688
4866,113778688
4867,113778688
4868,113778688
4869,113778688
4870,113778688
4871,113778688
4872,113778688
4873,113778688
4874,113778688
4875,113778688
4876,113778688
4877,113778688
4878,113778688
4879,113778688
4880,113778688
4881,113778688
4882,113778688
4883,113778688
4884,113778688
4885,113778688
4886,113778688
4887,113778688
4888,113778688
4889,113778688
4890,113778688
4891,113778688
4892,113778688
4893,113778688
4894,113778688
4895,113778688
4896,113778688
4897,113778688
4898,113778688
4899,113778688
4900,113778688
4901,113778688
4902,113778688
4903,113778688
4904,113778688
4905,113778688
4906,113778688
4907,113778688
4908,113778688
4909,113778688
4910,113778688
4911,113778688
4912,113778688
4913,113778688
4914,113778688
4915,113778688
4916,113778688
4917,113778688
4918,113778688
4919,113778688
4920,113778688
4921,113778688
4922,113778688
4923,113778688
4924,113778688
4925,113778688
4926,113778688
4927,113778688
4928,113778688
4929,113778688
4930,113778688
4931,113778688
4932,113778688
4933,113778688
4934,113778688
4935,113778688
4936,113778688
4937,113778688
4938,113778688
4939,113778688
4940,113778688
4941,113778688
4942,113778688
4943,113778688
4944,113778688
4945,113778688
4946,113778688
4947,113778688
4948,113778688
4949,113778688
4950,113778688
4951,113778688
4952,113778688
4953,113778688
4954,113778688
4955,113778688
4956,113778688
4957,113778688
4958,113778688
4959,113778688
4960,113778688
4961,113778688
4962,113778688
4963,113778688
4964,113778688
4965,113778688
4966,113778688
4967,113778688
4968,113778688
4969,113778688
4970,113778688
4971,113778688
4972,113778688
4973,113778688
4974,113778688
4975,113778688
4976,113778688
4977,113778688
4978,113778688
4979,113778688
4980,113778688
4981,113778688
4982,113778688
4983,113778688
4984,113778688
4985,113778688
4986,113778688
4987,113778688
4988,113778688
4989,113778688
4990,113778688
4991,113778688
4992,113778688
4993,113778688
4994,113778688
4995,113778688
4996,113778688
4997,113778688
4998,113778688
4999,113778688
5000,113778688
5001,113778688
5002,113778688
5003,113778688
5004,113778688
5005,113778688
5006,113778688
5007,113778688
5008,113778688
5009,113778688
5010,113778688
5011,113778688
5012,113778688
5013,113778688
5014,113778688
5015,113778688
5016,113778688
5017,113778688
5018,113778688
5019,113778688
5020,113778688
5021,113778688
5022,113778688
5023,113778688
5024,113778688
5025,113778688
5026,113778688
5027,113778688
5028,113778688
5029,113778688
5030,113778688
5031,113778688
5032,113778688
5033,113778688
5034,113778688
5035,113778688
5036,113778688
5037,113778688
5038,113778688
5039,113778688
5040,113778688
5041,113778688
5042,113778688
5043,113778688
5044,113778688
5045,113778688
5046,113778688
5047,113778688
5048,113778688
5049,113778688
5050,113778688
5051,113778688
5052,113778688
5053,113778688
5054,113778688
5055,113778688
5056,113778688
5057,113778688
5058,113778688
5059,113778688
5060,113778688
5061,113778688
5062,113778688
5063,113778688
5064,113778688
5065,113778688
5066,113778688
5067,113778688
5068,113778688
5069,113778688
5070,113778688
5071,113778688
5072,113778688
5073,113778688
5074,113778688
5075,113778688
5076,113778688
5077,113778688
5078,113778688
5079,113778688
5080,113778688
5081,113778688
5082,113778688
5083,113778688
5084,113778688
5085,113778688
5086,113778688
5087,113778688
5088,113778688
5089,113778688
5090,113778688
5091,113778688
5092,113778688
5093,113778688
5094,113778688
5095,113778688
5096,113778688
5097,113778688
5098,113778688
5099,113778688
5100,113778688
5101,113778688
5102,113778688
5103,113778688
5104,113778688
5105,113778688
5106,113778688
5107,113778688
5108,113778688
5109,113778688
5110,113778688
5111,113778688
5112,113778688
5113,113778688
5114,113778688
5115,113778688
5116,113778688
5117,113778688
5118,113778688
5119,113778688
5120,113778688
5121,113778688
5122,113778688
5123,113778688
5124,113778688
5125,113778688
5126,113778688
5127,113778688
5128,113778688
5129,113778688
5130,113778688
5131,113778688
5132,113778688
5133,113778688
5134,113778688
5135,113778688
5136,113778688
5137,113778688
5138,113778688
5139,113778688
5140,113778688
5141,113778688
5142,113778688
5143,113778688
5144,113778688
5145,113778688
5146,113778688
5147,113778688
5148,113778688
5149,113778688
5150,113778688
5151,113778688
5152,113778688
5153,113778688
5154,113778688
5155,113778688
5156,113778688
5157,113778688
5158,113778688
5159,113778688
5160,113778688
5161,113778688
5162,113778688
5163,113778688
5164,113778688
5165,113778688
5166,113778688
5167,113778688
5168,113778688
5169,113778688
5170,113778688
5171,113778688
5172,113778688
5173,114040832
5174,114040832
5175,114040832
5176,114040832
5177,114040832
5178,114040832
5179,114040832
5180,114040832
5181,114040832
5182,114040832
5183,114040832
5184,114040832
5185,114040832
5186,114040832
5187,114040832
5188,114040832
5189,114040832
5190,114040832
5191,114040832
5192,114040832
5193,114040832
5194,114040832
5195,114040832
5196,114040832
5197,114040832
5198,114040832
5199,114040832
5200,114040832
5201,113995776
5202,113995776
5203,113995776
5204,113995776
5205,113995776
5206,113995776
5207,113995776
5208,113995776
5209,113995776
5210,113995776
5211,113995776
5212,113995776
5213,113995776
5214,113995776
5215,113995776
5216,113995776
5217,113995776
5218,113995776
5219,113995776
5220,113995776
5221,113995776
5222,113995776
5223,113995776
5224,113995776
5225,113995776
5226,113995776
5227,113995776
5228,113995776
5229,113995776
5230,113995776
5231,113995776
5232,113995776
5233,113995776
5234,113995776
5235,113995776
5236,113995776
5237,113995776
5238,113995776
5239,113995776
5240,113995776
5241,113995776
5242,113995776
5243,113995776
5244,113995776
5245,113995776
5246,113995776
5247,113995776
5248,113995776
5249,113995776
5250,113995776
5251,113995776
5252,113995776
5253,113995776
5254,113995776
5255,113995776
5256,113995776
5257,113995776
5258,113995776
5259,113995776
5260,113995776
5261,113995776
5262,113995776
5263,113995776
5264,113995776
5265,113995776
5266,113995776
5267,113995776
5268,113995776
5269,113995776
5270,113995776
5271,113995776
5272,113995776
5273,113995776
5274,113995776
5275,113995776
5276,113995776
5277,113995776
5278,113995776
5279,113995776
5280,113995776
5281,113995776
5282,113995776
5283,113995776
5284,113995776
5285,113995776
5286,113995776
5287,113995776
5288,113995776
5289,113995776
5290,113995776
5291,113995776
5292,113995776
5293,113995776
5294,113995776
5295,113995776
5296,113995776
5297,113995776
5298,113995776
5299,113995776
5300,113995776
5301,113995776
5302,113995776
5303,113995776
5304,113995776
5305,113995776
5306,113995776
5307,113995776
5308,113995776
5309,113995776
5310,113995776
5311,113995776
5312,113995776
5313,113995776
5314,113995776
5315,113995776
5316,113995776
5317,113995776
5318,113995776
5319,113995776
5320,113995776
5321,113995776
5322,113995776
5323,113995776
5324,113995776
5325,113995776
5326,113995776
5327,113995776
5328,113995776
5329,113995776
5330,113995776
5331,113995776
5332,113995776
5333,113995776
5334,113995776
5335,113995776
5336,113995776
5337,113995776
5338,113995776
5339,113995776
5340,113995776
5341,113995776
5342,113995776
5343,113995776
5344,113995776
5345,113995776
5346,113995776
5347,113995776
5348,113995776
5349,113995776
5350,113995776
5351,113995776
5352,113995776
5353,113995776
5354,113995776
5355,113995776
5356,113995776
5357,113995776
5358,113995776
5359,113995776
5360,113995776
5361,113995776
5362,113995776
5363,113995776
5364,113995776
5365,113995776
5366,113995776
5367,113995776
5368,113995776
5369,113995776
5370,113995776
5371,113995776
5372,113995776
5373,113995776
5374,113995776
5375,113995776
5376,113995776
5377,113995776
5378,113995776
5379,113995776
5380,113995776
5381,113995776
5382,113995776
5383,113995776
5384,113995776
5385,113995776
5386,113995776
5387,113995776
5388,113995776
5389,113995776
5390,113995776
5391,113995776
5392,113995776
5393,113995776
5394,113995776
5395,113995776
5396,113995776
5397,113995776
5398,113995776
5399,113995776
5400,113995776
5401,114319360
5402,114319360
5403,114319360
5404,114319360
5405,114319360
5406,114319360
5407,114319360
5408,114319360
5409,114319360
5410,114319360
5411,114319360
5412,114319360
5413,114319360
5414,114319360
5415,114319360
5416,114319360
5417,114319360
5418,114319360
5419,114319360
5420,114319360
5421,114319360
5422,114319360
5423,114319360
5424,114319360
5425,114319360
5426,114319360
5427,114712576
5428,114712576
5429,114712576
5430,114712576
5431,114712576
5432,114712576
5433,114712576
5434,114712576
5435,114712576
5436,114712576
5437,114712576
5438,114712576
5439,114712576
5440,114712576
5441,114712576
5442,114712576
5443,114712576
5444,114712576
5445,114712576
5446,114712576
5447,114712576
5448,114712576
5449,114712576
5450,114712576
5451,114712576
5452,114712576
5453,114712576
5454,114712576
5455,114712576
5456,114712576
5457,114712576
5458,114712576
5459,114712576
5460,114712576
5461,114712576
5462,114712576
5463,114712576
5464,114712576
5465,114712576
5466,114712576
5467,114712576
5468,114712576
5469,114712576
5470,114712576
5471,114712576
5472,114712576
5473,114712576
5474,114712576
5475,114712576
5476,114712576
5477,114712576
5478,114712576
5479,114712576
5480,114712576
5481,114712576
5482,114712576
5483,114712576
5484,114712576
5485,114712576
5486,114712576
5487,114712576
5488,114712576
5489,114712576
5490,114712576
5491,114712576
5492,114712576
5493,114712576
5494,114712576
5495,114712576
5496,114712576
5497,114712576
5498,114712576
5499,114712576
5500,114712576
5501,114712576
5502,114712576
5503,114712576
5504,114712576
5505,114712576
5506,114712576
5507,114712576
5508,114712576
5509,114712576
5510,114712576
5511,114712576
5512,114712576
5513,114712576
5514,114712576
5515,114712576
5516,114712576
5517,114712576
5518,114712576
5519,114712576
5520,114712576
5521,114712576
5522,114712576
5523,114712576
5524,114712576
5525,114712576
5526,114712576
5527,114712576
5528,114712576
5529,114712576
5530,114712576
5531,114712576
5532,114712576
5533,114712576
5534,114712576
5535,114712576
5536,114712576
5537,114712576
5538,114712576
5539,114712576
5540,114712576
5541,114712576
5542,114712576
5543,114712576
5544,114712576
5545,114712576
5546,114712576
5547,114712576
5548,114712576
5549,114712576
5550,114712576
5551,114712576
5552,114712576
5553,114712576
5554,114712576
5555,114712576
5556,114712576
5557,114712576
5558,114712576
5559,114712576
5560,114712576
5561,114712576
5562,114712576
5563,114712576
5564,114712576
5565,114712576
5566,114712576
5567,114712576
5568,114712576
5569,114712576
5570,114712576
5571,114712576
5572,114712576
5573,114712576
5574,114712576
5575,114712576
5576,114712576
5577,114712576
5578,114712576
5579,114712576
5580,114712576
5581,114712576
5582,114712576
5583,114712576
5584,114712576
5585,114712576
5586,114712576
5587,114712576
5588,114712576
5589,114712576
5590,114712576
5591,114712576
5592,114712576
5593,114712576
5594,114712576
5595,114712576
5596,114712576
5597,114712576
5598,114712576
5599,114712576
5600,114712576
5601,114712576
5602,114712576
5603,114974720
5604,114974720
5605,114974720
5606,114974720
5607,114974720
5608,114974720
5609,114974720
5610,114974720
5611,114974720
5612,114974720
5613,114974720
5614,114974720
5615,114974720
5616,114974720
5617,114974720
5618,114974720
5619,114974720
5620,114974720
5621,114974720
5622,114974720
5623,114974720
5624,114974720
5625,114974720
5626,114974720
5627,114974720
5628,114974720
5629,114974720
5630,114974720
5631,114974720
5632,114974720
5633,114974720
5634,114974720
5635,114974720
5636,114974720
5637,114974720
5638,114974720
5639,114974720
5640,114974720
5641,114974720
5642,114974720
5643,114974720
5644,114974720
5645,114974720
5646,114974720
5647,114974720
5648,114974720
5649,114974720
5650,114974720
5651,114974720
5652,114974720
5653,114974720
5654,114974720
5655,114974720
5656,114974720
5657,114974720
5658,114974720
5659,114974720
5660,114974720
5661,114974720
5662,114974720
5663,114974720
5664,114974720
5665,114974720
5666,114974720
5667,114974720
5668,114974720
5669,114974720
5670,114974720
5671,114974720
5672,114974720
5673,114974720
5674,114974720
5675,114974720
5676,114974720
5677,114974720
5678,114974720
5679,114974720
5680,114974720
5681,114974720
5682,114974720
5683,114974720
5684,114974720
5685,114974720
5686,114974720
5687,114974720
5688,114974720
5689,114974720
5690,114974720
5691,114974720
5692,114974720
5693,114974720
5694,114974720
5695,114974720
5696,114974720
5697,114974720
5698,114974720
5699,114974720
5700,114974720
5701,114974720
5702,114974720
5703,114974720
5704,114974720
5705,114974720
5706,114974720
5707,114974720
5708,114974720
5709,114974720
5710,114974720
5711,114974720
5712,114974720
5713,114974720
5714,114974720
5715,114974720
5716,114974720
5717,114974720
5718,114974720
5719,114974720
5720,114974720
5721,114974720
5722,114974720
5723,114974720
5724,114974720
5725,114974720
5726,114974720
5727,114974720
5728,114974720
5729,114974720
5730,114974720
5731,114974720
5732,114974720
5733,114974720
5734,114974720
5735,114974720
5736,114974720
5737,114974720
5738,114974720
5739,114974720
5740,114974720
5741,114974720
5742,114974720
5743,114974720
5744,114974720
5745,114974720
5746,114974720
5747,114974720
5748,114974720
5749,114974720
5750,114974720
5751,114974720
5752,114974720
5753,114974720
5754,114974720
5755,114974720
5756,114974720
5757,114974720
5758,114974720
5759,114974720
5760,114974720
5761,114974720
5762,114974720
5763,114974720
5764,114974720
5765,114974720
5766,114974720
5767,114974720
5768,114974720
5769,114974720
5770,114974720
5771,114974720
5772,114974720
5773,114974720
5774,114974720
5775,114974720
5776,114974720
5777,114974720
5778,114974720
5779,115236864
5780,115236864
5781,115236864
5782,115236864
5783,115236864
5784,115236864
5785,115236864
5786,115236864
5787,115236864
5788,115236864
5789,115236864
5790,115236864
5791,115236864
5792,115236864
5793,115236864
5794,115236864
5795,115236864
5796,115236864
5797,115236864
5798,115236864
5799,115236864
5800,115236864
5801,115236864
5802,115236864
5803,115236864
5804,115236864
5805,115236864
5806,115236864
5807,115236864
5808,115236864
5809,115236864
5810,115236864
5811,115236864
5812,115236864
5813,115236864
5814,115236864
5815,115236864
5816,115236864
5817,115236864
5818,115236864
5819,115236864
5820,115236864
5821,115236864
5822,115236864
5823,115236864
5824,115236864
5825,115236864
5826,115236864
5827,115236864
5828,115236864
5829,115236864
5830,115236864
5831,115236864
5832,115236864
5833,115236864
5834,115236864
5835,115236864
5836,115236864
5837,115236864
5838,115236864
5839,115236864
5840,115236864
5841,115236864
5842,115236864
5843,115236864
5844,115236864
5845,115240960
5846,115240960
5847,115240960
5848,115240960
5849,115240960
5850,115240960
5851,115240960
5852,115240960
5853,115240960
5854,115240960
5855,115240960
5856,115240960
5857,115240960
5858,115240960
5859,115240960
5860,115240960
5861,115240960
5862,115240960
5863,115240960
5864,115240960
5865,115240960
5866,115240960
5867,115240960
5868,115240960
5869,115240960
5870,115240960
5871,115240960
5872,115240960
5873,115240960
5874,115240960
5875,115240960
5876,115240960
5877,115240960
5878,115240960
5879,115240960
5880,115240960
5881,115240960
5882,115240960
5883,115240960
5884,115240960
5885,115240960
5886,115240960
5887,115240960
5888,115240960
5889,115240960
5890,115240960
5891,115240960
5892,115240960
5893,115240960
5894,115240960
5895,115240960
5896,115240960
5897,115240960
5898,115240960
5899,115240960
5900,115240960
5901,115240960
5902,115240960
5903,115240960
5904,115240960
5905,115240960
5906,115240960
5907,115240960
5908,115240960
5909,115240960
5910,115240960
5911,115240960
5912,115240960
5913,115240960
5914,115240960
5915,115240960
5916,115240960
5917,115240960
5918,115240960
5919,115240960
5920,115240960
5921,115240960
5922,115240960
5923,115240960
5924,115240960
5925,115240960
5926,115240960
5927,115240960
5928,115240960
5929,115240960
5930,115240960
5931,115240960
5932,115240960
5933,115240960
5934,115240960
5935,115240960
5936,115240960
5937,115240960
5938,115240960
5939,115240960
5940,115240960
5941,115240960
5942,113344512
5943,113344512
5944,113344512
5945,113344512
5946,113348608
5947,113348608
5948,113348608
5949,113348608
5950,113348608
5951,113348608
5952,113348608
5953,113348608
5954,113348608
5955,113659904
5956,113659904
5957,113659904
5958,113659904
5959,113659904
5960,113811456
5961,113811456
5962,113811456
5963,113811456
5964,113811456
5965,113811456
5966,113811456
5967,113811456
5968,113811456
5969,113811456
5970,113811456
5971,113811456
5972,113811456
5973,113811456
5974,113811456
5975,113811456
5976,113811456
5977,113811456
5978,113811456
5979,113811456
5980,113811456
5981,113811456
5982,113811456
5983,113811456
5984,113811456
5985,113811456
5986,113811456
5987,113811456
5988,113811456
5989,113811456
5990,113811456
5991,113811456
5992,113811456
5993,113811456
5994,113811456
5995,113811456
5996,113811456
5997,113811456
5998,113811456
5999,113811456
6000,113913856
6001,112545792
6002,112545792
6003,112545792
6004,112549888
6005,112549888
6006,112549888
6007,112549888
6008,112549888
6009,112549888
6010,112549888
6011,112549888
6012,112549888
6013,112549888
6014,112549888
6015,112549888
6016,112549888
6017,112549888
6018,112549888
6019,112549888
6020,112549888
6021,112549888
6022,112549888
6023,112549888
6024,112549888
6025,112549888
6026,112549888
6027,112549888
6028,112549888
6029,112549888
6030,112549888
6031,112562176
6032,112562176
6033,112562176
6034,112562176
6035,112562176
6036,112562176
6037,112562176
6038,112562176
6039,112562176
6040,112562176
6041,112562176
6042,112562176
6043,112562176
6044,112562176
6045,112562176
6046,112562176
6047,112586752
6048,112586752
6049,112590848
6050,112590848
6051,112590848
6052,112590848
6053,112590848
6054,112590848
6055,112590848
6056,112590848
6057,112590848
6058,112590848
6059,112590848
6060,112590848
6061,112590848
6062,112590848
6063,112615424
6064,112615424
6065,112615424
6066,112615424
6067,112615424
6068,112615424
6069,112615424
6070,112615424
6071,112615424
6072,112615424
6073,112615424
6074,112615424
6075,112615424
6076,112615424
6077,112615424
6078,112615424
6079,112644096
6080,112644096
6081,112619520
6082,112619520
6083,112619520
6084,112619520
6085,112619520
6086,112619520
6087,112619520
6088,112619520
6089,112619520
6090,112619520
6091,112619520
6092,112619520
6093,112619520
6094,112619520
6095,112644096
6096,112644096
6097,112644096
6098,112644096
6099,112644096
6100,112644096
6101,112644096
6102,112644096
6103,112644096
6104,112644096
6105,112644096
6106,112644096
6107,112644096
6108,112644096
6109,112644096
6110,112644096
6111,112668672
6112,112668672
6113,112668672
6114,112668672
6115,112668672
6116,112668672
6117,112668672
6118,112668672
6119,112668672
6120,112668672
6121,112668672
6122,112668672
6123,112668672
6124,112668672
6125,112668672
6126,112668672
6127,112701440
6128,112701440
6129,112701440
6130,112701440
6131,112701440
6132,112701440
6133,112701440
6134,112701440
6135,112701440
6136,112701440
6137,112701440
6138,112701440
6139,112701440
6140,112701440
6141,112701440
6142,112701440
6143,112734208
6144,112734208
6145,112734208
6146,112734208
6147,112734208
6148,112734208
6149,112734208
6150,112734208
6151,112734208
6152,112734208
6153,112734208
6154,112734208
6155,112734208
6156,112734208
6157,112734208
6158,112734208
6159,112734208
6160,112734208
6161,112734208
6162,112734208
6163,112734208
6164,112734208
6165,112734208
6166,112734208
6167,112734208
6168,112734208
6169,112734208
6170,112734208
6171,112734208
6172,112734208
6173,112734208
6174,112734208
6175,112734208
6176,112734208
6177,112734208
6178,112734208
6179,112734208
6180,112734208
6181,112734208
6182,112734208
6183,112734208
6184,112734208
6185,112734208
6186,112734208
6187,112734208
6188,112734208
6189,112734208
6190,112734208
6191,112734208
6192,112734208
6193,112734208
6194,112734208
6195,112734208
6196,112734208
6197,112734208
6198,112734208
6199,112734208
6200,112734208
6201,112734208
6202,112734208
6203,112734208
6204,112734208
6205,112734208
6206,112734208
6207,112734208
6208,112734208
6209,112734208
6210,112734208
6211,112734208
6212,112734208
6213,112734208
6214,112734208
6215,112734208
6216,112734208
6217,112734208
6218,112734208
6219,112734208
6220,112734208
6221,112734208
6222,112734208
6223,112734208
6224,112734208
6225,112734208
6226,112734208
6227,112734208
6228,112734208
6229,112734208
6230,112734208
6231,112734208
6232,112734208
6233,112734208
6234,112734208
6235,112734208
6236,112734208
6237,112734208
6238,112734208
6239,112734208
6240,112734208
6241,112734208
6242,112734208
6243,112734208
6244,112734208
6245,112734208
6246,112734208
6247,112734208
6248,112734208
6249,112734208
6250,112734208
6251,112734208
6252,112734208
6253,112734208
6254,112734208
6255,112734208
6256,112734208
6257,112734208
6258,112734208
6259,112734208
6260,112734208
6261,112734208
6262,112734208
6263,112734208
6264,112734208
6265,112734208
6266,112734208
6267,112734208
6268,112734208
6269,112734208
6270,112734208
6271,112734208
6272,112734208
6273,112734208
6274,112734208
6275,112734208
6276,112734208
6277,112734208
6278,112734208
6279,112734208
6280,112734208
6281,112734208
6282,112734208
6283,112734208
6284,112734208
6285,112734208
6286,112734208
6287,112734208
6288,112734208
6289,112734208
6290,112734208
6291,112734208
6292,112734208
6293,112734208
6294,112734208
6295,112734208
6296,112734208
6297,112734208
6298,112734208
6299,112734208
6300,112734208
6301,112734208
6302,112734208
6303,112734208
6304,112734208
6305,112734208
6306,112734208
6307,112734208
6308,112734208
6309,112734208
6310,112734208
6311,112734208
6312,112734208
6313,112734208
6314,112734208
6315,112734208
6316,112734208
6317,112734208
6318,112734208
6319,112734208
6320,112734208
6321,112734208
6322,112734208
6323,112734208
6324,112734208
6325,112734208
6326,112734208
6327,112734208
6328,112734208
6329,112734208
6330,112734208
6331,112734208
6332,112734208
6333,112734208
6334,112734208
6335,112734208
6336,112734208
6337,112734208
6338,112734208
6339,112734208
6340,112734208
6341,112734208
6342,112734208
6343,112734208
6344,112734208
6345,112734208
6346,112734208
6347,112734208
6348,112734208
6349,112734208
6350,112734208
6351,112734208
6352,112734208
6353,112734208
6354,112762880
6355,112771072
6356,112771072
6357,112779264
6358,112779264
6359,112779264
6360,112779264
6361,112779264
6362,112779264
6363,112779264
6364,112779264
6365,112779264
6366,112779264
6367,112779264
6368,112779264
6369,112779264
6370,112779264
6371,112779264
6372,112779264
6373,112779264
6374,112779264
6375,112779264
6376,112779264
6377,112779264
6378,112779264
6379,112779264
6380,112779264
6381,112779264
6382,112779264
6383,112779264
6384,112779264
6385,112779264
6386,112779264
6387,112779264
6388,112779264
6389,112779264
6390,112779264
6391,112779264
6392,112779264
6393,112779264
6394,112779264
6395,112779264
6396,112779264
6397,112779264
6398,112779264
6399,112779264
6400,112779264
6401,112758784
6402,112758784
6403,112758784
6404,112758784
6405,112758784
6406,112758784
6407,112758784
6408,112758784
6409,112758784
6410,112758784
6411,112758784
6412,112758784
6413,112758784
6414,112758784
6415,112758784
6416,112758784
6417,112758784
6418,112758784
6419,112758784
6420,112758784
6421,112758784
6422,112758784
6423,112758784
6424,112758784
6425,112758784
6426,112758784
6427,112758784
6428,112758784
6429,112758784
6430,112758784
6431,112758784
6432,112758784
6433,112758784
6434,112758784
6435,112758784
6436,112758784
6437,112734208
6438,112734208
6439,112734208
6440,112734208
6441,112734208
6442,112734208
6443,112734208
6444,112734208
6445,112734208
6446,112734208
6447,112734208
6448,112734208
6449,112734208
6450,112734208
6451,112734208
6452,112734208
6453,112734208
6454,112734208
6455,112734208
6456,112734208
6457,112734208
6458,112734208
6459,112734208
6460,112734208
6461,112734208
6462,112734208
6463,112734208
6464,112734208
6465,112734208
6466,112734208
6467,112734208
6468,112734208
6469,112734208
6470,112734208
6471,112734208
6472,112734208
6473,112734208
6474,112734208
6475,112734208
6476,112734208
6477,112734208
6478,112734208
6479,112734208
6480,112734208
6481,112734208
6482,112734208
6483,112734208
6484,112734208
6485,112734208
6486,112734208
6487,112734208
6488,112734208
6489,112734208
6490,112734208
6491,112734208
6492,112734208
6493,112734208
6494,112734208
6495,112734208
6496,112734208
6497,112734208
6498,112734208
6499,112734208
6500,112734208
6501,112734208
6502,112734208
6503,112734208
6504,112734208
6505,112734208
6506,112734208
6507,112734208
6508,112734208
6509,112734208
6510,112734208
6511,112734208
6512,112734208
6513,112734208
6514,112734208
6515,112734208
6516,112734208
6517,112734208
6518,112734208
6519,112734208
6520,112734208
6521,112734208
6522,112734208
6523,112734208
6524,112734208
6525,112734208
6526,112734208
6527,112734208
6528,112734208
6529,112734208
6530,112734208
6531,112734208
6532,112734208
6533,112734208
6534,112734208
6535,112734208
6536,112734208
6537,112734208
6538,112734208
6539,112734208
6540,112734208
6541,112734208
6542,112734208
6543,112734208
6544,112734208
6545,112734208
6546,112734208
6547,112734208
6548,112734208
6549,112734208
6550,112734208
6551,112734208
6552,112734208
6553,112734208
6554,112734208
6555,112734208
6556,112734208
6557,112734208
6558,112734208
6559,112734208
6560,112734208
6561,112734208
6562,112734208
6563,112734208
6564,112734208
6565,112734208
6566,112734208
6567,112734208
6568,112734208
6569,112734208
6570,112734208
6571,112734208
6572,112734208
6573,112734208
6574,112734208
6575,112734208
6576,112734208
6577,112734208
6578,112734208
6579,112734208
6580,112734208
6581,112734208
6582,112734208
6583,112734208
6584,112734208
6585,112734208
6586,112734208
6587,112734208
6588,112734208
6589,112734208
6590,112734208
6591,112734208
6592,112734208
6593,112734208
6594,112734208
6595,112734208
6596,112734208
6597,112734208
6598,112734208
6599,112734208
6600,112734208
6601,113352704
6602,113352704
6603,113352704
6604,113352704
6605,113352704
6606,113352704
6607,113352704
6608,113352704
6609,113352704
6610,113352704
6611,113352704
6612,113352704
6613,113352704
6614,113352704
6615,113352704
6616,113352704
6617,113352704
6618,113352704
6619,113352704
6620,113352704
6621,113352704
6622,113352704
6623,113352704
6624,113352704
6625,113352704
6626,113352704
6627,113352704
6628,113352704
6629,113352704
6630,113352704
6631,113352704
6632,113352704
6633,113352704
6634,113352704
6635,113352704
6636,113352704
6637,113352704
6638,113352704
6639,113352704
6640,113352704
6641,113352704
6642,113352704
6643,113352704
6644,113352704
6645,113352704
6646,113352704
6647,113352704
6648,113352704
6649,113352704
6650,113352704
6651,113352704
6652,113352704
6653,113352704
6654,113352704
6655,113352704
6656,113352704
6657,113352704
6658,113352704
6659,113352704
6660,113352704
6661,113352704
6662,113352704
6663,113352704
6664,113352704
6665,113352704
6666,113352704
6667,113352704
6668,113352704
6669,113352704
6670,113352704
6671,113352704
6672,113352704
6673,113352704
6674,113352704
6675,113352704
6676,113352704
6677,113352704
6678,113352704
6679,113352704
6680,113352704
6681,113324032
6682,113324032
6683,113324032
6684,113324032
6685,113324032
6686,113324032
6687,113324032
6688,113324032
6689,113324032
6690,113324032
6691,113324032
6692,113324032
6693,113324032
6694,113324032
6695,113324032
6696,113324032
6697,113324032
6698,113324032
6699,113324032
6700,113324032
6701,113324032
6702,113324032
6703,113324032
6704,113324032
6705,113324032
6706,113324032
6707,113324032
6708,113324032
6709,113324032
6710,113324032
6711,113324032
6712,113324032
6713,113324032
6714,113324032
6715,113324032
6716,113324032
6717,113324032
6718,113324032
6719,113324032
6720,113324032
6721,113324032
6722,113324032
6723,113324032
6724,113324032
6725,113324032
6726,113324032
6727,113324032
6728,113324032
6729,113324032
6730,113324032
6731,113324032
6732,113324032
6733,113324032
6734,113324032
6735,113324032
6736,113324032
6737,113324032
6738,113324032
6739,113324032
6740,113324032
6741,113324032
6742,113324032
6743,113324032
6744,113324032
6745,113324032
6746,113324032
6747,113324032
6748,113324032
6749,113324032
6750,113324032
6751,113324032
6752,113324032
6753,113324032
6754,113324032
6755,113324032
6756,113324032
6757,113324032
6758,113324032
6759,113324032
6760,113324032
6761,113324032
6762,113324032
6763,113324032
6764,113324032
6765,113324032
6766,113324032
6767,113324032
6768,113324032
6769,113324032
6770,113324032
6771,113324032
6772,113324032
6773,113324032
6774,113324032
6775,113324032
6776,113324032
6777,113324032
6778,113324032
6779,113324032
6780,113324032
6781,113324032
6782,113324032
6783,113324032
6784,113324032
6785,113324032
6786,113324032
6787,113324032
6788,113324032
6789,113324032
6790,113324032
6791,113324032
6792,113324032
6793,113324032
6794,113324032
6795,113324032
6796,113324032
6797,113324032
6798,113324032
6799,113324032
6800,113324032
6801,113324032
6802,113324032
6803,113324032
6804,113324032
6805,113324032
6806,113324032
6807,113324032
6808,113324032
6809,113324032
6810,113324032
6811,113324032
6812,113324032
6813,113324032
6814,113324032
6815,113324032
6816,113324032
6817,113324032
6818,113324032
6819,113324032
6820,113324032
6821,113324032
6822,113324032
6823,113324032
6824,113324032
6825,113324032
6826,113324032
6827,113324032
6828,113324032
6829,113324032
6830,113324032
6831,113324032
6832,113324032
6833,113324032
6834,113324032
6835,113324032
6836,113324032
6837,113324032
6838,113324032
6839,113324032
6840,113324032
6841,113324032
6842,113324032
6843,113324032
6844,113324032
6845,113324032
6846,113324032
6847,113324032
6848,113324032
6849,113324032
6850,113324032
6851,113324032
6852,113324032
6853,113324032
6854,113324032
6855,113324032
6856,113324032
6857,113324032
6858,113324032
6859,113324032
6860,113324032
6861,113324032
6862,113324032
6863,113324032
6864,113324032
6865,113324032
6866,113324032
6867,113324032
6868,113324032
6869,113324032
6870,113324032
6871,113324032
6872,113324032
6873,113324032
6874,113324032
6875,113324032
6876,113324032
6877,113324032
6878,113324032
6879,113324032
6880,113324032
6881,113324032
6882,113324032
6883,113324032
6884,113324032
6885,113324032
6886,113324032
6887,113324032
6888,113324032
6889,113324032
6890,113324032
6891,113324032
6892,113324032
6893,113324032
6894,113324032
6895,113324032
6896,113324032
6897,113324032
6898,113324032
6899,113324032
6900,113324032
6901,113324032
6902,113324032
6903,113324032
6904,113324032
6905,113324032
6906,113324032
6907,113324032
6908,113324032
6909,113324032
6910,113324032
6911,113324032
6912,113324032
6913,113324032
6914,113324032
6915,113324032
6916,113324032
6917,113324032
6918,113324032
6919,113324032
6920,113324032
6921,113324032
6922,113324032
6923,113324032
6924,113324032
6925,113324032
6926,113324032
6927,113324032
6928,113324032
6929,113324032
6930,113324032
6931,113324032
6932,113324032
6933,113324032
6934,113324032
6935,113324032
6936,113324032
6937,113324032
6938,113324032
6939,113324032
6940,113324032
6941,113324032
6942,113324032
6943,113324032
6944,113324032
6945,113324032
6946,113324032
6947,113324032
6948,113324032
6949,113324032
6950,113324032
6951,113324032
6952,113324032
6953,113324032
6954,113324032
6955,113324032
6956,113324032
6957,113324032
6958,113324032
6959,113324032
6960,113324032
6961,113324032
6962,113324032
6963,113324032
6964,113324032
6965,113324032
6966,113324032
6967,113324032
6968,113324032
6969,113324032
6970,113324032
6971,113324032
6972,113324032
6973,113324032
6974,113324032
6975,113324032
6976,113324032
6977,113324032
6978,113324032
6979,113324032
6980,113324032
6981,113324032
6982,113324032
6983,113324032
6984,113324032
6985,113324032
6986,113324032
6987,113324032
6988,113324032
6989,113324032
6990,113324032
6991,113324032
6992,113324032
6993,113324032
6994,113324032
6995,113324032
6996,113324032
6997,113324032
6998,113324032
6999,113324032
7000,113324032
7001,113324032
7002,113324032
7003,113324032
7004,113324032
7005,113324032
7006,113324032
7007,113324032
7008,113324032
7009,113324032
7010,113324032
7011,113324032
7012,113324032
7013,113324032
7014,113324032
7015,113324032
7016,113324032
7017,113324032
7018,113324032
7019,113324032
7020,113324032
7021,113324032
7022,113324032
7023,113324032
7024,113324032
7025,113324032
7026,113324032
7027,113324032
7028,113324032
7029,113324032
7030,113324032
7031,113324032
7032,113324032
7033,113324032
7034,113324032
7035,113324032
7036,113324032
7037,113324032
7038,113324032
7039,113324032
7040,113324032
7041,113324032
7042,113324032
7043,113324032
7044,113324032
7045,113324032
7046,113324032
7047,113324032
7048,113324032
7049,113324032
7050,113324032
7051,113324032
7052,113324032
7053,113324032
7054,113324032
7055,113324032
7056,113324032
7057,113324032
7058,113324032
7059,113324032
7060,113324032
7061,113324032
7062,113324032
7063,113324032
7064,113324032
7065,113324032
7066,113324032
7067,113324032
7068,113324032
7069,113324032
7070,113324032
7071,113324032
7072,113324032
7073,113324032
7074,113324032
7075,113324032
7076,113324032
7077,113324032
7078,113324032
7079,113324032
7080,113324032
7081,113324032
7082,113324032
7083,113324032
7084,113324032
7085,113324032
7086,113324032
7087,113324032
7088,113324032
7089,113324032
7090,113324032
7091,113324032
7092,113324032
7093,113324032
7094,113324032
7095,113324032
7096,113324032
7097,113324032
7098,113324032
7099,113324032
7100,113324032
7101,113324032
7102,113324032
7103,113324032
7104,113324032
7105,113324032
7106,113324032
7107,113324032
7108,113324032
7109,113324032
7110,113324032
7111,113324032
7112,113324032
7113,113324032
7114,113324032
7115,113324032
7116,113324032
7117,113324032
7118,113324032
7119,113324032
7120,113324032
7121,113324032
7122,113324032
7123,113324032
7124,113324032
7125,113324032
7126,113324032
7127,113324032
7128,113324032
7129,113324032
7130,113324032
7131,113324032
7132,113324032
7133,113324032
7134,113324032
7135,113324032
7136,113324032
7137,113324032
7138,113324032
7139,113324032
7140,113324032
7141,113324032
7142,113324032
7143,113324032
7144,113324032
7145,113324032
7146,113324032
7147,113324032
7148,113324032
7149,113324032
7150,113324032
7151,113324032
7152,113324032
7153,113324032
7154,113324032
7155,113324032
7156,113324032
7157,113324032
7158,113324032
7159,113324032
7160,113324032
7161,113324032
7162,113324032
7163,113324032
7164,113324032
7165,113324032
7166,113324032
7167,113324032
7168,113324032
7169,113324032
7170,113324032
7171,113324032
7172,113324032
7173,113324032
7174,113324032
7175,113324032
7176,113324032
7177,113324032
7178,113324032
7179,113324032
7180,113324032
7181,113324032
7182,113324032
7183,113324032
7184,113520640
7185,113520640
7186,113520640
7187,113520640
7188,113520640
7189,113520640
7190,113520640
7191,113520640
7192,113520640
7193,113520640
7194,113520640
7195,113520640
7196,113520640
7197,113520640
7198,113520640
7199,113520640
7200,113520640
7201,114835456
7202,114835456
7203,114835456
7204,114835456
7205,114835456
7206,114835456
7207,114835456
7208,114835456
7209,114835456
7210,114835456
7211,114835456
7212,114835456
7213,114835456
7214,114835456
7215,114835456
7216,114835456
7217,114835456
7218,114835456
7219,114835456
7220,114835456
7221,114835456
7222,114835456
7223,114835456
7224,114835456
7225,114835456
7226,114835456
7227,114835456
7228,114835456
7229,114835456
7230,114835456
7231,114835456
7232,114835456
7233,114835456
7234,114835456
7235,114835456
7236,114835456
7237,114835456
7238,114835456
7239,114835456
7240,114835456
7241,114835456
7242,114835456
7243,114835456
7244,114835456
7245,114835456
7246,114835456
7247,114835456
7248,114835456
7249,114835456
7250,114835456
7251,114835456
7252,114835456
7253,114835456
7254,114835456
7255,114835456
7256,114835456
7257,114835456
7258,114835456
7259,114835456
7260,114835456
7261,114835456
7262,114835456
7263,114835456
7264,114835456
7265,114835456
7266,114835456
7267,114835456
7268,114835456
7269,114835456
7270,114835456
7271,114835456
7272,114835456
7273,114835456
7274,114835456
7275,114835456
7276,114835456
7277,114835456
7278,114835456
7279,114835456
7280,114835456
7281,114790400
7282,114790400
7283,114790400
7284,114790400
7285,114790400
7286,114790400
7287,114790400
7288,114790400
7289,114790400
7290,114790400
7291,114790400
7292,114790400
7293,114790400
7294,114790400
7295,114790400
7296,114790400
7297,114790400
7298,114790400
7299,114790400
7300,114790400
7301,114790400
7302,114790400
7303,114790400
7304,114790400
7305,114790400
7306,114790400
7307,114790400
7308,114790400
7309,114790400
7310,114790400
7311,114790400
7312,114790400
7313,114790400
7314,114790400
7315,114790400
7316,114790400
7317,114790400
7318,114790400
7319,114790400
7320,114790400
7321,114790400
7322,114790400
7323,114790400
7324,114790400
7325,114790400
7326,114790400
7327,114790400
7328,114790400
7329,114790400
7330,114790400
7331,114790400
7332,114790400
7333,114790400
7334,114790400
7335,114790400
7336,114790400
7337,114790400
7338,114790400
7339,114790400
7340,114790400
7341,114790400
7342,114790400
7343,114790400
7344,114790400
7345,114790400
7346,114790400
7347,114790400
7348,114790400
7349,114790400
7350,114790400
7351,114790400
7352,114790400
7353,114790400
7354,114790400
7355,114790400
7356,114790400
7357,114790400
7358,114790400
7359,114790400
7360,114790400
7361,114790400
7362,114790400
7363,114790400
7364,114790400
7365,114790400
7366,114790400
7367,114790400
7368,114790400
7369,114790400
7370,114790400
7371,114790400
7372,115052544
7373,115052544
7374,115052544
7375,115052544
7376,115052544
7377,115052544
7378,115052544
7379,115052544
7380,115052544
7381,115052544
7382,115052544
7383,115052544
7384,115052544
7385,115052544
7386,115052544
7387,115052544
7388,115052544
7389,115052544
7390,115052544
7391,115052544
7392,115052544
7393,115052544
7394,115052544
7395,115052544
7396,115052544
7397,115052544
7398,115052544
7399,115052544
7400,115052544
7401,115052544
7402,115052544
7403,115052544
7404,115052544
7405,115052544
7406,115052544
7407,115052544
7408,115052544
7409,115052544
7410,115052544
7411,115052544
7412,115052544
7413,115052544
7414,115052544
7415,115052544
7416,115052544
7417,115052544
7418,115052544
7419,115052544
7420,115052544
7421,115052544
7422,115052544
7423,115052544
7424,115052544
7425,115052544
7426,115052544
7427,115052544
7428,115052544
7429,115052544
7430,115052544
7431,115052544
7432,115052544
7433,115052544
7434,115052544
7435,115052544
7436,115052544
7437,115052544
7438,115052544
7439,115052544
7440,115052544
7441,115052544
7442,115052544
7443,115052544
7444,115052544
7445,115052544
7446,115052544
7447,115052544
7448,115052544
7449,115052544
7450,115052544
7451,115052544
7452,115052544
7453,115052544
7454,115052544
7455,115052544
7456,115052544
7457,115052544
7458,115052544
7459,115052544
7460,115052544
7461,115052544
7462,115052544
7463,115052544
7464,115052544
7465,115052544
7466,115052544
7467,115052544
7468,115052544
7469,115052544
7470,115052544
7471,115052544
7472,115052544
7473,115052544
7474,115052544
7475,115052544
7476,115052544
7477,115052544
7478,115052544
7479,115052544
7480,115052544
7481,115052544
7482,115052544
7483,115052544
7484,115052544
7485,115052544
7486,115052544
7487,115052544
7488,115052544
7489,115052544
7490,115052544
7491,115052544
7492,115052544
7493,115052544
7494,115052544
7495,115052544
7496,115052544
7497,115052544
7498,115052544
7499,115052544
7500,115052544
7501,115052544
7502,115052544
7503,115052544
7504,115052544
7505,115052544
7506,115052544
7507,115052544
7508,115052544
7509,115052544
7510,115052544
7511,115052544
7512,115052544
7513,115052544
7514,115052544
7515,115052544
7516,115052544
7517,115052544
7518,115052544
7519,115052544
7520,115052544
7521,115052544
7522,115052544
7523,115052544
7524,115052544
7525,115052544
7526,115052544
7527,115052544
7528,115052544
7529,115052544
7530,115052544
7531,115052544
7532,115314688
7533,115314688
7534,115314688
7535,115314688
7536,115314688
7537,115314688
7538,115314688
7539,115314688
7540,115314688
7541,115314688
7542,115314688
7543,115314688
7544,115314688
7545,115314688
7546,115314688
7547,115314688
7548,115314688
7549,115314688
7550,115314688
7551,115314688
7552,115314688
7553,115314688
7554,115314688
7555,115314688
7556,115314688
7557,115314688
7558,115314688
7559,115314688
7560,115314688
7561,115314688
7562,115314688
7563,115314688
7564,115314688
7565,115314688
7566,115314688
7567,115314688
7568,115314688
7569,115314688
7570,115314688
7571,115314688
7572,115314688
7573,115314688
7574,115314688
7575,115314688
7576,115314688
7577,115314688
7578,115314688
7579,115314688
7580,115314688
7581,115314688
7582,115314688
7583,115314688
7584,115314688
7585,115314688
7586,115314688
7587,115314688
7588,115314688
7589,115314688
7590,115314688
7591,115314688
7592,115314688
7593,115314688
7594,115314688
7595,115314688
7596,115314688
7597,115314688
7598,115314688
7599,115314688
7600,115314688
7601,115314688
7602,115314688
7603,115314688
7604,115314688
7605,115314688
7606,115314688
7607,115314688
7608,115314688
7609,115314688
7610,115314688
7611,115314688
7612,115314688
7613,115314688
7614,115314688
7615,115314688
7616,115314688
7617,115314688
7618,115314688
7619,115314688
7620,115314688
7621,115314688
7622,115314688
7623,115314688
7624,115314688
7625,115314688
7626,115314688
7627,115314688
7628,115314688
7629,115314688
7630,115314688
7631,115314688
7632,115314688
7633,115314688
7634,115314688
7635,115314688
7636,115314688
7637,115314688
7638,115314688
7639,115314688
7640,115314688
7641,115314688
7642,115314688
7643,115314688
7644,115314688
7645,115314688
7646,115314688
7647,115314688
7648,115314688
7649,115314688
7650,115314688
7651,115314688
7652,115314688
7653,115314688
7654,115314688
7655,115314688
7656,115314688
7657,115314688
7658,115314688
7659,115314688
7660,115314688
7661,115314688
7662,115314688
7663,115314688
7664,115314688
7665,115314688
7666,115314688
7667,115314688
7668,115314688
7669,115314688
7670,115314688
7671,115314688
7672,115314688
7673,115314688
7674,115314688
7675,115314688
7676,115314688
7677,115314688
7678,115314688
7679,115314688
7680,115314688
7681,115314688
7682,115314688
7683,115314688
7684,115314688
7685,115314688
7686,115314688
7687,115314688
7688,115314688
7689,115314688
7690,115314688
7691,115314688
7692,115314688
7693,115314688
7694,115314688
7695,115314688
7696,115314688
7697,115314688
7698,115314688
7699,115314688
7700,115314688
7701,115314688
7702,115314688
7703,115314688
7704,115314688
7705,115314688
7706,115314688
7707,115314688
7708,115314688
7709,115314688
7710,115314688
7711,115314688
7712,115314688
7713,115314688
7714,115314688
7715,115314688
7716,115314688
7717,115314688
7718,115314688
7719,115314688
7720,115314688
7721,115314688
7722,115314688
7723,115314688
7724,115314688
7725,115314688
7726,115314688
7727,115314688
7728,115314688
7729,115314688
7730,115314688
7731,115314688
7732,115314688
7733,115314688
7734,115314688
7735,115314688
7736,115314688
7737,115314688
7738,115314688
7739,115314688
7740,115314688
7741,115314688
7742,115314688
7743,115314688
7744,115314688
7745,115314688
7746,115314688
7747,115314688
7748,115314688
7749,115314688
7750,115314688
7751,115314688
7752,115314688
7753,115314688
7754,115314688
7755,115314688
7756,115314688
7757,115314688
7758,115314688
7759,115314688
7760,115314688
7761,115314688
7762,115314688
7763,115314688
7764,115314688
7765,115314688
7766,115314688
7767,115314688
7768,115314688
7769,115314688
7770,115314688
7771,115314688
7772,115314688
7773,115707904
7774,115707904
7775,115707904
7776,115707904
7777,115707904
7778,115707904
7779,115707904
7780,115707904
7781,115707904
7782,115707904
7783,115707904
7784,115707904
7785,115707904
7786,115707904
7787,115707904
7788,115707904
7789,115707904
7790,115707904
7791,115707904
7792,115707904
7793,115707904
7794,115707904
7795,115707904
7796,115707904
7797,115707904
7798,115707904
7799,115707904
7800,115707904
7801,116953088
7802,116953088
7803,116953088
7804,116953088
7805,116953088
7806,116953088
7807,116953088
7808,116953088
7809,116953088
7810,116953088
7811,116953088
7812,116953088
7813,116953088
7814,116953088
7815,116953088
7816,116953088
7817,116953088
7818,116953088
7819,116953088
7820,116953088
7821,116953088
7822,116953088
7823,116953088
7824,116953088
7825,116953088
7826,116953088
7827,116953088
7828,116953088
7829,116953088
7830,116953088
7831,116953088
7832,116953088
7833,116953088
7834,116953088
7835,116953088
7836,116953088
7837,116953088
7838,116953088
7839,116953088
7840,116953088
7841,116953088
7842,116953088
7843,116953088
7844,116953088
7845,116953088
7846,116953088
7847,116953088
7848,116953088
7849,116953088
7850,116953088
7851,116953088
7852,116953088
7853,116953088
7854,116953088
7855,116953088
7856,116953088
7857,116953088
7858,116953088
7859,116953088
7860,116953088
7861,116953088
7862,116953088
7863,116953088
7864,116953088
7865,116953088
7866,116953088
7867,116953088
7868,116953088
7869,116953088
7870,116953088
7871,116953088
7872,116953088
7873,116953088
7874,116953088
7875,116953088
7876,116953088
7877,116953088
7878,116953088
7879,116953088
7880,116953088
7881,116928512
7882,116928512
7883,116928512
7884,116928512
7885,116928512
7886,116928512
7887,116928512
7888,116928512
7889,116928512
7890,116928512
7891,116928512
7892,116928512
7893,116928512
7894,116928512
7895,116928512
7896,116928512
7897,116928512
7898,116928512
7899,116928512
7900,116928512
7901,116928512
7902,116928512
7903,116928512
7904,116928512
7905,116928512
7906,116928512
7907,116928512
7908,116928512
7909,116928512
7910,116928512
7911,116928512
7912,116928512
7913,116928512
7914,116928512
7915,116928512
7916,116928512
7917,116928512
7918,116928512
7919,116928512
7920,116928512
7921,116928512
7922,116928512
7923,116928512
7924,116928512
7925,116928512
7926,116928512
7927,116928512
7928,116928512
7929,116928512
7930,116928512
7931,116928512
7932,116928512
7933,116928512
7934,116928512
7935,116928512
7936,116928512
7937,116928512
7938,116928512
7939,116928512
7940,116928512
7941,116928512
7942,116928512
7943,116928512
7944,116928512
7945,116928512
7946,116928512
7947,116928512
7948,116928512
7949,116928512
7950,116928512
7951,116928512
7952,116928512
7953,116928512
7954,116928512
7955,116928512
7956,116928512
7957,116928512
7958,116928512
7959,116928512
7960,116928512
7961,116928512
7962,116928512
7963,116928512
7964,116928512
7965,116928512
7966,116928512
7967,116928512
7968,116928512
7969,116928512
7970,116928512
7971,116928512
7972,116928512
7973,116928512
7974,116928512
7975,116928512
7976,116928512
7977,116928512
7978,116928512
7979,116928512
7980,116928512
7981,116928512
7982,116928512
7983,116928512
7984,116928512
7985,116928512
7986,116928512
7987,116928512
7988,116928512
7989,116928512
7990,116928512
7991,116928512
7992,116928512
7993,116928512
7994,116928512
7995,116928512
7996,116928512
7997,116928512
7998,116928512
7999,116928512
8000,116928512
8001,116867072
8002,116867072
8003,116867072
8004,116867072
8005,116867072
8006,116867072
8007,116867072
8008,116867072
8009,116867072
8010,116867072
8011,116867072
8012,115941376
8013,115941376
8014,115941376
8015,115941376
8016,115941376
8017,115941376
8018,115941376
8019,115941376
8020,115941376
8021,115941376
8022,115941376
8023,115941376
8024,115941376
8025,115941376
8026,115941376
8027,115941376
8028,115941376
8029,115941376
8030,115941376
8031,115941376
8032,115941376
8033,115941376
8034,115941376
8035,115941376
8036,115941376
8037,115941376
8038,115941376
8039,115941376
8040,115941376
8041,115941376
8042,115941376
8043,115941376
8044,115941376
8045,115941376
8046,115941376
8047,115941376
8048,115941376
8049,115941376
8050,115941376
8051,115941376
8052,115941376
8053,115941376
8054,115941376
8055,115941376
8056,115941376
8057,115941376
8058,115941376
8059,115941376
8060,115941376
8061,115941376
8062,115941376
8063,115941376
8064,115941376
8065,115941376
8066,115941376
8067,115941376
8068,115941376
8069,115941376
8070,115941376
8071,115941376
8072,115941376
8073,115941376
8074,115941376
8075,115941376
8076,115941376
8077,115941376
8078,115941376
8079,115941376
8080,115941376
8081,115941376
8082,115941376
8083,115941376
8084,115941376
8085,115941376
8086,115941376
8087,115941376
8088,115941376
8089,115941376
8090,115941376
8091,115941376
8092,115912704
8093,115912704
8094,115912704
8095,115912704
8096,115912704
8097,115912704
8098,115912704
8099,115912704
8100,115912704
8101,115912704
8102,115912704
8103,115912704
8104,115912704
8105,115912704
8106,115912704
8107,115912704
8108,115912704
8109,115912704
8110,115912704
8111,115912704
8112,115912704
8113,115912704
8114,115912704
8115,115912704
8116,115912704
8117,115912704
8118,115912704
8119,115912704
8120,115912704
8121,115912704
8122,115912704
8123,115912704
8124,115912704
8125,115912704
8126,115912704
8127,115912704
8128,115912704
8129,115912704
8130,115912704
8131,115912704
8132,115912704
8133,115912704
8134,115912704
8135,115912704
8136,115912704
8137,115912704
8138,115912704
8139,115912704
8140,115912704
8141,115912704
8142,115912704
8143,115912704
8144,115912704
8145,115912704
8146,115912704
8147,115912704
8148,115912704
8149,115912704
8150,115912704
8151,115912704
8152,115912704
8153,115912704
8154,115912704
8155,115912704
8156,115912704
8157,115912704
8158,115912704
8159,115912704
8160,115912704
8161,115912704
8162,115912704
8163,115912704
8164,115912704
8165,115912704
8166,115912704
8167,115912704
8168,115912704
8169,115912704
8170,115912704
8171,115912704
8172,115912704
8173,115912704
8174,115912704
8175,115912704
8176,115912704
8177,115912704
8178,115912704
8179,115912704
8180,115912704
8181,115912704
8182,115912704
8183,115912704
8184,115912704
8185,115912704
8186,115912704
8187,115912704
8188,115912704
8189,115912704
8190,115912704
8191,115912704
8192,115912704
8193,115912704
8194,115912704
8195,115912704
8196,115912704
8197,115912704
8198,115912704
8199,115912704
8200,115912704
8201,115912704
8202,115912704
8203,115912704
8204,115912704
8205,115912704
8206,115912704
8207,115912704
8208,115912704
8209,115912704
8210,115912704
8211,115912704
8212,115912704
8213,115912704
8214,115912704
8215,115912704
8216,115912704
8217,115912704
8218,115912704
8219,115912704
8220,115912704
8221,115912704
8222,115912704
8223,115912704
8224,115912704
8225,115912704
8226,115912704
8227,115912704
8228,115912704
8229,115912704
8230,115912704
8231,115912704
8232,115912704
8233,115912704
8234,115912704
8235,115912704
8236,115912704
8237,115912704
8238,115912704
8239,115912704
8240,115912704
8241,115912704
8242,115912704
8243,115912704
8244,115912704
8245,115912704
8246,115912704
8247,115912704
8248,115912704
8249,115912704
8250,115912704
8251,115912704
8252,115912704
8253,115912704
8254,115912704
8255,115912704
8256,115912704
8257,115912704
8258,115912704
8259,115912704
8260,115912704
8261,115912704
8262,115912704
8263,115912704
8264,115912704
8265,115912704
8266,115912704
8267,115912704
8268,115912704
8269,115912704
8270,115912704
8271,115912704
8272,115912704
8273,115912704
8274,115912704
8275,115912704
8276,115912704
8277,115912704
8278,115912704
8279,115912704
8280,115912704
8281,115912704
8282,115912704
8283,115912704
8284,115912704
8285,115912704
8286,115912704
8287,115912704
8288,115912704
8289,115912704
8290,115912704
8291,115912704
8292,115912704
8293,115912704
8294,115912704
8295,115912704
8296,115912704
8297,115912704
8298,115912704
8299,115912704
8300,115912704
8301,115912704
8302,115941376
8303,115941376
8304,115941376
8305,115941376
8306,115941376
8307,115941376
8308,115941376
8309,115941376
8310,115941376
8311,115941376
8312,115941376
8313,115941376
8314,115941376
8315,115941376
8316,115941376
8317,115941376
8318,115941376
8319,115941376
8320,115941376
8321,115941376
8322,115941376
8323,115941376
8324,115941376
8325,115941376
8326,115941376
8327,115941376
8328,115941376
8329,115941376
8330,115941376
8331,115941376
8332,115941376
8333,115941376
8334,115941376
8335,115941376
8336,115941376
8337,115941376
8338,115941376
8339,115941376
8340,115941376
8341,115941376
8342,115941376
8343,115941376
8344,115941376
8345,115941376
8346,115941376
8347,115941376
8348,115941376
8349,115941376
8350,115941376
8351,115941376
8352,115941376
8353,115941376
8354,115941376
8355,115941376
8356,115941376
8357,115941376
8358,115941376
8359,115941376
8360,115941376
8361,115941376
8362,115941376
8363,115941376
8364,115941376
8365,115941376
8366,115941376
8367,115941376
8368,115941376
8369,115941376
8370,115941376
8371,115941376
8372,115941376
8373,115941376
8374,115941376
8375,115941376
8376,115941376
8377,115941376
8378,115941376
8379,115941376
8380,115941376
8381,115941376
8382,115941376
8383,115941376
8384,115941376
8385,115941376
8386,115941376
8387,115941376
8388,115941376
8389,115941376
8390,115941376
8391,115941376
8392,115941376
8393,115949568
8394,115949568
8395,115949568
8396,115949568
8397,115949568
8398,115953664
8399,115953664
8400,115953664
8401,116047872
8402,116047872
8403,116047872
8404,116047872
8405,116047872
8406,116047872
8407,116047872
8408,116047872
8409,116047872
8410,116047872
8411,116047872
8412,116047872
8413,116027392
8414,116027392
8415,116031488
8416,116031488
8417,116031488
8418,116031488
8419,116031488
8420,116031488
8421,116031488
8422,116031488
8423,116031488
8424,116031488
8425,116031488
8426,116031488
8427,116031488
8428,116031488
8429,116031488
8430,116031488
8431,116031488
8432,116031488
8433,116031488
8434,116031488
8435,116031488
8436,116031488
8437,116031488
8438,116031488
8439,116031488
8440,116031488
8441,116031488
8442,116031488
8443,116031488
8444,116031488
8445,116031488
8446,116031488
8447,116031488
8448,116031488
8449,116031488
8450,116031488
8451,116031488
8452,116031488
8453,116031488
8454,116031488
8455,116031488
8456,116031488
8457,116031488
8458,116031488
8459,116031488
8460,116031488
8461,116031488
8462,116031488
8463,116039680
8464,116039680
8465,116039680
8466,116039680
8467,116039680
8468,116039680
8469,116039680
8470,116039680
8471,116039680
8472,116039680
8473,116039680
8474,116039680
8475,116625408
8476,116625408
8477,116625408
8478,116625408
8479,116625408
8480,116625408
8481,116625408
8482,116625408
8483,116625408
8484,116625408
8485,116625408
8486,116625408
8487,116625408
8488,116625408
8489,116625408
8490,116625408
8491,116625408
8492,116625408
8493,116625408
8494,116625408
8495,116625408
8496,116625408
8497,116625408
8498,116625408
8499,116625408
8500,116625408
8501,116625408
8502,116625408
8503,116625408
8504,116625408
8505,116625408
8506,116625408
8507,116625408
8508,116625408
8509,116625408
8510,116625408
8511,116625408
8512,116625408
8513,116625408
8514,116625408
8515,116625408
8516,116625408
8517,116625408
8518,116625408
8519,116625408
8520,116625408
8521,116625408
8522,116625408
8523,116625408
8524,116625408
8525,116625408
8526,116625408
8527,116625408
8528,116625408
8529,116596736
8530,116596736
8531,116596736
8532,116596736
8533,116596736
8534,116596736
8535,116596736
8536,116596736
8537,116596736
8538,116596736
8539,116600832
8540,116600832
8541,116600832
8542,116600832
8543,116600832
8544,116600832
8545,116600832
8546,116600832
8547,116600832
8548,116600832
8549,116600832
8550,116600832
8551,116600832
8552,116600832
8553,116600832
8554,116600832
8555,116600832
8556,116600832
8557,116600832
8558,116600832
8559,116600832
8560,116625408
8561,116625408
8562,116625408
8563,116625408
8564,116625408
8565,116625408
8566,116625408
8567,116625408
8568,116625408
8569,116625408
8570,116625408
8571,116625408
8572,116625408
8573,116625408
8574,116625408
8575,116645888
8576,116645888
8577,116645888
8578,116645888
8579,116645888
8580,116645888
8581,116645888
8582,116645888
8583,116645888
8584,116645888
8585,116645888
8586,116645888
8587,116645888
8588,116645888
8589,116645888
8590,116645888
8591,116645888
8592,116645888
8593,116645888
8594,116645888
8595,116645888
8596,116645888
8597,116645888
8598,116645888
8599,116645888
8600,116645888
8601,116645888
8602,116690944
8603,116727808
8604,116727808
8605,116727808
8606,116731904
8607,116731904
8608,116731904
8609,116731904
8610,116731904
8611,116731904
8612,116731904
8613,116731904
8614,116731904
8615,116731904
8616,116731904
8617,116744192
8618,116744192
8619,116744192
8620,116744192
8621,116744192
8622,116744192
8623,116744192
8624,116744192
8625,116744192
8626,116744192
8627,116744192
8628,116744192
8629,116744192
8630,116744192
8631,116744192
8632,116744192
8633,116744192
8634,116744192
8635,116744192
8636,116744192
8637,116744192
8638,116744192
8639,116744192
8640,116744192
8641,116744192
8642,116744192
8643,116744192
8644,116744192
8645,116744192
8646,116744192
8647,116748288
8648,116748288
8649,116748288
8650,116748288
8651,116748288
8652,116748288
8653,116748288
8654,116748288
8655,116748288
8656,116748288
8657,116748288
8658,116748288
8659,116748288
8660,116748288
8661,116748288
8662,116748288
8663,116748288
8664,116748288
8665,116748288
8666,116748288
8667,116748288
8668,116748288
8669,116748288
8670,116748288
8671,116748288
8672,116748288
8673,116748288
8674,116748288
8675,116748288
8676,116748288
8677,116748288
8678,116748288
8679,116748288
8680,116748288
8681,116748288
8682,116748288
8683,116748288
8684,116748288
8685,116748288
8686,116748288
8687,116719616
8688,116719616
8689,116719616
8690,116719616
8691,116719616
8692,116719616
8693,116719616
8694,116719616
8695,116719616
8696,116719616
8697,116719616
8698,116719616
8699,116719616
8700,116719616
8701,116719616
8702,116719616
8703,116719616
8704,116719616
8705,116719616
8706,116719616
8707,116719616
8708,116719616
8709,116719616
8710,116719616
8711,116719616
8712,116719616
8713,116719616
8714,116719616
8715,116719616
8716,116719616
8717,116719616
8718,116719616
8719,116719616
8720,116719616
8721,116719616
8722,116719616
8723,116719616
8724,116719616
8725,116719616
8726,116719616
8727,116719616
8728,116719616
8729,116719616
8730,116719616
8731,116719616
8732,116719616
8733,116719616
8734,116719616
8735,116719616
8736,116719616
8737,116719616
8738,116719616
8739,116719616
8740,116719616
8741,116719616
8742,116719616
8743,116719616
8744,116719616
8745,116719616
8746,116719616
8747,116719616
8748,116719616
8749,116719616
8750,116719616
8751,116719616
8752,116719616
8753,116719616
8754,116719616
8755,116719616
8756,116740096
8757,116740096
8758,116740096
8759,116740096
8760,116740096
8761,116740096
8762,116740096
8763,116740096
8764,116740096
8765,116740096
8766,116740096
8767,116740096
8768,116740096
8769,116740096
8770,116740096
8771,116740096
8772,116740096
8773,116740096
8774,116740096
8775,116740096
8776,116740096
8777,116740096
8778,116740096
8779,116740096
8780,116740096
8781,116740096
8782,116740096
8783,116744192
8784,116744192
8785,116744192
8786,116744192
8787,116744192
8788,116744192
8789,116744192
8790,116744192
8791,116744192
8792,116744192
8793,116744192
8794,116744192
8795,116744192
8796,116744192
8797,116744192
8798,116744192
8799,116744192
8800,116744192
8801,116744192
8802,116744192
8803,116744192
8804,116744192
8805,116744192
8806,116744192
8807,116744192
8808,116744192
8809,116744192
8810,116744192
8811,116744192
8812,116744192
8813,116744192
8814,116744192
8815,116744192
8816,116744192
8817,116744192
8818,116744192
8819,116744192
8820,116744192
8821,116744192
8822,116744192
8823,116744192
8824,116744192
8825,116744192
8826,116744192
8827,116744192
8828,116744192
8829,116744192
8830,116744192
8831,116744192
8832,116744192
8833,116744192
8834,116744192
8835,116744192
8836,116723712
8837,116723712
8838,116723712
8839,116723712
8840,116723712
8841,116723712
8842,116723712
8843,116723712
8844,116723712
8845,116723712
8846,116723712
8847,116723712
8848,116723712
8849,116723712
8850,116723712
8851,116723712
8852,116723712
8853,116723712
8854,116723712
8855,116723712
8856,116723712
8857,116723712
8858,116723712
8859,116723712
8860,116723712
8861,116723712
8862,116723712
8863,116723712
8864,116723712
8865,116723712
8866,116723712
8867,116723712
8868,116723712
8869,116723712
8870,116723712
8871,116723712
8872,116723712
8873,116723712
8874,116723712
8875,116723712
8876,116723712
8877,116723712
8878,116723712
8879,116723712
8880,116723712
8881,116723712
8882,116723712
8883,116723712
8884,116723712
8885,116723712
8886,116723712
8887,116723712
8888,116723712
8889,116723712
8890,116723712
8891,116723712
8892,116723712
8893,116723712
8894,116723712
8895,116723712
8896,116723712
8897,116723712
8898,116723712
8899,116723712
8900,116723712
8901,116723712
8902,116723712
8903,116723712
8904,116723712
8905,116723712
8906,116723712
8907,116723712
8908,116723712
8909,116723712
8910,116723712
8911,116723712
8912,116723712
8913,116723712
8914,116723712
8915,116723712
8916,116723712
8917,116723712
8918,116723712
8919,116723712
8920,116723712
8921,116723712
8922,116723712
8923,116723712
8924,116723712
8925,116723712
8926,116723712
8927,116723712
8928,116723712
8929,116723712
8930,116723712
8931,116723712
8932,116723712
8933,116723712
8934,116723712
8935,116723712
8936,116723712
8937,116723712
8938,116723712
8939,116723712
8940,116723712
8941,116723712
8942,116723712
8943,116723712
8944,116723712
8945,116723712
8946,116723712
8947,116723712
8948,116723712
8949,116723712
8950,116723712
8951,116723712
8952,116723712
8953,116723712
8954,116723712
8955,116723712
8956,116723712
8957,116723712
8958,116723712
8959,116723712
8960,116723712
8961,116723712
8962,116723712
8963,116723712
8964,116723712
8965,116723712
8966,116723712
8967,116723712
8968,116723712
8969,116723712
8970,116723712
8971,116723712
8972,116723712
8973,116723712
8974,116723712
8975,116723712
8976,116703232
8977,116703232
8978,116703232
8979,116703232
8980,116703232
8981,116703232
8982,116703232
8983,116703232
8984,116703232
8985,116703232
8986,116703232
8987,116703232
8988,116703232
8989,116703232
8990,116703232
8991,116703232
8992,116703232
8993,116703232
8994,116703232
8995,116703232
8996,116703232
8997,116703232
8998,116703232
8999,116703232
9000,116703232
9001,116867072
9002,116867072
9003,116867072
9004,116867072
9005,116867072
9006,116867072
9007,116867072
9008,116867072
9009,116867072
9010,116867072
9011,116867072
9012,116867072
9013,116867072
9014,116867072
9015,116867072
9016,116867072
9017,116867072
9018,116867072
9019,116867072
9020,116867072
9021,116867072
9022,116867072
9023,116867072
9024,116867072
9025,116867072
9026,116867072
9027,116867072
9028,116867072
9029,116867072
9030,116867072
9031,116867072
9032,116867072
9033,116867072
9034,116867072
9035,116867072
9036,116867072
9037,116867072
9038,116867072
9039,116867072
9040,116867072
9041,116867072
9042,116867072
9043,116867072
9044,116867072
9045,116867072
9046,116867072
9047,116867072
9048,116867072
9049,116867072
9050,116867072
9051,116867072
9052,116867072
9053,116867072
9054,116867072
9055,116867072
9056,116867072
9057,116867072
9058,116867072
9059,116867072
9060,116867072
9061,116867072
9062,116867072
9063,116867072
9064,116867072
9065,116867072
9066,116867072
9067,116867072
9068,116867072
9069,116867072
9070,116867072
9071,116867072
9072,116867072
9073,116867072
9074,116867072
9075,116867072
9076,116867072
9077,116867072
9078,116867072
9079,116867072
9080,116867072
9081,116817920
9082,116817920
9083,116817920
9084,116817920
9085,116817920
9086,116817920
9087,116817920
9088,116817920
9089,116817920
9090,116817920
9091,116817920
9092,116817920
9093,116817920
9094,116817920
9095,116817920
9096,116817920
9097,116817920
9098,116817920
9099,116817920
9100,116817920
9101,116817920
9102,116817920
9103,116817920
9104,116817920
9105,116817920
9106,116817920
9107,116817920
9108,116817920
9109,116817920
9110,116817920
9111,116817920
9112,116817920
9113,116817920
9114,116817920
9115,116817920
9116,116817920
9117,116817920
9118,116817920
9119,116817920
9120,116817920
9121,116817920
9122,116817920
9123,116817920
9124,116817920
9125,116817920
9126,116817920
9127,116817920
9128,116817920
9129,116817920
9130,116817920
9131,116817920
9132,116817920
9133,116817920
9134,116817920
9135,116817920
9136,116817920
9137,116817920
9138,116817920
9139,116817920
9140,116817920
9141,116817920
9142,116817920
9143,116817920
9144,116817920
9145,116817920
9146,116817920
9147,116817920
9148,116817920
9149,116817920
9150,116817920
9151,116817920
9152,116817920
9153,116817920
9154,116817920
9155,116817920
9156,116817920
9157,116817920
9158,116817920
9159,116817920
9160,116817920
9161,116817920
9162,116817920
9163,116817920
9164,116817920
9165,116817920
9166,116817920
9167,116817920
9168,116817920
9169,116817920
9170,116817920
9171,116817920
9172,116817920
9173,116817920
9174,116817920
9175,116817920
9176,116817920
9177,116817920
9178,116817920
9179,116817920
9180,116817920
9181,116817920
9182,116817920
9183,116817920
9184,116817920
9185,116817920
9186,116817920
9187,116817920
9188,116817920
9189,116817920
9190,116817920
9191,116817920
9192,116817920
9193,116817920
9194,116817920
9195,116817920
9196,116817920
9197,116817920
9198,116817920
9199,116817920
9200,116817920
9201,116817920
9202,116817920
9203,116817920
9204,116817920
9205,116817920
9206,116817920
9207,116817920
9208,116817920
9209,116817920
9210,116817920
9211,116817920
9212,116817920
9213,116817920
9214,116817920
9215,116817920
9216,116817920
9217,116817920
9218,116817920
9219,116817920
9220,116817920
9221,116817920
9222,116817920
9223,116817920
9224,116817920
9225,116817920
9226,116817920
9227,116817920
9228,116817920
9229,116817920
9230,116817920
9231,116817920
9232,116817920
9233,116817920
9234,116817920
9235,116817920
9236,116817920
9237,116817920
9238,116817920
9239,116817920
9240,116817920
9241,116817920
9242,116817920
9243,116817920
9244,116817920
9245,116817920
9246,116817920
9247,116817920
9248,116817920
9249,116817920
9250,116817920
9251,116817920
9252,116817920
9253,116817920
9254,116817920
9255,116817920
9256,116817920
9257,116817920
9258,116817920
9259,114176000
9260,114176000
9261,114176000
9262,114176000
9263,114176000
9264,114176000
9265,114176000
9266,114176000
9267,114176000
9268,114176000
9269,114176000
9270,114176000
9271,114176000
9272,114176000
9273,114176000
9274,114176000
9275,114176000
9276,114176000
9277,114176000
9278,114176000
9279,114176000
9280,114176000
9281,114176000
9282,114176000
9283,114176000
9284,114176000
9285,114176000
9286,114176000
9287,114176000
9288,114176000
9289,114176000
9290,114176000
9291,114176000
9292,114176000
9293,114176000
9294,114176000
9295,114176000
9296,114176000
9297,114176000
9298,114176000
9299,114176000
9300,114176000
9301,114176000
9302,114176000
9303,114176000
9304,114176000
9305,114176000
9306,114176000
9307,114176000
9308,114176000
9309,114176000
9310,114176000
9311,114176000
9312,114176000
9313,114176000
9314,114176000
9315,114176000
9316,114176000
9317,114176000
9318,114176000
9319,114176000
9320,114176000
9321,114176000
9322,114176000
9323,114176000
9324,114176000
9325,114176000
9326,114176000
9327,114176000
9328,114176000
9329,114176000
9330,114176000
9331,114176000
9332,114176000
9333,114176000
9334,114176000
9335,114176000
9336,114176000
9337,114176000
9338,114176000
9339,114176000
9340,114176000
9341,114176000
9342,114176000
9343,114176000
9344,114176000
9345,114176000
9346,114176000
9347,114176000
9348,114176000
9349,114176000
9350,114176000
9351,114176000
9352,114176000
9353,114176000
9354,114176000
9355,114176000
9356,114176000
9357,114176000
9358,114176000
9359,114176000
9360,114176000
9361,114176000
9362,114176000
9363,114176000
9364,114176000
9365,114176000
9366,114176000
9367,114176000
9368,114176000
9369,114176000
9370,114176000
9371,114176000
9372,114176000
9373,114176000
9374,114176000
9375,114176000
9376,114176000
9377,114176000
9378,114176000
9379,114176000
9380,114176000
9381,114176000
9382,114176000
9383,114176000
9384,114176000
9385,114176000
9386,114176000
9387,114176000
9388,114176000
9389,114176000
9390,114176000
9391,114176000
9392,114176000
9393,114176000
9394,114176000
9395,114176000
9396,114176000
9397,114176000
9398,114176000
9399,114176000
9400,114176000
9401,114176000
9402,114176000
9403,114176000
9404,114176000
9405,114176000
9406,114176000
9407,114176000
9408,114176000
9409,114176000
9410,114176000
9411,114176000
9412,114176000
9413,114176000
9414,114176000
9415,114176000
9416,114176000
9417,114176000
9418,114176000
9419,114176000
9420,114176000
9421,114176000
9422,114176000
9423,114176000
9424,114176000
9425,114176000
9426,114176000
9427,114176000
9428,114176000
9429,114176000
9430,114176000
9431,114176000
9432,114176000
9433,114176000
9434,114176000
9435,114176000
9436,114176000
9437,114176000
9438,114176000
9439,114176000
9440,114176000
9441,114176000
9442,114176000
9443,114176000
9444,114176000
9445,114176000
9446,114176000
9447,114176000
9448,114176000
9449,114176000
9450,114176000
9451,114176000
9452,114176000
9453,114176000
9454,114176000
9455,114176000
9456,114176000
9457,114176000
9458,114176000
9459,114176000
9460,114176000
9461,114176000
9462,114176000
9463,114176000
9464,114176000
9465,114176000
9466,114176000
9467,114176000
9468,114176000
9469,114176000
9470,114176000
9471,114176000
9472,114176000
9473,114176000
9474,114176000
9475,114176000
9476,114176000
9477,114176000
9478,114176000
9479,114176000
9480,114176000
9481,114176000
9482,114176000
9483,114176000
9484,114176000
9485,114176000
9486,114176000
9487,114176000
9488,114176000
9489,114176000
9490,114176000
9491,114176000
9492,114176000
9493,114176000
9494,114176000
9495,114176000
9496,114176000
9497,114176000
9498,114176000
9499,114176000
9500,114176000
9501,114176000
9502,114176000
9503,114176000
9504,114176000
9505,114176000
9506,114176000
9507,114176000
9508,114176000
9509,114176000
9510,114176000
9511,114176000
9512,114176000
9513,114176000
9514,114176000
9515,114176000
9516,114176000
9517,114176000
9518,114176000
9519,114176000
9520,114176000
9521,114176000
9522,114176000
9523,114176000
9524,114176000
9525,114176000
9526,114176000
9527,114176000
9528,114176000
9529,114176000
9530,114176000
9531,114176000
9532,114176000
9533,114176000
9534,114176000
9535,114176000
9536,114176000
9537,114176000
9538,114176000
9539,114606080
9540,115183616
9541,115642368
9542,115642368
9543,115642368
9544,115642368
9545,115642368
9546,115642368
9547,115642368
9548,115642368
9549,115642368
9550,115642368
9551,115642368
9552,115642368
9553,115642368
9554,115642368
9555,115642368
9556,115642368
9557,115642368
9558,115642368
9559,115642368
9560,115642368
9561,115642368
9562,115642368
9563,115642368
9564,115642368
9565,115642368
9566,115642368
9567,115642368
9568,115642368
9569,115642368
9570,115642368
9571,115642368
9572,115642368
9573,115642368
9574,115642368
9575,115642368
9576,115642368
9577,115642368
9578,115642368
9579,115642368
9580,115642368
9581,115642368
9582,115642368
9583,115642368
9584,115642368
9585,115642368
9586,115642368
9587,115642368
9588,115642368
9589,115814400
9590,115814400
9591,115814400
9592,115814400
9593,115814400
9594,115814400
9595,115814400
9596,115814400
9597,115814400
9598,115814400
9599,115814400
9600,115814400
9601,115904512
9602,115904512
9603,115904512
9604,115904512
9605,115904512
9606,115904512
9607,115904512
9608,115904512
9609,115904512
9610,115904512
9611,115904512
9612,115904512
9613,115904512
9614,115904512
9615,115904512
9616,115904512
9617,115904512
9618,115904512
9619,115904512
9620,115904512
9621,115904512
9622,115904512
9623,115904512
9624,115904512
9625,115904512
9626,115904512
9627,115904512
9628,115904512
9629,115904512
9630,115904512
9631,115904512
9632,115904512
9633,115904512
9634,115904512
9635,115904512
9636,115904512
9637,115904512
9638,115904512
9639,115904512
9640,115904512
9641,115904512
9642,115904512
9643,115904512
9644,115904512
9645,115904512
9646,115904512
9647,115904512
9648,115904512
9649,115904512
9650,115904512
9651,115904512
9652,115904512
9653,115904512
9654,115904512
9655,115904512
9656,115904512
9657,115904512
9658,115904512
9659,115904512
9660,115884032
9661,115884032
9662,115884032
9663,115884032
9664,115884032
9665,115884032
9666,115884032
9667,115884032
9668,115884032
9669,115884032
9670,115884032
9671,115884032
9672,115884032
9673,115884032
9674,115884032
9675,115884032
9676,115884032
9677,115884032
9678,115884032
9679,115884032
9680,115884032
9681,115847168
9682,115847168
9683,115847168
9684,115847168
9685,115847168
9686,115847168
9687,115847168
9688,115847168
9689,115847168
9690,115847168
9691,115847168
9692,115847168
9693,115847168
9694,115847168
9695,115847168
9696,115847168
9697,115847168
9698,115847168
9699,115847168
9700,115847168
9701,115847168
9702,115847168
9703,115847168
9704,115847168
9705,115847168
9706,115847168
9707,115847168
9708,115847168
9709,115847168
9710,115847168
9711,115847168
9712,115847168
9713,115847168
9714,115847168
9715,115847168
9716,115847168
9717,115847168
9718,115847168
9719,115847168
9720,115847168
9721,115847168
9722,115847168
9723,115847168
9724,115847168
9725,115847168
9726,115847168
9727,115847168
9728,115847168
9729,115847168
9730,115847168
9731,115847168
9732,115847168
9733,115847168
9734,115847168
9735,115847168
9736,115847168
9737,115847168
9738,115847168
9739,115847168
9740,115847168
9741,115847168
9742,115847168
9743,115847168
9744,115847168
9745,115847168
9746,115847168
9747,115847168
9748,115847168
9749,115847168
9750,115847168
9751,115847168
9752,115847168
9753,115847168
9754,115847168
9755,115847168
9756,115847168
9757,115847168
9758,115847168
9759,115847168
9760,115847168
9761,115847168
9762,115847168
9763,115847168
9764,115847168
9765,115847168
9766,115847168
9767,115847168
9768,116039680
9769,116039680
9770,116039680
9771,116039680
9772,116039680
9773,116039680
9774,116039680
9775,116039680
9776,116039680
9777,116039680
9778,116039680
9779,116039680
9780,116039680
9781,116039680
9782,116039680
9783,116039680
9784,116039680
9785,116039680
9786,116039680
9787,116039680
9788,116039680
9789,116039680
9790,116039680
9791,116039680
9792,116039680
9793,116039680
9794,116039680
9795,116039680
9796,116039680
9797,116039680
9798,116039680
9799,116039680
9800,116039680
9801,116039680
9802,116039680
9803,116039680
9804,116039680
9805,116039680
9806,116039680
9807,116039680
9808,116039680
9809,116039680
9810,116039680
9811,116039680
9812,116039680
9813,116039680
9814,116039680
9815,116039680
9816,116039680
9817,116039680
9818,116039680
9819,116039680
9820,116039680
9821,116039680
9822,116039680
9823,116039680
9824,116039680
9825,116039680
9826,116039680
9827,116039680
9828,116039680
9829,116039680
9830,116039680
9831,116039680
9832,116039680
9833,116039680
9834,116039680
9835,116039680
9836,116039680
9837,116039680
9838,116039680
9839,116039680
9840,116039680
9841,116039680
9842,116039680
9843,116039680
9844,116039680
9845,116039680
9846,116039680
9847,116039680
9848,116039680
9849,116039680
9850,116039680
9851,116039680
9852,116039680
9853,116039680
9854,116039680
9855,116039680
9856,116039680
9857,116039680
9858,116039680
9859,116039680
9860,116039680
9861,116039680
9862,116039680
9863,116039680
9864,116039680
9865,116039680
9866,116039680
9867,116039680
9868,116039680
9869,116039680
9870,116039680
9871,116039680
9872,116039680
9873,116039680
9874,116039680
9875,116039680
9876,116039680
9877,116039680
9878,116039680
9879,116039680
9880,116039680
9881,116039680
9882,116039680
9883,116039680
9884,116039680
9885,116039680
9886,116039680
9887,116039680
9888,116039680
9889,116039680
9890,116039680
9891,116039680
9892,116039680
9893,116039680
9894,116039680
9895,116039680
9896,116039680
9897,116039680
9898,116039680
9899,116039680
9900,116039680
9901,116039680
9902,116039680
9903,116039680
9904,116039680
9905,116039680
9906,116039680
9907,116039680
9908,116039680
9909,116039680
9910,116039680
9911,116039680
9912,116039680
9913,116039680
9914,116039680
9915,116039680
9916,116039680
9917,116039680
9918,116039680
9919,116039680
9920,116039680
9921,116039680
9922,116039680
9923,116039680
9924,116039680
9925,116039680
9926,116039680
9927,116039680
9928,116039680
9929,116039680
9930,116039680
9931,116039680
9932,116039680
9933,116039680
9934,116039680
9935,116039680
9936,116039680
9937,116039680
9938,116039680
9939,116039680
9940,116039680
9941,116039680
9942,116039680
9943,116039680
9944,116039680
9945,116039680
9946,116039680
9947,116039680
9948,116039680
9949,116039680
9950,116039680
9951,116273152
9952,116273152
9953,116273152
9954,116273152
9955,116273152
9956,116273152
9957,116273152
9958,116879360
9959,116879360
9960,116879360
9961,116879360
9962,116879360
9963,116879360
9964,116879360
9965,116879360
9966,116879360
9967,116879360
9968,116879360
9969,116879360
9970,116879360
9971,116879360
9972,116879360
9973,116879360
9974,116879360
9975,116879360
9976,116879360
9977,116879360
9978,116879360
9979,116879360
9980,116879360
9981,116879360
9982,116879360
9983,116879360
9984,116879360
9985,116879360
9986,116879360
9987,116879360
9988,116879360
9989,116879360
9990,116879360
9991,116879360
9992,116879360
9993,116879360
9994,116879360
9995,116879360
9996,116879360
9997,116879360
9998,116879360
9999,116879360
10000,116879360
10001,116879360
10002,116879360
10003,116879360
10004,116879360
10005,116879360
10006,116879360
10007,116879360
10008,116879360
10009,116879360
10010,116879360
10011,116879360
10012,116879360
10013,116879360
10014,116879360
10015,116879360
10016,116879360
10017,116879360
10018,116879360
10019,116879360
10020,116879360
10021,116879360
10022,116879360
10023,116879360
10024,116879360
10025,116879360
10026,116879360
10027,116879360
10028,116879360
10029,116879360
10030,116879360
10031,116879360
10032,116879360
10033,116879360
10034,116879360
10035,116879360
10036,116879360
10037,116879360
10038,116879360
10039,116879360
10040,116879360
10041,116879360
10042,116879360
10043,116879360
10044,116879360
10045,116879360
10046,116879360
10047,116879360
10048,116879360
10049,116879360
10050,116879360
10051,116879360
10052,116879360
10053,116879360
10054,116879360
10055,116879360
10056,116879360
10057,116879360
10058,116879360
10059,116879360
10060,116879360
10061,116879360
10062,116879360
10063,116879360
10064,116879360
10065,116879360
10066,116879360
10067,116879360
10068,116879360
10069,116879360
10070,116879360
10071,116879360
10072,116879360
10073,116879360
10074,116879360
10075,116879360
10076,116879360
10077,116879360
10078,116879360
10079,116879360
10080,116879360
10081,116879360
10082,116879360
10083,116879360
10084,116879360
10085,116879360
10086,116879360
10087,116879360
10088,116879360
10089,116879360
10090,116879360
10091,116879360
10092,116879360
10093,116879360
10094,116879360
10095,116879360
10096,116879360
10097,116879360
10098,116879360
10099,116879360
10100,116879360
10101,116879360
10102,116879360
10103,116879360
10104,116879360
10105,116879360
10106,116879360
10107,116879360
10108,116879360
10109,116879360
10110,116879360
10111,116879360
10112,116879360
10113,116879360
10114,116879360
10115,116879360
10116,117137408
10117,117137408
10118,117137408
10119,117137408
10120,117137408
10121,117137408
10122,117137408
10123,117137408
10124,117137408
10125,117137408
10126,117137408
10127,117137408
10128,117137408
10129,117137408
10130,117137408
10131,117137408
10132,117137408
10133,117137408
10134,117137408
10135,117137408
10136,117137408
10137,117137408
10138,117137408
10139,117137408
10140,117137408
10141,117137408
10142,117137408
10143,117137408
10144,117137408
10145,117137408
10146,117137408
10147,117137408
10148,117137408
10149,117137408
10150,117137408
10151,117137408
10152,117137408
10153,117137408
10154,117137408
10155,117137408
10156,117137408
10157,117137408
10158,117137408
10159,117137408
10160,117137408
10161,117137408
10162,117137408
10163,117137408
10164,117137408
10165,117137408
10166,117137408
10167,117137408
10168,117137408
10169,117137408
10170,117137408
10171,117137408
10172,117137408
10173,117137408
10174,117137408
10175,117137408
10176,117137408
10177,117137408
10178,117137408
10179,117137408
10180,117137408
10181,117137408
10182,117137408
10183,117137408
10184,117137408
10185,117137408
10186,117137408
10187,117137408
10188,117137408
10189,117137408
10190,117137408
10191,117137408
10192,117137408
10193,117137408
10194,117137408
10195,117137408
10196,117137408
10197,117137408
10198,117137408
10199,117137408
10200,117166080
10201,117166080
10202,117166080
10203,117166080
10204,117166080
10205,117166080
10206,117166080
10207,117166080
10208,117166080
10209,117166080
10210,117166080
10211,117166080
10212,117166080
10213,117166080
10214,117166080
10215,117166080
10216,117166080
10217,117166080
10218,117166080
10219,117166080
10220,117166080
10221,117166080
10222,117166080
10223,117166080
10224,117166080
10225,117166080
10226,117166080
10227,117166080
10228,117166080
10229,117166080
10230,117166080
10231,117166080
10232,117166080
10233,117166080
10234,117166080
10235,117166080
10236,117166080
10237,117166080
10238,117166080
10239,117166080
10240,117166080
10241,117166080
10242,117166080
10243,117166080
10244,117166080
10245,117166080
10246,117166080
10247,117166080
10248,117166080
10249,117166080
10250,117166080
10251,117166080
10252,117166080
10253,117166080
10254,117166080
10255,117166080
10256,117166080
10257,117166080
10258,117166080
10259,117166080
10260,117166080
10261,117166080
10262,117166080
10263,117166080
10264,117166080
10265,117166080
10266,117166080
10267,117166080
10268,117166080
10269,117166080
10270,117166080
10271,117166080
10272,117166080
10273,117166080
10274,117166080
10275,117166080
10276,117166080
10277,117166080
10278,117166080
10279,117166080
10280,117420032
10281,117391360
10282,117391360
10283,117391360
10284,117391360
10285,117391360
10286,117391360
10287,117391360
10288,117391360
10289,117391360
10290,117391360
10291,117391360
10292,117391360
10293,117391360
10294,117391360
10295,117391360
10296,117391360
10297,117391360
10298,117391360
10299,117391360
10300,117391360
10301,117391360
10302,117391360
10303,117391360
10304,117391360
10305,117391360
10306,117391360
10307,117391360
10308,117391360
10309,117391360
10310,117391360
10311,117391360
10312,117391360
10313,117391360
10314,117391360
10315,117391360
10316,117391360
10317,117391360
10318,117391360
10319,117391360
10320,117391360
10321,117391360
10322,117391360
10323,117391360
10324,117391360
10325,117391360
10326,117391360
10327,117391360
10328,117391360
10329,117391360
10330,117391360
10331,117391360
10332,117391360
10333,117391360
10334,117391360
10335,117391360
10336,117391360
10337,117391360
10338,117391360
10339,117391360
10340,117391360
10341,117391360
10342,117391360
10343,117391360
10344,117391360
10345,117391360
10346,117391360
10347,117391360
10348,117391360
10349,117391360
10350,117391360
10351,117391360
10352,117391360
10353,117391360
10354,117391360
10355,117391360
10356,117391360
10357,117391360
10358,117391360
10359,117391360
10360,117391360
10361,117391360
10362,117391360
10363,117391360
10364,117391360
10365,117391360
10366,117391360
10367,117391360
10368,117391360
10369,117391360
10370,117391360
10371,117391360
10372,117391360
10373,117391360
10374,117391360
10375,117391360
10376,117391360
10377,117391360
10378,117391360
10379,117391360
10380,117391360
10381,117391360
10382,117391360
10383,117391360
10384,117391360
10385,117391360
10386,117391360
10387,117391360
10388,117391360
10389,117391360
10390,117391360
10391,117391360
10392,117391360
10393,117391360
10394,117391360
10395,117391360
10396,117391360
10397,117391360
10398,117391360
10399,117391360
10400,117391360
10401,117391360
10402,117391360
10403,117391360
10404,117391360
10405,117391360
10406,117391360
10407,117391360
10408,117391360
10409,117391360
10410,117391360
10411,117391360
10412,117391360
10413,117391360
10414,117391360
10415,117391360
10416,117391360
10417,117391360
10418,117391360
10419,117391360
10420,117391360
10421,117391360
10422,117391360
10423,117391360
10424,117391360
10425,117391360
10426,117391360
10427,117391360
10428,117391360
10429,117391360
10430,117391360
10431,117391360
10432,117391360
10433,117391360
10434,117391360
10435,117391360
10436,117391360
10437,117391360
10438,117391360
10439,117391360
10440,117391360
10441,117391360
10442,117391360
10443,117391360
10444,117391360
10445,117645312
10446,117645312
10447,117645312
10448,117645312
10449,117645312
10450,117645312
10451,117645312
10452,117645312
10453,117645312
10454,117645312
10455,117645312
10456,117645312
10457,117645312
10458,117645312
10459,117645312
10460,117645312
10461,117645312
10462,117645312
10463,117645312
10464,117645312
10465,117645312
10466,117645312
10467,117645312
10468,117645312
10469,117645312
10470,117645312
10471,117645312
10472,117645312
10473,117645312
10474,117645312
10475,117645312
10476,117645312
10477,117645312
10478,117645312
10479,117645312
10480,117645312
10481,117645312
10482,117645312
10483,117645312
10484,117645312
10485,117645312
10486,117645312
10487,117645312
10488,117645312
10489,117645312
10490,117645312
10491,117645312
10492,117645312
10493,117645312
10494,117645312
10495,117645312
10496,117645312
10497,117645312
10498,117645312
10499,117645312
10500,117645312
10501,117645312
10502,117645312
10503,117645312
10504,117645312
10505,117645312
10506,117645312
10507,117645312
10508,117645312
10509,117645312
10510,117645312
10511,117645312
10512,117645312
10513,117645312
10514,117645312
10515,117645312
10516,117645312
10517,117645312
10518,117645312
10519,117645312
10520,117645312
10521,117645312
10522,117645312
10523,117645312
10524,117645312
10525,117645312
10526,117645312
10527,117645312
10528,117645312
10529,117645312
10530,117645312
10531,117645312
10532,117645312
10533,117645312
10534,117645312
10535,117645312
10536,117645312
10537,117645312
10538,117645312
10539,117645312
10540,117645312
10541,117645312
10542,117645312
10543,117645312
10544,117645312
10545,117645312
10546,117645312
10547,117645312
10548,117645312
10549,117645312
10550,117645312
10551,117645312
10552,117645312
10553,117645312
10554,117645312
10555,117645312
10556,117645312
10557,117645312
10558,117645312
10559,117645312
10560,117645312
10561,117645312
10562,117645312
10563,117645312
10564,117645312
10565,117645312
10566,117645312
10567,117645312
10568,117645312
10569,117645312
10570,117645312
10571,117645312
10572,117645312
10573,117645312
10574,117645312
10575,117645312
10576,117645312
10577,117645312
10578,117645312
10579,117645312
10580,117645312
10581,117645312
10582,117645312
10583,117645312
10584,117645312
10585,117645312
10586,117645312
10587,117645312
10588,117645312
10589,117645312
10590,117645312
10591,117645312
10592,117645312
10593,117645312
10594,117645312
10595,117645312
10596,117645312
10597,117645312
10598,117645312
10599,117645312
10600,117645312
10601,117645312
10602,117645312
10603,117645312
10604,117645312
10605,117645312
10606,117645312
10607,117645312
10608,117645312
10609,117645312
10610,117907456
10611,117907456
10612,117907456
10613,117907456
10614,117907456
10615,117907456
10616,117907456
10617,117907456
10618,117907456
10619,117907456
10620,117907456
10621,117907456
10622,117907456
10623,117907456
10624,117907456
10625,117907456
10626,117907456
10627,117907456
10628,117907456
10629,117907456
10630,117907456
10631,117907456
10632,117907456
10633,117907456
10634,117907456
10635,117907456
10636,117907456
10637,117907456
10638,117907456
10639,117907456
10640,117907456
10641,117907456
10642,117907456
10643,117907456
10644,117907456
10645,117907456
10646,117907456
10647,117907456
10648,117907456
10649,117907456
10650,117907456
10651,117907456
10652,117907456
10653,117907456
10654,117907456
10655,117907456
10656,117907456
10657,117907456
10658,117907456
10659,117907456
10660,117907456
10661,117907456
10662,117907456
10663,117907456
10664,117907456
10665,117907456
10666,117907456
10667,117907456
10668,117907456
10669,117907456
10670,117907456
10671,117907456
10672,117907456
10673,117907456
10674,117907456
10675,117907456
10676,117907456
10677,117907456
10678,117907456
10679,117907456
10680,117907456
10681,117907456
10682,117907456
10683,117907456
10684,117907456
10685,117907456
10686,117907456
10687,117907456
10688,117907456
10689,117907456
10690,117907456
10691,117907456
10692,117907456
10693,117907456
10694,117907456
10695,117907456
10696,117907456
10697,117907456
10698,117907456
10699,117907456
10700,117907456
10701,117907456
10702,117907456
10703,117907456
10704,117907456
10705,117907456
10706,117907456
10707,117907456
10708,117907456
10709,117907456
10710,117907456
10711,117907456
10712,117907456
10713,117907456
10714,117907456
10715,117907456
10716,117907456
10717,117907456
10718,117907456
10719,117907456
10720,117907456
10721,117907456
10722,117907456
10723,117907456
10724,117907456
10725,117907456
10726,117907456
10727,117907456
10728,117907456
10729,117907456
10730,117907456
10731,117907456
10732,117907456
10733,117907456
10734,117907456
10735,117907456
10736,117907456
10737,117907456
10738,117907456
10739,117907456
10740,117907456
10741,117907456
10742,117907456
10743,117907456
10744,117907456
10745,117907456
10746,117907456
10747,117907456
10748,117907456
10749,117907456
10750,117907456
10751,117907456
10752,117907456
10753,117907456
10754,117907456
10755,117907456
10756,117907456
10757,117907456
10758,117907456
10759,117907456
10760,117907456
10761,117907456
10762,117907456
10763,117907456
10764,117907456
10765,117907456
10766,117907456
10767,117907456
10768,117907456
10769,117907456
10770,117907456
10771,117907456
10772,117907456
10773,117907456
10774,117907456
10775,118169600
10776,118169600
10777,118169600
10778,118169600
10779,118169600
10780,118169600
10781,118169600
10782,118169600
10783,118169600
10784,118169600
10785,118169600
10786,118169600
10787,118169600
10788,118169600
10789,118169600
10790,118169600
10791,118169600
10792,118169600
10793,118169600
10794,118169600
10795,118169600
10796,118169600
10797,118169600
10798,118169600
10799,118169600
10800,118169600
10801,118521856
10802,118521856
10803,118521856
10804,118521856
10805,118521856
10806,118521856
10807,118521856
10808,118521856
10809,118521856
10810,118521856
10811,118521856
10812,118521856
10813,118521856
10814,118521856
10815,118521856
10816,118521856
10817,118521856
10818,118521856
10819,118521856
10820,118521856
10821,118521856
10822,118521856
10823,118521856
10824,118521856
10825,118521856
10826,118521856
10827,118521856
10828,118521856
10829,118521856
10830,118521856
10831,118521856
10832,118521856
10833,118521856
10834,118521856
10835,118521856
10836,118521856
10837,118521856
10838,118521856
10839,118521856
10840,118521856
10841,118521856
10842,118521856
10843,118521856
10844,118521856
10845,118521856
10846,118521856
10847,118521856
10848,118521856
10849,118521856
10850,118521856
10851,118521856
10852,118521856
10853,118521856
10854,118521856
10855,118521856
10856,118521856
10857,118521856
10858,118521856
10859,118521856
10860,118521856
10861,118521856
10862,118521856
10863,118521856
10864,118521856
10865,118521856
10866,118521856
10867,118521856
10868,118521856
10869,118521856
10870,118521856
10871,118521856
10872,118521856
10873,118521856
10874,118521856
10875,118521856
10876,118521856
10877,118521856
10878,118521856
10879,118521856
10880,118521856
10881,118493184
10882,118493184
10883,118493184
10884,118493184
10885,118493184
10886,118493184
10887,118493184
10888,118493184
10889,118493184
10890,118493184
10891,118493184
10892,118493184
10893,118493184
10894,118493184
10895,118493184
10896,118493184
10897,118493184
10898,118493184
10899,118493184
10900,118493184
10901,118493184
10902,118493184
10903,118493184
10904,118493184
10905,118493184
10906,118493184
10907,118493184
10908,118493184
10909,118493184
10910,118493184
10911,118493184
10912,118493184
10913,118493184
10914,118493184
10915,118493184
10916,118493184
10917,118493184
10918,118493184
10919,118493184
10920,118493184
10921,118493184
10922,118493184
10923,118493184
10924,118493184
10925,118493184
10926,118493184
10927,118493184
10928,118493184
10929,118493184
10930,118493184
10931,118493184
10932,118493184
10933,118493184
10934,118493184
10935,118493184
10936,118493184
10937,118493184
10938,118493184
10939,118493184
10940,118493184
10941,118493184
10942,118493184
10943,118493184
10944,118493184
10945,118493184
10946,118493184
10947,118493184
10948,118493184
10949,118493184
10950,118493184
10951,118493184
10952,118493184
10953,118493184
10954,118755328
10955,118755328
10956,118755328
10957,118755328
10958,118755328
10959,118755328
10960,118755328
10961,118755328
10962,118755328
10963,118755328
10964,118755328
10965,118755328
10966,118755328
10967,118755328
10968,118755328
10969,118755328
10970,118755328
10971,118755328
10972,118755328
10973,118755328
10974,118755328
10975,118755328
10976,118755328
10977,118755328
10978,118755328
10979,118755328
10980,118755328
10981,118755328
10982,118755328
10983,118755328
10984,118755328
10985,118755328
10986,118755328
10987,118755328
10988,118755328
10989,118755328
10990,118755328
10991,118755328
10992,118755328
10993,118755328
10994,118755328
10995,118755328
10996,118755328
10997,118755328
10998,118755328
10999,118755328
11000,118755328
11001,118755328
11002,118755328
11003,118755328
11004,118755328
11005,118755328
11006,118755328
11007,118755328
11008,118755328
11009,118755328
11010,118755328
11011,118755328
11012,118755328
11013,118755328
11014,118755328
11015,118755328
11016,118755328
11017,118755328
11018,118755328
11019,118755328
11020,118755328
11021,118755328
11022,118755328
11023,118755328
11024,118755328
11025,118755328
11026,118755328
11027,118755328
11028,118755328
11029,118755328
11030,118755328
11031,118755328
11032,118755328
11033,118755328
11034,118755328
11035,118755328
11036,118755328
11037,118755328
11038,118755328
11039,118755328
11040,118755328
11041,118755328
11042,118755328
11043,118755328
11044,118755328
11045,118755328
11046,118755328
11047,118755328
11048,118755328
11049,118755328
11050,118755328
11051,118755328
11052,118755328
11053,118755328
11054,118755328
11055,118755328
11056,118755328
11057,118755328
11058,118755328
11059,118755328
11060,118755328
11061,118755328
11062,118755328
11063,118755328
11064,118755328
11065,118755328
11066,118755328
11067,118755328
11068,118755328
11069,118755328
11070,118755328
11071,118755328
11072,118755328
11073,118755328
11074,118755328
11075,118755328
11076,118755328
11077,118755328
11078,118755328
11079,118755328
11080,118755328
11081,118755328
11082,118755328
11083,118755328
11084,118755328
11085,118755328
11086,118755328
11087,118755328
11088,118755328
11089,118755328
11090,118755328
11091,118755328
11092,118755328
11093,118755328
11094,118755328
11095,118755328
11096,118755328
11097,118755328
11098,118755328
11099,118755328
11100,118755328
11101,118755328
11102,118755328
11103,118755328
11104,118755328
11105,118755328
11106,118755328
11107,118755328
11108,118755328
11109,118755328
11110,118755328
11111,118755328
11112,118755328
11113,118755328
11114,118755328
11115,118755328
11116,118755328
11117,118755328
11118,118755328
11119,119017472
11120,119017472
11121,119017472
11122,119017472
11123,119017472
11124,119017472
11125,119017472
11126,119017472
11127,119017472
11128,119017472
11129,119017472
11130,119017472
11131,119017472
11132,119017472
11133,119017472
11134,119017472
11135,119017472
11136,119017472
11137,119017472
11138,119017472
11139,119017472
11140,119017472
11141,119017472
11142,119017472
11143,119017472
11144,119017472
11145,119017472
11146,119017472
11147,119017472
11148,119017472
11149,119017472
11150,119017472
11151,119017472
11152,119017472
11153,119017472
11154,119017472
11155,119017472
11156,119017472
11157,119017472
11158,119017472
11159,119017472
11160,119017472
11161,119017472
11162,119017472
11163,119017472
11164,119017472
11165,119017472
11166,119017472
11167,119017472
11168,119017472
11169,119017472
11170,119017472
11171,119017472
11172,119017472
11173,119017472
11174,119017472
11175,119017472
11176,119017472
11177,119017472
11178,119017472
11179,119017472
11180,119017472
11181,119017472
11182,119017472
11183,119017472
11184,119017472
11185,119017472
11186,119017472
11187,119017472
11188,119017472
11189,119017472
11190,119017472
11191,119017472
11192,119017472
11193,119017472
11194,119017472
11195,119017472
11196,119017472
11197,119017472
11198,119017472
11199,119017472
11200,119017472
11201,119017472
11202,119017472
11203,119017472
11204,119017472
11205,119017472
11206,119017472
11207,119017472
11208,119017472
11209,119017472
11210,119017472
11211,119017472
11212,119017472
11213,119017472
11214,119017472
11215,119017472
11216,119017472
11217,119017472
11218,119017472
11219,119017472
11220,119017472
11221,119017472
11222,119017472
11223,119017472
11224,119017472
11225,119017472
11226,119017472
11227,119017472
11228,119017472
11229,119017472
11230,119017472
11231,119017472
11232,119017472
11233,119017472
11234,119017472
11235,119017472
11236,119017472
11237,119017472
11238,119017472
11239,119017472
11240,119017472
11241,119017472
11242,119017472
11243,119017472
11244,119017472
11245,119017472
11246,119017472
11247,119017472
11248,119017472
11249,119017472
11250,119017472
11251,119017472
11252,119017472
11253,119017472
11254,119017472
11255,119017472
11256,119017472
11257,119017472
11258,119017472
11259,119017472
11260,119017472
11261,119017472
11262,119017472
11263,119017472
11264,119017472
11265,114339840
11266,112254976
11267,112254976
11268,112254976
11269,112254976
11270,112254976
11271,112254976
11272,112254976
11273,112254976
11274,112254976
11275,112254976
11276,112254976
11277,112254976
11278,112254976
11279,112254976
11280,112254976
11281,112254976
11282,112254976
11283,112254976
11284,112254976
11285,112254976
11286,112254976
11287,112254976
11288,112254976
11289,112254976
11290,112254976
11291,112254976
11292,112254976
11293,112254976
11294,112254976
11295,112254976
11296,112254976
11297,112254976
11298,112254976
11299,112254976
11300,112254976
11301,112254976
11302,112254976
11303,112254976
11304,112254976
11305,112254976
11306,112254976
11307,112254976
11308,112254976
11309,112254976
11310,112254976
11311,112254976
11312,112254976
11313,112254976
11314,112254976
11315,112254976
11316,112254976
11317,112254976
11318,112254976
11319,112254976
11320,112254976
11321,112254976
11322,112254976
11323,112254976
11324,112254976
11325,112254976
11326,112254976
11327,112254976
11328,112254976
11329,112254976
11330,112254976
11331,112254976
11332,112254976
11333,112254976
11334,112254976
11335,112254976
11336,112254976
11337,112254976
11338,112254976
11339,112254976
11340,112254976
11341,112254976
11342,112254976
11343,112254976
11344,112254976
11345,112254976
11346,112254976
11347,112254976
11348,112254976
11349,112254976
11350,112254976
11351,112254976
11352,112254976
11353,112254976
11354,112254976
11355,112254976
11356,112254976
11357,112254976
11358,112254976
11359,112254976
11360,112254976
11361,112254976
11362,112254976
11363,112254976
11364,112254976
11365,112254976
11366,112254976
11367,112254976
11368,112254976
11369,112254976
11370,112254976
11371,112254976
11372,112254976
11373,112254976
11374,112254976
11375,112254976
11376,112254976
11377,112254976
11378,112254976
11379,112254976
11380,112254976
11381,112254976
11382,112254976
11383,112254976
11384,112254976
11385,112254976
11386,112254976
11387,112254976
11388,112254976
11389,112254976
11390,112254976
11391,112254976
11392,112254976
11393,112254976
11394,112254976
11395,112254976
11396,112254976
11397,112254976
11398,112254976
11399,112254976
11400,112607232
11401,112607232
11402,112607232
11403,112607232
11404,112607232
11405,112607232
11406,112607232
11407,112607232
11408,112607232
11409,112607232
11410,112607232
11411,112607232
11412,112607232
11413,112607232
11414,112607232
11415,112607232
11416,112607232
11417,112607232
11418,112607232
11419,112607232
11420,112607232
11421,112607232
11422,112607232
11423,112607232
11424,112607232
11425,112607232
11426,112607232
11427,112607232
11428,112607232
11429,112607232
11430,112607232
11431,112607232
11432,112607232
11433,112607232
11434,112607232
11435,112607232
11436,112607232
11437,112607232
11438,112607232
11439,112607232
11440,112607232
11441,112607232
11442,112607232
11443,112607232
11444,112607232
11445,112607232
11446,112607232
11447,112607232
11448,112607232
11449,112607232
11450,112607232
11451,112607232
11452,112607232
11453,112607232
11454,112607232
11455,112607232
11456,112607232
11457,112607232
11458,112607232
11459,112607232
11460,112607232
11461,112607232
11462,112607232
11463,112607232
11464,112607232
11465,112607232
11466,112607232
11467,112607232
11468,112607232
11469,112607232
11470,112607232
11471,112607232
11472,112607232
11473,112607232
11474,112607232
11475,112607232
11476,112607232
11477,112607232
11478,112607232
11479,112607232
11480,112607232
11481,112607232
11482,112607232
11483,112607232
11484,112607232
11485,112607232
11486,112607232
11487,112607232
11488,112607232
11489,112607232
11490,112607232
11491,112607232
11492,112607232
11493,112607232
11494,112607232
11495,112607232
11496,112607232
11497,112607232
11498,112607232
11499,112607232
11500,112607232
11501,112607232
11502,112607232
11503,112607232
11504,112607232
11505,112607232
11506,112607232
11507,112607232
11508,112607232
11509,112607232
11510,112607232
11511,112607232
11512,112607232
11513,112607232
11514,112607232
11515,112607232
11516,112607232
11517,112607232
11518,112607232
11519,112607232
11520,112607232
11521,112607232
11522,112607232
11523,112607232
11524,112607232
11525,112607232
11526,112607232
11527,112607232
11528,112607232
11529,112607232
11530,112607232
11531,112607232
11532,112607232
11533,112607232
11534,112607232
11535,112607232
11536,112607232
11537,112607232
11538,112607232
11539,112607232
11540,112607232
11541,112607232
11542,112607232
11543,112607232
11544,112607232
11545,112607232
11546,112607232
11547,112607232
11548,112607232
11549,112607232
11550,112607232
11551,112607232
11552,112607232
11553,112607232
11554,112607232
11555,112607232
11556,112607232
11557,112607232
11558,112607232
11559,112607232
11560,112607232
11561,112607232
11562,112607232
11563,112607232
11564,112607232
11565,112607232
11566,112607232
11567,112607232
11568,112607232
11569,112607232
11570,112607232
11571,112607232
11572,112607232
11573,112607232
11574,112607232
11575,112607232
11576,112607232
11577,112607232
11578,112607232
11579,112607232
11580,112607232
11581,112607232
11582,112607232
11583,112607232
11584,112607232
11585,112607232
11586,112607232
11587,112607232
11588,112607232
11589,112607232
11590,112607232
11591,112607232
11592,112607232
11593,112607232
11594,112607232
11595,112607232
11596,112607232
11597,112607232
11598,112607232
11599,112607232
11600,112607232
11601,112607232
11602,112607232
11603,112607232
11604,112607232
11605,112607232
11606,112607232
11607,112607232
11608,112607232
11609,112607232
11610,112607232
11611,112607232
11612,112607232
11613,112607232
11614,112607232
11615,112607232
11616,112607232
11617,112607232
11618,112607232
11619,112607232
11620,112607232
11621,112607232
11622,112607232
11623,112607232
11624,112607232
11625,112607232
11626,112607232
11627,112607232
11628,112607232
11629,112607232
11630,112607232
11631,112607232
11632,112607232
11633,112607232
11634,112607232
11635,112607232
11636,112607232
11637,112607232
11638,112607232
11639,112607232
11640,112607232
11641,112607232
11642,112607232
11643,112607232
11644,112607232
11645,112607232
11646,112607232
11647,112607232
11648,112607232
11649,112607232
11650,112607232
11651,112607232
11652,112607232
11653,112607232
11654,112607232
11655,112607232
11656,112607232
11657,112607232
11658,112607232
11659,112607232
11660,112607232
11661,112607232
11662,112607232
11663,112607232
11664,112607232
11665,112607232
11666,112586752
11667,112586752
11668,112586752
11669,112586752
11670,112586752
11671,112586752
11672,112586752
11673,112586752
11674,112586752
11675,112586752
11676,112586752
11677,112586752
11678,112586752
11679,112586752
11680,112586752
11681,112586752
11682,112586752
11683,112586752
11684,112586752
11685,112586752
11686,112586752
11687,112586752
11688,112586752
11689,112586752
11690,112586752
11691,112586752
11692,112586752
11693,112586752
11694,112586752
11695,112586752
11696,112586752
11697,112586752
11698,112586752
11699,112586752
11700,112586752
11701,112586752
11702,112586752
11703,112586752
11704,112586752
11705,112586752
11706,112586752
11707,112586752
11708,112586752
11709,112586752
11710,112586752
11711,112586752
11712,112586752
11713,112586752
11714,112586752
11715,112586752
11716,112586752
11717,112586752
11718,112586752
11719,112586752
11720,112586752
11721,112586752
11722,112586752
11723,112586752
11724,112586752
11725,112586752
11726,112586752
11727,112586752
11728,112586752
11729,112586752
11730,112586752
11731,112586752
11732,112586752
11733,112586752
11734,112586752
11735,112586752
11736,112586752
11737,112586752
11738,112586752
11739,112586752
11740,112586752
11741,112586752
11742,112586752
11743,112586752
11744,112586752
11745,112586752
11746,112586752
11747,112586752
11748,112586752
11749,112586752
11750,112586752
11751,112586752
11752,112586752
11753,112586752
11754,112586752
11755,112586752
11756,112586752
11757,112586752
11758,112586752
11759,112586752
11760,112586752
11761,112586752
11762,112586752
11763,112586752
11764,112586752
11765,112586752
11766,112586752
11767,112586752
11768,112586752
11769,112586752
11770,112586752
11771,112586752
11772,112586752
11773,112586752
11774,112586752
11775,112586752
11776,112586752
11777,112586752
11778,112586752
11779,112586752
11780,112586752
11781,112586752
11782,112586752
11783,112586752
11784,112586752
11785,112586752
11786,112586752
11787,112586752
11788,112586752
11789,112586752
11790,112586752
11791,112586752
11792,112586752
11793,112586752
11794,112586752
11795,112586752
11796,112586752
11797,112586752
11798,112586752
11799,112586752
11800,112586752
11801,112586752
11802,112586752
11803,112586752
11804,112586752
11805,112586752
11806,112586752
11807,112586752
11808,112586752
11809,112586752
11810,112586752
11811,112586752
11812,112586752
11813,112586752
11814,112586752
11815,112586752
11816,112586752
11817,112586752
11818,112586752
11819,112586752
11820,112586752
11821,112586752
11822,112586752
11823,112586752
11824,112586752
11825,112586752
11826,112586752
11827,112586752
11828,112586752
11829,112586752
11830,112586752
11831,112586752
11832,112586752
11833,112586752
11834,112586752
11835,112586752
11836,112586752
11837,112586752
11838,112586752
11839,112586752
11840,112586752
11841,112586752
11842,112586752
11843,112586752
11844,112586752
11845,112586752
11846,112586752
11847,112586752
11848,112586752
11849,112586752
11850,112586752
11851,112586752
11852,112586752
11853,112586752
11854,112586752
11855,112586752
11856,112586752
11857,112586752
11858,112586752
11859,112586752
11860,112586752
11861,112586752
11862,112586752
11863,112586752
11864,112586752
11865,112586752
11866,112586752
11867,112586752
11868,112586752
11869,112586752
11870,112586752
11871,112586752
11872,112586752
11873,112586752
11874,112586752
11875,112586752
11876,112586752
11877,112586752
11878,112586752
11879,112586752
11880,112586752
11881,112586752
11882,112586752
11883,112586752
11884,112586752
11885,112586752
11886,112586752
11887,112586752
11888,112586752
11889,112586752
11890,112586752
11891,112586752
11892,112586752
11893,112586752
11894,112586752
11895,112586752
11896,112586752
11897,112586752
11898,112586752
11899,112586752
11900,112586752
11901,112586752
11902,112586752
11903,112586752
11904,112586752
11905,112586752
11906,112586752
11907,112586752
11908,112586752
11909,112586752
11910,112586752
11911,112586752
11912,112586752
11913,112586752
11914,112586752
11915,112586752
11916,112586752
11917,112586752
11918,112586752
11919,112586752
11920,112586752
11921,112586752
11922,112586752
11923,112586752
11924,112586752
11925,112586752
11926,112586752
11927,112586752
11928,112586752
11929,112586752
11930,112586752
11931,112586752
11932,112586752
11933,112586752
11934,112586752
11935,112586752
11936,112586752
11937,112586752
11938,112586752
11939,112586752
11940,112586752
11941,112586752
11942,112586752
11943,112586752
11944,112586752
11945,112586752
11946,112586752
11947,112586752
11948,112586752
11949,112586752
11950,112586752
11951,112586752
11952,112586752
11953,112586752
11954,112586752
11955,112586752
11956,112586752
11957,112586752
11958,112586752
11959,112586752
11960,112627712
11961,112627712
11962,112627712
11963,112627712
11964,112627712
11965,112627712
11966,112627712
11967,112627712
11968,112627712
11969,112627712
11970,112627712
11971,112627712
11972,112627712
11973,112627712
11974,112627712
11975,112627712
11976,112627712
11977,112627712
11978,112627712
11979,112627712
11980,112627712
11981,112627712
11982,112627712
11983,112627712
11984,112627712
11985,112627712
11986,112627712
11987,112627712
11988,112627712
11989,112627712
11990,112627712
11991,112627712
11992,112627712
11993,112627712
11994,112627712
11995,112627712
11996,112627712
11997,112627712
11998,112627712
11999,112627712
12000,112627712
12001,119959552
12002,119959552
12003,119967744
12004,119967744
12005,119967744
12006,119967744
12007,119967744
12008,119967744
12009,119967744
12010,119967744
12011,119967744
12012,119967744
12013,119967744
12014,119967744
12015,119967744
12016,119967744
12017,119967744
12018,119967744
12019,119967744
12020,119967744
12021,119967744
12022,119967744
12023,119967744
12024,119967744
12025,119967744
12026,119967744
12027,119967744
12028,119967744
12029,119967744
12030,119967744
12031,119967744
12032,119967744
12033,119967744
12034,119967744
12035,119967744
12036,119967744
12037,119967744
12038,119967744
12039,119967744
12040,119967744
12041,119967744
12042,119967744
12043,119967744
12044,119967744
12045,119967744
12046,119967744
12047,119967744
12048,118808576
12049,118808576
12050,118808576
12051,118808576
12052,118808576
12053,118808576
12054,118808576
12055,118808576
12056,118808576
12057,118808576
12058,118808576
12059,118808576
12060,118808576
12061,118808576
12062,118808576
12063,118808576
12064,118808576
12065,118808576
12066,118808576
12067,118808576
12068,118808576
12069,118808576
12070,118808576
12071,118808576
12072,118808576
12073,118808576
12074,118808576
12075,118808576
12076,118808576
12077,118808576
12078,118808576
12079,118808576
12080,118808576
12081,118808576
12082,118808576
12083,118779904
12084,118779904
12085,118779904
12086,118779904
12087,118779904
12088,118779904
12089,118779904
12090,118779904
12091,118779904
12092,118779904
12093,118779904
12094,118779904
12095,118779904
12096,118779904
12097,118779904
12098,118779904
12099,118779904
12100,118779904
12101,118779904
12102,118779904
12103,118779904
12104,118779904
12105,118779904
12106,118779904
12107,118779904
12108,118779904
12109,118779904
12110,118779904
12111,118779904
12112,118779904
12113,118779904
12114,118779904
12115,118779904
12116,118779904
12117,118779904
12118,118779904
12119,118779904
12120,118779904
12121,118779904
12122,118779904
12123,118779904
12124,118779904
12125,118779904
12126,118779904
12127,118779904
12128,118779904
12129,118779904
12130,118779904
12131,118779904
12132,118779904
12133,118779904
12134,118779904
12135,118779904
12136,118779904
12137,118779904
12138,118779904
12139,118779904
12140,118779904
12141,118779904
12142,118779904
12143,118779904
12144,118779904
12145,118779904
12146,118779904
12147,118779904
12148,118779904
12149,118779904
12150,118779904
12151,118779904
12152,118779904
12153,118779904
12154,118779904
12155,118779904
12156,118779904
12157,118779904
12158,118779904
12159,118779904
12160,118779904
12161,118779904
12162,118779904
12163,118779904
12164,118779904
12165,118779904
12166,118779904
12167,118779904
12168,118779904
12169,118779904
12170,118779904
12171,118779904
12172,118779904
12173,118779904
12174,118779904
12175,118779904
12176,118779904
12177,118779904
12178,118779904
12179,118779904
12180,118779904
12181,118779904
12182,118779904
12183,118779904
12184,118779904
12185,118779904
12186,118779904
12187,118779904
12188,118779904
12189,118779904
12190,118779904
12191,118779904
12192,118779904
12193,118779904
12194,118779904
12195,118779904
12196,118779904
12197,118779904
12198,118779904
12199,118779904
12200,118779904
12201,118779904
12202,118779904
12203,118779904
12204,118779904
12205,118779904
12206,118779904
12207,118779904
12208,118779904
12209,118779904
12210,118779904
12211,118779904
12212,118779904
12213,118779904
12214,118779904
12215,118779904
12216,118779904
12217,118779904
12218,118779904
12219,118779904
12220,118779904
12221,118779904
12222,118779904
12223,118779904
12224,118779904
12225,118779904
12226,118779904
12227,118779904
12228,118779904
12229,118779904
12230,118779904
12231,118779904
12232,118779904
12233,118779904
12234,118779904
12235,118779904
12236,118779904
12237,118779904
12238,118779904
12239,118779904
12240,118779904
12241,118779904
12242,118779904
12243,118779904
12244,118779904
12245,118779904
12246,118779904
12247,118779904
12248,118779904
12249,118779904
12250,118779904
12251,118779904
12252,118779904
12253,118779904
12254,118779904
12255,118779904
12256,118779904
12257,118779904
12258,118779904
12259,118779904
12260,118779904
12261,118779904
12262,118779904
12263,118779904
12264,118779904
12265,118779904
12266,118779904
12267,118779904
12268,118779904
12269,118779904
12270,118779904
12271,118779904
12272,118779904
12273,118779904
12274,118779904
12275,118779904
12276,118779904
12277,118779904
12278,118779904
12279,118779904
12280,118779904
12281,118779904
12282,118779904
12283,118779904
12284,118779904
12285,118779904
12286,118779904
12287,118779904
12288,118779904
12289,118779904
12290,118779904
12291,118779904
12292,118779904
12293,118779904
12294,118779904
12295,118779904
12296,118779904
12297,118779904
12298,118779904
12299,118779904
12300,118779904
12301,118779904
12302,118779904
12303,118779904
12304,118779904
12305,118779904
12306,118779904
12307,118779904
12308,118779904
12309,118779904
12310,118779904
12311,118779904
12312,118779904
12313,118779904
12314,118779904
12315,118779904
12316,118779904
12317,118779904
12318,118779904
12319,118779904
12320,118779904
12321,118779904
12322,118779904
12323,118779904
12324,118779904
12325,118779904
12326,118779904
12327,118779904
12328,118779904
12329,118779904
12330,118779904
12331,118779904
12332,118779904
12333,118779904
12334,118779904
12335,118779904
12336,118779904
12337,118779904
12338,118779904
12339,118779904
12340,118779904
12341,118779904
12342,118779904
12343,118779904
12344,118779904
12345,118779904
12346,118779904
12347,118779904
12348,118779904
12349,118779904
12350,118779904
12351,118779904
12352,118779904
12353,118779904
12354,118779904
12355,118779904
12356,118779904
12357,118779904
12358,118779904
12359,118779904
12360,118779904
12361,118779904
12362,118779904
12363,118779904
12364,118779904
12365,118779904
12366,118779904
12367,118779904
12368,118779904
12369,118779904
12370,118779904
12371,118779904
12372,118779904
12373,118779904
12374,118779904
12375,118779904
12376,118779904
12377,118779904
12378,118779904
12379,118779904
12380,118779904
12381,118779904
12382,118779904
12383,118779904
12384,118779904
12385,118779904
12386,118779904
12387,118779904
12388,118779904
12389,118779904
12390,118779904
12391,118779904
12392,118779904
12393,118779904
12394,118779904
12395,118779904
12396,118779904
12397,118779904
12398,118779904
12399,118779904
12400,118779904
12401,118779904
12402,118779904
12403,118779904
12404,118779904
12405,118779904
12406,118779904
12407,118779904
12408,118779904
12409,118779904
12410,118779904
12411,118779904
12412,118779904
12413,118779904
12414,118779904
12415,118779904
12416,118779904
12417,118779904
12418,118779904
12419,118779904
12420,118779904
12421,118779904
12422,118779904
12423,118779904
12424,118779904
12425,118779904
12426,118779904
12427,118779904
12428,118779904
12429,118779904
12430,118779904
12431,118779904
12432,118779904
12433,118779904
12434,118779904
12435,118779904
12436,118779904
12437,118779904
12438,118779904
12439,118779904
12440,118779904
12441,118779904
12442,118779904
12443,118779904
12444,118779904
12445,118779904
12446,118779904
12447,118779904
12448,118759424
12449,118759424
12450,118759424
12451,118759424
12452,118759424
12453,118759424
12454,118759424
12455,118759424
12456,118759424
12457,118759424
12458,118759424
12459,118759424
12460,118759424
12461,118759424
12462,118759424
12463,118759424
12464,118759424
12465,118759424
12466,118759424
12467,118759424
12468,118759424
12469,118759424
12470,118759424
12471,118759424
12472,118759424
12473,118759424
12474,118759424
12475,118759424
12476,118759424
12477,118759424
12478,118759424
12479,118759424
12480,118759424
12481,118759424
12482,118759424
12483,118759424
12484,118759424
12485,118759424
12486,118759424
12487,118759424
12488,118759424
12489,118759424
12490,118759424
12491,118759424
12492,118759424
12493,118759424
12494,118759424
12495,118759424
12496,118759424
12497,118759424
12498,118759424
12499,118759424
12500,118759424
12501,118759424
12502,118759424
12503,118759424
12504,118759424
12505,118759424
12506,118759424
12507,118759424
12508,118759424
12509,118759424
12510,118759424
12511,118759424
12512,118759424
12513,118759424
12514,118759424
12515,118759424
12516,118759424
12517,118759424
12518,118759424
12519,118759424
12520,118759424
12521,118759424
12522,118759424
12523,118759424
12524,118759424
12525,118759424
12526,118759424
12527,118759424
12528,118759424
12529,118759424
12530,118759424
12531,118759424
12532,118759424
12533,118759424
12534,118759424
12535,118759424
12536,118759424
12537,118759424
12538,118759424
12539,118759424
12540,118759424
12541,118759424
12542,118759424
12543,118759424
12544,118759424
12545,118759424
12546,118759424
12547,118759424
12548,118759424
12549,118759424
12550,118759424
12551,118759424
12552,118759424
12553,118759424
12554,118759424
12555,118759424
12556,118759424
12557,118759424
12558,118759424
12559,118759424
12560,118759424
12561,118759424
12562,118759424
12563,118759424
12564,118759424
12565,118759424
12566,118759424
12567,118759424
12568,118759424
12569,118759424
12570,118759424
12571,118759424
12572,118759424
12573,118759424
12574,118759424
12575,118759424
12576,118759424
12577,118759424
12578,118759424
12579,118759424
12580,118759424
12581,118759424
12582,118759424
12583,118759424
12584,118759424
12585,118759424
12586,118759424
12587,118759424
12588,118759424
12589,118759424
12590,118759424
12591,118759424
12592,118759424
12593,118759424
12594,118759424
12595,118759424
12596,118759424
12597,118759424
12598,118759424
12599,118759424
12600,118759424
12601,118792192
12602,118792192
12603,118792192
12604,118792192
12605,118792192
12606,118792192
12607,118792192
12608,118792192
12609,118792192
12610,118792192
12611,118792192
12612,118792192
12613,118792192
12614,118792192
12615,118792192
12616,118792192
12617,118792192
12618,118792192
12619,118792192
12620,118792192
12621,118792192
12622,118792192
12623,118792192
12624,118792192
12625,118792192
12626,118792192
12627,118792192
12628,118792192
12629,118792192
12630,118792192
12631,118792192
12632,118792192
12633,118792192
12634,118792192
12635,118792192
12636,118792192
12637,118792192
12638,118792192
12639,118792192
12640,118792192
12641,118792192
12642,118792192
12643,118792192
12644,118792192
12645,118792192
12646,118792192
12647,118792192
12648,118792192
12649,118792192
12650,118792192
12651,118792192
12652,118792192
12653,118792192
12654,118792192
12655,118792192
12656,118792192
12657,118792192
12658,118792192
12659,118792192
12660,118792192
12661,118792192
12662,118792192
12663,118792192
12664,118792192
12665,118792192
12666,118792192
12667,118792192
12668,118792192
12669,118792192
12670,118792192
12671,118792192
12672,118792192
12673,118792192
12674,118792192
12675,118792192
12676,118792192
12677,118792192
12678,118792192
12679,118792192
12680,118792192
12681,118763520
12682,118763520
12683,118763520
12684,118763520
12685,118763520
12686,118763520
12687,118763520
12688,118763520
12689,118763520
12690,118763520
12691,118763520
12692,118763520
12693,118763520
12694,118763520
12695,118763520
12696,118763520
12697,118763520
12698,118763520
12699,118763520
12700,118763520
12701,118763520
12702,118763520
12703,118763520
12704,118763520
12705,118763520
12706,118763520
12707,118763520
12708,118763520
12709,118763520
12710,118763520
12711,118763520
12712,118763520
12713,118763520
12714,118763520
12715,118763520
12716,118763520
12717,118763520
12718,118763520
12719,118763520
12720,118763520
12721,118763520
12722,118763520
12723,118763520
12724,118763520
12725,118763520
12726,118763520
12727,118763520
12728,118763520
12729,118763520
12730,118763520
12731,118763520
12732,118763520
12733,118763520
12734,118763520
12735,118763520
12736,118763520
12737,118763520
12738,118763520
12739,118763520
12740,118763520
12741,118763520
12742,118763520
12743,118763520
12744,118763520
12745,118763520
12746,118763520
12747,118763520
12748,118763520
12749,118763520
12750,118763520
12751,118763520
12752,118763520
12753,118763520
12754,118763520
12755,118763520
12756,118763520
12757,118763520
12758,118763520
12759,118763520
12760,118763520
12761,118763520
12762,118763520
12763,118763520
12764,118763520
12765,118763520
12766,118763520
12767,118763520
12768,118763520
12769,118763520
12770,118763520
12771,118763520
12772,118763520
12773,118763520
12774,118763520
12775,118763520
12776,118763520
12777,118763520
12778,118763520
12779,118763520
12780,110493696
12781,111149056
12782,111149056
12783,111149056
12784,111149056
12785,111149056
12786,111149056
12787,111149056
12788,111149056
12789,111149056
12790,111149056
12791,111149056
12792,111149056
12793,111149056
12794,111149056
12795,111149056
12796,111149056
12797,111149056
12798,111149056
12799,111149056
12800,111149056
12801,111149056
12802,111153152
12803,111153152
12804,111153152
12805,111153152
12806,111153152
12807,111153152
12808,111153152
12809,111153152
12810,111153152
12811,111153152
12812,111153152
12813,111153152
12814,111153152
12815,111153152
12816,111153152
12817,111153152
12818,111153152
12819,111153152
12820,111153152
12821,111153152
12822,111153152
12823,111153152
12824,111153152
12825,111153152
12826,111153152
12827,111153152
12828,111153152
12829,111153152
12830,111153152
12831,111153152
12832,111153152
12833,111153152
12834,111153152
12835,111153152
12836,111153152
12837,111153152
12838,111153152
12839,111153152
12840,111153152
12841,111153152
12842,111153152
12843,111153152
12844,111153152
12845,111153152
12846,111153152
12847,111153152
12848,111153152
12849,111153152
12850,111153152
12851,111153152
12852,111153152
12853,111153152
12854,111153152
12855,111153152
12856,111153152
12857,111153152
12858,111153152
12859,111153152
12860,111153152
12861,111153152
12862,111153152
12863,111153152
12864,111153152
12865,111153152
12866,111153152
12867,111153152
12868,111153152
12869,111153152
12870,111153152
12871,111153152
12872,111153152
12873,111153152
12874,111153152
12875,111153152
12876,111153152
12877,111153152
12878,111153152
12879,111153152
12880,111153152
12881,111153152
12882,111153152
12883,111153152
12884,111153152
12885,111153152
12886,111153152
12887,111153152
12888,111153152
12889,111153152
12890,111153152
12891,111153152
12892,111153152
12893,111153152
12894,111153152
12895,111153152
12896,111153152
12897,111153152
12898,111153152
12899,111153152
12900,111153152
12901,111153152
12902,111153152
12903,111153152
12904,111153152
12905,111153152
12906,111153152
12907,111153152
12908,111153152
12909,111153152
12910,111153152
12911,111153152
12912,111153152
12913,111153152
12914,111153152
12915,111153152
12916,111153152
12917,111153152
12918,111153152
12919,111153152
12920,111153152
12921,111153152
12922,111153152
12923,111153152
12924,111153152
12925,111153152
12926,111153152
12927,111153152
12928,111153152
12929,111153152
12930,111153152
12931,111153152
12932,111153152
12933,111153152
12934,111153152
12935,111153152
12936,111153152
12937,111153152
12938,111153152
12939,111153152
12940,111153152
12941,111153152
12942,111153152
12943,111153152
12944,111153152
12945,111153152
12946,111153152
12947,111153152
12948,111153152
12949,111153152
12950,111153152
12951,111153152
12952,111153152
12953,111153152
12954,111153152
12955,111153152
12956,111153152
12957,111153152
12958,111153152
12959,111153152
12960,111153152
12961,111153152
12962,111153152
12963,111153152
12964,111153152
12965,111153152
12966,111153152
12967,111153152
12968,111153152
12969,111153152
12970,111153152
12971,111153152
12972,111153152
12973,111153152
12974,111153152
12975,111153152
12976,111153152
12977,111153152
12978,111153152
12979,111153152
12980,111153152
12981,111153152
12982,111153152
12983,111153152
12984,111153152
12985,111153152
12986,111153152
12987,111153152
12988,111153152
12989,111153152
12990,111153152
12991,111153152
12992,111153152
12993,111153152
12994,111153152
12995,111153152
12996,111153152
12997,111153152
12998,111153152
12999,111153152
13000,111153152
13001,111153152
13002,111153152
13003,111153152
13004,111153152
13005,111153152
13006,111153152
13007,111153152
13008,111153152
13009,111153152
13010,111153152
13011,111153152
13012,111153152
13013,111153152
13014,111153152
13015,111153152
13016,111153152
13017,111153152
13018,111153152
13019,111153152
13020,111153152
13021,111153152
13022,111153152
13023,111153152
13024,111153152
13025,111153152
13026,111153152
13027,111153152
13028,111153152
13029,111153152
13030,111153152
13031,111153152
13032,111153152
13033,111153152
13034,111153152
13035,111153152
13036,111153152
13037,111153152
13038,111153152
13039,111153152
13040,111153152
13041,111153152
13042,111153152
13043,111153152
13044,111153152
13045,111153152
13046,111153152
13047,111153152
13048,111153152
13049,111153152
13050,111153152
13051,111153152
13052,111153152
13053,111153152
13054,111153152
13055,111153152
13056,111153152
13057,111153152
13058,111153152
13059,111153152
13060,111153152
13061,111153152
13062,111153152
13063,111153152
13064,111153152
13065,111153152
13066,111153152
13067,111153152
13068,111153152
13069,111153152
13070,111153152
13071,111153152
13072,111153152
13073,111153152
13074,111153152
13075,111153152
13076,111153152
13077,111153152
13078,111153152
13079,111153152
13080,111153152
13081,111153152
13082,111153152
13083,111153152
13084,111153152
13085,111153152
13086,111153152
13087,111153152
13088,111153152
13089,111153152
13090,111153152
13091,111153152
13092,111153152
13093,111153152
13094,111153152
13095,111153152
13096,111153152
13097,111153152
13098,111153152
13099,111153152
13100,111153152
13101,111153152
13102,111153152
13103,111153152
13104,111153152
13105,111153152
13106,111153152
13107,111153152
13108,111153152
13109,111153152
13110,111153152
13111,111153152
13112,111153152
13113,111153152
13114,111153152
13115,111153152
13116,111153152
13117,111153152
13118,111153152
13119,111153152
13120,111153152
13121,111153152
13122,111153152
13123,111153152
13124,111153152
13125,111153152
13126,111153152
13127,111153152
13128,111153152
13129,111153152
13130,111153152
13131,111153152
13132,111153152
13133,111153152
13134,111153152
13135,111153152
13136,111153152
13137,111153152
13138,111153152
13139,111153152
13140,111153152
13141,111153152
13142,111153152
13143,111153152
13144,111153152
13145,111153152
13146,111153152
13147,111153152
13148,111153152
13149,111153152
13150,111153152
13151,111153152
13152,111153152
13153,111153152
13154,111153152
13155,111153152
13156,111153152
13157,111153152
13158,111153152
13159,111153152
13160,111153152
13161,111153152
13162,111153152
13163,111153152
13164,111153152
13165,111153152
13166,111153152
13167,111153152
13168,111153152
13169,111153152
13170,111153152
13171,111153152
13172,111153152
13173,111153152
13174,111153152
13175,111153152
13176,111153152
13177,111153152
13178,111153152
13179,111153152
13180,111153152
13181,111132672
13182,111132672
13183,111132672
13184,111132672
13185,111132672
13186,111132672
13187,111132672
13188,111132672
13189,111132672
13190,111132672
13191,111132672
13192,111132672
13193,111132672
13194,111132672
13195,111132672
13196,111132672
13197,111132672
13198,111132672
13199,111132672
13200,111132672
13201,112369664
13202,112369664
13203,112369664
13204,112369664
13205,112369664
13206,112369664
13207,112369664
13208,112369664
13209,112369664
13210,112369664
13211,112369664
13212,112369664
13213,112369664
13214,112369664
13215,112369664
13216,112369664
13217,112369664
13218,112369664
13219,112369664
13220,112369664
13221,112369664
13222,112369664
13223,112369664
13224,112369664
13225,112369664
13226,112369664
13227,112369664
13228,112369664
13229,112369664
13230,112369664
13231,112369664
13232,112369664
13233,112369664
13234,112369664
13235,112369664
13236,112369664
13237,112369664
13238,112369664
13239,112369664
13240,112369664
13241,112369664
13242,112369664
13243,112369664
13244,112369664
13245,112369664
13246,112369664
13247,112369664
13248,112369664
13249,112369664
13250,112369664
13251,112369664
13252,112369664
13253,112369664
13254,112369664
13255,112369664
13256,112369664
13257,112369664
13258,112369664
13259,112369664
13260,112369664
13261,112369664
13262,112369664
13263,112369664
13264,112369664
13265,112369664
13266,112369664
13267,112369664
13268,112369664
13269,112369664
13270,112369664
13271,112369664
13272,112369664
13273,112369664
13274,112369664
13275,112369664
13276,112369664
13277,112369664
13278,112369664
13279,112369664
13280,112369664
13281,112340992
13282,112340992
13283,112340992
13284,112340992
13285,112340992
13286,112340992
13287,112340992
13288,112340992
13289,112340992
13290,112340992
13291,112340992
13292,112340992
13293,112340992
13294,112340992
13295,112340992
13296,112340992
13297,112340992
13298,112340992
13299,112340992
13300,112340992
13301,112340992
13302,112340992
13303,112340992
13304,112340992
13305,112340992
13306,112340992
13307,112340992
13308,112340992
13309,112340992
13310,112340992
13311,112340992
13312,112340992
13313,112340992
13314,112340992
13315,112340992
13316,112340992
13317,112340992
13318,112340992
13319,112340992
13320,112340992
13321,112340992
13322,112340992
13323,112340992
13324,112340992
13325,112340992
13326,112340992
13327,112340992
13328,112340992
13329,112340992
13330,112340992
13331,112340992
13332,112340992
13333,112340992
13334,112340992
13335,112340992
13336,112340992
13337,112340992
13338,112340992
13339,112340992
13340,112340992
13341,112340992
13342,112340992
13343,112340992
13344,112340992
13345,112340992
13346,112340992
13347,112340992
13348,112340992
13349,112340992
13350,112340992
13351,112340992
13352,112340992
13353,112340992
13354,112340992
13355,112340992
13356,112340992
13357,112340992
13358,112340992
13359,112340992
13360,112340992
13361,112300032
13362,112300032
13363,112300032
13364,112300032
13365,112300032
13366,112300032
13367,112300032
13368,112300032
13369,112300032
13370,112300032
13371,112300032
13372,112300032
13373,112300032
13374,112300032
13375,112300032
13376,112300032
13377,112300032
13378,112300032
13379,112300032
13380,112402432
13381,112402432
13382,112402432
13383,112402432
13384,112402432
13385,112402432
13386,112402432
13387,112402432
13388,112402432
13389,112402432
13390,112402432
13391,112402432
13392,112402432
13393,112402432
13394,112402432
13395,112402432
13396,112402432
13397,112402432
13398,112402432
13399,112402432
13400,112402432
13401,112402432
13402,112402432
13403,112402432
13404,112402432
13405,112402432
13406,112402432
13407,112402432
13408,112402432
13409,112402432
13410,112402432
13411,112402432
13412,112402432
13413,112402432
13414,112402432
13415,112402432
13416,112402432
13417,112402432
13418,112402432
13419,112402432
13420,112402432
13421,112402432
13422,112402432
13423,112402432
13424,112402432
13425,112402432
13426,112402432
13427,112402432
13428,112402432
13429,112402432
13430,112402432
13431,112402432
13432,112402432
13433,112402432
13434,112402432
13435,112402432
13436,112402432
13437,112402432
13438,112402432
13439,112402432
13440,112402432
13441,112402432
13442,112402432
13443,112402432
13444,112402432
13445,112402432
13446,112402432
13447,112402432
13448,112402432
13449,112402432
13450,112402432
13451,112402432
13452,112402432
13453,112402432
13454,112402432
13455,112402432
13456,112402432
13457,112402432
13458,112402432
13459,112402432
13460,112402432
13461,112402432
13462,112402432
13463,112402432
13464,112402432
13465,112402432
13466,112402432
13467,112402432
13468,112402432
13469,112402432
13470,112402432
13471,112402432
13472,112402432
13473,112402432
13474,112402432
13475,112402432
13476,112402432
13477,112402432
13478,112402432
13479,112402432
13480,112402432
13481,112402432
13482,112402432
13483,112402432
13484,112402432
13485,112402432
13486,112402432
13487,112402432
13488,112402432
13489,112402432
13490,112402432
13491,112402432
13492,112402432
13493,112402432
13494,112402432
13495,112402432
13496,112402432
13497,112402432
13498,112402432
13499,112402432
13500,112402432
13501,112402432
13502,112402432
13503,112402432
13504,112402432
13505,112402432
13506,112402432
13507,112402432
13508,112402432
13509,112402432
13510,112402432
13511,112402432
13512,112402432
13513,112402432
13514,112402432
13515,112402432
13516,112402432
13517,112402432
13518,112402432
13519,112402432
13520,112402432
13521,112402432
13522,112402432
13523,112402432
13524,112402432
13525,112402432
13526,112402432
13527,112402432
13528,112402432
13529,112402432
13530,112402432
13531,112402432
13532,112402432
13533,112402432
13534,112402432
13535,112402432
13536,112402432
13537,112402432
13538,112402432
13539,112402432
13540,112402432
13541,112402432
13542,112402432
13543,112402432
13544,112402432
13545,112664576
13546,112664576
13547,112664576
13548,112664576
13549,112664576
13550,112664576
13551,112664576
13552,112664576
13553,112664576
13554,112664576
13555,112664576
13556,112664576
13557,112664576
13558,112664576
13559,112664576
13560,112664576
13561,112664576
13562,112664576
13563,112664576
13564,112664576
13565,112664576
13566,112664576
13567,112664576
13568,112664576
13569,112664576
13570,112664576
13571,112664576
13572,112664576
13573,112664576
13574,112664576
13575,112664576
13576,112664576
13577,112664576
13578,112664576
13579,112664576
13580,112664576
13581,112664576
13582,112664576
13583,112664576
13584,112664576
13585,112664576
13586,112664576
13587,112664576
13588,112664576
13589,112664576
13590,112664576
13591,112664576
13592,112664576
13593,112664576
13594,112664576
13595,112664576
13596,112664576
13597,112664576
13598,112664576
13599,112664576
13600,112664576
13601,112664576
13602,112664576
13603,112664576
13604,112664576
13605,112664576
13606,112664576
13607,112664576
13608,112664576
13609,112664576
13610,112664576
13611,112664576
13612,112664576
13613,112664576
13614,112664576
13615,112664576
13616,112664576
13617,112664576
13618,112664576
13619,112664576
13620,112664576
13621,112664576
13622,112664576
13623,112664576
13624,112664576
13625,112664576
13626,112664576
13627,112664576
13628,112664576
13629,112664576
13630,112664576
13631,112664576
13632,112664576
13633,112664576
13634,112664576
13635,112664576
13636,112664576
13637,112664576
13638,112664576
13639,112664576
13640,112664576
13641,112664576
13642,112664576
13643,112664576
13644,112664576
13645,112664576
13646,112664576
13647,112664576
13648,112664576
13649,112664576
13650,112664576
13651,112664576
13652,112664576
13653,112664576
13654,112664576
13655,112664576
13656,112664576
13657,112664576
13658,112664576
13659,112664576
13660,112664576
13661,112664576
13662,112664576
13663,112664576
13664,112664576
13665,112664576
13666,112664576
13667,112664576
13668,112664576
13669,112664576
13670,112664576
13671,112664576
13672,112664576
13673,112664576
13674,112664576
13675,112664576
13676,112664576
13677,112664576
13678,112664576
13679,112664576
13680,112664576
13681,112664576
13682,112664576
13683,112664576
13684,112664576
13685,112664576
13686,112664576
13687,112664576
13688,112664576
13689,112664576
13690,112664576
13691,112664576
13692,112664576
13693,112664576
13694,112664576
13695,112664576
13696,112664576
13697,112664576
13698,112664576
13699,112664576
13700,112664576
13701,112664576
13702,112664576
13703,112664576
13704,112664576
13705,112664576
13706,112664576
13707,112664576
13708,112664576
13709,112664576
13710,112775168
13711,112775168
13712,112775168
13713,112775168
13714,112775168
13715,112775168
13716,112775168
13717,112775168
13718,112775168
13719,112775168
13720,112775168
13721,112775168
13722,112775168
13723,112775168
13724,112775168
13725,112775168
13726,112775168
13727,112775168
13728,112775168
13729,112775168
13730,112775168
13731,112775168
13732,112775168
13733,112775168
13734,112775168
13735,112775168
13736,112775168
13737,112775168
13738,112775168
13739,112775168
13740,112775168
13741,112775168
13742,112775168
13743,112775168
13744,112775168
13745,112775168
13746,112775168
13747,112775168
13748,112775168
13749,112775168
13750,112775168
13751,112775168
13752,112775168
13753,112775168
13754,112775168
13755,112775168
13756,112775168
13757,112775168
13758,112775168
13759,112775168
13760,112775168
13761,112775168
13762,112775168
13763,112775168
13764,112775168
13765,112775168
13766,112775168
13767,112775168
13768,112775168
13769,112775168
13770,112775168
13771,112775168
13772,112775168
13773,112775168
13774,112775168
13775,112775168
13776,112775168
13777,112775168
13778,112775168
13779,112775168
13780,112775168
13781,112775168
13782,112775168
13783,112775168
13784,112775168
13785,112775168
13786,112775168
13787,112775168
13788,112775168
13789,112775168
13790,112775168
13791,112775168
13792,112775168
13793,112775168
13794,112775168
13795,112775168
13796,112775168
13797,112775168
13798,112775168
13799,112775168
13800,112775168
13801,113197056
13802,113197056
13803,113197056
13804,113197056
13805,113197056
13806,113197056
13807,113197056
13808,113197056
13809,113197056
13810,113197056
13811,113197056
13812,113197056
13813,113197056
13814,113197056
13815,113197056
13816,113197056
13817,113197056
13818,113197056
13819,113197056
13820,113197056
13821,113197056
13822,113197056
13823,113197056
13824,113197056
13825,113197056
13826,113197056
13827,113197056
13828,113197056
13829,113197056
13830,113197056
13831,113197056
13832,113197056
13833,113197056
13834,113197056
13835,113197056
13836,113197056
13837,113197056
13838,113197056
13839,113197056
13840,113197056
13841,113197056
13842,113197056
13843,113197056
13844,113197056
13845,113197056
13846,113197056
13847,113197056
13848,113197056
13849,113197056
13850,113197056
13851,113197056
13852,113197056
13853,113197056
13854,113197056
13855,113197056
13856,113197056
13857,113197056
13858,113197056
13859,113197056
13860,113197056
13861,113197056
13862,113197056
13863,113197056
13864,113197056
13865,113197056
13866,113197056
13867,113197056
13868,113197056
13869,113197056
13870,113197056
13871,113197056
13872,113197056
13873,113197056
13874,113197056
13875,113197056
13876,113197056
13877,113197056
13878,113197056
13879,113197056
13880,113197056
13881,113197056
13882,113197056
13883,113197056
13884,113197056
13885,113197056
13886,113197056
13887,113197056
13888,113197056
13889,113197056
13890,113197056
13891,113197056
13892,113479680
13893,113479680
13894,113479680
13895,113479680
13896,113479680
13897,113479680
13898,113479680
13899,113479680
13900,113479680
13901,113479680
13902,113479680
13903,113479680
13904,113479680
13905,113479680
13906,113479680
13907,113479680
13908,113479680
13909,113479680
13910,113479680
13911,113479680
13912,113479680
13913,113479680
13914,113479680
13915,113479680
13916,113479680
13917,113479680
13918,113479680
13919,113479680
13920,113479680
13921,113479680
13922,113479680
13923,113479680
13924,113479680
13925,113479680
13926,113479680
13927,113479680
13928,113479680
13929,113479680
13930,113479680
13931,113479680
13932,113479680
13933,113479680
13934,113479680
13935,113479680
13936,113479680
13937,113479680
13938,113479680
13939,113479680
13940,113479680
13941,113479680
13942,113479680
13943,113479680
13944,113479680
13945,113479680
13946,113479680
13947,113479680
13948,113479680
13949,113479680
13950,113479680
13951,113479680
13952,113479680
13953,113479680
13954,113479680
13955,113479680
13956,113479680
13957,113479680
13958,113479680
13959,113479680
13960,113479680
13961,113479680
13962,113479680
13963,113479680
13964,113479680
13965,113479680
13966,113479680
13967,113479680
13968,113479680
13969,113479680
13970,113479680
13971,113479680
13972,113479680
13973,113479680
13974,113479680
13975,113479680
13976,113479680
13977,113479680
13978,113479680
13979,113479680
13980,113479680
13981,113479680
13982,113479680
13983,113479680
13984,113479680
13985,113479680
13986,113479680
13987,113479680
13988,113479680
13989,113479680
13990,113479680
13991,113479680
13992,113479680
13993,113479680
13994,113479680
13995,113479680
13996,113479680
13997,113479680
13998,113479680
13999,113479680
14000,113479680
14001,113479680
14002,113479680
14003,113479680
14004,113479680
14005,113479680
14006,113479680
14007,113479680
14008,113479680
14009,113479680
14010,113479680
14011,113479680
14012,113479680
14013,113479680
14014,113479680
14015,113479680
14016,113479680
14017,113479680
14018,113479680
14019,113479680
14020,113479680
14021,113479680
14022,113479680
14023,113479680
14024,113479680
14025,113479680
14026,113479680
14027,113479680
14028,113479680
14029,113479680
14030,113479680
14031,113479680
14032,113479680
14033,113479680
14034,113479680
14035,113479680
14036,113479680
14037,113479680
14038,113479680
14039,113479680
14040,113479680
14041,113479680
14042,113479680
14043,113479680
14044,113479680
14045,113479680
14046,113479680
14047,113479680
14048,113479680
14049,113479680
14050,113479680
14051,113479680
14052,113479680
14053,113479680
14054,113479680
14055,113479680
14056,113479680
14057,113479680
14058,113479680
14059,113479680
14060,113479680
14061,113479680
14062,113479680
14063,113479680
14064,113479680
14065,113479680
14066,113479680
14067,113479680
14068,113479680
14069,113479680
14070,113479680
14071,113479680
14072,113479680
14073,113479680
14074,113479680
14075,113479680
14076,113479680
14077,113479680
14078,113479680
14079,113479680
14080,113479680
14081,113479680
14082,113479680
14083,113479680
14084,113479680
14085,113479680
14086,113479680
14087,113479680
14088,113479680
14089,113479680
14090,113479680
14091,113479680
14092,113479680
14093,113479680
14094,113479680
14095,113479680
14096,113479680
14097,113479680
14098,113479680
14099,113479680
14100,113479680
14101,113479680
14102,113479680
14103,113479680
14104,113479680
14105,113479680
14106,113479680
14107,113479680
14108,113479680
14109,113479680
14110,113479680
14111,113479680
14112,113479680
14113,113479680
14114,113479680
14115,113479680
14116,113479680
14117,113479680
14118,113479680
14119,113479680
14120,113479680
14121,113479680
14122,113479680
14123,113479680
14124,113479680
14125,113479680
14126,113479680
14127,113479680
14128,113479680
14129,113479680
14130,113479680
14131,113479680
14132,113479680
14133,113479680
14134,113479680
14135,113479680
14136,113479680
14137,113479680
14138,113479680
14139,113479680
14140,113479680
14141,113479680
14142,113479680
14143,113479680
14144,113479680
14145,113479680
14146,113479680
14147,113479680
14148,113479680
14149,113479680
14150,113479680
14151,113479680
14152,113479680
14153,113479680
14154,113479680
14155,113479680
14156,113479680
14157,113479680
14158,113479680
14159,113479680
14160,113479680
14161,113479680
14162,113479680
14163,113479680
14164,113479680
14165,113479680
14166,113479680
14167,113885184
14168,113885184
14169,113885184
14170,113885184
14171,113885184
14172,113885184
14173,113885184
14174,113885184
14175,113885184
14176,113885184
14177,113885184
14178,113885184
14179,113885184
14180,113885184
14181,113885184
14182,113885184
14183,113885184
14184,113885184
14185,113885184
14186,113885184
14187,113885184
14188,113885184
14189,113885184
14190,113885184
14191,113885184
14192,113885184
14193,113885184
14194,113885184
14195,113885184
14196,113885184
14197,113885184
14198,113885184
14199,113885184
14200,113885184
14201,113885184
14202,113885184
14203,113885184
14204,113885184
14205,113885184
14206,113885184
14207,113885184
14208,113885184
14209,113885184
14210,113885184
14211,113885184
14212,113885184
14213,113885184
14214,113885184
14215,113885184
14216,113885184
14217,113885184
14218,113885184
14219,113885184
14220,113885184
14221,113885184
14222,113885184
14223,113885184
14224,113885184
14225,113885184
14226,113885184
14227,113885184
14228,113885184
14229,113885184
14230,113885184
14231,113885184
14232,113885184
14233,113885184
14234,113885184
14235,113885184
14236,113885184
14237,113885184
14238,113885184
14239,113885184
14240,113885184
14241,113885184
14242,113885184
14243,113885184
14244,113885184
14245,113885184
14246,113885184
14247,113885184
14248,113885184
14249,113885184
14250,113885184
14251,113885184
14252,113885184
14253,113885184
14254,113885184
14255,113885184
14256,113885184
14257,113885184
14258,113885184
14259,113885184
14260,113885184
14261,113885184
14262,113885184
14263,113885184
14264,113885184
14265,113885184
14266,113885184
14267,113885184
14268,113885184
14269,113885184
14270,113885184
14271,113885184
14272,113885184
14273,113885184
14274,113885184
14275,113885184
14276,113885184
14277,113885184
14278,113885184
14279,113885184
14280,113885184
14281,113885184
14282,113885184
14283,113885184
14284,113885184
14285,113885184
14286,113885184
14287,113885184
14288,113885184
14289,113885184
14290,113885184
14291,113885184
14292,113885184
14293,113885184
14294,113885184
14295,113885184
14296,113885184
14297,113885184
14298,113885184
14299,113885184
14300,113885184
14301,113885184
14302,113885184
14303,113885184
14304,113885184
14305,113885184
14306,113885184
14307,113885184
14308,113885184
14309,113885184
14310,113885184
14311,113885184
14312,113885184
14313,113885184
14314,113885184
14315,113885184
14316,113885184
14317,113885184
14318,113885184
14319,113885184
14320,113885184
14321,113885184
14322,113885184
14323,113885184
14324,113885184
14325,113885184
14326,113885184
14327,113885184
14328,113885184
14329,113885184
14330,113885184
14331,113885184
14332,113885184
14333,113885184
14334,113885184
14335,113885184
14336,113885184
14337,113885184
14338,113885184
14339,113885184
14340,113885184
14341,113885184
14342,113885184
14343,113885184
14344,113885184
14345,113885184
14346,113885184
14347,113885184
14348,113885184
14349,113885184
14350,113885184
14351,113885184
14352,113885184
14353,113885184
14354,113885184
14355,113885184
14356,113885184
14357,113885184
14358,113885184
14359,113885184
14360,113885184
14361,113885184
14362,113885184
14363,113885184
14364,113885184
14365,113885184
14366,113885184
14367,113885184
14368,113885184
14369,113885184
14370,113885184
14371,113885184
14372,113885184
14373,113885184
14374,113885184
14375,113885184
14376,113885184
14377,113885184
14378,113885184
14379,113885184
14380,113885184
14381,113885184
14382,113885184
14383,113885184
14384,113885184
14385,113885184
14386,113885184
14387,113885184
14388,113885184
14389,113885184
14390,113885184
14391,113885184
14392,113885184
14393,113885184
14394,113885184
14395,113885184
14396,113885184
14397,113885184
14398,113885184
14399,113885184
14400,113885184
14401,116334592
14402,116334592
14403,116334592
14404,116334592
14405,116334592
14406,116334592
14407,116334592
14408,116334592
14409,116334592
14410,116334592
14411,116334592
14412,116334592
14413,116334592
14414,116334592
14415,116334592
14416,116334592
14417,116334592
14418,116334592
14419,116334592
14420,116334592
14421,116334592
14422,116334592
14423,116334592
14424,116334592
14425,116334592
14426,116334592
14427,116334592
14428,116334592
14429,116334592
14430,116334592
14431,116334592
14432,116334592
14433,116334592
14434,116334592
14435,116334592
14436,116334592
14437,116334592
14438,116731904
14439,116731904
14440,116731904
14441,116731904
14442,116731904
14443,116731904
14444,116731904
14445,116731904
14446,116731904
14447,116731904
14448,116731904
14449,116731904
14450,116731904
14451,116731904
14452,116731904
14453,116731904
14454,116731904
14455,116731904
14456,116731904
14457,116731904
14458,116731904
14459,116731904
14460,116731904
14461,116731904
14462,116731904
14463,116731904
14464,116731904
14465,116731904
14466,116731904
14467,116731904
14468,116731904
14469,116731904
14470,116731904
14471,116731904
14472,116731904
14473,116731904
14474,116731904
14475,116731904
14476,116731904
14477,116731904
14478,116731904
14479,116731904
14480,116731904
14481,116731904
14482,116731904
14483,116731904
14484,116731904
14485,116731904
14486,116731904
14487,116731904
14488,116731904
14489,116731904
14490,116731904
14491,116731904
14492,116731904
14493,116731904
14494,116731904
14495,116731904
14496,116731904
14497,116731904
14498,116731904
14499,116731904
14500,116731904
14501,116731904
14502,116731904
14503,116731904
14504,116731904
14505,116731904
14506,116731904
14507,116731904
14508,116731904
14509,116731904
14510,116731904
14511,116731904
14512,116731904
14513,116731904
14514,116731904
14515,116731904
14516,116731904
14517,116731904
14518,116731904
14519,116731904
14520,116731904
14521,116731904
14522,116731904
14523,116731904
14524,116731904
14525,116731904
14526,116731904
14527,116731904
14528,116731904
14529,116731904
14530,116731904
14531,116731904
14532,116731904
14533,116731904
14534,116731904
14535,116731904
14536,116731904
14537,116731904
14538,116731904
14539,116731904
14540,116731904
14541,116731904
14542,116731904
14543,116731904
14544,116731904
14545,116731904
14546,116731904
14547,116731904
14548,116731904
14549,116731904
14550,116731904
14551,116731904
14552,116731904
14553,116731904
14554,116731904
14555,116731904
14556,116731904
14557,116731904
14558,116731904
14559,116731904
14560,116731904
14561,116731904
14562,116731904
14563,116731904
14564,116731904
14565,116731904
14566,116731904
14567,116731904
14568,116731904
14569,116731904
14570,116731904
14571,116731904
14572,116731904
14573,116731904
14574,116731904
14575,116731904
14576,116731904
14577,116731904
14578,116731904
14579,116731904
14580,116731904
14581,116731904
14582,116731904
14583,116731904
14584,116731904
14585,116731904
14586,116731904
14587,116731904
14588,116731904
14589,116731904
14590,116731904
14591,116731904
14592,116731904
14593,116731904
14594,116731904
14595,116731904
14596,116731904
14597,116731904
14598,116731904
14599,116731904
14600,116731904
14601,116731904
14602,116731904
14603,116731904
14604,116731904
14605,116731904
14606,116731904
14607,116731904
14608,116731904
14609,116731904
14610,116731904
14611,116731904
14612,116731904
14613,116731904
14614,116731904
14615,116731904
14616,116731904
14617,116731904
14618,116731904
14619,116731904
14620,116731904
14621,116731904
14622,116731904
14623,116731904
14624,116731904
14625,116731904
14626,116731904
14627,116731904
14628,116731904
14629,116731904
14630,116731904
14631,116731904
14632,116731904
14633,116731904
14634,116731904
14635,116731904
14636,116731904
14637,116731904
14638,116731904
14639,116731904
14640,116731904
14641,116731904
14642,116731904
14643,116731904
14644,116731904
14645,116731904
14646,116731904
14647,116731904
14648,116731904
14649,116731904
14650,116731904
14651,116731904
14652,116731904
14653,116731904
14654,116731904
14655,116731904
14656,116731904
14657,116731904
14658,116731904
14659,116731904
14660,116731904
14661,116731904
14662,116731904
14663,116731904
14664,116731904
14665,116731904
14666,116731904
14667,116731904
14668,116731904
14669,116731904
14670,116731904
14671,116731904
14672,116731904
14673,116731904
14674,116731904
14675,116731904
14676,116731904
14677,116731904
14678,116731904
14679,116731904
14680,116731904
14681,116731904
14682,116731904
14683,116731904
14684,116731904
14685,116731904
14686,116731904
14687,116731904
14688,116731904
14689,116731904
14690,116731904
14691,116731904
14692,116731904
14693,116731904
14694,116731904
14695,116731904
14696,116731904
14697,116731904
14698,116731904
14699,116731904
14700,116731904
14701,116731904
14702,116731904
14703,116731904
14704,116731904
14705,116731904
14706,116731904
14707,116731904
14708,116731904
14709,116731904
14710,116731904
14711,116731904
14712,116731904
14713,117137408
14714,117137408
14715,117137408
14716,117137408
14717,117137408
14718,117137408
14719,117137408
14720,117137408
14721,117137408
14722,117137408
14723,117137408
14724,117137408
14725,117137408
14726,117137408
14727,117137408
14728,117137408
14729,117137408
14730,117137408
14731,117137408
14732,117137408
14733,117137408
14734,117137408
14735,117137408
14736,117137408
14737,117137408
14738,117137408
14739,117137408
14740,117137408
14741,117137408
14742,117137408
14743,117137408
14744,117137408
14745,117137408
14746,117137408
14747,117137408
14748,117137408
14749,117137408
14750,117137408
14751,117137408
14752,117137408
14753,117137408
14754,117137408
14755,117137408
14756,117137408
14757,117137408
14758,117137408
14759,117137408
14760,117137408
14761,117137408
14762,117137408
14763,117137408
14764,117137408
14765,117137408
14766,117137408
14767,117137408
14768,117137408
14769,117137408
14770,117137408
14771,117137408
14772,117137408
14773,117137408
14774,117137408
14775,117137408
14776,117137408
14777,117137408
14778,117137408
14779,117137408
14780,117137408
14781,117137408
14782,117137408
14783,117137408
14784,117137408
14785,117137408
14786,113135616
14787,113135616
14788,113135616
14789,113135616
14790,113135616
14791,113135616
14792,113135616
14793,113135616
14794,113135616
14795,113135616
14796,113135616
14797,113135616
14798,113135616
14799,113135616
14800,113135616
14801,113135616
14802,113135616
14803,113135616
14804,113135616
14805,113135616
14806,113135616
14807,113135616
14808,113135616
14809,113135616
14810,113135616
14811,113135616
14812,113135616
14813,113135616
14814,113135616
14815,113135616
14816,113135616
14817,113135616
14818,113135616
14819,113135616
14820,113135616
14821,113135616
14822,113135616
14823,113135616
14824,113135616
14825,113135616
14826,113135616
14827,113135616
14828,113135616
14829,113135616
14830,113135616
14831,113135616
14832,113135616
14833,113135616
14834,113135616
14835,113135616
14836,113135616
14837,113135616
14838,113135616
14839,113135616
14840,113135616
14841,113135616
14842,113135616
14843,113135616
14844,113135616
14845,113135616
14846,113135616
14847,113135616
14848,113135616
14849,113135616
14850,113135616
14851,113135616
14852,113135616
14853,113135616
14854,113135616
14855,113135616
14856,113135616
14857,113135616
14858,113135616
14859,113135616
14860,113135616
14861,113135616
14862,113135616
14863,113135616
14864,113135616
14865,113135616
14866,113135616
14867,113135616
14868,113135616
14869,113135616
14870,113135616
14871,113135616
14872,113135616
14873,113135616
14874,113135616
14875,113135616
14876,113135616
14877,113135616
14878,113135616
14879,113135616
14880,113135616
14881,113135616
14882,113135616
14883,113135616
14884,113135616
14885,113135616
14886,113135616
14887,113135616
14888,113135616
14889,113135616
14890,113135616
14891,113135616
14892,113135616
14893,113135616
14894,113135616
14895,113135616
14896,113135616
14897,113135616
14898,113135616
14899,113135616
14900,113135616
14901,113135616
14902,113135616
14903,113135616
14904,113135616
14905,113135616
14906,113135616
14907,113135616
14908,113135616
14909,113135616
14910,113135616
14911,113135616
14912,113135616
14913,113135616
14914,113135616
14915,113135616
14916,113135616
14917,113135616
14918,113135616
14919,113135616
14920,113135616
14921,113135616
14922,113135616
14923,113135616
14924,113135616
14925,113135616
14926,113135616
14927,113135616
14928,113135616
14929,113135616
14930,113135616
14931,113135616
14932,113135616
14933,113135616
14934,113135616
14935,113135616
14936,113135616
14937,113135616
14938,113135616
14939,113135616
14940,113135616
14941,113135616
14942,113135616
14943,113135616
14944,113135616
14945,113135616
14946,113135616
14947,113135616
14948,113135616
14949,113135616
14950,113135616
14951,113135616
14952,113135616
14953,113135616
14954,113135616
14955,113135616
14956,113135616
14957,113135616
14958,113135616
14959,113135616
14960,113135616
14961,113135616
14962,113135616
14963,113135616
14964,113135616
14965,113135616
14966,113135616
14967,113135616
14968,113135616
14969,113135616
14970,113135616
14971,113135616
14972,113135616
14973,113135616
14974,113135616
14975,113135616
14976,113135616
14977,113135616
14978,113135616
14979,113135616
14980,113135616
14981,113135616
14982,113135616
14983,113135616
14984,113135616
14985,113135616
14986,113135616
14987,113135616
14988,113135616
14989,113135616
14990,113135616
14991,113135616
14992,113135616
14993,113135616
14994,113135616
14995,113135616
14996,113135616
14997,113135616
14998,113135616
14999,113135616
15000,113135616
15001,113135616
15002,113135616
15003,113135616
15004,113135616
15005,113135616
15006,113135616
15007,113135616
15008,113135616
15009,113135616
15010,113135616
15011,113135616
15012,113135616
15013,113135616
15014,113135616
15015,113135616
15016,113135616
15017,113135616
15018,113135616
15019,113135616
15020,113135616
15021,113135616
15022,113135616
15023,113135616
15024,113135616
15025,113135616
15026,113135616
15027,113135616
15028,113135616
15029,113135616
15030,113135616
15031,113135616
15032,113135616
15033,113135616
15034,113135616
15035,113135616
15036,113135616
15037,113135616
15038,113135616
15039,113135616
15040,113135616
15041,113135616
15042,113135616
15043,113135616
15044,113135616
15045,113135616
15046,113135616
15047,113135616
15048,113135616
15049,113135616
15050,113135616
15051,113135616
15052,113135616
15053,113135616
15054,113135616
15055,113135616
15056,113135616
15057,113135616
15058,113135616
15059,113135616
15060,113135616
15061,113135616
15062,113135616
15063,113135616
15064,113135616
15065,113135616
15066,113135616
15067,113135616
15068,113135616
15069,113135616
15070,113135616
15071,113135616
15072,113135616
15073,113135616
15074,113135616
15075,113135616
15076,113135616
15077,113135616
15078,113135616
15079,113135616
15080,113135616
15081,113135616
15082,113135616
15083,113135616
15084,113135616
15085,113135616
15086,113135616
15087,113135616
15088,113135616
15089,113135616
15090,113135616
15091,113135616
15092,113135616
15093,113135616
15094,113135616
15095,113135616
15096,113135616
15097,113135616
15098,113135616
15099,113135616
15100,113135616
15101,113135616
15102,113135616
15103,113135616
15104,113135616
15105,113135616
15106,113135616
15107,113135616
15108,113135616
15109,113135616
15110,113135616
15111,113135616
15112,113135616
15113,113135616
15114,113135616
15115,113135616
15116,113135616
15117,113135616
15118,113135616
15119,113135616
15120,113135616
15121,113135616
15122,113135616
15123,113135616
15124,113135616
15125,113135616
15126,113135616
15127,113135616
15128,113135616
15129,113135616
15130,113135616
15131,113135616
15132,113135616
15133,113135616
15134,113135616
15135,113135616
15136,113135616
15137,113135616
15138,113135616
15139,113135616
15140,113135616
15141,113135616
15142,113135616
15143,113135616
15144,113135616
15145,113135616
15146,113135616
15147,113135616
15148,113135616
15149,113135616
15150,113135616
15151,113135616
15152,113135616
15153,113135616
15154,113135616
15155,113135616
15156,113135616
15157,113135616
15158,113135616
15159,113135616
15160,113135616
15161,113135616
15162,113135616
15163,113135616
15164,113135616
15165,113135616
15166,113135616
15167,113135616
15168,113135616
15169,113135616
15170,113135616
15171,113135616
15172,113135616
15173,113135616
15174,113135616
15175,113135616
15176,113135616
15177,113135616
15178,113135616
15179,113135616
15180,113135616
15181,113135616
15182,113135616
15183,113135616
15184,113135616
15185,113135616
15186,113135616
15187,113115136
15188,113115136
15189,113115136
15190,113115136
15191,113115136
15192,113115136
15193,113115136
15194,113115136
15195,113115136
15196,113115136
15197,113115136
15198,113115136
15199,113115136
15200,113115136
15201,113115136
15202,113115136
15203,113115136
15204,113115136
15205,113115136
15206,113115136
15207,113115136
15208,113115136
15209,113115136
15210,113115136
15211,113115136
15212,113115136
15213,113115136
15214,113115136
15215,113115136
15216,113115136
15217,113115136
15218,113115136
15219,113115136
15220,113115136
15221,113115136
15222,113115136
15223,113115136
15224,113115136
15225,113115136
15226,113115136
15227,113115136
15228,113115136
15229,113115136
15230,113115136
15231,113115136
15232,113115136
15233,113115136
15234,113115136
15235,113115136
15236,113115136
15237,113115136
15238,113115136
15239,113115136
15240,113115136
15241,113115136
15242,113115136
15243,113115136
15244,113115136
15245,113115136
15246,113115136
15247,113115136
15248,113115136
15249,113115136
15250,113115136
15251,113115136
15252,113115136
15253,113115136
15254,113115136
15255,113115136
15256,113115136
15257,113115136
15258,113115136
15259,113115136
15260,113115136
15261,113115136
15262,113115136
15263,113115136
15264,113115136
15265,113115136
15266,113115136
15267,113115136
15268,113115136
15269,113115136
15270,113115136
15271,113115136
15272,113115136
15273,113115136
15274,113115136
15275,113115136
15276,113115136
15277,113115136
15278,113115136
15279,113115136
15280,113115136
15281,113115136
15282,113115136
15283,113115136
15284,113115136
15285,113115136
15286,113115136
15287,113115136
15288,113115136
15289,113115136
15290,113115136
15291,113115136
15292,113115136
15293,113115136
15294,113115136
15295,113115136
15296,113115136
15297,113115136
15298,113115136
15299,113115136
15300,113115136
15301,113115136
15302,113115136
15303,113115136
15304,113115136
15305,113115136
15306,113115136
15307,113115136
15308,113115136
15309,113115136
15310,113115136
15311,113115136
15312,113115136
15313,113115136
15314,113115136
15315,113115136
15316,113115136
15317,113115136
15318,113115136
15319,113115136
15320,113115136
15321,113115136
15322,113115136
15323,113115136
15324,113115136
15325,113115136
15326,113115136
15327,113115136
15328,113115136
15329,113115136
15330,113115136
15331,113115136
15332,113115136
15333,113115136
15334,113115136
15335,113115136
15336,113115136
15337,113115136
15338,113115136
15339,113115136
15340,113115136
15341,113115136
15342,113115136
15343,113115136
15344,113115136
15345,113115136
15346,113115136
15347,113115136
15348,113115136
15349,113115136
15350,113115136
15351,113115136
15352,113115136
15353,113115136
15354,113115136
15355,113115136
15356,113115136
15357,113115136
15358,113115136
15359,113115136
15360,113115136
15361,113115136
15362,113115136
15363,113115136
15364,113115136
15365,113115136
15366,113115136
15367,113115136
15368,113115136
15369,113115136
15370,113115136
15371,113115136
15372,113115136
15373,113115136
15374,113115136
15375,113115136
15376,113115136
15377,113115136
15378,113115136
15379,113115136
15380,113115136
15381,113115136
15382,113115136
15383,113115136
15384,113115136
15385,113115136
15386,113115136
15387,113115136
15388,113115136
15389,113115136
15390,113115136
15391,113115136
15392,113115136
15393,113115136
15394,113115136
15395,113115136
15396,113115136
15397,113115136
15398,113115136
15399,113115136
15400,113115136
15401,113115136
15402,113115136
15403,113115136
15404,113115136
15405,113115136
15406,113115136
15407,113115136
15408,113115136
15409,113115136
15410,113115136
15411,113115136
15412,113115136
15413,113115136
15414,113115136
15415,113115136
15416,113115136
15417,113115136
15418,113115136
15419,113115136
15420,113115136
15421,113115136
15422,113115136
15423,113115136
15424,113115136
15425,113115136
15426,113115136
15427,113115136
15428,113115136
15429,113115136
15430,113115136
15431,113115136
15432,113115136
15433,113115136
15434,113115136
15435,113115136
15436,113115136
15437,113115136
15438,113115136
15439,113115136
15440,113115136
15441,113115136
15442,113115136
15443,113115136
15444,113115136
15445,113115136
15446,113115136
15447,113115136
15448,113115136
15449,113115136
15450,113115136
15451,113115136
15452,113115136
15453,113115136
15454,113115136
15455,113115136
15456,113115136
15457,113115136
15458,113115136
15459,113115136
15460,113115136
15461,113115136
15462,113115136
15463,113115136
15464,113115136
15465,113115136
15466,113115136
15467,113115136
15468,113115136
15469,113115136
15470,113115136
15471,113115136
15472,113115136
15473,113115136
15474,113115136
15475,113115136
15476,113115136
15477,113115136
15478,113115136
15479,113115136
15480,113115136
15481,113115136
15482,113115136
15483,113115136
15484,113115136
15485,113115136
15486,113115136
15487,113115136
15488,113115136
15489,113115136
15490,113115136
15491,113115136
15492,113115136
15493,113115136
15494,113115136
15495,113115136
15496,113115136
15497,113115136
15498,113115136
15499,113115136
15500,113115136
15501,113115136
15502,113115136
15503,113115136
15504,113115136
15505,113115136
15506,113115136
15507,113115136
15508,113115136
15509,113115136
15510,113115136
15511,113115136
15512,113115136
15513,113115136
15514,113115136
15515,113115136
15516,113115136
15517,113115136
15518,113115136
15519,113115136
15520,113115136
15521,113115136
15522,113115136
15523,113115136
15524,113115136
15525,113115136
15526,113115136
15527,113115136
15528,113115136
15529,113115136
15530,113115136
15531,113115136
15532,113115136
15533,113115136
15534,113115136
15535,113115136
15536,113115136
15537,113115136
15538,113115136
15539,113115136
15540,113115136
15541,113115136
15542,113115136
15543,113115136
15544,113115136
15545,113115136
15546,113115136
15547,113115136
15548,113115136
15549,113115136
15550,113115136
15551,113115136
15552,113115136
15553,113115136
15554,113115136
15555,113135616
15556,111595520
15557,111595520
15558,111595520
15559,111595520
15560,111595520
15561,111595520
15562,111595520
15563,111595520
15564,111595520
15565,111595520
15566,111599616
15567,111599616
15568,111599616
15569,111599616
15570,111599616
15571,111599616
15572,111599616
15573,111599616
15574,111599616
15575,111599616
15576,111599616
15577,111599616
15578,111599616
15579,111599616
15580,111599616
15581,111599616
15582,111599616
15583,111599616
15584,111599616
15585,111599616
15586,111599616
15587,111599616
15588,111599616
15589,111599616
15590,111599616
15591,111599616
15592,111599616
15593,111599616
15594,111599616
15595,111599616
15596,111599616
15597,111599616
15598,111599616
15599,111599616
15600,111599616
15601,112840704
15602,112840704
15603,112840704
15604,112840704
15605,112840704
15606,112840704
15607,112840704
15608,112840704
15609,112840704
15610,112840704
15611,112840704
15612,112840704
15613,112840704
15614,112840704
15615,112840704
15616,112840704
15617,112840704
15618,112840704
15619,112840704
15620,112840704
15621,112840704
15622,112840704
15623,112840704
15624,112840704
15625,112840704
15626,112840704
15627,112840704
15628,112840704
15629,112840704
15630,112840704
15631,112840704
15632,112840704
15633,112840704
15634,112840704
15635,112840704
15636,112840704
15637,112840704
15638,112840704
15639,112840704
15640,112840704
15641,112840704
15642,112840704
15643,112840704
15644,112840704
15645,112840704
15646,112840704
15647,112840704
15648,112840704
15649,112840704
15650,112840704
15651,112840704
15652,112840704
15653,112840704
15654,112840704
15655,112840704
15656,112840704
15657,112840704
15658,112840704
15659,112840704
15660,112840704
15661,112840704
15662,112840704
15663,112840704
15664,112840704
15665,112840704
15666,112840704
15667,112840704
15668,112840704
15669,112840704
15670,112840704
15671,112840704
15672,112840704
15673,112840704
15674,112840704
15675,112840704
15676,112840704
15677,112840704
15678,112840704
15679,112840704
15680,112812032
15681,112812032
15682,112812032
15683,112812032
15684,112812032
15685,112812032
15686,112812032
15687,112812032
15688,112812032
15689,112812032
15690,112812032
15691,112812032
15692,112812032
15693,112812032
15694,112812032
15695,112812032
15696,112812032
15697,112812032
15698,112812032
15699,112812032
15700,112812032
15701,112812032
15702,112812032
15703,112812032
15704,112812032
15705,112812032
15706,112812032
15707,112812032
15708,112812032
15709,112812032
15710,112812032
15711,112812032
15712,112812032
15713,112812032
15714,112812032
15715,112812032
15716,112812032
15717,112812032
15718,112812032
15719,112812032
15720,112812032
15721,112812032
15722,112812032
15723,112812032
15724,112812032
15725,112812032
15726,112812032
15727,112812032
15728,112812032
15729,112812032
15730,112812032
15731,112812032
15732,112812032
15733,112812032
15734,112812032
15735,112812032
15736,112812032
15737,112812032
15738,112812032
15739,112812032
15740,112812032
15741,112812032
15742,112812032
15743,112812032
15744,112812032
15745,112812032
15746,112812032
15747,112812032
15748,112812032
15749,112812032
15750,112812032
15751,112812032
15752,112812032
15753,112812032
15754,112812032
15755,112812032
15756,112812032
15757,112812032
15758,112812032
15759,112812032
15760,112812032
15761,112812032
15762,112812032
15763,112812032
15764,112812032
15765,112812032
15766,112812032
15767,112812032
15768,112812032
15769,112812032
15770,112812032
15771,112812032
15772,112812032
15773,112812032
15774,112812032
15775,112812032
15776,112812032
15777,112812032
15778,112812032
15779,112812032
15780,112812032
15781,112812032
15782,112812032
15783,112812032
15784,112812032
15785,112812032
15786,112812032
15787,112812032
15788,112812032
15789,112812032
15790,112812032
15791,112812032
15792,112812032
15793,112812032
15794,112812032
15795,112812032
15796,112812032
15797,112812032
15798,112812032
15799,112812032
15800,112812032
15801,112812032
15802,112812032
15803,112812032
15804,112812032
15805,112812032
15806,112812032
15807,112812032
15808,112812032
15809,112812032
15810,112812032
15811,112812032
15812,112812032
15813,112812032
15814,112812032
15815,112812032
15816,112812032
15817,112812032
15818,112812032
15819,112812032
15820,112812032
15821,112812032
15822,112812032
15823,112812032
15824,112812032
15825,112812032
15826,112812032
15827,112812032
15828,112812032
15829,112812032
15830,112812032
15831,112812032
15832,112812032
15833,112812032
15834,112812032
15835,112812032
15836,112812032
15837,112812032
15838,112812032
15839,112812032
15840,112812032
15841,112812032
15842,112812032
15843,112812032
15844,112812032
15845,112812032
15846,112812032
15847,112812032
15848,112812032
15849,112812032
15850,112812032
15851,112812032
15852,112812032
15853,112812032
15854,112812032
15855,112812032
15856,112812032
15857,112812032
15858,112812032
15859,112812032
15860,112812032
15861,112812032
15862,112812032
15863,112812032
15864,112812032
15865,112812032
15866,112812032
15867,112812032
15868,112812032
15869,112812032
15870,112812032
15871,112812032
15872,112812032
15873,112812032
15874,112812032
15875,112812032
15876,112812032
15877,112812032
15878,112812032
15879,112812032
15880,112812032
15881,112812032
15882,112812032
15883,112812032
15884,112812032
15885,112812032
15886,112812032
15887,112812032
15888,112812032
15889,112812032
15890,112812032
15891,112812032
15892,112812032
15893,112812032
15894,112812032
15895,112812032
15896,112812032
15897,112812032
15898,112812032
15899,112812032
15900,112812032
15901,112812032
15902,112812032
15903,112812032
15904,112812032
15905,112812032
15906,112812032
15907,112812032
15908,112812032
15909,112812032
15910,112812032
15911,112812032
15912,112812032
15913,112812032
15914,112812032
15915,112812032
15916,112812032
15917,112812032
15918,112812032
15919,112812032
15920,112812032
15921,112812032
15922,112812032
15923,112812032
15924,112812032
15925,112812032
15926,112812032
15927,112812032
15928,112812032
15929,112812032
15930,112812032
15931,112812032
15932,112812032
15933,112812032
15934,112812032
15935,112812032
15936,112812032
15937,112812032
15938,112812032
15939,112812032
15940,112812032
15941,112812032
15942,112812032
15943,112812032
15944,112812032
15945,112812032
15946,112812032
15947,112812032
15948,112812032
15949,112816128
15950,112816128
15951,112816128
15952,112816128
15953,112816128
15954,112816128
15955,112795648
15956,112799744
15957,112799744
15958,112799744
15959,112799744
15960,112799744
15961,112799744
15962,112799744
15963,112799744
15964,112799744
15965,112799744
15966,112799744
15967,112799744
15968,112799744
15969,112799744
15970,112799744
15971,112799744
15972,112799744
15973,112799744
15974,112799744
15975,112799744
15976,112799744
15977,112799744
15978,112799744
15979,112799744
15980,112799744
15981,112799744
15982,112799744
15983,112799744
15984,112799744
15985,112799744
15986,112799744
15987,112799744
15988,112799744
15989,112799744
15990,112799744
15991,112799744
15992,112799744
15993,112799744
15994,112799744
15995,112799744
15996,112799744
15997,112799744
15998,112799744
15999,112799744
16000,112799744
16001,112799744
16002,112799744
16003,112799744
16004,112799744
16005,112799744
16006,112799744
16007,112799744
16008,112799744
16009,112799744
16010,112799744
16011,112799744
16012,112799744
16013,112799744
16014,112799744
16015,112799744
16016,112799744
16017,112799744
16018,112799744
16019,112799744
16020,112799744
16021,112799744
16022,112799744
16023,112799744
16024,112799744
16025,112799744
16026,112799744
16027,112799744
16028,112799744
16029,112799744
16030,112799744
16031,112799744
16032,112799744
16033,112799744
16034,112799744
16035,112799744
16036,112799744
16037,112799744
16038,112799744
16039,112799744
16040,112799744
16041,112799744
16042,112799744
16043,112799744
16044,112799744
16045,112799744
16046,112799744
16047,112799744
16048,112799744
16049,112799744
16050,112799744
16051,112799744
16052,112799744
16053,112799744
16054,112799744
16055,112799744
16056,112799744
16057,112799744
16058,112799744
16059,112799744
16060,112799744
16061,112799744
16062,112799744
16063,112799744
16064,112799744
16065,112799744
16066,112799744
16067,112799744
16068,112799744
16069,112799744
16070,112799744
16071,112799744
16072,112799744
16073,112799744
16074,112799744
16075,112799744
16076,112799744
16077,112799744
16078,112799744
16079,112799744
16080,112799744
16081,112799744
16082,112799744
16083,112799744
16084,112799744
16085,112799744
16086,112799744
16087,112799744
16088,112799744
16089,112799744
16090,112799744
16091,112799744
16092,112799744
16093,112799744
16094,112799744
16095,112799744
16096,112799744
16097,112799744
16098,112799744
16099,112799744
16100,112799744
16101,112799744
16102,112799744
16103,112799744
16104,112799744
16105,112799744
16106,112799744
16107,112799744
16108,112799744
16109,112799744
16110,112799744
16111,112799744
16112,112799744
16113,112799744
16114,112799744
16115,112799744
16116,112799744
16117,112799744
16118,112799744
16119,112799744
16120,112799744
16121,112799744
16122,112799744
16123,112799744
16124,112799744
16125,112799744
16126,112799744
16127,112799744
16128,112799744
16129,112799744
16130,112799744
16131,112799744
16132,112799744
16133,112799744
16134,112799744
16135,112799744
16136,112799744
16137,112799744
16138,112799744
16139,112799744
16140,112799744
16141,112799744
16142,112799744
16143,112799744
16144,112799744
16145,112799744
16146,112799744
16147,112799744
16148,112799744
16149,112799744
16150,112799744
16151,112799744
16152,112799744
16153,112799744
16154,112799744
16155,112799744
16156,112799744
16157,112799744
16158,112799744
16159,112799744
16160,112799744
16161,112799744
16162,112799744
16163,112799744
16164,112799744
16165,112799744
16166,112799744
16167,112799744
16168,112799744
16169,112799744
16170,112799744
16171,112799744
16172,112799744
16173,112799744
16174,112799744
16175,112799744
16176,112799744
16177,112799744
16178,112799744
16179,112799744
16180,112799744
16181,112799744
16182,112799744
16183,112799744
16184,112799744
16185,112799744
16186,112799744
16187,112799744
16188,112799744
16189,112799744
16190,112799744
16191,112799744
16192,112799744
16193,112799744
16194,112799744
16195,112799744
16196,112799744
16197,112799744
16198,112799744
16199,112799744
16200,112799744
16201,113258496
16202,113258496
16203,113258496
16204,113258496
16205,113258496
16206,113258496
16207,113258496
16208,113258496
16209,113258496
16210,113258496
16211,113258496
16212,113258496
16213,113258496
16214,113258496
16215,113258496
16216,113258496
16217,113258496
16218,113258496
16219,113258496
16220,113258496
16221,113258496
16222,113258496
16223,113258496
16224,113258496
16225,113258496
16226,113258496
16227,113258496
16228,113258496
16229,113258496
16230,113258496
16231,113258496
16232,113258496
16233,113258496
16234,113258496
16235,113258496
16236,113258496
16237,113258496
16238,113258496
16239,113258496
16240,113258496
16241,113258496
16242,113258496
16243,113258496
16244,113258496
16245,113258496
16246,113258496
16247,113258496
16248,113258496
16249,113258496
16250,113258496
16251,113258496
16252,113258496
16253,113258496
16254,113258496
16255,113258496
16256,113258496
16257,113258496
16258,113258496
16259,113258496
16260,113258496
16261,113258496
16262,113258496
16263,113258496
16264,110456832
16265,110456832
16266,110456832
16267,110456832
16268,110456832
16269,110456832
16270,110456832
16271,110456832
16272,110456832
16273,110456832
16274,110456832
16275,110456832
16276,110456832
16277,110456832
16278,110456832
16279,110456832
16280,110456832
16281,110456832
16282,110456832
16283,110456832
16284,110456832
16285,110456832
16286,110456832
16287,110456832
16288,110456832
16289,110456832
16290,110456832
16291,110456832
16292,110456832
16293,110456832
16294,110456832
16295,110456832
16296,110456832
16297,110456832
16298,110456832
16299,110456832
16300,110456832
16301,110456832
16302,110456832
16303,110456832
16304,110456832
16305,110456832
16306,110456832
16307,110456832
16308,110456832
16309,110456832
16310,110456832
16311,110456832
16312,110456832
16313,110456832
16314,110456832
16315,110456832
16316,110456832
16317,110456832
16318,110456832
16319,110456832
16320,110456832
16321,110456832
16322,110456832
16323,110456832
16324,110456832
16325,110456832
16326,110456832
16327,110456832
16328,110456832
16329,110456832
16330,110456832
16331,110456832
16332,110456832
16333,110456832
16334,110456832
16335,110456832
16336,110456832
16337,110456832
16338,110456832
16339,110456832
16340,110456832
16341,110456832
16342,110456832
16343,110456832
16344,110456832
16345,110456832
16346,110456832
16347,110456832
16348,110456832
16349,110456832
16350,110456832
16351,110456832
16352,110456832
16353,110456832
16354,110456832
16355,110456832
16356,110456832
16357,110456832
16358,110456832
16359,110456832
16360,110456832
16361,110456832
16362,110456832
16363,110456832
16364,110456832
16365,110456832
16366,110456832
16367,110456832
16368,110456832
16369,110456832
16370,110456832
16371,110456832
16372,110456832
16373,110456832
16374,110456832
16375,110456832
16376,110456832
16377,110456832
16378,110456832
16379,110456832
16380,110456832
16381,110456832
16382,110456832
16383,110456832
16384,110456832
16385,110456832
16386,110456832
16387,110456832
16388,110456832
16389,110456832
16390,110456832
16391,110456832
16392,110456832
16393,110456832
16394,110456832
16395,110456832
16396,110456832
16397,110456832
16398,110456832
16399,110456832
16400,110456832
16401,110456832
16402,110456832
16403,110456832
16404,110456832
16405,110456832
16406,110456832
16407,110456832
16408,110456832
16409,110456832
16410,110456832
16411,110456832
16412,110456832
16413,110456832
16414,110456832
16415,110456832
16416,110456832
16417,110456832
16418,110456832
16419,110456832
16420,110456832
16421,110456832
16422,110456832
16423,110456832
16424,110456832
16425,110456832
16426,110456832
16427,110456832
16428,110456832
16429,110456832
16430,110456832
16431,110456832
16432,110456832
16433,110456832
16434,110456832
16435,110456832
16436,110456832
16437,110456832
16438,110456832
16439,110456832
16440,110456832
16441,110456832
16442,110456832
16443,110456832
16444,110456832
16445,110456832
16446,110456832
16447,110456832
16448,110456832
16449,110456832
16450,110456832
16451,110456832
16452,110456832
16453,110456832
16454,110456832
16455,110456832
16456,110456832
16457,110456832
16458,110456832
16459,110456832
16460,110456832
16461,110456832
16462,110456832
16463,110456832
16464,110456832
16465,110456832
16466,110456832
16467,110456832
16468,110456832
16469,110456832
16470,110456832
16471,110456832
16472,110456832
16473,110456832
16474,110456832
16475,110456832
16476,110456832
16477,110456832
16478,110456832
16479,110456832
16480,110456832
16481,110456832
16482,110456832
16483,110456832
16484,110456832
16485,110456832
16486,110456832
16487,110456832
16488,110456832
16489,110456832
16490,110456832
16491,110456832
16492,110456832
16493,110456832
16494,110456832
16495,110456832
16496,110456832
16497,110456832
16498,110456832
16499,110456832
16500,110456832
16501,110456832
16502,110456832
16503,110456832
16504,110456832
16505,110456832
16506,110456832
16507,110456832
16508,110456832
16509,110456832
16510,110456832
16511,110456832
16512,110456832
16513,110456832
16514,110456832
16515,110456832
16516,110456832
16517,110456832
16518,110456832
16519,110456832
16520,110456832
16521,110456832
16522,110456832
16523,110456832
16524,110456832
16525,110456832
16526,110456832
16527,110456832
16528,110456832
16529,110456832
16530,110456832
16531,110456832
16532,110456832
16533,110456832
16534,110456832
16535,110456832
16536,110456832
16537,110456832
16538,110456832
16539,110456832
16540,110456832
16541,110456832
16542,110456832
16543,110456832
16544,110456832
16545,110456832
16546,110456832
16547,110456832
16548,110456832
16549,110456832
16550,110456832
16551,110456832
16552,110456832
16553,110456832
16554,110456832
16555,110456832
16556,110456832
16557,110456832
16558,110456832
16559,110456832
16560,110456832
16561,110456832
16562,110456832
16563,110456832
16564,110456832
16565,110456832
16566,110456832
16567,110456832
16568,110456832
16569,110456832
16570,110456832
16571,110456832
16572,110456832
16573,110456832
16574,110456832
16575,110456832
16576,110456832
16577,110456832
16578,110456832
16579,110456832
16580,110456832
16581,110456832
16582,110456832
16583,110456832
16584,110456832
16585,110456832
16586,110456832
16587,110456832
16588,110456832
16589,110456832
16590,110456832
16591,110456832
16592,110456832
16593,110456832
16594,110456832
16595,110456832
16596,110456832
16597,110456832
16598,110456832
16599,110456832
16600,110456832
16601,110456832
16602,110456832
16603,110456832
16604,110456832
16605,110456832
16606,110456832
16607,110456832
16608,110456832
16609,110456832
16610,110456832
16611,110456832
16612,110456832
16613,110456832
16614,110456832
16615,110456832
16616,110456832
16617,110456832
16618,110456832
16619,110456832
16620,110456832
16621,110456832
16622,110456832
16623,110456832
16624,110456832
16625,110456832
16626,110456832
16627,110456832
16628,110456832
16629,110456832
16630,110456832
16631,110456832
16632,110456832
16633,110456832
16634,110456832
16635,110456832
16636,110456832
16637,110456832
16638,110456832
16639,110456832
16640,110456832
16641,110456832
16642,110456832
16643,110456832
16644,110456832
16645,110456832
16646,110456832
16647,110456832
16648,110456832
16649,110456832
16650,110456832
16651,110456832
16652,110456832
16653,110456832
16654,110456832
16655,110456832
16656,110456832
16657,110456832
16658,110456832
16659,110456832
16660,110456832
16661,110456832
16662,110456832
16663,110456832
16664,110456832
16665,110436352
16666,110436352
16667,110436352
16668,110436352
16669,110436352
16670,110436352
16671,110436352
16672,110436352
16673,110436352
16674,110436352
16675,110436352
16676,110436352
16677,110436352
16678,110436352
16679,110436352
16680,110436352
16681,110436352
16682,110436352
16683,110436352
16684,110436352
16685,110436352
16686,110436352
16687,110436352
16688,110436352
16689,110436352
16690,110436352
16691,110436352
16692,110436352
16693,110436352
16694,110436352
16695,110436352
16696,110436352
16697,110436352
16698,110436352
16699,110436352
16700,110436352
16701,110436352
16702,110436352
16703,110436352
16704,110436352
16705,110436352
16706,110436352
16707,110436352
16708,110436352
16709,110436352
16710,110436352
16711,110436352
16712,110436352
16713,110436352
16714,110436352
16715,110436352
16716,110436352
16717,110436352
16718,110436352
16719,110436352
16720,110436352
16721,110436352
16722,110436352
16723,110436352
16724,110436352
16725,110436352
16726,110436352
16727,110436352
16728,110436352
16729,110436352
16730,110436352
16731,110436352
16732,110436352
16733,110436352
16734,110436352
16735,110436352
16736,110436352
16737,110436352
16738,110436352
16739,110436352
16740,110436352
16741,110436352
16742,110436352
16743,110436352
16744,110436352
16745,110436352
16746,110436352
16747,110436352
16748,110436352
16749,110436352
16750,110436352
16751,110436352
16752,110436352
16753,110436352
16754,110436352
16755,110436352
16756,110436352
16757,110436352
16758,110436352
16759,110538752
16760,110538752
16761,110538752
16762,110538752
16763,110538752
16764,110538752
16765,110538752
16766,110538752
16767,110538752
16768,110538752
16769,110538752
16770,110538752
16771,110538752
16772,110538752
16773,110538752
16774,110538752
16775,110538752
16776,110538752
16777,110538752
16778,110538752
16779,110538752
16780,110538752
16781,110538752
16782,110538752
16783,110538752
16784,110538752
16785,110538752
16786,110538752
16787,110538752
16788,110538752
16789,110538752
16790,110538752
16791,110538752
16792,110538752
16793,110538752
16794,110538752
16795,110538752
16796,110538752
16797,110538752
16798,110538752
16799,110538752
16800,110538752
16801,111325184
16802,111325184
16803,111325184
16804,111325184
16805,111325184
16806,111325184
16807,111325184
16808,111325184
16809,111325184
16810,111325184
16811,111325184
16812,111325184
16813,111325184
16814,111325184
16815,111325184
16816,111325184
16817,111325184
16818,111325184
16819,111325184
16820,111325184
16821,111325184
16822,111325184
16823,111325184
16824,111325184
16825,111325184
16826,111325184
16827,111325184
16828,111325184
16829,111325184
16830,111325184
16831,111325184
16832,111325184
16833,111325184
16834,111325184
16835,111325184
16836,111325184
16837,111325184
16838,111325184
16839,111325184
16840,111325184
16841,111325184
16842,111325184
16843,111325184
16844,111325184
16845,111325184
16846,111325184
16847,111325184
16848,111325184
16849,111325184
16850,111325184
16851,111325184
16852,111325184
16853,111325184
16854,111325184
16855,111325184
16856,111325184
16857,111325184
16858,111325184
16859,111325184
16860,111325184
16861,111325184
16862,111325184
16863,111325184
16864,111325184
16865,111325184
16866,111325184
16867,111325184
16868,111325184
16869,111325184
16870,111325184
16871,111325184
16872,111325184
16873,111325184
16874,111325184
16875,111325184
16876,111325184
16877,111325184
16878,111325184
16879,111325184
16880,111325184
16881,111325184
16882,111325184
16883,111325184
16884,111325184
16885,111325184
16886,111325184
16887,111325184
16888,111325184
16889,111325184
16890,111325184
16891,111325184
16892,111325184
16893,111325184
16894,111325184
16895,111325184
16896,111325184
16897,111325184
16898,111325184
16899,111325184
16900,111325184
16901,111325184
16902,111325184
16903,111325184
16904,111325184
16905,111325184
16906,111325184
16907,111325184
16908,111325184
16909,111325184
16910,111325184
16911,111325184
16912,111325184
16913,111325184
16914,111325184
16915,111325184
16916,111325184
16917,111325184
16918,111325184
16919,111325184
16920,111325184
16921,111325184
16922,111325184
16923,111325184
16924,111325184
16925,111325184
16926,111325184
16927,111325184
16928,111325184
16929,111325184
16930,111325184
16931,111325184
16932,111325184
16933,111325184
16934,111325184
16935,111325184
16936,111325184
16937,111325184
16938,111325184
16939,111325184
16940,111325184
16941,111325184
16942,111325184
16943,111325184
16944,111325184
16945,111325184
16946,111325184
16947,111325184
16948,111325184
16949,111325184
16950,111325184
16951,111325184
16952,111325184
16953,111325184
16954,111325184
16955,111325184
16956,111587328
16957,111587328
16958,111587328
16959,111587328
16960,111587328
16961,111587328
16962,111587328
16963,111587328
16964,111587328
16965,111587328
16966,111587328
16967,111587328
16968,111587328
16969,111587328
16970,111587328
16971,111587328
16972,111587328
16973,111587328
16974,111587328
16975,111587328
16976,111587328
16977,111587328
16978,111587328
16979,111587328
16980,111587328
16981,111587328
16982,111587328
16983,111587328
16984,111587328
16985,111587328
16986,111587328
16987,111587328
16988,111587328
16989,111587328
16990,111587328
16991,111587328
16992,111587328
16993,111587328
16994,111587328
16995,111587328
16996,111587328
16997,111587328
16998,111587328
16999,111587328
17000,111587328
17001,111587328
17002,111587328
17003,111587328
17004,111587328
17005,111587328
17006,111587328
17007,111587328
17008,111587328
17009,111587328
17010,111587328
17011,111587328
17012,111587328
17013,111587328
17014,111587328
17015,111587328
17016,111587328
17017,111587328
17018,111587328
17019,111587328
17020,111587328
17021,111587328
17022,111587328
17023,111587328
17024,111587328
17025,111587328
17026,111587328
17027,111587328
17028,111587328
17029,111587328
17030,111587328
17031,111587328
17032,111587328
17033,111587328
17034,111587328
17035,111587328
17036,111587328
17037,111587328
17038,111587328
17039,111587328
17040,111587328
17041,111587328
17042,111587328
17043,111587328
17044,111587328
17045,111587328
17046,111587328
17047,111587328
17048,111587328
17049,111587328
17050,111587328
17051,111587328
17052,111587328
17053,111587328
17054,111587328
17055,111587328
17056,111587328
17057,111587328
17058,111587328
17059,111587328
17060,111587328
17061,111587328
17062,111587328
17063,111587328
17064,111587328
17065,111587328
17066,111587328
17067,111587328
17068,111587328
17069,111587328
17070,111587328
17071,111587328
17072,111587328
17073,111587328
17074,111587328
17075,111587328
17076,111587328
17077,111587328
17078,111587328
17079,111587328
17080,111587328
17081,111587328
17082,111587328
17083,111587328
17084,111587328
17085,111587328
17086,111587328
17087,111587328
17088,111587328
17089,111587328
17090,111587328
17091,111587328
17092,111587328
17093,111587328
17094,111587328
17095,111587328
17096,111587328
17097,111587328
17098,111587328
17099,111587328
17100,111587328
17101,111587328
17102,111587328
17103,111587328
17104,111587328
17105,111587328
17106,111587328
17107,111587328
17108,111587328
17109,111587328
17110,111587328
17111,111587328
17112,111587328
17113,111587328
17114,111587328
17115,111587328
17116,111587328
17117,111587328
17118,111587328
17119,111587328
17120,111587328
17121,111747072
17122,111747072
17123,111747072
17124,111747072
17125,111747072
17126,111747072
17127,111747072
17128,111747072
17129,111747072
17130,111747072
17131,111747072
17132,111747072
17133,111747072
17134,111747072
17135,111747072
17136,111747072
17137,111747072
17138,111747072
17139,111747072
17140,111747072
17141,111747072
17142,111747072
17143,111747072
17144,111747072
17145,111747072
17146,111747072
17147,111747072
17148,111747072
17149,111747072
17150,111747072
17151,111747072
17152,111747072
17153,111747072
17154,111747072
17155,111747072
17156,111747072
17157,111747072
17158,111747072
17159,111747072
17160,111747072
17161,111747072
17162,111747072
17163,111747072
17164,111747072
17165,111747072
17166,111747072
17167,111747072
17168,111747072
17169,111747072
17170,111747072
17171,111747072
17172,111747072
17173,111747072
17174,111747072
17175,111747072
17176,111747072
17177,111747072
17178,111747072
17179,111747072
17180,111747072
17181,111747072
17182,111747072
17183,111747072
17184,111747072
17185,111747072
17186,111747072
17187,111747072
17188,111747072
17189,111747072
17190,111747072
17191,111747072
17192,111747072
17193,111747072
17194,111747072
17195,111747072
17196,111747072
17197,111747072
17198,111747072
17199,111747072
17200,111747072
17201,111747072
17202,111747072
17203,111747072
17204,111747072
17205,111747072
17206,111747072
17207,111747072
17208,111747072
17209,111747072
17210,111747072
17211,111747072
17212,111747072
17213,111747072
17214,111747072
17215,111747072
17216,111747072
17217,111747072
17218,111747072
17219,111747072
17220,111747072
17221,111747072
17222,111747072
17223,111747072
17224,111747072
17225,111747072
17226,111747072
17227,111747072
17228,111747072
17229,111747072
17230,111747072
17231,111747072
17232,111747072
17233,111747072
17234,111747072
17235,111747072
17236,111747072
17237,111747072
17238,111747072
17239,111747072
17240,111747072
17241,111747072
17242,111747072
17243,111747072
17244,111747072
17245,111747072
17246,111747072
17247,111747072
17248,111747072
17249,111747072
17250,111747072
17251,111747072
17252,111747072
17253,111747072
17254,111747072
17255,111747072
17256,111747072
17257,111747072
17258,111747072
17259,111747072
17260,111747072
17261,111747072
17262,111747072
17263,111747072
17264,111747072
17265,111747072
17266,111747072
17267,111747072
17268,111747072
17269,111747072
17270,111747072
17271,111747072
17272,111747072
17273,111747072
17274,111747072
17275,111747072
17276,111747072
17277,111747072
17278,111747072
17279,111747072
17280,111747072
17281,111747072
17282,111747072
17283,111747072
17284,111747072
17285,111747072
17286,112001024
17287,112001024
17288,112001024
17289,112001024
17290,112001024
17291,112001024
17292,112001024
17293,112001024
17294,112001024
17295,112001024
17296,112001024
17297,112001024
17298,112001024
17299,112001024
17300,112001024
17301,112001024
17302,112001024
17303,112001024
17304,112001024
17305,112001024
17306,112001024
17307,112001024
17308,112001024
17309,112001024
17310,112001024
17311,112001024
17312,112001024
17313,112001024
17314,112001024
17315,112001024
17316,112001024
17317,112001024
17318,112001024
17319,112001024
17320,112001024
17321,112001024
17322,112001024
17323,112001024
17324,112001024
17325,112001024
17326,112001024
17327,112001024
17328,112001024
17329,112001024
17330,112001024
17331,112001024
17332,112001024
17333,112001024
17334,112001024
17335,112001024
17336,112001024
17337,112001024
17338,112001024
17339,112001024
17340,112001024
17341,112001024
17342,112001024
17343,112001024
17344,112001024
17345,112001024
17346,112001024
17347,112001024
17348,112001024
17349,112001024
17350,112001024
17351,112001024
17352,112001024
17353,112001024
17354,112001024
17355,112001024
17356,112001024
17357,112001024
17358,112001024
17359,112001024
17360,112001024
17361,112001024
17362,112001024
17363,112001024
17364,112001024
17365,112001024
17366,112001024
17367,112001024
17368,112001024
17369,112001024
17370,112001024
17371,112001024
17372,112001024
17373,112001024
17374,112001024
17375,112001024
17376,112001024
17377,112001024
17378,112001024
17379,112001024
17380,112001024
17381,112001024
17382,112001024
17383,112001024
17384,112001024
17385,112001024
17386,112001024
17387,112001024
17388,112001024
17389,112001024
17390,112001024
17391,112001024
17392,112001024
17393,112001024
17394,112001024
17395,112001024
17396,112001024
17397,112001024
17398,112001024
17399,112001024
17400,112001024
17401,112422912
17402,112422912
17403,112422912
17404,112422912
17405,112422912
17406,112422912
17407,112422912
17408,112422912
17409,112422912
17410,112422912
17411,112422912
17412,112422912
17413,112422912
17414,112422912
17415,112422912
17416,112422912
17417,112422912
17418,112422912
17419,112422912
17420,112422912
17421,112422912
17422,112422912
17423,112422912
17424,112422912
17425,112422912
17426,112422912
17427,112422912
17428,112422912
17429,112422912
17430,112422912
17431,112422912
17432,112422912
17433,112422912
17434,112422912
17435,112422912
17436,112422912
17437,112422912
17438,112422912
17439,112422912
17440,112422912
17441,112422912
17442,112422912
17443,112422912
17444,112422912
17445,112422912
17446,112422912
17447,112422912
17448,112422912
17449,112422912
17450,112422912
17451,112422912
17452,112422912
17453,112422912
17454,112422912
17455,112422912
17456,112422912
17457,112422912
17458,112422912
17459,112422912
17460,112422912
17461,112422912
17462,112422912
17463,112422912
17464,112422912
17465,112422912
17466,112422912
17467,112422912
17468,112705536
17469,112705536
17470,112705536
17471,112705536
17472,112705536
17473,112705536
17474,112705536
17475,112705536
17476,112705536
17477,112705536
17478,112705536
17479,112705536
17480,112705536
17481,112705536
17482,112705536
17483,112705536
17484,112705536
17485,112705536
17486,112705536
17487,112705536
17488,112705536
17489,112705536
17490,112705536
17491,112705536
17492,112705536
17493,112705536
17494,112705536
17495,112705536
17496,112705536
17497,112705536
17498,112705536
17499,112705536
17500,112705536
17501,112705536
17502,112705536
17503,112705536
17504,112705536
17505,112705536
17506,112705536
17507,112705536
17508,112705536
17509,112705536
17510,112705536
17511,112705536
17512,112705536
17513,112705536
17514,112705536
17515,112705536
17516,112705536
17517,112705536
17518,112705536
17519,112705536
17520,112705536
17521,112705536
17522,112705536
17523,112705536
17524,112705536
17525,112705536
17526,112705536
17527,112705536
17528,112705536
17529,112705536
17530,112705536
17531,112705536
17532,112705536
17533,112705536
17534,112705536
17535,112705536
17536,112705536
17537,112705536
17538,112705536
17539,112705536
17540,112705536
17541,112705536
17542,112705536
17543,112705536
17544,112705536
17545,112705536
17546,112705536
17547,112705536
17548,112705536
17549,112705536
17550,112705536
17551,112705536
17552,112705536
17553,112705536
17554,112705536
17555,112705536
17556,112705536
17557,112705536
17558,112705536
17559,112705536
17560,112705536
17561,112705536
17562,112705536
17563,112705536
17564,112705536
17565,112705536
17566,112705536
17567,112705536
17568,112705536
17569,112705536
17570,112705536
17571,112705536
17572,112705536
17573,112705536
17574,112705536
17575,112705536
17576,112705536
17577,112705536
17578,112705536
17579,112705536
17580,112705536
17581,112705536
17582,112705536
17583,112705536
17584,112705536
17585,112705536
17586,112705536
17587,112705536
17588,112705536
17589,112705536
17590,112705536
17591,112705536
17592,112705536
17593,112705536
17594,112705536
17595,112705536
17596,112705536
17597,112705536
17598,112705536
17599,112705536
17600,112705536
17601,112705536
17602,112705536
17603,112705536
17604,112705536
17605,112705536
17606,112705536
17607,112705536
17608,112705536
17609,112705536
17610,112705536
17611,112705536
17612,112705536
17613,112705536
17614,112705536
17615,112705536
17616,112705536
17617,112705536
17618,112705536
17619,112705536
17620,112705536
17621,112705536
17622,112705536
17623,112705536
17624,112705536
17625,112705536
17626,112705536
17627,112705536
17628,112705536
17629,112705536
17630,112705536
17631,112705536
17632,112705536
17633,112705536
17634,112705536
17635,112705536
17636,112705536
17637,112705536
17638,112705536
17639,112705536
17640,112705536
17641,112705536
17642,112705536
17643,112705536
17644,112705536
17645,112705536
17646,112705536
17647,112705536
17648,112705536
17649,112705536
17650,112705536
17651,112705536
17652,112705536
17653,112705536
17654,112705536
17655,112705536
17656,112705536
17657,112705536
17658,112705536
17659,112705536
17660,112705536
17661,112705536
17662,112705536
17663,112705536
17664,112705536
17665,112705536
17666,112705536
17667,112705536
17668,112705536
17669,112705536
17670,113020928
17671,113020928
17672,113020928
17673,113020928
17674,113020928
17675,113020928
17676,113020928
17677,113020928
17678,113020928
17679,113020928
17680,113020928
17681,113020928
17682,113020928
17683,113020928
17684,113020928
17685,113020928
17686,113020928
17687,113020928
17688,113020928
17689,113020928
17690,113020928
17691,113020928
17692,113020928
17693,113020928
17694,113020928
17695,113020928
17696,113020928
17697,113020928
17698,113020928
17699,113020928
17700,113020928
17701,113020928
17702,113020928
17703,113020928
17704,113020928
17705,113020928
17706,113020928
17707,113020928
17708,113020928
17709,113020928
17710,113020928
17711,113020928
17712,113020928
17713,113020928
17714,113020928
17715,113020928
17716,113020928
17717,113020928
17718,113020928
17719,113020928
17720,113020928
17721,113020928
17722,113020928
17723,113020928
17724,113020928
17725,113020928
17726,113020928
17727,113020928
17728,113020928
17729,113020928
17730,113020928
17731,113020928
17732,113020928
17733,113020928
17734,113020928
17735,113020928
17736,113020928
17737,113020928
17738,113020928
17739,113020928
17740,113020928
17741,113020928
17742,113020928
17743,113020928
17744,113020928
17745,113020928
17746,113020928
17747,113020928
17748,113020928
17749,113020928
17750,113020928
17751,113020928
17752,113020928
17753,113020928
17754,113020928
17755,113020928
17756,113020928
17757,113020928
17758,113020928
17759,113020928
17760,113020928
17761,113020928
17762,113020928
17763,113020928
17764,113020928
17765,113020928
17766,113020928
17767,113020928
17768,113020928
17769,113020928
17770,113020928
17771,113020928
17772,113020928
17773,113020928
17774,113020928
17775,113020928
17776,113020928
17777,113020928
17778,113020928
17779,113020928
17780,113020928
17781,113020928
17782,113020928
17783,113020928
17784,113020928
17785,113020928
17786,113020928
17787,113020928
17788,113020928
17789,113020928
17790,113020928
17791,113020928
17792,113020928
17793,113020928
17794,113020928
17795,113020928
17796,113020928
17797,113020928
17798,113020928
17799,113020928
17800,113020928
17801,113020928
17802,113020928
17803,113020928
17804,113020928
17805,113020928
17806,113020928
17807,113020928
17808,113020928
17809,113020928
17810,113020928
17811,113020928
17812,113020928
17813,113020928
17814,113020928
17815,113020928
17816,113020928
17817,113020928
17818,113020928
17819,113020928
17820,113020928
17821,113020928
17822,113020928
17823,113020928
17824,113020928
17825,113020928
17826,113020928
17827,113020928
17828,113020928
17829,113020928
17830,113020928
17831,113020928
17832,113020928
17833,113020928
17834,113020928
17835,113274880
17836,113274880
17837,113274880
17838,113274880
17839,113274880
17840,113274880
17841,113274880
17842,113274880
17843,113274880
17844,113274880
17845,113274880
17846,113274880
17847,113274880
17848,113274880
17849,113274880
17850,113274880
17851,113274880
17852,113274880
17853,113274880
17854,113274880
17855,113274880
17856,113274880
17857,113274880
17858,113274880
17859,113274880
17860,113274880
17861,113274880
17862,113274880
17863,113274880
17864,113274880
17865,113274880
17866,113274880
17867,113274880
17868,113274880
17869,113274880
17870,113274880
17871,113274880
17872,113274880
17873,113274880
17874,113274880
17875,113274880
17876,113274880
17877,113274880
17878,113274880
17879,113274880
17880,113274880
17881,113274880
17882,113274880
17883,113274880
17884,113274880
17885,113274880
17886,113274880
17887,113274880
17888,113274880
17889,113274880
17890,113274880
17891,113274880
17892,113274880
17893,113274880
17894,113274880
17895,113274880
17896,113274880
17897,113274880
17898,113274880
17899,113274880
17900,113274880
17901,113274880
17902,113274880
17903,113274880
17904,113274880
17905,113274880
17906,113274880
17907,113274880
17908,113274880
17909,113274880
17910,113274880
17911,113274880
17912,113274880
17913,113274880
17914,113274880
17915,113274880
17916,113274880
17917,113274880
17918,113274880
17919,113274880
17920,113274880
17921,113274880
17922,113274880
17923,113274880
17924,113274880
17925,113274880
17926,113274880
17927,113274880
17928,113274880
17929,113274880
17930,113274880
17931,113274880
17932,113274880
17933,113274880
17934,113274880
17935,113274880
17936,113274880
17937,113274880
17938,113274880
17939,113274880
17940,113274880
17941,113274880
17942,113274880
17943,113274880
17944,113274880
17945,113274880
17946,113274880
17947,113274880
17948,113274880
17949,113274880
17950,113274880
17951,113274880
17952,113274880
17953,113274880
17954,113274880
17955,113274880
17956,113274880
17957,113274880
17958,113274880
17959,113274880
17960,113274880
17961,113274880
17962,113274880
17963,113274880
17964,113274880
17965,113274880
17966,113274880
17967,113274880
17968,113274880
17969,113274880
17970,113274880
17971,113274880
17972,113274880
17973,113274880
17974,113274880
17975,113274880
17976,113274880
17977,113274880
17978,113274880
17979,113274880
17980,113274880
17981,113274880
17982,113274880
17983,113274880
17984,113274880
17985,113274880
17986,113274880
17987,113274880
17988,113274880
17989,113274880
17990,113274880
17991,113274880
17992,113274880
17993,113274880
17994,113274880
17995,113274880
17996,113274880
17997,113274880
17998,113274880
17999,113274880
18000,113532928
