tick_id,ms
1,8.2176
2,5.4791
3,5.2148
4,5.3190
5,5.2304
6,3.1536
7,3.5370
8,3.2560
9,3.7609
10,3.9096
11,3.3067
12,3.6186
13,3.3531
14,3.4056
15,4.2114
16,3.4599
17,3.7294
18,3.4910
19,4.8768
20,11.7671
21,6.2547
22,3.6927
23,3.3871
24,3.9689
25,4.2908
26,3.3125
27,3.9693
28,3.4768
29,4.0632
30,4.3627
31,3.4518
32,3.1493
33,3.7619
34,3.4088
35,4.6353
36,3.5022
37,3.9361
38,3.5758
39,3.5003
40,3.5957
41,3.4251
42,3.4262
43,3.2013
44,3.2408
45,3.2056
46,3.3639
47,3.5373
48,3.3736
49,3.1824
50,3.2612
51,3.4841
52,3.5538
53,3.4960
54,3.3923
55,3.3975
56,3.6562
57,3.7532
58,4.0890
59,4.1105
60,3.9191
61,3.8000
62,3.7951
63,4.5306
64,3.5351
65,4.4958
66,3.5505
67,3.9287
68,5.4927
69,3.5851
70,4.3380
71,3.8112
72,3.7952
73,4.6517
74,5.0348
75,4.7962
76,4.9280
77,4.4851
78,5.5803
79,5.1327
80,5.4484
81,4.6670
82,4.0621
83,5.2351
84,4.3899
85,4.4902
86,4.3738
87,5.6739
88,5.0520
89,7.7300
90,5.5068
91,4.5139
92,4.7721
93,6.5968
94,5.3504
95,5.4188
96,4.2571
97,7.1630
98,7.8876
99,5.1436
100,5.7826
101,4.3997
102,5.1097
103,7.0667
104,4.6736
105,5.8934
106,6.5695
107,6.6894
108,6.1923
109,6.0273
110,7.3589
111,5.4199
112,4.6651
113,6.2900
114,6.1842
115,6.2091
116,4.9786
117,4.8769
118,7.2614
119,7.5955
120,5.5023
121,5.2379
122,6.0625
123,5.4724
124,5.7434
125,6.8750
126,6.6571
127,7.3571
128,6.7009
129,5.1330
130,5.2740
131,5.9785
132,5.6742
133,4.1451
134,4.6794
135,5.7551
136,6.5118
137,6.0724
138,8.0933
139,6.5545
140,4.7718
141,6.9320
142,6.5395
143,5.7463
144,5.3685
145,5.9691
146,7.2603
147,6.8962
148,5.7771
149,6.7154
150,6.7260
151,6.9822
152,5.8644
153,6.8574
154,6.1366
155,8.2019
156,6.1577
157,6.9820
158,6.8252
159,6.9175
160,7.0457
161,6.9300
162,5.5022
163,6.9382
164,7.0183
165,4.9831
166,6.3582
167,5.9791
168,7.3991
169,6.2486
170,5.6662
171,4.6831
172,4.8001
173,6.1559
174,7.4058
175,6.9749
176,5.4391
177,6.6242
178,7.4104
179,7.2616
180,6.7849
181,6.1409
182,6.5985
183,7.3760
184,8.2444
185,6.2432
186,5.1784
187,7.5844
188,4.7976
189,4.8363
190,6.3363
191,4.8188
192,6.0291
193,6.3679
194,8.5378
195,6.1988
196,5.6377
197,6.5798
198,7.1657
199,6.4316
200,7.5530
201,7.1953
202,5.8224
203,5.3306
204,7.1626
205,6.2962
206,7.3043
207,7.1327
208,7.6750
209,8.9507
210,8.9182
211,8.3676
212,6.2074
213,6.5013
214,7.1629
215,7.1905
216,6.7357
217,6.8225
218,6.7913
219,4.7682
220,6.6027
221,6.1230
222,7.5418
223,6.8397
224,6.3294
225,7.2329
226,8.0761
227,6.2013
228,5.3622
229,7.6619
230,6.3260
231,7.2469
232,6.7923
233,8.4558
234,6.2079
235,7.1636
236,5.5056
237,6.2097
238,5.6683
239,4.6021
240,7.3155
241,6.1275
242,7.3164
243,5.1190
244,7.0619
245,6.3001
246,5.8690
247,6.0148
248,5.6403
249,7.8540
250,7.7588
251,5.5801
252,6.2119
253,5.6282
254,6.3732
255,5.0669
256,6.4813
257,7.4088
258,8.7511
259,7.1329
260,8.5805
261,6.5628
262,8.2255
263,7.7639
264,8.7080
265,8.2329
266,8.5798
267,6.7614
268,6.8280
269,8.0039
270,7.5849
271,5.6682
272,7.9732
273,8.0099
274,7.4707
275,8.4621
276,7.3599
277,7.1698
278,8.5213
279,5.1586
280,7.9240
281,6.1923
282,7.2304
283,7.7822
284,6.7553
285,7.9950
286,6.8589
287,6.8960
288,5.6177
289,8.0370
290,5.2713
291,6.4532
292,5.5665
293,7.0171
294,7.7895
295,6.4016
296,7.8567
297,8.3666
298,6.5247
299,5.6419
300,7.1483
301,7.3070
302,7.2164
303,5.4990
304,8.7166
305,7.1655
306,6.8874
307,7.3175
308,5.5694
309,6.9643
310,7.8170
311,6.4824
312,5.9422
313,6.5279
314,7.4061
315,6.5185
316,7.1208
317,8.5425
318,7.4109
319,8.6590
320,8.3914
321,8.4849
322,7.2203
323,6.8806
324,4.3088
325,6.0073
326,6.4121
327,7.7071
328,7.4682
329,8.7212
330,5.3445
331,5.0500
332,5.4610
333,7.1716
334,5.8835
335,7.0035
336,6.6885
337,7.9272
338,7.5873
339,6.8643
340,8.6760
341,7.1074
342,7.0887
343,8.3357
344,6.5870
345,7.9189
346,6.9674
347,7.6297
348,9.1745
349,6.1734
350,8.2850
351,5.3980
352,6.7241
353,5.4930
354,6.4347
355,7.1885
356,6.2724
357,8.4964
358,8.4431
359,6.1145
360,8.0066
361,7.4131
362,7.6906
363,5.9796
364,6.5758
365,7.0966
366,6.5312
367,7.7408
368,7.2694
369,6.5483
370,6.8158
371,5.9704
372,5.4602
373,4.8185
374,6.4583
375,8.0179
376,6.3598
377,5.5684
378,5.3278
379,6.9597
380,7.2252
381,6.6133
382,7.4006
383,5.8958
384,7.1445
385,8.2457
386,4.9771
387,5.8076
388,6.1486
389,6.5521
390,7.0594
391,7.1682
392,5.2308
393,6.3822
394,5.6480
395,5.9662
396,5.1671
397,5.5940
398,8.2925
399,5.5914
400,7.4149
401,6.7789
402,8.1376
403,6.6165
404,6.9459
405,6.3417
406,6.7642
407,5.5455
408,4.8450
409,5.2138
410,5.2994
411,5.6209
412,5.7626
413,7.4253
414,5.7372
415,7.6540
416,5.2195
417,5.3468
418,6.6296
419,5.5925
420,8.6908
421,6.6243
422,6.3997
423,7.5135
424,8.3914
425,8.7425
426,8.2376
427,6.3703
428,6.6289
429,7.5723
430,7.0943
431,8.1177
432,8.2429
433,8.7706
434,7.2476
435,7.9902
436,8.5965
437,5.8690
438,5.4224
439,6.0931
440,7.3439
441,5.8898
442,6.0267
443,4.5248
444,6.7608
445,5.5920
446,8.2694
447,6.9631
448,5.2561
449,5.4387
450,6.7796
451,6.5200
452,6.4754
453,4.6860
454,6.8750
455,5.2054
456,6.8129
457,5.0090
458,5.3290
459,6.0306
460,5.0709
461,4.5368
462,5.5915
463,7.3343
464,7.1542
465,5.6405
466,7.4323
467,8.0097
468,5.6817
469,4.7769
470,5.5036
471,5.8916
472,5.8577
473,6.5728
474,6.3551
475,5.0952
476,7.2351
477,6.6587
478,7.4731
479,7.1798
480,6.9300
481,6.5537
482,7.8432
483,8.8384
484,7.2970
485,8.7310
486,7.9315
487,7.1195
488,7.1064
489,15.0785
490,8.1903
491,8.5141
492,7.9316
493,7.2731
494,6.5798
495,7.3502
496,7.4570
497,7.5889
498,6.7529
499,7.5111
500,7.4803
501,5.8423
502,6.5503
503,6.3258
504,6.3793
505,6.9311
506,5.2226
507,7.6941
508,6.1948
509,6.7084
510,8.3290
511,7.1102
512,7.9640
513,6.7119
514,5.1365
515,5.1214
516,6.4149
517,6.3205
518,6.4145
519,6.4716
520,6.4093
521,6.6217
522,5.4140
523,6.3193
524,5.4333
525,6.6684
526,7.3898
527,5.4573
528,6.7522
529,6.2569
530,8.0413
531,7.0436
532,8.2385
533,7.4289
534,6.0263
535,7.0370
536,6.0445
537,6.8613
538,6.6897
539,6.1498
540,7.6549
541,6.1291
542,8.0607
543,7.8505
544,7.1357
545,7.4490
546,7.6845
547,6.7528
548,4.1904
549,5.1669
550,7.4246
551,9.1347
552,6.8561
553,5.3202
554,5.6757
555,6.4528
556,6.0311
557,7.2020
558,5.2592
559,6.7374
560,5.5018
561,9.0790
562,8.4218
563,6.6126
564,7.1323
565,7.1604
566,5.0339
567,7.7493
568,7.7377
569,6.4085
570,7.6145
571,6.1687
572,5.9854
573,7.1028
574,4.6629
575,7.8305
576,5.7221
577,6.9032
578,5.6819
579,5.0731
580,6.4202
581,6.5249
582,8.9240
583,6.4344
584,5.5525
585,5.3607
586,5.2854
587,5.3239
588,7.0249
589,7.1561
590,5.4211
591,7.4747
592,5.7940
593,7.1837
594,6.8284
595,9.1184
596,6.9777
597,7.5133
598,7.4523
599,6.0720
600,8.5604
601,5.9409
602,5.4025
603,7.3205
604,6.2309
605,6.8032
606,7.4623
607,7.4791
608,7.1595
609,7.7251
610,8.0632
611,4.8674
612,6.9680
613,6.1626
614,7.1015
615,7.9779
616,5.7296
617,5.8865
618,6.2122
619,5.7465
620,6.1243
621,7.7957
622,6.3998
623,6.3957
624,5.0767
625,6.6714
626,6.0006
627,7.3529
628,5.6793
629,6.1437
630,8.1371
631,5.8703
632,6.5456
633,5.0854
634,7.2828
635,4.9634
636,8.1422
637,4.7751
638,4.8496
639,6.4806
640,7.8296
641,4.7434
642,6.7591
643,8.0135
644,6.7813
645,6.6292
646,8.0226
647,8.0062
648,6.6837
649,7.7746
650,7.2342
651,7.1098
652,8.2575
653,8.1579
654,7.7264
655,10.1983
656,6.1312
657,6.1501
658,7.4266
659,6.9264
660,7.4725
661,6.1671
662,7.6729
663,5.3672
664,8.9508
665,6.1584
666,6.3839
667,4.9886
668,7.1717
669,5.6440
670,4.4926
671,6.6510
672,8.7857
673,6.0488
674,7.1104
675,6.0809
676,4.9875
677,6.2034
678,7.2704
679,7.0839
680,8.8562
681,9.0083
682,6.0465
683,5.6034
684,6.3102
685,6.4030
686,4.9976
687,5.7984
688,5.8254
689,5.8737
690,8.1710
691,8.2504
692,6.8305
693,7.4253
694,5.1653
695,4.9739
696,5.0740
697,8.0376
698,6.5425
699,7.3330
700,6.8548
701,6.0322
702,6.3927
703,6.3162
704,6.0043
705,6.0958
706,4.8326
707,6.9442
708,6.7184
709,5.9011
710,6.6746
711,6.4741
712,7.1086
713,6.5667
714,6.2864
715,6.6763
716,5.0544
717,6.0852
718,7.0444
719,6.3880
720,7.3489
721,5.6369
722,7.3423
723,5.5513
724,8.4070
725,8.1168
726,9.2730
727,7.4001
728,8.4531
729,8.0513
730,6.7064
731,7.7387
732,7.1686
733,6.2148
734,7.3632
735,6.4032
736,6.7088
737,5.9555
738,6.3124
739,5.5104
740,7.6425
741,8.5141
742,5.5896
743,5.8720
744,7.4163
745,7.3342
746,7.1809
747,7.3895
748,5.9191
749,7.0326
750,5.3745
751,7.6035
752,7.0627
753,5.3535
754,6.6424
755,6.5503
756,4.9564
757,7.4397
758,6.3913
759,5.9822
760,8.4774
761,8.4162
762,6.7551
763,8.5063
764,5.1550
765,6.9223
766,5.7069
767,4.8788
768,5.4496
769,7.3419
770,6.5548
771,5.1259
772,5.9514
773,6.5529
774,6.2269
775,5.5104
776,5.5400
777,7.4052
778,7.3748
779,7.0212
780,7.1354
781,5.4974
782,7.7127
783,7.5599
784,6.0294
785,7.1241
786,6.5939
787,8.4937
788,7.5308
789,7.0815
790,7.1903
791,6.0729
792,7.4431
793,6.4148
794,5.4153
795,5.1830
796,4.6063
797,6.8671
798,6.1402
799,5.8627
800,5.6513
801,7.0156
802,5.7644
803,6.8017
804,7.8169
805,7.0648
806,5.1992
807,8.1211
808,5.4641
809,7.6808
810,7.0140
811,5.5890
812,5.3011
813,6.8270
814,7.9957
815,4.6737
816,8.2985
817,6.2807
818,7.3528
819,6.1782
820,7.4166
821,7.5471
822,8.9783
823,5.6751
824,6.4456
825,6.6016
826,4.9635
827,4.5676
828,7.0308
829,6.6556
830,7.2872
831,7.8677
832,7.1319
833,7.4332
834,5.3572
835,7.6052
836,6.6608
837,7.9437
838,7.5431
839,7.0526
840,6.5752
841,4.6716
842,6.7681
843,6.0797
844,6.3498
845,6.2114
846,6.7331
847,8.8206
848,6.8889
849,7.5652
850,6.1330
851,5.4945
852,5.4966
853,6.3082
854,5.3475
855,6.1946
856,8.6877
857,7.0929
858,5.5403
859,8.4802
860,6.8842
861,7.5254
862,8.1495
863,6.9941
864,5.1097
865,7.7426
866,5.8340
867,7.6939
868,5.6674
869,6.8398
870,5.9510
871,7.0741
872,7.9407
873,6.7698
874,5.6896
875,6.3244
876,6.9613
877,4.6105
878,5.5498
879,6.1983
880,5.7445
881,6.6978
882,5.9460
883,5.7307
884,6.0666
885,5.9032
886,5.3847
887,6.9311
888,6.1135
889,7.2383
890,7.5652
891,5.8845
892,6.9147
893,6.7848
894,6.0560
895,7.5768
896,8.3713
897,6.6885
898,7.6203
899,7.6327
900,8.0885
901,8.6144
902,7.7726
903,8.9257
904,7.1713
905,7.5610
906,8.0351
907,5.3523
908,7.1105
909,6.0237
910,8.1286
911,7.9205
912,9.0244
913,7.4249
914,8.3298
915,5.7527
916,7.7090
917,6.0843
918,6.9976
919,8.1119
920,6.4423
921,5.8673
922,7.1325
923,7.3426
924,5.2177
925,7.4716
926,7.6306
927,6.6895
928,5.0778
929,5.2466
930,6.5845
931,5.2226
932,6.8977
933,6.0024
934,5.4786
935,4.8921
936,4.8231
937,5.5821
938,7.2746
939,5.7594
940,6.6502
941,5.4033
942,4.9803
943,5.6318
944,8.2201
945,8.4485
946,5.9877
947,8.9695
948,8.0258
949,7.8332
950,6.2279
951,7.2496
952,7.1895
953,6.1176
954,5.6963
955,7.5054
956,6.7426
957,8.0753
958,6.9015
959,7.5981
960,8.2296
961,6.8702
962,6.7349
963,6.4304
964,6.6416
965,7.9089
966,5.7901
967,7.6993
968,5.8133
969,7.4541
970,6.3382
971,6.3328
972,7.4891
973,5.8107
974,8.3215
975,5.4894
976,5.5067
977,4.3908
978,5.7335
979,7.6250
980,7.1273
981,6.5131
982,5.0543
983,8.1028
984,6.0360
985,6.5917
986,7.2120
987,8.0168
988,4.9494
989,13.9336
990,6.4599
991,5.9676
992,7.4213
993,5.2254
994,6.3084
995,6.2782
996,4.8942
997,6.3560
998,7.3959
999,4.8907
1000,7.0742
1001,6.4371
1002,7.6901
1003,6.4873
1004,6.0891
1005,7.0352
1006,6.8989
1007,5.6323
1008,6.2369
1009,6.8984
1010,5.4475
1011,4.6234
1012,6.4343
1013,6.8506
1014,6.2479
1015,8.0356
1016,6.8847
1017,6.4207
1018,7.2132
1019,8.1740
1020,8.3629
1021,7.6292
1022,6.4220
1023,6.2851
1024,7.6923
1025,7.7774
1026,6.5562
1027,8.4027
1028,6.3068
1029,6.2025
1030,6.7113
1031,5.7930
1032,7.5876
1033,5.5596
1034,7.1483
1035,6.4594
1036,8.1391
1037,5.7667
1038,8.9950
1039,8.7216
1040,6.8653
1041,7.7650
1042,6.6475
1043,7.8606
1044,7.6865
1045,5.9240
1046,5.4773
1047,6.2089
1048,8.2015
1049,6.5412
1050,6.5985
1051,5.9564
1052,6.1857
1053,6.6493
1054,7.0552
1055,6.2946
1056,6.6546
1057,6.2335
1058,4.8204
1059,6.1847
1060,5.3712
1061,4.9536
1062,8.6291
1063,5.2306
1064,5.5720
1065,6.7390
1066,7.0508
1067,6.5420
1068,8.3386
1069,8.3416
1070,7.1228
1071,4.8570
1072,5.8971
1073,5.9011
1074,5.0420
1075,7.5172
1076,7.7757
1077,6.0195
1078,7.1040
1079,8.1089
1080,6.6352
1081,5.3997
1082,6.6063
1083,7.3228
1084,8.5352
1085,8.2259
1086,7.0137
1087,6.5492
1088,5.5407
1089,6.8812
1090,7.2848
1091,6.3315
1092,6.9836
1093,7.4823
1094,6.2398
1095,7.8275
1096,5.3466
1097,6.0707
1098,7.0899
1099,5.8213
1100,6.9820
1101,4.7921
1102,5.8048
1103,7.9438
1104,6.2240
1105,8.0825
1106,5.4737
1107,8.1243
1108,6.5447
1109,6.6032
1110,6.1137
1111,5.0023
1112,7.1286
1113,5.7265
1114,7.3194
1115,5.6967
1116,5.0294
1117,7.2273
1118,5.1381
1119,7.4107
1120,8.5021
1121,7.7742
1122,5.7503
1123,5.8160
1124,6.0870
1125,8.2881
1126,6.1387
1127,8.3146
1128,6.6753
1129,6.9629
1130,7.4417
1131,5.6616
1132,5.6764
1133,7.0088
1134,6.6047
1135,7.3811
1136,5.9193
1137,6.7447
1138,6.3978
1139,5.2179
1140,6.9230
1141,9.2584
1142,8.1048
1143,7.3236
1144,7.3795
1145,7.6242
1146,7.6685
1147,8.6497
1148,7.8376
1149,5.8737
1150,6.8170
1151,7.4038
1152,8.1799
1153,7.3892
1154,6.2057
1155,7.7596
1156,6.2011
1157,5.1355
1158,6.1272
1159,6.3605
1160,5.1791
1161,4.9162
1162,6.8444
1163,8.3272
1164,6.0926
1165,5.8820
1166,5.2048
1167,6.9193
1168,7.4826
1169,5.8172
1170,7.3665
1171,5.9046
1172,7.0949
1173,5.1683
1174,6.5958
1175,6.8303
1176,5.2773
1177,4.8916
1178,5.7505
1179,7.2724
1180,4.7116
1181,6.4894
1182,6.3232
1183,7.3280
1184,5.4247
1185,7.4884
1186,4.2928
1187,4.5603
1188,7.0530
1189,8.1816
1190,6.3836
1191,6.5868
1192,8.4222
1193,7.0619
1194,5.6780
1195,6.8012
1196,5.0809
1197,6.4329
1198,7.1808
1199,7.5925
1200,8.1582
1201,6.1619
1202,5.7129
1203,8.3489
1204,7.9335
1205,8.0378
1206,6.6126
1207,7.8484
1208,7.3639
1209,6.0698
1210,6.5562
1211,7.3538
1212,8.5174
1213,8.4674
1214,7.4590
1215,6.5344
1216,5.5579
1217,6.8721
1218,7.6836
1219,6.6458
1220,8.1044
1221,7.8814
1222,5.3081
1223,7.0541
1224,6.4435
1225,5.9879
1226,7.3297
1227,5.5544
1228,8.1734
1229,6.4290
1230,5.1268
1231,5.3450
1232,8.2756
1233,5.0699
1234,7.1193
1235,6.7076
1236,4.8828
1237,7.9226
1238,8.2020
1239,7.7472
1240,7.7355
1241,6.5252
1242,6.7360
1243,6.5000
1244,5.4635
1245,8.3193
1246,5.1300
1247,4.9139
1248,6.8252
1249,5.7073
1250,6.2447
1251,6.3122
1252,6.6542
1253,6.0982
1254,7.9522
1255,7.3691
1256,5.9003
1257,6.4590
1258,6.2736
1259,7.8598
1260,5.3749
1261,7.0487
1262,6.5309
1263,7.7008
1264,6.2647
1265,8.6304
1266,7.8633
1267,6.8988
1268,8.8866
1269,7.8924
1270,7.7421
1271,6.7944
1272,8.0850
1273,7.4614
1274,7.6147
1275,9.0210
1276,6.3889
1277,5.8685
1278,8.1435
1279,7.2971
1280,7.2985
1281,7.8191
1282,6.2982
1283,6.6671
1284,6.8803
1285,7.4876
1286,6.7045
1287,7.0671
1288,6.5900
1289,7.3442
1290,8.1872
1291,5.6006
1292,6.6944
1293,5.8537
1294,6.8507
1295,6.3111
1296,5.3062
1297,5.5102
1298,4.7186
1299,4.6530
1300,7.9013
1301,7.1401
1302,5.3019
1303,6.7634
1304,6.0381
1305,5.2233
1306,5.9687
1307,6.4540
1308,6.4482
1309,14.0590
1310,9.8697
1311,5.1287
1312,4.9572
1313,7.6881
1314,8.5283
1315,7.9780
1316,7.0135
1317,7.4393
1318,5.8520
1319,4.9669
1320,6.1155
1321,7.2531
1322,6.9858
1323,6.1756
1324,7.9336
1325,6.8315
1326,7.4607
1327,7.3069
1328,8.0198
1329,7.5797
1330,7.8230
1331,6.9987
1332,5.6679
1333,6.4294
1334,6.1227
1335,7.2232
1336,8.3452
1337,7.3596
1338,6.5067
1339,7.1265
1340,6.6365
1341,6.5190
1342,6.3744
1343,5.0906
1344,6.6715
1345,6.9959
1346,5.8584
1347,7.5657
1348,7.0422
1349,7.3140
1350,4.8258
1351,6.2411
1352,6.7637
1353,5.4396
1354,5.5872
1355,7.2777
1356,6.6187
1357,4.9842
1358,6.7845
1359,5.7043
1360,7.6242
1361,5.8015
1362,7.1143
1363,6.7495
1364,8.6727
1365,6.9131
1366,8.6007
1367,8.1401
1368,5.7260
1369,6.8940
1370,6.1997
1371,7.7182
1372,5.8434
1373,4.8042
1374,7.6219
1375,6.9620
1376,6.3122
1377,6.9944
1378,7.3976
1379,5.8559
1380,7.3137
1381,5.4515
1382,7.9075
1383,7.8207
1384,7.4268
1385,6.6419
1386,6.5296
1387,7.2723
1388,8.8173
1389,8.2927
1390,8.1473
1391,7.2982
1392,6.6575
1393,5.7632
1394,7.2626
1395,7.6194
1396,6.6756
1397,6.2932
1398,5.7598
1399,7.0788
1400,5.6815
1401,6.1896
1402,7.1060
1403,7.9287
1404,7.8820
1405,4.2312
1406,4.6648
1407,5.4533
1408,5.6592
1409,7.2622
1410,7.4603
1411,7.8038
1412,5.0315
1413,6.2205
1414,9.1958
1415,7.3013
1416,4.9213
1417,7.0638
1418,5.4930
1419,7.6213
1420,5.9712
1421,6.0961
1422,7.2054
1423,4.4261
1424,5.1994
1425,5.8000
1426,5.7221
1427,6.1600
1428,7.7332
1429,5.2781
1430,5.5821
1431,6.8892
1432,5.5133
1433,7.7147
1434,8.6507
1435,7.2709
1436,5.3548
1437,7.2184
1438,5.9431
1439,6.6914
1440,7.6573
1441,6.8198
1442,6.4360
1443,7.6966
1444,6.0654
1445,7.4276
1446,8.3516
1447,7.5219
1448,7.0179
1449,6.5033
1450,8.5152
1451,9.2544
1452,7.4562
1453,6.4162
1454,6.0030
1455,5.6300
1456,5.1170
1457,8.4159
1458,6.7549
1459,6.5592
1460,7.5663
1461,4.6979
1462,7.2630
1463,7.3385
1464,6.6980
1465,8.1345
1466,5.8514
1467,7.5419
1468,6.2982
1469,5.9394
1470,7.4020
1471,7.9392
1472,5.2390
1473,5.8721
1474,6.4739
1475,5.4870
1476,8.0737
1477,7.1409
1478,9.1130
1479,7.8183
1480,6.0093
1481,4.8297
1482,7.8345
1483,8.0515
1484,7.1755
1485,6.2152
1486,4.7474
1487,6.1373
1488,6.4289
1489,4.8672
1490,5.9246
1491,5.4249
1492,5.4918
1493,6.2004
1494,5.7365
1495,7.8680
1496,6.6800
1497,7.3124
1498,6.4655
1499,5.9468
1500,6.9677
1501,5.5803
1502,5.4631
1503,5.1102
1504,6.0627
1505,6.9988
1506,5.4839
1507,7.0298
1508,7.5542
1509,7.3708
1510,7.6909
1511,7.0221
1512,7.0720
1513,6.0732
1514,6.0549
1515,5.9588
1516,6.7960
1517,8.2057
1518,7.5652
1519,8.2515
1520,9.2210
1521,7.1614
1522,6.9156
1523,7.4862
1524,6.4566
1525,7.3353
1526,7.5743
1527,5.7206
1528,7.3557
1529,5.3777
1530,6.4318
1531,7.8309
1532,7.1667
1533,8.7837
1534,7.8749
1535,7.4404
1536,7.5048
1537,7.5133
1538,8.3757
1539,6.7025
1540,7.9587
1541,6.9960
1542,6.9166
1543,5.3205
1544,7.8916
1545,5.8290
1546,6.9863
1547,5.4132
1548,5.1139
1549,7.2568
1550,6.6456
1551,5.8567
1552,7.7277
1553,9.1740
1554,4.8328
1555,7.0396
1556,4.8425
1557,7.7708
1558,7.7013
1559,7.9571
1560,7.2957
1561,8.8356
1562,6.8803
1563,6.6000
1564,7.4179
1565,8.2685
1566,7.2581
1567,7.4299
1568,11.4231
1569,7.8955
1570,7.7769
1571,8.9420
1572,8.1475
1573,7.4221
1574,8.4969
1575,20.9798
1576,7.3905
1577,8.9690
1578,9.3057
1579,7.6875
1580,7.5171
1581,7.7987
1582,7.2656
1583,7.8464
1584,7.8345
1585,7.7784
1586,7.5311
1587,7.4583
1588,8.5074
1589,7.0307
1590,7.3301
1591,6.2837
1592,7.4960
1593,6.2442
1594,5.2630
1595,4.4776
1596,7.7000
1597,5.1666
1598,6.5524
1599,5.2991
1600,6.2589
1601,8.6513
1602,6.4674
1603,6.5895
1604,6.2923
1605,7.9231
1606,4.9753
1607,5.4496
1608,6.2426
1609,5.1496
1610,6.0830
1611,6.6411
1612,7.1286
1613,7.5945
1614,8.3347
1615,7.7036
1616,6.7172
1617,7.1543
1618,6.6657
1619,9.2905
1620,5.8872
1621,6.7217
1622,7.5289
1623,7.7665
1624,7.8901
1625,6.3373
1626,7.7749
1627,6.8661
1628,7.3895
1629,5.7843
1630,7.8756
1631,5.4928
1632,7.8918
1633,5.9697
1634,5.1979
1635,6.5305
1636,5.4214
1637,7.2053
1638,7.7998
1639,5.2789
1640,6.4672
1641,7.1593
1642,8.0489
1643,4.7698
1644,6.3599
1645,6.7970
1646,5.9194
1647,6.7699
1648,6.3760
1649,5.7353
1650,7.7213
1651,7.7621
1652,7.4389
1653,6.1221
1654,7.3945
1655,7.4592
1656,4.5634
1657,7.3955
1658,5.1175
1659,6.0671
1660,8.1843
1661,8.3624
1662,8.0945
1663,5.6969
1664,4.7997
1665,7.3203
1666,6.8857
1667,7.2165
1668,6.6137
1669,5.4883
1670,6.5986
1671,6.1194
1672,7.2293
1673,6.9923
1674,6.5980
1675,7.1988
1676,5.6841
1677,6.9979
1678,5.4912
1679,7.8012
1680,6.5283
1681,5.5969
1682,6.5898
1683,7.4466
1684,6.9226
1685,9.0063
1686,7.0512
1687,5.7226
1688,6.7807
1689,7.0336
1690,7.4013
1691,5.5900
1692,6.3900
1693,7.7132
1694,5.6129
1695,5.5523
1696,6.6405
1697,6.4201
1698,7.6708
1699,5.2440
1700,6.6605
1701,6.0743
1702,7.5856
1703,8.7535
1704,6.8406
1705,5.6662
1706,6.7910
1707,6.9964
1708,5.9251
1709,7.4058
1710,8.1524
1711,8.3585
1712,7.1692
1713,6.8345
1714,7.0186
1715,8.8880
1716,7.7483
1717,6.9978
1718,5.4249
1719,5.5695
1720,6.3045
1721,5.7429
1722,6.3415
1723,7.3189
1724,7.6388
1725,6.7864
1726,6.3754
1727,5.2131
1728,6.1541
1729,4.8272
1730,6.6080
1731,6.7921
1732,6.4033
1733,7.5941
1734,6.7866
1735,5.7202
1736,8.2905
1737,6.6240
1738,7.5855
1739,7.6358
1740,7.0759
1741,6.9032
1742,7.6538
1743,7.1744
1744,5.9813
1745,7.8503
1746,6.8666
1747,7.4427
1748,7.6349
1749,5.1142
1750,7.0517
1751,6.0829
1752,7.8376
1753,7.7237
1754,3.8924
1755,6.4348
1756,7.8765
1757,6.8508
1758,7.0022
1759,8.7321
1760,6.2100
1761,5.9345
1762,5.7150
1763,4.6307
1764,5.4211
1765,5.6538
1766,7.0435
1767,6.8271
1768,5.2759
1769,7.3274
1770,7.0307
1771,6.6963
1772,7.6379
1773,7.2314
1774,5.9548
1775,6.2026
1776,6.6537
1777,6.7491
1778,5.5195
1779,5.9030
1780,5.8994
1781,8.2239
1782,7.6534
1783,7.4630
1784,6.8080
1785,6.2895
1786,5.1174
1787,7.8753
1788,6.1399
1789,6.9818
1790,6.2123
1791,7.1804
1792,6.4073
1793,7.0654
1794,7.1017
1795,6.1724
1796,5.8883
1797,6.2785
1798,8.0399
1799,6.6810
1800,6.9253
1801,7.4145
1802,7.3644
1803,6.3597
1804,7.8602
1805,6.3236
1806,8.1882
1807,8.5495
1808,7.3122
1809,6.7343
1810,7.9392
1811,5.8339
1812,6.4141
1813,7.6288
1814,8.2150
1815,5.7109
1816,4.5494
1817,5.7771
1818,7.7792
1819,6.7466
1820,6.7514
1821,5.6391
1822,7.5339
1823,6.1961
1824,5.2401
1825,5.9628
1826,6.1940
1827,5.9155
1828,7.1315
1829,6.8428
1830,7.3041
1831,6.2061
1832,6.8417
1833,6.0350
1834,6.3457
1835,5.3294
1836,7.1586
1837,7.1634
1838,7.9138
1839,5.4156
1840,6.6787
1841,6.7731
1842,7.9653
1843,7.5142
1844,6.1864
1845,8.0916
1846,6.0099
1847,7.5415
1848,7.1837
1849,7.6210
1850,7.5284
1851,7.4127
1852,8.5513
1853,7.7129
1854,7.4786
1855,7.6155
1856,8.4343
1857,7.4861
1858,7.5876
1859,6.7127
1860,7.4360
1861,6.5867
1862,8.9973
1863,7.3742
1864,7.5020
1865,7.2899
1866,6.2054
1867,6.7358
1868,5.5804
1869,5.5160
1870,7.7581
1871,5.1205
1872,6.4877
1873,5.7073
1874,6.3115
1875,5.0996
1876,6.2991
1877,6.1960
1878,5.2801
1879,7.0779
1880,7.8974
1881,5.0670
1882,6.5780
1883,7.7865
1884,5.5227
1885,6.4505
1886,8.0162
1887,7.2947
1888,5.9480
1889,6.3629
1890,7.8248
1891,7.6774
1892,6.3080
1893,6.3716
1894,7.5469
1895,6.4811
1896,6.2300
1897,8.4570
1898,7.6962
1899,7.5387
1900,7.5831
1901,7.0211
1902,8.0100
1903,8.8571
1904,5.5985
1905,7.8081
1906,6.6630
1907,8.3313
1908,5.8344
1909,6.0455
1910,7.2804
1911,7.1235
1912,8.2300
1913,7.7756
1914,6.0835
1915,7.2943
1916,6.1823
1917,7.7228
1918,7.2590
1919,6.3686
1920,6.8506
1921,5.9317
1922,5.9328
1923,6.3526
1924,5.2129
1925,6.5117
1926,5.2424
1927,8.7937
1928,6.1446
1929,7.1263
1930,8.3779
1931,7.1693
1932,9.3132
1933,7.2219
1934,6.5019
1935,7.1844
1936,7.5648
1937,6.3031
1938,6.0312
1939,6.7002
1940,7.4709
1941,6.1764
1942,6.4110
1943,6.8634
1944,6.5352
1945,8.1034
1946,7.3374
1947,7.1363
1948,6.8742
1949,6.9431
1950,7.7813
1951,5.8504
1952,7.6694
1953,5.9451
1954,7.0195
1955,6.1888
1956,6.2071
1957,7.8451
1958,5.8525
1959,6.8501
1960,5.7983
1961,6.2857
1962,7.4396
1963,7.2688
1964,5.7121
1965,6.3324
1966,6.5037
1967,6.5352
1968,6.7787
1969,6.7942
1970,7.8536
1971,6.9988
1972,8.8390
1973,8.4445
1974,6.0912
1975,9.8670
1976,7.4581
1977,6.5587
1978,8.3606
1979,7.5012
1980,6.8554
1981,7.1250
1982,6.9388
1983,6.0982
1984,5.8790
1985,8.2371
1986,4.8478
1987,5.0989
1988,6.2288
1989,6.1302
1990,7.1145
1991,6.2280
1992,6.1048
1993,5.6135
1994,5.1713
1995,6.9429
1996,8.2755
1997,5.5676
1998,6.3479
1999,5.6427
2000,7.9074
2001,6.3794
2002,6.1811
2003,8.1983
2004,9.3773
2005,7.4336
2006,4.8366
2007,5.4231
2008,5.1414
2009,5.9595
2010,7.1032
2011,5.0224
2012,7.6555
2013,6.1478
2014,7.2497
2015,7.8287
2016,4.7070
2017,7.3531
2018,5.3910
2019,7.8844
2020,8.2328
2021,8.8120
2022,7.6742
2023,6.5931
2024,7.6324
2025,7.2538
2026,6.3545
2027,7.6423
2028,7.7561
2029,6.9631
2030,6.6411
2031,6.5554
2032,7.3214
2033,6.0175
2034,6.5521
2035,8.4379
2036,4.9359
2037,7.1223
2038,7.5441
2039,7.2069
2040,6.2313
2041,6.6804
2042,6.7991
2043,7.8366
2044,7.8576
2045,9.1220
2046,6.9145
2047,8.6608
2048,5.9335
2049,7.7259
2050,6.1690
2051,6.6403
2052,7.4131
2053,8.1427
2054,7.2725
2055,5.8822
2056,7.0003
2057,5.8013
2058,7.3723
2059,6.4913
2060,8.0317
2061,7.5670
2062,8.0806
2063,6.3081
2064,5.1201
2065,6.3578
2066,8.8769
2067,8.7354
2068,6.1694
2069,5.0965
2070,7.1718
2071,5.5385
2072,7.2597
2073,7.7107
2074,5.2339
2075,7.0213
2076,6.8440
2077,6.7648
2078,5.2291
2079,6.6992
2080,7.7159
2081,8.3049
2082,7.3704
2083,7.2120
2084,6.5032
2085,8.7013
2086,7.4908
2087,5.7768
2088,6.9809
2089,5.8807
2090,8.1316
2091,8.0765
2092,5.8829
2093,8.5243
2094,7.0680
2095,7.0800
2096,9.1813
2097,9.1310
2098,6.9161
2099,7.0396
2100,7.3829
2101,5.7404
2102,7.5987
2103,7.8523
2104,6.5636
2105,6.9603
2106,7.5873
2107,6.4045
2108,5.5618
2109,7.0951
2110,8.0297
2111,6.0748
2112,6.9197
2113,5.5337
2114,7.0912
2115,5.9367
2116,7.7023
2117,7.4045
2118,8.5902
2119,7.9609
2120,7.9234
2121,6.9548
2122,7.9531
2123,8.4244
2124,7.1848
2125,8.5806
2126,6.1211
2127,7.3221
2128,6.3582
2129,4.6608
2130,8.1086
2131,4.9354
2132,5.5081
2133,7.0541
2134,6.9612
2135,6.6283
2136,9.9663
2137,7.5245
2138,6.5012
2139,6.4885
2140,8.0403
2141,7.3279
2142,6.9650
2143,8.1580
2144,5.9061
2145,6.9255
2146,7.7339
2147,7.0442
2148,7.6224
2149,8.3801
2150,8.6371
2151,7.9482
2152,7.0050
2153,6.4695
2154,6.4283
2155,7.2743
2156,7.3012
2157,7.3050
2158,7.4950
2159,5.9530
2160,7.4151
2161,6.6184
2162,6.6161
2163,6.5639
2164,6.3856
2165,5.8074
2166,4.7544
2167,6.2308
2168,6.0953
2169,8.8334
2170,7.5913
2171,14.0440
2172,8.5110
2173,8.1737
2174,5.7848
2175,6.6457
2176,6.6103
2177,7.8800
2178,8.8855
2179,6.7302
2180,6.5314
2181,7.7826
2182,7.1787
2183,6.8218
2184,5.7256
2185,6.4639
2186,7.4777
2187,5.8757
2188,7.0069
2189,7.1013
2190,8.2570
2191,5.5427
2192,7.3513
2193,5.0185
2194,7.3081
2195,7.8895
2196,5.3786
2197,5.8417
2198,6.4679
2199,5.7546
2200,5.2988
2201,6.5542
2202,8.9517
2203,6.6842
2204,6.5179
2205,8.1893
2206,8.6735
2207,7.7163
2208,5.9194
2209,6.8981
2210,7.2946
2211,7.4544
2212,7.3443
2213,8.0103
2214,8.2088
2215,8.4267
2216,7.7730
2217,7.7339
2218,8.3792
2219,7.2751
2220,8.0071
2221,6.9629
2222,6.0857
2223,6.2828
2224,8.1603
2225,6.8329
2226,6.7365
2227,7.5579
2228,7.2770
2229,5.4667
2230,7.2060
2231,5.3391
2232,8.2842
2233,4.8183
2234,6.0321
2235,5.4068
2236,6.4377
2237,7.9864
2238,7.2615
2239,8.4969
2240,7.7484
2241,5.3310
2242,9.7170
2243,8.2148
2244,6.6209
2245,4.8126
2246,5.5486
2247,7.2164
2248,7.6727
2249,8.2449
2250,6.6508
2251,6.5877
2252,6.5844
2253,7.7087
2254,6.5024
2255,7.9487
2256,6.9619
2257,6.1735
2258,7.0352
2259,8.3334
2260,7.6833
2261,5.7640
2262,6.2659
2263,6.1404
2264,6.7416
2265,6.9811
2266,6.6580
2267,7.3017
2268,6.5985
2269,9.8177
2270,7.4699
2271,6.8773
2272,9.7798
2273,6.8535
2274,7.9829
2275,8.6899
2276,6.5354
2277,6.0941
2278,7.9210
2279,5.5959
2280,7.7583
2281,6.4593
2282,6.9592
2283,6.2656
2284,5.9801
2285,7.4851
2286,6.6831
2287,10.1663
2288,8.1478
2289,6.8654
2290,8.2089
2291,7.6223
2292,6.5994
2293,7.4139
2294,8.4768
2295,6.1475
2296,5.0177
2297,6.8669
2298,7.1683
2299,6.1308
2300,7.0442
2301,5.3838
2302,5.6037
2303,5.8326
2304,6.1797
2305,6.9527
2306,6.7530
2307,7.7629
2308,5.9691
2309,5.2642
2310,6.0063
2311,5.9426
2312,5.4329
2313,7.4514
2314,8.0266
2315,8.6186
2316,7.3999
2317,7.2249
2318,7.3613
2319,7.3828
2320,7.2895
2321,8.3012
2322,6.2909
2323,7.3835
2324,6.7132
2325,6.1988
2326,6.5234
2327,8.6346
2328,7.9048
2329,9.8900
2330,6.5201
2331,7.3084
2332,8.7515
2333,6.2016
2334,5.4393
2335,7.7030
2336,4.9801
2337,7.9638
2338,7.7201
2339,8.7251
2340,8.2476
2341,5.6404
2342,7.6291
2343,8.6853
2344,7.7307
2345,7.4985
2346,7.0703
2347,8.8126
2348,7.8551
2349,7.7496
2350,7.4666
2351,7.0459
2352,6.5498
2353,6.0528
2354,5.6486
2355,9.3187
2356,7.3451
2357,8.3765
2358,5.4086
2359,8.1660
2360,7.1047
2361,8.3288
2362,6.6211
2363,8.1170
2364,5.5532
2365,7.9601
2366,5.5606
2367,5.2394
2368,7.8175
2369,9.4510
2370,8.2385
2371,5.9336
2372,8.5848
2373,7.7547
2374,6.3086
2375,5.3772
2376,7.7206
2377,7.5759
2378,8.6625
2379,5.4245
2380,9.1077
2381,7.7651
2382,7.3489
2383,8.3387
2384,7.5702
2385,8.1194
2386,6.3407
2387,6.5468
2388,6.2471
2389,8.0726
2390,8.1595
2391,8.2248
2392,7.0823
2393,7.1837
2394,6.9202
2395,6.4345
2396,6.8373
2397,7.8439
2398,8.4632
2399,9.2110
2400,8.2939
2401,6.6088
2402,8.1037
2403,8.7958
2404,5.3749
2405,7.2027
2406,6.3581
2407,7.3259
2408,8.1794
2409,5.7199
2410,6.7915
2411,7.2089
2412,7.7610
2413,5.5083
2414,5.2801
2415,7.3680
2416,6.6830
2417,8.2015
2418,11.9710
2419,8.9922
2420,8.6952
2421,5.2939
2422,6.1403
2423,6.0340
2424,6.5025
2425,5.9847
2426,8.4216
2427,6.9868
2428,7.7802
2429,6.6611
2430,7.2674
2431,9.7646
2432,7.9594
2433,6.7533
2434,7.1465
2435,7.3120
2436,6.8128
2437,5.8219
2438,6.6067
2439,7.1323
2440,6.4983
2441,5.1335
2442,6.3082
2443,5.6912
2444,6.7548
2445,6.4987
2446,6.3179
2447,6.1235
2448,6.8037
2449,7.8269
2450,9.6435
2451,6.0285
2452,5.5382
2453,8.0088
2454,7.9939
2455,8.9397
2456,6.8687
2457,6.4538
2458,8.1905
2459,7.1127
2460,8.1374
2461,5.4782
2462,7.4179
2463,8.3656
2464,8.8123
2465,6.8406
2466,4.9021
2467,9.1996
2468,7.6072
2469,7.1215
2470,9.6284
2471,6.8538
2472,8.5604
2473,6.3413
2474,7.6668
2475,7.9341
2476,5.7945
2477,7.4450
2478,5.4960
2479,8.6897
2480,8.0012
2481,7.7179
2482,7.2030
2483,7.7859
2484,6.9089
2485,7.7009
2486,7.7134
2487,8.7054
2488,7.7045
2489,7.5537
2490,5.8421
2491,4.7610
2492,6.9923
2493,8.9281
2494,7.9936
2495,6.2584
2496,8.9067
2497,7.3115
2498,9.1574
2499,5.8040
2500,6.6830
2501,5.5008
2502,7.0540
2503,6.6796
2504,7.3097
2505,7.5651
2506,7.6574
2507,14.6602
2508,8.4709
2509,7.8506
2510,9.0620
2511,7.5629
2512,8.7760
2513,10.3472
2514,7.5273
2515,7.5321
2516,8.6141
2517,8.2855
2518,8.5763
2519,7.2031
2520,9.4976
2521,7.2966
2522,8.6670
2523,7.6446
2524,7.2249
2525,6.5819
2526,7.2780
2527,8.8521
2528,7.0397
2529,6.9320
2530,7.6327
2531,7.6721
2532,5.9988
2533,8.2992
2534,8.8082
2535,7.4245
2536,5.2152
2537,6.3991
2538,6.9371
2539,7.5093
2540,8.9220
2541,8.6956
2542,7.4495
2543,4.8363
2544,6.8509
2545,6.3866
2546,4.9238
2547,5.1641
2548,5.9228
2549,6.9915
2550,7.8705
2551,6.2234
2552,6.3469
2553,5.4702
2554,4.6495
2555,5.2330
2556,5.3230
2557,9.1900
2558,5.8045
2559,5.8525
2560,8.1658
2561,8.1166
2562,8.2310
2563,8.6973
2564,6.3199
2565,5.5212
2566,8.4377
2567,8.3868
2568,8.7358
2569,9.1092
2570,6.9398
2571,9.5662
2572,9.1638
2573,9.5941
2574,6.6148
2575,7.6625
2576,7.5155
2577,9.0342
2578,8.0615
2579,10.0108
2580,9.2668
2581,7.4688
2582,8.1352
2583,7.4578
2584,7.6415
2585,7.7810
2586,7.6195
2587,7.3789
2588,7.6033
2589,5.4230
2590,7.3203
2591,5.7879
2592,8.0364
2593,8.0795
2594,6.1461
2595,6.5586
2596,5.4343
2597,7.0729
2598,5.7506
2599,6.4694
2600,6.6001
2601,5.8120
2602,6.6780
2603,6.4426
2604,8.6538
2605,7.6373
2606,5.9861
2607,5.7082
2608,7.0102
2609,5.2147
2610,9.1324
2611,6.9028
2612,8.2888
2613,6.9637
2614,5.6127
2615,6.4671
2616,5.4477
2617,8.8883
2618,8.1102
2619,9.0350
2620,8.1372
2621,9.0318
2622,5.7061
2623,7.8537
2624,5.6387
2625,7.7841
2626,6.2692
2627,5.9277
2628,8.3756
2629,7.1618
2630,8.0971
2631,5.9866
2632,9.3413
2633,6.4740
2634,8.0989
2635,8.5241
2636,7.4232
2637,7.4753
2638,8.9905
2639,7.6537
2640,8.1109
2641,6.5595
2642,6.5993
2643,7.3068
2644,6.5672
2645,7.0898
2646,7.8931
2647,8.2048
2648,7.0296
2649,6.0806
2650,6.8362
2651,7.1437
2652,6.1706
2653,6.4123
2654,6.4790
2655,8.3468
2656,5.1756
2657,7.4584
2658,7.0410
2659,6.1635
2660,6.5291
2661,4.9449
2662,7.6619
2663,8.1037
2664,6.5179
2665,5.6710
2666,7.8471
2667,7.3954
2668,6.9871
2669,8.7628
2670,8.1712
2671,9.3918
2672,9.0474
2673,9.7877
2674,8.3381
2675,7.4862
2676,15.6801
2677,7.8672
2678,10.1047
2679,8.8625
2680,8.4092
2681,5.8408
2682,5.7002
2683,5.3364
2684,5.2401
2685,5.2811
2686,8.7477
2687,8.4431
2688,7.3919
2689,7.5760
2690,7.2375
2691,7.6192
2692,7.8360
2693,8.2009
2694,7.7025
2695,8.2569
2696,7.2607
2697,7.2958
2698,7.5244
2699,6.3527
2700,7.8763
2701,7.4174
2702,9.7035
2703,9.1129
2704,7.0435
2705,8.4328
2706,8.1816
2707,7.3947
2708,8.0633
2709,6.1104
2710,6.8790
2711,8.6503
2712,6.5224
2713,8.7259
2714,6.7290
2715,8.4188
2716,9.3214
2717,9.4381
2718,5.5961
2719,8.9901
2720,9.1065
2721,8.6952
2722,8.2677
2723,7.6772
2724,8.7432
2725,6.8010
2726,7.9565
2727,7.9321
2728,8.2989
2729,5.6370
2730,6.6229
2731,8.4829
2732,7.9713
2733,6.9291
2734,5.8531
2735,7.4506
2736,5.5181
2737,7.4916
2738,7.1678
2739,6.7112
2740,7.0955
2741,10.3513
2742,7.3425
2743,5.0706
2744,5.7807
2745,7.2512
2746,6.9201
2747,8.8686
2748,5.9302
2749,7.4920
2750,6.0347
2751,7.4842
2752,5.6698
2753,7.9350
2754,7.7119
2755,8.5894
2756,7.4385
2757,6.0182
2758,6.2913
2759,7.1911
2760,8.0087
2761,6.9165
2762,7.7522
2763,5.3905
2764,6.0274
2765,7.0579
2766,5.7550
2767,6.6819
2768,8.2072
2769,4.7662
2770,7.0751
2771,7.0997
2772,8.5609
2773,7.2513
2774,5.5679
2775,4.9547
2776,5.9354
2777,5.0944
2778,4.9546
2779,6.3048
2780,5.7299
2781,4.9759
2782,5.9734
2783,4.4433
2784,5.4059
2785,4.7015
2786,5.0164
2787,4.4376
2788,4.0675
2789,4.0934
2790,4.8942
2791,4.0881
2792,5.7360
2793,4.4510
2794,4.0569
2795,4.6471
2796,4.2678
2797,5.2411
2798,5.0546
2799,3.9083
2800,4.4469
2801,3.8248
2802,4.2252
2803,4.6806
2804,3.8209
2805,4.1330
2806,3.8076
2807,4.4901
2808,3.8158
2809,3.8912
2810,3.8548
2811,3.7047
2812,3.5971
2813,3.6142
2814,3.4797
2815,3.8817
2816,3.8620
2817,3.7742
2818,3.5637
2819,3.9824
2820,5.2602
2821,4.3391
2822,3.8205
2823,4.5811
2824,3.6175
2825,3.6467
2826,4.2582
2827,3.5683
2828,3.6712
2829,3.6352
2830,3.7570
2831,3.8135
2832,3.2988
2833,4.1279
2834,4.2812
2835,4.0847
2836,3.3126
2837,3.4672
2838,4.0018
2839,3.5569
2840,4.1514
2841,3.7641
2842,4.0025
2843,3.4594
2844,3.3633
2845,3.3754
2846,3.5302
2847,3.5150
2848,4.4286
2849,4.1701
2850,3.3817
2851,3.5856
2852,3.8123
2853,3.5766
2854,3.4544
2855,3.6696
2856,3.6392
2857,3.6141
2858,4.1015
2859,3.6419
2860,3.5098
2861,3.6291
2862,3.6771
2863,3.4819
2864,3.1818
2865,3.6845
2866,3.9224
2867,3.3835
2868,3.7923
2869,3.4329
2870,4.0486
2871,3.4566
2872,3.4434
2873,3.9278
2874,3.8695
2875,3.8114
2876,3.3772
2877,3.8289
2878,3.8706
2879,4.5644
2880,3.7150
2881,3.4969
2882,4.7514
2883,4.1846
2884,4.1073
2885,4.1904
2886,4.7106
2887,3.4186
2888,4.5526
2889,3.6862
2890,4.3785
2891,3.5672
2892,4.0466
2893,3.5715
2894,3.7758
2895,3.7840
2896,3.3031
2897,3.5316
2898,4.1958
2899,3.5122
2900,3.8614
2901,3.5709
2902,3.4272
2903,3.7569
2904,3.5445
2905,3.6251
2906,3.9803
2907,3.8277
2908,3.6520
2909,3.5272
2910,3.6144
2911,3.7456
2912,3.9136
2913,3.4066
2914,3.7842
2915,3.8218
2916,3.3644
2917,3.8417
2918,3.3219
2919,3.4290
2920,3.7038
2921,3.4558
2922,4.1148
2923,3.4391
2924,3.4218
2925,3.4307
2926,3.6636
2927,3.3196
2928,3.3744
2929,3.3580
2930,3.3832
2931,3.3074
2932,3.3469
2933,3.3440
2934,3.5072
2935,3.3837
2936,3.3619
2937,3.3453
2938,4.6330
2939,3.5700
2940,3.7393
2941,3.6962
2942,3.4779
2943,4.6021
2944,3.5939
2945,4.4451
2946,3.3190
2947,5.1127
2948,3.8662
2949,4.1880
2950,3.8285
2951,3.4927
2952,3.9076
2953,3.8820
2954,4.4269
2955,4.0087
2956,2.4932
2957,4.1265
2958,3.8946
2959,3.9845
2960,3.5335
2961,3.5733
2962,3.5186
2963,3.5179
2964,3.6214
2965,3.6123
2966,3.4456
2967,3.4172
2968,3.8279
2969,3.5511
2970,4.5571
2971,3.4011
2972,3.5092
2973,4.5017
2974,4.6297
2975,4.6713
2976,3.4647
2977,4.4842
2978,4.0465
2979,3.6378
2980,4.5828
2981,4.2840
2982,4.5507
2983,5.4907
2984,4.3705
2985,4.7063
2986,3.7996
2987,4.2327
2988,4.1300
2989,3.6857
2990,3.6588
2991,3.4619
2992,3.9628
2993,5.1548
2994,3.4368
2995,3.8472
2996,3.5425
2997,3.7578
2998,3.7403
2999,3.4810
3000,3.7652
3001,3.7192
3002,3.6714
3003,3.5792
3004,3.5463
3005,3.5190
3006,3.4133
3007,4.0421
3008,3.3722
3009,3.3616
3010,3.5080
3011,3.4284
3012,3.4212
3013,3.3567
3014,3.3113
3015,3.6152
3016,3.3242
3017,4.1946
3018,3.4499
3019,3.4550
3020,3.4428
3021,3.4190
3022,3.5102
3023,3.4826
3024,3.5159
3025,3.3544
3026,3.4386
3027,3.3710
3028,3.3534
3029,3.3379
3030,3.6819
3031,3.7331
3032,3.4356
3033,3.7124
3034,3.5672
3035,4.1702
3036,4.1717
3037,3.6647
3038,3.6713
3039,3.5806
3040,3.7682
3041,3.5168
3042,3.7725
3043,3.4854
3044,3.5948
3045,3.6502
3046,3.4826
3047,3.4302
3048,3.4536
3049,3.8689
3050,3.9876
3051,3.4509
3052,3.7539
3053,3.4161
3054,3.4796
3055,4.6049
3056,3.5157
3057,3.6597
3058,3.4050
3059,3.4783
3060,3.7254
3061,3.8673
3062,3.5811
3063,3.5076
3064,3.3641
3065,3.8667
3066,3.4486
3067,3.9420
3068,3.3627
3069,3.4842
3070,3.5842
3071,3.7561
3072,3.4131
3073,3.4323
3074,3.4793
3075,3.5462
3076,3.7686
3077,3.4540
3078,3.5282
3079,3.3399
3080,3.5153
3081,3.5862
3082,3.7030
3083,3.3892
3084,3.3995
3085,3.3986
3086,3.3131
3087,3.3505
3088,3.3919
3089,3.5512
3090,3.5399
3091,3.6245
3092,3.6046
3093,4.6322
3094,4.8610
3095,3.7544
3096,3.6526
3097,3.8963
3098,3.5080
3099,3.5837
3100,3.8297
3101,3.4444
3102,4.4338
3103,3.5891
3104,3.5671
3105,3.8657
3106,3.4680
3107,3.4328
3108,3.8145
3109,3.3375
3110,3.7959
3111,3.3278
3112,3.4264
3113,3.9695
3114,3.4236
3115,3.6511
3116,3.5575
3117,4.0984
3118,3.8063
3119,3.3831
3120,3.9730
3121,3.7256
3122,4.1713
3123,3.8449
3124,3.4433
3125,3.7244
3126,3.5425
3127,3.9803
3128,4.7327
3129,3.9599
3130,3.7870
3131,3.4265
3132,3.7168
3133,3.6715
3134,3.4013
3135,3.6816
3136,3.4884
3137,3.6350
3138,3.4832
3139,3.3908
3140,3.6832
3141,3.3509
3142,3.9962
3143,3.5420
3144,3.4538
3145,3.9077
3146,3.4226
3147,3.5434
3148,3.3436
3149,3.5277
3150,3.3572
3151,3.5334
3152,4.2849
3153,3.5284
3154,3.5047
3155,3.6171
3156,4.5491
3157,4.0360
3158,3.4111
3159,3.4489
3160,3.5205
3161,4.9870
3162,4.0473
3163,4.8429
3164,3.5603
3165,4.2835
3166,3.8694
3167,3.7417
3168,2.6149
3169,3.3506
3170,4.0486
3171,3.5598
3172,3.6120
3173,3.5827
3174,3.3949
3175,3.9376
3176,3.4785
3177,4.2681
3178,3.9245
3179,3.5188
3180,4.1606
3181,3.4208
3182,3.9119
3183,3.6645
3184,3.4461
3185,3.9810
3186,3.6359
3187,4.2091
3188,3.8549
3189,3.4478
3190,4.0137
3191,3.3758
3192,3.4254
3193,4.0566
3194,3.4363
3195,4.3957
3196,3.3578
3197,3.7105
3198,4.1865
3199,3.4157
3200,3.7697
3201,3.4875
3202,3.5223
3203,4.0455
3204,3.3896
3205,3.8015
3206,3.5366
3207,3.7629
3208,3.7220
3209,3.6791
3210,3.8054
3211,4.0594
3212,4.1221
3213,3.8776
3214,3.6963
3215,5.0341
3216,4.2283
3217,3.9211
3218,3.8110
3219,3.3881
3220,3.7497
3221,4.0689
3222,4.6102
3223,4.5414
3224,3.4908
3225,4.2001
3226,3.4534
3227,3.3823
3228,3.3712
3229,3.5367
3230,3.6767
3231,3.5704
3232,3.8126
3233,3.4431
3234,3.3829
3235,3.6622
3236,3.3701
3237,3.8212
3238,3.3884
3239,3.3072
3240,3.4698
3241,3.5564
3242,3.4452
3243,4.6267
3244,3.4265
3245,3.5132
3246,4.7480
3247,3.6652
3248,3.4470
3249,3.4788
3250,3.6539
3251,3.5755
3252,3.6481
3253,3.4408
3254,3.6737
3255,3.5441
3256,3.8309
3257,3.9346
3258,3.6281
3259,3.4805
3260,3.3850
3261,3.4472
3262,3.5597
3263,3.6506
3264,3.4627
3265,3.4039
3266,3.5384
3267,3.3164
3268,3.6484
3269,3.4318
3270,3.8575
3271,3.3212
3272,3.3164
3273,3.8522
3274,3.3629
3275,3.7356
3276,3.3577
3277,3.3047
3278,4.1375
3279,3.5006
3280,3.6361
3281,3.3694
3282,3.6704
3283,3.9366
3284,3.6682
3285,3.5395
3286,3.6086
3287,3.5547
3288,3.3916
3289,3.6710
3290,3.7154
3291,3.3876
3292,3.4778
3293,3.4370
3294,3.4206
3295,3.4669
3296,3.3407
3297,3.4196
3298,3.3887
3299,3.3726
3300,3.4369
3301,3.4456
3302,3.4273
3303,3.8236
3304,4.1467
3305,3.7889
3306,3.4212
3307,3.2995
3308,3.8151
3309,3.4844
3310,3.6401
3311,3.5143
3312,3.6374
3313,4.2195
3314,3.5738
3315,3.9976
3316,3.4832
3317,3.5860
3318,4.2116
3319,3.4739
3320,3.1703
3321,4.1423
3322,3.5280
3323,3.7449
3324,3.5456
3325,3.8960
3326,3.5964
3327,3.8013
3328,3.9544
3329,3.4190
3330,3.9552
3331,3.3716
3332,3.8400
3333,3.9475
3334,3.5475
3335,3.7260
3336,3.5681
3337,4.7073
3338,4.3861
3339,3.6720
3340,3.6557
3341,3.6734
3342,4.5338
3343,3.4600
3344,4.1744
3345,3.4862
3346,3.7484
3347,3.6962
3348,3.5619
3349,3.5794
3350,3.5916
3351,3.4548
3352,3.4323
3353,3.8678
3354,3.3563
3355,3.5711
3356,3.5238
3357,3.3844
3358,3.3572
3359,3.4468
3360,3.4093
3361,3.4068
3362,3.6582
3363,3.4172
3364,3.4330
3365,3.3519
3366,3.6879
3367,3.4847
3368,3.3888
3369,3.7094
3370,3.4270
3371,3.3369
3372,3.2883
3373,3.4067
3374,3.3535
3375,3.3217
3376,3.3463
3377,3.3778
3378,3.4639
3379,4.7367
3380,3.7144
3381,3.4220
3382,3.4005
3383,3.7942
3384,4.0143
3385,4.0347
3386,3.3052
3387,3.6817
3388,3.4192
3389,3.4377
3390,3.8035
3391,3.5219
3392,3.7149
3393,4.0032
3394,3.6195
3395,4.4029
3396,3.4245
3397,3.9464
3398,4.7655
3399,4.3378
3400,3.8601
3401,4.3097
3402,3.8585
3403,3.6555
3404,3.6279
3405,4.0343
3406,3.5060
3407,3.4773
3408,3.4874
3409,3.5961
3410,3.6153
3411,3.8117
3412,3.5394
3413,3.5012
3414,3.2863
3415,3.3857
3416,3.2900
3417,3.6190
3418,3.4158
3419,3.3364
3420,3.3271
3421,3.3398
3422,3.3871
3423,3.4117
3424,3.5215
3425,3.3583
3426,3.4123
3427,3.6693
3428,3.5113
3429,3.6111
3430,3.8752
3431,3.5601
3432,3.5008
3433,4.5943
3434,3.5573
3435,3.7850
3436,3.5201
3437,3.5561
3438,4.6769
3439,3.5835
3440,4.1157
3441,4.1830
3442,3.7545
3443,3.7514
3444,3.8469
3445,4.0122
3446,3.5822
3447,3.9330
3448,3.4187
3449,3.6305
3450,3.6808
3451,3.3621
3452,3.6388
3453,3.3286
3454,3.3385
3455,4.1889
3456,3.3789
3457,3.5271
3458,3.3729
3459,3.3285
3460,3.3342
3461,3.2970
3462,3.3830
3463,3.3645
3464,3.8720
3465,3.7431
3466,3.6880
3467,3.3829
3468,3.3895
3469,3.4652
3470,3.2861
3471,3.3597
3472,3.3850
3473,3.6114
3474,3.5525
3475,4.0460
3476,3.5343
3477,3.7720
3478,3.3663
3479,3.3023
3480,3.6093
3481,3.6123
3482,3.9337
3483,3.3531
3484,3.6928
3485,4.0628
3486,3.4770
3487,4.1437
3488,3.5802
3489,4.5305
3490,3.4817
3491,3.3562
3492,3.4755
3493,3.5746
3494,3.4663
3495,4.1223
3496,3.4907
3497,3.8364
3498,3.5726
3499,3.5910
3500,3.5425
3501,3.1343
3502,3.9159
3503,3.6517
3504,3.3658
3505,3.4667
3506,3.3679
3507,3.7377
3508,3.1093
3509,3.4549
3510,4.1801
3511,3.3713
3512,3.3410
3513,4.4171
3514,3.4446
3515,3.8164
3516,3.5657
3517,3.6468
3518,4.3020
3519,3.9034
3520,5.0960
3521,3.4988
3522,4.6229
3523,3.5093
3524,3.4603
3525,3.7739
3526,3.5903
3527,3.7879
3528,3.6692
3529,3.9570
3530,3.6822
3531,3.5113
3532,3.1212
3533,3.6555
3534,3.5108
3535,4.2030
3536,3.3189
3537,3.8285
3538,3.3693
3539,3.3349
3540,3.5875
3541,3.4441
3542,11.0781
3543,5.6046
3544,3.3875
3545,3.7217
3546,3.4134
3547,3.4843
3548,3.4284
3549,3.2924
3550,3.3591
3551,3.3528
3552,3.3751
3553,3.3835
3554,3.5436
3555,3.3987
3556,3.3601
3557,3.3922
3558,3.4054
3559,3.3480
3560,3.5053
3561,3.9905
3562,3.2601
3563,3.4793
3564,3.4481
3565,3.3081
3566,3.4541
3567,3.3373
3568,3.4832
3569,3.4343
3570,3.4352
3571,3.3747
3572,3.3943
3573,3.2869
3574,3.7408
3575,3.3969
3576,3.5115
3577,4.6493
3578,3.4656
3579,3.5072
3580,3.5027
3581,3.5848
3582,3.4693
3583,3.4695
3584,3.5347
3585,3.7523
3586,3.4636
3587,3.6098
3588,3.4788
3589,3.5198
3590,3.4207
3591,3.5859
3592,3.4903
3593,3.2409
3594,3.3974
3595,3.5676
3596,3.5463
3597,3.5586
3598,3.5136
3599,3.4783
3600,3.5918
3601,3.3377
3602,3.4029
3603,3.6141
3604,3.6932
3605,4.3996
3606,3.5710
3607,3.6731
3608,3.5899
3609,3.5188
3610,3.4621
3611,3.6726
3612,3.7500
3613,4.5712
3614,4.3233
3615,4.0886
3616,3.4063
3617,3.8196
3618,4.1657
3619,4.0077
3620,4.7478
3621,3.5723
3622,3.8151
3623,3.4885
3624,3.5578
3625,3.5785
3626,3.5744
3627,3.9040
3628,3.4997
3629,3.4042
3630,3.8096
3631,3.4325
3632,3.6766
3633,3.3418
3634,3.3515
3635,3.6118
3636,3.5799
3637,3.6778
3638,3.3977
3639,3.5408
3640,3.6292
3641,3.5940
3642,3.5764
3643,3.7025
3644,3.5501
3645,3.6947
3646,3.6447
3647,3.4157
3648,3.7152
3649,3.7058
3650,3.6078
3651,3.5999
3652,4.0074
3653,3.5289
3654,3.5040
3655,3.7714
3656,3.7995
3657,3.5809
3658,3.6177
3659,3.3840
3660,3.3806
3661,3.3403
3662,3.3282
3663,3.4224
3664,3.4077
3665,3.9408
3666,3.4668
3667,3.3099
3668,4.3227
3669,3.3636
3670,3.6897
3671,3.5067
3672,3.4397
3673,3.5924
3674,3.5290
3675,3.7933
3676,3.8384
3677,4.3506
3678,4.7036
3679,3.5651
3680,4.2146
3681,3.5147
3682,4.1345
3683,4.4621
3684,3.7772
3685,3.7711
3686,3.8028
3687,3.8313
3688,3.3386
3689,3.4607
3690,4.1713
3691,3.3698
3692,4.0090
3693,3.6985
3694,3.3695
3695,3.9237
3696,3.3876
3697,4.9748
3698,3.6971
3699,3.4406
3700,4.0097
3701,3.4110
3702,3.7582
3703,4.3430
3704,3.5305
3705,3.9389
3706,3.5663
3707,3.7149
3708,4.0956
3709,3.4744
3710,4.1161
3711,3.4828
3712,3.7541
3713,3.7510
3714,3.3787
3715,4.9144
3716,3.8870
3717,3.7840
3718,3.7073
3719,3.4144
3720,3.6191
3721,3.5055
3722,3.6850
3723,3.6395
3724,3.4049
3725,3.5776
3726,3.5589
3727,3.4177
3728,4.0586
3729,3.6863
3730,4.4446
3731,3.3797
3732,4.4475
3733,5.3096
3734,4.2388
3735,4.5539
3736,4.1323
3737,3.9375
3738,4.1684
3739,3.5057
3740,3.7942
3741,3.5532
3742,3.9729
3743,3.9141
3744,3.7028
3745,3.5952
3746,3.3176
3747,3.8734
3748,4.5807
3749,3.3421
3750,3.5533
3751,3.4392
3752,3.4497
3753,3.4968
3754,3.3924
3755,3.6894
3756,3.4107
3757,3.3997
3758,3.4011
3759,3.5285
3760,4.0197
3761,3.3767
3762,3.8149
3763,3.7509
3764,5.0792
3765,3.9008
3766,3.6928
3767,4.4324
3768,3.7143
3769,3.7857
3770,4.5043
3771,3.6142
3772,3.5305
3773,3.5891
3774,3.8000
3775,3.5489
3776,3.6063
3777,2.6839
3778,3.4888
3779,3.5724
3780,3.3794
3781,3.3330
3782,3.3696
3783,3.3675
3784,3.4514
3785,3.4634
3786,3.6907
3787,3.5264
3788,3.3700
3789,3.6643
3790,3.7462
3791,3.6536
3792,3.5173
3793,3.6947
3794,3.6355
3795,4.6465
3796,3.4912
3797,3.9254
3798,3.6969
3799,3.5030
3800,3.6522
3801,3.7138
3802,3.8104
3803,3.8934
3804,3.6923
3805,3.6536
3806,3.4634
3807,3.5206
3808,2.5226
3809,3.6658
3810,3.6065
3811,3.3462
3812,3.3525
3813,3.3461
3814,3.3622
3815,3.2496
3816,3.3377
3817,3.3489
3818,3.3720
3819,3.3208
3820,3.3606
3821,3.5290
3822,3.6863
3823,3.3428
3824,3.4926
3825,3.5392
3826,5.0477
3827,4.2592
3828,3.9327
3829,3.4289
3830,4.2961
3831,3.6060
3832,4.5140
3833,3.9065
3834,3.4900
3835,4.0238
3836,3.7100
3837,3.6896
3838,3.8234
3839,3.4542
3840,3.7605
3841,3.6538
3842,3.8868
3843,3.3615
3844,3.4153
3845,3.6716
3846,3.3464
3847,3.7450
3848,3.3164
3849,3.2926
3850,3.5428
3851,3.4036
3852,3.6692
3853,3.4579
3854,3.3420
3855,3.7277
3856,3.3644
3857,3.6703
3858,3.4839
3859,3.3621
3860,3.8792
3861,3.4081
3862,4.3279
3863,3.3459
3864,3.4661
3865,3.5596
3866,3.3871
3867,4.1411
3868,3.6179
3869,3.7632
3870,3.3571
3871,3.3764
3872,3.3618
3873,3.3853
3874,3.3297
3875,3.7686
3876,3.3631
3877,3.8523
3878,4.0620
3879,3.3796
3880,3.5293
3881,3.3332
3882,3.4803
3883,3.5531
3884,3.5312
3885,3.7330
3886,3.4046
3887,4.1285
3888,3.9266
3889,3.6862
3890,3.9765
3891,4.1546
3892,4.3202
3893,3.7629
3894,3.5990
3895,4.1910
3896,3.3636
3897,3.6358
3898,3.5710
3899,3.4110
3900,3.2330
3901,3.5237
3902,4.0719
3903,3.6870
3904,3.3153
3905,3.3086
3906,3.4669
3907,3.5352
3908,3.4941
3909,3.4001
3910,3.4811
3911,3.3150
3912,3.3181
3913,3.3502
3914,3.4160
3915,2.9348
3916,3.3663
3917,3.4169
3918,3.5395
3919,3.3984
3920,3.6512
3921,3.4502
3922,3.5444
3923,3.5285
3924,3.3636
3925,3.8177
3926,3.4211
3927,3.5104
3928,3.6015
3929,3.3661
3930,3.9411
3931,3.2967
3932,3.3395
3933,3.8692
3934,3.3961
3935,4.1670
3936,3.3848
3937,3.7528
3938,3.6292
3939,3.3490
3940,3.7411
3941,3.4437
3942,3.8726
3943,4.3530
3944,3.4531
3945,3.8662
3946,4.0457
3947,5.1516
3948,7.3548
3949,3.7809
3950,5.5278
3951,3.5525
3952,4.0454
3953,4.4486
3954,4.3447
3955,7.3129
3956,3.7404
3957,4.6996
3958,4.2348
3959,3.5854
3960,4.6159
3961,3.2030
3962,4.3412
3963,4.4404
3964,3.5257
3965,3.9358
3966,3.4485
3967,3.6990
3968,3.4117
3969,3.5276
3970,3.9975
3971,3.5256
3972,3.5567
3973,3.3218
3974,3.4880
3975,3.5274
3976,4.1194
3977,3.5055
3978,4.1297
3979,4.1589
3980,4.7092
3981,3.6532
3982,3.5493
3983,3.6704
3984,3.4619
3985,3.4982
3986,3.5957
3987,3.6970
3988,3.5641
3989,3.6289
3990,3.4684
3991,3.5948
3992,2.9990
3993,3.5429
3994,3.4941
3995,4.2811
3996,3.6116
3997,3.3107
3998,3.3798
3999,3.3688
4000,4.7443
4001,3.3404
4002,3.3170
4003,3.9112
4004,3.4943
4005,4.0168
4006,3.5555
4007,3.4505
4008,3.7963
4009,3.4276
4010,3.5626
4011,3.4395
4012,3.4273
4013,3.7691
4014,3.4070
4015,4.6264
4016,3.3112
4017,3.3858
4018,3.9691
4019,3.4708
4020,3.7187
4021,3.3600
4022,3.3688
4023,3.4849
4024,3.3987
4025,3.5429
4026,3.3930
4027,3.7946
4028,4.0405
4029,3.4329
4030,3.7153
4031,3.3583
4032,3.3680
4033,3.4435
4034,3.4014
4035,3.9976
4036,3.5575
4037,3.4565
4038,3.7825
4039,3.9207
4040,4.9916
4041,3.6616
4042,3.8471
4043,4.2133
4044,3.4184
4045,4.0925
4046,3.6033
4047,3.7866
4048,4.0775
4049,3.5253
4050,3.6745
4051,3.7313
4052,3.6343
4053,3.6331
4054,3.4308
4055,3.5390
4056,3.3380
4057,3.3993
4058,3.3688
4059,3.3937
4060,3.6487
4061,3.4252
4062,3.3167
4063,3.4208
4064,3.3287
4065,3.4116
4066,3.3960
4067,3.5797
4068,3.5629
4069,3.5120
4070,3.4070
4071,3.4903
4072,3.4382
4073,3.6143
4074,3.3675
4075,3.5908
4076,3.3711
4077,3.7082
4078,3.4094
4079,3.3800
4080,3.4289
4081,3.3834
4082,3.3702
4083,3.3793
4084,3.3081
4085,3.3655
4086,3.3446
4087,3.4001
4088,3.5483
4089,3.5546
4090,3.4210
4091,3.4231
4092,3.3556
4093,3.5945
4094,3.4897
4095,4.1579
4096,3.5314
4097,3.9034
4098,3.7664
4099,3.8184
4100,5.1049
4101,3.5939
4102,3.8191
4103,3.6236
4104,3.5772
4105,3.8073
4106,3.4869
4107,4.3025
4108,4.3089
4109,4.2619
4110,3.7913
4111,4.8373
4112,3.4907
4113,3.5947
4114,3.5590
4115,3.5819
4116,3.5566
4117,3.3819
4118,3.4711
4119,3.3547
4120,3.4185
4121,3.3578
4122,3.3250
4123,3.4347
4124,3.3893
4125,3.5766
4126,3.6621
4127,3.4405
4128,3.4551
4129,3.5388
4130,3.9659
4131,3.4601
4132,3.5155
4133,3.7205
4134,3.5332
4135,3.7230
4136,4.2759
4137,3.4718
4138,3.4885
4139,3.5283
4140,3.6149
4141,3.5363
4142,2.6914
4143,3.4612
4144,3.6129
4145,3.3713
4146,3.3957
4147,3.4439
4148,4.3384
4149,3.3794
4150,3.9954
4151,3.3915
4152,3.8871
4153,3.7384
4154,3.5488
4155,3.7770
4156,3.4451
4157,3.5369
4158,4.0816
4159,3.5251
4160,4.1406
4161,3.6162
4162,3.8824
4163,4.9927
4164,4.0021
4165,3.9201
4166,3.6431
4167,3.9759
4168,3.9730
4169,3.5318
4170,3.9523
4171,3.4381
4172,3.5724
4173,4.0451
4174,3.7566
4175,3.4978
4176,3.3669
4177,4.0778
4178,3.6389
4179,3.4085
4180,3.6404
4181,3.4345
4182,3.6094
4183,3.7610
4184,3.4456
4185,3.5918
4186,3.4336
4187,3.6337
4188,3.3485
4189,3.6215
4190,3.7322
4191,3.4524
4192,3.7937
4193,3.7576
4194,4.3271
4195,3.3996
4196,3.5306
4197,4.8702
4198,3.6372
4199,3.5382
4200,3.6038
4201,3.5590
4202,3.5744
4203,3.5994
4204,3.5038
4205,3.0791
4206,3.5365
4207,3.5868
4208,3.4315
4209,3.7987
4210,3.4365
4211,3.3716
4212,3.5420
4213,3.3454
4214,3.3771
4215,3.3102
4216,3.4202
4217,3.3934
4218,3.7688
4219,3.3679
4220,3.8442
4221,3.5028
4222,3.4923
4223,3.5244
4224,3.7692
4225,4.4917
4226,3.5027
4227,3.6767
4228,3.8201
4229,4.1552
4230,4.4954
4231,6.7585
4232,3.9124
4233,4.0216
4234,3.5648
4235,4.2094
4236,3.3389
4237,3.3529
4238,3.9489
4239,3.5601
4240,3.6423
4241,3.4297
4242,3.7761
4243,3.2938
4244,3.4954
4245,3.7457
4246,3.3835
4247,3.5649
4248,3.6566
4249,4.1943
4250,3.7744
4251,3.4228
4252,3.6362
4253,3.7304
4254,3.7513
4255,3.6066
4256,3.3157
4257,3.6271
4258,3.4775
4259,3.2875
4260,3.7013
4261,3.4173
4262,3.6822
4263,3.4873
4264,3.4041
4265,3.5391
4266,3.3296
4267,3.7470
4268,3.3403
4269,3.5611
4270,3.3391
4271,3.2826
4272,3.5874
4273,3.5692
4274,3.3637
4275,3.3932
4276,3.4093
4277,3.8673
4278,3.4304
4279,3.7319
4280,3.4672
4281,4.0461
4282,3.4751
4283,4.3251
4284,3.4340
4285,3.8908
4286,3.4065
4287,3.4367
4288,4.1136
4289,3.6012
4290,4.0054
4291,4.1430
4292,4.1483
4293,3.0888
4294,3.8002
4295,3.8026
4296,3.4790
4297,3.5555
4298,3.3863
4299,4.5328
4300,3.4735
4301,3.3778
4302,3.5184
4303,3.4273
4304,3.2740
4305,3.3829
4306,3.3910
4307,3.3436
4308,3.3804
4309,3.3690
4310,3.4650
4311,3.4346
4312,3.3784
4313,3.5006
4314,3.3978
4315,3.3607
4316,3.3507
4317,3.3411
4318,3.3960
4319,3.3394
4320,3.4039
4321,3.3400
4322,3.3878
4323,3.9103
4324,3.3954
4325,3.8095
4326,3.5652
4327,3.8108
4328,3.8684
4329,3.4048
4330,3.8240
4331,3.3871
4332,3.6899
4333,3.9836
4334,3.3828
4335,3.6960
4336,3.3864
4337,5.0880
4338,3.7150
4339,3.6739
4340,4.8550
4341,4.3851
4342,3.7737
4343,3.7986
4344,3.4892
4345,4.2418
4346,3.4212
4347,4.6878
4348,3.4650
4349,3.4164
4350,3.8023
4351,3.6779
4352,3.8742
4353,2.9733
4354,3.5532
4355,3.8943
4356,3.3982
4357,3.7029
4358,3.5134
4359,3.3434
4360,3.3153
4361,3.3816
4362,3.3722
4363,3.4716
4364,3.3396
4365,3.2551
4366,3.6241
4367,3.7389
4368,3.4325
4369,3.4637
4370,3.6179
4371,3.7065
4372,3.5306
4373,3.4701
4374,3.6883
4375,3.5144
4376,3.5615
4377,3.4068
4378,3.5965
4379,3.3965
4380,3.4888
4381,3.4526
4382,3.4627
4383,2.6709
4384,3.5246
4385,3.5403
4386,3.3914
4387,3.3590
4388,3.3736
4389,3.4256
4390,3.9484
4391,3.2878
4392,3.3926
4393,3.3598
4394,3.3741
4395,3.2140
4396,3.3746
4397,3.5044
4398,3.7100
4399,3.4758
4400,3.5969
4401,3.4779
4402,4.6983
4403,5.4125
4404,3.6596
4405,3.6109
4406,4.0730
4407,3.4428
4408,3.8425
4409,3.4652
4410,4.0660
4411,3.4839
4412,3.4538
4413,4.5202
4414,3.5918
4415,4.3464
4416,3.4335
4417,3.7798
4418,3.7389
4419,3.3938
4420,3.6725
4421,3.4336
4422,3.6577
4423,3.3989
4424,3.3996
4425,4.1144
4426,3.3237
4427,3.6832
4428,3.7644
4429,3.3270
4430,3.6868
4431,3.3801
4432,3.5706
4433,3.6918
4434,3.4045
4435,3.7180
4436,3.3419
4437,3.7608
4438,3.2999
4439,3.2732
4440,3.3781
4441,3.8800
4442,3.7551
4443,3.7270
4444,3.4234
4445,3.5234
4446,3.3746
4447,3.3115
4448,3.3355
4449,3.3284
4450,3.4807
4451,3.2856
4452,3.3477
4453,3.3629
4454,3.3855
4455,3.6102
4456,3.2077
4457,4.0619
4458,4.5709
4459,3.3741
4460,3.9830
4461,3.4400
4462,5.0352
4463,3.6743
4464,4.1485
4465,3.7295
4466,3.8988
4467,3.8486
4468,3.7102
4469,3.4727
4470,3.6551
4471,3.6231
4472,3.4978
4473,3.4559
4474,3.6712
4475,3.6675
4476,3.8277
4477,3.3195
4478,3.3260
4479,3.5228
4480,3.6180
4481,3.7971
4482,3.3915
4483,3.9991
4484,3.3952
4485,3.8221
4486,3.4195
4487,3.3260
4488,3.8410
4489,3.7010
4490,3.8050
4491,3.3783
4492,3.4624
4493,3.5727
4494,3.6579
4495,3.5061
4496,3.5808
4497,3.5234
4498,3.3273
4499,3.3605
4500,3.5993
4501,3.3822
4502,3.4346
4503,3.8969
4504,3.5256
4505,3.8234
4506,5.0540
4507,3.4723
4508,3.9153
4509,3.5414
4510,3.6546
4511,3.5822
4512,3.5755
4513,3.6972
4514,3.7236
4515,4.1401
4516,3.5642
4517,3.9489
4518,4.3261
4519,4.0034
4520,4.7055
4521,3.9858
4522,5.0435
4523,4.7689
4524,3.7848
4525,4.4549
4526,3.8714
4527,5.6603
4528,4.6812
4529,4.5525
4530,5.1762
4531,5.1289
4532,5.3871
4533,4.2330
4534,4.1621
4535,4.1659
4536,3.5665
4537,4.5424
4538,4.6348
4539,3.5934
4540,4.3770
4541,3.5757
4542,3.9561
4543,3.9344
4544,3.4441
4545,3.7595
4546,3.5143
4547,3.8461
4548,3.8536
4549,3.4514
4550,3.7951
4551,3.7246
4552,3.6620
4553,3.7474
4554,3.3904
4555,3.8526
4556,3.3824
4557,3.4261
4558,3.7059
4559,3.5873
4560,3.8242
4561,3.5025
4562,3.6414
4563,3.6001
4564,3.4485
4565,3.7980
4566,3.4944
4567,3.7280
4568,3.3936
4569,3.6894
4570,3.6039
4571,3.5919
4572,4.0812
4573,3.5037
4574,3.3123
4575,3.3378
4576,3.5693
4577,3.7234
4578,3.4965
4579,3.6409
4580,4.0080
4581,4.8804
4582,4.1493
4583,3.6700
4584,4.2259
4585,4.6130
4586,3.7487
4587,4.6708
4588,3.5641
4589,4.7556
4590,4.0502
4591,3.8275
4592,5.1823
4593,3.8479
4594,3.1260
4595,3.5671
4596,3.5075
4597,3.7087
4598,3.4212
4599,3.6360
4600,3.3264
4601,3.7138
4602,3.3635
4603,3.3944
4604,3.3119
4605,3.3228
4606,3.3934
4607,3.3618
4608,3.4252
4609,4.3191
4610,3.6032
4611,3.4648
4612,3.4942
4613,3.9240
4614,3.4096
4615,4.0583
4616,3.3426
4617,3.5836
4618,4.9132
4619,3.3452
4620,3.8034
4621,3.3358
4622,3.8137
4623,3.9764
4624,3.4211
4625,3.8517
4626,3.5488
4627,3.4687
4628,3.8449
4629,3.4587
4630,3.9208
4631,3.3611
4632,4.1295
4633,4.2875
4634,3.5036
4635,3.7054
4636,3.4644
4637,3.6357
4638,3.8469
4639,3.6045
4640,4.7740
4641,3.8636
4642,4.4907
4643,3.8217
4644,3.7359
4645,3.7213
4646,3.5486
4647,4.6261
4648,3.8482
4649,4.5236
4650,3.7396
4651,3.8879
4652,4.0353
4653,2.9029
4654,3.5054
4655,4.5996
4656,3.4154
4657,3.5356
4658,3.4333
4659,3.5131
4660,5.1723
4661,3.9928
4662,3.3752
4663,3.5461
4664,3.7538
4665,3.8470
4666,3.4704
4667,3.4022
4668,3.5356
4669,3.8578
4670,3.7162
4671,3.4122
4672,4.5073
4673,3.8937
4674,3.5214
4675,3.6512
4676,3.5166
4677,3.9798
4678,3.5343
4679,3.5332
4680,3.5351
4681,3.8926
4682,3.6181
4683,3.5997
4684,3.4936
4685,2.6238
4686,3.5938
4687,3.5046
4688,3.8586
4689,3.2902
4690,4.4503
4691,3.3513
4692,3.7889
4693,3.8524
4694,3.5800
4695,3.6432
4696,3.4088
4697,3.8338
4698,4.3210
4699,3.4829
4700,5.3233
4701,4.0522
4702,5.1487
4703,6.1133
4704,3.7938
4705,4.7753
4706,3.7156
4707,5.0550
4708,5.7210
4709,4.4450
4710,10.1908
4711,3.8687
4712,4.1981
4713,4.2608
4714,3.8363
4715,4.1122
4716,3.8168
4717,3.8602
4718,4.0886
4719,3.7588
4720,5.3707
4721,3.3359
4722,3.6599
4723,3.7343
4724,3.4606
4725,3.7602
4726,3.4557
4727,3.8446
4728,3.4154
4729,3.6225
4730,3.6595
4731,3.3971
4732,3.7601
4733,3.3761
4734,3.5926
4735,3.5729
4736,3.4088
4737,3.5190
4738,3.3727
4739,3.4734
4740,3.4125
4741,5.0773
4742,3.4776
4743,3.5330
4744,3.7798
4745,3.7451
4746,3.3521
4747,3.4882
4748,3.4474
4749,3.4392
4750,3.6000
4751,3.4275
4752,3.5780
4753,3.3292
4754,3.4920
4755,3.3423
4756,3.5673
4757,3.3939
4758,3.3682
4759,3.3664
4760,3.3819
4761,3.8513
4762,3.4389
4763,3.4966
4764,3.5156
4765,5.0954
4766,3.5535
4767,3.5204
4768,3.8236
4769,4.4416
4770,3.7639
4771,3.6998
4772,3.5860
4773,4.0283
4774,3.5972
4775,4.8188
4776,3.5833
4777,3.4059
4778,3.5961
4779,3.4538
4780,3.8563
4781,3.5387
4782,3.7806
4783,4.1177
4784,3.2970
4785,3.6863
4786,3.4318
4787,3.9640
4788,3.7659
4789,3.6222
4790,3.8150
4791,3.4368
4792,4.0450
4793,3.9134
4794,3.3771
4795,3.8000
4796,3.6156
4797,3.5611
4798,3.6871
4799,3.8428
4800,3.7907
4801,3.4939
4802,3.7692
4803,3.7094
4804,3.6611
4805,3.8140
4806,3.4697
4807,3.6230
4808,3.9604
4809,3.4200
4810,3.6958
4811,3.7128
4812,3.5863
4813,3.8315
4814,3.4810
4815,3.8561
4816,3.4598
4817,3.7437
4818,3.7360
4819,5.4793
4820,4.7514
4821,3.6160
4822,3.7331
4823,4.0424
4824,3.8349
4825,5.2421
4826,3.6091
4827,4.1683
4828,4.6982
4829,3.4279
4830,3.9356
4831,3.8019
4832,5.0135
4833,4.2959
4834,3.4795
4835,3.8614
4836,3.7743
4837,3.3009
4838,3.5107
4839,3.3387
4840,3.5030
4841,3.3295
4842,3.5189
4843,3.3867
4844,3.4775
4845,3.4617
4846,3.3788
4847,3.4441
4848,3.4116
4849,3.3910
4850,3.3459
4851,3.5002
4852,3.7396
4853,3.5246
4854,3.5508
4855,4.0221
4856,3.7864
4857,3.7624
4858,3.6968
4859,3.4575
4860,4.3246
4861,4.3570
4862,3.5298
4863,4.2438
4864,3.3985
4865,4.6797
4866,3.4169
4867,3.7229
4868,3.0735
4869,4.1783
4870,4.2066
4871,3.4489
4872,3.4815
4873,3.4502
4874,3.2410
4875,3.4337
4876,3.4464
4877,3.4233
4878,3.4551
4879,3.5068
4880,3.5720
4881,3.3035
4882,3.4161
4883,3.5239
4884,3.7536
4885,3.4149
4886,3.4167
4887,3.4714
4888,3.3486
4889,3.3747
4890,3.4130
4891,3.5599
4892,3.3123
4893,3.5965
4894,3.3423
4895,3.5985
4896,3.4184
4897,3.4403
4898,3.6894
4899,3.5368
4900,3.7979
4901,3.4507
4902,3.3298
4903,4.0353
4904,3.3928
4905,3.7742
4906,3.4049
4907,3.3744
4908,3.6877
4909,3.5004
4910,4.1068
4911,3.5365
4912,3.5357
4913,4.7930
4914,3.9472
4915,4.8328
4916,3.6753
4917,4.5931
4918,4.3237
4919,3.5126
4920,4.2262
4921,3.4964
4922,3.3832
4923,4.4939
4924,3.4951
4925,4.4150
4926,3.1470
4927,3.5790
4928,4.1288
4929,3.3905
4930,4.5364
4931,3.4786
4932,3.7610
4933,3.5695
4934,3.3452
4935,3.6237
4936,3.3023
4937,3.5010
4938,3.4448
4939,3.4090
4940,3.5566
4941,3.3557
4942,3.2972
4943,3.4245
4944,3.3397
4945,3.4828
4946,3.3578
4947,3.4916
4948,3.6254
4949,3.5071
4950,3.4053
4951,3.4736
4952,3.3835
4953,3.5658
4954,4.1339
4955,4.5072
4956,3.4000
4957,3.6424
4958,3.4430
4959,3.4362
4960,3.4488
4961,3.4796
4962,3.5565
4963,3.4254
4964,3.8297
4965,3.4012
4966,3.3694
4967,3.4607
4968,3.3722
4969,3.4531
4970,3.6511
4971,3.6331
4972,3.5972
4973,4.5413
4974,4.4219
4975,3.7118
4976,3.6098
4977,3.7514
4978,4.5577
4979,3.5792
4980,5.2023
4981,3.4562
4982,3.5522
4983,3.6925
4984,3.6261
4985,3.5802
4986,3.6174
4987,2.9946
4988,3.3943
4989,3.5525
4990,3.5653
4991,3.4620
4992,3.4848
4993,3.5452
4994,3.5338
4995,3.4352
4996,3.9416
4997,3.4923
4998,3.5393
4999,3.6347
5000,3.7252
5001,3.2754
5002,3.3739
5003,3.5660
5004,3.4073
5005,4.1670
5006,3.3407
5007,3.8922
5008,3.4511
5009,3.2679
5010,3.5865
5011,3.3887
5012,4.2775
5013,3.3154
5014,3.5680
5015,3.4810
5016,3.3394
5017,3.7014
5018,3.4504
5019,3.2895
5020,3.4949
5021,3.3930
5022,3.3315
5023,3.4720
5024,3.4402
5025,3.3715
5026,3.4729
5027,3.4356
5028,3.4262
5029,3.3635
5030,3.4279
5031,3.4377
5032,3.4377
5033,3.5508
5034,3.7091
5035,3.9503
5036,4.9385
5037,3.4435
5038,3.3578
5039,3.5317
5040,3.5483
5041,3.5554
5042,3.6987
5043,3.6679
5044,3.4637
5045,3.6017
5046,3.8486
5047,3.5952
5048,3.1612
5049,3.4437
5050,3.8537
5051,3.4674
5052,3.4277
5053,3.7394
5054,3.4393
5055,3.9219
5056,3.4347
5057,3.7592
5058,3.7127
5059,3.5441
5060,3.8959
5061,3.6197
5062,4.0385
5063,3.6345
5064,3.3723
5065,3.6724
5066,3.3641
5067,3.6425
5068,3.4388
5069,3.3638
5070,3.8275
5071,3.4549
5072,4.1149
5073,3.5380
5074,3.4029
5075,3.4207
5076,3.6050
5077,3.4428
5078,3.3713
5079,3.3833
5080,3.3854
5081,3.4216
5082,3.3067
5083,3.5129
5084,3.3725
5085,3.4106
5086,3.3819
5087,3.3779
5088,3.3932
5089,3.3780
5090,3.3385
5091,3.4967
5092,3.6076
5093,3.4226
5094,3.7624
5095,4.5989
5096,4.5976
5097,3.5795
5098,4.2311
5099,4.4034
5100,3.7099
5101,3.5977
5102,3.5412
5103,4.4290
5104,3.4792
5105,4.0623
5106,3.5162
5107,4.0702
5108,3.9955
5109,3.4587
5110,4.6009
5111,3.5558
5112,3.6754
5113,3.6273
5114,4.0878
5115,2.9908
5116,3.5345
5117,3.2801
5118,3.4427
5119,3.5428
5120,4.0304
5121,3.3770
5122,3.7996
5123,3.7816
5124,4.1478
5125,4.2740
5126,4.7395
5127,4.4138
5128,3.5045
5129,3.4829
5130,4.3031
5131,4.1959
5132,4.0449
5133,3.5399
5134,4.1800
5135,3.6789
5136,3.5336
5137,3.5674
5138,4.1010
5139,3.4053
5140,3.5457
5141,3.5320
5142,3.4745
5143,3.3464
5144,3.5311
5145,3.4091
5146,3.4045
5147,3.8275
5148,4.8510
5149,3.3584
5150,3.3567
5151,3.3236
5152,3.6899
5153,4.5772
5154,4.3906
5155,3.5623
5156,3.5546
5157,4.5336
5158,4.3160
5159,3.5539
5160,3.6891
5161,3.4276
5162,4.4326
5163,4.2635
5164,3.5213
5165,3.9673
5166,3.6378
5167,3.8269
5168,4.0922
5169,3.1174
5170,3.7193
5171,3.5512
5172,4.2807
5173,3.8567
5174,3.5823
5175,3.7520
5176,3.3510
5177,3.6514
5178,3.7329
5179,3.5077
5180,3.4256
5181,3.4287
5182,3.4304
5183,3.3572
5184,3.4839
5185,3.6770
5186,3.4074
5187,3.3978
5188,3.5712
5189,3.8973
5190,3.6475
5191,4.3526
5192,3.7258
5193,3.5764
5194,4.3488
5195,3.7822
5196,3.4596
5197,3.5607
5198,3.4707
5199,4.0746
5200,4.3402
5201,3.5922
5202,3.1868
5203,3.8505
5204,3.6329
5205,3.7053
5206,3.4292
5207,3.6816
5208,3.7826
5209,3.4260
5210,3.8329
5211,3.5019
5212,3.7177
5213,3.7002
5214,3.5279
5215,3.7293
5216,3.3748
5217,3.4528
5218,4.3213
5219,3.6030
5220,4.8776
5221,3.7158
5222,6.4456
5223,4.0097
5224,3.4539
5225,3.7822
5226,3.5492
5227,3.9128
5228,4.1034
5229,3.5547
5230,4.6278
5231,3.4711
5232,4.0365
5233,3.5680
5234,3.8249
5235,3.5378
5236,4.3001
5237,3.4629
5238,3.4306
5239,3.3531
5240,3.3346
5241,3.3991
5242,3.3413
5243,3.3806
5244,3.6133
5245,3.5197
5246,3.6064
5247,3.8063
5248,3.7963
5249,3.3967
5250,3.9919
5251,3.4485
5252,4.3497
5253,4.1053
5254,3.4019
5255,3.4995
5256,3.4112
5257,3.4195
5258,3.3253
5259,3.3478
5260,3.6255
5261,3.4398
5262,3.3166
5263,3.4599
5264,3.3823
5265,3.2732
5266,3.3536
5267,3.4232
5268,3.3209
5269,3.3705
5270,3.3372
5271,3.4209
5272,3.3330
5273,3.4289
5274,3.4484
5275,3.5829
5276,4.0779
5277,3.4574
5278,3.5842
5279,3.7776
5280,4.8934
5281,3.9869
5282,3.6031
5283,3.9508
5284,4.0440
5285,4.1631
5286,3.6459
5287,4.1440
5288,4.6212
5289,3.6064
5290,4.5974
5291,3.4859
5292,3.9505
5293,3.4201
5294,3.7825
5295,4.7284
5296,4.9860
5297,3.5346
5298,3.6541
5299,3.7749
5300,4.0726
5301,3.5082
5302,3.5942
5303,3.3740
5304,3.4748
5305,3.6700
5306,3.5836
5307,13.0024
5308,5.8373
5309,3.5706
5310,3.7668
5311,3.8755
5312,5.5485
5313,3.7019
5314,3.7472
5315,4.0901
5316,3.7154
5317,3.8596
5318,3.1662
5319,3.7358
5320,3.7283
5321,3.6043
5322,3.7574
5323,3.7793
5324,3.4301
5325,3.4519
5326,3.6499
5327,3.3426
5328,3.4772
5329,3.4561
5330,3.3922
5331,3.4162
5332,3.4704
5333,3.4939
5334,3.3954
5335,3.4735
5336,3.4678
5337,3.5358
5338,3.6481
5339,3.5447
5340,3.3818
5341,3.6518
5342,4.6858
5343,4.5665
5344,3.6953
5345,4.4984
5346,3.4661
5347,3.5329
5348,3.5216
5349,3.6849
5350,3.4493
5351,3.4604
5352,3.4837
5353,4.3188
5354,3.8212
5355,3.8625
5356,3.5049
5357,3.5983
5358,3.3589
5359,3.4158
5360,3.3725
5361,3.3780
5362,3.4202
5363,3.4180
5364,3.4734
5365,3.3639
5366,3.3865
5367,3.4091
5368,3.3543
5369,3.5439
5370,3.5279
5371,3.4247
5372,3.4391
5373,3.6731
5374,3.3417
5375,3.6962
5376,4.7957
5377,3.5997
5378,3.9278
5379,3.6204
5380,3.7373
5381,3.3407
5382,3.7600
5383,3.6978
5384,3.3485
5385,3.7977
5386,3.4544
5387,3.6086
5388,3.5021
5389,3.4236
5390,3.5365
5391,3.3896
5392,3.6874
5393,3.4702
5394,3.7612
5395,3.6623
5396,3.3937
5397,3.7894
5398,3.4106
5399,3.5812
5400,3.4633
5401,3.5490
5402,3.9100
5403,3.5304
5404,3.4574
5405,4.0946
5406,3.4164
5407,4.2066
5408,4.1598
5409,3.4439
5410,3.6201
5411,3.7293
5412,3.4881
5413,3.7559
5414,3.7122
5415,3.1735
5416,4.5366
5417,3.6305
5418,3.5849
5419,3.3863
5420,3.5326
5421,3.3501
5422,3.3799
5423,3.3867
5424,3.3413
5425,3.3529
5426,3.3654
5427,3.9389
5428,3.3300
5429,3.3562
5430,3.3833
5431,3.3650
5432,3.3562
5433,3.3819
5434,3.5755
5435,3.2631
5436,3.8296
5437,3.3974
5438,3.4636
5439,3.5484
5440,3.4154
5441,3.3797
5442,3.4196
5443,3.7177
5444,3.4806
5445,3.6960
5446,3.5758
5447,3.3228
5448,3.6195
5449,3.3931
5450,3.7429
5451,3.3202
5452,3.3451
5453,3.6356
5454,3.4774
5455,3.4524
5456,4.1450
5457,3.3100
5458,3.8520
5459,3.7448
5460,4.1600
5461,3.8231
5462,4.5668
5463,3.8152
5464,3.4585
5465,4.1411
5466,4.2961
5467,3.6106
5468,3.5237
5469,6.5344
5470,3.4826
5471,3.5169
5472,3.4339
5473,3.9031
5474,3.4514
5475,4.1088
5476,3.5645
5477,3.6240
5478,3.7886
5479,4.2801
5480,4.0200
5481,3.7414
5482,3.3598
5483,5.6455
5484,3.3584
5485,3.9379
5486,3.4184
5487,3.7589
5488,4.0347
5489,3.4167
5490,3.7897
5491,3.6578
5492,4.1817
5493,3.6308
5494,3.3857
5495,3.5603
5496,3.3799
5497,3.7470
5498,3.3658
5499,3.4436
5500,3.5453
5501,3.3205
5502,3.4376
5503,3.3973
5504,3.5019
5505,3.3682
5506,3.4783
5507,3.5890
5508,3.4137
5509,3.3254
5510,3.2963
5511,3.3878
5512,3.3291
5513,3.4252
5514,3.4670
5515,3.4591
5516,3.4334
5517,3.5075
5518,3.3813
5519,3.0621
5520,4.2351
5521,3.6560
5522,3.4995
5523,3.9650
5524,4.3959
5525,4.2039
5526,3.4117
5527,3.5528
5528,3.6025
5529,3.5637
5530,3.5755
5531,3.5020
5532,3.5658
5533,3.5854
5534,3.6169
5535,3.5545
5536,3.1589
5537,3.4528
5538,3.7254
5539,3.8286
5540,3.7374
5541,3.7216
5542,3.5087
5543,3.8054
5544,3.4488
5545,3.9757
5546,3.4235
5547,3.6800
5548,4.0204
5549,3.4368
5550,3.6973
5551,3.3930
5552,3.9584
5553,3.7467
5554,3.3785
5555,4.1368
5556,3.4667
5557,3.8008
5558,3.6900
5559,3.4183
5560,3.7878
5561,3.6238
5562,3.7091
5563,3.5479
5564,3.3962
5565,3.4341
5566,3.4029
5567,3.4454
5568,3.3896
5569,3.4495
5570,4.2023
5571,3.5915
5572,3.7039
5573,3.3986
5574,3.4219
5575,3.2834
5576,3.5179
5577,3.8463
5578,4.5491
5579,3.4263
5580,3.6675
5581,4.6527
5582,3.6554
5583,3.8608
5584,3.5827
5585,4.3299
5586,3.5433
5587,3.8492
5588,3.5651
5589,3.5587
5590,3.8567
5591,3.4661
5592,3.4983
5593,3.7403
5594,2.7627
5595,3.9340
5596,3.5604
5597,4.1100
5598,3.9526
5599,3.3547
5600,3.8624
5601,3.4205
5602,3.3754
5603,4.5839
5604,3.2791
5605,3.9320
5606,3.3510
5607,3.8106
5608,3.9896
5609,3.4393
5610,4.1009
5611,3.4241
5612,3.4649
5613,4.9061
5614,5.2116
5615,4.1601
5616,3.4018
5617,4.4641
5618,4.5520
5619,4.7477
5620,4.8694
5621,3.6175
5622,3.6801
5623,4.4745
5624,3.6531
5625,4.7192
5626,3.2023
5627,4.5471
5628,3.5965
5629,3.5139
5630,3.8091
5631,3.3738
5632,3.6853
5633,3.4004
5634,3.3997
5635,3.9557
5636,3.4146
5637,3.8682
5638,3.5570
5639,3.3501
5640,3.6473
5641,3.6591
5642,3.5952
5643,3.3760
5644,3.6754
5645,3.5285
5646,4.1861
5647,3.5042
5648,4.1684
5649,3.4714
5650,3.4337
5651,3.9586
5652,3.5256
5653,3.6898
5654,3.7058
5655,3.9018
5656,3.6425
5657,3.9114
5658,3.9822
5659,3.5601
5660,4.6255
5661,3.5131
5662,3.6250
5663,3.9530
5664,3.3757
5665,3.9084
5666,3.4029
5667,4.1074
5668,3.7511
5669,3.4361
5670,3.8394
5671,3.4697
5672,3.9552
5673,3.5431
5674,3.4197
5675,3.5912
5676,3.3489
5677,3.6329
5678,3.4034
5679,3.4098
5680,3.7377
5681,3.3879
5682,3.7009
5683,3.6742
5684,3.4417
5685,3.7316
5686,3.4028
5687,3.5556
5688,3.3675
5689,3.7825
5690,3.3847
5691,3.4569
5692,3.3032
5693,3.3945
5694,3.3874
5695,3.4908
5696,3.5890
5697,3.3378
5698,3.3843
5699,3.7562
5700,3.3653
5701,3.7538
5702,3.7297
5703,3.8680
5704,3.7492
5705,4.3779
5706,4.3446
5707,4.5621
5708,4.4824
5709,4.1390
5710,3.9921
5711,3.4187
5712,4.6853
5713,4.2788
5714,3.4620
5715,4.3427
5716,3.5397
5717,4.6119
5718,4.6298
5719,3.5247
5720,3.9751
5721,4.1721
5722,4.0241
5723,3.9488
5724,3.4492
5725,3.3500
5726,3.4261
5727,3.4012
5728,3.8358
5729,3.3861
5730,3.7718
5731,3.6605
5732,3.3538
5733,3.5883
5734,3.3559
5735,3.7726
5736,3.4339
5737,3.9936
5738,3.7447
5739,3.4308
5740,3.8219
5741,3.3770
5742,3.7842
5743,3.6096
5744,3.4309
5745,3.5681
5746,3.4278
5747,3.6456
5748,3.3688
5749,3.4423
5750,3.3785
5751,3.4998
5752,3.4198
5753,3.3891
5754,3.3496
5755,3.4993
5756,3.4327
5757,3.3968
5758,3.4649
5759,3.6716
5760,3.6168
5761,3.7231
5762,3.8987
5763,3.6850
5764,3.3546
5765,3.5417
5766,3.5065
5767,3.5933
5768,3.6637
5769,4.3912
5770,3.5620
5771,3.3991
5772,3.5281
5773,4.6311
5774,4.1338
5775,4.1450
5776,4.7366
5777,3.8589
5778,5.3697
5779,5.3703
5780,4.7293
5781,3.5150
5782,3.7267
5783,4.0514
5784,3.2579
5785,3.9455
5786,3.3882
5787,3.9233
5788,3.7525
5789,3.4099
5790,3.5408
5791,3.3709
5792,4.1115
5793,3.3862
5794,3.3170
5795,3.9474
5796,3.3284
5797,4.3755
5798,3.5517
5799,3.4104
5800,3.2989
5801,3.3079
5802,3.2804
5803,3.3932
5804,3.3286
5805,3.2980
5806,3.3277
5807,3.3909
5808,3.3556
5809,3.2617
5810,3.2788
5811,3.5894
5812,3.3569
5813,3.2957
5814,3.3142
5815,3.3162
5816,3.4026
5817,3.2856
5818,3.6436
5819,3.4618
5820,3.4227
5821,3.5094
5822,3.1918
5823,3.5264
5824,3.3105
5825,4.1207
5826,4.2796
5827,4.2011
5828,4.4345
5829,3.4079
5830,4.4804
5831,4.2614
5832,4.6129
5833,4.5276
5834,3.4343
5835,4.0490
5836,3.4738
5837,4.1543
5838,4.1761
5839,3.7080
5840,3.5197
5841,3.4446
5842,3.4767
5843,3.3590
5844,3.5165
5845,3.4370
5846,3.4959
5847,3.4747
5848,3.5792
5849,3.3768
5850,3.9055
5851,3.3514
5852,3.3471
5853,4.2277
5854,3.2945
5855,3.7980
5856,3.3694
5857,3.6927
5858,3.7161
5859,3.7140
5860,3.7724
5861,3.4557
5862,3.6904
5863,3.6753
5864,3.3840
5865,4.1420
5866,3.4702
5867,3.6389
5868,3.8310
5869,3.4235
5870,3.8167
5871,3.4322
5872,3.8080
5873,3.7787
5874,3.3588
5875,4.5282
5876,3.2667
5877,3.9389
5878,3.9055
5879,3.4518
5880,3.9209
5881,3.3652
5882,3.6986
5883,3.7771
5884,3.5051
5885,3.7049
5886,3.4323
5887,4.6152
5888,4.4479
5889,3.4605
5890,3.7358
5891,3.8959
5892,4.2781
5893,3.8774
5894,3.3255
5895,3.9550
5896,4.3536
5897,4.3667
5898,4.4079
5899,4.4702
5900,3.8254
5901,3.8135
5902,3.5282
5903,3.6949
5904,3.6195
5905,3.6222
5906,3.8044
5907,4.1575
5908,3.4960
5909,3.4743
5910,3.3735
5911,3.5399
5912,3.4146
5913,3.4811
5914,3.5425
5915,3.4286
5916,3.4824
5917,3.4280
5918,3.4789
5919,3.7257
5920,3.5901
5921,3.1291
5922,3.6231
5923,3.7307
5924,3.5180
5925,3.4485
5926,3.4172
5927,3.5009
5928,3.3943
5929,4.3268
5930,3.4831
5931,3.3370
5932,3.5778
5933,3.5883
5934,3.5395
5935,3.6282
5936,3.4022
5937,3.5698
5938,3.4142
5939,3.9529
5940,3.5572
5941,3.3549
5942,3.5000
5943,3.3831
5944,3.3768
5945,3.3899
5946,3.3970
5947,3.5443
5948,3.5970
5949,3.5391
5950,3.6557
5951,3.6236
5952,3.8819
5953,3.7795
5954,4.1843
5955,5.2762
5956,3.5219
5957,4.1941
5958,3.4637
5959,4.4050
5960,4.2777
5961,3.6374
5962,3.6092
5963,3.5075
5964,3.4767
5965,3.0266
5966,3.5233
5967,3.4688
5968,3.2853
5969,3.2370
5970,3.2835
5971,3.7294
5972,3.2836
5973,3.4000
5974,3.2880
5975,3.3146
5976,3.4392
5977,3.3557
5978,3.5614
5979,3.2598
5980,3.7679
5981,3.7473
5982,3.3516
5983,3.6441
5984,4.8064
5985,3.5880
5986,4.0933
5987,3.6702
5988,3.5005
5989,3.4627
5990,3.5360
5991,3.5429
5992,3.4762
5993,3.4172
5994,3.6418
5995,3.6425
5996,3.5469
5997,3.7601
5998,4.1579
5999,3.5493
6000,4.0911
6001,3.5728
6002,3.4653
6003,3.5507
6004,3.3731
6005,3.9554
6006,3.4163
6007,3.9695
6008,4.0323
6009,3.5730
6010,3.8190
6011,3.3744
6012,3.7693
6013,3.5897
6014,3.4683
6015,4.0608
6016,3.3464
6017,3.7830
6018,3.3493
6019,3.3879
6020,4.6810
6021,3.4261
6022,3.7329
6023,3.4604
6024,3.3335
6025,3.7044
6026,3.2771
6027,3.8582
6028,3.3170
6029,3.2514
6030,3.7731
6031,3.6598
6032,3.7850
6033,3.3905
6034,3.4286
6035,3.7363
6036,3.4140
6037,3.5470
6038,3.5702
6039,3.5173
6040,3.5478
6041,3.6802
6042,4.1283
6043,3.9562
6044,3.5499
6045,3.4958
6046,3.5459
6047,3.8699
6048,4.3559
6049,4.2278
6050,3.5022
6051,3.4061
6052,3.5023
6053,3.6140
6054,3.4832
6055,3.1427
6056,3.4828
6057,3.5384
6058,3.6322
6059,3.3715
6060,3.3245
6061,3.3367
6062,3.3605
6063,3.6568
6064,3.3585
6065,3.3615
6066,3.3210
6067,3.4000
6068,3.3415
6069,3.4472
6070,3.4378
6071,3.2955
6072,3.4419
6073,3.5167
6074,3.4032
6075,3.9062
6076,3.4329
6077,3.9549
6078,3.5608
6079,3.8529
6080,3.9328
6081,3.5473
6082,3.7599
6083,3.4424
6084,3.4014
6085,3.4833
6086,4.6528
6087,3.8923
6088,3.3837
6089,4.5439
6090,3.4177
6091,3.4302
6092,3.4322
6093,3.3930
6094,3.4911
6095,3.6767
6096,3.4818
6097,3.3465
6098,3.5740
6099,3.5663
6100,3.5823
6101,3.4418
6102,3.5675
6103,3.8125
6104,4.3450
6105,3.4891
6106,4.2385
6107,3.6036
6108,3.5126
6109,3.5009
6110,4.1772
6111,3.9446
6112,3.4857
6113,3.6652
6114,3.6094
6115,4.0707
6116,3.8318
6117,3.5011
6118,3.7445
6119,3.6113
6120,3.7080
6121,3.5894
6122,3.4407
6123,3.6820
6124,3.3652
6125,3.4824
6126,3.3951
6127,3.8621
6128,3.9787
6129,3.2999
6130,3.5990
6131,3.4462
6132,3.4182
6133,3.9907
6134,3.3367
6135,3.6094
6136,3.4263
6137,3.8947
6138,3.9288
6139,3.3905
6140,4.1899
6141,3.4058
6142,3.6516
6143,4.6272
6144,3.4656
6145,3.7263
6146,3.3781
6147,3.5722
6148,3.4840
6149,3.3629
6150,3.6330
6151,3.5094
6152,3.6399
6153,3.3885
6154,3.2689
6155,3.3492
6156,3.4023
6157,3.3357
6158,3.5113
6159,5.9800
6160,4.4781
6161,4.2376
6162,3.9085
6163,3.6218
6164,4.0922
6165,4.7191
6166,4.1142
6167,3.4935
6168,3.5147
6169,3.4703
6170,3.5257
6171,3.5929
6172,3.5904
6173,3.4719
6174,3.7622
6175,5.4071
6176,4.1268
6177,2.8122
6178,4.0318
6179,3.4530
6180,3.5563
6181,3.3522
6182,3.3550
6183,3.6967
6184,3.3141
6185,4.1733
6186,3.2676
6187,3.4919
6188,4.0861
6189,3.3879
6190,4.0675
6191,3.8030
6192,4.0333
6193,4.6494
6194,3.3649
6195,4.1273
6196,3.4684
6197,4.5334
6198,3.6661
6199,3.5101
6200,4.0835
6201,3.5464
6202,3.6185
6203,3.7026
6204,3.5508
6205,3.6897
6206,3.5585
6207,3.9350
6208,3.7027
6209,2.6218
6210,3.5656
6211,4.1272
6212,3.7760
6213,3.7053
6214,3.5946
6215,3.8213
6216,3.3467
6217,3.6902
6218,3.5168
6219,3.3336
6220,3.5437
6221,3.6102
6222,4.4999
6223,4.0935
6224,3.6426
6225,3.5351
6226,3.3633
6227,3.4786
6228,4.7688
6229,4.2319
6230,3.5606
6231,3.5657
6232,3.6129
6233,4.2080
6234,3.4523
6235,3.5520
6236,3.6337
6237,3.6036
6238,3.5453
6239,3.7959
6240,3.6394
6241,3.4394
6242,3.7253
6243,3.5921
6244,3.7135
6245,3.5496
6246,3.4198
6247,3.5930
6248,3.3942
6249,3.3831
6250,3.4720
6251,3.4277
6252,3.5926
6253,3.4833
6254,3.4351
6255,3.5837
6256,3.3434
6257,3.3888
6258,3.3036
6259,3.5040
6260,3.3911
6261,3.4462
6262,3.3227
6263,3.6791
6264,3.4161
6265,3.8277
6266,3.5776
6267,3.8343
6268,3.8251
6269,3.4401
6270,3.7302
6271,3.6245
6272,3.7707
6273,3.6335
6274,3.3451
6275,3.6333
6276,3.4227
6277,3.8018
6278,3.3801
6279,3.3596
6280,3.3397
6281,3.4229
6282,3.3607
6283,3.3804
6284,3.6177
6285,3.3797
6286,3.6166
6287,4.7525
6288,3.8992
6289,3.5457
6290,3.7075
6291,3.5384
6292,3.4534
6293,3.3870
6294,3.5627
6295,3.6183
6296,3.4823
6297,3.5807
6298,4.2061
6299,3.3988
6300,3.1588
6301,3.5770
6302,3.4792
6303,3.6427
6304,3.3868
6305,3.3469
6306,3.4674
6307,3.3894
6308,3.3805
6309,3.3269
6310,3.3021
6311,3.4074
6312,3.3715
6313,3.2789
6314,3.6435
6315,3.3031
6316,4.2793
6317,3.5166
6318,3.9806
6319,4.9234
6320,4.3580
6321,4.5366
6322,3.6731
6323,4.8228
6324,3.5308
6325,4.4958
6326,3.5214
6327,3.3844
6328,3.9457
6329,4.1321
6330,4.0682
6331,3.3768
6332,3.9176
6333,4.1068
6334,4.5355
6335,4.3792
6336,3.4077
6337,3.7664
6338,3.7149
6339,3.3715
6340,3.8617
6341,3.8502
6342,3.9240
6343,3.6700
6344,3.4022
6345,3.6754
6346,3.3726
6347,3.7484
6348,3.2791
6349,3.4211
6350,3.8194
6351,3.7090
6352,3.7146
6353,3.3436
6354,3.8475
6355,3.6603
6356,3.2531
6357,3.7741
6358,3.6380
6359,3.2785
6360,3.3189
6361,3.8428
6362,3.3718
6363,3.2394
6364,3.2620
6365,3.4414
6366,3.2082
6367,3.6240
6368,3.7500
6369,3.6413
6370,3.6345
6371,3.2110
6372,3.6260
6373,3.6155
6374,3.2784
6375,4.0565
6376,3.5904
6377,3.3663
6378,3.8325
6379,4.2372
6380,4.6220
6381,3.5321
6382,4.4009
6383,3.8651
6384,4.2256
6385,3.6180
6386,4.1338
6387,3.8086
6388,3.5360
6389,3.4959
6390,3.4817
6391,4.1191
6392,2.6052
6393,3.3916
6394,3.5356
6395,3.2628
6396,3.2877
6397,3.5188
6398,3.3964
6399,3.6983
6400,3.5046
6401,3.3657
6402,3.6019
6403,3.4530
6404,3.6308
6405,3.5724
6406,3.3446
6407,3.6890
6408,3.4504
6409,3.4784
6410,3.3898
6411,4.4227
6412,4.5440
6413,3.4627
6414,3.6204
6415,3.8258
6416,3.6115
6417,3.4378
6418,4.4311
6419,3.3927
6420,3.8809
6421,3.5759
6422,3.3829
6423,3.6833
6424,3.2456
6425,4.5386
6426,3.8598
6427,5.0854
6428,4.4009
6429,3.3540
6430,3.7564
6431,3.7150
6432,3.8709
6433,3.7446
6434,3.3464
6435,3.5542
6436,3.3491
6437,3.6687
6438,3.5579
6439,3.3332
6440,3.8850
6441,3.3521
6442,3.7530
6443,3.3458
6444,3.3311
6445,3.5185
6446,3.4386
6447,3.7735
6448,3.3533
6449,3.2957
6450,3.2222
6451,3.4051
6452,3.3078
6453,3.3620
6454,3.4399
6455,3.3834
6456,3.2834
6457,3.4687
6458,3.3892
6459,3.3875
6460,3.2742
6461,3.2872
6462,3.6733
6463,3.6988
6464,3.3087
6465,3.2840
6466,3.4391
6467,3.8958
6468,3.3295
6469,3.3630
6470,3.6431
6471,4.5157
6472,3.4522
6473,3.3737
6474,3.6609
6475,3.5989
6476,3.4161
6477,4.0908
6478,5.4996
6479,5.2560
6480,4.3912
6481,3.7730
6482,4.2782
6483,3.5780
6484,3.4881
6485,3.5206
6486,3.5765
6487,3.6234
6488,3.3238
6489,3.4408
6490,3.2774
6491,3.2770
6492,3.9369
6493,3.3429
6494,3.3993
6495,3.6375
6496,3.4068
6497,3.3954
6498,3.5571
6499,3.5884
6500,5.0234
6501,3.3166
6502,4.0502
6503,4.5963
6504,5.6369
6505,4.7190
6506,3.5810
6507,3.9679
6508,4.8858
6509,3.5607
6510,3.6860
6511,4.0649
6512,3.8394
6513,3.6521
6514,3.5996
6515,3.7678
6516,3.7304
6517,3.8037
6518,3.4799
6519,3.4983
6520,3.3950
6521,3.2923
6522,4.4780
6523,3.4898
6524,2.9703
6525,3.2079
6526,3.3847
6527,3.6494
6528,3.4791
6529,3.3853
6530,3.2985
6531,3.3323
6532,3.3500
6533,3.3526
6534,3.2663
6535,3.3025
6536,3.3275
6537,3.3261
6538,3.3104
6539,3.3562
6540,3.3784
6541,3.4978
6542,3.5621
6543,4.0638
6544,3.2729
6545,4.1594
6546,3.3373
6547,3.2748
6548,4.6646
6549,3.2886
6550,4.1585
6551,3.2093
6552,3.2317
6553,3.5555
6554,3.3308
6555,4.0523
6556,3.3160
6557,3.7821
6558,3.9772
6559,3.8162
6560,4.3303
6561,3.4115
6562,4.4700
6563,4.3867
6564,3.4643
6565,3.7824
6566,3.4386
6567,4.0500
6568,4.3626
6569,3.4989
6570,4.4509
6571,4.0628
6572,3.9588
6573,4.4109
6574,3.5976
6575,5.0402
6576,2.6771
6577,3.9295
6578,4.5416
6579,3.2636
6580,3.5912
6581,3.3769
6582,3.6627
6583,3.4511
6584,3.4981
6585,3.6777
6586,3.3223
6587,3.4427
6588,3.4219
6589,3.7009
6590,3.3191
6591,3.5382
6592,3.4899
6593,3.3074
6594,3.3460
6595,3.3236
6596,3.3436
6597,3.6490
6598,3.3543
6599,3.2878
6600,3.3751
6601,3.3026
6602,3.3153
6603,3.4332
6604,3.3546
6605,3.4053
6606,3.4806
6607,3.3017
6608,3.3633
6609,3.3372
6610,3.2840
6611,3.4102
6612,3.2183
6613,3.4360
6614,3.2793
6615,3.3414
6616,3.3575
6617,3.5333
6618,3.5337
6619,3.4584
6620,3.9382
6621,4.4583
6622,4.1923
6623,4.5351
6624,4.8373
6625,5.4073
6626,3.3665
6627,3.7538
6628,4.5056
6629,4.3110
6630,4.0615
6631,3.7111
6632,3.4882
6633,4.0133
6634,3.0678
6635,3.8862
6636,3.6723
6637,3.4091
6638,3.9547
6639,3.4166
6640,3.4090
6641,3.2863
6642,3.7287
6643,3.9172
6644,3.2844
6645,3.7637
6646,3.3192
6647,3.7088
6648,3.6963
6649,3.5028
6650,3.8691
6651,3.4931
6652,3.7304
6653,3.9133
6654,3.7198
6655,4.1705
6656,4.9278
6657,6.9030
6658,3.9626
6659,4.1936
6660,3.8075
6661,3.5575
6662,3.7339
6663,3.4581
6664,3.4823
6665,3.8426
6666,2.8493
6667,3.6096
6668,3.7872
6669,3.3633
6670,3.9163
6671,3.3141
6672,3.3430
6673,3.2717
6674,3.3326
6675,3.3357
6676,4.3162
6677,3.5968
6678,3.4580
6679,3.4612
6680,3.4600
6681,3.4587
6682,3.3063
6683,3.6314
6684,3.3001
6685,4.2329
6686,3.5553
6687,3.3363
6688,4.0912
6689,3.4309
6690,3.6048
6691,3.3662
6692,3.2423
6693,3.3906
6694,3.5755
6695,3.4619
6696,3.2778
6697,3.6254
6698,3.6246
6699,3.4775
6700,3.6317
6701,3.2750
6702,3.5741
6703,3.4479
6704,3.3202
6705,3.8518
6706,3.3073
6707,3.6695
6708,3.7984
6709,4.2526
6710,3.7683
6711,3.4922
6712,3.8590
6713,3.9537
6714,4.1940
6715,4.4885
6716,3.4471
6717,3.6307
6718,4.0811
6719,4.2734
6720,4.4875
6721,3.4138
6722,3.5581
6723,4.1659
6724,3.6342
6725,3.2622
6726,3.4942
6727,3.7366
6728,4.2855
6729,3.4726
6730,3.7182
6731,3.2936
6732,3.6324
6733,3.5972
6734,3.6258
6735,3.5750
6736,3.3730
6737,3.6101
6738,3.5656
6739,3.4841
6740,4.3926
6741,3.3831
6742,3.3678
6743,4.7762
6744,4.6626
6745,3.8630
6746,3.4167
6747,4.5599
6748,3.6566
6749,3.6212
6750,4.2556
6751,3.6128
6752,4.1997
6753,3.8370
6754,3.4867
6755,3.6263
6756,2.8486
6757,4.2490
6758,3.9017
6759,3.7026
6760,3.6364
6761,3.3575
6762,3.2439
6763,3.6771
6764,3.2916
6765,3.6047
6766,3.4001
6767,3.2655
6768,3.6301
6769,3.3575
6770,3.4683
6771,3.3245
6772,3.4104
6773,3.2988
6774,3.2456
6775,3.3974
6776,3.3153
6777,3.3299
6778,3.3594
6779,3.3024
6780,3.3317
6781,3.3128
6782,3.4335
6783,3.5287
6784,5.0658
6785,3.4435
6786,3.3317
6787,3.5122
6788,3.3101
6789,3.6253
6790,3.3570
6791,3.3503
6792,3.6327
6793,3.3479
6794,3.4959
6795,3.5567
6796,3.4033
6797,3.4380
6798,3.3674
6799,3.6026
6800,3.8333
6801,3.3011
6802,3.4785
6803,3.4106
6804,4.8941
6805,4.2848
6806,3.8208
6807,3.5289
6808,3.4666
6809,3.6232
6810,3.7221
6811,4.2997
6812,4.5683
6813,3.5759
6814,3.4891
6815,3.4853
6816,3.4648
6817,3.4599
6818,3.6249
6819,4.0412
6820,3.3356
6821,3.3792
6822,3.3052
6823,3.3408
6824,3.5955
6825,3.2910
6826,3.3758
6827,3.3756
6828,3.4534
6829,3.5251
6830,3.6989
6831,3.6009
6832,3.6638
6833,3.3941
6834,4.3134
6835,3.9378
6836,4.1811
6837,3.4214
6838,3.3898
6839,3.5433
6840,3.6034
6841,3.5255
6842,3.4766
6843,3.5805
6844,3.7801
6845,3.7869
6846,3.5430
6847,3.9454
6848,3.9903
6849,3.4258
6850,3.4893
6851,3.2220
6852,3.5272
6853,3.3084
6854,3.3419
6855,3.5701
6856,3.3535
6857,3.4051
6858,3.4846
6859,3.3246
6860,3.7383
6861,3.2986
6862,3.6479
6863,3.4650
6864,3.4307
6865,3.7871
6866,3.3581
6867,3.6967
6868,3.3339
6869,3.3680
6870,3.6548
6871,3.3368
6872,3.7284
6873,3.4818
6874,3.3350
6875,3.5929
6876,3.3748
6877,3.4772
6878,3.3928
6879,3.7744
6880,3.6782
6881,3.3823
6882,3.6549
6883,3.3146
6884,3.3729
6885,3.7584
6886,3.3999
6887,3.5407
6888,3.3946
6889,3.3566
6890,3.4998
6891,3.4779
6892,3.9024
6893,3.3992
6894,3.5617
6895,4.1995
6896,4.5511
6897,3.6344
6898,4.6269
6899,3.7635
6900,3.6126
6901,3.4983
6902,3.5421
6903,3.4495
6904,3.7412
6905,3.6399
6906,3.3907
6907,3.4460
6908,2.4923
6909,3.3152
6910,3.4618
6911,3.5738
6912,3.2780
6913,3.3379
6914,3.3772
6915,3.2786
6916,3.5559
6917,3.3722
6918,3.3070
6919,3.4511
6920,3.3217
6921,3.2440
6922,3.3080
6923,3.5654
6924,3.6054
6925,3.8143
6926,3.5110
6927,3.7963
6928,3.8482
6929,3.3634
6930,3.7687
6931,3.5464
6932,3.8173
6933,3.5912
6934,3.3565
6935,3.6749
6936,3.4014
6937,3.8764
6938,3.6579
6939,3.4621
6940,3.6587
6941,3.3631
6942,3.6506
6943,3.7687
6944,3.4936
6945,3.5866
6946,3.3489
6947,3.8369
6948,3.8601
6949,3.3540
6950,3.6966
6951,3.5307
6952,3.7157
6953,3.7413
6954,3.5034
6955,3.7142
6956,3.8965
6957,3.6365
6958,3.4121
6959,3.7469
6960,3.7750
6961,5.3135
6962,4.4499
6963,4.9545
6964,3.6624
6965,4.1825
6966,3.5196
6967,3.7312
6968,4.6462
6969,2.7234
6970,4.1462
6971,3.3885
6972,3.7040
6973,3.6980
6974,3.4697
6975,3.8957
6976,3.9507
6977,3.5453
6978,3.5000
6979,3.3663
6980,3.8425
6981,3.3533
6982,3.6036
6983,3.3630
6984,3.6152
6985,4.2518
6986,3.6490
6987,3.8137
6988,4.3258
6989,3.9647
6990,4.5752
6991,3.6298
6992,4.4340
6993,4.0148
6994,3.5897
6995,4.6695
6996,3.7075
6997,3.6799
6998,3.3506
6999,3.4116
7000,3.5972
7001,2.9384
7002,3.3623
7003,3.3752
7004,3.2935
7005,3.3412
7006,3.2435
7007,3.9260
7008,3.4705
7009,3.3327
7010,3.5141
7011,3.3445
7012,3.4407
7013,3.3539
7014,3.3291
7015,3.3586
7016,3.3875
7017,3.5085
7018,3.3695
7019,3.4469
7020,3.6677
7021,3.4627
7022,3.5747
7023,3.7091
7024,3.4453
7025,3.4991
7026,3.5188
7027,3.5189
7028,3.4763
7029,3.6699
7030,3.6317
7031,4.0843
7032,3.4547
7033,2.9892
7034,3.4588
7035,3.4375
7036,3.3699
7037,3.3145
7038,3.3143
7039,3.6999
7040,3.4047
7041,3.6692
7042,3.3380
7043,3.3383
7044,3.3740
7045,3.5252
7046,3.6411
7047,3.4960
7048,3.5084
7049,3.4585
7050,4.0500
7051,3.4682
7052,3.4024
7053,3.5395
7054,3.3366
7055,3.8383
7056,3.4697
7057,4.6942
7058,4.2721
7059,3.7542
7060,3.6555
7061,3.4958
7062,3.5623
7063,3.4577
7064,2.7714
7065,3.6764
7066,3.5407
7067,3.5204
7068,3.2740
7069,3.4607
7070,3.2508
7071,3.5536
7072,3.3559
7073,3.2634
7074,3.4339
7075,3.2862
7076,3.4263
7077,3.4826
7078,3.3354
7079,3.3224
7080,3.4794
7081,3.3996
7082,3.3335
7083,3.5423
7084,3.2961
7085,3.9444
7086,3.3713
7087,3.6645
7088,3.6241
7089,3.3811
7090,4.0638
7091,3.3440
7092,4.0580
7093,4.0951
7094,3.4574
7095,3.7086
7096,3.3218
7097,3.8946
7098,4.0478
7099,3.3714
7100,3.9377
7101,3.3095
7102,3.5999
7103,3.9036
7104,3.2923
7105,3.7293
7106,3.5087
7107,3.8406
7108,3.9096
7109,3.4186
7110,3.7303
7111,3.7442
7112,4.9020
7113,4.2355
7114,3.5310
7115,4.5712
7116,3.4804
7117,3.8975
7118,3.6867
7119,3.7510
7120,3.9779
7121,3.5216
7122,4.1915
7123,4.3241
7124,3.1608
7125,4.0426
7126,3.6374
7127,3.8233
7128,3.5008
7129,3.3815
7130,3.8561
7131,3.5628
7132,3.7152
7133,3.3748
7134,3.3470
7135,3.8207
7136,3.3216
7137,3.5623
7138,3.3588
7139,3.3007
7140,3.7520
7141,4.9029
7142,3.6371
7143,3.4099
7144,3.3145
7145,3.6207
7146,3.3354
7147,3.8761
7148,3.3497
7149,3.6488
7150,3.2646
7151,3.5098
7152,3.4814
7153,3.3478
7154,3.2743
7155,3.2907
7156,3.6186
7157,3.4505
7158,3.3272
7159,3.5009
7160,3.3122
7161,3.3206
7162,3.3229
7163,3.4767
7164,3.4231
7165,3.5961
7166,3.2814
7167,3.4840
7168,3.6321
7169,3.4176
7170,3.3836
7171,3.4552
7172,3.7711
7173,4.6839
7174,3.5865
7175,3.9421
7176,3.5040
7177,3.7625
7178,4.2854
7179,3.5271
7180,4.0829
7181,3.4918
7182,3.4338
7183,3.7183
7184,3.2104
7185,3.8237
7186,3.7815
7187,3.3004
7188,3.6673
7189,3.3179
7190,3.7826
7191,3.3266
7192,3.7690
7193,3.6672
7194,3.3271
7195,3.6122
7196,3.3637
7197,3.5726
7198,3.5854
7199,3.4062
7200,3.6503
7201,3.4612
7202,3.6396
7203,3.5402
7204,3.2504
7205,3.3836
7206,3.3936
7207,3.6793
7208,3.3790
7209,3.3645
7210,3.3396
7211,3.5698
7212,3.4106
7213,3.3665
7214,3.3292
7215,3.3502
7216,3.4570
7217,3.3191
7218,3.3175
7219,3.4166
7220,3.5071
7221,3.3715
7222,3.5255
7223,3.7546
7224,3.3091
7225,3.6147
7226,3.5777
7227,3.9388
7228,3.6203
7229,3.3953
7230,3.9094
7231,3.4325
7232,5.0940
7233,4.6314
7234,3.5943
7235,3.7895
7236,3.3710
7237,3.7379
7238,3.8260
7239,3.4631
7240,4.1757
7241,3.5704
7242,3.9357
7243,4.5231
7244,3.3343
7245,3.7823
7246,4.0349
7247,3.7675
7248,3.9678
7249,3.3974
7250,3.6651
7251,3.3468
7252,3.4508
7253,3.3148
7254,3.3087
7255,3.4206
7256,3.3719
7257,3.3563
7258,3.4229
7259,3.5551
7260,3.3478
7261,3.2814
7262,3.2904
7263,3.3861
7264,3.2540
7265,3.3801
7266,3.4619
7267,3.5270
7268,3.3171
7269,3.5064
7270,3.3702
7271,3.3897
7272,3.3757
7273,3.3554
7274,3.3851
7275,3.6233
7276,3.3076
7277,3.3215
7278,3.3461
7279,3.5087
7280,3.3104
7281,3.3644
7282,3.3393
7283,3.4124
7284,3.3138
7285,3.5059
7286,3.3810
7287,3.4249
7288,3.6575
7289,3.3934
7290,3.8666
7291,4.5391
7292,4.9083
7293,4.8551
7294,3.5366
7295,5.0517
7296,4.1416
7297,3.8987
7298,4.6426
7299,3.5148
7300,4.8053
7301,3.4547
7302,3.5573
7303,3.9010
7304,3.6908
7305,3.7797
7306,3.4764
7307,3.1954
7308,3.5965
7309,3.4116
7310,4.3033
7311,3.4559
7312,3.8235
7313,3.6976
7314,3.2539
7315,3.7003
7316,3.3630
7317,3.6331
7318,3.2509
7319,3.3696
7320,3.3684
7321,3.2875
7322,3.2973
7323,3.2364
7324,3.2691
7325,3.2767
7326,3.4015
7327,3.4127
7328,3.3714
7329,3.1907
7330,3.4768
7331,3.4092
7332,3.2295
7333,3.7460
7334,3.3618
7335,4.0669
7336,3.3319
7337,3.9344
7338,4.0482
7339,3.5163
7340,3.8144
7341,3.3930
7342,3.3893
7343,3.7490
7344,3.2718
7345,3.6536
7346,3.3796
7347,3.9108
7348,3.5817
7349,3.3732
7350,3.6460
7351,3.5255
7352,4.6888
7353,3.9562
7354,3.3911
7355,3.9009
7356,3.6747
7357,3.4077
7358,3.9101
7359,3.4614
7360,3.7902
7361,4.0600
7362,3.9078
7363,3.5855
7364,3.4867
7365,4.2508
7366,3.6000
7367,5.0787
7368,3.9528
7369,3.7177
7370,3.8832
7371,3.4924
7372,3.3221
7373,3.7992
7374,3.4141
7375,4.0765
7376,3.3485
7377,3.7196
7378,3.7387
7379,3.3461
7380,3.6350
7381,3.4927
7382,3.7483
7383,4.0239
7384,3.3321
7385,3.6651
7386,3.3386
7387,3.5359
7388,4.6349
7389,4.5593
7390,3.5413
7391,3.2531
7392,3.7989
7393,3.7053
7394,3.2991
7395,3.6415
7396,3.2784
7397,3.6914
7398,3.5488
7399,3.2785
7400,3.6517
7401,3.2370
7402,3.3045
7403,3.2003
7404,3.2168
7405,3.3331
7406,3.2745
7407,3.3350
7408,3.2707
7409,3.2531
7410,3.4124
7411,3.4005
7412,3.4981
7413,3.6934
7414,3.5136
7415,3.4088
7416,3.5319
7417,3.7342
7418,4.3338
7419,3.4439
7420,3.4300
7421,3.4691
7422,3.4004
7423,3.4904
7424,3.3727
7425,3.8336
7426,3.4263
7427,3.7168
7428,3.6934
7429,2.8316
7430,3.9570
7431,3.4386
7432,3.3845
7433,3.9618
7434,3.7645
7435,3.7038
7436,3.5021
7437,3.3937
7438,3.5185
7439,3.3129
7440,4.3945
7441,3.3548
7442,3.9652
7443,3.7800
7444,3.5643
7445,3.8072
7446,3.4977
7447,3.9545
7448,4.9486
7449,3.6180
7450,3.7992
7451,3.5888
7452,3.9112
7453,4.1811
7454,3.7029
7455,3.9144
7456,3.4651
7457,3.8221
7458,3.5072
7459,4.2283
7460,3.3856
7461,3.3898
7462,3.8652
7463,5.1188
7464,3.4349
7465,3.4930
7466,3.4060
7467,3.3841
7468,3.6774
7469,3.3826
7470,3.3336
7471,3.4059
7472,3.4528
7473,3.5216
7474,3.3872
7475,3.6163
7476,3.2875
7477,3.3740
7478,3.2731
7479,3.3741
7480,3.3343
7481,3.3049
7482,3.3398
7483,3.3683
7484,3.5329
7485,3.4682
7486,3.4005
7487,3.3065
7488,3.3574
7489,3.3488
7490,3.3119
7491,3.2567
7492,3.2286
7493,3.5146
7494,3.2752
7495,3.5880
7496,3.5633
7497,3.3050
7498,3.7215
7499,3.2573
7500,3.9781
7501,3.5187
7502,3.6313
7503,3.4950
7504,3.2486
7505,3.6044
7506,3.5253
7507,3.7070
7508,3.5624
7509,4.1908
7510,3.8244
7511,4.2412
7512,3.6493
7513,3.9833
7514,4.0216
7515,3.0932
7516,4.5206
7517,3.5759
7518,3.4538
7519,3.5918
7520,4.1262
7521,3.4738
7522,3.8175
7523,3.6037
7524,3.4639
7525,3.7711
7526,3.4437
7527,3.6599
7528,3.7680
7529,3.4380
7530,3.5523
7531,3.3838
7532,4.3776
7533,3.2943
7534,3.3320
7535,3.6392
7536,3.3328
7537,3.8096
7538,3.2773
7539,3.3252
7540,3.7985
7541,3.3668
7542,3.7183
7543,3.6416
7544,3.3476
7545,3.6088
7546,3.3532
7547,3.6756
7548,3.8073
7549,3.5049
7550,3.5965
7551,3.3393
7552,4.0055
7553,3.3308
7554,3.3821
7555,3.7138
7556,3.6299
7557,3.4618
7558,3.4533
7559,3.4213
7560,3.2824
7561,3.2939
7562,3.3915
7563,3.3822
7564,3.5272
7565,4.7675
7566,3.6416
7567,3.5539
7568,4.0496
7569,3.4805
7570,3.3966
7571,3.6929
7572,3.4657
7573,3.4676
7574,3.4679
7575,3.3487
7576,3.8506
7577,3.5257
7578,3.6465
7579,3.5082
7580,3.9572
7581,3.6112
7582,3.4926
7583,2.7019
7584,3.3152
7585,4.4176
7586,3.2866
7587,3.1712
7588,3.9369
7589,3.5000
7590,3.7490
7591,3.3514
7592,3.9286
7593,3.5732
7594,3.5446
7595,3.5333
7596,3.5221
7597,3.6808
7598,3.7324
7599,3.4397
7600,3.7972
7601,3.5959
7602,6.2188
7603,4.6151
7604,3.5239
7605,4.1127
7606,3.5385
7607,3.3978
7608,4.1534
7609,3.4202
7610,3.9214
7611,3.7848
7612,4.4873
7613,4.5944
7614,3.7680
7615,3.8746
7616,3.4305
7617,3.6547
7618,3.8546
7619,3.3546
7620,3.5547
7621,3.3898
7622,3.5931
7623,3.6221
7624,4.5293
7625,3.6461
7626,3.3700
7627,3.6884
7628,4.7415
7629,3.6215
7630,3.7437
7631,3.3442
7632,3.7315
7633,3.2875
7634,3.4600
7635,3.7348
7636,3.9613
7637,3.3727
7638,3.6017
7639,3.3303
7640,3.9224
7641,3.4438
7642,3.6516
7643,3.6241
7644,3.6344
7645,3.9381
7646,3.3301
7647,3.7562
7648,3.6296
7649,3.4144
7650,3.6184
7651,3.3822
7652,3.7551
7653,4.6400
7654,3.3538
7655,4.0506
7656,3.3241
7657,3.5693
7658,4.1614
7659,3.2901
7660,3.9766
7661,3.4712
7662,4.8341
7663,3.5978
7664,3.4470
7665,3.3817
7666,3.5302
7667,3.4445
7668,3.5054
7669,3.6532
7670,3.5940
7671,3.4370
7672,3.7604
7673,3.4062
7674,3.5562
7675,3.6154
7676,3.8090
7677,3.5426
7678,3.4079
7679,3.4535
7680,3.6252
7681,3.4353
7682,3.3182
7683,3.3863
7684,3.4109
7685,3.5833
7686,3.3255
7687,3.3836
7688,3.9484
7689,3.7084
7690,3.5380
7691,3.4161
7692,3.9214
7693,5.1787
7694,4.4877
7695,4.4382
7696,3.5899
7697,3.8294
7698,3.7663
7699,3.7125
7700,4.6412
7701,4.4856
7702,3.7459
7703,4.3678
7704,3.4774
7705,4.3346
7706,2.2424
7707,3.7714
7708,4.1908
7709,3.4766
7710,3.5596
7711,3.3742
7712,3.4858
7713,3.2892
7714,3.3506
7715,3.5697
7716,3.5157
7717,3.3579
7718,3.6301
7719,3.6589
7720,3.8688
7721,3.3857
7722,3.5761
7723,4.8493
7724,3.9682
7725,3.6287
7726,3.5491
7727,3.5217
7728,3.8183
7729,3.6937
7730,3.8562
7731,3.2444
7732,3.6934
7733,3.9123
7734,3.6020
7735,4.0123
7736,3.4272
7737,3.8876
7738,3.8774
7739,3.4465
7740,3.7287
7741,3.2874
7742,3.4846
7743,3.5980
7744,3.3929
7745,3.6608
7746,3.3709
7747,3.9495
7748,3.9489
7749,3.3635
7750,3.7862
7751,3.8404
7752,3.7113
7753,3.8936
7754,3.5594
7755,5.3009
7756,4.5303
7757,3.8118
7758,3.6496
7759,3.6146
7760,3.8809
7761,3.5048
7762,3.7807
7763,3.5322
7764,3.4237
7765,3.6734
7766,3.6707
7767,3.5629
7768,3.5515
7769,3.5441
7770,3.6046
7771,3.5503
7772,3.5597
7773,3.3614
7774,3.3024
7775,3.3799
7776,3.3294
7777,3.3094
7778,4.9613
7779,3.3430
7780,3.3189
7781,3.3866
7782,3.5953
7783,3.6470
7784,3.3241
7785,3.3941
7786,3.6242
7787,4.4002
7788,3.8522
7789,3.6224
7790,3.5922
7791,3.6435
7792,4.1339
7793,3.4375
7794,3.5119
7795,3.3806
7796,3.5213
7797,3.6187
7798,4.0796
7799,3.4637
7800,3.1584
7801,3.5942
7802,3.5216
7803,3.5098
7804,3.2693
7805,3.3000
7806,3.3487
7807,3.2930
7808,3.3276
7809,3.3576
7810,3.5892
7811,3.5444
7812,4.4890
7813,3.6212
7814,3.3874
7815,4.0255
7816,3.3643
7817,3.6338
7818,3.3270
7819,3.4089
7820,3.5998
7821,3.2970
7822,3.3403
7823,3.3831
7824,3.3050
7825,3.3790
7826,3.5036
7827,3.3334
7828,3.3811
7829,3.3336
7830,3.6071
7831,3.3208
7832,3.3316
7833,3.4334
7834,3.2168
7835,3.2619
7836,3.3951
7837,3.2078
7838,3.8006
7839,3.3905
7840,3.4805
7841,3.3212
7842,3.5013
7843,3.7288
7844,3.3833
7845,3.4254
7846,3.5482
7847,4.6886
7848,4.8443
7849,4.1555
7850,3.6635
7851,3.5233
7852,3.4058
7853,3.5034
7854,3.3821
7855,4.4731
7856,3.5633
7857,3.4997
7858,3.8205
7859,3.5270
7860,3.6587
7861,3.4599
7862,3.6694
7863,3.6933
7864,3.4694
7865,3.6450
7866,3.3925
7867,3.3772
7868,4.0960
7869,3.3182
7870,4.0739
7871,3.4723
7872,3.4128
7873,3.5816
7874,3.5376
7875,3.5688
7876,3.6627
7877,3.6341
7878,4.2241
7879,4.2179
7880,4.0698
7881,3.4299
7882,3.4106
7883,4.3640
7884,3.5522
7885,3.6750
7886,3.4061
7887,3.4684
7888,4.0471
7889,3.3968
7890,3.2786
7891,3.4975
7892,3.3794
7893,4.1431
7894,3.6108
7895,3.8264
7896,3.4520
7897,3.7071
7898,3.6911
7899,3.2530
7900,3.6726
7901,3.4771
7902,3.6239
7903,4.8413
7904,3.5047
7905,5.3068
7906,3.3815
7907,3.3632
7908,4.5320
7909,3.8033
7910,4.2830
7911,4.2980
7912,3.6432
7913,3.3870
7914,3.4892
7915,4.2075
7916,3.9012
7917,3.7428
7918,3.7609
7919,3.4507
7920,3.7225
7921,2.9185
7922,4.0513
7923,3.9255
7924,3.5101
7925,3.7928
7926,3.2929
7927,3.6076
7928,3.6133
7929,3.2514
7930,3.9142
7931,3.3448
7932,3.7810
7933,3.5610
7934,3.6340
7935,3.7987
7936,3.4252
7937,3.6414
7938,3.8332
7939,3.8710
7940,3.9063
7941,3.4577
7942,4.0351
7943,3.5041
7944,3.7325
7945,3.6234
7946,3.4798
7947,4.7446
7948,3.7474
7949,3.4180
7950,3.5725
7951,3.7684
7952,2.3836
7953,3.5289
7954,3.4311
7955,3.3419
7956,3.4876
7957,3.3469
7958,3.2759
7959,3.2806
7960,3.3184
7961,3.2784
7962,3.3889
7963,3.3181
7964,3.7194
7965,3.5498
7966,3.3737
7967,3.3456
7968,3.3570
7969,3.3282
7970,4.0639
7971,3.3643
7972,4.3494
7973,3.9731
7974,3.4198
7975,3.8840
7976,3.3324
7977,3.6385
7978,3.7374
7979,3.5966
7980,4.2413
7981,3.4905
7982,3.7029
7983,3.7650
7984,3.4388
7985,3.6088
7986,3.4496
7987,3.7135
7988,3.8140
7989,3.3955
7990,3.4059
7991,3.3757
7992,3.4395
7993,3.4524
7994,3.4453
7995,3.6556
7996,4.0583
7997,4.8534
7998,4.7750
7999,3.5264
8000,3.8756
8001,3.4235
8002,3.6192
8003,3.8788
8004,3.6143
8005,3.6464
8006,3.3241
8007,3.6682
8008,3.8917
8009,3.3652
8010,3.3099
8011,3.3523
8012,5.1117
8013,3.7574
8014,3.6990
8015,3.3559
8016,3.3791
8017,3.2771
8018,3.3830
8019,3.5994
8020,3.3524
8021,3.3215
8022,3.2771
8023,3.4205
8024,3.3585
8025,3.4738
8026,3.3934
8027,3.2678
8028,3.8704
8029,3.3882
8030,3.3581
8031,3.3202
8032,3.3859
8033,3.6701
8034,3.3866
8035,3.4650
8036,3.2661
8037,3.3428
8038,3.3620
8039,3.4298
8040,3.9260
8041,3.4360
8042,3.4079
8043,3.6982
8044,3.7034
8045,3.7253
8046,3.3768
8047,3.9447
8048,3.8336
8049,3.2774
8050,3.9109
8051,3.4080
8052,3.9550
8053,4.6168
8054,3.4166
8055,3.7799
8056,3.4765
8057,5.8367
8058,4.5986
8059,3.4664
8060,4.7786
8061,3.4179
8062,4.4671
8063,4.0432
8064,4.6060
8065,4.3323
8066,3.4676
8067,3.5625
8068,3.8658
8069,3.5690
8070,3.6394
8071,3.6109
8072,4.9641
8073,3.6250
8074,3.3263
8075,3.6867
8076,3.7935
8077,4.3302
8078,3.2395
8079,3.4134
8080,3.6351
8081,3.4315
8082,3.6357
8083,3.4097
8084,3.4398
8085,3.7999
8086,3.6602
8087,3.8184
8088,3.7622
8089,3.8042
8090,4.8507
8091,4.5776
8092,3.7246
8093,3.4946
8094,3.3984
8095,4.6731
8096,3.4389
8097,3.8280
8098,3.7730
8099,3.5049
8100,3.7843
8101,4.8349
8102,2.9118
8103,3.3721
8104,3.4254
8105,4.0213
8106,3.2783
8107,3.9442
8108,4.0814
8109,3.2692
8110,3.7648
8111,3.7449
8112,3.6585
8113,3.6893
8114,3.3533
8115,4.7575
8116,3.3600
8117,3.7602
8118,3.7215
8119,3.5514
8120,3.9955
8121,3.5192
8122,3.5941
8123,3.7124
8124,3.7084
8125,3.6082
8126,3.3969
8127,3.5012
8128,3.4156
8129,3.5282
8130,3.7250
8131,3.2207
8132,3.3948
8133,3.7732
8134,3.4210
8135,3.9648
8136,3.2706
8137,3.4367
8138,3.7886
8139,3.2582
8140,4.0773
8141,3.3739
8142,3.6330
8143,3.6474
8144,3.3414
8145,4.3660
8146,3.5879
8147,3.7983
8148,4.3227
8149,3.9533
8150,4.7857
8151,3.4838
8152,4.5402
8153,4.4119
8154,3.5756
8155,4.7543
8156,4.6788
8157,4.1562
8158,4.9196
8159,3.5205
8160,4.3724
8161,4.3402
8162,3.4750
8163,4.2117
8164,3.4517
8165,3.6920
8166,3.3748
8167,3.6126
8168,3.7114
8169,3.4156
8170,3.5201
8171,3.3272
8172,3.7439
8173,3.6414
8174,4.1720
8175,3.8580
8176,3.4484
8177,3.8188
8178,3.6344
8179,3.3640
8180,3.8625
8181,3.3597
8182,3.7035
8183,3.9808
8184,3.3210
8185,3.9119
8186,3.4238
8187,3.6319
8188,3.5986
8189,3.4000
8190,3.7098
8191,3.4545
8192,3.8338
8193,3.4921
8194,3.3265
8195,3.7239
8196,3.3594
8197,3.5100
8198,3.4986
8199,3.3662
8200,4.0985
8201,3.3235
8202,3.4942
8203,3.3119
8204,3.2959
8205,3.6969
8206,3.5188
8207,3.3405
8208,3.3777
8209,3.5692
8210,4.5541
8211,4.1625
8212,4.8150
8213,4.2817
8214,5.9277
8215,3.6443
8216,3.4896
8217,3.4744
8218,3.5924
8219,3.5073
8220,3.5235
8221,3.5496
8222,3.4362
8223,3.0858
8224,3.4260
8225,3.4297
8226,3.4882
8227,3.2771
8228,3.2946
8229,3.2895
8230,3.4507
8231,3.2633
8232,4.7730
8233,3.3724
8234,3.2677
8235,3.2995
8236,3.3847
8237,3.3958
8238,3.8424
8239,3.6071
8240,4.1138
8241,3.3743
8242,3.4079
8243,3.3572
8244,3.3161
8245,3.3903
8246,3.9063
8247,4.0195
8248,3.2816
8249,3.7209
8250,3.4376
8251,3.6596
8252,3.7958
8253,3.5404
8254,3.2737
8255,3.3498
8256,3.3273
8257,3.4795
8258,3.8410
8259,3.4976
8260,3.6512
8261,3.5586
8262,5.4648
8263,4.0548
8264,3.2842
8265,4.3161
8266,3.3393
8267,3.4735
8268,3.7002
8269,3.3198
8270,4.1284
8271,3.7214
8272,5.2236
8273,3.6579
8274,3.3641
8275,4.1674
8276,3.5130
8277,3.4663
8278,3.6026
8279,3.4610
8280,4.1024
8281,3.4061
8282,3.4619
8283,4.0978
8284,2.7837
8285,4.1017
8286,3.4548
8287,3.3692
8288,3.3597
8289,3.2489
8290,3.3635
8291,3.4171
8292,3.5398
8293,3.6445
8294,3.3770
8295,3.6207
8296,3.4361
8297,3.8320
8298,3.9788
8299,3.4790
8300,3.9000
8301,3.5829
8302,3.8599
8303,4.3179
8304,3.7248
8305,4.7631
8306,3.4702
8307,4.3622
8308,4.3748
8309,3.6067
8310,3.9174
8311,3.3274
8312,4.3952
8313,4.4246
8314,3.5404
8315,2.6887
8316,3.5276
8317,3.3378
8318,3.5379
8319,3.2526
8320,3.8459
8321,3.3948
8322,3.6664
8323,3.9124
8324,3.3035
8325,3.9999
8326,3.1972
8327,3.6385
8328,3.5758
8329,3.3867
8330,3.7462
8331,3.3971
8332,3.6290
8333,3.7225
8334,2.9751
8335,3.7403
8336,4.5471
8337,3.6800
8338,3.4064
8339,3.4148
8340,3.7915
8341,3.3779
8342,3.5513
8343,3.5119
8344,3.3576
8345,3.6371
8346,3.3575
8347,3.5372
8348,3.1904
8349,3.6983
8350,3.9839
8351,3.6378
8352,4.4598
8353,3.2874
8354,3.4169
8355,3.9244
8356,3.4270
8357,5.2967
8358,4.8286
8359,5.4954
8360,6.0871
8361,5.5834
8362,5.6490
8363,5.6799
8364,5.4566
8365,6.1803
8366,6.3335
8367,7.8127
8368,6.5438
8369,5.6810
8370,6.0201
8371,5.4352
8372,5.3710
8373,5.2396
8374,4.2537
8375,3.9586
8376,5.6156
8377,5.3866
8378,8.8761
8379,7.5054
8380,5.8682
8381,6.4666
8382,5.4472
8383,4.8926
8384,3.5782
8385,5.6644
8386,5.5615
8387,5.7312
8388,5.7492
8389,5.6622
8390,5.6721
8391,5.6435
8392,5.6838
8393,4.9706
8394,3.2259
8395,3.5801
8396,3.6085
8397,5.3421
8398,4.4642
8399,5.1538
8400,3.8621
8401,4.5112
8402,5.0184
8403,4.5089
8404,4.6421
8405,5.9835
8406,4.7272
8407,5.2886
8408,5.9685
8409,4.9813
8410,5.3541
8411,5.1173
8412,5.3127
8413,6.7018
8414,5.5149
8415,5.8655
8416,4.3368
8417,4.1048
8418,4.5307
8419,4.9219
8420,6.4274
8421,5.1671
8422,5.8190
8423,5.5849
8424,4.9340
8425,6.2579
8426,4.0262
8427,6.2645
8428,5.6816
8429,4.6439
8430,5.9558
8431,4.7510
8432,4.7496
8433,5.6367
8434,5.3723
8435,5.6821
8436,4.2326
8437,4.3670
8438,3.6871
8439,3.4322
8440,3.6396
8441,3.8790
8442,3.4997
8443,3.5513
8444,3.9245
8445,3.7828
8446,3.7199
8447,3.6808
8448,4.4152
8449,3.5109
8450,5.3437
8451,3.7053
8452,4.5087
8453,4.6469
8454,5.2531
8455,4.4817
8456,3.9374
8457,4.0579
8458,4.3925
8459,4.6444
8460,4.0643
8461,4.2656
8462,4.2462
8463,3.7178
8464,4.7935
8465,5.1451
8466,3.7107
8467,4.5878
8468,4.5576
8469,3.8245
8470,4.1408
8471,3.6580
8472,3.8086
8473,3.5027
8474,4.8915
8475,4.1457
8476,3.5458
8477,3.9238
8478,3.2132
8479,3.3529
8480,3.9252
8481,3.5501
8482,4.1424
8483,3.5214
8484,3.6132
8485,3.6705
8486,4.9678
8487,3.7121
8488,3.8308
8489,3.4878
8490,3.5308
8491,3.9182
8492,3.9136
8493,3.6379
8494,3.4836
8495,4.0273
8496,4.1362
8497,3.5954
8498,4.3829
8499,3.2788
8500,4.1299
8501,3.6344
8502,3.5087
8503,3.5062
8504,3.3477
8505,3.4823
8506,3.3269
8507,3.6293
8508,3.3018
8509,3.3639
8510,4.0252
8511,3.2398
8512,3.2855
8513,3.4520
8514,3.5097
8515,3.4940
8516,3.3530
8517,3.3963
8518,3.4029
8519,3.6762
8520,3.4164
8521,3.4571
8522,3.6791
8523,3.4385
8524,3.5724
8525,3.4420
8526,3.5582
8527,3.4178
8528,3.7756
8529,3.2599
8530,3.5890
8531,3.4876
8532,3.3379
8533,3.7738
8534,3.6146
8535,3.6492
8536,3.3701
8537,3.7521
8538,3.6262
8539,3.4826
8540,3.6212
8541,3.6326
8542,3.2991
8543,4.6063
8544,3.5898
8545,4.1646
8546,4.1942
8547,3.7750
8548,4.9625
8549,4.3182
8550,4.3355
8551,3.5846
8552,3.5997
8553,4.6317
8554,4.7182
8555,5.1788
8556,3.2923
8557,3.5360
8558,3.7291
8559,3.2637
8560,4.2044
8561,2.8180
8562,4.3062
8563,3.7657
8564,3.3968
8565,5.2156
8566,3.3695
8567,3.1713
8568,3.6334
8569,3.2932
8570,3.7613
8571,3.3160
8572,3.7559
8573,3.4573
8574,3.4243
8575,4.3127
8576,3.4224
8577,3.8362
8578,3.3047
8579,3.6504
8580,3.7027
8581,3.1801
8582,3.5340
8583,3.5333
8584,3.3489
8585,3.5149
8586,3.3195
8587,3.9256
8588,3.3155
8589,3.6344
8590,3.6154
8591,3.2357
8592,13.3031
8593,4.0593
8594,3.8904
8595,3.4452
8596,3.2150
8597,3.3537
8598,3.5947
8599,3.3704
8600,3.3320
8601,3.3101
8602,3.5472
8603,3.2390
8604,3.5270
8605,3.6359
8606,3.6852
8607,3.3510
8608,3.3088
8609,3.6712
8610,3.7697
8611,3.3643
8612,3.5113
8613,3.4120
8614,3.9478
8615,3.8390
8616,3.8612
8617,3.4834
8618,3.4441
8619,4.3431
8620,3.4425
8621,2.8688
8622,3.7659
8623,3.5360
8624,4.3071
8625,3.5961
8626,3.5226
8627,3.6549
8628,3.4596
8629,3.8066
8630,3.8142
8631,3.7997
8632,3.2361
8633,3.5180
8634,3.3223
8635,3.6209
8636,3.7267
8637,4.0741
8638,4.2412
8639,4.9739
8640,3.6683
8641,3.7723
8642,4.2694
8643,3.8650
8644,4.5511
8645,4.4687
8646,4.0740
8647,5.1667
8648,4.2458
8649,4.0140
8650,4.4409
8651,4.3048
8652,3.8713
8653,3.7458
8654,3.6008
8655,5.4332
8656,4.3403
8657,5.9650
8658,3.5400
8659,3.5869
8660,4.0932
8661,3.3731
8662,5.0706
8663,3.3567
8664,3.5664
8665,3.9534
8666,3.4360
8667,5.0993
8668,3.3282
8669,3.6470
8670,3.6441
8671,3.4905
8672,4.6192
8673,3.9213
8674,3.4139
8675,3.4446
8676,3.3083
8677,3.4111
8678,3.6909
8679,3.3714
8680,3.5764
8681,3.5758
8682,4.1306
8683,4.0364
8684,3.3528
8685,3.3030
8686,3.4986
8687,3.4765
8688,3.4092
8689,3.3909
8690,3.4955
8691,4.6073
8692,3.3036
8693,3.9317
8694,3.4195
8695,3.8820
8696,3.4877
8697,4.0099
8698,3.3116
8699,3.3531
8700,3.4272
8701,3.5294
8702,3.3440
8703,3.4767
8704,4.0223
8705,4.2393
8706,3.5204
8707,3.6007
8708,3.3028
8709,3.3886
8710,3.4126
8711,3.5060
8712,3.7138
8713,4.4876
8714,4.3866
8715,3.6350
8716,3.3898
8717,3.5112
8718,3.3884
8719,4.2350
8720,3.8419
8721,3.2913
8722,3.4034
8723,3.8885
8724,3.2996
8725,3.7780
8726,3.3743
8727,3.9217
8728,3.4930
8729,3.2874
8730,4.3650
8731,3.7979
8732,4.6049
8733,3.5456
8734,3.4203
8735,3.8233
8736,3.6226
8737,4.4572
8738,4.6270
8739,3.2775
8740,3.7804
8741,4.2087
8742,4.0774
8743,4.5681
8744,3.4892
8745,3.8618
8746,3.2938
8747,3.1780
8748,3.6332
8749,3.2671
8750,3.9213
8751,4.7272
8752,4.4101
8753,4.0768
8754,4.2709
8755,5.8990
8756,4.1453
8757,3.2736
8758,3.4646
8759,3.3415
8760,4.4465
8761,3.5566
8762,3.6694
8763,4.3716
8764,3.5355
8765,4.1959
8766,5.2280
8767,4.6584
8768,4.4597
8769,3.9365
8770,3.4949
8771,3.6955
8772,3.9190
8773,3.3857
8774,4.0118
8775,3.2791
8776,3.3729
8777,3.3154
8778,3.3687
8779,3.4375
8780,3.1995
8781,3.6537
8782,3.3450
8783,3.3561
8784,3.4284
8785,3.2187
8786,3.2140
8787,3.1547
8788,3.2035
8789,3.4882
8790,3.3111
8791,3.2387
8792,3.2141
8793,3.2706
8794,3.1850
8795,3.3152
8796,3.2025
8797,3.1658
8798,3.7012
8799,3.3824
8800,4.2420
8801,3.3576
8802,3.9148
8803,3.7937
8804,3.1971
8805,3.5693
8806,3.3830
8807,3.6720
8808,3.3116
8809,3.3644
8810,3.5530
8811,3.3019
8812,3.5300
8813,3.2152
8814,3.3562
8815,3.5578
8816,4.0703
8817,3.5381
8818,3.3889
8819,3.3455
8820,4.1363
8821,3.4694
8822,5.8643
8823,4.0176
8824,4.1070
8825,4.5779
8826,3.9396
8827,4.8053
8828,6.2969
8829,4.7382
8830,4.5384
8831,5.7646
8832,4.7117
8833,3.8193
8834,3.4721
8835,4.9793
8836,4.4344
8837,5.0016
8838,6.1421
8839,4.7167
8840,5.0958
8841,4.3717
8842,4.4600
8843,4.8283
8844,4.9481
8845,6.6706
8846,4.1211
8847,4.0674
8848,4.5763
8849,3.2290
8850,4.1058
8851,4.3886
8852,4.0502
8853,4.2095
8854,5.9272
8855,5.2232
8856,4.3294
8857,4.7421
8858,4.6847
8859,4.4588
8860,5.0490
8861,4.1450
8862,4.4571
8863,4.8459
8864,4.0992
8865,4.7529
8866,4.4916
8867,4.2861
8868,5.3047
8869,4.1501
8870,5.0539
8871,3.2364
8872,5.8456
8873,4.9022
8874,4.9136
8875,4.7523
8876,3.4345
8877,4.3291
8878,4.7800
8879,4.1397
8880,4.6594
8881,3.6964
8882,3.4250
8883,3.7292
8884,3.3269
8885,3.3262
8886,4.6150
8887,4.6453
8888,4.0882
8889,5.1639
8890,4.9258
8891,4.4882
8892,6.0085
8893,4.7643
8894,4.8338
8895,4.8152
8896,4.1557
8897,4.2976
8898,4.3087
8899,4.0628
8900,6.0838
8901,4.3654
8902,4.8891
8903,4.3017
8904,5.0430
8905,4.9870
8906,3.4991
8907,4.7778
8908,3.4953
8909,3.9049
8910,4.4519
8911,3.3595
8912,4.1537
8913,3.3262
8914,3.5617
8915,4.6479
8916,4.3731
8917,3.9426
8918,3.6454
8919,3.1737
8920,3.4228
8921,3.3356
8922,3.6034
8923,4.2513
8924,3.3644
8925,4.0593
8926,3.3416
8927,4.1720
8928,3.2806
8929,3.4286
8930,5.0259
8931,3.4138
8932,3.4214
8933,3.3107
8934,3.6434
8935,3.3883
8936,3.3631
8937,4.2222
8938,3.7034
8939,3.1795
8940,3.6549
8941,3.2165
8942,3.7015
8943,3.8634
8944,4.8239
8945,4.7152
8946,4.1852
8947,3.5539
8948,4.7767
8949,3.5389
8950,3.7356
8951,3.7276
8952,4.1038
8953,5.0324
8954,3.4525
8955,4.2865
8956,3.3309
8957,4.3597
8958,4.7175
8959,4.2656
8960,4.8173
8961,3.5713
8962,3.6046
8963,4.6289
8964,3.3324
8965,4.3577
8966,3.5618
8967,4.2404
8968,5.0294
8969,3.5194
8970,3.8140
8971,3.2392
8972,3.2437
8973,3.6120
8974,3.4158
8975,3.8038
8976,3.9456
8977,7.0068
8978,5.2351
8979,4.5397
8980,4.4568
8981,5.8330
8982,3.5800
8983,8.4644
8984,3.7144
8985,4.0922
8986,4.9790
8987,4.1632
8988,4.8113
8989,4.0388
8990,5.0745
8991,4.7543
8992,5.2161
8993,4.8112
8994,4.6550
8995,4.3255
8996,4.3529
8997,4.5820
8998,3.2183
8999,3.9072
9000,3.2970
9001,3.3750
9002,3.8325
9003,4.2519
9004,3.3591
9005,4.2360
9006,4.1507
9007,4.2746
9008,4.0135
9009,4.7976
9010,4.3844
9011,4.4619
9012,4.8323
9013,4.7510
9014,5.1696
9015,4.0147
9016,3.8913
9017,3.6473
9018,4.6610
9019,4.4124
9020,4.1874
9021,4.1519
9022,3.8997
9023,5.3948
9024,4.4567
9025,8.6265
9026,4.6368
9027,5.2217
9028,5.9366
9029,3.5389
9030,5.4854
9031,3.8670
9032,4.3164
9033,3.3670
9034,4.3620
9035,4.4440
9036,4.3481
9037,4.8893
9038,5.7187
9039,4.7885
9040,4.4360
9041,3.2865
9042,3.7257
9043,3.4310
9044,4.4317
9045,4.3272
9046,4.3940
9047,4.6339
9048,5.0812
9049,5.2188
9050,5.8729
9051,4.1304
9052,3.6221
9053,4.7995
9054,3.5614
9055,4.9416
9056,3.6031
9057,4.4632
9058,5.1086
9059,4.5382
9060,5.2702
9061,4.2292
9062,3.4707
9063,3.9236
9064,3.5413
9065,4.7950
9066,3.9953
9067,3.5507
9068,5.2085
9069,4.2352
9070,4.4038
9071,3.8047
9072,4.7797
9073,4.4578
9074,6.4608
9075,5.5284
9076,6.2662
9077,6.3955
9078,4.2239
9079,6.3081
9080,4.5676
9081,4.5154
9082,3.5690
9083,4.5444
9084,4.2965
9085,4.5286
9086,4.6449
9087,4.9378
9088,4.4717
9089,4.1587
9090,4.2356
9091,3.2131
9092,3.4498
9093,3.2896
9094,3.9910
9095,3.2804
9096,3.1642
9097,3.2333
9098,3.2882
9099,4.0881
9100,3.2874
9101,3.3050
9102,3.5646
9103,3.2757
9104,3.5200
9105,3.4135
9106,3.3289
9107,3.2297
9108,3.2455
9109,3.2564
9110,3.4235
9111,3.3419
9112,3.8236
9113,5.8136
9114,5.7306
9115,3.3932
9116,3.3230
9117,5.4733
9118,5.0629
9119,4.4679
9120,3.6262
9121,4.3929
9122,3.7526
9123,5.3608
9124,4.4548
9125,3.4890
9126,4.0173
9127,3.4616
9128,3.5613
9129,3.5021
9130,3.8644
9131,3.3049
9132,3.4140
9133,4.0153
9134,4.4731
9135,4.0663
9136,3.3624
9137,4.3782
9138,3.5474
9139,3.6486
9140,3.9293
9141,3.5493
9142,4.1827
9143,3.4346
9144,3.8624
9145,3.9572
9146,3.8617
9147,3.5105
9148,3.9311
9149,3.7368
9150,3.5770
9151,3.3893
9152,3.5340
9153,3.5075
9154,4.6694
9155,3.9044
9156,3.3580
9157,5.0373
9158,3.7107
9159,4.5369
9160,3.7367
9161,3.3134
9162,3.4815
9163,3.8791
9164,3.2443
9165,3.7824
9166,3.4588
9167,3.7692
9168,3.7253
9169,3.4347
9170,3.8093
9171,3.4728
9172,3.5921
9173,3.4492
9174,3.5196
9175,3.8369
9176,3.7017
9177,4.1542
9178,3.7414
9179,3.4814
9180,3.6428
9181,3.7357
9182,4.5018
9183,3.9034
9184,3.1673
9185,5.0671
9186,3.5604
9187,3.9579
9188,4.2367
9189,3.6230
9190,5.0362
9191,3.8501
9192,4.2407
9193,4.6675
9194,4.0494
9195,4.1569
9196,3.4001
9197,3.4759
9198,4.9606
9199,3.7508
9200,4.2090
9201,3.5962
9202,4.1666
9203,4.2538
9204,4.6824
9205,4.5044
9206,3.4781
9207,3.7571
9208,3.7859
9209,4.1239
9210,3.6899
9211,4.6473
9212,3.1454
9213,3.6738
9214,3.2676
9215,3.7956
9216,3.1955
9217,3.7678
9218,3.5416
9219,3.5914
9220,3.7534
9221,3.3015
9222,3.4630
9223,3.7417
9224,3.2658
9225,3.7187
9226,3.4145
9227,3.2448
9228,3.8258
9229,3.2897
9230,4.7123
9231,3.4968
9232,4.6704
9233,4.8687
9234,6.1993
9235,5.3383
9236,4.2683
9237,3.5091
9238,4.6633
9239,3.9241
9240,4.2090
9241,4.5061
9242,5.9558
9243,3.6323
9244,4.2716
9245,4.5535
9246,4.5235
9247,3.8125
9248,3.6419
9249,3.4704
9250,3.8876
9251,4.2697
9252,3.8480
9253,4.6379
9254,3.8376
9255,6.2308
9256,4.0937
9257,3.5103
9258,3.8923
9259,4.2017
9260,4.1315
9261,3.3766
9262,3.3395
9263,4.7065
9264,4.5404
9265,6.5916
9266,5.4097
9267,4.8041
9268,5.0980
9269,5.5535
9270,4.8200
9271,4.7196
9272,4.3030
9273,4.4129
9274,3.4014
9275,3.3030
9276,4.2913
9277,6.1183
9278,4.7222
9279,3.3073
9280,3.9848
9281,3.2011
9282,3.3841
9283,3.9055
9284,3.4826
9285,3.8478
9286,3.1975
9287,3.9094
9288,4.4950
9289,3.3686
9290,4.6793
9291,3.3312
9292,3.2617
9293,3.3075
9294,3.1031
9295,3.6401
9296,3.1524
9297,3.2129
9298,3.7539
9299,3.1660
9300,3.4475
9301,3.1648
9302,3.1855
9303,3.7626
9304,3.3520
9305,3.4907
9306,3.2056
9307,3.5234
9308,3.5115
9309,3.8750
9310,4.0390
9311,3.2269
9312,3.5465
9313,4.9309
9314,3.6714
9315,3.4554
9316,3.3056
9317,3.9823
9318,3.5334
9319,3.2910
9320,5.0744
9321,4.2736
9322,4.2317
9323,4.3304
9324,3.4034
9325,3.6412
9326,3.3268
9327,3.4775
9328,3.3758
9329,3.4700
9330,3.6640
9331,3.3219
9332,4.4230
9333,3.6161
9334,3.2239
9335,3.5809
9336,3.2820
9337,3.6151
9338,3.3719
9339,4.4883
9340,4.9214
9341,5.2322
9342,5.1605
9343,4.6691
9344,5.0904
9345,4.0105
9346,4.1481
9347,3.6193
9348,5.1416
9349,4.3416
9350,4.6473
9351,4.4526
9352,4.5634
9353,3.4306
9354,3.2907
9355,3.8190
9356,3.1663
9357,3.1764
9358,3.2590
9359,4.4523
9360,4.7317
9361,4.1714
9362,3.2706
9363,3.4511
9364,3.9658
9365,3.6502
9366,3.5955
9367,3.8980
9368,3.2218
9369,4.7769
9370,4.2122
9371,3.5298
9372,4.1294
9373,3.5407
9374,4.6475
9375,4.2915
9376,5.7250
9377,5.2285
9378,6.1940
9379,5.4705
9380,7.0088
9381,4.8676
9382,4.5635
9383,4.9255
9384,4.5014
9385,3.4947
9386,3.1281
9387,4.4375
9388,5.2214
9389,4.0167
9390,3.4735
9391,3.5315
9392,3.2287
9393,3.4081
9394,3.3703
9395,3.2828
9396,3.3557
9397,3.2895
9398,3.6273
9399,3.3356
9400,3.3114
9401,3.3796
9402,3.2731
9403,3.4142
9404,3.2052
9405,3.3724
9406,3.2624
9407,3.1910
9408,3.4446
9409,3.3904
9410,3.2558
9411,3.2867
9412,3.3951
9413,5.0595
9414,3.5813
9415,3.2587
9416,4.3132
9417,3.3959
9418,3.2405
9419,3.2786
9420,3.8092
9421,4.7851
9422,4.2122
9423,3.2875
9424,3.7552
9425,3.2899
9426,3.4249
9427,3.5110
9428,4.2803
9429,3.8616
9430,4.0137
9431,4.1733
9432,3.5273
9433,3.4519
9434,3.6829
9435,3.5897
9436,4.0246
9437,4.0866
9438,4.0477
9439,3.3548
9440,3.6120
9441,3.3947
9442,4.2598
9443,5.4222
9444,4.9539
9445,4.2861
9446,4.8962
9447,3.5053
9448,3.6423
9449,3.4451
9450,4.2352
9451,3.5747
9452,3.5338
9453,3.3609
9454,3.8539
9455,4.1992
9456,3.4443
9457,4.2600
9458,3.2486
9459,3.2074
9460,3.6713
9461,3.6307
9462,3.4811
9463,3.2741
9464,3.5331
9465,3.6629
9466,3.2864
9467,4.3025
9468,3.2994
9469,3.2610
9470,3.7678
9471,3.3524
9472,4.1428
9473,3.3318
9474,3.5587
9475,7.5487
9476,4.6493
9477,4.6181
9478,3.8321
9479,5.3212
9480,3.9621
9481,4.0899
9482,4.2099
9483,3.4594
9484,4.8295
9485,4.2818
9486,3.4170
9487,3.5626
9488,3.4705
9489,3.4508
9490,3.5036
9491,4.5558
9492,3.6375
9493,3.4010
9494,3.5762
9495,3.4382
9496,3.9989
9497,3.9410
9498,4.2553
9499,3.4341
9500,3.9358
9501,3.5902
9502,4.4860
9503,3.9944
9504,3.7876
9505,3.4889
9506,3.6189
9507,3.4796
9508,3.2860
9509,3.2969
9510,4.7067
9511,3.6838
9512,5.2878
9513,4.8366
9514,7.5972
9515,6.2563
9516,5.1994
9517,4.3668
9518,3.2378
9519,3.3370
9520,3.5990
9521,11.0959
9522,4.3229
9523,3.4040
9524,9.4467
9525,4.1211
9526,3.1957
9527,3.4189
9528,3.9438
9529,3.3932
9530,3.2861
9531,3.4906
9532,3.4213
9533,3.2704
9534,3.7662
9535,3.3022
9536,3.5590
9537,3.2174
9538,3.2060
9539,3.3205
9540,3.3890
9541,3.3563
9542,3.5442
9543,3.3929
9544,5.9844
9545,3.9126
9546,5.4179
9547,4.5160
9548,5.0610
9549,4.1774
9550,8.3476
9551,6.4703
9552,4.2963
9553,5.9695
9554,5.4491
9555,3.9290
9556,5.9330
9557,3.4678
9558,4.2809
9559,4.5017
9560,4.5033
9561,3.4155
9562,4.5181
9563,4.3485
9564,3.4665
9565,3.5694
9566,4.1217
9567,3.8071
9568,3.2292
9569,3.4665
9570,3.9303
9571,3.2637
9572,3.3628
9573,3.8212
9574,3.4185
9575,3.2197
9576,3.6809
9577,3.4216
9578,3.2682
9579,3.2354
9580,3.2510
9581,3.2497
9582,3.2559
9583,3.3634
9584,4.8512
9585,4.8727
9586,4.5007
9587,4.7751
9588,4.1006
9589,6.6125
9590,5.6816
9591,3.2802
9592,3.3432
9593,3.1837
9594,3.3203
9595,3.3135
9596,3.1889
9597,3.3068
9598,3.2958
9599,3.3132
9600,3.4612
9601,4.0721
9602,3.4394
9603,3.3904
9604,3.3056
9605,3.7075
9606,3.2623
9607,3.8974
9608,3.2221
9609,3.3732
9610,3.8659
9611,3.2177
9612,3.8607
9613,3.7632
9614,4.2102
9615,4.0018
9616,3.4266
9617,4.4689
9618,3.3059
9619,3.4857
9620,4.1225
9621,3.6716
9622,4.3446
9623,3.9758
9624,4.1606
9625,6.5426
9626,3.8163
9627,4.6929
9628,5.0326
9629,4.1735
9630,3.1886
9631,3.5629
9632,4.9742
9633,3.9897
9634,3.4269
9635,3.6907
9636,3.1945
9637,3.7384
9638,3.2662
9639,3.5436
9640,3.6080
9641,3.4727
9642,3.5288
9643,3.4298
9644,3.2224
9645,3.5338
9646,3.4908
9647,3.7164
9648,3.7790
9649,3.2268
9650,3.9985
9651,3.3037
9652,3.9215
9653,3.6519
9654,4.6637
9655,3.8730
9656,3.5652
9657,4.7482
9658,5.3042
9659,3.2287
9660,3.5848
9661,3.3088
9662,4.4600
9663,4.3588
9664,3.7352
9665,3.8149
9666,4.0052
9667,3.5174
9668,5.0922
9669,3.3643
9670,4.8179
9671,4.4343
9672,4.7038
9673,4.5274
9674,3.3279
9675,3.6914
9676,3.6117
9677,4.4232
9678,3.4041
9679,4.1159
9680,4.2909
9681,3.9823
9682,3.6670
9683,3.5241
9684,3.7604
9685,3.7295
9686,3.4535
9687,4.4187
9688,4.3396
9689,3.3636
9690,6.1141
9691,3.2868
9692,5.4876
9693,3.7668
9694,3.6698
9695,3.6407
9696,5.1316
9697,3.6680
9698,3.6857
9699,3.2265
9700,3.6442
9701,3.3322
9702,3.9844
9703,3.2313
9704,3.8996
9705,4.9756
9706,3.2329
9707,3.6756
9708,3.7076
9709,3.4750
9710,3.6643
9711,3.6220
9712,3.4927
9713,3.4350
9714,3.5376
9715,3.6496
9716,3.3541
9717,4.8721
9718,6.9725
9719,4.0890
9720,4.5254
9721,4.6763
9722,3.1850
9723,3.7912
9724,3.3779
9725,3.4950
9726,3.3964
9727,4.2841
9728,3.5853
9729,3.2696
9730,3.4747
9731,4.7358
9732,3.5895
9733,4.0469
9734,3.4838
9735,3.8649
9736,3.4270
9737,3.3299
9738,4.0718
9739,3.6188
9740,4.1049
9741,3.7390
9742,3.5327
9743,4.1130
9744,3.2286
9745,3.7235
9746,4.2016
9747,3.4269
9748,4.1526
9749,3.5748
9750,5.4989
9751,4.2771
9752,4.3405
9753,4.9009
9754,3.3572
9755,3.5712
9756,3.4007
9757,3.4799
9758,3.6381
9759,3.9235
9760,4.3229
9761,4.0386
9762,3.4610
9763,4.7649
9764,4.1301
9765,3.9098
9766,3.4751
9767,3.3442
9768,4.2714
9769,3.6007
9770,4.3519
9771,3.8075
9772,5.5138
9773,4.5118
9774,4.1034
9775,4.6033
9776,3.1021
9777,4.2356
9778,3.8220
9779,3.4048
9780,3.4000
9781,3.4100
9782,4.6578
9783,3.3672
9784,3.6160
9785,3.3867
9786,3.5150
9787,3.4476
9788,3.2332
9789,3.3006
9790,3.2578
9791,3.5967
9792,3.8620
9793,4.3234
9794,3.3428
9795,3.9513
9796,4.3679
9797,3.6144
9798,3.9645
9799,3.5139
9800,4.1705
9801,4.1222
9802,3.6210
9803,4.4050
9804,3.7153
9805,3.7200
9806,4.0535
9807,3.5430
9808,3.3842
9809,3.4923
9810,3.2701
9811,3.7383
9812,4.1024
9813,3.5510
9814,3.3318
9815,3.3914
9816,3.2661
9817,4.0025
9818,3.9858
9819,4.7047
9820,3.3829
9821,3.8091
9822,3.2500
9823,3.4507
9824,4.0708
9825,4.2383
9826,3.5027
9827,3.4576
9828,4.1896
9829,4.1644
9830,3.9326
9831,3.7026
9832,4.0220
9833,3.3217
9834,3.4529
9835,4.0395
9836,4.3448
9837,3.8768
9838,3.6690
9839,3.4847
9840,3.4022
9841,3.1277
9842,3.5543
9843,4.1354
9844,4.0712
9845,4.2568
9846,3.2103
9847,3.4449
9848,3.6738
9849,3.5892
9850,3.8621
9851,3.3688
9852,5.2306
9853,5.1194
9854,3.2735
9855,3.9795
9856,4.4622
9857,3.3149
9858,4.0428
9859,4.0896
9860,3.9625
9861,3.7313
9862,3.4500
9863,3.3857
9864,3.3580
9865,3.4408
9866,3.2860
9867,3.2920
9868,3.3167
9869,3.4541
9870,3.4974
9871,3.3205
9872,3.3053
9873,3.2032
9874,3.2866
9875,3.3561
9876,3.2911
9877,3.5644
9878,3.5981
9879,3.2724
9880,4.4553
9881,3.4088
9882,5.4145
9883,3.5384
9884,3.3397
9885,4.5446
9886,3.4702
9887,3.8387
9888,4.0276
9889,3.7318
9890,6.0641
9891,3.9935
9892,3.6159
9893,4.7367
9894,3.5325
9895,4.6875
9896,3.6582
9897,4.1412
9898,3.7333
9899,4.3299
9900,4.0849
9901,3.5070
9902,4.4311
9903,3.7776
9904,3.4804
9905,4.7868
9906,3.3435
9907,4.1612
9908,3.7525
9909,3.1947
9910,3.6738
9911,3.3716
9912,3.2867
9913,3.6755
9914,3.8137
9915,3.5773
9916,3.4104
9917,3.7264
9918,3.6469
9919,3.2840
9920,3.9607
9921,3.2642
9922,4.2377
9923,3.6899
9924,3.1932
9925,4.0249
9926,3.7892
9927,3.3236
9928,3.7988
9929,3.3137
9930,4.2894
9931,3.4934
9932,3.9776
9933,4.8673
9934,3.2270
9935,3.6983
9936,3.3094
9937,3.6606
9938,3.3610
9939,3.4174
9940,3.7278
9941,4.1124
9942,3.4646
9943,5.4509
9944,3.6806
9945,3.2845
9946,4.6544
9947,4.3450
9948,4.0589
9949,4.1127
9950,4.3602
9951,7.2852
9952,4.9672
9953,4.4265
9954,3.9465
9955,4.1298
9956,8.7088
9957,5.0137
9958,4.4588
9959,5.2808
9960,5.1152
9961,5.7607
9962,3.5125
9963,3.6958
9964,4.5272
9965,3.7723
9966,3.1007
9967,4.5644
9968,5.0304
9969,4.0304
9970,3.8159
9971,3.4398
9972,3.6224
9973,4.4006
9974,4.0936
9975,4.1608
9976,3.7873
9977,5.3094
9978,4.5719
9979,5.1598
9980,4.6437
9981,3.4261
9982,4.3793
9983,3.6259
9984,3.2939
9985,3.7665
9986,3.5492
9987,3.4855
9988,3.8692
9989,3.2596
9990,4.0314
9991,3.5520
9992,3.3870
9993,3.9838
9994,3.2152
9995,4.0840
9996,3.2770
9997,3.4010
9998,3.6556
9999,3.2737
10000,4.2435
10001,3.4612
10002,3.4135
10003,3.3330
10004,3.4342
10005,3.8766
10006,3.9345
10007,3.2927
10008,4.6678
10009,6.6826
10010,6.5457
10011,5.0827
10012,5.3236
10013,4.3240
10014,6.3771
10015,6.2898
10016,5.4724
10017,5.3532
10018,4.2964
10019,3.8940
10020,4.2691
10021,5.2745
10022,4.0085
10023,4.6219
10024,3.7439
10025,3.6291
10026,4.5067
10027,3.7995
10028,3.6111
10029,4.3260
10030,3.8202
10031,2.6036
10032,3.5871
10033,3.5595
10034,3.5894
10035,4.5109
10036,3.2917
10037,3.5056
10038,3.6672
10039,4.7133
10040,3.4400
10041,3.3086
10042,3.5655
10043,3.2256
10044,4.0261
10045,3.2409
10046,3.3099
10047,3.3905
10048,3.3383
10049,4.0835
10050,6.1314
10051,4.6830
10052,3.7146
10053,3.5886
10054,4.3209
10055,3.9449
10056,3.3261
10057,3.3981
10058,3.3696
10059,3.3315
10060,3.8475
10061,5.2949
10062,3.8243
10063,3.2862
10064,3.2905
10065,3.4321
10066,3.2096
10067,3.3094
10068,3.8579
10069,3.7672
10070,3.3104
10071,3.3990
10072,3.5909
10073,3.5466
10074,3.2791
10075,3.5935
10076,4.3861
10077,3.5252
10078,3.6274
10079,3.8736
10080,3.9201
10081,3.3714
10082,3.7608
10083,4.2338
10084,3.3538
10085,3.3760
10086,3.4066
10087,4.6954
10088,4.4328
10089,10.9566
10090,4.8199
10091,4.2326
10092,4.1889
10093,4.7735
10094,3.3720
10095,3.4640
10096,3.3701
10097,4.7133
10098,3.3229
10099,5.4065
10100,3.8843
10101,3.1921
10102,3.4904
10103,3.3013
10104,3.2565
10105,3.6822
10106,3.2760
10107,3.6690
10108,3.2727
10109,3.5915
10110,3.6699
10111,3.4267
10112,4.8099
10113,3.2304
10114,3.4495
10115,3.3503
10116,3.9679
10117,3.2484
10118,3.6540
10119,3.4016
10120,5.6575
10121,4.5874
10122,4.2033
10123,5.5081
10124,4.9959
10125,3.6739
10126,3.3471
10127,3.5291
10128,3.5076
10129,3.7202
10130,3.7150
10131,4.3842
10132,3.3712
10133,3.5115
10134,4.0019
10135,4.7213
10136,4.0760
10137,3.5301
10138,3.6271
10139,3.6167
10140,3.9971
10141,3.4822
10142,3.4312
10143,4.1494
10144,3.4132
10145,3.7995
10146,3.3087
10147,3.0618
10148,4.1889
10149,3.4312
10150,3.5677
10151,3.2884
10152,3.4514
10153,3.7125
10154,3.2032
10155,5.5752
10156,5.3292
10157,5.5053
10158,4.2850
10159,3.4362
10160,9.3095
10161,4.1248
10162,3.4365
10163,3.6165
10164,3.4313
10165,3.4599
10166,3.2365
10167,3.3934
10168,3.7008
10169,3.3609
10170,3.4759
10171,3.5270
10172,3.2807
10173,3.6200
10174,3.3283
10175,4.2303
10176,3.3415
10177,3.6022
10178,3.3502
10179,3.2927
10180,3.6408
10181,3.2968
10182,3.4356
10183,3.4491
10184,3.2966
10185,3.1865
10186,3.3416
10187,3.7298
10188,4.4965
10189,4.1487
10190,4.5226
10191,4.7409
10192,10.4318
10193,6.6214
10194,6.5866
10195,4.2786
10196,5.1086
10197,6.0275
10198,10.2931
10199,5.4925
10200,3.8033
10201,3.5468
10202,3.9187
10203,3.9701
10204,5.0661
10205,5.6601
10206,3.3897
10207,3.7597
10208,3.4082
10209,3.2861
10210,3.9357
10211,4.0142
10212,3.9788
10213,3.3668
10214,3.2026
10215,3.2538
10216,3.4508
10217,3.4493
10218,3.2294
10219,3.4221
10220,3.3227
10221,3.1963
10222,3.4862
10223,3.3931
10224,3.3257
10225,3.8002
10226,3.9586
10227,3.4751
10228,3.4528
10229,5.4300
10230,4.2473
10231,6.5355
10232,5.0160
10233,4.0149
10234,3.4558
10235,3.3488
10236,3.2604
10237,5.0550
10238,3.9921
10239,3.3471
10240,3.2206
10241,3.2739
10242,5.2674
10243,3.7480
10244,3.3838
10245,3.5197
10246,3.5215
10247,3.6108
10248,3.4517
10249,3.4803
10250,4.6019
10251,4.3685
10252,4.2477
10253,3.4518
10254,3.7243
10255,5.1522
10256,4.5463
10257,4.0169
10258,3.3846
10259,3.5234
10260,3.3697
10261,3.5695
10262,3.5055
10263,5.0914
10264,3.7737
10265,7.5922
10266,8.5912
10267,5.1783
10268,4.1426
10269,3.4304
10270,5.8801
10271,3.6477
10272,3.3171
10273,3.5037
10274,4.2096
10275,6.3856
10276,3.8704
10277,3.4242
10278,3.2974
10279,3.3315
10280,4.0954
10281,3.2354
10282,3.3003
10283,3.4528
10284,3.7058
10285,3.6208
10286,3.2733
10287,3.3522
10288,3.4164
10289,3.2124
10290,3.4021
10291,3.9458
10292,3.2359
10293,3.3234
10294,3.2626
10295,3.3936
10296,3.2625
10297,3.1979
10298,3.7265
10299,3.2534
10300,3.5287
10301,3.4551
10302,3.4379
10303,4.8708
10304,3.6292
10305,3.5805
10306,4.1182
10307,3.5213
10308,4.2661
10309,3.2211
10310,4.2115
10311,3.8454
10312,3.6612
10313,3.3467
10314,3.3130
10315,3.6031
10316,4.4719
10317,4.5578
10318,3.9102
10319,3.3565
10320,4.2296
10321,3.7646
10322,3.4138
10323,4.1002
10324,3.3421
10325,3.4928
10326,3.7500
10327,3.2706
10328,3.5846
10329,3.3850
10330,3.4387
10331,3.2640
10332,3.3010
10333,3.3944
10334,3.3374
10335,4.5004
10336,3.6490
10337,3.8072
10338,3.4445
10339,3.4475
10340,3.4071
10341,3.1643
10342,3.5621
10343,3.5946
10344,3.3286
10345,3.5094
10346,3.2586
10347,3.3639
10348,3.5294
10349,3.4136
10350,4.3450
10351,3.3593
10352,3.5237
10353,3.6995
10354,3.3307
10355,3.4895
10356,3.1796
10357,3.4594
10358,3.3485
10359,3.4561
10360,3.2281
10361,3.2191
10362,3.4758
10363,3.2379
10364,3.3915
10365,3.2046
10366,3.5486
10367,3.5182
10368,3.4043
10369,3.3208
10370,3.3938
10371,3.6672
10372,3.3169
10373,3.3295
10374,3.5950
10375,3.4888
10376,3.4639
10377,3.5784
10378,3.8549
10379,4.1297
10380,3.3815
10381,3.7777
10382,3.5677
10383,3.7131
10384,3.4952
10385,3.3509
10386,3.2748
10387,3.8558
10388,3.2978
10389,3.5451
10390,3.5225
10391,3.2935
10392,3.2378
10393,3.6640
10394,3.3346
10395,3.3250
10396,4.1781
10397,4.5215
10398,5.0593
10399,4.4113
10400,4.3377
10401,4.0893
10402,4.7204
10403,3.5694
10404,3.4197
10405,3.5744
10406,3.4577
10407,4.5583
10408,4.1627
10409,3.3526
10410,3.5182
10411,3.1913
10412,3.5943
10413,3.9395
10414,3.2783
10415,3.6415
10416,3.3463
10417,4.2551
10418,3.4719
10419,3.3831
10420,4.1773
10421,3.3410
10422,3.4240
10423,3.6814
10424,3.2749
10425,4.5268
10426,3.4126
10427,5.9720
10428,5.5135
10429,5.3981
10430,5.8148
10431,4.9755
10432,5.5859
10433,5.2985
10434,4.6166
10435,4.6664
10436,4.1275
10437,3.9892
10438,4.8757
10439,3.7300
10440,4.0861
10441,3.5271
10442,3.5786
10443,3.6259
10444,4.0491
10445,4.3174
10446,3.3890
10447,4.7702
10448,4.3406
10449,3.6269
10450,3.7081
10451,3.3647
10452,3.4324
10453,3.2497
10454,3.4761
10455,3.3495
10456,3.1947
10457,3.2903
10458,3.4834
10459,3.2708
10460,3.3483
10461,3.2399
10462,5.6944
10463,3.6519
10464,3.3810
10465,4.3411
10466,3.2814
10467,3.2327
10468,3.3322
10469,3.6006
10470,4.7641
10471,3.6986
10472,3.1659
10473,3.2008
10474,3.4436
10475,3.2340
10476,3.3236
10477,3.2915
10478,3.4601
10479,3.2807
10480,3.4267
10481,3.4987
10482,3.2482
10483,3.2502
10484,3.2923
10485,3.2647
10486,3.3945
10487,3.5560
10488,3.4094
10489,3.4938
10490,3.9026
10491,4.7438
10492,4.3396
10493,3.4287
10494,4.3611
10495,4.5851
10496,5.6326
10497,4.3802
10498,3.9014
10499,3.3292
10500,3.7079
10501,3.2743
10502,3.6772
10503,3.6454
10504,3.3694
10505,3.1459
10506,3.3973
10507,3.4373
10508,3.5261
10509,3.3184
10510,3.4428
10511,3.2652
10512,3.4365
10513,3.2864
10514,3.3537
10515,3.3799
10516,3.5569
10517,3.4277
10518,6.1696
10519,3.6603
10520,3.3420
10521,3.4102
10522,3.3189
10523,3.3593
10524,3.2846
10525,3.3747
10526,4.0520
10527,4.5307
10528,4.5368
10529,4.1481
10530,5.7918
10531,5.4271
10532,3.3099
10533,3.7026
10534,3.3098
10535,3.2465
10536,4.0031
10537,3.2292
10538,3.4039
10539,3.1805
10540,3.3065
10541,3.6310
10542,3.2839
10543,3.5169
10544,3.5691
10545,3.8455
10546,3.2658
10547,3.5296
10548,4.0215
10549,3.4904
10550,3.3768
10551,4.5014
10552,3.6401
10553,4.4061
10554,3.4300
10555,4.0155
10556,3.5625
10557,4.1298
10558,3.3896
10559,4.6291
10560,3.7750
10561,4.1452
10562,4.5936
10563,4.2539
10564,6.5020
10565,6.1114
10566,3.0772
10567,5.9669
10568,4.6497
10569,3.7001
10570,3.2556
10571,3.6303
10572,3.2341
10573,5.9485
10574,4.4036
10575,3.3652
10576,3.5248
10577,3.2850
10578,3.3182
10579,3.7669
10580,3.4713
10581,3.4577
10582,3.3986
10583,3.3021
10584,3.3796
10585,3.3682
10586,3.2803
10587,3.3521
10588,3.3411
10589,3.4236
10590,3.6899
10591,5.3650
10592,3.8678
10593,3.5096
10594,3.5964
10595,3.4262
10596,3.2648
10597,3.4293
10598,3.3022
10599,3.5965
10600,3.8255
10601,3.8802
10602,3.3034
10603,3.2232
10604,3.3231
10605,3.2395
10606,3.3107
10607,3.2243
10608,3.2573
10609,3.2964
10610,5.0340
10611,3.3605
10612,3.2665
10613,3.4938
10614,4.2595
10615,3.4021
10616,3.3494
10617,3.3402
10618,3.3789
10619,3.3727
10620,3.5791
10621,3.4000
10622,3.2589
10623,3.5641
10624,3.3865
10625,3.5673
10626,2.8689
10627,3.7307
10628,3.9162
10629,3.3874
10630,3.8296
10631,3.3635
10632,3.5551
10633,3.2098
10634,3.1649
10635,3.2051
10636,3.4237
10637,3.4953
10638,3.2817
10639,3.2041
10640,3.2599
10641,3.4244
10642,3.5685
10643,3.4003
10644,4.8885
10645,4.0636
10646,3.4194
10647,3.4543
10648,3.3290
10649,3.5348
10650,3.3571
10651,3.7794
10652,3.7775
10653,3.5325
10654,4.3407
10655,4.0724
10656,3.5826
10657,3.3572
10658,3.2520
10659,3.4266
10660,3.9103
10661,3.8055
10662,3.5637
10663,3.3717
10664,3.3277
10665,3.8923
10666,3.5641
10667,3.7183
10668,3.5034
10669,3.9719
10670,3.2369
10671,3.3059
10672,3.3793
10673,3.4376
10674,3.2973
10675,3.3272
10676,4.9752
10677,5.1033
10678,3.3665
10679,3.3408
10680,3.4878
10681,3.4517
10682,4.7882
10683,3.9535
10684,3.5282
10685,3.4823
10686,3.4824
10687,3.5618
10688,3.3936
10689,2.8533
10690,3.5355
10691,3.3010
10692,3.2048
10693,3.2356
10694,3.2284
10695,3.2034
10696,3.1969
10697,3.3229
10698,3.1905
10699,3.1804
10700,3.2854
10701,3.4086
10702,3.2897
10703,3.3581
10704,3.1697
10705,3.4026
10706,3.5753
10707,3.3267
10708,3.3659
10709,3.1869
10710,3.2166
10711,3.1549
10712,3.5995
10713,3.1948
10714,3.2705
10715,3.2098
10716,3.4647
10717,3.2352
10718,3.2540
10719,3.2082
10720,3.9065
10721,3.1712
10722,3.2092
10723,3.5272
10724,3.3022
10725,3.5894
10726,3.3535
10727,3.2829
10728,3.4593
10729,3.2831
10730,3.5524
10731,3.2790
10732,3.8914
10733,3.9172
10734,3.2652
10735,3.9788
10736,3.3374
10737,3.6117
10738,4.9665
10739,3.4313
10740,4.4165
10741,3.3761
10742,3.3305
10743,3.9441
10744,3.2995
10745,3.8927
10746,3.6067
10747,4.2859
10748,3.6079
10749,3.9326
10750,3.7326
10751,3.3122
10752,4.4881
10753,3.3514
10754,3.1420
10755,3.4570
10756,3.2344
10757,3.5309
10758,3.2109
10759,3.3180
10760,3.6122
10761,3.2061
10762,3.5427
10763,3.4963
10764,3.4946
10765,3.5875
10766,3.2785
10767,4.1166
10768,3.4869
10769,3.2699
10770,3.4390
10771,3.1971
10772,3.5831
10773,4.4041
10774,3.1090
10775,4.0535
10776,3.4103
10777,3.3442
10778,3.2107
10779,3.1624
10780,3.3802
10781,3.1633
10782,3.1713
10783,3.1883
10784,3.3290
10785,3.3459
10786,3.2264
10787,3.2050
10788,3.2223
10789,3.2999
10790,3.2051
10791,3.2398
10792,3.5580
10793,3.6442
10794,3.4336
10795,3.2837
10796,3.2820
10797,4.6141
10798,3.7107
10799,3.3915
10800,3.2199
10801,3.4418
10802,3.3937
10803,3.4197
10804,3.3471
10805,3.7100
10806,3.3528
10807,3.6324
10808,3.4775
10809,3.5490
10810,3.4598
10811,3.2911
10812,3.3486
10813,3.5463
10814,3.1508
10815,3.1980
10816,3.3352
10817,3.1972
10818,3.2859
10819,3.2289
10820,3.7564
10821,3.1904
10822,3.4961
10823,3.6592
10824,3.4765
10825,4.1763
10826,3.3264
10827,3.7527
10828,4.4892
10829,4.1851
10830,4.4717
10831,3.3867
10832,3.6552
10833,3.6285
10834,4.2831
10835,4.3372
10836,3.3664
10837,3.9617
10838,3.3674
10839,3.3713
10840,3.6081
10841,3.1101
10842,3.7222
10843,3.3738
10844,3.2286
10845,3.2062
10846,3.1718
10847,3.3326
10848,4.6485
10849,3.2545
10850,3.2526
10851,3.2376
10852,3.1595
10853,3.2990
10854,3.3113
10855,3.4365
10856,3.4023
10857,3.2522
10858,3.5813
10859,3.5341
10860,3.4571
10861,3.2430
10862,3.7570
10863,3.3835
10864,3.3829
10865,3.3531
10866,3.3856
10867,3.3470
10868,4.3923
10869,4.3919
10870,3.7241
10871,2.1617
10872,3.3729
10873,4.4202
10874,3.2915
10875,3.7789
10876,3.1828
10877,3.6467
10878,3.6362
10879,3.2281
10880,3.8177
10881,3.2018
10882,4.0647
10883,5.2796
10884,3.2053
10885,3.5097
10886,3.2228
10887,3.4520
10888,3.3511
10889,3.2713
10890,3.4412
10891,3.2469
10892,3.4243
10893,3.4159
10894,3.4374
10895,3.2022
10896,3.4078
10897,3.2310
10898,3.1690
10899,3.3430
10900,3.2340
10901,3.2537
10902,3.2628
10903,3.3609
10904,3.3141
10905,3.4146
10906,3.3542
10907,3.3480
10908,3.2809
10909,3.3499
10910,3.2016
10911,3.2625
10912,3.1919
10913,3.4383
10914,3.4773
10915,3.2665
10916,3.3264
10917,3.8584
10918,3.6951
10919,3.3544
10920,3.3553
10921,3.4532
10922,3.7350
10923,3.3211
10924,3.4303
10925,3.5274
10926,3.4600
10927,3.4619
10928,4.5832
10929,3.4033
10930,4.3873
10931,3.6060
10932,3.6953
10933,3.8583
10934,3.3989
10935,4.0947
10936,3.2405
10937,3.5152
10938,3.6188
10939,3.2059
10940,3.5717
10941,3.6098
10942,3.1646
10943,3.4234
10944,3.2312
10945,3.7766
10946,3.1474
10947,3.2176
10948,3.3440
10949,3.1294
10950,3.2354
10951,3.1769
10952,3.3008
10953,3.2068
10954,3.1296
10955,3.4827
10956,3.2404
10957,3.2557
10958,3.5788
10959,3.3261
10960,3.4089
10961,3.3680
10962,3.3826
10963,3.2203
10964,3.2961
10965,3.5193
10966,3.2969
10967,3.1341
10968,3.5443
10969,3.3377
10970,3.6897
10971,3.2330
10972,3.9125
10973,4.1153
10974,3.2945
10975,4.3710
10976,4.0028
10977,4.5120
10978,4.9623
10979,3.7740
10980,3.8326
10981,3.5004
10982,4.0104
10983,3.8236
10984,3.3418
10985,3.6554
10986,3.3717
10987,3.9284
10988,3.9193
10989,3.3536
10990,4.3903
10991,2.4055
10992,3.4280
10993,3.8200
10994,3.4739
10995,3.4288
10996,3.2028
10997,3.2323
10998,4.4594
10999,3.1557
11000,3.5680
11001,3.3194
11002,3.5239
11003,3.6261
11004,3.4316
11005,4.1329
11006,3.3682
11007,3.6175
11008,3.7572
11009,3.5115
11010,4.1960
11011,3.3021
11012,4.0021
11013,4.1040
11014,3.3976
11015,3.7387
11016,3.3227
11017,3.4566
11018,3.3362
11019,3.5521
11020,3.7443
11021,3.4267
11022,3.7632
11023,3.3233
11024,3.4085
11025,3.2006
11026,3.3526
11027,3.4633
11028,3.1983
11029,3.2055
11030,3.3861
11031,3.1447
11032,3.3103
11033,3.2841
11034,3.3387
11035,3.3001
11036,3.2994
11037,3.2385
11038,3.4788
11039,3.3875
11040,3.8982
11041,3.4855
11042,3.3608
11043,3.4432
11044,3.4345
11045,3.9162
11046,3.3550
11047,4.3455
11048,3.9098
11049,3.3120
11050,4.2266
11051,3.3945
11052,3.3133
11053,3.3378
11054,3.5698
11055,3.8348
11056,3.2207
11057,3.2545
11058,3.6046
11059,3.2336
11060,3.6481
11061,3.3190
11062,3.2588
11063,3.8135
11064,3.3274
11065,3.5394
11066,3.2585
11067,3.6318
11068,3.7817
11069,3.4328
11070,4.0457
11071,4.4051
11072,4.1177
11073,4.4372
11074,4.1529
11075,3.6787
11076,3.3872
11077,4.1765
11078,3.8757
11079,3.3654
11080,4.3994
11081,3.3595
11082,4.0947
11083,3.5452
11084,4.1751
11085,3.2844
11086,3.2060
11087,3.3444
11088,3.2360
11089,3.2102
11090,3.1411
11091,3.3287
11092,3.2353
11093,3.1901
11094,3.1866
11095,3.2773
11096,3.2899
11097,3.3163
11098,3.2277
11099,3.2141
11100,3.6960
11101,3.3741
11102,3.3037
11103,3.2747
11104,3.7406
11105,4.4273
11106,3.3700
11107,3.6751
11108,3.6260
11109,3.4885
11110,4.2626
11111,3.3396
11112,4.2576
11113,3.8603
11114,3.3656
11115,3.8754
11116,3.4092
11117,3.0106
11118,3.7818
11119,3.3876
11120,4.2918
11121,3.4254
11122,3.2166
11123,3.8068
11124,3.2996
11125,3.5750
11126,3.2643
11127,3.4736
11128,3.5161
11129,3.2355
11130,3.7852
11131,3.6629
11132,4.7421
11133,6.3585
11134,3.7649
11135,4.4983
11136,3.4669
11137,4.7621
11138,3.4617
11139,3.4455
11140,3.8342
11141,3.5742
11142,3.6927
11143,4.2075
11144,3.4157
11145,3.6817
11146,3.3003
11147,3.7915
11148,3.3025
11149,4.0711
11150,3.9342
11151,3.3420
11152,3.7718
11153,3.4971
11154,3.5170
11155,3.5811
11156,3.2274
11157,3.5223
11158,3.1620
11159,3.4265
11160,3.3885
11161,3.2748
11162,3.5080
11163,3.2092
11164,3.2091
11165,3.1867
11166,3.3086
11167,3.1839
11168,3.2059
11169,3.2587
11170,3.1814
11171,3.2341
11172,3.2183
11173,3.1960
11174,3.3323
11175,3.2177
11176,3.3252
11177,3.1675
11178,3.3102
11179,3.3307
11180,3.2198
11181,3.1658
11182,3.4816
11183,3.4191
11184,3.4397
11185,3.3518
11186,3.2963
11187,3.2143
11188,3.4222
11189,3.2479
11190,3.6929
11191,3.4565
11192,3.5925
11193,3.5508
11194,3.9851
11195,4.1804
11196,3.2655
11197,3.5339
11198,3.4969
11199,3.3544
11200,3.7355
11201,3.3924
11202,3.3747
11203,3.4429
11204,3.4303
11205,3.3431
11206,2.8308
11207,3.5457
11208,3.3686
11209,3.6459
11210,3.5444
11211,3.1936
11212,3.3021
11213,3.5938
11214,3.2253
11215,3.3616
11216,3.3635
11217,3.2603
11218,3.1887
11219,3.3202
11220,3.5083
11221,3.3310
11222,3.2874
11223,3.3469
11224,3.2651
11225,3.3015
11226,3.4630
11227,3.2510
11228,3.2657
11229,3.2836
11230,3.4009
11231,3.2731
11232,3.2415
11233,3.3503
11234,3.2527
11235,3.4190
11236,3.4043
11237,3.3367
11238,3.2354
11239,3.3551
11240,3.2843
11241,3.2698
11242,3.1728
11243,3.2916
11244,3.2077
11245,3.4578
11246,3.2450
11247,3.5368
11248,3.2687
11249,3.4022
11250,3.3315
11251,3.3566
11252,3.3436
11253,3.7225
11254,3.3983
11255,3.4120
11256,3.4372
11257,3.2918
11258,3.5698
11259,3.4603
11260,4.0477
11261,3.4822
11262,3.7031
11263,3.7785
11264,3.3102
11265,4.8753
11266,3.4932
11267,3.5271
11268,3.2503
11269,3.2092
11270,3.3241
11271,3.2559
11272,3.1485
11273,3.1727
11274,3.2576
11275,3.4273
11276,4.5320
11277,3.9883
11278,3.1765
11279,3.3828
11280,3.1994
11281,3.3715
11282,3.3260
11283,3.9677
11284,3.3040
11285,3.2808
11286,3.2567
11287,3.2401
11288,3.2495
11289,3.3536
11290,3.1973
11291,3.3904
11292,3.2815
11293,3.2645
11294,3.2432
11295,3.2594
11296,3.3359
11297,3.3740
11298,3.3666
11299,3.2552
11300,3.3249
11301,3.3099
11302,3.2077
11303,3.5119
11304,3.2605
11305,3.3028
11306,3.2569
11307,3.8924
11308,3.9138
11309,4.4172
11310,3.4634
11311,4.7176
11312,5.2431
11313,4.0608
11314,3.9122
11315,3.6445
11316,3.6059
11317,4.0608
11318,3.5435
11319,3.8637
11320,3.7700
11321,3.5348
11322,3.4024
11323,3.4340
11324,3.3849
11325,3.4379
11326,3.0026
11327,3.3924
11328,3.3361
11329,3.2118
11330,3.1724
11331,3.2598
11332,3.2340
11333,3.2766
11334,3.1918
11335,3.2169
11336,3.8564
11337,3.2585
11338,4.1250
11339,3.2943
11340,4.9079
11341,3.2687
11342,3.3645
11343,4.1995
11344,4.6607
11345,4.1273
11346,3.4404
11347,3.3308
11348,4.4414
11349,3.3658
11350,3.7503
11351,2.9110
11352,3.2952
11353,3.5271
11354,3.5211
11355,3.7395
11356,2.8398
11357,3.6698
11358,3.7993
11359,3.6632
11360,3.8461
11361,3.2053
11362,3.7215
11363,3.5839
11364,3.2785
11365,4.3367
11366,3.2324
11367,3.8227
11368,3.5249
11369,3.2441
11370,3.5589
11371,3.4608
11372,3.6635
11373,4.9561
11374,3.3961
11375,4.1713
11376,4.8097
11377,3.8109
11378,3.3678
11379,3.6587
11380,3.8167
11381,3.4217
11382,4.2000
11383,3.6029
11384,3.8505
11385,3.6223
11386,3.3307
11387,3.6672
11388,3.9031
11389,2.8995
11390,3.6986
11391,3.5722
11392,3.1550
11393,3.8731
11394,3.2369
11395,3.6113
11396,3.2717
11397,3.8224
11398,3.5288
11399,3.3506
11400,3.4661
11401,3.3405
11402,3.6319
11403,3.7313
11404,3.5983
11405,3.5361
11406,3.3733
11407,3.7015
11408,4.4324
11409,3.5749
11410,3.5805
11411,3.4436
11412,3.5468
11413,3.3135
11414,3.4270
11415,3.5294
11416,3.6030
11417,3.4238
11418,3.3771
11419,3.4031
11420,2.5028
11421,3.1685
11422,3.4233
11423,3.1386
11424,3.3421
11425,3.3479
11426,4.1114
11427,3.2562
11428,3.2774
11429,3.4855
11430,3.3510
11431,3.1917
11432,3.2635
11433,3.2624
11434,3.2901
11435,3.3677
11436,3.4557
11437,3.3175
11438,4.8866
11439,4.2094
11440,4.3791
11441,3.3641
11442,4.5190
11443,3.8105
11444,3.3877
11445,4.1333
11446,3.6225
11447,4.0580
11448,3.6453
11449,3.7714
11450,3.1139
11451,3.4409
11452,3.6053
11453,3.5591
11454,3.2370
11455,3.4338
11456,3.1846
11457,3.6997
11458,3.3987
11459,3.3269
11460,3.5126
11461,3.2495
11462,3.6601
11463,3.3145
11464,3.2786
11465,3.4499
11466,3.4035
11467,3.4178
11468,3.3879
11469,4.1028
11470,12.9501
11471,6.6719
11472,4.1866
11473,3.4602
11474,3.3620
11475,3.4344
11476,3.4196
11477,4.1135
11478,3.4717
11479,4.1543
11480,3.4375
11481,3.3398
11482,3.4115
11483,2.5156
11484,3.6662
11485,3.3788
11486,3.2066
11487,3.2738
11488,3.2249
11489,3.3169
11490,3.5259
11491,3.2672
11492,3.2353
11493,3.4565
11494,3.3774
11495,3.3624
11496,3.2372
11497,3.3638
11498,3.8307
11499,3.2490
11500,3.3237
11501,3.1581
11502,3.7734
11503,3.7953
11504,3.3178
11505,3.7251
11506,3.3230
11507,3.3451
11508,3.5054
11509,3.2804
11510,3.5139
11511,3.2817
11512,3.5131
11513,3.6368
11514,3.2484
11515,3.6027
11516,3.2290
11517,3.4611
11518,3.3121
11519,3.3473
11520,3.6867
11521,3.2071
11522,3.1695
11523,3.8767
11524,3.4616
11525,3.4485
11526,3.2543
11527,3.4582
11528,3.9535
11529,3.5513
11530,3.3741
11531,3.3103
11532,3.4439
11533,3.3982
11534,3.4801
11535,3.4409
11536,3.4394
11537,4.4892
11538,3.7509
11539,3.5976
11540,3.2655
11541,3.3621
11542,4.7826
11543,4.1017
11544,3.1984
11545,3.4923
11546,3.2627
11547,3.7464
11548,3.4947
11549,3.1999
11550,3.4790
11551,3.3407
11552,3.1157
11553,3.3372
11554,3.2866
11555,3.5625
11556,3.1802
11557,4.5334
11558,3.2710
11559,3.2623
11560,3.5087
11561,3.2798
11562,3.2488
11563,3.2741
11564,3.2850
11565,3.4450
11566,3.3329
11567,3.1720
11568,3.3238
11569,3.1888
11570,3.2150
11571,3.1925
11572,3.2786
11573,3.1949
11574,3.2487
11575,3.2447
11576,3.4016
11577,3.4733
11578,3.3306
11579,3.1990
11580,3.2161
11581,3.2657
11582,3.2531
11583,3.1938
11584,3.2830
11585,3.4186
11586,3.2707
11587,3.3860
11588,4.2219
11589,4.2134
11590,3.4332
11591,3.1966
11592,3.3425
11593,3.4208
11594,3.6014
11595,4.1117
11596,3.4631
11597,3.5394
11598,3.5977
11599,3.4220
11600,3.6327
11601,3.0705
11602,3.4265
11603,3.7233
11604,3.4428
11605,3.3850
11606,3.3574
11607,3.1523
11608,3.5124
11609,3.3207
11610,3.5881
11611,3.4020
11612,3.5240
11613,3.5981
11614,3.3058
11615,3.7292
11616,3.3278
11617,3.9638
11618,3.6086
11619,5.0284
11620,3.9751
11621,3.2220
11622,3.4766
11623,3.3193
11624,4.8620
11625,4.7383
11626,3.4866
11627,3.3217
11628,3.4119
11629,3.5082
11630,3.4650
11631,2.9774
11632,3.7804
11633,3.4684
11634,3.6619
11635,3.3249
11636,3.3382
11637,3.7198
11638,3.2833
11639,3.1851
11640,3.5578
11641,3.2101
11642,3.4951
11643,3.1956
11644,3.2307
11645,3.2185
11646,3.3658
11647,3.3199
11648,3.2556
11649,3.5178
11650,3.2240
11651,3.1724
11652,3.1912
11653,3.3618
11654,3.2507
11655,3.1686
11656,3.2144
11657,3.2590
11658,3.2557
11659,3.1872
11660,3.3196
11661,3.2151
11662,3.2371
11663,3.2641
11664,3.2440
11665,3.1986
11666,3.4093
11667,3.5264
11668,3.2315
11669,3.2627
11670,3.6453
11671,3.3972
11672,3.6564
11673,4.1348
11674,3.2667
11675,3.4757
11676,3.2761
11677,3.9195
11678,3.3949
11679,3.3054
11680,4.0204
11681,4.3077
11682,4.5766
11683,3.7922
11684,3.5517
11685,4.1900
11686,4.3797
11687,3.6363
11688,3.3963
11689,3.3405
11690,3.7414
11691,3.3674
11692,3.7478
11693,3.0151
11694,3.4420
11695,3.7209
11696,3.2593
11697,3.5509
11698,3.4650
11699,3.6175
11700,3.7662
11701,3.2920
11702,3.3523
11703,3.2184
11704,3.5468
11705,3.2708
11706,3.3300
11707,3.2806
11708,3.2966
11709,3.4953
11710,3.3411
11711,3.5179
11712,4.9338
11713,4.5880
11714,3.4372
11715,3.4290
11716,3.6519
11717,3.3808
11718,3.3743
11719,3.3382
11720,3.4949
11721,3.3769
11722,3.7529
11723,3.5120
11724,3.2882
11725,2.8671
11726,3.5088
11727,3.5121
11728,3.2255
11729,3.1704
11730,3.2382
11731,3.3840
11732,3.2273
11733,3.4729
11734,3.2328
11735,3.6846
11736,3.2291
11737,3.2596
11738,3.8860
11739,3.3058
11740,3.8643
11741,3.2632
11742,3.2931
11743,4.5873
11744,3.9350
11745,3.7359
11746,3.3415
11747,3.3356
11748,4.5198
11749,3.3286
11750,3.7356
11751,3.3917
11752,3.7060
11753,3.4815
11754,3.3258
11755,3.9008
11756,2.5375
11757,3.7698
11758,3.7868
11759,4.5687
11760,3.9034
11761,3.3016
11762,3.6039
11763,3.7075
11764,3.2400
11765,3.5175
11766,3.2634
11767,3.3288
11768,3.7091
11769,3.2554
11770,3.6864
11771,3.1838
11772,3.6292
11773,3.5266
11774,3.4027
11775,3.7030
11776,3.2866
11777,4.3191
11778,3.5391
11779,3.3769
11780,3.5765
11781,3.3570
11782,3.8269
11783,3.2704
11784,3.2162
11785,3.5494
11786,3.3035
11787,3.4758
11788,3.2894
11789,4.8469
11790,4.4036
11791,3.3364
11792,3.5302
11793,3.2253
11794,3.1654
11795,3.6516
11796,3.2355
11797,3.6734
11798,3.9255
11799,3.2853
11800,4.0634
11801,3.6296
11802,4.7635
11803,3.3843
11804,3.4440
11805,3.4507
11806,3.4282
11807,3.6235
11808,4.2264
11809,3.3307
11810,3.2740
11811,3.4605
11812,3.3697
11813,3.3899
11814,3.1921
11815,3.3140
11816,3.4813
11817,3.4205
11818,3.5200
11819,3.3871
11820,3.2416
11821,3.2511
11822,3.2822
11823,3.2566
11824,3.1899
11825,3.4246
11826,3.2140
11827,3.2261
11828,3.6090
11829,3.3849
11830,3.8685
11831,3.3075
11832,3.9580
11833,4.5154
11834,4.1098
11835,4.4645
11836,3.3645
11837,3.8621
11838,4.1733
11839,3.4971
11840,3.6832
11841,3.4865
11842,3.5604
11843,3.5588
11844,3.5264
11845,3.5769
11846,2.9046
11847,3.8849
11848,3.2379
11849,3.1841
11850,3.8009
11851,3.2711
11852,3.7256
11853,3.3262
11854,4.6906
11855,3.8510
11856,3.4617
11857,3.4949
11858,3.2542
11859,3.4331
11860,3.5711
11861,3.5054
11862,4.0340
11863,3.3261
11864,3.3932
11865,4.8387
11866,4.1367
11867,3.8394
11868,3.2556
11869,3.6401
11870,3.8210
11871,3.3984
11872,3.5937
11873,3.4434
11874,3.3705
11875,3.5996
11876,3.3604
11877,3.7536
11878,2.5473
11879,3.2321
11880,3.9701
11881,4.2914
11882,3.7731
11883,3.3222
11884,3.2268
11885,3.1962
11886,3.2191
11887,3.7132
11888,3.4178
11889,3.1722
11890,3.2113
11891,3.2595
11892,3.3517
11893,3.2621
11894,3.2797
11895,3.2133
11896,3.1969
11897,3.2937
11898,3.2652
11899,3.5665
11900,3.2278
11901,3.3881
11902,3.1245
11903,3.3034
11904,3.2000
11905,3.3265
11906,3.2101
11907,3.3410
11908,3.5391
11909,3.4085
11910,3.5439
11911,3.1911
11912,3.3135
11913,3.2442
11914,3.2556
11915,3.2512
11916,3.2406
11917,3.4010
11918,3.2156
11919,3.5694
11920,3.2377
11921,3.1851
11922,3.4090
11923,3.5007
11924,3.5770
11925,3.4142
11926,3.5796
11927,5.2352
11928,3.5477
11929,3.3249
11930,3.2692
11931,3.9882
11932,3.3899
11933,3.5014
11934,3.3266
11935,3.3178
11936,3.3516
11937,3.4420
11938,3.3185
11939,4.2877
11940,3.1336
11941,3.3296
11942,3.7185
11943,3.1927
11944,3.2569
11945,3.2299
11946,4.2183
11947,3.5530
11948,3.3199
11949,3.2576
11950,3.2074
11951,3.2039
11952,3.3546
11953,3.3121
11954,3.2568
11955,3.3224
11956,3.2239
11957,3.1945
11958,3.6193
11959,3.3813
11960,3.8113
11961,3.2556
11962,3.9892
11963,3.6354
11964,3.2528
11965,3.5767
11966,3.2772
11967,3.6265
11968,3.4035
11969,3.1726
11970,3.3521
11971,3.6200
11972,3.2540
11973,3.2749
11974,3.2848
11975,3.1932
11976,3.2225
11977,3.3787
11978,3.2751
11979,3.6475
11980,3.2623
11981,3.2312
11982,3.2520
11983,3.2924
11984,3.3607
11985,3.4816
11986,3.5125
11987,3.4718
11988,3.8570
11989,4.0191
11990,4.4903
11991,3.3630
11992,3.3842
11993,3.7013
11994,4.0321
11995,3.8666
11996,3.3437
11997,4.5330
11998,4.5700
11999,3.5121
12000,3.3314
12001,4.7051
12002,3.9710
12003,3.4383
12004,3.3496
12005,3.4902
12006,3.2190
12007,3.4999
12008,3.2298
12009,3.2949
12010,3.5759
12011,3.6468
12012,3.5104
12013,3.5388
12014,3.4190
12015,3.5724
12016,3.5925
12017,3.8043
12018,3.5775
12019,3.7884
12020,4.9222
12021,4.6096
12022,3.6657
12023,4.2662
12024,3.3837
12025,3.4113
12026,3.4182
12027,3.4617
12028,3.5808
12029,3.7602
12030,3.4497
12031,3.6131
12032,3.2138
12033,3.4642
12034,3.6573
12035,3.2340
12036,3.3116
12037,3.2545
12038,3.2687
12039,3.3160
12040,3.3247
12041,3.3137
12042,3.2498
12043,3.6147
12044,3.2528
12045,3.6687
12046,3.3117
12047,3.7696
12048,3.6138
12049,3.4208
12050,4.1122
12051,3.5642
12052,3.8775
12053,3.5630
12054,3.3515
12055,3.7022
12056,3.9835
12057,4.4470
12058,4.1079
12059,4.1035
12060,4.2506
12061,3.9763
12062,4.0207
12063,3.1461
12064,3.4281
12065,3.7152
12066,3.8910
12067,3.6543
12068,3.5281
12069,3.2281
12070,3.2896
12071,3.2532
12072,3.3102
12073,3.2575
12074,3.2674
12075,3.2140
12076,3.2324
12077,3.1959
12078,3.2025
12079,3.2117
12080,3.7929
12081,3.2089
12082,3.4390
12083,3.2166
12084,3.6277
12085,3.2336
12086,3.2999
12087,3.2276
12088,3.9978
12089,3.2230
12090,3.5364
12091,3.2417
12092,3.2536
12093,3.6070
12094,3.2441
12095,3.5719
12096,3.2687
12097,3.6568
12098,3.5866
12099,3.3314
12100,5.3767
12101,5.5635
12102,3.7706
12103,3.5035
12104,3.2039
12105,3.9557
12106,3.3612
12107,3.5909
12108,3.7897
12109,3.4962
12110,4.6872
12111,3.4290
12112,3.7358
12113,3.4403
12114,3.3839
12115,3.6360
12116,3.3996
12117,4.3825
12118,3.2950
12119,3.3743
12120,3.6210
12121,3.8959
12122,3.0928
12123,3.7285
12124,3.3627
12125,3.3427
12126,3.2941
12127,3.3224
12128,3.2731
12129,3.2044
12130,3.3108
12131,3.2908
12132,3.1951
12133,3.2674
12134,3.2647
12135,3.1902
12136,3.5027
12137,4.1150
12138,3.3961
12139,3.7563
12140,3.7132
12141,4.5860
12142,4.0516
12143,3.5309
12144,3.6332
12145,3.4076
12146,3.3577
12147,3.4130
12148,3.3832
12149,3.3786
12150,3.5108
12151,3.4011
12152,4.0004
12153,3.0545
12154,3.2301
12155,2.9870
12156,3.2016
12157,3.2295
12158,3.2987
12159,3.1992
12160,3.3870
12161,3.4745
12162,3.2592
12163,3.3716
12164,3.5424
12165,3.2349
12166,3.3552
12167,3.3934
12168,3.4774
12169,3.2911
12170,3.4008
12171,3.0373
12172,3.8055
12173,4.1742
12174,3.3529
12175,3.3725
12176,3.9308
12177,3.3966
12178,3.9201
12179,3.4895
12180,4.4586
12181,3.3689
12182,3.7835
12183,3.5950
12184,2.9498
12185,4.1014
12186,3.4071
12187,4.3224
12188,3.8132
12189,3.2189
12190,3.4493
12191,3.2091
12192,3.5135
12193,3.5957
12194,3.7834
12195,3.4794
12196,3.2878
12197,3.4803
12198,3.3549
12199,3.3076
12200,3.9006
12201,3.2900
12202,3.6093
12203,3.2209
12204,3.2043
12205,3.3596
12206,3.2772
12207,3.3023
12208,3.2266
12209,3.1937
12210,3.2754
12211,3.2467
12212,3.3843
12213,3.2664
12214,3.2113
12215,3.4731
12216,3.2178
12217,3.2640
12218,3.2676
12219,3.2433
12220,3.2960
12221,3.2370
12222,3.2663
12223,3.2526
12224,3.2114
12225,3.3464
12226,3.3088
12227,3.2945
12228,3.6471
12229,4.3439
12230,5.2274
12231,4.8569
12232,3.9364
12233,3.7036
12234,3.4092
12235,4.2017
12236,3.5096
12237,4.4578
12238,4.1160
12239,3.3452
12240,3.9076
12241,3.4603
12242,4.0771
12243,4.7761
12244,3.4935
12245,4.0070
12246,3.1929
12247,3.5318
12248,3.6850
12249,4.2065
12250,3.5451
12251,3.3207
12252,3.5396
12253,4.2776
12254,3.1266
12255,3.4835
12256,3.3009
12257,3.5364
12258,3.5141
12259,3.3774
12260,3.6764
12261,4.5759
12262,4.2684
12263,3.3836
12264,3.3540
12265,3.6937
12266,3.3331
12267,3.4571
12268,3.5827
12269,3.3007
12270,3.5129
12271,3.7803
12272,3.2940
12273,3.3441
12274,2.8477
12275,3.3474
12276,3.4197
12277,3.3830
12278,3.2617
12279,3.2516
12280,3.2611
12281,3.2101
12282,3.3973
12283,3.3537
12284,3.2389
12285,3.2246
12286,3.5889
12287,3.2005
12288,3.8771
12289,3.2364
12290,3.1838
12291,3.1546
12292,3.2451
12293,3.2389
12294,3.2161
12295,3.4132
12296,3.1832
12297,3.1900
12298,3.5625
12299,3.2843
12300,3.5421
12301,3.4600
12302,3.1998
12303,3.8374
12304,3.8926
12305,3.7175
12306,3.2352
12307,3.5177
12308,3.4252
12309,3.2468
12310,3.3771
12311,3.2708
12312,3.3465
12313,3.2185
12314,3.4255
12315,3.7203
12316,3.3237
12317,3.3710
12318,4.5092
12319,3.4435
12320,4.0280
12321,3.6218
12322,3.7605
12323,3.5345
12324,3.6861
12325,3.3818
12326,3.2828
12327,3.5938
12328,3.5410
12329,3.2640
12330,3.2155
12331,3.5009
12332,3.4938
12333,3.2874
12334,3.3318
12335,3.2886
12336,3.3454
12337,3.4017
12338,3.2404
12339,3.2813
12340,3.2751
12341,3.6927
12342,3.3511
12343,3.2305
12344,3.3185
12345,3.5463
12346,3.3460
12347,3.3900
12348,3.5878
12349,4.1219
12350,5.0061
12351,3.2619
12352,3.4956
12353,3.3385
12354,3.3496
12355,4.2815
12356,3.4785
12357,4.1240
12358,4.0248
12359,3.6737
12360,4.0189
12361,3.3848
12362,3.8360
12363,3.6256
12364,3.3560
12365,3.8823
12366,3.2717
12367,3.6557
12368,3.8837
12369,3.1914
12370,3.8270
12371,3.2828
12372,3.1533
12373,3.6357
12374,3.3686
12375,3.6496
12376,3.2513
12377,3.4871
12378,3.2539
12379,3.3171
12380,3.3174
12381,3.1678
12382,3.2122
12383,3.3103
12384,3.2676
12385,3.1797
12386,3.2166
12387,3.2214
12388,3.2203
12389,3.2317
12390,3.3791
12391,3.2999
12392,3.1937
12393,3.2552
12394,3.1759
12395,3.2425
12396,3.8560
12397,3.4690
12398,3.6972
12399,3.2867
12400,3.3393
12401,3.2354
12402,3.2486
12403,3.3594
12404,4.5290
12405,3.6827
12406,3.4001
12407,3.3320
12408,4.0557
12409,4.1045
12410,4.8214
12411,3.3849
12412,3.2306
12413,4.3327
12414,3.7151
12415,3.7515
12416,3.4464
12417,5.0271
12418,3.7052
12419,3.3787
12420,3.8956
12421,3.4228
12422,3.2653
12423,3.7589
12424,3.5283
12425,4.3949
12426,3.3482
12427,3.6590
12428,3.5459
12429,3.3199
12430,3.7898
12431,3.3490
12432,3.3602
12433,4.1327
12434,3.3452
12435,3.6706
12436,3.2578
12437,3.5617
12438,3.4438
12439,3.2398
12440,3.4795
12441,3.3180
12442,3.6082
12443,3.4136
12444,3.2213
12445,3.3524
12446,3.1714
12447,3.3775
12448,3.2892
12449,3.3319
12450,3.4201
12451,3.7373
12452,3.2500
12453,3.2043
12454,3.2722
12455,3.1984
12456,3.1633
12457,3.1943
12458,3.2179
12459,3.1453
12460,3.3022
12461,3.3791
12462,3.5878
12463,3.3340
12464,3.3897
12465,3.7110
12466,3.3941
12467,3.3521
12468,3.3365
12469,3.6454
12470,3.9851
12471,4.1358
12472,3.3843
12473,3.6804
12474,3.3215
12475,3.5831
12476,3.2906
12477,4.1738
12478,3.1516
12479,3.3891
12480,4.6776
12481,3.8978
12482,3.6120
12483,3.2036
12484,3.4010
12485,3.4478
12486,3.2534
12487,3.3038
12488,3.7605
12489,3.2348
12490,3.7810
12491,3.3166
12492,3.2475
12493,3.8982
12494,3.2354
12495,3.5015
12496,3.2514
12497,4.0926
12498,3.6109
12499,3.2982
12500,3.6111
12501,3.5806
12502,4.2811
12503,3.8247
12504,3.2864
12505,3.4946
12506,3.4876
12507,3.6905
12508,3.7032
12509,3.2338
12510,3.6499
12511,3.2503
12512,3.5974
12513,4.4022
12514,3.1923
12515,3.9698
12516,3.4445
12517,3.5736
12518,3.5626
12519,3.2982
12520,3.6698
12521,3.3872
12522,4.3434
12523,4.0602
12524,3.8826
12525,3.9376
12526,3.2975
12527,4.7828
12528,3.6920
12529,3.3773
12530,4.1523
12531,3.5246
12532,3.3142
12533,3.5691
12534,3.2442
12535,3.3740
12536,3.3880
12537,3.3831
12538,3.3258
12539,3.3921
12540,3.2473
12541,3.5004
12542,4.1531
12543,3.4371
12544,3.2646
12545,3.3047
12546,3.1933
12547,3.3885
12548,3.3105
12549,3.2608
12550,3.1795
12551,3.3532
12552,3.2278
12553,3.2744
12554,3.1549
12555,3.3940
12556,3.3927
12557,3.5535
12558,3.8209
12559,4.3835
12560,6.9006
12561,3.8005
12562,3.8723
12563,4.8060
12564,4.5837
12565,4.0222
12566,3.5959
12567,3.4749
12568,4.0299
12569,4.5418
12570,3.4541
12571,3.4792
12572,2.8409
12573,3.3267
12574,3.3784
12575,3.4591
12576,3.3401
12577,3.2390
12578,3.2861
12579,3.5819
12580,3.2228
12581,3.2345
12582,3.3289
12583,3.2451
12584,3.3308
12585,3.3750
12586,3.2928
12587,3.2253
12588,3.2434
12589,3.2466
12590,3.4133
12591,3.1723
12592,3.4293
12593,3.4330
12594,3.2291
12595,3.8507
12596,3.3123
12597,4.1815
12598,3.6749
12599,3.2713
12600,3.5945
12601,3.2842
12602,3.6453
12603,3.7849
12604,3.2537
12605,3.4655
12606,3.2322
12607,3.4745
12608,3.7037
12609,3.1959
12610,3.4447
12611,3.2661
12612,3.3538
12613,3.2198
12614,3.2692
12615,4.2498
12616,3.3311
12617,3.7929
12618,3.3555
12619,4.0182
12620,3.9436
12621,3.3247
12622,3.3058
12623,4.0859
12624,3.2750
12625,3.6869
12626,3.3374
12627,3.7521
12628,3.5985
12629,3.3104
12630,3.3737
12631,2.9944
12632,3.7663
12633,4.5133
12634,3.2204
12635,3.7389
12636,3.2499
12637,3.2690
12638,3.5540
12639,3.2390
12640,3.6252
12641,3.1932
12642,3.4814
12643,3.5663
12644,3.5214
12645,3.7942
12646,3.3790
12647,3.6609
12648,3.3962
12649,3.3177
12650,3.5929
12651,3.5372
12652,5.0089
12653,3.4095
12654,3.2900
12655,4.2243
12656,3.4040
12657,3.5022
12658,3.5348
12659,3.7710
12660,3.3578
12661,3.4463
12662,3.4294
12663,3.4782
12664,2.8496
12665,3.2935
12666,3.4686
12667,3.3000
12668,3.4119
12669,3.3265
12670,3.5385
12671,3.2190
12672,3.1924
12673,3.2678
12674,3.3254
12675,3.2722
12676,3.2120
12677,3.2690
12678,3.3430
12679,3.4019
12680,3.5641
12681,3.2902
12682,4.0414
12683,3.9516
12684,3.5112
12685,3.6732
12686,3.3566
12687,3.4978
12688,3.8430
12689,3.3621
12690,3.7619
12691,3.7637
12692,3.1356
12693,3.7527
12694,3.3005
12695,3.5592
12696,3.2459
12697,3.9682
12698,3.5460
12699,3.2726
12700,3.6646
12701,3.3138
12702,3.5115
12703,3.4809
12704,3.3753
12705,3.7311
12706,3.5630
12707,3.5948
12708,3.5340
12709,3.5590
12710,3.7707
12711,4.8741
12712,3.4811
12713,3.3457
12714,3.4648
12715,3.4558
12716,4.0530
12717,3.9733
12718,3.4383
12719,3.4031
12720,3.4867
12721,3.5727
12722,3.4195
12723,2.7146
12724,3.3570
12725,3.7022
12726,3.4249
12727,3.2818
12728,5.0300
12729,3.1566
12730,3.3496
12731,3.1824
12732,3.3211
12733,3.8024
12734,3.3024
12735,3.7728
12736,3.3416
12737,3.5029
12738,3.2385
12739,3.2112
12740,3.5800
12741,3.3988
12742,4.7130
12743,4.0981
12744,3.3741
12745,3.4687
12746,3.3836
12747,3.8517
12748,3.9138
12749,4.0125
12750,4.0854
12751,3.2902
12752,3.5068
12753,3.6176
12754,3.5466
12755,2.6534
12756,3.4081
12757,3.4701
12758,3.5933
12759,3.2345
12760,3.4695
12761,3.2541
12762,3.2404
12763,3.5476
12764,3.4104
12765,3.7391
12766,3.2246
12767,3.7383
12768,3.4744
12769,3.1914
12770,3.5083
12771,3.1833
12772,3.4132
12773,3.4400
12774,3.2183
12775,3.3132
12776,3.2468
12777,3.4939
12778,3.1710
12779,3.1983
12780,3.9005
12781,3.3270
12782,3.2258
12783,3.2032
12784,3.2423
12785,3.1785
12786,3.2143
12787,3.8035
12788,3.4010
12789,3.3093
12790,3.2046
12791,3.2368
12792,3.2354
12793,3.2107
12794,3.2985
12795,3.1937
12796,3.1609
12797,4.5209
12798,3.6920
12799,3.1340
12800,3.3237
12801,3.8391
12802,3.3005
12803,3.2839
12804,3.5176
12805,4.1376
12806,4.1448
12807,4.0732
12808,3.5978
12809,4.0207
12810,5.2169
12811,3.9404
12812,3.4320
12813,3.8494
12814,3.2762
12815,3.8037
12816,3.9790
12817,4.2874
12818,4.3934
12819,3.3807
12820,3.8156
12821,3.3629
12822,3.5982
12823,3.5492
12824,3.4494
12825,3.6601
12826,3.2163
12827,3.3969
12828,3.4691
12829,3.2482
12830,3.5315
12831,3.3072
12832,3.5345
12833,3.6946
12834,3.8229
12835,3.8672
12836,3.2964
12837,4.5009
12838,3.9480
12839,3.6016
12840,3.5011
12841,4.1479
12842,3.7642
12843,3.3544
12844,3.7128
12845,3.4516
12846,3.5551
12847,3.3847
12848,3.3660
12849,3.4814
12850,3.0331
12851,3.4003
12852,3.4633
12853,3.4580
12854,3.2394
12855,3.1740
12856,3.2668
12857,3.3304
12858,3.2892
12859,3.2027
12860,3.1807
12861,3.2151
12862,3.1677
12863,3.1596
12864,3.2200
12865,3.4427
12866,3.2311
12867,3.2493
12868,3.1513
12869,3.2126
12870,3.2144
12871,3.1731
12872,3.3069
12873,3.2128
12874,3.1561
12875,3.1814
12876,3.2664
12877,3.1733
12878,3.3947
12879,3.2125
12880,3.2475
12881,3.3302
12882,3.3040
12883,3.2504
12884,3.2454
12885,3.5858
12886,3.2283
12887,3.2629
12888,3.2997
12889,3.2390
12890,3.4897
12891,3.1588
12892,3.4196
12893,3.6321
12894,3.3869
12895,3.3682
12896,4.1434
12897,4.0921
12898,3.7795
12899,3.5615
12900,3.5440
12901,3.2991
12902,3.5760
12903,4.1294
12904,3.3696
12905,5.0663
12906,4.2332
12907,4.6040
12908,3.9316
12909,3.5232
12910,3.7460
12911,3.3551
12912,4.1398
12913,3.8935
12914,3.2878
12915,3.4997
12916,3.2142
12917,3.5055
12918,3.2547
12919,3.2483
12920,3.5052
12921,3.2095
12922,3.4588
12923,3.9478
12924,3.4821
12925,4.2744
12926,3.3151
12927,3.4106
12928,3.4523
12929,4.2982
12930,3.4008
12931,3.7282
12932,4.3757
12933,3.4945
12934,3.9321
12935,3.4241
12936,3.2712
12937,3.2897
12938,3.4735
12939,3.4589
12940,3.3667
12941,3.2813
12942,3.4446
12943,3.7503
12944,3.5129
12945,4.3596
12946,3.1570
12947,3.2410
12948,3.6675
12949,3.2027
12950,3.7971
12951,3.2925
12952,3.7216
12953,3.7378
12954,3.1863
12955,4.1320
12956,3.3831
12957,4.0096
12958,3.8626
12959,4.2925
12960,3.7864
12961,3.3656
12962,3.7586
12963,4.1995
12964,3.3369
12965,4.1497
12966,4.0457
12967,3.5615
12968,4.8999
12969,5.2724
12970,5.0542
12971,3.2804
12972,3.2331
12973,3.7742
12974,4.3616
12975,3.7889
12976,3.1921
12977,3.3360
12978,3.5281
12979,3.2682
12980,3.7565
12981,3.2030
12982,3.4271
12983,3.5637
12984,3.2202
12985,3.8045
12986,3.3457
12987,3.3003
12988,3.7770
12989,3.3005
12990,3.5412
12991,3.2588
12992,3.7848
12993,3.7042
12994,3.2523
12995,3.7278
12996,3.3086
12997,3.5840
12998,3.4609
12999,3.2464
13000,3.7453
13001,3.2806
13002,3.4995
13003,3.3841
13004,3.2383
13005,3.8738
13006,3.3021
13007,3.3318
13008,3.2253
13009,3.2037
13010,3.2906
13011,3.1765
13012,3.2172
13013,3.3987
13014,3.3685
13015,3.6397
13016,3.5209
13017,3.3291
13018,3.4910
13019,3.5236
13020,3.7603
13021,3.4311
13022,3.6721
13023,3.4018
13024,3.3810
13025,3.5395
13026,3.5060
13027,3.6459
13028,3.4244
13029,3.6475
13030,3.6820
13031,3.4429
13032,3.3785
13033,3.8259
13034,3.3906
13035,3.5559
13036,3.2477
13037,3.5574
13038,3.7473
13039,3.1822
13040,3.4818
13041,3.2266
13042,3.5157
13043,3.2125
13044,3.4681
13045,3.5000
13046,4.4807
13047,3.4323
13048,3.3673
13049,3.3824
13050,3.2112
13051,3.2428
13052,3.2866
13053,3.8820
13054,3.6101
13055,3.5895
13056,3.2371
13057,3.3626
13058,3.3126
13059,3.3666
13060,3.2496
13061,3.2475
13062,3.3179
13063,3.1755
13064,3.3031
13065,3.4313
13066,3.2645
13067,3.1938
13068,3.2294
13069,3.2550
13070,3.3130
13071,3.2760
13072,3.3754
13073,4.0774
13074,3.4065
13075,3.5623
13076,3.4422
13077,3.4130
13078,3.3787
13079,3.3355
13080,3.5990
13081,3.7168
13082,3.4160
13083,4.3692
13084,3.3447
13085,3.7135
13086,3.3911
13087,4.3702
13088,3.9376
13089,3.2201
13090,4.0773
13091,3.6175
13092,3.9861
13093,4.0505
13094,3.4568
13095,4.1310
13096,3.2721
13097,3.1185
13098,3.2109
13099,3.2462
13100,3.2019
13101,3.2301
13102,3.2375
13103,3.2342
13104,3.2519
13105,3.3102
13106,3.1950
13107,3.1981
13108,4.0137
13109,3.2527
13110,3.9285
13111,4.2230
13112,3.7409
13113,3.3026
13114,3.3567
13115,4.1444
13116,3.3350
13117,3.5214
13118,4.0592
13119,3.3590
13120,4.5200
13121,3.3764
13122,3.9534
13123,3.7999
13124,2.8696
13125,4.1239
13126,3.8273
13127,3.2920
13128,4.1049
13129,3.1282
13130,3.9166
13131,3.2848
13132,3.6954
13133,3.6732
13134,3.3133
13135,3.6509
13136,3.2734
13137,3.7574
13138,3.8325
13139,3.4886
13140,3.6627
13141,3.3360
13142,3.7935
13143,3.8237
13144,3.5476
13145,3.7298
13146,4.3712
13147,3.5593
13148,3.4631
13149,3.3791
13150,3.5656
13151,3.4172
13152,4.1117
13153,3.5929
13154,3.4126
13155,2.6047
13156,3.3436
13157,4.8930
13158,3.5210
13159,3.2607
13160,3.6358
13161,3.2209
13162,3.3436
13163,3.2757
13164,3.2149
13165,3.5432
13166,3.4439
13167,3.3399
13168,3.3624
13169,3.4483
13170,3.2776
13171,3.4813
13172,3.6312
13173,3.6725
13174,3.3661
13175,3.4226
13176,3.6530
13177,3.3756
13178,3.4990
13179,3.4157
13180,3.3887
13181,3.3021
13182,3.9629
13183,4.9104
13184,3.3426
13185,3.1958
13186,3.2292
13187,3.8694
13188,3.7745
13189,3.1856
13190,3.7904
13191,3.2326
13192,3.6454
13193,3.5775
13194,3.2911
13195,3.7448
13196,3.2488
13197,4.0528
13198,3.2487
13199,3.2122
13200,3.2254
13201,3.2391
13202,3.6399
13203,3.5169
13204,3.3238
13205,3.5881
13206,3.1807
13207,3.5221
13208,3.3754
13209,3.1808
13210,3.8927
13211,4.4425
13212,3.3619
13213,3.2062
13214,3.3656
13215,3.9584
13216,3.1585
13217,3.6558
13218,3.3076
13219,3.1909
13220,3.5306
13221,3.3274
13222,3.3040
13223,3.3278
13224,4.2245
13225,3.2921
13226,3.1858
13227,3.2368
13228,3.2152
13229,3.1636
13230,3.3333
13231,4.2056
13232,3.3392
13233,3.5518
13234,4.4814
13235,3.8082
13236,3.6212
13237,3.1921
13238,4.1024
13239,3.3977
13240,3.4571
13241,4.4853
13242,3.5994
13243,3.5809
13244,4.2038
13245,4.0544
13246,3.2955
13247,3.2961
13248,3.5895
13249,3.9979
13250,3.6087
13251,3.3656
13252,3.5357
13253,3.5374
13254,3.3158
13255,3.5613
13256,3.2256
13257,3.6206
13258,3.7243
13259,3.1760
13260,3.6467
13261,3.1632
13262,4.0394
13263,4.5339
13264,3.8381
13265,3.7586
13266,4.1259
13267,4.3030
13268,3.6713
13269,3.7996
13270,4.0003
13271,3.2783
13272,3.7074
13273,3.7762
13274,3.3709
13275,3.9310
13276,3.4875
13277,3.3056
13278,3.4355
13279,3.1632
13280,3.3915
13281,3.5666
13282,3.3637
13283,3.1979
13284,3.2217
13285,3.2116
13286,3.3552
13287,3.6140
13288,3.5068
13289,3.2314
13290,3.2238
13291,3.5443
13292,3.3281
13293,3.2476
13294,3.4701
13295,3.3669
13296,3.2487
13297,3.2593
13298,3.4349
13299,3.9461
13300,4.0022
13301,3.1911
13302,3.8098
13303,3.2863
13304,4.0092
13305,3.4514
13306,3.3642
13307,3.7618
13308,3.4263
13309,3.5061
13310,3.3391
13311,3.3038
13312,3.3410
13313,3.8515
13314,3.2617
13315,3.4081
13316,3.3969
13317,3.2967
13318,3.2121
13319,3.1655
13320,3.4304
13321,3.2579
13322,3.2095
13323,3.1111
13324,3.1666
13325,3.7613
13326,3.5097
13327,3.5484
13328,3.2804
13329,3.2685
13330,4.0262
13331,3.7551
13332,3.5579
13333,3.3914
13334,3.2648
13335,3.6282
13336,3.4957
13337,3.3292
13338,3.2899
13339,4.0821
13340,3.3892
13341,3.3076
13342,3.3614
13343,5.0225
13344,2.5664
13345,3.7255
13346,3.8742
13347,4.3597
13348,4.2438
13349,3.7409
13350,3.7125
13351,3.2731
13352,3.2642
13353,3.7826
13354,3.2992
13355,4.0620
13356,3.4742
13357,3.5961
13358,3.4630
13359,3.3381
13360,3.6731
13361,3.3039
13362,3.5240
13363,3.8888
13364,3.3111
13365,3.9716
13366,3.0859
13367,3.8690
13368,3.3512
13369,3.3003
13370,3.9468
13371,3.3027
13372,3.5514
13373,3.5721
13374,3.2209
13375,4.3141
13376,3.2010
13377,3.9299
13378,3.8186
13379,3.2269
13380,4.5773
13381,3.2651
13382,3.5622
13383,3.7581
13384,3.2020
13385,3.7381
13386,3.3902
13387,3.4374
13388,3.9814
13389,3.4388
13390,4.7975
13391,3.9103
13392,3.8398
13393,4.1223
13394,4.0368
13395,3.9859
13396,3.3879
13397,4.2412
13398,3.9171
13399,3.3551
13400,3.6005
13401,3.3153
13402,3.7576
13403,2.7180
13404,3.4190
13405,3.5504
13406,3.2723
13407,3.2710
13408,3.2345
13409,3.2344
13410,3.3415
13411,3.1427
13412,3.1230
13413,3.2260
13414,3.1404
13415,3.3254
13416,3.2376
13417,3.2741
13418,3.2281
13419,3.5083
13420,3.2805
13421,3.4816
13422,4.2508
13423,3.8307
13424,3.3436
13425,3.9511
13426,3.6403
13427,3.4317
13428,3.3209
13429,3.3135
13430,3.3036
13431,3.4180
13432,3.3151
13433,3.2911
13434,3.3130
13435,2.8980
13436,3.5960
13437,3.7408
13438,3.3712
13439,3.2064
13440,3.1322
13441,3.2258
13442,3.2749
13443,3.1741
13444,3.1576
13445,3.1781
13446,3.1582
13447,3.2255
13448,3.2709
13449,4.0372
13450,3.3260
13451,3.5703
13452,3.4137
13453,4.5143
13454,4.0778
13455,4.0237
13456,6.6299
13457,4.3622
13458,4.2121
13459,4.0216
13460,4.6958
13461,3.3274
13462,3.3882
13463,3.6207
13464,3.5023
13465,3.8253
13466,3.0901
13467,4.3167
13468,3.8748
13469,3.6674
13470,3.5711
13471,3.2674
13472,3.1664
13473,3.4213
13474,3.1403
13475,3.6382
13476,3.4310
13477,3.6808
13478,3.7021
13479,3.2596
13480,3.6502
13481,3.4939
13482,3.5594
13483,3.9758
13484,3.5759
13485,3.9748
13486,3.4753
13487,3.6795
13488,3.4922
13489,3.3475
13490,3.9579
13491,3.3871
13492,3.8560
13493,3.7523
13494,3.3576
13495,3.5201
13496,3.5625
13497,4.7505
13498,3.1036
13499,3.2692
13500,3.4838
13501,3.3383
13502,3.2358
13503,3.2260
13504,3.1818
13505,3.2074
13506,3.1579
13507,3.2390
13508,3.4964
13509,3.2495
13510,3.2557
13511,3.1948
13512,3.3908
13513,3.3879
13514,3.2010
13515,2.9335
13516,4.6515
13517,4.0688
13518,3.3318
13519,3.3381
13520,4.1548
13521,3.2816
13522,3.2976
13523,3.4750
13524,3.6399
13525,3.3855
13526,3.2522
13527,3.5914
13528,3.4517
13529,2.7369
13530,3.4527
13531,3.4685
13532,3.3273
13533,3.1704
13534,3.2363
13535,3.2038
13536,3.5560
13537,3.1655
13538,3.1914
13539,3.1640
13540,3.2972
13541,3.1781
13542,3.1555
13543,3.1501
13544,3.3695
13545,4.8193
13546,3.2380
13547,3.4211
13548,4.6077
13549,4.9257
13550,3.6581
13551,3.9364
13552,3.4136
13553,3.4726
13554,3.3739
13555,4.3965
13556,3.4033
13557,4.6977
13558,3.6869
13559,3.5430
13560,3.8501
13561,2.8893
13562,3.1606
13563,3.7303
13564,3.2143
13565,3.4198
13566,3.3792
13567,3.3383
13568,3.4736
13569,3.4529
13570,3.1726
13571,3.2883
13572,3.2151
13573,3.1928
13574,3.1599
13575,3.3634
13576,3.3020
13577,3.4314
13578,3.4790
13579,3.3842
13580,4.4512
13581,3.4419
13582,3.2050
13583,4.2307
13584,3.4901
13585,3.3142
13586,4.0660
13587,3.2247
13588,3.7276
13589,4.0658
13590,3.7231
13591,3.3561
13592,2.2919
13593,3.5193
13594,3.8859
13595,3.3687
13596,3.1797
13597,4.4112
13598,3.4558
13599,3.2314
13600,3.9512
13601,3.0859
13602,3.4602
13603,3.5185
13604,3.3365
13605,3.8115
13606,3.2290
13607,3.7128
13608,3.9653
13609,3.4203
13610,4.6146
13611,3.4078
13612,4.4481
13613,3.3676
13614,3.4671
13615,4.3593
13616,3.5202
13617,4.3515
13618,3.6967
13619,3.9882
13620,4.5226
13621,4.1236
13622,3.4615
13623,3.5775
13624,3.5476
13625,3.9469
13626,3.1933
13627,3.2441
13628,3.3665
13629,3.5775
13630,3.3973
13631,3.1810
13632,3.2444
13633,3.2592
13634,3.7413
13635,3.1720
13636,3.2523
13637,3.4399
13638,3.3783
13639,3.3838
13640,3.2751
13641,3.3937
13642,3.6504
13643,3.6333
13644,3.3646
13645,3.3116
13646,3.3065
13647,3.4545
13648,3.5821
13649,3.4851
13650,3.3297
13651,3.3749
13652,3.3640
13653,3.3679
13654,3.3830
13655,3.8258
13656,3.3660
13657,3.5182
13658,3.4128
13659,3.2829
13660,3.1665
13661,3.2408
13662,3.1669
13663,3.1992
13664,3.2410
13665,3.2145
13666,3.1603
13667,3.2070
13668,3.2219
13669,3.3503
13670,3.2232
13671,3.1437
13672,3.2846
13673,3.5717
13674,3.1122
13675,3.4924
13676,3.3362
13677,3.2390
13678,3.3751
13679,3.2013
13680,3.5806
13681,3.3814
13682,3.5709
13683,3.7137
13684,3.2429
13685,3.6627
13686,3.2999
13687,3.6865
13688,5.6547
13689,4.5674
13690,3.6859
13691,3.2442
13692,3.5416
13693,3.6194
13694,3.8067
13695,3.8841
13696,3.2052
13697,3.4907
13698,3.5037
13699,3.3015
13700,3.5963
13701,3.7686
13702,3.7762
13703,4.0889
13704,4.3080
13705,4.4042
13706,3.3418
13707,4.2726
13708,3.5687
13709,3.4371
13710,4.4379
13711,3.2845
13712,3.7268
13713,4.0793
13714,3.3504
13715,4.2411
13716,3.3900
13717,3.0282
13718,3.7152
13719,3.4326
13720,3.5265
13721,3.2447
13722,3.1935
13723,3.5498
13724,3.2689
13725,3.5441
13726,3.2195
13727,3.1185
13728,4.0282
13729,3.6529
13730,3.7500
13731,3.2090
13732,3.6797
13733,3.6450
13734,3.3007
13735,3.3555
13736,3.2352
13737,3.7943
13738,3.4377
13739,3.1628
13740,3.7116
13741,3.1898
13742,3.4096
13743,3.4612
13744,3.2453
13745,3.3501
13746,3.1903
13747,3.2792
13748,3.1830
13749,3.4212
13750,3.2820
13751,3.1900
13752,3.1715
13753,3.1876
13754,3.2289
13755,3.1900
13756,3.2269
13757,3.2069
13758,3.4080
13759,3.4271
13760,3.3141
13761,3.2428
13762,4.1926
13763,3.4024
13764,3.5644
13765,3.7014
13766,3.4600
13767,3.2853
13768,4.0276
13769,3.5406
13770,4.6202
13771,5.5761
13772,3.7977
13773,3.7733
13774,3.3579
13775,3.6002
13776,2.7064
13777,3.9233
13778,3.8184
13779,3.2338
13780,3.6155
13781,3.1680
13782,3.5512
13783,4.0764
13784,3.2678
13785,3.5840
13786,3.4060
13787,3.2887
13788,3.5719
13789,3.1805
13790,3.5851
13791,3.3410
13792,3.6461
13793,3.5348
13794,3.1572
13795,3.6121
13796,3.2677
13797,3.6852
13798,3.6590
13799,3.2419
13800,3.5587
13801,3.2147
13802,3.5965
13803,3.5954
13804,3.1514
13805,3.4245
13806,3.1620
13807,3.4363
13808,3.5966
13809,3.2225
13810,3.6334
13811,3.2260
13812,3.6534
13813,3.5151
13814,3.2312
13815,3.5509
13816,3.1815
13817,3.5756
13818,3.4737
13819,3.5720
13820,3.5365
13821,3.7549
13822,3.8719
13823,3.7302
13824,3.3221
13825,3.7085
13826,3.3844
13827,3.4839
13828,3.4002
13829,3.3929
13830,3.8102
13831,3.3917
13832,3.9809
13833,3.1075
13834,3.1892
13835,3.5288
13836,3.3027
13837,3.5336
13838,3.1995
13839,3.1863
13840,3.4510
13841,3.2423
13842,3.5506
13843,3.2058
13844,3.3895
13845,3.4596
13846,3.3038
13847,3.6287
13848,3.5598
13849,3.5141
13850,3.5984
13851,3.2864
13852,4.8327
13853,3.7644
13854,3.3513
13855,3.3348
13856,3.4646
13857,3.3382
13858,3.3892
13859,3.3451
13860,3.5126
13861,3.3176
13862,3.3073
13863,3.4536
13864,3.4535
13865,2.9251
13866,3.4448
13867,3.1867
13868,3.2217
13869,3.4397
13870,3.5132
13871,3.1957
13872,3.3860
13873,3.1977
13874,3.4451
13875,3.2486
13876,3.8262
13877,3.1728
13878,3.3595
13879,3.5982
13880,4.2203
13881,3.4134
13882,3.3251
13883,3.8732
13884,3.6617
13885,3.5341
13886,4.0240
13887,3.2569
13888,3.6013
13889,3.4224
13890,4.0560
13891,3.3788
13892,4.0252
13893,4.0821
13894,3.3092
13895,3.8143
13896,3.3076
13897,3.9512
13898,3.7432
13899,3.4254
13900,3.6228
13901,3.2006
13902,3.1163
13903,3.2515
13904,3.3050
13905,4.2439
13906,3.1446
13907,3.1464
13908,3.6681
13909,3.0851
13910,4.0408
13911,3.7076
13912,3.2530
13913,3.6685
13914,3.3619
13915,4.5917
13916,3.3081
13917,4.4200
13918,3.5832
13919,3.5028
13920,3.8328
13921,3.9966
13922,3.5743
13923,3.6855
13924,3.3494
13925,3.7717
13926,3.5529
13927,3.5816
13928,3.2526
13929,3.8832
13930,4.0999
13931,3.3788
13932,3.2275
13933,3.2301
13934,3.2587
13935,3.1943
13936,3.2288
13937,3.1743
13938,3.1749
13939,3.2186
13940,3.2488
13941,3.2501
13942,3.1881
13943,3.3816
13944,3.2981
13945,3.3271
13946,5.3437
13947,4.9058
13948,3.4536
13949,3.3925
13950,3.1971
13951,4.0382
13952,3.3336
13953,3.2969
13954,3.4075
13955,3.4885
13956,3.3232
13957,3.5649
13958,3.5050
13959,3.5653
13960,3.0744
13961,3.6222
13962,3.3080
13963,3.5349
13964,2.8886
13965,3.8736
13966,3.3292
13967,3.5716
13968,3.5146
13969,3.2535
13970,3.5226
13971,3.2237
13972,3.4549
13973,3.4318
13974,3.4134
13975,3.4496
13976,3.3111
13977,3.6877
13978,3.5895
13979,3.3393
13980,4.1365
13981,4.0016
13982,3.4021
13983,4.0534
13984,3.7013
13985,3.3064
13986,3.3508
13987,3.2966
13988,3.3269
13989,3.5921
13990,2.8623
13991,3.2905
13992,3.3632
13993,3.3884
13994,3.1747
13995,3.1274
13996,3.3817
13997,3.3117
13998,3.1591
13999,3.2199
14000,3.2831
14001,3.1788
14002,3.4770
14003,3.2688
14004,3.4011
14005,3.7576
14006,3.2961
14007,3.2450
14008,4.2841
14009,4.4375
14010,4.5056
14011,4.0850
14012,4.0741
14013,3.8838
14014,3.3139
14015,4.2289
14016,3.8955
14017,3.6448
14018,4.5034
14019,3.4064
14020,4.2206
14021,4.0293
14022,3.0335
14023,3.6911
14024,4.0201
14025,3.9454
14026,3.2212
14027,3.6225
14028,3.5550
14029,3.2598
14030,3.4775
14031,3.8125
14032,3.6044
14033,3.5268
14034,3.2225
14035,3.4094
14036,3.3438
14037,3.9380
14038,3.6409
14039,3.6738
14040,3.4178
14041,3.2345
14042,3.5317
14043,3.2356
14044,3.1661
14045,3.4286
14046,3.2548
14047,3.5023
14048,3.3249
14049,3.1753
14050,3.1917
14051,3.3139
14052,3.5535
14053,3.2360
14054,3.1841
14055,3.1795
14056,3.2605
14057,3.5101
14058,3.1711
14059,3.2707
14060,3.2214
14061,3.2340
14062,3.2454
14063,3.1796
14064,3.1767
14065,3.5690
14066,3.2069
14067,3.3091
14068,3.3206
14069,3.6048
14070,4.4529
14071,3.5440
14072,3.4115
14073,3.9458
14074,3.3440
14075,3.3225
14076,3.4796
14077,3.3957
14078,3.4028
14079,3.4499
14080,3.7174
14081,3.0779
14082,3.2740
14083,3.3273
14084,3.3306
14085,3.4172
14086,3.1953
14087,3.2779
14088,4.3391
14089,3.1189
14090,3.2477
14091,3.1898
14092,3.4002
14093,3.8284
14094,3.6017
14095,3.4938
14096,3.1457
14097,3.4205
14098,3.6668
14099,3.4081
14100,3.6928
14101,3.1554
14102,3.2019
14103,3.7536
14104,3.2709
14105,3.6212
14106,3.2571
14107,3.6413
14108,4.0375
14109,3.3861
14110,3.4326
14111,3.2798
14112,3.9948
14113,3.1770
14114,3.4958
14115,3.4418
14116,3.2212
14117,3.5068
14118,3.1836
14119,3.4347
14120,3.5185
14121,3.2227
14122,3.3964
14123,3.1888
14124,3.3647
14125,3.4711
14126,3.3827
14127,3.3971
14128,3.3901
14129,3.3794
14130,3.3053
14131,3.1693
14132,3.4307
14133,3.3971
14134,3.3587
14135,3.2767
14136,3.3082
14137,3.3370
14138,3.3501
14139,3.3915
14140,3.4105
14141,2.9901
14142,3.3286
14143,3.4298
14144,3.3427
14145,3.2099
14146,3.2768
14147,3.2515
14148,3.4330
14149,3.4842
14150,3.2629
14151,3.2013
14152,4.6425
14153,3.6703
14154,3.8078
14155,3.4865
14156,3.4509
14157,3.5526
14158,3.3482
14159,3.6182
14160,4.0915
14161,3.8857
14162,3.4727
14163,3.3368
14164,3.5457
14165,3.5303
14166,3.4700
14167,4.3241
14168,3.3376
14169,3.3438
14170,3.3087
14171,3.4167
14172,2.6467
14173,3.3064
14174,3.2588
14175,3.1828
14176,3.2445
14177,3.1984
14178,3.3032
14179,3.3237
14180,3.4418
14181,3.1104
14182,3.1905
14183,3.3177
14184,3.2147
14185,3.2110
14186,3.2923
14187,3.2171
14188,3.2491
14189,3.2141
14190,3.1852
14191,3.2274
14192,3.3910
14193,3.3758
14194,3.9158
14195,3.1892
14196,3.2422
14197,3.3804
14198,3.5337
14199,3.2373
14200,3.6588
14201,3.1831
14202,3.1995
14203,3.3188
14204,3.4638
14205,3.7285
14206,3.3379
14207,3.2444
14208,3.6807
14209,3.1358
14210,3.6027
14211,3.2040
14212,3.7532
14213,3.5522
14214,3.4091
14215,3.7431
14216,3.3558
14217,3.7910
14218,3.9373
14219,4.1425
14220,3.7806
14221,3.4896
14222,3.6586
14223,3.4048
14224,3.5670
14225,3.4631
14226,3.4471
14227,3.4124
14228,3.3472
14229,3.3803
14230,3.5428
14231,2.6764
14232,3.5084
14233,4.4391
14234,3.3432
14235,3.1295
14236,3.1336
14237,3.1348
14238,3.5996
14239,3.4889
14240,3.4274
14241,3.2199
14242,3.3641
14243,3.2003
14244,3.2964
14245,3.1675
14246,3.3771
14247,5.3224
14248,4.7718
14249,3.4696
14250,3.6088
14251,3.4688
14252,3.6599
14253,4.0809
14254,3.3620
14255,3.6395
14256,3.4513
14257,3.7360
14258,3.3238
14259,3.5810
14260,3.6128
14261,3.5341
14262,3.8439
14263,2.8736
14264,3.3484
14265,3.6470
14266,3.2508
14267,3.4997
14268,3.2065
14269,3.1976
14270,3.5686
14271,3.1838
14272,3.2507
14273,3.2257
14274,3.1785
14275,3.3902
14276,3.2372
14277,3.8762
14278,3.2455
14279,3.9780
14280,3.3132
14281,3.4091
14282,3.7760
14283,3.4279
14284,4.0416
14285,3.2975
14286,3.4104
14287,3.2508
14288,3.3260
14289,3.3069
14290,3.3089
14291,3.5850
14292,3.2753
14293,3.2533
14294,2.9304
14295,3.3129
14296,3.3543
14297,3.2587
14298,3.1541
14299,3.1788
14300,3.2897
14301,3.3584
14302,3.3091
14303,3.3768
14304,3.1983
14305,3.1860
14306,3.3647
14307,3.2483
14308,3.4249
14309,3.2197
14310,3.6618
14311,3.5683
14312,3.9854
14313,3.3711
14314,3.5101
14315,3.8866
14316,3.3771
14317,3.7689
14318,3.9099
14319,3.4341
14320,3.7376
14321,3.4992
14322,3.3621
14323,4.1278
14324,2.5643
14325,4.1656
14326,3.3750
14327,4.0576
14328,3.4137
14329,3.4039
14330,3.3691
14331,3.3104
14332,3.5772
14333,3.7186
14334,3.2636
14335,3.6705
14336,3.2578
14337,3.2049
14338,3.2464
14339,3.2078
14340,3.3718
14341,3.3032
14342,3.6802
14343,3.6051
14344,3.2607
14345,3.4284
14346,3.2198
14347,3.6084
14348,3.2583
14349,3.1785
14350,3.8028
14351,3.2903
14352,3.5926
14353,3.3192
14354,3.2073
14355,3.5197
14356,3.1946
14357,3.5823
14358,3.3475
14359,3.1871
14360,3.3963
14361,3.2514
14362,3.3354
14363,3.1082
14364,3.1537
14365,3.2249
14366,3.3801
14367,3.4001
14368,3.2437
14369,3.7209
14370,3.8484
14371,3.7833
14372,3.4510
14373,3.4284
14374,4.4563
14375,3.2876
14376,3.5219
14377,3.2709
14378,3.3732
14379,3.3968
14380,3.4931
14381,3.3025
14382,3.3179
14383,2.7989
14384,3.2881
14385,3.3921
14386,3.2106
14387,3.7516
14388,3.1743
14389,3.1769
14390,3.2283
14391,3.1510
14392,3.1917
14393,3.3556
14394,3.2026
14395,3.2271
14396,3.4437
14397,3.2628
14398,3.3107
14399,3.2844
14400,3.4236
14401,5.6588
14402,3.5121
14403,3.5331
14404,3.6272
14405,3.4284
14406,3.4094
14407,3.3370
14408,4.0376
14409,3.4278
14410,4.3200
14411,3.5249
14412,3.7408
14413,3.7583
14414,2.7966
14415,3.5559
14416,3.3132
14417,3.5554
14418,3.4765
14419,3.8048
14420,3.5777
14421,3.2038
14422,3.2463
14423,3.2076
14424,4.4755
14425,3.2425
14426,3.1816
14427,3.2804
14428,3.2879
14429,3.3030
14430,3.2624
14431,3.3103
14432,3.3836
14433,4.5650
14434,3.4931
14435,4.3646
14436,3.3421
14437,3.2766
14438,3.8494
14439,3.3553
14440,3.8643
14441,3.3155
14442,3.5179
14443,4.1283
14444,3.5046
14445,4.2001
14446,3.2757
14447,3.6911
14448,3.5513
14449,3.2013
14450,3.4434
14451,3.2703
14452,3.5480
14453,3.6561
14454,3.4345
14455,3.8591
14456,3.5956
14457,3.7457
14458,3.9142
14459,3.2209
14460,3.6232
14461,3.2001
14462,3.5757
14463,3.4734
14464,3.1346
14465,3.7412
14466,3.3375
14467,3.7253
14468,3.7380
14469,3.3518
14470,3.5455
14471,3.2319
14472,3.6939
14473,3.6662
14474,3.4634
14475,3.7306
14476,3.2225
14477,3.5313
14478,3.4419
14479,3.1818
14480,3.3877
14481,3.2157
14482,3.5482
14483,3.2307
14484,3.2629
14485,3.7570
14486,3.5525
14487,3.3770
14488,3.1836
14489,3.3346
14490,4.1865
14491,4.1201
14492,3.5117
14493,4.0267
14494,3.5594
14495,3.4153
14496,3.3388
14497,3.3900
14498,3.4202
14499,3.5481
14500,3.3793
14501,3.3396
14502,2.9705
14503,3.6048
14504,3.9571
14505,3.3452
14506,3.1430
14507,3.3472
14508,3.1828
14509,3.2208
14510,3.2783
14511,3.4870
14512,3.2596
14513,3.1845
14514,3.3573
14515,3.2741
14516,3.2963
14517,3.2590
14518,3.5352
14519,3.2946
14520,3.5284
14521,3.3285
14522,4.1766
14523,4.7355
14524,3.3822
14525,3.7367
14526,3.2830
14527,3.6866
14528,3.3981
14529,3.6356
14530,3.8641
14531,3.4717
14532,3.6333
14533,3.3382
14534,3.6339
14535,4.1879
14536,5.6101
14537,4.1036
14538,3.8186
14539,3.4810
14540,3.6026
14541,3.1405
14542,3.5804
14543,3.4738
14544,3.1328
14545,3.5569
14546,3.2374
14547,3.4934
14548,3.3420
14549,3.1824
14550,3.3530
14551,3.3671
14552,3.4649
14553,3.2651
14554,3.4061
14555,3.8809
14556,3.9466
14557,3.6288
14558,3.2792
14559,3.4028
14560,3.6665
14561,3.3323
14562,3.7906
14563,3.5551
14564,3.2986
14565,3.7987
14566,3.6195
14567,3.6156
14568,3.6797
14569,3.7403
14570,3.5758
14571,3.3060
14572,3.5317
14573,3.2508
14574,3.3559
14575,3.2561
14576,3.2030
14577,3.1651
14578,3.2329
14579,3.1726
14580,3.1699
14581,4.6321
14582,3.4035
14583,3.3707
14584,3.6578
14585,3.3104
14586,3.3015
14587,3.4104
14588,4.4884
14589,4.6849
14590,3.7805
14591,3.3177
14592,3.3858
14593,3.5558
14594,3.5239
14595,3.6839
14596,3.3758
14597,3.4165
14598,3.5536
14599,3.4142
14600,3.9378
14601,3.9468
14602,3.5129
14603,3.6927
14604,3.3396
14605,3.2870
14606,3.1967
14607,3.3158
14608,3.1499
14609,3.3203
14610,3.2897
14611,3.2306
14612,3.2459
14613,3.3570
14614,3.3119
14615,3.5200
14616,3.4119
14617,3.3482
14618,3.3962
14619,3.7165
14620,4.1354
14621,3.7544
14622,3.7274
14623,3.4257
14624,3.4123
14625,3.7621
14626,3.3064
14627,4.2623
14628,4.3918
14629,3.4323
14630,3.6417
14631,3.4230
14632,2.9615
14633,3.7693
14634,3.4103
14635,3.6454
14636,3.1951
14637,4.1023
14638,3.6874
14639,3.5738
14640,3.4919
14641,3.2975
14642,3.7001
14643,3.6575
14644,3.1852
14645,3.6585
14646,3.7338
14647,3.4708
14648,3.6414
14649,3.2159
14650,3.6569
14651,3.1866
14652,3.5277
14653,3.6745
14654,3.2596
14655,3.7409
14656,3.2113
14657,3.4915
14658,3.4592
14659,3.2284
14660,3.5555
14661,3.2223
14662,3.4320
14663,3.5855
14664,3.2578
14665,3.4408
14666,3.1813
14667,3.5711
14668,3.1760
14669,3.1930
14670,3.5970
14671,3.2907
14672,3.5689
14673,3.1969
14674,3.2582
14675,4.1541
14676,3.6636
14677,3.6079
14678,3.4622
14679,3.3572
14680,4.2323
14681,3.9325
14682,3.4711
14683,3.6548
14684,4.0155
14685,3.3244
14686,3.7488
14687,3.2571
14688,3.3864
14689,3.2533
14690,3.3941
14691,3.0708
14692,3.4158
14693,3.5852
14694,3.6370
14695,3.1749
14696,3.2980
14697,3.2462
14698,3.4048
14699,3.2373
14700,3.8693
14701,3.3141
14702,3.2263
14703,3.5813
14704,3.5104
14705,3.7281
14706,3.3363
14707,4.5175
14708,4.0255
14709,3.3243
14710,4.3739
14711,4.5161
14712,3.7902
14713,3.6376
14714,3.4759
14715,3.5820
14716,3.2854
14717,4.3884
14718,3.5765
14719,3.2431
14720,3.6834
14721,3.3519
14722,3.4524
14723,2.9094
14724,3.2492
14725,3.7823
14726,3.2259
14727,3.4476
14728,3.2120
14729,3.3763
14730,3.2569
14731,3.4825
14732,3.3549
14733,3.2929
14734,3.2890
14735,3.2911
14736,3.2046
14737,3.4900
14738,3.3691
14739,3.3459
14740,3.2452
14741,4.5869
14742,3.6639
14743,3.5022
14744,3.3178
14745,3.7286
14746,3.4544
14747,3.8956
14748,4.3138
14749,3.6818
14750,3.7858
14751,3.3775
14752,3.7616
14753,3.5625
14754,3.3505
14755,3.7196
14756,3.5914
14757,4.0474
14758,3.2724
14759,3.1773
14760,3.4751
14761,3.2356
14762,3.3906
14763,3.3361
14764,3.1891
14765,3.4800
14766,3.1399
14767,3.3403
14768,3.2945
14769,3.1817
14770,3.2983
14771,3.9290
14772,3.2698
14773,3.1686
14774,3.2216
14775,3.5240
14776,3.2610
14777,3.2231
14778,3.2457
14779,3.2133
14780,3.1915
14781,3.2760
14782,3.3094
14783,3.3362
14784,3.2078
14785,3.2210
14786,3.6769
14787,3.1054
14788,3.1435
14789,3.1449
14790,3.2989
14791,3.1595
14792,3.1563
14793,3.2962
14794,3.1657
14795,3.2814
14796,3.2828
14797,3.3333
14798,3.3365
14799,3.2870
14800,3.4315
14801,3.3850
14802,4.5332
14803,4.7159
14804,3.5995
14805,4.1318
14806,3.3521
14807,3.2782
14808,3.6709
14809,3.3764
14810,3.4462
14811,3.3121
14812,3.3718
14813,3.8160
14814,3.6503
14815,3.5039
14816,3.9935
14817,3.3962
14818,3.5280
14819,3.2381
14820,3.8565
14821,3.1989
14822,3.5569
14823,3.7851
14824,3.2173
14825,3.4490
14826,3.1648
14827,3.7736
14828,4.3515
14829,3.2297
14830,3.4940
14831,3.3806
14832,4.2412
14833,3.7168
14834,3.5413
14835,3.9389
14836,3.3230
14837,3.5802
14838,3.8502
14839,3.4558
14840,5.0695
14841,3.5813
14842,4.3532
14843,3.5747
14844,2.7566
14845,3.5828
14846,3.3947
14847,3.3647
14848,3.3401
14849,3.1390
14850,3.3817
14851,3.1645
14852,3.2962
14853,3.1925
14854,3.3663
14855,4.0224
14856,3.2030
14857,3.3895
14858,3.4341
14859,3.5766
14860,3.3051
14861,3.1268
14862,4.0004
14863,3.2099
14864,3.1780
14865,3.4532
14866,3.2110
14867,3.2505
14868,3.1502
14869,3.1168
14870,3.2230
14871,3.2009
14872,3.2141
14873,3.3998
14874,3.2595
14875,3.2523
14876,3.4019
14877,3.2508
14878,3.1802
14879,3.2251
14880,3.1649
14881,3.1724
14882,3.2340
14883,3.1815
14884,3.3429
14885,3.2191
14886,3.1907
14887,3.1935
14888,3.1668
14889,3.2598
14890,3.3047
14891,3.4387
14892,3.2791
14893,3.3163
14894,3.9520
14895,3.4769
14896,3.7901
14897,4.5842
14898,4.7963
14899,3.2423
14900,3.3502
14901,3.3026
14902,3.4358
14903,3.3439
14904,3.3796
14905,3.2528
14906,3.3495
14907,2.3516
14908,3.4356
14909,3.3041
14910,3.3774
14911,3.3451
14912,3.2966
14913,3.1606
14914,3.5912
14915,3.2143
14916,3.3256
14917,3.2944
14918,3.5160
14919,3.4107
14920,3.2565
14921,3.1371
14922,3.4216
14923,3.6161
14924,3.3570
14925,3.8282
14926,3.5725
14927,4.2320
14928,4.0641
14929,3.6599
14930,3.5812
14931,3.2716
14932,3.2946
14933,3.5794
14934,3.3611
14935,3.5327
14936,3.4219
14937,3.8145
14938,4.1824
14939,2.9120
14940,3.5221
14941,3.4819
14942,3.1669
14943,3.3191
14944,3.2342
14945,3.4430
14946,3.1889
14947,3.5222
14948,3.8833
14949,3.1614
14950,3.6787
14951,3.6189
14952,3.6558
14953,3.7429
14954,3.3799
14955,4.0057
14956,3.3784
14957,4.6584
14958,3.8110
14959,3.2754
14960,3.5076
14961,3.3881
14962,4.3065
14963,3.5457
14964,3.5294
14965,3.6528
14966,3.3594
14967,3.6289
14968,3.2823
14969,3.8411
14970,3.1577
14971,3.2748
14972,4.3032
14973,3.3581
14974,3.3121
14975,3.5906
14976,5.2081
14977,3.8077
14978,3.1548
14979,3.2422
14980,3.3348
14981,3.1808
14982,3.1747
14983,3.3522
14984,3.4105
14985,3.5442
14986,3.3889
14987,3.3793
14988,4.1956
14989,4.3165
14990,3.9384
14991,3.4858
14992,3.7939
14993,3.3629
14994,3.3404
14995,4.1827
14996,3.3568
14997,3.4640
14998,3.3538
14999,3.5158
15000,5.1025
15001,2.7901
15002,3.4579
15003,3.3984
15004,3.4024
15005,3.7429
15006,3.2099
15007,3.1416
15008,3.2802
15009,3.2694
15010,3.2020
15011,3.2183
15012,3.1607
15013,3.6212
15014,3.4334
15015,4.1023
15016,3.3699
15017,3.5402
15018,3.5181
15019,3.1768
15020,3.5517
15021,3.2212
15022,3.6029
15023,3.8432
15024,3.4143
15025,3.3243
15026,3.2485
15027,3.2071
15028,3.1938
15029,3.3224
15030,3.1391
15031,3.2381
15032,3.2414
15033,3.2551
15034,3.2545
15035,3.1989
15036,3.4620
15037,3.3871
15038,3.2377
15039,3.3352
15040,3.3352
15041,3.1384
15042,3.3684
15043,3.2453
15044,3.5008
15045,4.0119
15046,3.3594
15047,3.3374
15048,3.4328
15049,4.3967
15050,3.4012
15051,3.2023
15052,3.4542
15053,3.3761
15054,4.2306
15055,3.3853
15056,4.9943
15057,3.7036
15058,3.3701
15059,3.3907
15060,3.8791
15061,3.4342
15062,2.9693
15063,3.4120
15064,3.5026
15065,3.3488
15066,3.1783
15067,3.2867
15068,3.1922
15069,3.4674
15070,3.2320
15071,3.2548
15072,3.3077
15073,3.3321
15074,3.1906
15075,3.3813
15076,3.7821
15077,3.2991
15078,3.7444
15079,3.2618
15080,5.7172
15081,3.5283
15082,3.3765
15083,3.5408
15084,3.6684
15085,3.4493
15086,3.3870
15087,3.4029
15088,3.3192
15089,3.3622
15090,3.3007
15091,3.4250
15092,3.0763
15093,3.2456
15094,3.3224
15095,3.2012
15096,3.2452
15097,3.2074
15098,3.2684
15099,3.3072
15100,3.4410
15101,3.1988
15102,3.2267
15103,3.2101
15104,3.2197
15105,3.3300
15106,3.1602
15107,3.4401
15108,3.7224
15109,3.2931
15110,3.5640
15111,3.4532
15112,4.1000
15113,3.7273
15114,3.3495
15115,3.8204
15116,3.3108
15117,4.0378
15118,3.3254
15119,3.2966
15120,3.3715
15121,3.2989
15122,3.6646
15123,3.3460
15124,3.1275
15125,3.2435
15126,3.5393
15127,3.3667
15128,3.2737
15129,3.2527
15130,3.2356
15131,3.2157
15132,3.2537
15133,3.5625
15134,3.2758
15135,3.2164
15136,3.2982
15137,3.3574
15138,3.3055
15139,3.3314
15140,3.3067
15141,3.3080
15142,3.5829
15143,4.3275
15144,3.4134
15145,4.0242
15146,3.4141
15147,3.9511
15148,3.3042
15149,3.2956
15150,3.6832
15151,3.3023
15152,3.3200
15153,4.0926
15154,3.3578
15155,3.4598
15156,3.4101
15157,3.8194
15158,3.5665
15159,3.2345
15160,3.5858
15161,3.1965
15162,3.5113
15163,3.4393
15164,3.1838
15165,3.7252
15166,3.1598
15167,3.4057
15168,3.3723
15169,3.1933
15170,3.6637
15171,3.1730
15172,3.4251
15173,3.2353
15174,3.1193
15175,3.4270
15176,3.2278
15177,3.7811
15178,3.3234
15179,3.2163
15180,3.3808
15181,3.2200
15182,3.1923
15183,3.2257
15184,3.1495
15185,3.3376
15186,3.2214
15187,3.1619
15188,3.5050
15189,3.2550
15190,3.4672
15191,3.1537
15192,3.5350
15193,3.1968
15194,3.2846
15195,3.1669
15196,3.2936
15197,3.4145
15198,3.6893
15199,3.2056
15200,3.3419
15201,3.4973
15202,3.7545
15203,3.6811
15204,3.3625
15205,5.0699
15206,3.4285
15207,3.3488
15208,3.6125
15209,3.7009
15210,3.7809
15211,3.3447
15212,3.7104
15213,4.0931
15214,3.3843
15215,3.7667
15216,5.1928
15217,3.7893
15218,3.8026
15219,3.2609
15220,3.4734
15221,3.2345
15222,3.4730
15223,3.2980
15224,3.2011
15225,4.7319
15226,3.2275
15227,3.5010
15228,3.2472
15229,3.5893
15230,3.7603
15231,3.2829
15232,3.6772
15233,3.4314
15234,4.2183
15235,4.2102
15236,3.5752
15237,3.5136
15238,3.3077
15239,3.5540
15240,3.5396
15241,3.3912
15242,3.6630
15243,3.8219
15244,4.2034
15245,3.5770
15246,2.7374
15247,3.3734
15248,3.4592
15249,3.2176
15250,3.2398
15251,3.2469
15252,3.2343
15253,3.2693
15254,3.2249
15255,3.1613
15256,3.2324
15257,3.1251
15258,3.2668
15259,3.2438
15260,3.2823
15261,3.1933
15262,3.2237
15263,3.2971
15264,3.1836
15265,3.2574
15266,3.1512
15267,3.1916
15268,3.2589
15269,3.2145
15270,3.3188
15271,3.2762
15272,3.2516
15273,3.6782
15274,3.2949
15275,3.3640
15276,3.2431
15277,3.2971
15278,3.6797
15279,3.2291
15280,3.9657
15281,3.3761
15282,3.1680
15283,3.5022
15284,3.2814
15285,3.9043
15286,3.2684
15287,3.5924
15288,3.6406
15289,3.3661
15290,3.6146
15291,3.3637
15292,3.5237
15293,4.4562
15294,3.4958
15295,3.5554
15296,3.6084
15297,4.1643
15298,3.6857
15299,3.3552
15300,3.6591
15301,3.3200
15302,4.1059
15303,4.2791
15304,3.2917
15305,3.3900
15306,3.2794
15307,3.5862
15308,3.3431
15309,3.2305
15310,3.5283
15311,3.2953
15312,3.4721
15313,3.2118
15314,3.4879
15315,3.2109
15316,3.3786
15317,3.3677
15318,3.2596
15319,3.3651
15320,3.5141
15321,3.2990
15322,3.3705
15323,3.9385
15324,3.6921
15325,3.4637
15326,3.3140
15327,3.2478
15328,3.3426
15329,3.3134
15330,3.3396
15331,3.4570
15332,3.4441
15333,3.4415
15334,3.5599
15335,3.8397
15336,2.9087
15337,3.2929
15338,3.3837
15339,3.4760
15340,3.2142
15341,3.1727
15342,3.3068
15343,3.3183
15344,3.3120
15345,3.2358
15346,3.2025
15347,3.2145
15348,3.1699
15349,3.2037
15350,3.2757
15351,3.2855
15352,3.3501
15353,3.6436
15354,3.4020
15355,3.5022
15356,3.6020
15357,3.4811
15358,3.2853
15359,3.4246
15360,3.4809
15361,3.2797
15362,3.4700
15363,4.3818
15364,3.3126
15365,3.3375
15366,3.4285
15367,3.4508
15368,3.0025
15369,3.3991
15370,3.5601
15371,3.3836
15372,3.1918
15373,3.2366
15374,3.2982
15375,3.1795
15376,4.2619
15377,3.1620
15378,3.6580
15379,3.4826
15380,3.4192
15381,3.0870
15382,3.3359
15383,3.6835
15384,3.3272
15385,3.5959
15386,3.4727
15387,3.4683
15388,3.7704
15389,3.8667
15390,5.0461
15391,3.5264
15392,4.5604
15393,4.2405
15394,3.4459
15395,3.3592
15396,3.4586
15397,3.3483
15398,3.5504
15399,2.8967
15400,3.3924
15401,3.4108
15402,3.3442
15403,3.3324
15404,3.3005
15405,3.7717
15406,3.1702
15407,3.5832
15408,3.7344
15409,3.2279
15410,3.5710
15411,3.2638
15412,3.5452
15413,3.4846
15414,3.1968
15415,3.4556
15416,3.4723
15417,4.2921
15418,3.5207
15419,4.1553
15420,3.6845
15421,3.3658
15422,3.3123
15423,3.3416
15424,3.4467
15425,3.4999
15426,3.4729
15427,3.3492
15428,3.9767
15429,3.4124
15430,3.4147
15431,3.5083
15432,3.1059
15433,3.5737
15434,3.2051
15435,3.3509
15436,3.3218
15437,3.4080
15438,3.4731
15439,3.2085
15440,3.3990
15441,3.2369
15442,3.5071
15443,3.2310
15444,3.3673
15445,3.6782
15446,3.7489
15447,3.7613
15448,3.2890
15449,3.5426
15450,3.6244
15451,4.3835
15452,3.6063
15453,3.4514
15454,4.3616
15455,3.5922
15456,3.4137
15457,3.3689
15458,4.2736
15459,3.3540
15460,3.5194
15461,3.2964
15462,3.9236
15463,3.2760
15464,3.5569
15465,3.5256
15466,3.5757
15467,3.1287
15468,3.1850
15469,3.2388
15470,3.1897
15471,3.3011
15472,3.2214
15473,3.1989
15474,3.1833
15475,3.2488
15476,3.2007
15477,3.1574
15478,3.8681
15479,3.3777
15480,3.8306
15481,3.2553
15482,3.6840
15483,3.6489
15484,3.2195
15485,3.6179
15486,3.2016
15487,3.6576
15488,3.7468
15489,3.2271
15490,4.5581
15491,3.3204
15492,3.6367
15493,3.7881
15494,3.1805
15495,3.5435
15496,3.1789
15497,3.5633
15498,3.6661
15499,3.3562
15500,3.8488
15501,3.2227
15502,3.5060
15503,3.7939
15504,3.2762
15505,3.9359
15506,3.2210
15507,3.5712
15508,3.7805
15509,3.5247
15510,3.7672
15511,3.3258
15512,3.7006
15513,4.2520
15514,3.9225
15515,3.6579
15516,3.4566
15517,3.7998
15518,4.0914
15519,4.1400
15520,3.7146
15521,3.4033
15522,3.7102
15523,3.2659
15524,3.6125
15525,3.7056
15526,3.3007
15527,3.4857
15528,3.2461
15529,3.4718
15530,3.9388
15531,3.3116
15532,3.6906
15533,3.2382
15534,3.2048
15535,3.5147
15536,3.3826
15537,3.5120
15538,3.2337
15539,3.5039
15540,4.5757
15541,3.2462
15542,3.5270
15543,3.2023
15544,3.3353
15545,3.1746
15546,3.1531
15547,3.2881
15548,3.2402
15549,3.2292
15550,3.3509
15551,3.1911
15552,3.2500
15553,3.3410
15554,3.3118
15555,4.0581
15556,3.5191
15557,3.1965
15558,3.2478
15559,3.4197
15560,3.3870
15561,3.2829
15562,3.2393
15563,3.4756
15564,3.3821
15565,3.3165
15566,3.2748
15567,3.2577
15568,3.3106
15569,4.1403
15570,4.2180
15571,3.4093
15572,3.3408
15573,5.0952
15574,3.2714
15575,4.1504
15576,3.4133
15577,4.0029
15578,3.9518
15579,4.1237
15580,3.8863
15581,3.3275
15582,3.8134
15583,3.8013
15584,3.4416
15585,3.6491
15586,3.1971
15587,4.2490
15588,4.0525
15589,3.2375
15590,3.6635
15591,3.2779
15592,3.7019
15593,3.4100
15594,3.2739
15595,3.5746
15596,3.3575
15597,3.2569
15598,3.5644
15599,4.1144
15600,4.6582
15601,3.5688
15602,3.4772
15603,3.5152
15604,3.2915
15605,3.8337
15606,3.3816
15607,3.7068
15608,3.8656
15609,3.2854
15610,3.7945
15611,3.2762
15612,3.5835
15613,3.4065
15614,3.7309
15615,4.4330
15616,3.1648
15617,3.2602
15618,3.6221
15619,3.4456
15620,3.2297
15621,3.2718
15622,3.5346
15623,3.8598
15624,3.2314
15625,3.4377
15626,3.4458
15627,3.4969
15628,3.5356
15629,3.2844
15630,3.5165
15631,4.2534
15632,4.3974
15633,3.3570
15634,3.7427
15635,3.5826
15636,3.3134
15637,3.6377
15638,3.3403
15639,3.6357
15640,3.8225
15641,3.3293
15642,3.9741
15643,3.5929
15644,4.1833
15645,3.6309
15646,3.5972
15647,3.1652
15648,3.2917
15649,3.1775
15650,3.2097
15651,3.1885
15652,3.1912
15653,3.2096
15654,3.2391
15655,3.2442
15656,3.3645
15657,3.1707
15658,3.2048
15659,3.2597
15660,3.5923
15661,3.3592
15662,3.4154
15663,3.3565
15664,4.3154
15665,3.3621
15666,3.9920
15667,3.5779
15668,3.5485
15669,3.5824
15670,3.2626
15671,3.3129
15672,3.2247
15673,3.3688
15674,3.3148
15675,3.2808
15676,2.8357
15677,3.3824
15678,3.6383
15679,3.2571
15680,3.2122
15681,3.2762
15682,3.2361
15683,3.1970
15684,3.1919
15685,3.2999
15686,3.1550
15687,3.2681
15688,3.2184
15689,3.6586
15690,3.2336
15691,3.4297
15692,3.5032
15693,3.2678
15694,3.3095
15695,3.4449
15696,3.5177
15697,5.1032
15698,3.4716
15699,3.5479
15700,3.5765
15701,3.2882
15702,3.3187
15703,3.5604
15704,3.5023
15705,3.3728
15706,3.3014
15707,3.5139
15708,3.5764
15709,2.5293
15710,3.2810
15711,3.4509
15712,3.4023
15713,3.3660
15714,3.2429
15715,3.6088
15716,3.2709
15717,3.3155
15718,3.2394
15719,3.2444
15720,3.4495
15721,3.3299
15722,3.2375
15723,3.3966
15724,3.2432
15725,3.4565
15726,3.2752
15727,3.3691
15728,5.7936
15729,3.5322
15730,3.6013
15731,3.8552
15732,4.3734
15733,4.4977
15734,3.3656
15735,3.9075
15736,3.6246
15737,3.5187
15738,3.5547
15739,3.3021
15740,4.0524
15741,4.6417
15742,3.8140
15743,3.8776
15744,3.2083
15745,3.1823
15746,3.2514
15747,3.2356
15748,3.4142
15749,3.1869
15750,3.2212
15751,3.2662
15752,3.2759
15753,3.1911
15754,3.2172
15755,3.6995
15756,3.3476
15757,3.2976
15758,3.3735
15759,4.3575
15760,3.5173
15761,3.9514
15762,3.3823
15763,3.3047
15764,4.2343
15765,3.3907
15766,3.3170
15767,3.3703
15768,3.5144
15769,3.4047
15770,3.8825
15771,2.8151
15772,3.5093
15773,3.3941
15774,3.5264
15775,3.3767
15776,3.2256
15777,3.3895
15778,3.1919
15779,3.3015
15780,3.3893
15781,3.3153
15782,3.2982
15783,3.2472
15784,3.2181
15785,3.2069
15786,3.1394
15787,3.2944
15788,3.5508
15789,3.3552
15790,3.2644
15791,3.2223
15792,3.2727
15793,3.2640
15794,3.2038
15795,3.3069
15796,3.3604
15797,3.2420
15798,3.4033
15799,3.2164
15800,3.6556
15801,3.3027
15802,3.2335
15803,3.3718
15804,3.2555
15805,3.4951
15806,3.2459
15807,3.2524
15808,3.5927
15809,3.1469
15810,3.5590
15811,3.2534
15812,3.5648
15813,3.7726
15814,3.2040
15815,4.2529
15816,3.6699
15817,3.4417
15818,3.7117
15819,4.2416
15820,4.2159
15821,3.8603
15822,3.4324
15823,4.2650
15824,3.4996
15825,4.5642
15826,3.3872
15827,3.8094
15828,4.0305
15829,3.2717
15830,3.5619
15831,3.3785
15832,3.3677
15833,3.8537
15834,3.3161
15835,3.5488
15836,3.2350
15837,3.6356
15838,3.3281
15839,3.2688
15840,3.5148
15841,3.1977
15842,3.4363
15843,3.5904
15844,3.5095
15845,18.1426
15846,3.8340
15847,3.8624
15848,3.3577
15849,3.5117
15850,3.3050
15851,3.1827
15852,3.2346
15853,3.2589
15854,3.2503
15855,3.2210
15856,3.2077
15857,3.2665
15858,3.3079
15859,3.2304
15860,3.1753
15861,3.2264
15862,3.1997
15863,3.3304
15864,3.2397
15865,3.3662
15866,3.2342
15867,3.2551
15868,3.6682
15869,3.2592
15870,4.1916
15871,3.1568
15872,3.2530
15873,4.3983
15874,3.4100
15875,4.0772
15876,3.2604
15877,3.7383
15878,3.8442
15879,3.5246
15880,4.8491
15881,4.1710
15882,3.9031
15883,4.4513
15884,3.3480
15885,3.9112
15886,4.0217
15887,3.9143
15888,4.0025
15889,4.1999
15890,3.8533
15891,3.4444
15892,3.3594
15893,4.3536
15894,3.3384
15895,3.5058
15896,3.2621
15897,3.1849
15898,3.8727
15899,3.2665
15900,3.4373
15901,3.4496
15902,3.5566
15903,3.7344
15904,3.1903
15905,3.7725
15906,3.3845
15907,3.6429
15908,4.1250
15909,3.4166
15910,4.9307
15911,3.6678
15912,3.7125
15913,4.4376
15914,3.3459
15915,3.6677
15916,4.0103
15917,3.7245
15918,3.9180
15919,3.9136
15920,4.2021
15921,3.6338
15922,2.4708
15923,3.7052
15924,3.4253
15925,4.1259
15926,3.2143
15927,3.1995
15928,3.1873
15929,3.2424
15930,3.2738
15931,3.2226
15932,3.2041
15933,3.4697
15934,3.2546
15935,4.1161
15936,3.3488
15937,3.3586
15938,4.3448
15939,3.3387
15940,3.4631
15941,3.4054
15942,4.6382
15943,4.2751
15944,4.2709
15945,4.4781
15946,3.3340
15947,4.0152
15948,6.7341
15949,4.2209
15950,4.4810
15951,3.9259
15952,3.4216
15953,4.0738
15954,3.4301
15955,6.5384
15956,4.2641
15957,4.1506
15958,3.8849
15959,3.7086
15960,3.2903
15961,3.3977
15962,3.2848
15963,3.2996
15964,3.2746
15965,3.1912
15966,3.2704
15967,3.2920
15968,3.3647
15969,3.3647
15970,3.2303
15971,3.2830
15972,3.3165
15973,3.2026
15974,3.4557
15975,3.1593
15976,3.2346
15977,3.2312
15978,4.1471
15979,3.2083
15980,3.3245
15981,3.1963
15982,3.2244
15983,3.4486
15984,3.2209
15985,3.6555
15986,3.2383
15987,3.4996
15988,3.4838
15989,3.1760
15990,3.6224
15991,3.3474
15992,3.8939
15993,3.3258
15994,3.1803
15995,3.3467
15996,3.4086
15997,3.5029
15998,3.4542
15999,3.4429
16000,3.5042
16001,3.7152
16002,4.3275
16003,3.5709
16004,3.3953
16005,3.4935
16006,3.3979
16007,3.8090
16008,3.7403
16009,3.5718
16010,3.8374
16011,3.4496
16012,3.4568
16013,3.3104
16014,3.3712
16015,2.7171
16016,3.4308
16017,3.3267
16018,3.2645
16019,3.2128
16020,3.5196
16021,3.2714
16022,3.3752
16023,3.1892
16024,3.2389
16025,3.2067
16026,3.2113
16027,3.2370
16028,3.3109
16029,3.2417
16030,3.4308
16031,3.4308
16032,3.2559
16033,3.5313
16034,3.2938
16035,3.8091
16036,3.3477
16037,3.2909
16038,3.3406
16039,3.2527
16040,3.6138
16041,3.2687
16042,3.4676
16043,3.5989
16044,3.3243
16045,3.8164
16046,3.2760
16047,3.6880
16048,3.8741
16049,3.8984
16050,3.7624
16051,3.3419
16052,3.7137
16053,3.6497
16054,3.2095
16055,3.5635
16056,3.1761
16057,3.8982
16058,3.5826
16059,3.1960
16060,3.4667
16061,3.3003
16062,3.8537
16063,3.6760
16064,3.3299
16065,3.9373
16066,4.0480
16067,3.9292
16068,3.3279
16069,3.2918
16070,3.5672
16071,3.4374
16072,4.0834
16073,3.3102
16074,3.3696
16075,3.4332
16076,3.2393
16077,3.5792
16078,2.9023
16079,3.3247
16080,3.4136
16081,3.3389
16082,4.0651
16083,3.3310
16084,3.2527
16085,3.5824
16086,3.2110
16087,3.5834
16088,3.3136
16089,3.3879
16090,3.5188
16091,3.2352
16092,3.6460
16093,3.4680
16094,11.8361
16095,3.7774
16096,3.2695
16097,4.6650
16098,4.2345
16099,4.3574
16100,6.3382
16101,3.5191
16102,3.5922
16103,4.3801
16104,3.6544
16105,3.3205
16106,3.2121
16107,3.4354
16108,3.4041
16109,4.1435
16110,3.8487
16111,2.5971
16112,3.2391
16113,3.8812
16114,3.2190
16115,3.5009
16116,3.5565
16117,3.2945
16118,3.9810
16119,3.2218
16120,3.3619
16121,3.1646
16122,3.4457
16123,3.3931
16124,3.1521
16125,3.6582
16126,3.1999
16127,3.1628
16128,3.6561
16129,3.3292
16130,3.5675
16131,3.2077
16132,3.2283
16133,3.6222
16134,3.1742
16135,3.4796
16136,3.2363
16137,3.3395
16138,3.3886
16139,3.1981
16140,3.2166
16141,3.2758
16142,4.8691
16143,3.3581
16144,3.2829
16145,3.3191
16146,3.2344
16147,3.2314
16148,3.2799
16149,3.2733
16150,3.1827
16151,3.2071
16152,3.2514
16153,3.2207
16154,3.2837
16155,3.6164
16156,3.3762
16157,3.4828
16158,3.3327
16159,3.3383
16160,4.4055
16161,3.4991
16162,3.3678
16163,3.5563
16164,3.4961
16165,3.3230
16166,3.4455
16167,3.5823
16168,3.5346
16169,3.4653
16170,3.5855
16171,3.8524
16172,4.8929
16173,3.2123
16174,4.1399
16175,4.0788
16176,2.7846
16177,3.6124
16178,3.2107
16179,3.1914
16180,3.5067
16181,3.2785
16182,3.5694
16183,3.3695
16184,3.2155
16185,4.0717
16186,3.0963
16187,3.9181
16188,3.7102
16189,3.3673
16190,3.5550
16191,3.4513
16192,4.5967
16193,3.4807
16194,3.6011
16195,3.3208
16196,3.3651
16197,3.7071
16198,3.3067
16199,3.5441
16200,3.4093
16201,3.5292
16202,3.5508
16203,3.4085
16204,3.3939
16205,3.2479
16206,3.2859
16207,3.2231
16208,3.3213
16209,3.4909
16210,3.1651
16211,3.4097
16212,3.2472
16213,3.1701
16214,3.1279
16215,3.2000
16216,3.2019
16217,3.1958
16218,3.3223
16219,3.2065
16220,3.2506
16221,3.3460
16222,3.1392
16223,3.2425
16224,3.2024
16225,3.2273
16226,3.1408
16227,3.5272
16228,3.2247
16229,3.2457
16230,3.5236
16231,3.2394
16232,3.1029
16233,3.6034
16234,3.1776
16235,3.2214
16236,3.2457
16237,3.1354
16238,3.2210
16239,3.1897
16240,3.2123
16241,3.2073
16242,3.4137
16243,3.2150
16244,3.2602
16245,3.4550
16246,3.4433
16247,3.2186
16248,3.3776
16249,3.4808
16250,3.2489
16251,3.4227
16252,4.0675
16253,4.0679
16254,3.6095
16255,3.9074
16256,3.5183
16257,3.3744
16258,3.4107
16259,5.3222
16260,4.4555
16261,3.2987
16262,4.0304
16263,4.1820
16264,5.1150
16265,3.1466
16266,3.4390
16267,3.7697
16268,3.6315
16269,3.3025
16270,4.3629
16271,3.2582
16272,3.5717
16273,3.5224
16274,3.2302
16275,3.6766
16276,3.2197
16277,3.5641
16278,3.9251
16279,3.1762
16280,4.1936
16281,4.1111
16282,3.8708
16283,4.0809
16284,3.5158
16285,4.1174
16286,3.4166
16287,3.6362
16288,3.8432
16289,3.2910
16290,3.6514
16291,3.3262
16292,4.7908
16293,3.7010
16294,3.6094
16295,3.8399
16296,3.3580
16297,3.1743
16298,3.7313
16299,3.4079
16300,3.5873
16301,3.2604
16302,3.5475
16303,3.5379
16304,3.2416
16305,3.2391
16306,3.2069
16307,3.2241
16308,3.2118
16309,3.1987
16310,3.2496
16311,3.2761
16312,3.5626
16313,3.2327
16314,3.3216
16315,3.1924
16316,3.1805
16317,3.1824
16318,3.3040
16319,3.5482
16320,3.2542
16321,3.2680
16322,3.2932
16323,3.2256
16324,3.3194
16325,3.2144
16326,3.2354
16327,3.2404
16328,3.2227
16329,3.3286
16330,3.3301
16331,3.2159
16332,3.3615
16333,3.2114
16334,3.1819
16335,3.1921
16336,3.3288
16337,3.5625
16338,3.1551
16339,3.2812
16340,3.3449
16341,3.5379
16342,3.2937
16343,3.4027
16344,3.4608
16345,4.1566
16346,4.1213
16347,3.4149
16348,3.9024
16349,3.3862
16350,4.9439
16351,3.4534
16352,4.5937
16353,3.6052
16354,3.3429
16355,4.2057
16356,3.5325
16357,3.7307
16358,3.6948
16359,3.4220
16360,3.6767
16361,3.3656
16362,3.4922
16363,3.4691
16364,3.2821
16365,3.2262
16366,3.2651
16367,3.1975
16368,3.2007
16369,3.4697
16370,3.2229
16371,3.3349
16372,3.2123
16373,3.2137
16374,3.4395
16375,3.4991
16376,3.1083
16377,3.0777
16378,3.5574
16379,3.4170
16380,3.7177
16381,3.2512
16382,3.5373
16383,3.4396
16384,3.4646
16385,3.4767
16386,3.2087
16387,3.4457
16388,3.1981
16389,3.2115
16390,3.3731
16391,3.1870
16392,3.6725
16393,3.5658
16394,3.2388
16395,3.4340
16396,3.3356
16397,3.2217
16398,3.2307
16399,3.3221
16400,3.5022
16401,3.2115
16402,3.6829
16403,4.8629
16404,5.1185
16405,4.3861
16406,3.2944
16407,3.3557
16408,3.2927
16409,3.4070
16410,3.4261
16411,3.2939
16412,3.3606
16413,3.6511
16414,4.4613
16415,3.6892
16416,3.0481
16417,3.2931
16418,3.5113
16419,3.4236
16420,3.3143
16421,3.1745
16422,3.1925
16423,3.3557
16424,3.4710
16425,3.3625
16426,3.1176
16427,3.2104
16428,3.5468
16429,3.8388
16430,3.5580
16431,3.4188
16432,3.7467
16433,4.9269
16434,3.8158
16435,4.7977
16436,3.9494
16437,3.2952
16438,3.4469
16439,4.2024
16440,3.2961
16441,3.4333
16442,3.4104
16443,3.4693
16444,3.5574
16445,3.3393
16446,3.4152
16447,3.1957
16448,3.6659
16449,3.3748
16450,3.1900
16451,3.2005
16452,3.5791
16453,3.8516
16454,3.3162
16455,3.5166
16456,3.2064
16457,3.5844
16458,3.5346
16459,3.3130
16460,4.4304
16461,3.4326
16462,3.6359
16463,3.6778
16464,3.2013
16465,3.6743
16466,3.2443
16467,3.4690
16468,3.5246
16469,3.3177
16470,3.6183
16471,3.2751
16472,3.1825
16473,3.5580
16474,3.1772
16475,3.7360
16476,3.2663
16477,3.5961
16478,3.6093
16479,3.2321
16480,3.6039
16481,3.2602
16482,3.5204
16483,3.5839
16484,3.4232
16485,3.6374
16486,3.2778
16487,3.8794
16488,3.2934
16489,3.1467
16490,3.5582
16491,3.2577
16492,3.9088
16493,3.2527
16494,4.1768
16495,3.9755
16496,4.1815
16497,3.8395
16498,3.2112
16499,3.5315
16500,3.3505
16501,3.4213
16502,4.3768
16503,3.5108
16504,3.3652
16505,3.5268
16506,3.5022
16507,3.7324
16508,3.2625
16509,3.3537
16510,3.3799
16511,3.3333
16512,3.2419
16513,3.1910
16514,3.2190
16515,3.3139
16516,3.3809
16517,3.2218
16518,3.2742
16519,3.2838
16520,3.1331
16521,3.3252
16522,3.2050
16523,3.1929
16524,3.3095
16525,3.6310
16526,4.0864
16527,3.3448
16528,3.5509
16529,3.1804
16530,3.5523
16531,3.2228
16532,3.7483
16533,3.5239
16534,3.2702
16535,3.6358
16536,3.2557
16537,3.4620
16538,3.4696
16539,3.5408
16540,3.4077
16541,3.2310
16542,3.3689
16543,3.4080
16544,3.2237
16545,3.4915
16546,3.1547
16547,3.1613
16548,3.2049
16549,3.2852
16550,3.2367
16551,3.3269
16552,3.6540
16553,3.2833
16554,3.2396
16555,3.6143
16556,3.4552
16557,3.5586
16558,3.2720
16559,3.6096
16560,3.4056
16561,3.5829
16562,3.4217
16563,3.4816
16564,3.4038
16565,3.6272
16566,3.3449
16567,3.5469
16568,3.4636
16569,3.9067
16570,3.4287
16571,3.1719
16572,3.2805
16573,3.2802
16574,3.3511
16575,3.2122
16576,3.3382
16577,4.6025
16578,2.9270
16579,3.2401
16580,3.7858
16581,3.3931
16582,3.6243
16583,3.5729
16584,3.2785
16585,3.7184
16586,4.4440
16587,4.6933
16588,4.5823
16589,4.0059
16590,3.8301
16591,3.4315
16592,3.9241
16593,3.9213
16594,4.3723
16595,4.4570
16596,3.6227
16597,3.9913
16598,3.8661
16599,3.2935
16600,3.7549
16601,3.3916
16602,3.8610
16603,3.7079
16604,3.1760
16605,3.8124
16606,3.3019
16607,3.3426
16608,3.5253
16609,3.1757
16610,3.4336
16611,3.2410
16612,3.4865
16613,3.3925
16614,3.3909
16615,3.4826
16616,3.3201
16617,3.7530
16618,3.5863
16619,3.6139
16620,3.3161
16621,4.0576
16622,3.4280
16623,3.4527
16624,3.3044
16625,3.4727
16626,3.4669
16627,3.2618
16628,3.3952
16629,3.4593
16630,3.4855
16631,3.0818
16632,3.2909
16633,3.7939
16634,3.3980
16635,3.3748
16636,3.2300
16637,3.2712
16638,3.5536
16639,3.2677
16640,3.7212
16641,3.4836
16642,3.3568
16643,3.2287
16644,3.2736
16645,3.5306
16646,3.1422
16647,3.2387
16648,3.5743
16649,3.6139
16650,3.6649
16651,3.2735
16652,3.8242
16653,4.4787
16654,3.4987
16655,3.7224
16656,3.2105
16657,3.2089
16658,3.5572
16659,3.2949
16660,3.7203
16661,3.2249
16662,3.7165
16663,3.8679
16664,3.2789
16665,4.0237
16666,3.3712
16667,3.4765
16668,3.4510
16669,3.2506
16670,3.8097
16671,3.3117
16672,3.3460
16673,3.7627
16674,3.3677
16675,3.8796
16676,3.2661
16677,4.4340
16678,4.6485
16679,4.0769
16680,4.3333
16681,3.3553
16682,3.7151
16683,3.4739
16684,3.4463
16685,3.3827
16686,3.7681
16687,3.2452
16688,3.3415
16689,3.2538
16690,2.8356
16691,3.2408
16692,3.4965
16693,3.2994
16694,3.2967
16695,3.2676
16696,3.1754
16697,3.3464
16698,3.2188
16699,3.2000
16700,3.2047
16701,3.2425
16702,3.2254
16703,3.2373
16704,3.4589
16705,3.3089
16706,3.3975
16707,3.2784
16708,3.4332
16709,3.6790
16710,4.3392
16711,3.3110
16712,3.9232
16713,3.7112
16714,3.3841
16715,3.6611
16716,3.4018
16717,3.3255
16718,3.4981
16719,3.4236
16720,3.3740
16721,3.3566
16722,4.1807
16723,4.8186
16724,3.2643
16725,3.7382
16726,3.1346
16727,3.4162
16728,3.2118
16729,3.2825
16730,3.2211
16731,3.7410
16732,3.3395
16733,3.2153
16734,3.4617
16735,3.3873
16736,3.2519
16737,3.2576
16738,3.1911
16739,3.2262
16740,3.2405
16741,3.2076
16742,3.2290
16743,3.2745
16744,3.2386
16745,3.2516
16746,3.2492
16747,3.2616
16748,3.2654
16749,3.2334
16750,3.2168
16751,3.1869
16752,6.3017
16753,3.4267
16754,3.2478
16755,3.2609
16756,3.3091
16757,3.3422
16758,3.4156
16759,3.8328
16760,3.7812
16761,3.2507
16762,3.2324
16763,3.5885
16764,3.1498
16765,3.7639
16766,3.5702
16767,3.6514
16768,3.7628
16769,4.1332
16770,4.4378
16771,4.0391
16772,4.1280
16773,3.2829
16774,3.4952
16775,4.9306
16776,3.4875
16777,4.9448
16778,3.6981
16779,3.0036
16780,3.4552
16781,3.5024
16782,3.3039
16783,3.4948
16784,3.3303
16785,3.1600
16786,3.3830
16787,3.3650
16788,3.2420
16789,3.2294
16790,3.3362
16791,3.2460
16792,3.1812
16793,3.2258
16794,3.1882
16795,3.6031
16796,3.3097
16797,3.2637
16798,3.4077
16799,3.3009
16800,3.6901
16801,3.9568
16802,3.4599
16803,3.3756
16804,3.3040
16805,3.3628
16806,3.7782
16807,3.4431
16808,3.3161
16809,3.7137
16810,3.3500
16811,3.4674
16812,3.3908
16813,3.3299
16814,3.3988
16815,3.4847
16816,3.5486
16817,3.4642
16818,3.2879
16819,3.2565
16820,3.1856
16821,3.2149
16822,3.2239
16823,3.2428
16824,3.3925
16825,3.3120
16826,3.2202
16827,3.3394
16828,3.6663
16829,3.2663
16830,3.6511
16831,3.2993
16832,3.7083
16833,3.7020
16834,3.2088
16835,3.5838
16836,3.3397
16837,3.5656
16838,3.2279
16839,3.2642
16840,3.5487
16841,3.2820
16842,3.4647
16843,3.2740
16844,3.2014
16845,3.2453
16846,3.4669
16847,3.2310
16848,3.2852
16849,3.1908
16850,3.1972
16851,3.2940
16852,3.2436
16853,3.2654
16854,3.3277
16855,3.2109
16856,3.3160
16857,3.4293
16858,3.2525
16859,3.3699
16860,4.2245
16861,4.1018
16862,3.3894
16863,3.7303
16864,3.8085
16865,3.7157
16866,3.2787
16867,4.4242
16868,4.0362
16869,3.2734
16870,3.6201
16871,3.9219
16872,4.0185
16873,3.8362
16874,3.3683
16875,4.0011
16876,3.5029
16877,3.8008
16878,3.7266
16879,3.2477
16880,3.9754
16881,3.2542
16882,3.6768
16883,3.4373
16884,3.2344
16885,3.5294
16886,3.3440
16887,3.4611
16888,3.4432
16889,3.2203
16890,3.6220
16891,3.3839
16892,4.0162
16893,4.0691
16894,3.4176
16895,3.6831
16896,3.6354
16897,3.5601
16898,3.3481
16899,3.6337
16900,3.7531
16901,3.6514
16902,4.3915
16903,3.4000
16904,3.4309
16905,2.9209
16906,3.4068
16907,3.5454
16908,3.2989
16909,3.2027
16910,3.1828
16911,3.2118
16912,3.2417
16913,3.3234
16914,3.4740
16915,3.4009
16916,3.4561
16917,3.2698
16918,3.3530
16919,3.5911
16920,3.5340
16921,3.3690
16922,3.4071
16923,4.7369
16924,3.4723
16925,4.4388
16926,4.0640
16927,3.9337
16928,4.1797
16929,3.3149
16930,3.4854
16931,3.4310
16932,3.4392
16933,3.6412
16934,3.4705
16935,3.0152
16936,3.4077
16937,4.4447
16938,3.5088
16939,3.2616
16940,3.4521
16941,3.3794
16942,3.2380
16943,3.2582
16944,3.2429
16945,3.2295
16946,3.2469
16947,3.4526
16948,3.3294
16949,3.2149
16950,3.2845
16951,3.6520
16952,3.2920
16953,2.9715
16954,4.2310
16955,4.4592
16956,4.4451
16957,3.9593
16958,3.7853
16959,3.2455
16960,3.3161
16961,3.3243
16962,3.3510
16963,3.7131
16964,3.4646
16965,3.6528
16966,3.4072
16967,2.7923
16968,3.6396
16969,3.9541
16970,3.4803
16971,4.3533
16972,3.2841
16973,3.4796
16974,3.5794
16975,3.5936
16976,3.2502
16977,3.2584
16978,3.6589
16979,3.2233
16980,3.8613
16981,3.4336
16982,3.3748
16983,3.6031
16984,3.3637
16985,4.6203
16986,3.4526
16987,3.6255
16988,3.4270
16989,3.4990
16990,3.4068
16991,3.3500
16992,3.3640
16993,3.3249
16994,3.2676
16995,3.4038
16996,3.4832
16997,3.4672
16998,2.9076
16999,3.3305
17000,4.2548
17001,3.8395
17002,3.4853
17003,3.4689
17004,3.2152
17005,3.2825
17006,3.1738
17007,3.2107
17008,3.4749
17009,3.2099
17010,3.2254
17011,3.5232
17012,3.4257
17013,4.2019
17014,3.6297
17015,4.1310
17016,4.4177
17017,4.9896
17018,4.2033
17019,3.3018
17020,3.9641
17021,3.3336
17022,3.6794
17023,3.6881
17024,3.4328
17025,3.9369
17026,3.3234
17027,3.5698
17028,3.5166
17029,3.2393
17030,3.6381
17031,3.3994
17032,3.4948
17033,3.6302
17034,3.2057
17035,3.8424
17036,3.1532
17037,3.9762
17038,3.7837
17039,3.3721
17040,3.7579
17041,3.2830
17042,3.7445
17043,3.6310
17044,3.2036
17045,3.4954
17046,3.2279
17047,3.5621
17048,3.7056
17049,3.3628
17050,3.7636
17051,3.1884
17052,3.4823
17053,3.4265
17054,3.1924
17055,3.4756
17056,3.2545
17057,3.5761
17058,4.1349
17059,3.3769
17060,3.7187
17061,3.4595
17062,3.6968
17063,3.7190
17064,3.2072
17065,3.5242
17066,3.5510
17067,3.5460
17068,3.5034
17069,3.3183
17070,3.4734
17071,3.3171
17072,3.8670
17073,3.4395
17074,3.4501
17075,3.6049
17076,3.4138
17077,5.3012
17078,3.5353
17079,3.4227
17080,3.3670
17081,3.5681
17082,3.3214
17083,3.6111
17084,4.2394
17085,3.4755
17086,3.3462
17087,3.3114
17088,3.7414
17089,3.5492
17090,3.3015
17091,3.3662
17092,3.2748
17093,3.1849
17094,3.5129
17095,3.2703
17096,3.4781
17097,3.3264
17098,3.6118
17099,3.1420
17100,4.0924
17101,3.2164
17102,3.1831
17103,3.5398
17104,3.4559
17105,3.6112
17106,3.2477
17107,3.3107
17108,4.6199
17109,4.1490
17110,4.2416
17111,3.9954
17112,3.5454
17113,3.3306
17114,3.4987
17115,2.8062
17116,3.9326
17117,3.2428
17118,3.5161
17119,3.3299
17120,3.2392
17121,3.0094
17122,3.6423
17123,3.3231
17124,3.7426
17125,3.9327
17126,3.3118
17127,3.2866
17128,3.2112
17129,3.2397
17130,3.5407
17131,3.2677
17132,3.1786
17133,3.2364
17134,3.2618
17135,4.0379
17136,3.3183
17137,3.7021
17138,3.6880
17139,4.4525
17140,3.8747
17141,4.1809
17142,3.3244
17143,4.2039
17144,3.4109
17145,4.3368
17146,3.3780
17147,3.5388
17148,3.3475
17149,4.5789
17150,4.3329
17151,3.3835
17152,3.3346
17153,3.7763
17154,2.9932
17155,3.6193
17156,3.5061
17157,3.4860
17158,3.3216
17159,3.2142
17160,3.5007
17161,3.2167
17162,3.4451
17163,3.2813
17164,3.3957
17165,3.1964
17166,3.2259
17167,3.3273
17168,3.2395
17169,3.5230
17170,3.3472
17171,3.3926
17172,3.3837
17173,4.3425
17174,4.1530
17175,3.9463
17176,4.4873
17177,3.4849
17178,3.5353
17179,3.3129
17180,3.5416
17181,4.0610
17182,3.4152
17183,3.6183
17184,3.3305
17185,4.2788
17186,3.4701
17187,3.3770
17188,3.6727
17189,3.2574
17190,3.5968
17191,3.2492
17192,3.5264
17193,3.6372
17194,3.5274
17195,3.7694
17196,3.2839
17197,3.6293
17198,3.6411
17199,3.2538
17200,3.4090
17201,3.2236
17202,3.5648
17203,3.2216
17204,3.2724
17205,3.5306
17206,3.2212
17207,3.2891
17208,3.2450
17209,3.5097
17210,3.3530
17211,3.2038
17212,3.1735
17213,3.1726
17214,3.2532
17215,3.2275
17216,3.3566
17217,3.2529
17218,3.4138
17219,3.2262
17220,3.3381
17221,3.1684
17222,3.2113
17223,3.2473
17224,3.2465
17225,3.1951
17226,3.2545
17227,3.4903
17228,3.7461
17229,3.6674
17230,3.9036
17231,3.9317
17232,3.4236
17233,4.3438
17234,4.4908
17235,4.0460
17236,3.3852
17237,4.0375
17238,4.2689
17239,3.3718
17240,4.8136
17241,3.5820
17242,3.9793
17243,3.6596
17244,3.3388
17245,3.8075
17246,3.2296
17247,3.5917
17248,3.4348
17249,3.6870
17250,3.3675
17251,3.2014
17252,3.1230
17253,3.1692
17254,3.1484
17255,3.4035
17256,3.1942
17257,3.3253
17258,3.3597
17259,3.3264
17260,3.2735
17261,3.1612
17262,3.2088
17263,3.2134
17264,3.2157
17265,3.1731
17266,3.2566
17267,3.3308
17268,3.1881
17269,3.2053
17270,3.3355
17271,3.2158
17272,3.2207
17273,3.5632
17274,3.3052
17275,3.3471
17276,3.3792
17277,3.1239
17278,3.5408
17279,3.3964
17280,3.7069
17281,3.1800
17282,3.7597
17283,3.9195
17284,3.2767
17285,3.5652
17286,3.8011
17287,3.7814
17288,3.8787
17289,3.3908
17290,4.1846
17291,3.3732
17292,3.4274
17293,4.8305
17294,4.9595
17295,3.8277
17296,3.7766
17297,4.7216
17298,3.6745
17299,3.3530
17300,3.8828
17301,3.8531
17302,3.5890
17303,4.4712
17304,3.7338
17305,3.7589
17306,5.0982
17307,4.0349
17308,3.3842
17309,3.4142
17310,3.7306
17311,3.2331
17312,3.3042
17313,3.4286
17314,3.2337
17315,3.3126
17316,3.4712
17317,3.2360
17318,3.3089
17319,3.2973
17320,3.3844
17321,3.5111
17322,3.4779
17323,3.7683
17324,3.8108
17325,3.4291
17326,4.5416
17327,3.6170
17328,4.0130
17329,3.4373
17330,3.7261
17331,3.3627
17332,4.4768
17333,3.7675
17334,3.4936
17335,4.4144
17336,3.9499
17337,3.5534
17338,2.8681
17339,3.3455
17340,3.4860
17341,3.4927
17342,3.1356
17343,3.1920
17344,3.1751
17345,3.1860
17346,3.1754
17347,3.2142
17348,3.1652
17349,3.2872
17350,3.3527
17351,3.1904
17352,3.2670
17353,3.2213
17354,3.2492
17355,3.2090
17356,3.3636
17357,3.2395
17358,3.1946
17359,3.6863
17360,3.1719
17361,3.1701
17362,3.3736
17363,4.6102
17364,3.4780
17365,5.5801
17366,4.5600
17367,4.3602
17368,3.9972
17369,3.2305
17370,4.2750
17371,3.1793
17372,3.7964
17373,3.7192
17374,3.1431
17375,4.3060
17376,3.1521
17377,3.6287
17378,3.4151
17379,3.3802
17380,3.4045
17381,3.3384
17382,3.6659
17383,3.3662
17384,3.2545
17385,3.9426
17386,3.9187
17387,4.2531
17388,4.2291
17389,3.3909
17390,4.5388
17391,3.4622
17392,4.5138
17393,3.3118
17394,3.9335
17395,3.3546
17396,3.8760
17397,3.5778
17398,3.3125
17399,3.3931
17400,3.4178
17401,4.0127
17402,3.4330
17403,3.1549
17404,3.2141
17405,3.1692
17406,3.1395
17407,3.1517
17408,3.3550
17409,3.1716
17410,3.2548
17411,5.4189
17412,3.1317
17413,4.0767
17414,3.2224
17415,3.6986
17416,3.3698
17417,3.6894
17418,3.6377
17419,3.1992
17420,3.8738
17421,3.3388
17422,3.2096
17423,3.5988
17424,3.2453
17425,3.7484
17426,3.3602
17427,3.1859
17428,3.6575
17429,3.2323
17430,3.8729
17431,3.2265
17432,3.7785
17433,3.7170
17434,3.2402
17435,3.5651
17436,3.2197
17437,3.5641
17438,3.3698
17439,3.2303
17440,3.4270
17441,3.2633
17442,3.7365
17443,3.4993
17444,3.2391
17445,4.5142
17446,3.6054
17447,3.8274
17448,3.4309
17449,3.3870
17450,4.1905
17451,3.9841
17452,4.2662
17453,3.9387
17454,3.4838
17455,3.5376
17456,3.4178
17457,3.6780
17458,3.3553
17459,3.1204
17460,3.4449
17461,3.4361
17462,3.2527
17463,3.2653
17464,3.1921
17465,3.2810
17466,3.1811
17467,3.2791
17468,3.8040
17469,3.2832
17470,3.2305
17471,3.2519
17472,3.2283
17473,3.2596
17474,3.2708
17475,3.4803
17476,3.1927
17477,3.1877
17478,3.8236
17479,3.3261
17480,3.7793
17481,3.2368
17482,3.6173
17483,3.9042
17484,3.1834
17485,3.3777
17486,3.2785
17487,3.2968
17488,3.1738
17489,3.1750
17490,3.3126
17491,3.2689
17492,3.5904
17493,3.2454
17494,3.2223
17495,3.2164
17496,3.2376
17497,3.2432
17498,3.1694
17499,3.1745
17500,3.1659
17501,3.3680
17502,4.2101
17503,3.2652
17504,3.3319
17505,4.7523
17506,3.4986
17507,3.4138
17508,3.4903
17509,3.4734
17510,3.3629
17511,3.3842
17512,3.4094
17513,3.4389
17514,3.4893
17515,3.3614
17516,3.5172
17517,3.3130
17518,3.1614
17519,3.3019
17520,3.2295
17521,3.2672
17522,3.2043
17523,3.5829
17524,3.2238
17525,3.2604
17526,3.2701
17527,3.2182
17528,3.3118
17529,3.3453
17530,3.5051
17531,3.1878
17532,3.4103
17533,3.6040
17534,3.2228
17535,3.6402
17536,3.2447
17537,3.7165
17538,3.8040
17539,3.2913
17540,4.2635
17541,3.3560
17542,3.4348
17543,3.5538
17544,3.2278
17545,3.7795
17546,3.8745
17547,3.7320
17548,3.5522
17549,3.2572
17550,3.5334
17551,3.2080
17552,3.7185
17553,3.5624
17554,3.2438
17555,3.6027
17556,3.2191
17557,3.5647
17558,3.2315
17559,3.3477
17560,5.1977
17561,3.4744
17562,4.5988
17563,3.4229
17564,4.3287
17565,4.0773
17566,3.3944
17567,3.3553
17568,3.2574
17569,3.4965
17570,3.3662
17571,3.4470
17572,3.2598
17573,3.4608
17574,3.4223
17575,3.5129
17576,3.0810
17577,3.2640
17578,3.5436
17579,3.1751
17580,3.3145
17581,3.3159
17582,3.3969
17583,3.3690
17584,3.3243
17585,3.3384
17586,3.3021
17587,3.4856
17588,3.1721
17589,3.1849
17590,3.3519
17591,3.3728
17592,3.2985
17593,3.6932
17594,3.2602
17595,3.7317
17596,3.3820
17597,3.3498
17598,3.4060
17599,3.4658
17600,4.0610
17601,3.8181
17602,3.2739
17603,3.3491
17604,3.3894
17605,3.5505
17606,3.3723
17607,2.5881
17608,3.5239
17609,3.3367
17610,3.2147
17611,3.2794
17612,3.4468
17613,3.2686
17614,3.3144
17615,3.5946
17616,3.2883
17617,3.2244
17618,3.1974
17619,3.3238
17620,3.2921
17621,3.5547
17622,3.5093
17623,3.6998
17624,4.0371
17625,4.3902
17626,3.4151
17627,3.7270
17628,4.2505
17629,3.2679
17630,3.6783
17631,3.5143
17632,3.9769
17633,4.2700
17634,3.3096
17635,4.6170
17636,3.4652
17637,3.5765
17638,4.0957
17639,3.4085
17640,4.1120
17641,3.1932
17642,3.6069
17643,3.5071
17644,3.3459
17645,3.4836
17646,3.3573
17647,3.4625
17648,3.9257
17649,3.2499
17650,3.7115
17651,3.2819
17652,3.3886
17653,4.2276
17654,3.2042
17655,4.3391
17656,4.3674
17657,4.8710
17658,3.6724
17659,3.3694
17660,4.5300
17661,4.3148
17662,4.4122
17663,4.8073
17664,3.7094
17665,3.8460
17666,3.4256
17667,3.5304
17668,3.3980
17669,3.1889
17670,4.1502
17671,3.4630
17672,3.2324
17673,3.2335
17674,3.2092
17675,3.2588
17676,3.2273
17677,3.2330
17678,3.1499
17679,3.2604
17680,3.2521
17681,3.6240
17682,4.2799
17683,3.2119
17684,3.6738
17685,3.1559
17686,3.2099
17687,3.3155
17688,3.4565
17689,3.5013
17690,3.3202
17691,3.4142
17692,3.3444
17693,3.3631
17694,3.2112
17695,4.0217
17696,3.3865
17697,3.2915
17698,3.2425
17699,3.1761
17700,3.1963
17701,3.4236
17702,3.3314
17703,3.3119
17704,3.4568
17705,3.2719
17706,3.2752
17707,3.2006
17708,3.2728
17709,3.3402
17710,3.2483
17711,3.3017
17712,3.3397
17713,3.4232
17714,3.2544
17715,3.3819
17716,4.0010
17717,6.3173
17718,3.3651
17719,3.4934
17720,3.4015
17721,3.3451
17722,3.6128
17723,3.4425
17724,3.3610
17725,3.7680
17726,3.3762
17727,3.3417
17728,3.4519
17729,3.8046
17730,3.8538
17731,3.3248
17732,3.4554
17733,3.7306
17734,3.3877
17735,3.6912
17736,3.2974
17737,3.6798
17738,3.6287
17739,3.1851
17740,3.9795
17741,3.1717
17742,3.0753
17743,3.6151
17744,3.4878
17745,3.8415
17746,3.1907
17747,3.2470
17748,3.8701
17749,3.7751
17750,3.7994
17751,3.2017
17752,3.7201
17753,3.6626
17754,3.2095
17755,3.4901
17756,3.1178
17757,3.3961
17758,3.1822
17759,3.1800
17760,3.9593
17761,3.1740
17762,3.1766
17763,3.7244
17764,3.2225
17765,3.5307
17766,3.1454
17767,3.1918
17768,3.4332
17769,3.2360
17770,3.4686
17771,3.3762
17772,3.1984
17773,4.4684
17774,4.4735
17775,4.4571
17776,3.2964
17777,5.1060
17778,3.5433
17779,4.1438
17780,5.1432
17781,3.9867
17782,4.3869
17783,3.2937
17784,3.3524
17785,3.9715
17786,3.3330
17787,2.7855
17788,3.2397
17789,3.3535
17790,3.6471
17791,3.4239
17792,3.4204
17793,3.3336
17794,3.4985
17795,3.2334
17796,3.1614
17797,3.6249
17798,3.5838
17799,3.3372
17800,3.1923
17801,3.8011
17802,3.6048
17803,3.3344
17804,3.1760
17805,3.3665
17806,3.7002
17807,3.3847
17808,3.3499
17809,3.2881
17810,3.8190
17811,3.3274
17812,4.2287
17813,4.3489
17814,3.2929
17815,3.3383
17816,3.3358
17817,3.3097
17818,3.4760
17819,3.3497
17820,4.2329
17821,3.5758
17822,3.1749
17823,3.4673
17824,3.4082
17825,3.1657
17826,3.1914
17827,3.2210
17828,3.1639
17829,3.1783
17830,3.2153
17831,3.1341
17832,3.1666
17833,3.1346
17834,3.2778
17835,4.0841
17836,3.0912
17837,3.5149
17838,3.5465
17839,3.2404
17840,3.5832
17841,3.1151
17842,3.6361
17843,3.5231
17844,3.1605
17845,3.4447
17846,3.1927
17847,3.5244
17848,3.2007
17849,3.2707
17850,3.3872
17851,3.2842
17852,3.3027
17853,3.5996
17854,3.3371
17855,3.1701
17856,3.1942
17857,3.1797
17858,3.2425
17859,5.0041
17860,3.1770
17861,3.6887
17862,4.1322
17863,4.1816
17864,3.3333
17865,4.8529
17866,4.4300
17867,3.3525
17868,3.6463
17869,3.3239
17870,3.4854
17871,3.3159
17872,3.3593
17873,3.3736
17874,3.3362
17875,4.0401
17876,3.3628
17877,3.6618
17878,2.6800
17879,3.4972
17880,3.5604
17881,3.2417
17882,3.6399
17883,3.5249
17884,3.1615
17885,3.0703
17886,3.1935
17887,3.2148
17888,3.1420
17889,3.2545
17890,3.4651
17891,3.1832
17892,3.1589
17893,3.1833
17894,3.1227
17895,3.7628
17896,3.1709
17897,3.1866
17898,3.5530
17899,3.2265
17900,3.8673
17901,3.1527
17902,3.8552
17903,4.3504
17904,3.1741
17905,3.6873
17906,3.2775
17907,3.2654
17908,3.6096
17909,3.1879
17910,3.6428
17911,4.6465
17912,3.2570
17913,3.2373
17914,3.2023
17915,3.4449
17916,3.2020
17917,3.2259
17918,3.6024
17919,3.2582
17920,3.5402
17921,4.0575
17922,3.3354
17923,4.4624
17924,3.8361
17925,4.7188
17926,3.4710
17927,3.2760
17928,3.9791
17929,3.2346
17930,4.0103
17931,3.5925
17932,4.8750
17933,4.2809
17934,3.6044
17935,3.6504
17936,3.5626
17937,3.9630
17938,3.8217
17939,3.3582
17940,4.6266
17941,3.2524
17942,3.4600
17943,3.5991
17944,3.3365
17945,3.7597
17946,3.2071
17947,3.2794
17948,3.5965
17949,3.3014
17950,3.6324
17951,3.1542
17952,3.8912
17953,3.6813
17954,3.2883
17955,3.5580
17956,3.8824
17957,4.0499
17958,3.4936
17959,4.2055
17960,3.8513
17961,5.2325
17962,3.6028
17963,3.7238
17964,3.2711
17965,3.6635
17966,3.3089
17967,3.4290
17968,3.3224
17969,3.4090
17970,2.6547
17971,3.5542
17972,3.3689
17973,3.2466
17974,3.2235
17975,3.3412
17976,3.2081
17977,3.3187
17978,3.5571
17979,3.1918
17980,3.5066
17981,3.1341
17982,3.6702
17983,3.8533
17984,3.8737
17985,3.6915
17986,3.2223
17987,3.6563
17988,4.0899
17989,3.3540
17990,3.3604
17991,3.3772
17992,3.3851
17993,3.3614
17994,3.3517
17995,3.6193
17996,3.3351
17997,3.4743
17998,3.2769
17999,3.3576
18000,4.8224
