tick_id,phase,elapsed_nanos,queue_wait_nanos
1,IngressCapture,60300,
1,DecodeAndCanonicalize,6500,
1,ApplyInputs,24400,
1,ProcessorPlan,5118300,
1,CrossWorldPrepare,21200,
1,NativeJobBarrier,1100,
1,CommitDecision,500,
1,VoxelCommit,6600,
1,EcsCommandBufferCommit,275900,
1,GasAndEventFinalize,43100,
1,ReplicationProjection,37500,
1,SnapshotHashMetrics,600,
1,EgressPublish,9983800,
2,IngressCapture,7900,
2,DecodeAndCanonicalize,900,
2,ApplyInputs,8400,
2,ProcessorPlan,568100,
2,CrossWorldPrepare,3800,
2,NativeJobBarrier,600,
2,CommitDecision,600,
2,VoxelCommit,2579000,
2,EcsCommandBufferCommit,42500,
2,GasAndEventFinalize,6400,
2,ReplicationProjection,8300,
2,SnapshotHashMetrics,300,
2,EgressPublish,8909800,
3,IngressCapture,7400,
3,DecodeAndCanonicalize,600,
3,ApplyInputs,7500,
3,ProcessorPlan,3843400,
3,CrossWorldPrepare,7700,
3,NativeJobBarrier,900,
3,CommitDecision,600,
3,VoxelCommit,2400,
3,EcsCommandBufferCommit,42900,
3,GasAndEventFinalize,6400,
3,ReplicationProjection,9300,
3,SnapshotHashMetrics,600,
3,EgressPublish,9127400,
4,IngressCapture,6600,
4,DecodeAndCanonicalize,400,
4,ApplyInputs,7400,
4,ProcessorPlan,4013900,
4,CrossWorldPrepare,10300,
4,NativeJobBarrier,700,
4,CommitDecision,700,
4,VoxelCommit,3200,
4,EcsCommandBufferCommit,51900,
4,GasAndEventFinalize,10900,
4,ReplicationProjection,11600,
4,SnapshotHashMetrics,2100,
4,EgressPublish,9664600,
5,IngressCapture,9000,
5,DecodeAndCanonicalize,600,
5,ApplyInputs,11000,
5,ProcessorPlan,3957300,
5,CrossWorldPrepare,8200,
5,NativeJobBarrier,600,
5,CommitDecision,500,
5,VoxelCommit,2200,
5,EcsCommandBufferCommit,44500,
5,GasAndEventFinalize,6900,
5,ReplicationProjection,14100,
5,SnapshotHashMetrics,500,
5,EgressPublish,11969400,
6,IngressCapture,7800,
6,DecodeAndCanonicalize,1900,
6,ApplyInputs,10500,
6,ProcessorPlan,86400,
6,CrossWorldPrepare,2800,
6,NativeJobBarrier,800,
6,CommitDecision,3100,
6,VoxelCommit,2300,
6,EcsCommandBufferCommit,38200,
6,GasAndEventFinalize,5900,
6,ReplicationProjection,12400,
6,SnapshotHashMetrics,500,
6,EgressPublish,9966000,
7,IngressCapture,8900,
7,DecodeAndCanonicalize,1600,
7,ApplyInputs,9700,
7,ProcessorPlan,95700,
7,CrossWorldPrepare,3500,
7,NativeJobBarrier,600,
7,CommitDecision,700,
7,VoxelCommit,2800,
7,EcsCommandBufferCommit,40000,
7,GasAndEventFinalize,6500,
7,ReplicationProjection,11200,
7,SnapshotHashMetrics,600,
7,EgressPublish,10029400,
8,IngressCapture,7400,
8,DecodeAndCanonicalize,500,
8,ApplyInputs,8600,
8,ProcessorPlan,82800,
8,CrossWorldPrepare,2800,
8,NativeJobBarrier,600,
8,CommitDecision,500,
8,VoxelCommit,2100,
8,EcsCommandBufferCommit,32300,
8,GasAndEventFinalize,5700,
8,ReplicationProjection,8500,
8,SnapshotHashMetrics,500,
8,EgressPublish,8578300,
9,IngressCapture,25200,
9,DecodeAndCanonicalize,700,
9,ApplyInputs,444700,
9,ProcessorPlan,165900,
9,CrossWorldPrepare,5400,
9,NativeJobBarrier,500,
9,CommitDecision,800,
9,VoxelCommit,2800,
9,EcsCommandBufferCommit,1843200,
9,GasAndEventFinalize,622900,
9,ReplicationProjection,3330000,
9,SnapshotHashMetrics,4400,
9,EgressPublish,9378200,
10,IngressCapture,8900,
10,DecodeAndCanonicalize,500,
10,ApplyInputs,24900,
10,ProcessorPlan,110400,
10,CrossWorldPrepare,3500,
10,NativeJobBarrier,700,
10,CommitDecision,600,
10,VoxelCommit,3000,
10,EcsCommandBufferCommit,67200,
10,GasAndEventFinalize,8300,
10,ReplicationProjection,194700,
10,SnapshotHashMetrics,700,
10,EgressPublish,8230400,
11,IngressCapture,6500,
11,DecodeAndCanonicalize,1700,
11,ApplyInputs,7800,
11,ProcessorPlan,82300,
11,CrossWorldPrepare,3200,
11,NativeJobBarrier,400,
11,CommitDecision,600,
11,VoxelCommit,2000,
11,EcsCommandBufferCommit,56500,
11,GasAndEventFinalize,8100,
11,ReplicationProjection,160700,
11,SnapshotHashMetrics,700,
11,EgressPublish,8115400,
12,IngressCapture,8400,
12,DecodeAndCanonicalize,700,
12,ApplyInputs,12400,
12,ProcessorPlan,103100,
12,CrossWorldPrepare,3900,
12,NativeJobBarrier,500,
12,CommitDecision,1300,
12,VoxelCommit,2700,
12,EcsCommandBufferCommit,74700,
12,GasAndEventFinalize,10200,
12,ReplicationProjection,181200,
12,SnapshotHashMetrics,700,
12,EgressPublish,10205000,
13,IngressCapture,23400,
13,DecodeAndCanonicalize,700,
13,ApplyInputs,9300,
13,ProcessorPlan,104200,
13,CrossWorldPrepare,3900,
13,NativeJobBarrier,800,
13,CommitDecision,700,
13,VoxelCommit,2800,
13,EcsCommandBufferCommit,75000,
13,GasAndEventFinalize,11200,
13,ReplicationProjection,222300,
13,SnapshotHashMetrics,900,
13,EgressPublish,8843200,
14,IngressCapture,10900,
14,DecodeAndCanonicalize,900,
14,ApplyInputs,11200,
14,ProcessorPlan,121900,
14,CrossWorldPrepare,3800,
14,NativeJobBarrier,800,
14,CommitDecision,1100,
14,VoxelCommit,4100,
14,EcsCommandBufferCommit,103200,
14,GasAndEventFinalize,13500,
14,ReplicationProjection,274000,
14,SnapshotHashMetrics,1100,
14,EgressPublish,12896000,
15,IngressCapture,13000,
15,DecodeAndCanonicalize,800,
15,ApplyInputs,13500,
15,ProcessorPlan,123400,
15,CrossWorldPrepare,4400,
15,NativeJobBarrier,600,
15,CommitDecision,500,
15,VoxelCommit,4300,
15,EcsCommandBufferCommit,70400,
15,GasAndEventFinalize,9600,
15,ReplicationProjection,160500,
15,SnapshotHashMetrics,500,
15,EgressPublish,13275300,
16,IngressCapture,11300,
16,DecodeAndCanonicalize,2300,
16,ApplyInputs,11300,
16,ProcessorPlan,127700,
16,CrossWorldPrepare,4700,
16,NativeJobBarrier,800,
16,CommitDecision,700,
16,VoxelCommit,2800,
16,EcsCommandBufferCommit,91800,
16,GasAndEventFinalize,13500,
16,ReplicationProjection,235000,
16,SnapshotHashMetrics,1900,
16,EgressPublish,13645600,
17,IngressCapture,8900,
17,DecodeAndCanonicalize,800,
17,ApplyInputs,11800,
17,ProcessorPlan,168800,
17,CrossWorldPrepare,5200,
17,NativeJobBarrier,600,
17,CommitDecision,700,
17,VoxelCommit,2400,
17,EcsCommandBufferCommit,85800,
17,GasAndEventFinalize,14400,
17,ReplicationProjection,284800,
17,SnapshotHashMetrics,1300,
17,EgressPublish,14787300,
18,IngressCapture,11200,
18,DecodeAndCanonicalize,900,
18,ApplyInputs,21400,
18,ProcessorPlan,204500,
18,CrossWorldPrepare,5900,
18,NativeJobBarrier,700,
18,CommitDecision,2200,
18,VoxelCommit,2500,
18,EcsCommandBufferCommit,83000,
18,GasAndEventFinalize,14800,
18,ReplicationProjection,688800,
18,SnapshotHashMetrics,2800,
18,EgressPublish,18739600,
19,IngressCapture,8800,
19,DecodeAndCanonicalize,800,
19,ApplyInputs,12800,
19,ProcessorPlan,234400,
19,CrossWorldPrepare,5700,
19,NativeJobBarrier,600,
19,CommitDecision,500,
19,VoxelCommit,3100,
19,EcsCommandBufferCommit,90300,
19,GasAndEventFinalize,12900,
19,ReplicationProjection,227300,
19,SnapshotHashMetrics,3500,
19,EgressPublish,13472700,
20,IngressCapture,9900,
20,DecodeAndCanonicalize,2300,
20,ApplyInputs,14200,
20,ProcessorPlan,104000,
20,CrossWorldPrepare,4000,
20,NativeJobBarrier,600,
20,CommitDecision,900,
20,VoxelCommit,3200,
20,EcsCommandBufferCommit,85100,
20,GasAndEventFinalize,18300,
20,ReplicationProjection,215100,
20,SnapshotHashMetrics,1100,
20,EgressPublish,13124100,
21,IngressCapture,10800,
21,DecodeAndCanonicalize,800,
21,ApplyInputs,13600,
21,ProcessorPlan,127800,
21,CrossWorldPrepare,3600,
21,NativeJobBarrier,1200,
21,CommitDecision,1300,
21,VoxelCommit,2700,
21,EcsCommandBufferCommit,100000,
21,GasAndEventFinalize,14500,
21,ReplicationProjection,266000,
21,SnapshotHashMetrics,1900,
21,EgressPublish,12685200,
22,IngressCapture,10400,
22,DecodeAndCanonicalize,700,
22,ApplyInputs,13000,
22,ProcessorPlan,3436300,
22,CrossWorldPrepare,11600,
22,NativeJobBarrier,800,
22,CommitDecision,700,
22,VoxelCommit,3900,
22,EcsCommandBufferCommit,92500,
22,GasAndEventFinalize,15300,
22,ReplicationProjection,312400,
22,SnapshotHashMetrics,2800,
22,EgressPublish,14517600,
23,IngressCapture,11800,
23,DecodeAndCanonicalize,1400,
23,ApplyInputs,10600,
23,ProcessorPlan,103500,
23,CrossWorldPrepare,3200,
23,NativeJobBarrier,900,
23,CommitDecision,900,
23,VoxelCommit,2500,
23,EcsCommandBufferCommit,78800,
23,GasAndEventFinalize,13800,
23,ReplicationProjection,231600,
23,SnapshotHashMetrics,2000,
23,EgressPublish,12328700,
24,IngressCapture,13000,
24,DecodeAndCanonicalize,700,
24,ApplyInputs,19600,
24,ProcessorPlan,123100,
24,CrossWorldPrepare,5300,
24,NativeJobBarrier,600,
24,CommitDecision,1100,
24,VoxelCommit,4900,
24,EcsCommandBufferCommit,96700,
24,GasAndEventFinalize,14600,
24,ReplicationProjection,282700,
24,SnapshotHashMetrics,2900,
24,EgressPublish,13291000,
25,IngressCapture,5300,
25,DecodeAndCanonicalize,600,
25,ApplyInputs,8000,
25,ProcessorPlan,82500,
25,CrossWorldPrepare,3200,
25,NativeJobBarrier,700,
25,CommitDecision,900,
25,VoxelCommit,1900,
25,EcsCommandBufferCommit,59200,
25,GasAndEventFinalize,9800,
25,ReplicationProjection,189600,
25,SnapshotHashMetrics,600,
25,EgressPublish,39979400,
26,IngressCapture,7000,
26,DecodeAndCanonicalize,900,
26,ApplyInputs,9000,
26,ProcessorPlan,99000,
26,CrossWorldPrepare,4600,
26,NativeJobBarrier,1000,
26,CommitDecision,700,
26,VoxelCommit,3500,
26,EcsCommandBufferCommit,110600,
26,GasAndEventFinalize,18700,
26,ReplicationProjection,245800,
26,SnapshotHashMetrics,1800,
26,EgressPublish,14634600,
27,IngressCapture,8800,
27,DecodeAndCanonicalize,700,
27,ApplyInputs,9900,
27,ProcessorPlan,102600,
27,CrossWorldPrepare,2800,
27,NativeJobBarrier,600,
27,CommitDecision,600,
27,VoxelCommit,2500,
27,EcsCommandBufferCommit,114800,
27,GasAndEventFinalize,13400,
27,ReplicationProjection,212100,
27,SnapshotHashMetrics,1200,
27,EgressPublish,11895900,
28,IngressCapture,10300,
28,DecodeAndCanonicalize,900,
28,ApplyInputs,11100,
28,ProcessorPlan,105700,
28,CrossWorldPrepare,3500,
28,NativeJobBarrier,1100,
28,CommitDecision,900,
28,VoxelCommit,3000,
28,EcsCommandBufferCommit,85300,
28,GasAndEventFinalize,14000,
28,ReplicationProjection,205300,
28,SnapshotHashMetrics,1000,
28,EgressPublish,40836600,
29,IngressCapture,5600,
29,DecodeAndCanonicalize,800,
29,ApplyInputs,10100,
29,ProcessorPlan,88000,
29,CrossWorldPrepare,3100,
29,NativeJobBarrier,700,
29,CommitDecision,800,
29,VoxelCommit,2200,
29,EcsCommandBufferCommit,69700,
29,GasAndEventFinalize,13100,
29,ReplicationProjection,264000,
29,SnapshotHashMetrics,2500,
29,EgressPublish,13959400,
30,IngressCapture,6600,
30,DecodeAndCanonicalize,700,
30,ApplyInputs,9600,
30,ProcessorPlan,96100,
30,CrossWorldPrepare,3200,
30,NativeJobBarrier,500,
30,CommitDecision,700,
30,VoxelCommit,2400,
30,EcsCommandBufferCommit,70600,
30,GasAndEventFinalize,13200,
30,ReplicationProjection,214000,
30,SnapshotHashMetrics,2000,
30,EgressPublish,17302300,
31,IngressCapture,12100,
31,DecodeAndCanonicalize,1100,
31,ApplyInputs,12000,
31,ProcessorPlan,101600,
31,CrossWorldPrepare,4100,
31,NativeJobBarrier,900,
31,CommitDecision,700,
31,VoxelCommit,3500,
31,EcsCommandBufferCommit,85100,
31,GasAndEventFinalize,12800,
31,ReplicationProjection,238800,
31,SnapshotHashMetrics,1800,
31,EgressPublish,13132600,
32,IngressCapture,23000,
32,DecodeAndCanonicalize,2300,
32,ApplyInputs,8900,
32,ProcessorPlan,173400,
32,CrossWorldPrepare,4900,
32,NativeJobBarrier,900,
32,CommitDecision,900,
32,VoxelCommit,2600,
32,EcsCommandBufferCommit,79400,
32,GasAndEventFinalize,13900,
32,ReplicationProjection,237200,
32,SnapshotHashMetrics,1000,
32,EgressPublish,11562400,
33,IngressCapture,14900,
33,DecodeAndCanonicalize,900,
33,ApplyInputs,12600,
33,ProcessorPlan,202200,
33,CrossWorldPrepare,6900,
33,NativeJobBarrier,1700,
33,CommitDecision,700,
33,VoxelCommit,4900,
33,EcsCommandBufferCommit,100600,
33,GasAndEventFinalize,12400,
33,ReplicationProjection,241800,
33,SnapshotHashMetrics,1800,
33,EgressPublish,14387300,
34,IngressCapture,13600,
34,DecodeAndCanonicalize,3300,
34,ApplyInputs,15100,
34,ProcessorPlan,119800,
34,CrossWorldPrepare,4200,
34,NativeJobBarrier,3300,
34,CommitDecision,900,
34,VoxelCommit,2700,
34,EcsCommandBufferCommit,94300,
34,GasAndEventFinalize,14800,
34,ReplicationProjection,244900,
34,SnapshotHashMetrics,1600,
34,EgressPublish,13164100,
35,IngressCapture,15400,
35,DecodeAndCanonicalize,3800,
35,ApplyInputs,19900,
35,ProcessorPlan,161800,
35,CrossWorldPrepare,11300,
35,NativeJobBarrier,2400,
35,CommitDecision,7700,
35,VoxelCommit,8100,
35,EcsCommandBufferCommit,129600,
35,GasAndEventFinalize,21500,
35,ReplicationProjection,251400,
35,SnapshotHashMetrics,3000,
35,EgressPublish,12203300,
36,IngressCapture,7600,
36,DecodeAndCanonicalize,900,
36,ApplyInputs,7400,
36,ProcessorPlan,71600,
36,CrossWorldPrepare,3000,
36,NativeJobBarrier,700,
36,CommitDecision,500,
36,VoxelCommit,1700,
36,EcsCommandBufferCommit,82100,
36,GasAndEventFinalize,7700,
36,ReplicationProjection,138900,
36,SnapshotHashMetrics,600,
36,EgressPublish,11095300,
37,IngressCapture,8000,
37,DecodeAndCanonicalize,900,
37,ApplyInputs,8700,
37,ProcessorPlan,85900,
37,CrossWorldPrepare,2700,
37,NativeJobBarrier,1000,
37,CommitDecision,800,
37,VoxelCommit,2400,
37,EcsCommandBufferCommit,103300,
37,GasAndEventFinalize,16400,
37,ReplicationProjection,218400,
37,SnapshotHashMetrics,1300,
37,EgressPublish,11826300,
38,IngressCapture,8000,
38,DecodeAndCanonicalize,1100,
38,ApplyInputs,11300,
38,ProcessorPlan,97500,
38,CrossWorldPrepare,3100,
38,NativeJobBarrier,900,
38,CommitDecision,800,
38,VoxelCommit,2600,
38,EcsCommandBufferCommit,80200,
38,GasAndEventFinalize,12900,
38,ReplicationProjection,233900,
38,SnapshotHashMetrics,1300,
38,EgressPublish,14244800,
39,IngressCapture,6500,
39,DecodeAndCanonicalize,900,
39,ApplyInputs,6700,
39,ProcessorPlan,87600,
39,CrossWorldPrepare,2600,
39,NativeJobBarrier,1200,
39,CommitDecision,700,
39,VoxelCommit,2600,
39,EcsCommandBufferCommit,57800,
39,GasAndEventFinalize,13600,
39,ReplicationProjection,225100,
39,SnapshotHashMetrics,1000,
39,EgressPublish,12551000,
40,IngressCapture,8900,
40,DecodeAndCanonicalize,1700,
40,ApplyInputs,9700,
40,ProcessorPlan,106600,
40,CrossWorldPrepare,3600,
40,NativeJobBarrier,1200,
40,CommitDecision,1000,
40,VoxelCommit,2300,
40,EcsCommandBufferCommit,71700,
40,GasAndEventFinalize,13400,
40,ReplicationProjection,212500,
40,SnapshotHashMetrics,1600,
40,EgressPublish,31147500,
41,IngressCapture,5700,
41,DecodeAndCanonicalize,1500,
41,ApplyInputs,7500,
41,ProcessorPlan,86600,
41,CrossWorldPrepare,2600,
41,NativeJobBarrier,700,
41,CommitDecision,900,
41,VoxelCommit,2100,
41,EcsCommandBufferCommit,68700,
41,GasAndEventFinalize,12000,
41,ReplicationProjection,193500,
41,SnapshotHashMetrics,1100,
41,EgressPublish,14475100,
42,IngressCapture,9600,
42,DecodeAndCanonicalize,73500,
42,ApplyInputs,11900,
42,ProcessorPlan,335500,
42,CrossWorldPrepare,4900,
42,NativeJobBarrier,1000,
42,CommitDecision,800,
42,VoxelCommit,3600,
42,EcsCommandBufferCommit,65400,
42,GasAndEventFinalize,10700,
42,ReplicationProjection,311800,
42,SnapshotHashMetrics,2000,
42,EgressPublish,17452400,
43,IngressCapture,8400,
43,DecodeAndCanonicalize,1700,
43,ApplyInputs,8600,
43,ProcessorPlan,106800,
43,CrossWorldPrepare,3400,
43,NativeJobBarrier,800,
43,CommitDecision,900,
43,VoxelCommit,2200,
43,EcsCommandBufferCommit,94100,
43,GasAndEventFinalize,60100,
43,ReplicationProjection,300700,
43,SnapshotHashMetrics,1600,
43,EgressPublish,12403400,
44,IngressCapture,27500,
44,DecodeAndCanonicalize,1500,
44,ApplyInputs,10300,
44,ProcessorPlan,232300,
44,CrossWorldPrepare,5200,
44,NativeJobBarrier,1200,
44,CommitDecision,1000,
44,VoxelCommit,2800,
44,EcsCommandBufferCommit,78400,
44,GasAndEventFinalize,12800,
44,ReplicationProjection,212800,
44,SnapshotHashMetrics,900,
44,EgressPublish,22554500,
45,IngressCapture,7600,
45,DecodeAndCanonicalize,800,
45,ApplyInputs,11000,
45,ProcessorPlan,102000,
45,CrossWorldPrepare,3000,
45,NativeJobBarrier,1000,
45,CommitDecision,900,
45,VoxelCommit,2200,
45,EcsCommandBufferCommit,68500,
45,GasAndEventFinalize,10700,
45,ReplicationProjection,228800,
45,SnapshotHashMetrics,1200,
45,EgressPublish,12776200,
46,IngressCapture,13700,
46,DecodeAndCanonicalize,600,
46,ApplyInputs,182400,
46,ProcessorPlan,102500,
46,CrossWorldPrepare,3300,
46,NativeJobBarrier,1900,
46,CommitDecision,700,
46,VoxelCommit,2400,
46,EcsCommandBufferCommit,785200,
46,GasAndEventFinalize,57000,
46,ReplicationProjection,702700,
46,SnapshotHashMetrics,2300,
46,EgressPublish,16955300,
47,IngressCapture,7800,
47,DecodeAndCanonicalize,900,
47,ApplyInputs,28600,
47,ProcessorPlan,102800,
47,CrossWorldPrepare,4600,
47,NativeJobBarrier,700,
47,CommitDecision,800,
47,VoxelCommit,3300,
47,EcsCommandBufferCommit,87700,
47,GasAndEventFinalize,15600,
47,ReplicationProjection,270200,
47,SnapshotHashMetrics,1100,
47,EgressPublish,17043900,
48,IngressCapture,11100,
48,DecodeAndCanonicalize,1000,
48,ApplyInputs,13000,
48,ProcessorPlan,248000,
48,CrossWorldPrepare,5800,
48,NativeJobBarrier,1100,
48,CommitDecision,1700,
48,VoxelCommit,3200,
48,EcsCommandBufferCommit,316100,
48,GasAndEventFinalize,20100,
48,ReplicationProjection,317100,
48,SnapshotHashMetrics,1800,
48,EgressPublish,17064400,
49,IngressCapture,7500,
49,DecodeAndCanonicalize,1300,
49,ApplyInputs,9800,
49,ProcessorPlan,101800,
49,CrossWorldPrepare,4000,
49,NativeJobBarrier,1100,
49,CommitDecision,700,
49,VoxelCommit,2000,
49,EcsCommandBufferCommit,92000,
49,GasAndEventFinalize,16500,
49,ReplicationProjection,257500,
49,SnapshotHashMetrics,1200,
49,EgressPublish,17309300,
50,IngressCapture,6700,
50,DecodeAndCanonicalize,800,
50,ApplyInputs,8200,
50,ProcessorPlan,90400,
50,CrossWorldPrepare,2700,
50,NativeJobBarrier,800,
50,CommitDecision,900,
50,VoxelCommit,2600,
50,EcsCommandBufferCommit,72500,
50,GasAndEventFinalize,12000,
50,ReplicationProjection,236600,
50,SnapshotHashMetrics,1200,
50,EgressPublish,14888600,
51,IngressCapture,9900,
51,DecodeAndCanonicalize,600,
51,ApplyInputs,13200,
51,ProcessorPlan,101300,
51,CrossWorldPrepare,4200,
51,NativeJobBarrier,1200,
51,CommitDecision,600,
51,VoxelCommit,3300,
51,EcsCommandBufferCommit,88300,
51,GasAndEventFinalize,12900,
51,ReplicationProjection,1164100,
51,SnapshotHashMetrics,3800,
51,EgressPublish,15960000,
52,IngressCapture,8400,
52,DecodeAndCanonicalize,1700,
52,ApplyInputs,10800,
52,ProcessorPlan,94900,
52,CrossWorldPrepare,3400,
52,NativeJobBarrier,700,
52,CommitDecision,700,
52,VoxelCommit,2400,
52,EcsCommandBufferCommit,92300,
52,GasAndEventFinalize,11200,
52,ReplicationProjection,257500,
52,SnapshotHashMetrics,1100,
52,EgressPublish,13748100,
53,IngressCapture,9600,
53,DecodeAndCanonicalize,700,
53,ApplyInputs,12800,
53,ProcessorPlan,109100,
53,CrossWorldPrepare,5900,
53,NativeJobBarrier,1100,
53,CommitDecision,1100,
53,VoxelCommit,3900,
53,EcsCommandBufferCommit,121200,
53,GasAndEventFinalize,23800,
53,ReplicationProjection,273500,
53,SnapshotHashMetrics,1500,
53,EgressPublish,15702500,
54,IngressCapture,9800,
54,DecodeAndCanonicalize,1200,
54,ApplyInputs,11200,
54,ProcessorPlan,107300,
54,CrossWorldPrepare,2200,
54,NativeJobBarrier,700,
54,CommitDecision,700,
54,VoxelCommit,3200,
54,EcsCommandBufferCommit,75200,
54,GasAndEventFinalize,12500,
54,ReplicationProjection,254200,
54,SnapshotHashMetrics,800,
54,EgressPublish,13077400,
55,IngressCapture,7700,
55,DecodeAndCanonicalize,500,
55,ApplyInputs,15500,
55,ProcessorPlan,98100,
55,CrossWorldPrepare,2500,
55,NativeJobBarrier,900,
55,CommitDecision,900,
55,VoxelCommit,2200,
55,EcsCommandBufferCommit,93000,
55,GasAndEventFinalize,12400,
55,ReplicationProjection,262200,
55,SnapshotHashMetrics,1700,
55,EgressPublish,14207000,
56,IngressCapture,11400,
56,DecodeAndCanonicalize,1600,
56,ApplyInputs,8200,
56,ProcessorPlan,85200,
56,CrossWorldPrepare,2300,
56,NativeJobBarrier,700,
56,CommitDecision,800,
56,VoxelCommit,2100,
56,EcsCommandBufferCommit,65100,
56,GasAndEventFinalize,8700,
56,ReplicationProjection,211600,
56,SnapshotHashMetrics,600,
56,EgressPublish,14670000,
57,IngressCapture,6200,
57,DecodeAndCanonicalize,1000,
57,ApplyInputs,11000,
57,ProcessorPlan,99000,
57,CrossWorldPrepare,1900,
57,NativeJobBarrier,500,
57,CommitDecision,400,
57,VoxelCommit,2100,
57,EcsCommandBufferCommit,83500,
57,GasAndEventFinalize,10600,
57,ReplicationProjection,267200,
57,SnapshotHashMetrics,1300,
57,EgressPublish,11624900,
58,IngressCapture,3900,
58,DecodeAndCanonicalize,200,
58,ApplyInputs,10300,
58,ProcessorPlan,73100,
58,CrossWorldPrepare,1300,
58,NativeJobBarrier,1100,
58,CommitDecision,700,
58,VoxelCommit,2700,
58,EcsCommandBufferCommit,64600,
58,GasAndEventFinalize,10900,
58,ReplicationProjection,188200,
58,SnapshotHashMetrics,400,
58,EgressPublish,15360200,
59,IngressCapture,4900,
59,DecodeAndCanonicalize,1600,
59,ApplyInputs,10100,
59,ProcessorPlan,114000,
59,CrossWorldPrepare,3500,
59,NativeJobBarrier,200,
59,CommitDecision,900,
59,VoxelCommit,4900,
59,EcsCommandBufferCommit,267800,
59,GasAndEventFinalize,28300,
59,ReplicationProjection,250200,
59,SnapshotHashMetrics,1000,
59,EgressPublish,22396500,
60,IngressCapture,5000,
60,DecodeAndCanonicalize,2200,
60,ApplyInputs,8400,
60,ProcessorPlan,93000,
60,CrossWorldPrepare,2400,
60,NativeJobBarrier,400,
60,CommitDecision,300,
60,VoxelCommit,2600,
60,EcsCommandBufferCommit,58800,
60,GasAndEventFinalize,10700,
60,ReplicationProjection,180100,
60,SnapshotHashMetrics,500,
60,EgressPublish,13196500,
61,IngressCapture,6700,
61,DecodeAndCanonicalize,400,
61,ApplyInputs,9600,
61,ProcessorPlan,74400,
61,CrossWorldPrepare,1800,
61,NativeJobBarrier,400,
61,CommitDecision,500,
61,VoxelCommit,2300,
61,EcsCommandBufferCommit,58600,
61,GasAndEventFinalize,11700,
61,ReplicationProjection,180600,
61,SnapshotHashMetrics,500,
61,EgressPublish,17154200,
62,IngressCapture,4600,
62,DecodeAndCanonicalize,1200,
62,ApplyInputs,9100,
62,ProcessorPlan,73300,
62,CrossWorldPrepare,2300,
62,NativeJobBarrier,600,
62,CommitDecision,400,
62,VoxelCommit,2600,
62,EcsCommandBufferCommit,56000,
62,GasAndEventFinalize,9400,
62,ReplicationProjection,162000,
62,SnapshotHashMetrics,400,
62,EgressPublish,13520700,
63,IngressCapture,6400,
63,DecodeAndCanonicalize,1700,
63,ApplyInputs,11700,
63,ProcessorPlan,78300,
63,CrossWorldPrepare,2500,
63,NativeJobBarrier,1100,
63,CommitDecision,400,
63,VoxelCommit,2100,
63,EcsCommandBufferCommit,64700,
63,GasAndEventFinalize,33300,
63,ReplicationProjection,159200,
63,SnapshotHashMetrics,900,
63,EgressPublish,15727300,
64,IngressCapture,11100,
64,DecodeAndCanonicalize,400,
64,ApplyInputs,192700,
64,ProcessorPlan,83200,
64,CrossWorldPrepare,2200,
64,NativeJobBarrier,600,
64,CommitDecision,400,
64,VoxelCommit,2900,
64,EcsCommandBufferCommit,271300,
64,GasAndEventFinalize,40700,
64,ReplicationProjection,487600,
64,SnapshotHashMetrics,1300,
64,EgressPublish,13639600,
65,IngressCapture,5900,
65,DecodeAndCanonicalize,1300,
65,ApplyInputs,35400,
65,ProcessorPlan,78900,
65,CrossWorldPrepare,2300,
65,NativeJobBarrier,600,
65,CommitDecision,400,
65,VoxelCommit,4000,
65,EcsCommandBufferCommit,61800,
65,GasAndEventFinalize,18600,
65,ReplicationProjection,268700,
65,SnapshotHashMetrics,800,
65,EgressPublish,13739200,
66,IngressCapture,5900,
66,DecodeAndCanonicalize,1400,
66,ApplyInputs,9700,
66,ProcessorPlan,89000,
66,CrossWorldPrepare,2000,
66,NativeJobBarrier,700,
66,CommitDecision,500,
66,VoxelCommit,2500,
66,EcsCommandBufferCommit,48000,
66,GasAndEventFinalize,10000,
66,ReplicationProjection,157000,
66,SnapshotHashMetrics,600,
66,EgressPublish,14844600,
67,IngressCapture,6100,
67,DecodeAndCanonicalize,300,
67,ApplyInputs,9800,
67,ProcessorPlan,82500,
67,CrossWorldPrepare,2000,
67,NativeJobBarrier,1500,
67,CommitDecision,600,
67,VoxelCommit,3700,
67,EcsCommandBufferCommit,60600,
67,GasAndEventFinalize,12500,
67,ReplicationProjection,173400,
67,SnapshotHashMetrics,700,
67,EgressPublish,12730300,
68,IngressCapture,6900,
68,DecodeAndCanonicalize,300,
68,ApplyInputs,11500,
68,ProcessorPlan,87100,
68,CrossWorldPrepare,2500,
68,NativeJobBarrier,1100,
68,CommitDecision,1200,
68,VoxelCommit,2900,
68,EcsCommandBufferCommit,56500,
68,GasAndEventFinalize,13400,
68,ReplicationProjection,219600,
68,SnapshotHashMetrics,700,
68,EgressPublish,17564100,
69,IngressCapture,6400,
69,DecodeAndCanonicalize,1000,
69,ApplyInputs,9500,
69,ProcessorPlan,72700,
69,CrossWorldPrepare,2900,
69,NativeJobBarrier,600,
69,CommitDecision,400,
69,VoxelCommit,2300,
69,EcsCommandBufferCommit,57100,
69,GasAndEventFinalize,16000,
69,ReplicationProjection,207400,
69,SnapshotHashMetrics,600,
69,EgressPublish,13907600,
70,IngressCapture,6100,
70,DecodeAndCanonicalize,300,
70,ApplyInputs,7500,
70,ProcessorPlan,77900,
70,CrossWorldPrepare,1700,
70,NativeJobBarrier,800,
70,CommitDecision,400,
70,VoxelCommit,1900,
70,EcsCommandBufferCommit,37700,
70,GasAndEventFinalize,32500,
70,ReplicationProjection,170100,
70,SnapshotHashMetrics,1100,
70,EgressPublish,14882800,
71,IngressCapture,7400,
71,DecodeAndCanonicalize,300,
71,ApplyInputs,9400,
71,ProcessorPlan,74900,
71,CrossWorldPrepare,1700,
71,NativeJobBarrier,700,
71,CommitDecision,700,
71,VoxelCommit,2300,
71,EcsCommandBufferCommit,38100,
71,GasAndEventFinalize,9800,
71,ReplicationProjection,154500,
71,SnapshotHashMetrics,500,
71,EgressPublish,14673700,
72,IngressCapture,6800,
72,DecodeAndCanonicalize,300,
72,ApplyInputs,8700,
72,ProcessorPlan,73100,
72,CrossWorldPrepare,1500,
72,NativeJobBarrier,600,
72,CommitDecision,800,
72,VoxelCommit,2400,
72,EcsCommandBufferCommit,89700,
72,GasAndEventFinalize,8700,
72,ReplicationProjection,132200,
72,SnapshotHashMetrics,400,
72,EgressPublish,10224700,
73,IngressCapture,5700,
73,DecodeAndCanonicalize,1600,
73,ApplyInputs,6900,
73,ProcessorPlan,67200,
73,CrossWorldPrepare,1800,
73,NativeJobBarrier,200,
73,CommitDecision,500,
73,VoxelCommit,2100,
73,EcsCommandBufferCommit,36600,
73,GasAndEventFinalize,8200,
73,ReplicationProjection,124100,
73,SnapshotHashMetrics,700,
73,EgressPublish,14892700,
74,IngressCapture,5300,
74,DecodeAndCanonicalize,500,
74,ApplyInputs,7600,
74,ProcessorPlan,75800,
74,CrossWorldPrepare,2300,
74,NativeJobBarrier,300,
74,CommitDecision,500,
74,VoxelCommit,2500,
74,EcsCommandBufferCommit,35600,
74,GasAndEventFinalize,8400,
74,ReplicationProjection,140500,
74,SnapshotHashMetrics,600,
74,EgressPublish,16818100,
75,IngressCapture,7700,
75,DecodeAndCanonicalize,300,
75,ApplyInputs,11300,
75,ProcessorPlan,191500,
75,CrossWorldPrepare,3400,
75,NativeJobBarrier,1000,
75,CommitDecision,500,
75,VoxelCommit,3600,
75,EcsCommandBufferCommit,268100,
75,GasAndEventFinalize,13700,
75,ReplicationProjection,329900,
75,SnapshotHashMetrics,900,
75,EgressPublish,16262800,
76,IngressCapture,6100,
76,DecodeAndCanonicalize,500,
76,ApplyInputs,8400,
76,ProcessorPlan,79100,
76,CrossWorldPrepare,1700,
76,NativeJobBarrier,600,
76,CommitDecision,1100,
76,VoxelCommit,2800,
76,EcsCommandBufferCommit,37500,
76,GasAndEventFinalize,11300,
76,ReplicationProjection,118000,
76,SnapshotHashMetrics,400,
76,EgressPublish,15681500,
77,IngressCapture,5800,
77,DecodeAndCanonicalize,2500,
77,ApplyInputs,9500,
77,ProcessorPlan,85400,
77,CrossWorldPrepare,2300,
77,NativeJobBarrier,300,
77,CommitDecision,800,
77,VoxelCommit,3600,
77,EcsCommandBufferCommit,36000,
77,GasAndEventFinalize,10200,
77,ReplicationProjection,170900,
77,SnapshotHashMetrics,800,
77,EgressPublish,14638000,
78,IngressCapture,5000,
78,DecodeAndCanonicalize,300,
78,ApplyInputs,6900,
78,ProcessorPlan,64300,
78,CrossWorldPrepare,2800,
78,NativeJobBarrier,200,
78,CommitDecision,300,
78,VoxelCommit,2200,
78,EcsCommandBufferCommit,32600,
78,GasAndEventFinalize,7400,
78,ReplicationProjection,87500,
78,SnapshotHashMetrics,600,
78,EgressPublish,14083500,
79,IngressCapture,24300,
79,DecodeAndCanonicalize,500,
79,ApplyInputs,9000,
79,ProcessorPlan,81200,
79,CrossWorldPrepare,1500,
79,NativeJobBarrier,400,
79,CommitDecision,800,
79,VoxelCommit,2800,
79,EcsCommandBufferCommit,34100,
79,GasAndEventFinalize,8800,
79,ReplicationProjection,136300,
79,SnapshotHashMetrics,800,
79,EgressPublish,14474400,
80,IngressCapture,4300,
80,DecodeAndCanonicalize,300,
80,ApplyInputs,7800,
80,ProcessorPlan,87400,
80,CrossWorldPrepare,1500,
80,NativeJobBarrier,700,
80,CommitDecision,600,
80,VoxelCommit,2900,
80,EcsCommandBufferCommit,34200,
80,GasAndEventFinalize,8000,
80,ReplicationProjection,121400,
80,SnapshotHashMetrics,500,
80,EgressPublish,17171200,
81,IngressCapture,5600,
81,DecodeAndCanonicalize,800,
81,ApplyInputs,12000,
81,ProcessorPlan,102700,
81,CrossWorldPrepare,3000,
81,NativeJobBarrier,400,
81,CommitDecision,300,
81,VoxelCommit,3100,
81,EcsCommandBufferCommit,40700,
81,GasAndEventFinalize,13600,
81,ReplicationProjection,129800,
81,SnapshotHashMetrics,500,
81,EgressPublish,16781300,
82,IngressCapture,7900,
82,DecodeAndCanonicalize,1600,
82,ApplyInputs,15000,
82,ProcessorPlan,88000,
82,CrossWorldPrepare,6000,
82,NativeJobBarrier,3100,
82,CommitDecision,2200,
82,VoxelCommit,8000,
82,EcsCommandBufferCommit,64200,
82,GasAndEventFinalize,14900,
82,ReplicationProjection,136200,
82,SnapshotHashMetrics,500,
82,EgressPublish,15302200,
83,IngressCapture,5000,
83,DecodeAndCanonicalize,300,
83,ApplyInputs,6300,
83,ProcessorPlan,64400,
83,CrossWorldPrepare,2700,
83,NativeJobBarrier,400,
83,CommitDecision,400,
83,VoxelCommit,3000,
83,EcsCommandBufferCommit,30800,
83,GasAndEventFinalize,7000,
83,ReplicationProjection,126500,
83,SnapshotHashMetrics,300,
83,EgressPublish,16050900,
84,IngressCapture,4600,
84,DecodeAndCanonicalize,200,
84,ApplyInputs,7000,
84,ProcessorPlan,64500,
84,CrossWorldPrepare,3400,
84,NativeJobBarrier,400,
84,CommitDecision,500,
84,VoxelCommit,1900,
84,EcsCommandBufferCommit,36100,
84,GasAndEventFinalize,10000,
84,ReplicationProjection,128500,
84,SnapshotHashMetrics,1500,
84,EgressPublish,16583000,
85,IngressCapture,6600,
85,DecodeAndCanonicalize,200,
85,ApplyInputs,10800,
85,ProcessorPlan,91700,
85,CrossWorldPrepare,2300,
85,NativeJobBarrier,900,
85,CommitDecision,300,
85,VoxelCommit,2500,
85,EcsCommandBufferCommit,43700,
85,GasAndEventFinalize,9700,
85,ReplicationProjection,150400,
85,SnapshotHashMetrics,3100,
85,EgressPublish,14960500,
86,IngressCapture,5000,
86,DecodeAndCanonicalize,200,
86,ApplyInputs,7600,
86,ProcessorPlan,70800,
86,CrossWorldPrepare,2000,
86,NativeJobBarrier,300,
86,CommitDecision,700,
86,VoxelCommit,2700,
86,EcsCommandBufferCommit,36100,
86,GasAndEventFinalize,8800,
86,ReplicationProjection,121400,
86,SnapshotHashMetrics,600,
86,EgressPublish,15290800,
87,IngressCapture,6600,
87,DecodeAndCanonicalize,300,
87,ApplyInputs,146900,
87,ProcessorPlan,73800,
87,CrossWorldPrepare,1600,
87,NativeJobBarrier,300,
87,CommitDecision,300,
87,VoxelCommit,1800,
87,EcsCommandBufferCommit,276400,
87,GasAndEventFinalize,51200,
87,ReplicationProjection,409600,
87,SnapshotHashMetrics,600,
87,EgressPublish,13199600,
88,IngressCapture,3200,
88,DecodeAndCanonicalize,100,
88,ApplyInputs,10800,
88,ProcessorPlan,53800,
88,CrossWorldPrepare,1900,
88,NativeJobBarrier,200,
88,CommitDecision,300,
88,VoxelCommit,1900,
88,EcsCommandBufferCommit,27200,
88,GasAndEventFinalize,7300,
88,ReplicationProjection,129900,
88,SnapshotHashMetrics,200,
88,EgressPublish,12159600,
89,IngressCapture,3600,
89,DecodeAndCanonicalize,200,
89,ApplyInputs,3800,
89,ProcessorPlan,76500,
89,CrossWorldPrepare,1800,
89,NativeJobBarrier,300,
89,CommitDecision,300,
89,VoxelCommit,2800,
89,EcsCommandBufferCommit,40300,
89,GasAndEventFinalize,8300,
89,ReplicationProjection,132000,
89,SnapshotHashMetrics,200,
89,EgressPublish,18645400,
90,IngressCapture,3500,
90,DecodeAndCanonicalize,300,
90,ApplyInputs,2300,
90,ProcessorPlan,87500,
90,CrossWorldPrepare,1400,
90,NativeJobBarrier,300,
90,CommitDecision,200,
90,VoxelCommit,800,
90,EcsCommandBufferCommit,42600,
90,GasAndEventFinalize,10700,
90,ReplicationProjection,132500,
90,SnapshotHashMetrics,400,
90,EgressPublish,15973700,
91,IngressCapture,3500,
91,DecodeAndCanonicalize,200,
91,ApplyInputs,1900,
91,ProcessorPlan,67200,
91,CrossWorldPrepare,600,
91,NativeJobBarrier,200,
91,CommitDecision,300,
91,VoxelCommit,500,
91,EcsCommandBufferCommit,19000,
91,GasAndEventFinalize,4900,
91,ReplicationProjection,127200,
91,SnapshotHashMetrics,700,
91,EgressPublish,16145400,
92,IngressCapture,3800,
92,DecodeAndCanonicalize,300,
92,ApplyInputs,2300,
92,ProcessorPlan,72400,
92,CrossWorldPrepare,900,
92,NativeJobBarrier,300,
92,CommitDecision,200,
92,VoxelCommit,400,
92,EcsCommandBufferCommit,23500,
92,GasAndEventFinalize,8300,
92,ReplicationProjection,121900,
92,SnapshotHashMetrics,300,
92,EgressPublish,12878200,
93,IngressCapture,3900,
93,DecodeAndCanonicalize,400,
93,ApplyInputs,3200,
93,ProcessorPlan,77300,
93,CrossWorldPrepare,700,
93,NativeJobBarrier,300,
93,CommitDecision,300,
93,VoxelCommit,1000,
93,EcsCommandBufferCommit,36800,
93,GasAndEventFinalize,6900,
93,ReplicationProjection,133100,
93,SnapshotHashMetrics,300,
93,EgressPublish,15914700,
94,IngressCapture,3100,
94,DecodeAndCanonicalize,300,
94,ApplyInputs,2300,
94,ProcessorPlan,73800,
94,CrossWorldPrepare,1400,
94,NativeJobBarrier,400,
94,CommitDecision,300,
94,VoxelCommit,400,
94,EcsCommandBufferCommit,21000,
94,GasAndEventFinalize,7800,
94,ReplicationProjection,123400,
94,SnapshotHashMetrics,300,
94,EgressPublish,17373100,
95,IngressCapture,3900,
95,DecodeAndCanonicalize,200,
95,ApplyInputs,2200,
95,ProcessorPlan,77700,
95,CrossWorldPrepare,900,
95,NativeJobBarrier,500,
95,CommitDecision,300,
95,VoxelCommit,1100,
95,EcsCommandBufferCommit,53100,
95,GasAndEventFinalize,262300,
95,ReplicationProjection,484800,
95,SnapshotHashMetrics,600,
95,EgressPublish,16040000,
96,IngressCapture,3200,
96,DecodeAndCanonicalize,200,
96,ApplyInputs,2700,
96,ProcessorPlan,72300,
96,CrossWorldPrepare,900,
96,NativeJobBarrier,200,
96,CommitDecision,200,
96,VoxelCommit,700,
96,EcsCommandBufferCommit,22300,
96,GasAndEventFinalize,7200,
96,ReplicationProjection,125000,
96,SnapshotHashMetrics,400,
96,EgressPublish,15866300,
97,IngressCapture,3100,
97,DecodeAndCanonicalize,300,
97,ApplyInputs,2400,
97,ProcessorPlan,64000,
97,CrossWorldPrepare,500,
97,NativeJobBarrier,300,
97,CommitDecision,100,
97,VoxelCommit,300,
97,EcsCommandBufferCommit,18700,
97,GasAndEventFinalize,4300,
97,ReplicationProjection,82400,
97,SnapshotHashMetrics,100,
97,EgressPublish,13183600,
98,IngressCapture,3300,
98,DecodeAndCanonicalize,300,
98,ApplyInputs,2200,
98,ProcessorPlan,68100,
98,CrossWorldPrepare,700,
98,NativeJobBarrier,300,
98,CommitDecision,200,
98,VoxelCommit,500,
98,EcsCommandBufferCommit,19300,
98,GasAndEventFinalize,6200,
98,ReplicationProjection,139600,
98,SnapshotHashMetrics,500,
98,EgressPublish,14151800,
99,IngressCapture,3400,
99,DecodeAndCanonicalize,200,
99,ApplyInputs,2700,
99,ProcessorPlan,131400,
99,CrossWorldPrepare,1400,
99,NativeJobBarrier,300,
99,CommitDecision,500,
99,VoxelCommit,800,
99,EcsCommandBufferCommit,24700,
99,GasAndEventFinalize,22100,
99,ReplicationProjection,239400,
99,SnapshotHashMetrics,5300,
99,EgressPublish,14959000,
100,IngressCapture,3600,
100,DecodeAndCanonicalize,800,
100,ApplyInputs,2500,
100,ProcessorPlan,82000,
100,CrossWorldPrepare,700,
100,NativeJobBarrier,400,
100,CommitDecision,200,
100,VoxelCommit,600,
100,EcsCommandBufferCommit,26700,
100,GasAndEventFinalize,8200,
100,ReplicationProjection,120000,
100,SnapshotHashMetrics,200,
100,EgressPublish,13843800,
101,IngressCapture,4500,
101,DecodeAndCanonicalize,300,
101,ApplyInputs,2600,
101,ProcessorPlan,82600,
101,CrossWorldPrepare,800,
101,NativeJobBarrier,300,
101,CommitDecision,300,
101,VoxelCommit,700,
101,EcsCommandBufferCommit,71200,
101,GasAndEventFinalize,10100,
101,ReplicationProjection,132300,
101,SnapshotHashMetrics,400,
101,EgressPublish,18218400,
102,IngressCapture,3500,
102,DecodeAndCanonicalize,200,
102,ApplyInputs,3000,
102,ProcessorPlan,85700,
102,CrossWorldPrepare,800,
102,NativeJobBarrier,200,
102,CommitDecision,200,
102,VoxelCommit,600,
102,EcsCommandBufferCommit,23100,
102,GasAndEventFinalize,7600,
102,ReplicationProjection,127600,
102,SnapshotHashMetrics,200,
102,EgressPublish,13293000,
103,IngressCapture,3700,
103,DecodeAndCanonicalize,200,
103,ApplyInputs,2100,
103,ProcessorPlan,85600,
103,CrossWorldPrepare,900,
103,NativeJobBarrier,200,
103,CommitDecision,400,
103,VoxelCommit,600,
103,EcsCommandBufferCommit,19400,
103,GasAndEventFinalize,7100,
103,ReplicationProjection,115900,
103,SnapshotHashMetrics,200,
103,EgressPublish,16633700,
104,IngressCapture,3000,
104,DecodeAndCanonicalize,200,
104,ApplyInputs,2400,
104,ProcessorPlan,71800,
104,CrossWorldPrepare,700,
104,NativeJobBarrier,300,
104,CommitDecision,200,
104,VoxelCommit,500,
104,EcsCommandBufferCommit,17300,
104,GasAndEventFinalize,5600,
104,ReplicationProjection,114200,
104,SnapshotHashMetrics,400,
104,EgressPublish,15783200,
105,IngressCapture,4500,
105,DecodeAndCanonicalize,200,
105,ApplyInputs,2100,
105,ProcessorPlan,75900,
105,CrossWorldPrepare,700,
105,NativeJobBarrier,200,
105,CommitDecision,300,
105,VoxelCommit,500,
105,EcsCommandBufferCommit,22200,
105,GasAndEventFinalize,6500,
105,ReplicationProjection,126700,
105,SnapshotHashMetrics,400,
105,EgressPublish,13349500,
106,IngressCapture,3700,
106,DecodeAndCanonicalize,300,
106,ApplyInputs,3000,
106,ProcessorPlan,72800,
106,CrossWorldPrepare,800,
106,NativeJobBarrier,200,
106,CommitDecision,200,
106,VoxelCommit,500,
106,EcsCommandBufferCommit,21400,
106,GasAndEventFinalize,6300,
106,ReplicationProjection,127300,
106,SnapshotHashMetrics,400,
106,EgressPublish,16379400,
107,IngressCapture,4600,
107,DecodeAndCanonicalize,200,
107,ApplyInputs,3300,
107,ProcessorPlan,98600,
107,CrossWorldPrepare,600,
107,NativeJobBarrier,400,
107,CommitDecision,500,
107,VoxelCommit,1200,
107,EcsCommandBufferCommit,32400,
107,GasAndEventFinalize,10700,
107,ReplicationProjection,144300,
107,SnapshotHashMetrics,300,
107,EgressPublish,16205500,
108,IngressCapture,3000,
108,DecodeAndCanonicalize,300,
108,ApplyInputs,2300,
108,ProcessorPlan,72000,
108,CrossWorldPrepare,600,
108,NativeJobBarrier,200,
108,CommitDecision,400,
108,VoxelCommit,600,
108,EcsCommandBufferCommit,21700,
108,GasAndEventFinalize,7300,
108,ReplicationProjection,117600,
108,SnapshotHashMetrics,400,
108,EgressPublish,15313100,
109,IngressCapture,39200,
109,DecodeAndCanonicalize,200,
109,ApplyInputs,4000,
109,ProcessorPlan,87900,
109,CrossWorldPrepare,900,
109,NativeJobBarrier,200,
109,CommitDecision,300,
109,VoxelCommit,1200,
109,EcsCommandBufferCommit,24600,
109,GasAndEventFinalize,8100,
109,ReplicationProjection,125300,
109,SnapshotHashMetrics,600,
109,EgressPublish,16597100,
110,IngressCapture,4300,
110,DecodeAndCanonicalize,300,
110,ApplyInputs,2600,
110,ProcessorPlan,161700,
110,CrossWorldPrepare,1100,
110,NativeJobBarrier,300,
110,CommitDecision,500,
110,VoxelCommit,700,
110,EcsCommandBufferCommit,26800,
110,GasAndEventFinalize,8200,
110,ReplicationProjection,91900,
110,SnapshotHashMetrics,300,
110,EgressPublish,18057900,
111,IngressCapture,8400,
111,DecodeAndCanonicalize,200,
111,ApplyInputs,156500,
111,ProcessorPlan,81100,
111,CrossWorldPrepare,1600,
111,NativeJobBarrier,200,
111,CommitDecision,300,
111,VoxelCommit,1500,
111,EcsCommandBufferCommit,257300,
111,GasAndEventFinalize,53100,
111,ReplicationProjection,334000,
111,SnapshotHashMetrics,400,
111,EgressPublish,17383400,
112,IngressCapture,4300,
112,DecodeAndCanonicalize,300,
112,ApplyInputs,12300,
112,ProcessorPlan,83900,
112,CrossWorldPrepare,1700,
112,NativeJobBarrier,300,
112,CommitDecision,200,
112,VoxelCommit,1600,
112,EcsCommandBufferCommit,31900,
112,GasAndEventFinalize,9900,
112,ReplicationProjection,141400,
112,SnapshotHashMetrics,400,
112,EgressPublish,16878900,
113,IngressCapture,4200,
113,DecodeAndCanonicalize,200,
113,ApplyInputs,2200,
113,ProcessorPlan,113600,
113,CrossWorldPrepare,1100,
113,NativeJobBarrier,300,
113,CommitDecision,300,
113,VoxelCommit,700,
113,EcsCommandBufferCommit,25700,
113,GasAndEventFinalize,7900,
113,ReplicationProjection,133600,
113,SnapshotHashMetrics,200,
113,EgressPublish,17946900,
114,IngressCapture,4900,
114,DecodeAndCanonicalize,300,
114,ApplyInputs,2700,
114,ProcessorPlan,85200,
114,CrossWorldPrepare,800,
114,NativeJobBarrier,200,
114,CommitDecision,300,
114,VoxelCommit,1300,
114,EcsCommandBufferCommit,33800,
114,GasAndEventFinalize,12300,
114,ReplicationProjection,170100,
114,SnapshotHashMetrics,600,
114,EgressPublish,17313600,
115,IngressCapture,4300,
115,DecodeAndCanonicalize,200,
115,ApplyInputs,2900,
115,ProcessorPlan,88300,
115,CrossWorldPrepare,1400,
115,NativeJobBarrier,700,
115,CommitDecision,200,
115,VoxelCommit,800,
115,EcsCommandBufferCommit,29600,
115,GasAndEventFinalize,8000,
115,ReplicationProjection,133600,
115,SnapshotHashMetrics,400,
115,EgressPublish,18026400,
116,IngressCapture,2900,
116,DecodeAndCanonicalize,100,
116,ApplyInputs,2100,
116,ProcessorPlan,56600,
116,CrossWorldPrepare,400,
116,NativeJobBarrier,200,
116,CommitDecision,200,
116,VoxelCommit,500,
116,EcsCommandBufferCommit,18200,
116,GasAndEventFinalize,5400,
116,ReplicationProjection,91500,
116,SnapshotHashMetrics,200,
116,EgressPublish,14749000,
117,IngressCapture,5500,
117,DecodeAndCanonicalize,100,
117,ApplyInputs,1900,
117,ProcessorPlan,73400,
117,CrossWorldPrepare,600,
117,NativeJobBarrier,100,
117,CommitDecision,400,
117,VoxelCommit,500,
117,EcsCommandBufferCommit,21200,
117,GasAndEventFinalize,7500,
117,ReplicationProjection,91500,
117,SnapshotHashMetrics,100,
117,EgressPublish,19579900,
118,IngressCapture,3600,
118,DecodeAndCanonicalize,200,
118,ApplyInputs,2500,
118,ProcessorPlan,82400,
118,CrossWorldPrepare,400,
118,NativeJobBarrier,600,
118,CommitDecision,300,
118,VoxelCommit,500,
118,EcsCommandBufferCommit,25400,
118,GasAndEventFinalize,8300,
118,ReplicationProjection,118800,
118,SnapshotHashMetrics,200,
118,EgressPublish,19486400,
119,IngressCapture,3800,
119,DecodeAndCanonicalize,200,
119,ApplyInputs,2100,
119,ProcessorPlan,80800,
119,CrossWorldPrepare,800,
119,NativeJobBarrier,300,
119,CommitDecision,400,
119,VoxelCommit,600,
119,EcsCommandBufferCommit,27800,
119,GasAndEventFinalize,9900,
119,ReplicationProjection,121400,
119,SnapshotHashMetrics,200,
119,EgressPublish,54354600,
120,IngressCapture,3200,
120,DecodeAndCanonicalize,200,
120,ApplyInputs,2900,
120,ProcessorPlan,80500,
120,CrossWorldPrepare,700,
120,NativeJobBarrier,200,
120,CommitDecision,100,
120,VoxelCommit,800,
120,EcsCommandBufferCommit,25700,
120,GasAndEventFinalize,8600,
120,ReplicationProjection,134600,
120,SnapshotHashMetrics,300,
120,EgressPublish,20336400,
121,IngressCapture,5300,
121,DecodeAndCanonicalize,300,
121,ApplyInputs,2800,
121,ProcessorPlan,92600,
121,CrossWorldPrepare,600,
121,NativeJobBarrier,200,
121,CommitDecision,200,
121,VoxelCommit,400,
121,EcsCommandBufferCommit,32200,
121,GasAndEventFinalize,9600,
121,ReplicationProjection,151500,
121,SnapshotHashMetrics,500,
121,EgressPublish,22184700,
122,IngressCapture,4300,
122,DecodeAndCanonicalize,300,
122,ApplyInputs,2700,
122,ProcessorPlan,78900,
122,CrossWorldPrepare,1700,
122,NativeJobBarrier,300,
122,CommitDecision,300,
122,VoxelCommit,600,
122,EcsCommandBufferCommit,24500,
122,GasAndEventFinalize,9700,
122,ReplicationProjection,129600,
122,SnapshotHashMetrics,300,
122,EgressPublish,17711700,
123,IngressCapture,4200,
123,DecodeAndCanonicalize,700,
123,ApplyInputs,4300,
123,ProcessorPlan,87800,
123,CrossWorldPrepare,400,
123,NativeJobBarrier,500,
123,CommitDecision,400,
123,VoxelCommit,600,
123,EcsCommandBufferCommit,28200,
123,GasAndEventFinalize,8100,
123,ReplicationProjection,132500,
123,SnapshotHashMetrics,200,
123,EgressPublish,20447700,
124,IngressCapture,4000,
124,DecodeAndCanonicalize,400,
124,ApplyInputs,2400,
124,ProcessorPlan,79400,
124,CrossWorldPrepare,900,
124,NativeJobBarrier,500,
124,CommitDecision,200,
124,VoxelCommit,1000,
124,EcsCommandBufferCommit,27600,
124,GasAndEventFinalize,8700,
124,ReplicationProjection,136200,
124,SnapshotHashMetrics,400,
124,EgressPublish,21092300,
125,IngressCapture,3900,
125,DecodeAndCanonicalize,300,
125,ApplyInputs,2500,
125,ProcessorPlan,86500,
125,CrossWorldPrepare,600,
125,NativeJobBarrier,500,
125,CommitDecision,500,
125,VoxelCommit,500,
125,EcsCommandBufferCommit,29100,
125,GasAndEventFinalize,9500,
125,ReplicationProjection,141200,
125,SnapshotHashMetrics,500,
125,EgressPublish,18929300,
126,IngressCapture,3700,
126,DecodeAndCanonicalize,300,
126,ApplyInputs,2400,
126,ProcessorPlan,83500,
126,CrossWorldPrepare,600,
126,NativeJobBarrier,400,
126,CommitDecision,400,
126,VoxelCommit,800,
126,EcsCommandBufferCommit,27400,
126,GasAndEventFinalize,10900,
126,ReplicationProjection,127500,
126,SnapshotHashMetrics,200,
126,EgressPublish,20262800,
127,IngressCapture,4300,
127,DecodeAndCanonicalize,400,
127,ApplyInputs,2700,
127,ProcessorPlan,85500,
127,CrossWorldPrepare,500,
127,NativeJobBarrier,500,
127,CommitDecision,200,
127,VoxelCommit,1400,
127,EcsCommandBufferCommit,28800,
127,GasAndEventFinalize,10500,
127,ReplicationProjection,129500,
127,SnapshotHashMetrics,200,
127,EgressPublish,18545000,
128,IngressCapture,3300,
128,DecodeAndCanonicalize,200,
128,ApplyInputs,3500,
128,ProcessorPlan,87600,
128,CrossWorldPrepare,700,
128,NativeJobBarrier,400,
128,CommitDecision,600,
128,VoxelCommit,1200,
128,EcsCommandBufferCommit,28600,
128,GasAndEventFinalize,8000,
128,ReplicationProjection,132500,
128,SnapshotHashMetrics,300,
128,EgressPublish,19213800,
129,IngressCapture,4400,
129,DecodeAndCanonicalize,400,
129,ApplyInputs,3100,
129,ProcessorPlan,83100,
129,CrossWorldPrepare,1100,
129,NativeJobBarrier,300,
129,CommitDecision,200,
129,VoxelCommit,1000,
129,EcsCommandBufferCommit,25600,
129,GasAndEventFinalize,9000,
129,ReplicationProjection,125200,
129,SnapshotHashMetrics,200,
129,EgressPublish,20205300,
130,IngressCapture,6400,
130,DecodeAndCanonicalize,200,
130,ApplyInputs,3700,
130,ProcessorPlan,91900,
130,CrossWorldPrepare,1000,
130,NativeJobBarrier,500,
130,CommitDecision,200,
130,VoxelCommit,600,
130,EcsCommandBufferCommit,28900,
130,GasAndEventFinalize,11200,
130,ReplicationProjection,134400,
130,SnapshotHashMetrics,200,
130,EgressPublish,18585200,
131,IngressCapture,3300,
131,DecodeAndCanonicalize,200,
131,ApplyInputs,2200,
131,ProcessorPlan,77600,
131,CrossWorldPrepare,1900,
131,NativeJobBarrier,200,
131,CommitDecision,300,
131,VoxelCommit,1000,
131,EcsCommandBufferCommit,25900,
131,GasAndEventFinalize,8500,
131,ReplicationProjection,129300,
131,SnapshotHashMetrics,200,
131,EgressPublish,19965000,
132,IngressCapture,3400,
132,DecodeAndCanonicalize,300,
132,ApplyInputs,3400,
132,ProcessorPlan,78800,
132,CrossWorldPrepare,900,
132,NativeJobBarrier,500,
132,CommitDecision,200,
132,VoxelCommit,700,
132,EcsCommandBufferCommit,25400,
132,GasAndEventFinalize,8200,
132,ReplicationProjection,125900,
132,SnapshotHashMetrics,400,
132,EgressPublish,19869500,
133,IngressCapture,4100,
133,DecodeAndCanonicalize,200,
133,ApplyInputs,2700,
133,ProcessorPlan,75700,
133,CrossWorldPrepare,900,
133,NativeJobBarrier,300,
133,CommitDecision,200,
133,VoxelCommit,400,
133,EcsCommandBufferCommit,26400,
133,GasAndEventFinalize,10100,
133,ReplicationProjection,130200,
133,SnapshotHashMetrics,400,
133,EgressPublish,16818100,
134,IngressCapture,2300,
134,DecodeAndCanonicalize,300,
134,ApplyInputs,2500,
134,ProcessorPlan,77500,
134,CrossWorldPrepare,1600,
134,NativeJobBarrier,200,
134,CommitDecision,600,
134,VoxelCommit,900,
134,EcsCommandBufferCommit,24900,
134,GasAndEventFinalize,7600,
134,ReplicationProjection,129000,
134,SnapshotHashMetrics,600,
134,EgressPublish,20913100,
135,IngressCapture,4700,
135,DecodeAndCanonicalize,300,
135,ApplyInputs,2300,
135,ProcessorPlan,76600,
135,CrossWorldPrepare,900,
135,NativeJobBarrier,400,
135,CommitDecision,200,
135,VoxelCommit,400,
135,EcsCommandBufferCommit,22600,
135,GasAndEventFinalize,7300,
135,ReplicationProjection,126900,
135,SnapshotHashMetrics,400,
135,EgressPublish,16466500,
136,IngressCapture,4400,
136,DecodeAndCanonicalize,400,
136,ApplyInputs,2600,
136,ProcessorPlan,80600,
136,CrossWorldPrepare,700,
136,NativeJobBarrier,200,
136,CommitDecision,300,
136,VoxelCommit,600,
136,EcsCommandBufferCommit,26500,
136,GasAndEventFinalize,9100,
136,ReplicationProjection,133400,
136,SnapshotHashMetrics,400,
136,EgressPublish,18385500,
137,IngressCapture,4000,
137,DecodeAndCanonicalize,300,
137,ApplyInputs,2100,
137,ProcessorPlan,84500,
137,CrossWorldPrepare,1100,
137,NativeJobBarrier,200,
137,CommitDecision,200,
137,VoxelCommit,1700,
137,EcsCommandBufferCommit,26900,
137,GasAndEventFinalize,7600,
137,ReplicationProjection,129800,
137,SnapshotHashMetrics,400,
137,EgressPublish,19889200,
138,IngressCapture,9900,
138,DecodeAndCanonicalize,200,
138,ApplyInputs,202500,
138,ProcessorPlan,98000,
138,CrossWorldPrepare,1700,
138,NativeJobBarrier,300,
138,CommitDecision,500,
138,VoxelCommit,700,
138,EcsCommandBufferCommit,271200,
138,GasAndEventFinalize,53500,
138,ReplicationProjection,481700,
138,SnapshotHashMetrics,1700,
138,EgressPublish,20494300,
139,IngressCapture,7500,
139,DecodeAndCanonicalize,500,
139,ApplyInputs,18400,
139,ProcessorPlan,98800,
139,CrossWorldPrepare,1200,
139,NativeJobBarrier,1100,
139,CommitDecision,600,
139,VoxelCommit,700,
139,EcsCommandBufferCommit,39100,
139,GasAndEventFinalize,13000,
139,ReplicationProjection,157300,
139,SnapshotHashMetrics,600,
139,EgressPublish,18926900,
140,IngressCapture,15400,
140,DecodeAndCanonicalize,300,
140,ApplyInputs,2400,
140,ProcessorPlan,78600,
140,CrossWorldPrepare,1000,
140,NativeJobBarrier,400,
140,CommitDecision,300,
140,VoxelCommit,500,
140,EcsCommandBufferCommit,27100,
140,GasAndEventFinalize,8800,
140,ReplicationProjection,137800,
140,SnapshotHashMetrics,400,
140,EgressPublish,18869900,
141,IngressCapture,4000,
141,DecodeAndCanonicalize,200,
141,ApplyInputs,2700,
141,ProcessorPlan,89100,
141,CrossWorldPrepare,800,
141,NativeJobBarrier,300,
141,CommitDecision,600,
141,VoxelCommit,700,
141,EcsCommandBufferCommit,105600,
141,GasAndEventFinalize,54300,
141,ReplicationProjection,229000,
141,SnapshotHashMetrics,400,
141,EgressPublish,18032800,
142,IngressCapture,4200,
142,DecodeAndCanonicalize,200,
142,ApplyInputs,3400,
142,ProcessorPlan,109200,
142,CrossWorldPrepare,700,
142,NativeJobBarrier,300,
142,CommitDecision,300,
142,VoxelCommit,700,
142,EcsCommandBufferCommit,32000,
142,GasAndEventFinalize,9600,
142,ReplicationProjection,139100,
142,SnapshotHashMetrics,500,
142,EgressPublish,15951800,
143,IngressCapture,5100,
143,DecodeAndCanonicalize,200,
143,ApplyInputs,2200,
143,ProcessorPlan,101500,
143,CrossWorldPrepare,600,
143,NativeJobBarrier,600,
143,CommitDecision,300,
143,VoxelCommit,500,
143,EcsCommandBufferCommit,31000,
143,GasAndEventFinalize,12400,
143,ReplicationProjection,174700,
143,SnapshotHashMetrics,400,
143,EgressPublish,17870200,
144,IngressCapture,3900,
144,DecodeAndCanonicalize,300,
144,ApplyInputs,2600,
144,ProcessorPlan,83500,
144,CrossWorldPrepare,900,
144,NativeJobBarrier,200,
144,CommitDecision,400,
144,VoxelCommit,1300,
144,EcsCommandBufferCommit,29500,
144,GasAndEventFinalize,9500,
144,ReplicationProjection,147900,
144,SnapshotHashMetrics,500,
144,EgressPublish,20391600,
145,IngressCapture,4400,
145,DecodeAndCanonicalize,200,
145,ApplyInputs,3500,
145,ProcessorPlan,138500,
145,CrossWorldPrepare,2100,
145,NativeJobBarrier,13800,
145,CommitDecision,2700,
145,VoxelCommit,1600,
145,EcsCommandBufferCommit,41500,
145,GasAndEventFinalize,13700,
145,ReplicationProjection,188500,
145,SnapshotHashMetrics,400,
145,EgressPublish,21418700,
146,IngressCapture,5100,
146,DecodeAndCanonicalize,200,
146,ApplyInputs,2400,
146,ProcessorPlan,98000,
146,CrossWorldPrepare,600,
146,NativeJobBarrier,200,
146,CommitDecision,400,
146,VoxelCommit,1000,
146,EcsCommandBufferCommit,32200,
146,GasAndEventFinalize,9800,
146,ReplicationProjection,144000,
146,SnapshotHashMetrics,500,
146,EgressPublish,18333200,
147,IngressCapture,4700,
147,DecodeAndCanonicalize,200,
147,ApplyInputs,3200,
147,ProcessorPlan,92600,
147,CrossWorldPrepare,1000,
147,NativeJobBarrier,400,
147,CommitDecision,700,
147,VoxelCommit,600,
147,EcsCommandBufferCommit,31800,
147,GasAndEventFinalize,10700,
147,ReplicationProjection,145800,
147,SnapshotHashMetrics,400,
147,EgressPublish,20122300,
148,IngressCapture,3000,
148,DecodeAndCanonicalize,300,
148,ApplyInputs,2100,
148,ProcessorPlan,98800,
148,CrossWorldPrepare,1300,
148,NativeJobBarrier,200,
148,CommitDecision,200,
148,VoxelCommit,700,
148,EcsCommandBufferCommit,28800,
148,GasAndEventFinalize,9700,
148,ReplicationProjection,139600,
148,SnapshotHashMetrics,600,
148,EgressPublish,16952900,
149,IngressCapture,3500,
149,DecodeAndCanonicalize,200,
149,ApplyInputs,2100,
149,ProcessorPlan,80200,
149,CrossWorldPrepare,1200,
149,NativeJobBarrier,200,
149,CommitDecision,200,
149,VoxelCommit,400,
149,EcsCommandBufferCommit,25900,
149,GasAndEventFinalize,10600,
149,ReplicationProjection,143600,
149,SnapshotHashMetrics,600,
149,EgressPublish,16670100,
150,IngressCapture,3700,
150,DecodeAndCanonicalize,400,
150,ApplyInputs,3500,
150,ProcessorPlan,93100,
150,CrossWorldPrepare,1000,
150,NativeJobBarrier,100,
150,CommitDecision,400,
150,VoxelCommit,1100,
150,EcsCommandBufferCommit,30400,
150,GasAndEventFinalize,9700,
150,ReplicationProjection,143400,
150,SnapshotHashMetrics,500,
150,EgressPublish,17183400,
151,IngressCapture,4600,
151,DecodeAndCanonicalize,300,
151,ApplyInputs,4000,
151,ProcessorPlan,86400,
151,CrossWorldPrepare,1000,
151,NativeJobBarrier,200,
151,CommitDecision,600,
151,VoxelCommit,600,
151,EcsCommandBufferCommit,51500,
151,GasAndEventFinalize,9600,
151,ReplicationProjection,140600,
151,SnapshotHashMetrics,300,
151,EgressPublish,17065900,
152,IngressCapture,4400,
152,DecodeAndCanonicalize,200,
152,ApplyInputs,2300,
152,ProcessorPlan,82600,
152,CrossWorldPrepare,1100,
152,NativeJobBarrier,200,
152,CommitDecision,200,
152,VoxelCommit,600,
152,EcsCommandBufferCommit,31700,
152,GasAndEventFinalize,9300,
152,ReplicationProjection,138500,
152,SnapshotHashMetrics,200,
152,EgressPublish,16645000,
153,IngressCapture,4600,
153,DecodeAndCanonicalize,300,
153,ApplyInputs,3100,
153,ProcessorPlan,94500,
153,CrossWorldPrepare,800,
153,NativeJobBarrier,300,
153,CommitDecision,800,
153,VoxelCommit,600,
153,EcsCommandBufferCommit,33000,
153,GasAndEventFinalize,11100,
153,ReplicationProjection,146100,
153,SnapshotHashMetrics,200,
153,EgressPublish,19904400,
154,IngressCapture,3600,
154,DecodeAndCanonicalize,200,
154,ApplyInputs,2900,
154,ProcessorPlan,102700,
154,CrossWorldPrepare,900,
154,NativeJobBarrier,200,
154,CommitDecision,200,
154,VoxelCommit,1100,
154,EcsCommandBufferCommit,36500,
154,GasAndEventFinalize,11500,
154,ReplicationProjection,145200,
154,SnapshotHashMetrics,400,
154,EgressPublish,18932100,
155,IngressCapture,4200,
155,DecodeAndCanonicalize,200,
155,ApplyInputs,2200,
155,ProcessorPlan,102900,
155,CrossWorldPrepare,900,
155,NativeJobBarrier,200,
155,CommitDecision,300,
155,VoxelCommit,700,
155,EcsCommandBufferCommit,28000,
155,GasAndEventFinalize,9500,
155,ReplicationProjection,131500,
155,SnapshotHashMetrics,400,
155,EgressPublish,19944400,
156,IngressCapture,3800,
156,DecodeAndCanonicalize,200,
156,ApplyInputs,2500,
156,ProcessorPlan,86100,
156,CrossWorldPrepare,1100,
156,NativeJobBarrier,200,
156,CommitDecision,300,
156,VoxelCommit,500,
156,EcsCommandBufferCommit,29900,
156,GasAndEventFinalize,9600,
156,ReplicationProjection,133000,
156,SnapshotHashMetrics,200,
156,EgressPublish,18158000,
157,IngressCapture,6200,
157,DecodeAndCanonicalize,600,
157,ApplyInputs,3800,
157,ProcessorPlan,99100,
157,CrossWorldPrepare,1100,
157,NativeJobBarrier,200,
157,CommitDecision,600,
157,VoxelCommit,800,
157,EcsCommandBufferCommit,35600,
157,GasAndEventFinalize,10900,
157,ReplicationProjection,147400,
157,SnapshotHashMetrics,200,
157,EgressPublish,17077800,
158,IngressCapture,4300,
158,DecodeAndCanonicalize,200,
158,ApplyInputs,2700,
158,ProcessorPlan,101900,
158,CrossWorldPrepare,1100,
158,NativeJobBarrier,600,
158,CommitDecision,500,
158,VoxelCommit,600,
158,EcsCommandBufferCommit,29400,
158,GasAndEventFinalize,10600,
158,ReplicationProjection,192300,
158,SnapshotHashMetrics,1300,
158,EgressPublish,18642200,
159,IngressCapture,4300,
159,DecodeAndCanonicalize,200,
159,ApplyInputs,3000,
159,ProcessorPlan,98900,
159,CrossWorldPrepare,1100,
159,NativeJobBarrier,200,
159,CommitDecision,500,
159,VoxelCommit,1000,
159,EcsCommandBufferCommit,30700,
159,GasAndEventFinalize,9900,
159,ReplicationProjection,137700,
159,SnapshotHashMetrics,200,
159,EgressPublish,18847500,
160,IngressCapture,5600,
160,DecodeAndCanonicalize,300,
160,ApplyInputs,3400,
160,ProcessorPlan,86300,
160,CrossWorldPrepare,1300,
160,NativeJobBarrier,400,
160,CommitDecision,300,
160,VoxelCommit,800,
160,EcsCommandBufferCommit,33700,
160,GasAndEventFinalize,11900,
160,ReplicationProjection,176500,
160,SnapshotHashMetrics,200,
160,EgressPublish,18226400,
161,IngressCapture,3900,
161,DecodeAndCanonicalize,300,
161,ApplyInputs,2000,
161,ProcessorPlan,98600,
161,CrossWorldPrepare,900,
161,NativeJobBarrier,500,
161,CommitDecision,300,
161,VoxelCommit,900,
161,EcsCommandBufferCommit,38400,
161,GasAndEventFinalize,9900,
161,ReplicationProjection,181600,
161,SnapshotHashMetrics,500,
161,EgressPublish,17205300,
162,IngressCapture,4100,
162,DecodeAndCanonicalize,500,
162,ApplyInputs,2500,
162,ProcessorPlan,77400,
162,CrossWorldPrepare,800,
162,NativeJobBarrier,200,
162,CommitDecision,300,
162,VoxelCommit,700,
162,EcsCommandBufferCommit,25800,
162,GasAndEventFinalize,10600,
162,ReplicationProjection,137400,
162,SnapshotHashMetrics,300,
162,EgressPublish,18259500,
163,IngressCapture,2400,
163,DecodeAndCanonicalize,200,
163,ApplyInputs,1800,
163,ProcessorPlan,57400,
163,CrossWorldPrepare,500,
163,NativeJobBarrier,600,
163,CommitDecision,200,
163,VoxelCommit,600,
163,EcsCommandBufferCommit,18300,
163,GasAndEventFinalize,5300,
163,ReplicationProjection,118400,
163,SnapshotHashMetrics,300,
163,EgressPublish,24878300,
164,IngressCapture,4800,
164,DecodeAndCanonicalize,300,
164,ApplyInputs,2100,
164,ProcessorPlan,84500,
164,CrossWorldPrepare,900,
164,NativeJobBarrier,200,
164,CommitDecision,400,
164,VoxelCommit,800,
164,EcsCommandBufferCommit,28400,
164,GasAndEventFinalize,8400,
164,ReplicationProjection,139800,
164,SnapshotHashMetrics,200,
164,EgressPublish,16803300,
165,IngressCapture,3700,
165,DecodeAndCanonicalize,200,
165,ApplyInputs,5600,
165,ProcessorPlan,88500,
165,CrossWorldPrepare,1400,
165,NativeJobBarrier,200,
165,CommitDecision,200,
165,VoxelCommit,800,
165,EcsCommandBufferCommit,33000,
165,GasAndEventFinalize,9400,
165,ReplicationProjection,147400,
165,SnapshotHashMetrics,300,
165,EgressPublish,17455500,
166,IngressCapture,4300,
166,DecodeAndCanonicalize,200,
166,ApplyInputs,2300,
166,ProcessorPlan,86600,
166,CrossWorldPrepare,1400,
166,NativeJobBarrier,200,
166,CommitDecision,100,
166,VoxelCommit,600,
166,EcsCommandBufferCommit,29900,
166,GasAndEventFinalize,9700,
166,ReplicationProjection,144100,
166,SnapshotHashMetrics,1100,
166,EgressPublish,18476900,
167,IngressCapture,4400,
167,DecodeAndCanonicalize,3900,
167,ApplyInputs,2700,
167,ProcessorPlan,138700,
167,CrossWorldPrepare,1100,
167,NativeJobBarrier,300,
167,CommitDecision,200,
167,VoxelCommit,500,
167,EcsCommandBufferCommit,19400,
167,GasAndEventFinalize,8200,
167,ReplicationProjection,144900,
167,SnapshotHashMetrics,300,
167,EgressPublish,22387600,
168,IngressCapture,5100,
168,DecodeAndCanonicalize,300,
168,ApplyInputs,2700,
168,ProcessorPlan,89700,
168,CrossWorldPrepare,1000,
168,NativeJobBarrier,200,
168,CommitDecision,200,
168,VoxelCommit,500,
168,EcsCommandBufferCommit,27700,
168,GasAndEventFinalize,8400,
168,ReplicationProjection,133400,
168,SnapshotHashMetrics,200,
168,EgressPublish,16809200,
169,IngressCapture,4900,
169,DecodeAndCanonicalize,200,
169,ApplyInputs,2500,
169,ProcessorPlan,84700,
169,CrossWorldPrepare,700,
169,NativeJobBarrier,300,
169,CommitDecision,600,
169,VoxelCommit,700,
169,EcsCommandBufferCommit,26900,
169,GasAndEventFinalize,9900,
169,ReplicationProjection,240500,
169,SnapshotHashMetrics,900,
169,EgressPublish,23043500,
170,IngressCapture,4300,
170,DecodeAndCanonicalize,400,
170,ApplyInputs,3100,
170,ProcessorPlan,86700,
170,CrossWorldPrepare,800,
170,NativeJobBarrier,200,
170,CommitDecision,400,
170,VoxelCommit,800,
170,EcsCommandBufferCommit,111300,
170,GasAndEventFinalize,13600,
170,ReplicationProjection,202800,
170,SnapshotHashMetrics,600,
170,EgressPublish,17494500,
171,IngressCapture,20700,
171,DecodeAndCanonicalize,400,
171,ApplyInputs,3000,
171,ProcessorPlan,1256900,
171,CrossWorldPrepare,2000,
171,NativeJobBarrier,200,
171,CommitDecision,400,
171,VoxelCommit,600,
171,EcsCommandBufferCommit,37500,
171,GasAndEventFinalize,10900,
171,ReplicationProjection,137900,
171,SnapshotHashMetrics,200,
171,EgressPublish,16629400,
172,IngressCapture,3300,
172,DecodeAndCanonicalize,200,
172,ApplyInputs,2700,
172,ProcessorPlan,76100,
172,CrossWorldPrepare,1300,
172,NativeJobBarrier,300,
172,CommitDecision,200,
172,VoxelCommit,600,
172,EcsCommandBufferCommit,24400,
172,GasAndEventFinalize,7400,
172,ReplicationProjection,223900,
172,SnapshotHashMetrics,600,
172,EgressPublish,17729700,
173,IngressCapture,3300,
173,DecodeAndCanonicalize,300,
173,ApplyInputs,3100,
173,ProcessorPlan,84200,
173,CrossWorldPrepare,800,
173,NativeJobBarrier,200,
173,CommitDecision,300,
173,VoxelCommit,700,
173,EcsCommandBufferCommit,30100,
173,GasAndEventFinalize,10200,
173,ReplicationProjection,146300,
173,SnapshotHashMetrics,300,
173,EgressPublish,18428300,
174,IngressCapture,4000,
174,DecodeAndCanonicalize,200,
174,ApplyInputs,2200,
174,ProcessorPlan,166800,
174,CrossWorldPrepare,600,
174,NativeJobBarrier,300,
174,CommitDecision,200,
174,VoxelCommit,900,
174,EcsCommandBufferCommit,28200,
174,GasAndEventFinalize,9100,
174,ReplicationProjection,177400,
174,SnapshotHashMetrics,300,
174,EgressPublish,19191000,
175,IngressCapture,5000,
175,DecodeAndCanonicalize,300,
175,ApplyInputs,5000,
175,ProcessorPlan,108900,
175,CrossWorldPrepare,800,
175,NativeJobBarrier,300,
175,CommitDecision,200,
175,VoxelCommit,1300,
175,EcsCommandBufferCommit,44800,
175,GasAndEventFinalize,11800,
175,ReplicationProjection,154500,
175,SnapshotHashMetrics,400,
175,EgressPublish,19077200,
176,IngressCapture,3600,
176,DecodeAndCanonicalize,400,
176,ApplyInputs,3000,
176,ProcessorPlan,83100,
176,CrossWorldPrepare,600,
176,NativeJobBarrier,300,
176,CommitDecision,400,
176,VoxelCommit,900,
176,EcsCommandBufferCommit,26300,
176,GasAndEventFinalize,8500,
176,ReplicationProjection,134000,
176,SnapshotHashMetrics,500,
176,EgressPublish,18482500,
177,IngressCapture,4700,
177,DecodeAndCanonicalize,400,
177,ApplyInputs,2900,
177,ProcessorPlan,89100,
177,CrossWorldPrepare,1000,
177,NativeJobBarrier,200,
177,CommitDecision,700,
177,VoxelCommit,800,
177,EcsCommandBufferCommit,30800,
177,GasAndEventFinalize,8700,
177,ReplicationProjection,146200,
177,SnapshotHashMetrics,400,
177,EgressPublish,19245400,
178,IngressCapture,4500,
178,DecodeAndCanonicalize,300,
178,ApplyInputs,2400,
178,ProcessorPlan,98100,
178,CrossWorldPrepare,700,
178,NativeJobBarrier,200,
178,CommitDecision,600,
178,VoxelCommit,800,
178,EcsCommandBufferCommit,37300,
178,GasAndEventFinalize,10900,
178,ReplicationProjection,164600,
178,SnapshotHashMetrics,500,
178,EgressPublish,20010700,
179,IngressCapture,6000,
179,DecodeAndCanonicalize,300,
179,ApplyInputs,2000,
179,ProcessorPlan,94800,
179,CrossWorldPrepare,900,
179,NativeJobBarrier,200,
179,CommitDecision,300,
179,VoxelCommit,800,
179,EcsCommandBufferCommit,34000,
179,GasAndEventFinalize,13600,
179,ReplicationProjection,174200,
179,SnapshotHashMetrics,300,
179,EgressPublish,23259900,
180,IngressCapture,4400,
180,DecodeAndCanonicalize,300,
180,ApplyInputs,3000,
180,ProcessorPlan,113400,
180,CrossWorldPrepare,1500,
180,NativeJobBarrier,500,
180,CommitDecision,300,
180,VoxelCommit,1000,
180,EcsCommandBufferCommit,31800,
180,GasAndEventFinalize,10100,
180,ReplicationProjection,138700,
180,SnapshotHashMetrics,200,
180,EgressPublish,18052700,
181,IngressCapture,3200,
181,DecodeAndCanonicalize,200,
181,ApplyInputs,3100,
181,ProcessorPlan,74800,
181,CrossWorldPrepare,400,
181,NativeJobBarrier,200,
181,CommitDecision,200,
181,VoxelCommit,600,
181,EcsCommandBufferCommit,24300,
181,GasAndEventFinalize,8400,
181,ReplicationProjection,130000,
181,SnapshotHashMetrics,400,
181,EgressPublish,18249400,
182,IngressCapture,30300,
182,DecodeAndCanonicalize,500,
182,ApplyInputs,4000,
182,ProcessorPlan,89800,
182,CrossWorldPrepare,700,
182,NativeJobBarrier,300,
182,CommitDecision,200,
182,VoxelCommit,700,
182,EcsCommandBufferCommit,32300,
182,GasAndEventFinalize,9900,
182,ReplicationProjection,140500,
182,SnapshotHashMetrics,400,
182,EgressPublish,22792000,
183,IngressCapture,3900,
183,DecodeAndCanonicalize,200,
183,ApplyInputs,2500,
183,ProcessorPlan,74000,
183,CrossWorldPrepare,800,
183,NativeJobBarrier,200,
183,CommitDecision,200,
183,VoxelCommit,900,
183,EcsCommandBufferCommit,25000,
183,GasAndEventFinalize,8400,
183,ReplicationProjection,133100,
183,SnapshotHashMetrics,300,
183,EgressPublish,18884200,
184,IngressCapture,4600,
184,DecodeAndCanonicalize,300,
184,ApplyInputs,3000,
184,ProcessorPlan,93900,
184,CrossWorldPrepare,1000,
184,NativeJobBarrier,200,
184,CommitDecision,300,
184,VoxelCommit,500,
184,EcsCommandBufferCommit,31700,
184,GasAndEventFinalize,9600,
184,ReplicationProjection,132300,
184,SnapshotHashMetrics,200,
184,EgressPublish,17580200,
185,IngressCapture,4000,
185,DecodeAndCanonicalize,200,
185,ApplyInputs,2200,
185,ProcessorPlan,79900,
185,CrossWorldPrepare,600,
185,NativeJobBarrier,200,
185,CommitDecision,400,
185,VoxelCommit,600,
185,EcsCommandBufferCommit,31200,
185,GasAndEventFinalize,8100,
185,ReplicationProjection,137900,
185,SnapshotHashMetrics,400,
185,EgressPublish,18597900,
186,IngressCapture,4200,
186,DecodeAndCanonicalize,200,
186,ApplyInputs,2500,
186,ProcessorPlan,89700,
186,CrossWorldPrepare,900,
186,NativeJobBarrier,400,
186,CommitDecision,400,
186,VoxelCommit,400,
186,EcsCommandBufferCommit,28400,
186,GasAndEventFinalize,13000,
186,ReplicationProjection,144500,
186,SnapshotHashMetrics,400,
186,EgressPublish,18599600,
187,IngressCapture,3500,
187,DecodeAndCanonicalize,300,
187,ApplyInputs,2800,
187,ProcessorPlan,80000,
187,CrossWorldPrepare,1100,
187,NativeJobBarrier,200,
187,CommitDecision,600,
187,VoxelCommit,400,
187,EcsCommandBufferCommit,27200,
187,GasAndEventFinalize,7700,
187,ReplicationProjection,128600,
187,SnapshotHashMetrics,600,
187,EgressPublish,17487500,
188,IngressCapture,5600,
188,DecodeAndCanonicalize,200,
188,ApplyInputs,3600,
188,ProcessorPlan,98600,
188,CrossWorldPrepare,2000,
188,NativeJobBarrier,300,
188,CommitDecision,500,
188,VoxelCommit,800,
188,EcsCommandBufferCommit,31300,
188,GasAndEventFinalize,12900,
188,ReplicationProjection,145400,
188,SnapshotHashMetrics,800,
188,EgressPublish,22889400,
189,IngressCapture,3800,
189,DecodeAndCanonicalize,400,
189,ApplyInputs,3300,
189,ProcessorPlan,87400,
189,CrossWorldPrepare,800,
189,NativeJobBarrier,200,
189,CommitDecision,200,
189,VoxelCommit,700,
189,EcsCommandBufferCommit,27700,
189,GasAndEventFinalize,10300,
189,ReplicationProjection,138900,
189,SnapshotHashMetrics,200,
189,EgressPublish,18450600,
190,IngressCapture,3800,
190,DecodeAndCanonicalize,600,
190,ApplyInputs,2100,
190,ProcessorPlan,79200,
190,CrossWorldPrepare,500,
190,NativeJobBarrier,200,
190,CommitDecision,400,
190,VoxelCommit,600,
190,EcsCommandBufferCommit,29600,
190,GasAndEventFinalize,10100,
190,ReplicationProjection,127100,
190,SnapshotHashMetrics,200,
190,EgressPublish,16113300,
191,IngressCapture,4600,
191,DecodeAndCanonicalize,300,
191,ApplyInputs,4000,
191,ProcessorPlan,90600,
191,CrossWorldPrepare,700,
191,NativeJobBarrier,300,
191,CommitDecision,400,
191,VoxelCommit,500,
191,EcsCommandBufferCommit,38500,
191,GasAndEventFinalize,10400,
191,ReplicationProjection,153800,
191,SnapshotHashMetrics,500,
191,EgressPublish,18960300,
192,IngressCapture,4000,
192,DecodeAndCanonicalize,200,
192,ApplyInputs,3200,
192,ProcessorPlan,100900,
192,CrossWorldPrepare,1400,
192,NativeJobBarrier,300,
192,CommitDecision,400,
192,VoxelCommit,1000,
192,EcsCommandBufferCommit,32300,
192,GasAndEventFinalize,11500,
192,ReplicationProjection,144300,
192,SnapshotHashMetrics,400,
192,EgressPublish,16135900,
193,IngressCapture,4400,
193,DecodeAndCanonicalize,200,
193,ApplyInputs,2900,
193,ProcessorPlan,83400,
193,CrossWorldPrepare,600,
193,NativeJobBarrier,400,
193,CommitDecision,600,
193,VoxelCommit,800,
193,EcsCommandBufferCommit,30600,
193,GasAndEventFinalize,9200,
193,ReplicationProjection,126300,
193,SnapshotHashMetrics,300,
193,EgressPublish,18680200,
194,IngressCapture,4200,
194,DecodeAndCanonicalize,300,
194,ApplyInputs,2300,
194,ProcessorPlan,79600,
194,CrossWorldPrepare,400,
194,NativeJobBarrier,400,
194,CommitDecision,400,
194,VoxelCommit,400,
194,EcsCommandBufferCommit,26500,
194,GasAndEventFinalize,7600,
194,ReplicationProjection,136100,
194,SnapshotHashMetrics,300,
194,EgressPublish,18667300,
195,IngressCapture,37400,
195,DecodeAndCanonicalize,600,
195,ApplyInputs,2100,
195,ProcessorPlan,86400,
195,CrossWorldPrepare,2200,
195,NativeJobBarrier,300,
195,CommitDecision,200,
195,VoxelCommit,900,
195,EcsCommandBufferCommit,46000,
195,GasAndEventFinalize,9100,
195,ReplicationProjection,895100,
195,SnapshotHashMetrics,1300,
195,EgressPublish,29156300,
196,IngressCapture,3000,
196,DecodeAndCanonicalize,300,
196,ApplyInputs,1700,
196,ProcessorPlan,265200,
196,CrossWorldPrepare,1200,
196,NativeJobBarrier,200,
196,CommitDecision,200,
196,VoxelCommit,500,
196,EcsCommandBufferCommit,21900,
196,GasAndEventFinalize,5900,
196,ReplicationProjection,118300,
196,SnapshotHashMetrics,600,
196,EgressPublish,18764100,
197,IngressCapture,3000,
197,DecodeAndCanonicalize,200,
197,ApplyInputs,2200,
197,ProcessorPlan,77400,
197,CrossWorldPrepare,600,
197,NativeJobBarrier,200,
197,CommitDecision,500,
197,VoxelCommit,1200,
197,EcsCommandBufferCommit,26400,
197,GasAndEventFinalize,10500,
197,ReplicationProjection,151300,
197,SnapshotHashMetrics,600,
197,EgressPublish,18397200,
198,IngressCapture,3400,
198,DecodeAndCanonicalize,700,
198,ApplyInputs,2700,
198,ProcessorPlan,86200,
198,CrossWorldPrepare,1200,
198,NativeJobBarrier,300,
198,CommitDecision,100,
198,VoxelCommit,800,
198,EcsCommandBufferCommit,30500,
198,GasAndEventFinalize,10600,
198,ReplicationProjection,132700,
198,SnapshotHashMetrics,200,
198,EgressPublish,19382300,
199,IngressCapture,3000,
199,DecodeAndCanonicalize,200,
199,ApplyInputs,3300,
199,ProcessorPlan,72800,
199,CrossWorldPrepare,900,
199,NativeJobBarrier,400,
199,CommitDecision,400,
199,VoxelCommit,900,
199,EcsCommandBufferCommit,25000,
199,GasAndEventFinalize,7400,
199,ReplicationProjection,143100,
199,SnapshotHashMetrics,200,
199,EgressPublish,22642900,
200,IngressCapture,2200,
200,DecodeAndCanonicalize,200,
200,ApplyInputs,1800,
200,ProcessorPlan,55700,
200,CrossWorldPrepare,600,
200,NativeJobBarrier,300,
200,CommitDecision,300,
200,VoxelCommit,400,
200,EcsCommandBufferCommit,17600,
200,GasAndEventFinalize,7200,
200,ReplicationProjection,108600,
200,SnapshotHashMetrics,400,
200,EgressPublish,9530700,
201,IngressCapture,3600,
201,DecodeAndCanonicalize,300,
201,ApplyInputs,2600,
201,ProcessorPlan,73800,
201,CrossWorldPrepare,500,
201,NativeJobBarrier,300,
201,CommitDecision,400,
201,VoxelCommit,500,
201,EcsCommandBufferCommit,23500,
201,GasAndEventFinalize,7700,
201,ReplicationProjection,125900,
201,SnapshotHashMetrics,800,
201,EgressPublish,17710400,
202,IngressCapture,4100,
202,DecodeAndCanonicalize,400,
202,ApplyInputs,3600,
202,ProcessorPlan,92300,
202,CrossWorldPrepare,1100,
202,NativeJobBarrier,200,
202,CommitDecision,200,
202,VoxelCommit,600,
202,EcsCommandBufferCommit,28100,
202,GasAndEventFinalize,10200,
202,ReplicationProjection,134300,
202,SnapshotHashMetrics,400,
202,EgressPublish,16923000,
203,IngressCapture,5500,
203,DecodeAndCanonicalize,700,
203,ApplyInputs,3100,
203,ProcessorPlan,98400,
203,CrossWorldPrepare,1700,
203,NativeJobBarrier,600,
203,CommitDecision,600,
203,VoxelCommit,1000,
203,EcsCommandBufferCommit,40000,
203,GasAndEventFinalize,13600,
203,ReplicationProjection,158200,
203,SnapshotHashMetrics,200,
203,EgressPublish,24711400,
204,IngressCapture,4200,
204,DecodeAndCanonicalize,400,
204,ApplyInputs,3000,
204,ProcessorPlan,79100,
204,CrossWorldPrepare,900,
204,NativeJobBarrier,200,
204,CommitDecision,300,
204,VoxelCommit,800,
204,EcsCommandBufferCommit,25100,
204,GasAndEventFinalize,9200,
204,ReplicationProjection,128400,
204,SnapshotHashMetrics,400,
204,EgressPublish,33748700,
205,IngressCapture,3700,
205,DecodeAndCanonicalize,200,
205,ApplyInputs,3400,
205,ProcessorPlan,102100,
205,CrossWorldPrepare,400,
205,NativeJobBarrier,200,
205,CommitDecision,800,
205,VoxelCommit,900,
205,EcsCommandBufferCommit,27100,
205,GasAndEventFinalize,13900,
205,ReplicationProjection,144400,
205,SnapshotHashMetrics,200,
205,EgressPublish,19500700,
206,IngressCapture,4400,
206,DecodeAndCanonicalize,200,
206,ApplyInputs,2600,
206,ProcessorPlan,87800,
206,CrossWorldPrepare,1600,
206,NativeJobBarrier,200,
206,CommitDecision,300,
206,VoxelCommit,800,
206,EcsCommandBufferCommit,32300,
206,GasAndEventFinalize,9700,
206,ReplicationProjection,142900,
206,SnapshotHashMetrics,500,
206,EgressPublish,22916500,
207,IngressCapture,2800,
207,DecodeAndCanonicalize,200,
207,ApplyInputs,2800,
207,ProcessorPlan,84000,
207,CrossWorldPrepare,1200,
207,NativeJobBarrier,200,
207,CommitDecision,200,
207,VoxelCommit,500,
207,EcsCommandBufferCommit,25400,
207,GasAndEventFinalize,9900,
207,ReplicationProjection,130500,
207,SnapshotHashMetrics,400,
207,EgressPublish,19963400,
208,IngressCapture,4600,
208,DecodeAndCanonicalize,200,
208,ApplyInputs,3200,
208,ProcessorPlan,92300,
208,CrossWorldPrepare,1300,
208,NativeJobBarrier,200,
208,CommitDecision,400,
208,VoxelCommit,700,
208,EcsCommandBufferCommit,33500,
208,GasAndEventFinalize,11200,
208,ReplicationProjection,130000,
208,SnapshotHashMetrics,900,
208,EgressPublish,17993000,
209,IngressCapture,5200,
209,DecodeAndCanonicalize,200,
209,ApplyInputs,4200,
209,ProcessorPlan,94200,
209,CrossWorldPrepare,1500,
209,NativeJobBarrier,300,
209,CommitDecision,400,
209,VoxelCommit,1000,
209,EcsCommandBufferCommit,26900,
209,GasAndEventFinalize,11000,
209,ReplicationProjection,137000,
209,SnapshotHashMetrics,300,
209,EgressPublish,26863600,
210,IngressCapture,3700,
210,DecodeAndCanonicalize,200,
210,ApplyInputs,3700,
210,ProcessorPlan,100200,
210,CrossWorldPrepare,1300,
210,NativeJobBarrier,200,
210,CommitDecision,300,
210,VoxelCommit,600,
210,EcsCommandBufferCommit,35500,
210,GasAndEventFinalize,9500,
210,ReplicationProjection,149300,
210,SnapshotHashMetrics,600,
210,EgressPublish,21399900,
211,IngressCapture,3900,
211,DecodeAndCanonicalize,400,
211,ApplyInputs,3400,
211,ProcessorPlan,81100,
211,CrossWorldPrepare,700,
211,NativeJobBarrier,200,
211,CommitDecision,600,
211,VoxelCommit,600,
211,EcsCommandBufferCommit,24900,
211,GasAndEventFinalize,8100,
211,ReplicationProjection,133600,
211,SnapshotHashMetrics,200,
211,EgressPublish,22624400,
212,IngressCapture,4600,
212,DecodeAndCanonicalize,500,
212,ApplyInputs,3900,
212,ProcessorPlan,104700,
212,CrossWorldPrepare,1500,
212,NativeJobBarrier,300,
212,CommitDecision,200,
212,VoxelCommit,1200,
212,EcsCommandBufferCommit,35600,
212,GasAndEventFinalize,12200,
212,ReplicationProjection,148900,
212,SnapshotHashMetrics,400,
212,EgressPublish,24494800,
213,IngressCapture,4700,
213,DecodeAndCanonicalize,200,
213,ApplyInputs,2600,
213,ProcessorPlan,127400,
213,CrossWorldPrepare,1100,
213,NativeJobBarrier,900,
213,CommitDecision,200,
213,VoxelCommit,600,
213,EcsCommandBufferCommit,29600,
213,GasAndEventFinalize,10100,
213,ReplicationProjection,143900,
213,SnapshotHashMetrics,300,
213,EgressPublish,35080000,
214,IngressCapture,4200,
214,DecodeAndCanonicalize,300,
214,ApplyInputs,3400,
214,ProcessorPlan,83600,
214,CrossWorldPrepare,400,
214,NativeJobBarrier,300,
214,CommitDecision,300,
214,VoxelCommit,600,
214,EcsCommandBufferCommit,30200,
214,GasAndEventFinalize,9500,
214,ReplicationProjection,128100,
214,SnapshotHashMetrics,400,
214,EgressPublish,19060400,
215,IngressCapture,5100,
215,DecodeAndCanonicalize,200,
215,ApplyInputs,3000,
215,ProcessorPlan,95300,
215,CrossWorldPrepare,2500,
215,NativeJobBarrier,300,
215,CommitDecision,600,
215,VoxelCommit,700,
215,EcsCommandBufferCommit,31400,
215,GasAndEventFinalize,10000,
215,ReplicationProjection,147200,
215,SnapshotHashMetrics,400,
215,EgressPublish,28821300,
216,IngressCapture,3200,
216,DecodeAndCanonicalize,300,
216,ApplyInputs,1900,
216,ProcessorPlan,189600,
216,CrossWorldPrepare,1300,
216,NativeJobBarrier,200,
216,CommitDecision,400,
216,VoxelCommit,600,
216,EcsCommandBufferCommit,25900,
216,GasAndEventFinalize,8200,
216,ReplicationProjection,121500,
216,SnapshotHashMetrics,600,
216,EgressPublish,32487700,
217,IngressCapture,2600,
217,DecodeAndCanonicalize,1100,
217,ApplyInputs,3300,
217,ProcessorPlan,85800,
217,CrossWorldPrepare,800,
217,NativeJobBarrier,200,
217,CommitDecision,500,
217,VoxelCommit,800,
217,EcsCommandBufferCommit,27800,
217,GasAndEventFinalize,10000,
217,ReplicationProjection,127800,
217,SnapshotHashMetrics,400,
217,EgressPublish,19983300,
218,IngressCapture,3400,
218,DecodeAndCanonicalize,200,
218,ApplyInputs,3500,
218,ProcessorPlan,86800,
218,CrossWorldPrepare,600,
218,NativeJobBarrier,200,
218,CommitDecision,100,
218,VoxelCommit,500,
218,EcsCommandBufferCommit,29300,
218,GasAndEventFinalize,9200,
218,ReplicationProjection,139200,
218,SnapshotHashMetrics,400,
218,EgressPublish,27501600,
219,IngressCapture,3600,
219,DecodeAndCanonicalize,500,
219,ApplyInputs,2400,
219,ProcessorPlan,81600,
219,CrossWorldPrepare,500,
219,NativeJobBarrier,300,
219,CommitDecision,300,
219,VoxelCommit,1000,
219,EcsCommandBufferCommit,31400,
219,GasAndEventFinalize,10800,
219,ReplicationProjection,140300,
219,SnapshotHashMetrics,400,
219,EgressPublish,23991000,
220,IngressCapture,3800,
220,DecodeAndCanonicalize,300,
220,ApplyInputs,2600,
220,ProcessorPlan,85500,
220,CrossWorldPrepare,600,
220,NativeJobBarrier,300,
220,CommitDecision,600,
220,VoxelCommit,500,
220,EcsCommandBufferCommit,27000,
220,GasAndEventFinalize,8700,
220,ReplicationProjection,137500,
220,SnapshotHashMetrics,200,
220,EgressPublish,19033900,
221,IngressCapture,4700,
221,DecodeAndCanonicalize,200,
221,ApplyInputs,3100,
221,ProcessorPlan,84200,
221,CrossWorldPrepare,1000,
221,NativeJobBarrier,200,
221,CommitDecision,200,
221,VoxelCommit,600,
221,EcsCommandBufferCommit,24400,
221,GasAndEventFinalize,10700,
221,ReplicationProjection,134700,
221,SnapshotHashMetrics,300,
221,EgressPublish,20755100,
222,IngressCapture,5000,
222,DecodeAndCanonicalize,300,
222,ApplyInputs,4000,
222,ProcessorPlan,89800,
222,CrossWorldPrepare,800,
222,NativeJobBarrier,400,
222,CommitDecision,600,
222,VoxelCommit,1000,
222,EcsCommandBufferCommit,30300,
222,GasAndEventFinalize,8900,
222,ReplicationProjection,140900,
222,SnapshotHashMetrics,500,
222,EgressPublish,18080000,
223,IngressCapture,4500,
223,DecodeAndCanonicalize,200,
223,ApplyInputs,2800,
223,ProcessorPlan,89200,
223,CrossWorldPrepare,1500,
223,NativeJobBarrier,200,
223,CommitDecision,200,
223,VoxelCommit,700,
223,EcsCommandBufferCommit,26000,
223,GasAndEventFinalize,9100,
223,ReplicationProjection,123100,
223,SnapshotHashMetrics,600,
223,EgressPublish,19777000,
224,IngressCapture,3300,
224,DecodeAndCanonicalize,400,
224,ApplyInputs,3100,
224,ProcessorPlan,84500,
224,CrossWorldPrepare,800,
224,NativeJobBarrier,200,
224,CommitDecision,200,
224,VoxelCommit,700,
224,EcsCommandBufferCommit,25700,
224,GasAndEventFinalize,7400,
224,ReplicationProjection,143800,
224,SnapshotHashMetrics,500,
224,EgressPublish,21464600,
225,IngressCapture,5000,
225,DecodeAndCanonicalize,800,
225,ApplyInputs,4000,
225,ProcessorPlan,108200,
225,CrossWorldPrepare,1500,
225,NativeJobBarrier,300,
225,CommitDecision,600,
225,VoxelCommit,1100,
225,EcsCommandBufferCommit,35600,
225,GasAndEventFinalize,11800,
225,ReplicationProjection,145300,
225,SnapshotHashMetrics,200,
225,EgressPublish,16623400,
226,IngressCapture,5200,
226,DecodeAndCanonicalize,200,
226,ApplyInputs,3400,
226,ProcessorPlan,88100,
226,CrossWorldPrepare,800,
226,NativeJobBarrier,200,
226,CommitDecision,300,
226,VoxelCommit,800,
226,EcsCommandBufferCommit,30600,
226,GasAndEventFinalize,10600,
226,ReplicationProjection,154500,
226,SnapshotHashMetrics,500,
226,EgressPublish,18282600,
227,IngressCapture,3900,
227,DecodeAndCanonicalize,300,
227,ApplyInputs,2500,
227,ProcessorPlan,76400,
227,CrossWorldPrepare,700,
227,NativeJobBarrier,200,
227,CommitDecision,400,
227,VoxelCommit,400,
227,EcsCommandBufferCommit,23000,
227,GasAndEventFinalize,9000,
227,ReplicationProjection,149800,
227,SnapshotHashMetrics,300,
227,EgressPublish,19956300,
228,IngressCapture,5600,
228,DecodeAndCanonicalize,300,
228,ApplyInputs,6000,
228,ProcessorPlan,133500,
228,CrossWorldPrepare,900,
228,NativeJobBarrier,200,
228,CommitDecision,2100,
228,VoxelCommit,1200,
228,EcsCommandBufferCommit,41400,
228,GasAndEventFinalize,12200,
228,ReplicationProjection,194400,
228,SnapshotHashMetrics,400,
228,EgressPublish,18896000,
229,IngressCapture,3700,
229,DecodeAndCanonicalize,200,
229,ApplyInputs,2500,
229,ProcessorPlan,78600,
229,CrossWorldPrepare,1100,
229,NativeJobBarrier,300,
229,CommitDecision,500,
229,VoxelCommit,1100,
229,EcsCommandBufferCommit,26600,
229,GasAndEventFinalize,9100,
229,ReplicationProjection,143500,
229,SnapshotHashMetrics,200,
229,EgressPublish,18774700,
230,IngressCapture,4700,
230,DecodeAndCanonicalize,200,
230,ApplyInputs,4500,
230,ProcessorPlan,99900,
230,CrossWorldPrepare,1700,
230,NativeJobBarrier,200,
230,CommitDecision,500,
230,VoxelCommit,1000,
230,EcsCommandBufferCommit,33600,
230,GasAndEventFinalize,12100,
230,ReplicationProjection,151800,
230,SnapshotHashMetrics,200,
230,EgressPublish,19968100,
231,IngressCapture,3300,
231,DecodeAndCanonicalize,300,
231,ApplyInputs,2900,
231,ProcessorPlan,178000,
231,CrossWorldPrepare,1500,
231,NativeJobBarrier,200,
231,CommitDecision,300,
231,VoxelCommit,800,
231,EcsCommandBufferCommit,5325700,
231,GasAndEventFinalize,16900,
231,ReplicationProjection,252000,
231,SnapshotHashMetrics,900,
231,EgressPublish,19688900,
232,IngressCapture,4000,
232,DecodeAndCanonicalize,200,
232,ApplyInputs,2700,
232,ProcessorPlan,93500,
232,CrossWorldPrepare,1200,
232,NativeJobBarrier,400,
232,CommitDecision,700,
232,VoxelCommit,1000,
232,EcsCommandBufferCommit,28300,
232,GasAndEventFinalize,10800,
232,ReplicationProjection,144200,
232,SnapshotHashMetrics,1000,
232,EgressPublish,21664000,
233,IngressCapture,5500,
233,DecodeAndCanonicalize,800,
233,ApplyInputs,2300,
233,ProcessorPlan,90200,
233,CrossWorldPrepare,700,
233,NativeJobBarrier,200,
233,CommitDecision,400,
233,VoxelCommit,300,
233,EcsCommandBufferCommit,30800,
233,GasAndEventFinalize,11800,
233,ReplicationProjection,145400,
233,SnapshotHashMetrics,200,
233,EgressPublish,19188100,
234,IngressCapture,4100,
234,DecodeAndCanonicalize,200,
234,ApplyInputs,2500,
234,ProcessorPlan,86900,
234,CrossWorldPrepare,900,
234,NativeJobBarrier,100,
234,CommitDecision,200,
234,VoxelCommit,900,
234,EcsCommandBufferCommit,32200,
234,GasAndEventFinalize,11600,
234,ReplicationProjection,144100,
234,SnapshotHashMetrics,200,
234,EgressPublish,21002100,
235,IngressCapture,3500,
235,DecodeAndCanonicalize,300,
235,ApplyInputs,3400,
235,ProcessorPlan,1128600,
235,CrossWorldPrepare,2700,
235,NativeJobBarrier,500,
235,CommitDecision,500,
235,VoxelCommit,1300,
235,EcsCommandBufferCommit,52300,
235,GasAndEventFinalize,12300,
235,ReplicationProjection,131500,
235,SnapshotHashMetrics,400,
235,EgressPublish,34423600,
236,IngressCapture,1900,
236,DecodeAndCanonicalize,300,
236,ApplyInputs,2800,
236,ProcessorPlan,101700,
236,CrossWorldPrepare,600,
236,NativeJobBarrier,300,
236,CommitDecision,200,
236,VoxelCommit,600,
236,EcsCommandBufferCommit,26800,
236,GasAndEventFinalize,26000,
236,ReplicationProjection,172300,
236,SnapshotHashMetrics,400,
236,EgressPublish,18924400,
237,IngressCapture,3600,
237,DecodeAndCanonicalize,300,
237,ApplyInputs,2400,
237,ProcessorPlan,81500,
237,CrossWorldPrepare,800,
237,NativeJobBarrier,200,
237,CommitDecision,200,
237,VoxelCommit,500,
237,EcsCommandBufferCommit,25800,
237,GasAndEventFinalize,9900,
237,ReplicationProjection,144100,
237,SnapshotHashMetrics,400,
237,EgressPublish,17468100,
238,IngressCapture,3400,
238,DecodeAndCanonicalize,300,
238,ApplyInputs,3300,
238,ProcessorPlan,85900,
238,CrossWorldPrepare,1000,
238,NativeJobBarrier,200,
238,CommitDecision,300,
238,VoxelCommit,900,
238,EcsCommandBufferCommit,30500,
238,GasAndEventFinalize,10100,
238,ReplicationProjection,140100,
238,SnapshotHashMetrics,200,
238,EgressPublish,21934600,
239,IngressCapture,4200,
239,DecodeAndCanonicalize,300,
239,ApplyInputs,2600,
239,ProcessorPlan,72200,
239,CrossWorldPrepare,1800,
239,NativeJobBarrier,300,
239,CommitDecision,200,
239,VoxelCommit,600,
239,EcsCommandBufferCommit,28100,
239,GasAndEventFinalize,11000,
239,ReplicationProjection,143500,
239,SnapshotHashMetrics,200,
239,EgressPublish,23330300,
240,IngressCapture,3800,
240,DecodeAndCanonicalize,600,
240,ApplyInputs,2800,
240,ProcessorPlan,87800,
240,CrossWorldPrepare,900,
240,NativeJobBarrier,400,
240,CommitDecision,300,
240,VoxelCommit,1000,
240,EcsCommandBufferCommit,30800,
240,GasAndEventFinalize,11100,
240,ReplicationProjection,138100,
240,SnapshotHashMetrics,400,
240,EgressPublish,33040400,
241,IngressCapture,5100,
241,DecodeAndCanonicalize,200,
241,ApplyInputs,2800,
241,ProcessorPlan,98900,
241,CrossWorldPrepare,900,
241,NativeJobBarrier,400,
241,CommitDecision,400,
241,VoxelCommit,800,
241,EcsCommandBufferCommit,28400,
241,GasAndEventFinalize,12900,
241,ReplicationProjection,171600,
241,SnapshotHashMetrics,1100,
241,EgressPublish,43341500,
242,IngressCapture,3900,
242,DecodeAndCanonicalize,200,
242,ApplyInputs,3000,
242,ProcessorPlan,88400,
242,CrossWorldPrepare,800,
242,NativeJobBarrier,200,
242,CommitDecision,200,
242,VoxelCommit,500,
242,EcsCommandBufferCommit,29600,
242,GasAndEventFinalize,9200,
242,ReplicationProjection,128800,
242,SnapshotHashMetrics,300,
242,EgressPublish,26037200,
243,IngressCapture,4400,
243,DecodeAndCanonicalize,300,
243,ApplyInputs,3300,
243,ProcessorPlan,90700,
243,CrossWorldPrepare,800,
243,NativeJobBarrier,300,
243,CommitDecision,200,
243,VoxelCommit,500,
243,EcsCommandBufferCommit,29400,
243,GasAndEventFinalize,10700,
243,ReplicationProjection,139900,
243,SnapshotHashMetrics,200,
243,EgressPublish,21401800,
244,IngressCapture,4200,
244,DecodeAndCanonicalize,200,
244,ApplyInputs,3000,
244,ProcessorPlan,84300,
244,CrossWorldPrepare,1200,
244,NativeJobBarrier,300,
244,CommitDecision,600,
244,VoxelCommit,500,
244,EcsCommandBufferCommit,31700,
244,GasAndEventFinalize,11500,
244,ReplicationProjection,134600,
244,SnapshotHashMetrics,400,
244,EgressPublish,24454200,
245,IngressCapture,3600,
245,DecodeAndCanonicalize,200,
245,ApplyInputs,4000,
245,ProcessorPlan,91700,
245,CrossWorldPrepare,1100,
245,NativeJobBarrier,500,
245,CommitDecision,300,
245,VoxelCommit,500,
245,EcsCommandBufferCommit,30800,
245,GasAndEventFinalize,9800,
245,ReplicationProjection,136700,
245,SnapshotHashMetrics,300,
245,EgressPublish,20193400,
246,IngressCapture,3200,
246,DecodeAndCanonicalize,200,
246,ApplyInputs,2400,
246,ProcessorPlan,77200,
246,CrossWorldPrepare,1300,
246,NativeJobBarrier,400,
246,CommitDecision,300,
246,VoxelCommit,700,
246,EcsCommandBufferCommit,24300,
246,GasAndEventFinalize,7300,
246,ReplicationProjection,123300,
246,SnapshotHashMetrics,400,
246,EgressPublish,19042700,
247,IngressCapture,4000,
247,DecodeAndCanonicalize,200,
247,ApplyInputs,2700,
247,ProcessorPlan,87700,
247,CrossWorldPrepare,3100,
247,NativeJobBarrier,500,
247,CommitDecision,300,
247,VoxelCommit,500,
247,EcsCommandBufferCommit,126000,
247,GasAndEventFinalize,17000,
247,ReplicationProjection,281000,
247,SnapshotHashMetrics,900,
247,EgressPublish,28528600,
248,IngressCapture,12700,
248,DecodeAndCanonicalize,200,
248,ApplyInputs,266000,
248,ProcessorPlan,110200,
248,CrossWorldPrepare,1600,
248,NativeJobBarrier,400,
248,CommitDecision,300,
248,VoxelCommit,1100,
248,EcsCommandBufferCommit,412000,
248,GasAndEventFinalize,107300,
248,ReplicationProjection,436000,
248,SnapshotHashMetrics,900,
248,EgressPublish,23300900,
249,IngressCapture,6000,
249,DecodeAndCanonicalize,700,
249,ApplyInputs,24200,
249,ProcessorPlan,115800,
249,CrossWorldPrepare,1200,
249,NativeJobBarrier,500,
249,CommitDecision,600,
249,VoxelCommit,1600,
249,EcsCommandBufferCommit,44700,
249,GasAndEventFinalize,12800,
249,ReplicationProjection,166200,
249,SnapshotHashMetrics,300,
249,EgressPublish,25980500,
250,IngressCapture,4700,
250,DecodeAndCanonicalize,200,
250,ApplyInputs,3000,
250,ProcessorPlan,99100,
250,CrossWorldPrepare,1400,
250,NativeJobBarrier,600,
250,CommitDecision,400,
250,VoxelCommit,2200,
250,EcsCommandBufferCommit,36400,
250,GasAndEventFinalize,10600,
250,ReplicationProjection,193500,
250,SnapshotHashMetrics,300,
250,EgressPublish,28876100,
251,IngressCapture,6700,
251,DecodeAndCanonicalize,500,
251,ApplyInputs,3900,
251,ProcessorPlan,110500,
251,CrossWorldPrepare,1000,
251,NativeJobBarrier,300,
251,CommitDecision,700,
251,VoxelCommit,1400,
251,EcsCommandBufferCommit,42200,
251,GasAndEventFinalize,16400,
251,ReplicationProjection,166400,
251,SnapshotHashMetrics,400,
251,EgressPublish,30619100,
252,IngressCapture,3300,
252,DecodeAndCanonicalize,300,
252,ApplyInputs,3800,
252,ProcessorPlan,78700,
252,CrossWorldPrepare,800,
252,NativeJobBarrier,200,
252,CommitDecision,400,
252,VoxelCommit,600,
252,EcsCommandBufferCommit,30200,
252,GasAndEventFinalize,12400,
252,ReplicationProjection,162700,
252,SnapshotHashMetrics,300,
252,EgressPublish,25271400,
253,IngressCapture,4100,
253,DecodeAndCanonicalize,400,
253,ApplyInputs,2800,
253,ProcessorPlan,83900,
253,CrossWorldPrepare,700,
253,NativeJobBarrier,300,
253,CommitDecision,200,
253,VoxelCommit,1100,
253,EcsCommandBufferCommit,31200,
253,GasAndEventFinalize,8700,
253,ReplicationProjection,140800,
253,SnapshotHashMetrics,200,
253,EgressPublish,26337600,
254,IngressCapture,4500,
254,DecodeAndCanonicalize,200,
254,ApplyInputs,2600,
254,ProcessorPlan,97500,
254,CrossWorldPrepare,1200,
254,NativeJobBarrier,200,
254,CommitDecision,800,
254,VoxelCommit,700,
254,EcsCommandBufferCommit,37000,
254,GasAndEventFinalize,9500,
254,ReplicationProjection,193400,
254,SnapshotHashMetrics,700,
254,EgressPublish,20463800,
255,IngressCapture,5200,
255,DecodeAndCanonicalize,200,
255,ApplyInputs,3600,
255,ProcessorPlan,90200,
255,CrossWorldPrepare,600,
255,NativeJobBarrier,200,
255,CommitDecision,600,
255,VoxelCommit,600,
255,EcsCommandBufferCommit,32700,
255,GasAndEventFinalize,8800,
255,ReplicationProjection,180600,
255,SnapshotHashMetrics,800,
255,EgressPublish,26425700,
256,IngressCapture,5200,
256,DecodeAndCanonicalize,300,
256,ApplyInputs,4400,
256,ProcessorPlan,101600,
256,CrossWorldPrepare,700,
256,NativeJobBarrier,200,
256,CommitDecision,500,
256,VoxelCommit,700,
256,EcsCommandBufferCommit,49000,
256,GasAndEventFinalize,11300,
256,ReplicationProjection,180700,
256,SnapshotHashMetrics,300,
256,EgressPublish,24732000,
257,IngressCapture,3400,
257,DecodeAndCanonicalize,300,
257,ApplyInputs,3500,
257,ProcessorPlan,98300,
257,CrossWorldPrepare,15500,
257,NativeJobBarrier,600,
257,CommitDecision,1000,
257,VoxelCommit,700,
257,EcsCommandBufferCommit,32700,
257,GasAndEventFinalize,18100,
257,ReplicationProjection,1998200,
257,SnapshotHashMetrics,2100,
257,EgressPublish,19591700,
258,IngressCapture,4500,
258,DecodeAndCanonicalize,300,
258,ApplyInputs,3100,
258,ProcessorPlan,90500,
258,CrossWorldPrepare,600,
258,NativeJobBarrier,200,
258,CommitDecision,200,
258,VoxelCommit,400,
258,EcsCommandBufferCommit,33100,
258,GasAndEventFinalize,9300,
258,ReplicationProjection,145500,
258,SnapshotHashMetrics,200,
258,EgressPublish,19757200,
259,IngressCapture,3900,
259,DecodeAndCanonicalize,200,
259,ApplyInputs,4300,
259,ProcessorPlan,96000,
259,CrossWorldPrepare,1000,
259,NativeJobBarrier,300,
259,CommitDecision,200,
259,VoxelCommit,1100,
259,EcsCommandBufferCommit,35400,
259,GasAndEventFinalize,11200,
259,ReplicationProjection,153400,
259,SnapshotHashMetrics,200,
259,EgressPublish,26292300,
260,IngressCapture,4300,
260,DecodeAndCanonicalize,200,
260,ApplyInputs,3300,
260,ProcessorPlan,91600,
260,CrossWorldPrepare,900,
260,NativeJobBarrier,600,
260,CommitDecision,500,
260,VoxelCommit,800,
260,EcsCommandBufferCommit,33200,
260,GasAndEventFinalize,8700,
260,ReplicationProjection,140000,
260,SnapshotHashMetrics,300,
260,EgressPublish,16447100,
261,IngressCapture,4500,
261,DecodeAndCanonicalize,200,
261,ApplyInputs,2400,
261,ProcessorPlan,94000,
261,CrossWorldPrepare,1300,
261,NativeJobBarrier,200,
261,CommitDecision,500,
261,VoxelCommit,800,
261,EcsCommandBufferCommit,39800,
261,GasAndEventFinalize,12500,
261,ReplicationProjection,156000,
261,SnapshotHashMetrics,400,
261,EgressPublish,25211900,
262,IngressCapture,4100,
262,DecodeAndCanonicalize,200,
262,ApplyInputs,3500,
262,ProcessorPlan,90200,
262,CrossWorldPrepare,900,
262,NativeJobBarrier,500,
262,CommitDecision,200,
262,VoxelCommit,500,
262,EcsCommandBufferCommit,36500,
262,GasAndEventFinalize,10400,
262,ReplicationProjection,150500,
262,SnapshotHashMetrics,300,
262,EgressPublish,28926700,
263,IngressCapture,4700,
263,DecodeAndCanonicalize,300,
263,ApplyInputs,2500,
263,ProcessorPlan,90100,
263,CrossWorldPrepare,700,
263,NativeJobBarrier,300,
263,CommitDecision,200,
263,VoxelCommit,2400,
263,EcsCommandBufferCommit,37600,
263,GasAndEventFinalize,12300,
263,ReplicationProjection,144000,
263,SnapshotHashMetrics,800,
263,EgressPublish,16527300,
264,IngressCapture,4700,
264,DecodeAndCanonicalize,300,
264,ApplyInputs,2400,
264,ProcessorPlan,81900,
264,CrossWorldPrepare,900,
264,NativeJobBarrier,200,
264,CommitDecision,200,
264,VoxelCommit,2900,
264,EcsCommandBufferCommit,24900,
264,GasAndEventFinalize,9300,
264,ReplicationProjection,142600,
264,SnapshotHashMetrics,400,
264,EgressPublish,23061900,
265,IngressCapture,4200,
265,DecodeAndCanonicalize,300,
265,ApplyInputs,3000,
265,ProcessorPlan,102900,
265,CrossWorldPrepare,1300,
265,NativeJobBarrier,200,
265,CommitDecision,400,
265,VoxelCommit,900,
265,EcsCommandBufferCommit,33800,
265,GasAndEventFinalize,14600,
265,ReplicationProjection,148900,
265,SnapshotHashMetrics,300,
265,EgressPublish,16801700,
266,IngressCapture,3300,
266,DecodeAndCanonicalize,300,
266,ApplyInputs,3700,
266,ProcessorPlan,109800,
266,CrossWorldPrepare,1200,
266,NativeJobBarrier,400,
266,CommitDecision,600,
266,VoxelCommit,1100,
266,EcsCommandBufferCommit,40600,
266,GasAndEventFinalize,12000,
266,ReplicationProjection,167600,
266,SnapshotHashMetrics,400,
266,EgressPublish,22198200,
267,IngressCapture,4600,
267,DecodeAndCanonicalize,500,
267,ApplyInputs,4000,
267,ProcessorPlan,97200,
267,CrossWorldPrepare,3100,
267,NativeJobBarrier,200,
267,CommitDecision,500,
267,VoxelCommit,1000,
267,EcsCommandBufferCommit,35800,
267,GasAndEventFinalize,14200,
267,ReplicationProjection,153600,
267,SnapshotHashMetrics,300,
267,EgressPublish,19946700,
268,IngressCapture,4000,
268,DecodeAndCanonicalize,300,
268,ApplyInputs,3500,
268,ProcessorPlan,92400,
268,CrossWorldPrepare,500,
268,NativeJobBarrier,200,
268,CommitDecision,400,
268,VoxelCommit,900,
268,EcsCommandBufferCommit,32500,
268,GasAndEventFinalize,10800,
268,ReplicationProjection,149000,
268,SnapshotHashMetrics,500,
268,EgressPublish,29435700,
269,IngressCapture,7600,
269,DecodeAndCanonicalize,400,
269,ApplyInputs,197900,
269,ProcessorPlan,103800,
269,CrossWorldPrepare,1000,
269,NativeJobBarrier,400,
269,CommitDecision,200,
269,VoxelCommit,600,
269,EcsCommandBufferCommit,314900,
269,GasAndEventFinalize,57100,
269,ReplicationProjection,394300,
269,SnapshotHashMetrics,600,
269,EgressPublish,21051300,
270,IngressCapture,4300,
270,DecodeAndCanonicalize,200,
270,ApplyInputs,18700,
270,ProcessorPlan,125800,
270,CrossWorldPrepare,1500,
270,NativeJobBarrier,200,
270,CommitDecision,600,
270,VoxelCommit,500,
270,EcsCommandBufferCommit,47200,
270,GasAndEventFinalize,14000,
270,ReplicationProjection,166900,
270,SnapshotHashMetrics,400,
270,EgressPublish,23393100,
271,IngressCapture,5500,
271,DecodeAndCanonicalize,300,
271,ApplyInputs,5100,
271,ProcessorPlan,103500,
271,CrossWorldPrepare,600,
271,NativeJobBarrier,400,
271,CommitDecision,500,
271,VoxelCommit,1400,
271,EcsCommandBufferCommit,36600,
271,GasAndEventFinalize,10800,
271,ReplicationProjection,158900,
271,SnapshotHashMetrics,500,
271,EgressPublish,24264900,
272,IngressCapture,4300,
272,DecodeAndCanonicalize,300,
272,ApplyInputs,4100,
272,ProcessorPlan,90200,
272,CrossWorldPrepare,800,
272,NativeJobBarrier,300,
272,CommitDecision,200,
272,VoxelCommit,700,
272,EcsCommandBufferCommit,33300,
272,GasAndEventFinalize,11300,
272,ReplicationProjection,151300,
272,SnapshotHashMetrics,200,
272,EgressPublish,25442100,
273,IngressCapture,5100,
273,DecodeAndCanonicalize,200,
273,ApplyInputs,3400,
273,ProcessorPlan,116200,
273,CrossWorldPrepare,1200,
273,NativeJobBarrier,200,
273,CommitDecision,200,
273,VoxelCommit,600,
273,EcsCommandBufferCommit,39300,
273,GasAndEventFinalize,13000,
273,ReplicationProjection,160700,
273,SnapshotHashMetrics,500,
273,EgressPublish,22442500,
274,IngressCapture,5200,
274,DecodeAndCanonicalize,400,
274,ApplyInputs,3700,
274,ProcessorPlan,113000,
274,CrossWorldPrepare,1300,
274,NativeJobBarrier,400,
274,CommitDecision,100,
274,VoxelCommit,1100,
274,EcsCommandBufferCommit,41500,
274,GasAndEventFinalize,15700,
274,ReplicationProjection,290000,
274,SnapshotHashMetrics,500,
274,EgressPublish,22407900,
275,IngressCapture,4800,
275,DecodeAndCanonicalize,200,
275,ApplyInputs,4900,
275,ProcessorPlan,95000,
275,CrossWorldPrepare,800,
275,NativeJobBarrier,600,
275,CommitDecision,200,
275,VoxelCommit,800,
275,EcsCommandBufferCommit,37500,
275,GasAndEventFinalize,12600,
275,ReplicationProjection,158100,
275,SnapshotHashMetrics,400,
275,EgressPublish,23563000,
276,IngressCapture,4500,
276,DecodeAndCanonicalize,500,
276,ApplyInputs,4600,
276,ProcessorPlan,109100,
276,CrossWorldPrepare,600,
276,NativeJobBarrier,300,
276,CommitDecision,200,
276,VoxelCommit,900,
276,EcsCommandBufferCommit,44100,
276,GasAndEventFinalize,14400,
276,ReplicationProjection,161900,
276,SnapshotHashMetrics,400,
276,EgressPublish,25777800,
277,IngressCapture,5800,
277,DecodeAndCanonicalize,200,
277,ApplyInputs,3500,
277,ProcessorPlan,226500,
277,CrossWorldPrepare,1600,
277,NativeJobBarrier,400,
277,CommitDecision,600,
277,VoxelCommit,1000,
277,EcsCommandBufferCommit,39800,
277,GasAndEventFinalize,11800,
277,ReplicationProjection,158700,
277,SnapshotHashMetrics,400,
277,EgressPublish,25400300,
278,IngressCapture,4000,
278,DecodeAndCanonicalize,200,
278,ApplyInputs,3000,
278,ProcessorPlan,92100,
278,CrossWorldPrepare,800,
278,NativeJobBarrier,200,
278,CommitDecision,400,
278,VoxelCommit,900,
278,EcsCommandBufferCommit,38200,
278,GasAndEventFinalize,12100,
278,ReplicationProjection,149300,
278,SnapshotHashMetrics,300,
278,EgressPublish,20762900,
279,IngressCapture,5600,
279,DecodeAndCanonicalize,200,
279,ApplyInputs,3100,
279,ProcessorPlan,107000,
279,CrossWorldPrepare,800,
279,NativeJobBarrier,200,
279,CommitDecision,500,
279,VoxelCommit,1200,
279,EcsCommandBufferCommit,41600,
279,GasAndEventFinalize,13600,
279,ReplicationProjection,166900,
279,SnapshotHashMetrics,400,
279,EgressPublish,30777200,
280,IngressCapture,4800,
280,DecodeAndCanonicalize,300,
280,ApplyInputs,3300,
280,ProcessorPlan,113300,
280,CrossWorldPrepare,1100,
280,NativeJobBarrier,200,
280,CommitDecision,900,
280,VoxelCommit,1400,
280,EcsCommandBufferCommit,43600,
280,GasAndEventFinalize,12600,
280,ReplicationProjection,161500,
280,SnapshotHashMetrics,400,
280,EgressPublish,24972800,
281,IngressCapture,19100,
281,DecodeAndCanonicalize,300,
281,ApplyInputs,755900,
281,ProcessorPlan,97600,
281,CrossWorldPrepare,900,
281,NativeJobBarrier,400,
281,CommitDecision,300,
281,VoxelCommit,1000,
281,EcsCommandBufferCommit,37800,
281,GasAndEventFinalize,12500,
281,ReplicationProjection,181600,
281,SnapshotHashMetrics,500,
281,EgressPublish,19504300,
282,IngressCapture,4500,
282,DecodeAndCanonicalize,200,
282,ApplyInputs,1555200,
282,ProcessorPlan,53400,
282,CrossWorldPrepare,1100,
282,NativeJobBarrier,200,
282,CommitDecision,600,
282,VoxelCommit,400,
282,EcsCommandBufferCommit,44800,
282,GasAndEventFinalize,15400,
282,ReplicationProjection,159200,
282,SnapshotHashMetrics,400,
282,EgressPublish,20597500,
283,IngressCapture,3400,
283,DecodeAndCanonicalize,300,
283,ApplyInputs,23300,
283,ProcessorPlan,89000,
283,CrossWorldPrepare,1200,
283,NativeJobBarrier,400,
283,CommitDecision,500,
283,VoxelCommit,800,
283,EcsCommandBufferCommit,62000,
283,GasAndEventFinalize,14000,
283,ReplicationProjection,157200,
283,SnapshotHashMetrics,200,
283,EgressPublish,40791700,
284,IngressCapture,4200,
284,DecodeAndCanonicalize,200,
284,ApplyInputs,23100,
284,ProcessorPlan,94500,
284,CrossWorldPrepare,700,
284,NativeJobBarrier,400,
284,CommitDecision,400,
284,VoxelCommit,1400,
284,EcsCommandBufferCommit,45900,
284,GasAndEventFinalize,12900,
284,ReplicationProjection,152800,
284,SnapshotHashMetrics,400,
284,EgressPublish,26917700,
285,IngressCapture,6400,
285,DecodeAndCanonicalize,300,
285,ApplyInputs,389600,
285,ProcessorPlan,54900,
285,CrossWorldPrepare,900,
285,NativeJobBarrier,200,
285,CommitDecision,300,
285,VoxelCommit,1700,
285,EcsCommandBufferCommit,46200,
285,GasAndEventFinalize,14500,
285,ReplicationProjection,190300,
285,SnapshotHashMetrics,400,
285,EgressPublish,26607100,
286,IngressCapture,5300,
286,DecodeAndCanonicalize,200,
286,ApplyInputs,370100,
286,ProcessorPlan,41900,
286,CrossWorldPrepare,900,
286,NativeJobBarrier,1100,
286,CommitDecision,200,
286,VoxelCommit,800,
286,EcsCommandBufferCommit,37200,
286,GasAndEventFinalize,12500,
286,ReplicationProjection,147800,
286,SnapshotHashMetrics,300,
286,EgressPublish,38109300,
287,IngressCapture,5200,
287,DecodeAndCanonicalize,300,
287,ApplyInputs,25600,
287,ProcessorPlan,107700,
287,CrossWorldPrepare,1400,
287,NativeJobBarrier,200,
287,CommitDecision,300,
287,VoxelCommit,700,
287,EcsCommandBufferCommit,36900,
287,GasAndEventFinalize,10600,
287,ReplicationProjection,150000,
287,SnapshotHashMetrics,300,
287,EgressPublish,24213900,
288,IngressCapture,5600,
288,DecodeAndCanonicalize,200,
288,ApplyInputs,25800,
288,ProcessorPlan,86800,
288,CrossWorldPrepare,1400,
288,NativeJobBarrier,200,
288,CommitDecision,400,
288,VoxelCommit,500,
288,EcsCommandBufferCommit,32500,
288,GasAndEventFinalize,12800,
288,ReplicationProjection,160400,
288,SnapshotHashMetrics,300,
288,EgressPublish,31331800,
289,IngressCapture,5600,
289,DecodeAndCanonicalize,200,
289,ApplyInputs,356500,
289,ProcessorPlan,47400,
289,CrossWorldPrepare,900,
289,NativeJobBarrier,200,
289,CommitDecision,500,
289,VoxelCommit,800,
289,EcsCommandBufferCommit,47500,
289,GasAndEventFinalize,14600,
289,ReplicationProjection,163100,
289,SnapshotHashMetrics,200,
289,EgressPublish,27706500,
290,IngressCapture,4700,
290,DecodeAndCanonicalize,200,
290,ApplyInputs,15624300,
290,ProcessorPlan,120200,
290,CrossWorldPrepare,1500,
290,NativeJobBarrier,300,
290,CommitDecision,300,
290,VoxelCommit,900,
290,EcsCommandBufferCommit,47000,
290,GasAndEventFinalize,13600,
290,ReplicationProjection,204100,
290,SnapshotHashMetrics,300,
290,EgressPublish,41900500,
291,IngressCapture,6600,
291,DecodeAndCanonicalize,400,
291,ApplyInputs,327200,
291,ProcessorPlan,45000,
291,CrossWorldPrepare,1000,
291,NativeJobBarrier,300,
291,CommitDecision,300,
291,VoxelCommit,700,
291,EcsCommandBufferCommit,36000,
291,GasAndEventFinalize,11800,
291,ReplicationProjection,177400,
291,SnapshotHashMetrics,400,
291,EgressPublish,39993300,
292,IngressCapture,3300,
292,DecodeAndCanonicalize,600,
292,ApplyInputs,24800,
292,ProcessorPlan,88500,
292,CrossWorldPrepare,900,
292,NativeJobBarrier,400,
292,CommitDecision,600,
292,VoxelCommit,600,
292,EcsCommandBufferCommit,38100,
292,GasAndEventFinalize,11600,
292,ReplicationProjection,157300,
292,SnapshotHashMetrics,200,
292,EgressPublish,29276800,
293,IngressCapture,4400,
293,DecodeAndCanonicalize,200,
293,ApplyInputs,296600,
293,ProcessorPlan,40200,
293,CrossWorldPrepare,800,
293,NativeJobBarrier,300,
293,CommitDecision,300,
293,VoxelCommit,400,
293,EcsCommandBufferCommit,31700,
293,GasAndEventFinalize,10800,
293,ReplicationProjection,149100,
293,SnapshotHashMetrics,500,
293,EgressPublish,21196900,
294,IngressCapture,5800,
294,DecodeAndCanonicalize,600,
294,ApplyInputs,378900,
294,ProcessorPlan,46900,
294,CrossWorldPrepare,1300,
294,NativeJobBarrier,400,
294,CommitDecision,200,
294,VoxelCommit,900,
294,EcsCommandBufferCommit,41200,
294,GasAndEventFinalize,13100,
294,ReplicationProjection,158600,
294,SnapshotHashMetrics,200,
294,EgressPublish,21113100,
295,IngressCapture,5300,
295,DecodeAndCanonicalize,300,
295,ApplyInputs,23900,
295,ProcessorPlan,111800,
295,CrossWorldPrepare,1300,
295,NativeJobBarrier,300,
295,CommitDecision,400,
295,VoxelCommit,1000,
295,EcsCommandBufferCommit,52700,
295,GasAndEventFinalize,21500,
295,ReplicationProjection,156800,
295,SnapshotHashMetrics,500,
295,EgressPublish,22850200,
296,IngressCapture,5100,
296,DecodeAndCanonicalize,500,
296,ApplyInputs,449000,
296,ProcessorPlan,38500,
296,CrossWorldPrepare,1200,
296,NativeJobBarrier,200,
296,CommitDecision,700,
296,VoxelCommit,700,
296,EcsCommandBufferCommit,34700,
296,GasAndEventFinalize,11100,
296,ReplicationProjection,148000,
296,SnapshotHashMetrics,200,
296,EgressPublish,23269800,
297,IngressCapture,6800,
297,DecodeAndCanonicalize,400,
297,ApplyInputs,415000,
297,ProcessorPlan,50100,
297,CrossWorldPrepare,1200,
297,NativeJobBarrier,300,
297,CommitDecision,600,
297,VoxelCommit,2100,
297,EcsCommandBufferCommit,47300,
297,GasAndEventFinalize,16200,
297,ReplicationProjection,181600,
297,SnapshotHashMetrics,400,
297,EgressPublish,23253700,
298,IngressCapture,6400,
298,DecodeAndCanonicalize,100,
298,ApplyInputs,2711500,
298,ProcessorPlan,111900,
298,CrossWorldPrepare,1400,
298,NativeJobBarrier,200,
298,CommitDecision,400,
298,VoxelCommit,1200,
298,EcsCommandBufferCommit,54500,
298,GasAndEventFinalize,61300,
298,ReplicationProjection,185800,
298,SnapshotHashMetrics,800,
298,EgressPublish,24839000,
299,IngressCapture,4600,
299,DecodeAndCanonicalize,200,
299,ApplyInputs,332100,
299,ProcessorPlan,44700,
299,CrossWorldPrepare,700,
299,NativeJobBarrier,600,
299,CommitDecision,200,
299,VoxelCommit,1500,
299,EcsCommandBufferCommit,37100,
299,GasAndEventFinalize,11100,
299,ReplicationProjection,145600,
299,SnapshotHashMetrics,300,
299,EgressPublish,24293800,
300,IngressCapture,5900,
300,DecodeAndCanonicalize,200,
300,ApplyInputs,516100,
300,ProcessorPlan,47000,
300,CrossWorldPrepare,1200,
300,NativeJobBarrier,400,
300,CommitDecision,200,
300,VoxelCommit,800,
300,EcsCommandBufferCommit,45300,
300,GasAndEventFinalize,14600,
300,ReplicationProjection,171500,
300,SnapshotHashMetrics,1200,
300,EgressPublish,22250000,
301,IngressCapture,7100,
301,DecodeAndCanonicalize,300,
301,ApplyInputs,542200,
301,ProcessorPlan,47100,
301,CrossWorldPrepare,900,
301,NativeJobBarrier,600,
301,CommitDecision,400,
301,VoxelCommit,1100,
301,EcsCommandBufferCommit,57200,
301,GasAndEventFinalize,12500,
301,ReplicationProjection,155000,
301,SnapshotHashMetrics,300,
301,EgressPublish,26123900,
302,IngressCapture,5200,
302,DecodeAndCanonicalize,300,
302,ApplyInputs,616600,
302,ProcessorPlan,55700,
302,CrossWorldPrepare,1100,
302,NativeJobBarrier,800,
302,CommitDecision,300,
302,VoxelCommit,1800,
302,EcsCommandBufferCommit,48800,
302,GasAndEventFinalize,17300,
302,ReplicationProjection,174100,
302,SnapshotHashMetrics,500,
302,EgressPublish,24902900,
303,IngressCapture,8600,
303,DecodeAndCanonicalize,600,
303,ApplyInputs,364800,
303,ProcessorPlan,46900,
303,CrossWorldPrepare,1400,
303,NativeJobBarrier,500,
303,CommitDecision,600,
303,VoxelCommit,1300,
303,EcsCommandBufferCommit,60000,
303,GasAndEventFinalize,14300,
303,ReplicationProjection,152400,
303,SnapshotHashMetrics,800,
303,EgressPublish,26831600,
304,IngressCapture,5200,
304,DecodeAndCanonicalize,1900,
304,ApplyInputs,470700,
304,ProcessorPlan,104300,
304,CrossWorldPrepare,1700,
304,NativeJobBarrier,500,
304,CommitDecision,500,
304,VoxelCommit,500,
304,EcsCommandBufferCommit,100400,
304,GasAndEventFinalize,108900,
304,ReplicationProjection,151600,
304,SnapshotHashMetrics,200,
304,EgressPublish,22976100,
305,IngressCapture,8200,
305,DecodeAndCanonicalize,200,
305,ApplyInputs,565400,
305,ProcessorPlan,41300,
305,CrossWorldPrepare,800,
305,NativeJobBarrier,300,
305,CommitDecision,300,
305,VoxelCommit,900,
305,EcsCommandBufferCommit,38000,
305,GasAndEventFinalize,12800,
305,ReplicationProjection,207500,
305,SnapshotHashMetrics,700,
305,EgressPublish,24143500,
306,IngressCapture,6500,
306,DecodeAndCanonicalize,200,
306,ApplyInputs,474000,
306,ProcessorPlan,40800,
306,CrossWorldPrepare,1000,
306,NativeJobBarrier,200,
306,CommitDecision,300,
306,VoxelCommit,600,
306,EcsCommandBufferCommit,34700,
306,GasAndEventFinalize,11900,
306,ReplicationProjection,147700,
306,SnapshotHashMetrics,800,
306,EgressPublish,23562400,
307,IngressCapture,5300,
307,DecodeAndCanonicalize,1000,
307,ApplyInputs,766400,
307,ProcessorPlan,71000,
307,CrossWorldPrepare,1200,
307,NativeJobBarrier,300,
307,CommitDecision,300,
307,VoxelCommit,800,
307,EcsCommandBufferCommit,28500,
307,GasAndEventFinalize,131100,
307,ReplicationProjection,167000,
307,SnapshotHashMetrics,400,
307,EgressPublish,32636800,
308,IngressCapture,6400,
308,DecodeAndCanonicalize,200,
308,ApplyInputs,453400,
308,ProcessorPlan,65400,
308,CrossWorldPrepare,1100,
308,NativeJobBarrier,200,
308,CommitDecision,300,
308,VoxelCommit,1100,
308,EcsCommandBufferCommit,40300,
308,GasAndEventFinalize,15400,
308,ReplicationProjection,151000,
308,SnapshotHashMetrics,200,
308,EgressPublish,24571700,
309,IngressCapture,4700,
309,DecodeAndCanonicalize,200,
309,ApplyInputs,300600,
309,ProcessorPlan,40500,
309,CrossWorldPrepare,500,
309,NativeJobBarrier,200,
309,CommitDecision,200,
309,VoxelCommit,700,
309,EcsCommandBufferCommit,27000,
309,GasAndEventFinalize,10300,
309,ReplicationProjection,154300,
309,SnapshotHashMetrics,200,
309,EgressPublish,25341300,
310,IngressCapture,5500,
310,DecodeAndCanonicalize,200,
310,ApplyInputs,503200,
310,ProcessorPlan,38400,
310,CrossWorldPrepare,900,
310,NativeJobBarrier,300,
310,CommitDecision,300,
310,VoxelCommit,400,
310,EcsCommandBufferCommit,34800,
310,GasAndEventFinalize,13000,
310,ReplicationProjection,156000,
310,SnapshotHashMetrics,800,
310,EgressPublish,21394000,
311,IngressCapture,3700,
311,DecodeAndCanonicalize,400,
311,ApplyInputs,408500,
311,ProcessorPlan,37900,
311,CrossWorldPrepare,900,
311,NativeJobBarrier,200,
311,CommitDecision,100,
311,VoxelCommit,500,
311,EcsCommandBufferCommit,35300,
311,GasAndEventFinalize,14400,
311,ReplicationProjection,152200,
311,SnapshotHashMetrics,400,
311,EgressPublish,22663500,
312,IngressCapture,4800,
312,DecodeAndCanonicalize,300,
312,ApplyInputs,464100,
312,ProcessorPlan,47300,
312,CrossWorldPrepare,800,
312,NativeJobBarrier,300,
312,CommitDecision,400,
312,VoxelCommit,600,
312,EcsCommandBufferCommit,257600,
312,GasAndEventFinalize,45000,
312,ReplicationProjection,404800,
312,SnapshotHashMetrics,800,
312,EgressPublish,22263300,
313,IngressCapture,17600,
313,DecodeAndCanonicalize,200,
313,ApplyInputs,354100,
313,ProcessorPlan,36800,
313,CrossWorldPrepare,900,
313,NativeJobBarrier,200,
313,CommitDecision,700,
313,VoxelCommit,1000,
313,EcsCommandBufferCommit,31700,
313,GasAndEventFinalize,12500,
313,ReplicationProjection,148100,
313,SnapshotHashMetrics,300,
313,EgressPublish,21870500,
314,IngressCapture,5800,
314,DecodeAndCanonicalize,300,
314,ApplyInputs,441000,
314,ProcessorPlan,43500,
314,CrossWorldPrepare,700,
314,NativeJobBarrier,400,
314,CommitDecision,700,
314,VoxelCommit,1500,
314,EcsCommandBufferCommit,46100,
314,GasAndEventFinalize,12500,
314,ReplicationProjection,162600,
314,SnapshotHashMetrics,400,
314,EgressPublish,21534100,
315,IngressCapture,3500,
315,DecodeAndCanonicalize,200,
315,ApplyInputs,561300,
315,ProcessorPlan,85700,
315,CrossWorldPrepare,1900,
315,NativeJobBarrier,500,
315,CommitDecision,200,
315,VoxelCommit,1100,
315,EcsCommandBufferCommit,36500,
315,GasAndEventFinalize,46100,
315,ReplicationProjection,168200,
315,SnapshotHashMetrics,400,
315,EgressPublish,23877200,
316,IngressCapture,4200,
316,DecodeAndCanonicalize,200,
316,ApplyInputs,295800,
316,ProcessorPlan,33300,
316,CrossWorldPrepare,900,
316,NativeJobBarrier,200,
316,CommitDecision,200,
316,VoxelCommit,800,
316,EcsCommandBufferCommit,27400,
316,GasAndEventFinalize,9200,
316,ReplicationProjection,142600,
316,SnapshotHashMetrics,200,
316,EgressPublish,21592300,
317,IngressCapture,5100,
317,DecodeAndCanonicalize,400,
317,ApplyInputs,272100,
317,ProcessorPlan,40600,
317,CrossWorldPrepare,1200,
317,NativeJobBarrier,600,
317,CommitDecision,500,
317,VoxelCommit,900,
317,EcsCommandBufferCommit,81200,
317,GasAndEventFinalize,14500,
317,ReplicationProjection,295100,
317,SnapshotHashMetrics,600,
317,EgressPublish,24646900,
318,IngressCapture,5500,
318,DecodeAndCanonicalize,400,
318,ApplyInputs,324500,
318,ProcessorPlan,37500,
318,CrossWorldPrepare,700,
318,NativeJobBarrier,400,
318,CommitDecision,200,
318,VoxelCommit,500,
318,EcsCommandBufferCommit,32800,
318,GasAndEventFinalize,14300,
318,ReplicationProjection,159300,
318,SnapshotHashMetrics,300,
318,EgressPublish,20231400,
319,IngressCapture,6700,
319,DecodeAndCanonicalize,700,
319,ApplyInputs,368100,
319,ProcessorPlan,37100,
319,CrossWorldPrepare,500,
319,NativeJobBarrier,300,
319,CommitDecision,200,
319,VoxelCommit,500,
319,EcsCommandBufferCommit,36100,
319,GasAndEventFinalize,9000,
319,ReplicationProjection,107800,
319,SnapshotHashMetrics,500,
319,EgressPublish,20023600,
320,IngressCapture,4700,
320,DecodeAndCanonicalize,200,
320,ApplyInputs,269400,
320,ProcessorPlan,36000,
320,CrossWorldPrepare,1300,
320,NativeJobBarrier,200,
320,CommitDecision,200,
320,VoxelCommit,500,
320,EcsCommandBufferCommit,32100,
320,GasAndEventFinalize,10500,
320,ReplicationProjection,139400,
320,SnapshotHashMetrics,200,
320,EgressPublish,19802700,
321,IngressCapture,6400,
321,DecodeAndCanonicalize,200,
321,ApplyInputs,292500,
321,ProcessorPlan,848600,
321,CrossWorldPrepare,1600,
321,NativeJobBarrier,200,
321,CommitDecision,200,
321,VoxelCommit,600,
321,EcsCommandBufferCommit,46200,
321,GasAndEventFinalize,16600,
321,ReplicationProjection,175100,
321,SnapshotHashMetrics,500,
321,EgressPublish,21572600,
322,IngressCapture,6700,
322,DecodeAndCanonicalize,200,
322,ApplyInputs,258900,
322,ProcessorPlan,37800,
322,CrossWorldPrepare,900,
322,NativeJobBarrier,100,
322,CommitDecision,300,
322,VoxelCommit,400,
322,EcsCommandBufferCommit,32800,
322,GasAndEventFinalize,11700,
322,ReplicationProjection,118100,
322,SnapshotHashMetrics,200,
322,EgressPublish,22373700,
323,IngressCapture,4900,
323,DecodeAndCanonicalize,100,
323,ApplyInputs,852000,
323,ProcessorPlan,83700,
323,CrossWorldPrepare,1000,
323,NativeJobBarrier,200,
323,CommitDecision,300,
323,VoxelCommit,1200,
323,EcsCommandBufferCommit,34700,
323,GasAndEventFinalize,44900,
323,ReplicationProjection,159200,
323,SnapshotHashMetrics,400,
323,EgressPublish,21959700,
324,IngressCapture,3700,
324,DecodeAndCanonicalize,200,
324,ApplyInputs,318400,
324,ProcessorPlan,38300,
324,CrossWorldPrepare,700,
324,NativeJobBarrier,300,
324,CommitDecision,100,
324,VoxelCommit,600,
324,EcsCommandBufferCommit,34800,
324,GasAndEventFinalize,11700,
324,ReplicationProjection,153800,
324,SnapshotHashMetrics,300,
324,EgressPublish,18191600,
325,IngressCapture,5500,
325,DecodeAndCanonicalize,200,
325,ApplyInputs,281100,
325,ProcessorPlan,41600,
325,CrossWorldPrepare,1300,
325,NativeJobBarrier,200,
325,CommitDecision,300,
325,VoxelCommit,500,
325,EcsCommandBufferCommit,31900,
325,GasAndEventFinalize,11200,
325,ReplicationProjection,142100,
325,SnapshotHashMetrics,600,
325,EgressPublish,16774500,
326,IngressCapture,4900,
326,DecodeAndCanonicalize,400,
326,ApplyInputs,353800,
326,ProcessorPlan,37400,
326,CrossWorldPrepare,800,
326,NativeJobBarrier,300,
326,CommitDecision,400,
326,VoxelCommit,200,
326,EcsCommandBufferCommit,31500,
326,GasAndEventFinalize,11500,
326,ReplicationProjection,146500,
326,SnapshotHashMetrics,200,
326,EgressPublish,17865300,
327,IngressCapture,4800,
327,DecodeAndCanonicalize,200,
327,ApplyInputs,246400,
327,ProcessorPlan,42000,
327,CrossWorldPrepare,700,
327,NativeJobBarrier,600,
327,CommitDecision,200,
327,VoxelCommit,900,
327,EcsCommandBufferCommit,33200,
327,GasAndEventFinalize,12200,
327,ReplicationProjection,174500,
327,SnapshotHashMetrics,500,
327,EgressPublish,23958500,
328,IngressCapture,4700,
328,DecodeAndCanonicalize,300,
328,ApplyInputs,389000,
328,ProcessorPlan,35600,
328,CrossWorldPrepare,1100,
328,NativeJobBarrier,300,
328,CommitDecision,300,
328,VoxelCommit,500,
328,EcsCommandBufferCommit,26400,
328,GasAndEventFinalize,10900,
328,ReplicationProjection,146200,
328,SnapshotHashMetrics,600,
328,EgressPublish,15188100,
329,IngressCapture,2500,
329,DecodeAndCanonicalize,200,
329,ApplyInputs,177100,
329,ProcessorPlan,32000,
329,CrossWorldPrepare,900,
329,NativeJobBarrier,200,
329,CommitDecision,300,
329,VoxelCommit,1000,
329,EcsCommandBufferCommit,20600,
329,GasAndEventFinalize,7400,
329,ReplicationProjection,137100,
329,SnapshotHashMetrics,300,
329,EgressPublish,16991200,
330,IngressCapture,45900,
330,DecodeAndCanonicalize,400,
330,ApplyInputs,593500,
330,ProcessorPlan,159800,
330,CrossWorldPrepare,1200,
330,NativeJobBarrier,300,
330,CommitDecision,200,
330,VoxelCommit,400,
330,EcsCommandBufferCommit,99800,
330,GasAndEventFinalize,9400,
330,ReplicationProjection,1738100,
330,SnapshotHashMetrics,1600,
330,EgressPublish,42956600,
331,IngressCapture,4300,
331,DecodeAndCanonicalize,200,
331,ApplyInputs,241200,
331,ProcessorPlan,38400,
331,CrossWorldPrepare,1000,
331,NativeJobBarrier,300,
331,CommitDecision,200,
331,VoxelCommit,500,
331,EcsCommandBufferCommit,33600,
331,GasAndEventFinalize,11900,
331,ReplicationProjection,143600,
331,SnapshotHashMetrics,300,
331,EgressPublish,26368500,
332,IngressCapture,2400,
332,DecodeAndCanonicalize,200,
332,ApplyInputs,148100,
332,ProcessorPlan,28500,
332,CrossWorldPrepare,700,
332,NativeJobBarrier,300,
332,CommitDecision,200,
332,VoxelCommit,400,
332,EcsCommandBufferCommit,18300,
332,GasAndEventFinalize,8300,
332,ReplicationProjection,126500,
332,SnapshotHashMetrics,300,
332,EgressPublish,11700300,
333,IngressCapture,3600,
333,DecodeAndCanonicalize,38400,
333,ApplyInputs,40000,
333,ProcessorPlan,263800,
333,CrossWorldPrepare,1600,
333,NativeJobBarrier,200,
333,CommitDecision,300,
333,VoxelCommit,22700,
333,EcsCommandBufferCommit,309200,
333,GasAndEventFinalize,65200,
333,ReplicationProjection,664100,
333,SnapshotHashMetrics,700,
333,EgressPublish,46474400,
334,IngressCapture,3800,
334,DecodeAndCanonicalize,200,
334,ApplyInputs,747800,
334,ProcessorPlan,68600,
334,CrossWorldPrepare,900,
334,NativeJobBarrier,200,
334,CommitDecision,400,
334,VoxelCommit,200,
334,EcsCommandBufferCommit,27000,
334,GasAndEventFinalize,37000,
334,ReplicationProjection,160700,
334,SnapshotHashMetrics,800,
334,EgressPublish,35519300,
335,IngressCapture,4600,
335,DecodeAndCanonicalize,200,
335,ApplyInputs,241500,
335,ProcessorPlan,33500,
335,CrossWorldPrepare,800,
335,NativeJobBarrier,300,
335,CommitDecision,300,
335,VoxelCommit,400,
335,EcsCommandBufferCommit,24100,
335,GasAndEventFinalize,9500,
335,ReplicationProjection,158200,
335,SnapshotHashMetrics,400,
335,EgressPublish,12128900,
336,IngressCapture,3500,
336,DecodeAndCanonicalize,300,
336,ApplyInputs,9000,
336,ProcessorPlan,274800,
336,CrossWorldPrepare,1200,
336,NativeJobBarrier,200,
336,CommitDecision,200,
336,VoxelCommit,200,
336,EcsCommandBufferCommit,90900,
336,GasAndEventFinalize,27800,
336,ReplicationProjection,362200,
336,SnapshotHashMetrics,400,
336,EgressPublish,27730700,
337,IngressCapture,3000,
337,DecodeAndCanonicalize,200,
337,ApplyInputs,142200,
337,ProcessorPlan,33700,
337,CrossWorldPrepare,700,
337,NativeJobBarrier,200,
337,CommitDecision,500,
337,VoxelCommit,500,
337,EcsCommandBufferCommit,21100,
337,GasAndEventFinalize,7300,
337,ReplicationProjection,145000,
337,SnapshotHashMetrics,400,
337,EgressPublish,28395800,
338,IngressCapture,3500,
338,DecodeAndCanonicalize,400,
338,ApplyInputs,193300,
338,ProcessorPlan,31300,
338,CrossWorldPrepare,900,
338,NativeJobBarrier,200,
338,CommitDecision,200,
338,VoxelCommit,500,
338,EcsCommandBufferCommit,21200,
338,GasAndEventFinalize,9900,
338,ReplicationProjection,148100,
338,SnapshotHashMetrics,400,
338,EgressPublish,13616000,
339,IngressCapture,4000,
339,DecodeAndCanonicalize,200,
339,ApplyInputs,170600,
339,ProcessorPlan,35100,
339,CrossWorldPrepare,800,
339,NativeJobBarrier,200,
339,CommitDecision,300,
339,VoxelCommit,400,
339,EcsCommandBufferCommit,21300,
339,GasAndEventFinalize,7200,
339,ReplicationProjection,150800,
339,SnapshotHashMetrics,400,
339,EgressPublish,11369300,
340,IngressCapture,3800,
340,DecodeAndCanonicalize,200,
340,ApplyInputs,181200,
340,ProcessorPlan,34000,
340,CrossWorldPrepare,500,
340,NativeJobBarrier,200,
340,CommitDecision,400,
340,VoxelCommit,500,
340,EcsCommandBufferCommit,24400,
340,GasAndEventFinalize,8200,
340,ReplicationProjection,152800,
340,SnapshotHashMetrics,200,
340,EgressPublish,15706300,
341,IngressCapture,3800,
341,DecodeAndCanonicalize,300,
341,ApplyInputs,285400,
341,ProcessorPlan,35800,
341,CrossWorldPrepare,700,
341,NativeJobBarrier,200,
341,CommitDecision,300,
341,VoxelCommit,200,
341,EcsCommandBufferCommit,174900,
341,GasAndEventFinalize,31500,
341,ReplicationProjection,372900,
341,SnapshotHashMetrics,500,
341,EgressPublish,21893100,
342,IngressCapture,3100,
342,DecodeAndCanonicalize,300,
342,ApplyInputs,182100,
342,ProcessorPlan,37700,
342,CrossWorldPrepare,700,
342,NativeJobBarrier,300,
342,CommitDecision,200,
342,VoxelCommit,400,
342,EcsCommandBufferCommit,28500,
342,GasAndEventFinalize,10200,
342,ReplicationProjection,148300,
342,SnapshotHashMetrics,400,
342,EgressPublish,15197300,
343,IngressCapture,3500,
343,DecodeAndCanonicalize,200,
343,ApplyInputs,188100,
343,ProcessorPlan,35300,
343,CrossWorldPrepare,600,
343,NativeJobBarrier,200,
343,CommitDecision,200,
343,VoxelCommit,600,
343,EcsCommandBufferCommit,26400,
343,GasAndEventFinalize,9900,
343,ReplicationProjection,149300,
343,SnapshotHashMetrics,400,
343,EgressPublish,16056200,
344,IngressCapture,4600,
344,DecodeAndCanonicalize,300,
344,ApplyInputs,174800,
344,ProcessorPlan,36500,
344,CrossWorldPrepare,700,
344,NativeJobBarrier,200,
344,CommitDecision,200,
344,VoxelCommit,600,
344,EcsCommandBufferCommit,29900,
344,GasAndEventFinalize,10000,
344,ReplicationProjection,159300,
344,SnapshotHashMetrics,200,
344,EgressPublish,13460200,
345,IngressCapture,2900,
345,DecodeAndCanonicalize,200,
345,ApplyInputs,825800,
345,ProcessorPlan,60900,
345,CrossWorldPrepare,900,
345,NativeJobBarrier,200,
345,CommitDecision,400,
345,VoxelCommit,700,
345,EcsCommandBufferCommit,27300,
345,GasAndEventFinalize,33200,
345,ReplicationProjection,513000,
345,SnapshotHashMetrics,400,
345,EgressPublish,14156400,
346,IngressCapture,3400,
346,DecodeAndCanonicalize,200,
346,ApplyInputs,179200,
346,ProcessorPlan,33800,
346,CrossWorldPrepare,600,
346,NativeJobBarrier,200,
346,CommitDecision,300,
346,VoxelCommit,500,
346,EcsCommandBufferCommit,25600,
346,GasAndEventFinalize,7900,
346,ReplicationProjection,149200,
346,SnapshotHashMetrics,400,
346,EgressPublish,12910000,
347,IngressCapture,4200,
347,DecodeAndCanonicalize,300,
347,ApplyInputs,237200,
347,ProcessorPlan,47600,
347,CrossWorldPrepare,1000,
347,NativeJobBarrier,200,
347,CommitDecision,200,
347,VoxelCommit,500,
347,EcsCommandBufferCommit,23600,
347,GasAndEventFinalize,10300,
347,ReplicationProjection,151700,
347,SnapshotHashMetrics,300,
347,EgressPublish,24911500,
348,IngressCapture,4400,
348,DecodeAndCanonicalize,200,
348,ApplyInputs,142400,
348,ProcessorPlan,32900,
348,CrossWorldPrepare,300,
348,NativeJobBarrier,200,
348,CommitDecision,200,
348,VoxelCommit,700,
348,EcsCommandBufferCommit,32600,
348,GasAndEventFinalize,10600,
348,ReplicationProjection,873500,
348,SnapshotHashMetrics,500,
348,EgressPublish,18337100,
349,IngressCapture,4400,
349,DecodeAndCanonicalize,1200,
349,ApplyInputs,170600,
349,ProcessorPlan,60400,
349,CrossWorldPrepare,1000,
349,NativeJobBarrier,400,
349,CommitDecision,200,
349,VoxelCommit,600,
349,EcsCommandBufferCommit,31200,
349,GasAndEventFinalize,11100,
349,ReplicationProjection,170100,
349,SnapshotHashMetrics,300,
349,EgressPublish,15678000,
350,IngressCapture,4900,
350,DecodeAndCanonicalize,200,
350,ApplyInputs,186800,
350,ProcessorPlan,41100,
350,CrossWorldPrepare,800,
350,NativeJobBarrier,200,
350,CommitDecision,600,
350,VoxelCommit,1000,
350,EcsCommandBufferCommit,34700,
350,GasAndEventFinalize,9500,
350,ReplicationProjection,166300,
350,SnapshotHashMetrics,400,
350,EgressPublish,14931500,
351,IngressCapture,8100,
351,DecodeAndCanonicalize,100,
351,ApplyInputs,255600,
351,ProcessorPlan,43800,
351,CrossWorldPrepare,1600,
351,NativeJobBarrier,500,
351,CommitDecision,200,
351,VoxelCommit,400,
351,EcsCommandBufferCommit,41400,
351,GasAndEventFinalize,12000,
351,ReplicationProjection,178100,
351,SnapshotHashMetrics,400,
351,EgressPublish,19562300,
352,IngressCapture,3500,
352,DecodeAndCanonicalize,200,
352,ApplyInputs,141200,
352,ProcessorPlan,34300,
352,CrossWorldPrepare,400,
352,NativeJobBarrier,200,
352,CommitDecision,300,
352,VoxelCommit,700,
352,EcsCommandBufferCommit,24300,
352,GasAndEventFinalize,8700,
352,ReplicationProjection,153000,
352,SnapshotHashMetrics,400,
352,EgressPublish,25162800,
353,IngressCapture,4300,
353,DecodeAndCanonicalize,500,
353,ApplyInputs,225500,
353,ProcessorPlan,35800,
353,CrossWorldPrepare,800,
353,NativeJobBarrier,200,
353,CommitDecision,200,
353,VoxelCommit,500,
353,EcsCommandBufferCommit,32400,
353,GasAndEventFinalize,12600,
353,ReplicationProjection,155900,
353,SnapshotHashMetrics,400,
353,EgressPublish,17361100,
354,IngressCapture,5000,
354,DecodeAndCanonicalize,300,
354,ApplyInputs,646400,
354,ProcessorPlan,68700,
354,CrossWorldPrepare,900,
354,NativeJobBarrier,400,
354,CommitDecision,500,
354,VoxelCommit,1300,
354,EcsCommandBufferCommit,37600,
354,GasAndEventFinalize,47200,
354,ReplicationProjection,160200,
354,SnapshotHashMetrics,300,
354,EgressPublish,16605100,
355,IngressCapture,5300,
355,DecodeAndCanonicalize,200,
355,ApplyInputs,167800,
355,ProcessorPlan,31200,
355,CrossWorldPrepare,600,
355,NativeJobBarrier,300,
355,CommitDecision,300,
355,VoxelCommit,500,
355,EcsCommandBufferCommit,27800,
355,GasAndEventFinalize,9200,
355,ReplicationProjection,135900,
355,SnapshotHashMetrics,400,
355,EgressPublish,17895000,
356,IngressCapture,3300,
356,DecodeAndCanonicalize,300,
356,ApplyInputs,248100,
356,ProcessorPlan,37400,
356,CrossWorldPrepare,800,
356,NativeJobBarrier,200,
356,CommitDecision,300,
356,VoxelCommit,1300,
356,EcsCommandBufferCommit,31700,
356,GasAndEventFinalize,12300,
356,ReplicationProjection,140200,
356,SnapshotHashMetrics,500,
356,EgressPublish,24801800,
357,IngressCapture,5500,
357,DecodeAndCanonicalize,200,
357,ApplyInputs,198300,
357,ProcessorPlan,40100,
357,CrossWorldPrepare,700,
357,NativeJobBarrier,500,
357,CommitDecision,400,
357,VoxelCommit,400,
357,EcsCommandBufferCommit,37300,
357,GasAndEventFinalize,14100,
357,ReplicationProjection,153100,
357,SnapshotHashMetrics,300,
357,EgressPublish,17065900,
358,IngressCapture,7600,
358,DecodeAndCanonicalize,300,
358,ApplyInputs,240300,
358,ProcessorPlan,47800,
358,CrossWorldPrepare,800,
358,NativeJobBarrier,500,
358,CommitDecision,200,
358,VoxelCommit,800,
358,EcsCommandBufferCommit,42800,
358,GasAndEventFinalize,15300,
358,ReplicationProjection,161700,
358,SnapshotHashMetrics,400,
358,EgressPublish,20493100,
359,IngressCapture,6100,
359,DecodeAndCanonicalize,200,
359,ApplyInputs,249800,
359,ProcessorPlan,36500,
359,CrossWorldPrepare,800,
359,NativeJobBarrier,300,
359,CommitDecision,200,
359,VoxelCommit,800,
359,EcsCommandBufferCommit,28100,
359,GasAndEventFinalize,9500,
359,ReplicationProjection,141900,
359,SnapshotHashMetrics,400,
359,EgressPublish,17517000,
360,IngressCapture,4800,
360,DecodeAndCanonicalize,200,
360,ApplyInputs,12400,
360,ProcessorPlan,79700,
360,CrossWorldPrepare,700,
360,NativeJobBarrier,200,
360,CommitDecision,200,
360,VoxelCommit,600,
360,EcsCommandBufferCommit,35500,
360,GasAndEventFinalize,11800,
360,ReplicationProjection,151000,
360,SnapshotHashMetrics,600,
360,EgressPublish,16120300,
361,IngressCapture,4300,
361,DecodeAndCanonicalize,200,
361,ApplyInputs,249700,
361,ProcessorPlan,35900,
361,CrossWorldPrepare,600,
361,NativeJobBarrier,200,
361,CommitDecision,800,
361,VoxelCommit,500,
361,EcsCommandBufferCommit,31100,
361,GasAndEventFinalize,9600,
361,ReplicationProjection,143000,
361,SnapshotHashMetrics,300,
361,EgressPublish,26363600,
362,IngressCapture,6100,
362,DecodeAndCanonicalize,200,
362,ApplyInputs,207000,
362,ProcessorPlan,39200,
362,CrossWorldPrepare,800,
362,NativeJobBarrier,200,
362,CommitDecision,100,
362,VoxelCommit,900,
362,EcsCommandBufferCommit,37000,
362,GasAndEventFinalize,12200,
362,ReplicationProjection,143500,
362,SnapshotHashMetrics,300,
362,EgressPublish,15456900,
363,IngressCapture,1158500,
363,DecodeAndCanonicalize,1700,
363,ApplyInputs,1590800,
363,ProcessorPlan,145100,
363,CrossWorldPrepare,1400,
363,NativeJobBarrier,300,
363,CommitDecision,200,
363,VoxelCommit,600,
363,EcsCommandBufferCommit,324300,
363,GasAndEventFinalize,11700,
363,ReplicationProjection,613200,
363,SnapshotHashMetrics,600,
363,EgressPublish,30340800,
364,IngressCapture,3000,
364,DecodeAndCanonicalize,300,
364,ApplyInputs,11500,
364,ProcessorPlan,344900,
364,CrossWorldPrepare,1900,
364,NativeJobBarrier,200,
364,CommitDecision,500,
364,VoxelCommit,700,
364,EcsCommandBufferCommit,153900,
364,GasAndEventFinalize,3399200,
364,ReplicationProjection,1037700,
364,SnapshotHashMetrics,1200,
364,EgressPublish,35569300,
365,IngressCapture,24100,
365,DecodeAndCanonicalize,500,
365,ApplyInputs,572400,
365,ProcessorPlan,162900,
365,CrossWorldPrepare,25300,
365,NativeJobBarrier,300,
365,CommitDecision,200,
365,VoxelCommit,800,
365,EcsCommandBufferCommit,76200,
365,GasAndEventFinalize,111400,
365,ReplicationProjection,662800,
365,SnapshotHashMetrics,600,
365,EgressPublish,11053900,
366,IngressCapture,38200,
366,DecodeAndCanonicalize,400,
366,ApplyInputs,1864700,
366,ProcessorPlan,90300,
366,CrossWorldPrepare,1500,
366,NativeJobBarrier,300,
366,CommitDecision,200,
366,VoxelCommit,700,
366,EcsCommandBufferCommit,52800,
366,GasAndEventFinalize,62800,
366,ReplicationProjection,304500,
366,SnapshotHashMetrics,500,
366,EgressPublish,16839500,
367,IngressCapture,3600,
367,DecodeAndCanonicalize,400,
367,ApplyInputs,80400,
367,ProcessorPlan,152100,
367,CrossWorldPrepare,7600,
367,NativeJobBarrier,300,
367,CommitDecision,200,
367,VoxelCommit,400,
367,EcsCommandBufferCommit,74400,
367,GasAndEventFinalize,49600,
367,ReplicationProjection,689000,
367,SnapshotHashMetrics,600,
367,EgressPublish,39183700,
368,IngressCapture,4800,
368,DecodeAndCanonicalize,300,
368,ApplyInputs,667400,
368,ProcessorPlan,376600,
368,CrossWorldPrepare,21200,
368,NativeJobBarrier,27200,
368,CommitDecision,300,
368,VoxelCommit,800,
368,EcsCommandBufferCommit,93400,
368,GasAndEventFinalize,72800,
368,ReplicationProjection,1392100,
368,SnapshotHashMetrics,900,
368,EgressPublish,59322300,
369,IngressCapture,4500,
369,DecodeAndCanonicalize,200,
369,ApplyInputs,149900,
369,ProcessorPlan,32600,
369,CrossWorldPrepare,1200,
369,NativeJobBarrier,400,
369,CommitDecision,300,
369,VoxelCommit,600,
369,EcsCommandBufferCommit,25700,
369,GasAndEventFinalize,11100,
369,ReplicationProjection,143200,
369,SnapshotHashMetrics,400,
369,EgressPublish,18635900,
370,IngressCapture,3300,
370,DecodeAndCanonicalize,300,
370,ApplyInputs,1487000,
370,ProcessorPlan,123300,
370,CrossWorldPrepare,1600,
370,NativeJobBarrier,300,
370,CommitDecision,200,
370,VoxelCommit,300,
370,EcsCommandBufferCommit,29100,
370,GasAndEventFinalize,8400,
370,ReplicationProjection,517100,
370,SnapshotHashMetrics,400,
370,EgressPublish,53286100,
371,IngressCapture,3600,
371,DecodeAndCanonicalize,200,
371,ApplyInputs,753500,
371,ProcessorPlan,221700,
371,CrossWorldPrepare,1400,
371,NativeJobBarrier,200,
371,CommitDecision,400,
371,VoxelCommit,700,
371,EcsCommandBufferCommit,88000,
371,GasAndEventFinalize,13600,
371,ReplicationProjection,2136300,
371,SnapshotHashMetrics,1400,
371,EgressPublish,28342200,
372,IngressCapture,3800,
372,DecodeAndCanonicalize,200,
372,ApplyInputs,1424700,
372,ProcessorPlan,231500,
372,CrossWorldPrepare,1900,
372,NativeJobBarrier,300,
372,CommitDecision,200,
372,VoxelCommit,600,
372,EcsCommandBufferCommit,42100,
372,GasAndEventFinalize,31900,
372,ReplicationProjection,286400,
372,SnapshotHashMetrics,500,
372,EgressPublish,22733400,
373,IngressCapture,27100,
373,DecodeAndCanonicalize,1200,
373,ApplyInputs,1419600,
373,ProcessorPlan,1130700,
373,CrossWorldPrepare,2500,
373,NativeJobBarrier,300,
373,CommitDecision,300,
373,VoxelCommit,700,
373,EcsCommandBufferCommit,247900,
373,GasAndEventFinalize,13800,
373,ReplicationProjection,649700,
373,SnapshotHashMetrics,700,
373,EgressPublish,36630700,
374,IngressCapture,3400,
374,DecodeAndCanonicalize,400,
374,ApplyInputs,438600,
374,ProcessorPlan,160600,
374,CrossWorldPrepare,500,
374,NativeJobBarrier,200,
374,CommitDecision,200,
374,VoxelCommit,400,
374,EcsCommandBufferCommit,67600,
374,GasAndEventFinalize,21200,
374,ReplicationProjection,136700,
374,SnapshotHashMetrics,300,
374,EgressPublish,22187400,
375,IngressCapture,5300,
375,DecodeAndCanonicalize,300,
375,ApplyInputs,1026600,
375,ProcessorPlan,116600,
375,CrossWorldPrepare,800,
375,NativeJobBarrier,300,
375,CommitDecision,200,
375,VoxelCommit,600,
375,EcsCommandBufferCommit,32300,
375,GasAndEventFinalize,45100,
375,ReplicationProjection,131000,
375,SnapshotHashMetrics,500,
375,EgressPublish,17935100,
376,IngressCapture,4300,
376,DecodeAndCanonicalize,600,
376,ApplyInputs,227700,
376,ProcessorPlan,49000,
376,CrossWorldPrepare,1600,
376,NativeJobBarrier,300,
376,CommitDecision,600,
376,VoxelCommit,1000,
376,EcsCommandBufferCommit,38700,
376,GasAndEventFinalize,15200,
376,ReplicationProjection,127700,
376,SnapshotHashMetrics,700,
376,EgressPublish,26738400,
377,IngressCapture,5400,
377,DecodeAndCanonicalize,300,
377,ApplyInputs,207200,
377,ProcessorPlan,43000,
377,CrossWorldPrepare,1000,
377,NativeJobBarrier,200,
377,CommitDecision,500,
377,VoxelCommit,700,
377,EcsCommandBufferCommit,42400,
377,GasAndEventFinalize,16000,
377,ReplicationProjection,144400,
377,SnapshotHashMetrics,300,
377,EgressPublish,25287100,
378,IngressCapture,6100,
378,DecodeAndCanonicalize,300,
378,ApplyInputs,194100,
378,ProcessorPlan,38400,
378,CrossWorldPrepare,1000,
378,NativeJobBarrier,300,
378,CommitDecision,200,
378,VoxelCommit,500,
378,EcsCommandBufferCommit,32900,
378,GasAndEventFinalize,12500,
378,ReplicationProjection,133600,
378,SnapshotHashMetrics,100,
378,EgressPublish,20489600,
379,IngressCapture,6000,
379,DecodeAndCanonicalize,300,
379,ApplyInputs,220000,
379,ProcessorPlan,42400,
379,CrossWorldPrepare,1000,
379,NativeJobBarrier,200,
379,CommitDecision,200,
379,VoxelCommit,600,
379,EcsCommandBufferCommit,36400,
379,GasAndEventFinalize,13600,
379,ReplicationProjection,132500,
379,SnapshotHashMetrics,200,
379,EgressPublish,22112500,
380,IngressCapture,5100,
380,DecodeAndCanonicalize,200,
380,ApplyInputs,258000,
380,ProcessorPlan,41900,
380,CrossWorldPrepare,900,
380,NativeJobBarrier,400,
380,CommitDecision,300,
380,VoxelCommit,800,
380,EcsCommandBufferCommit,37200,
380,GasAndEventFinalize,12400,
380,ReplicationProjection,135500,
380,SnapshotHashMetrics,500,
380,EgressPublish,19674600,
381,IngressCapture,4200,
381,DecodeAndCanonicalize,300,
381,ApplyInputs,202500,
381,ProcessorPlan,42000,
381,CrossWorldPrepare,1100,
381,NativeJobBarrier,200,
381,CommitDecision,800,
381,VoxelCommit,1000,
381,EcsCommandBufferCommit,32800,
381,GasAndEventFinalize,14100,
381,ReplicationProjection,131100,
381,SnapshotHashMetrics,300,
381,EgressPublish,22544900,
382,IngressCapture,5900,
382,DecodeAndCanonicalize,200,
382,ApplyInputs,241400,
382,ProcessorPlan,79300,
382,CrossWorldPrepare,1100,
382,NativeJobBarrier,200,
382,CommitDecision,300,
382,VoxelCommit,500,
382,EcsCommandBufferCommit,41100,
382,GasAndEventFinalize,14400,
382,ReplicationProjection,123800,
382,SnapshotHashMetrics,200,
382,EgressPublish,20651400,
383,IngressCapture,5000,
383,DecodeAndCanonicalize,200,
383,ApplyInputs,214600,
383,ProcessorPlan,43200,
383,CrossWorldPrepare,800,
383,NativeJobBarrier,200,
383,CommitDecision,200,
383,VoxelCommit,700,
383,EcsCommandBufferCommit,37600,
383,GasAndEventFinalize,14200,
383,ReplicationProjection,126500,
383,SnapshotHashMetrics,400,
383,EgressPublish,22191200,
384,IngressCapture,4700,
384,DecodeAndCanonicalize,200,
384,ApplyInputs,264500,
384,ProcessorPlan,40700,
384,CrossWorldPrepare,700,
384,NativeJobBarrier,200,
384,CommitDecision,200,
384,VoxelCommit,1000,
384,EcsCommandBufferCommit,46800,
384,GasAndEventFinalize,12900,
384,ReplicationProjection,141200,
384,SnapshotHashMetrics,300,
384,EgressPublish,19902600,
385,IngressCapture,4600,
385,DecodeAndCanonicalize,200,
385,ApplyInputs,731700,
385,ProcessorPlan,39300,
385,CrossWorldPrepare,1100,
385,NativeJobBarrier,200,
385,CommitDecision,1000,
385,VoxelCommit,400,
385,EcsCommandBufferCommit,37900,
385,GasAndEventFinalize,53200,
385,ReplicationProjection,137600,
385,SnapshotHashMetrics,200,
385,EgressPublish,24102100,
386,IngressCapture,6200,
386,DecodeAndCanonicalize,200,
386,ApplyInputs,214500,
386,ProcessorPlan,45000,
386,CrossWorldPrepare,700,
386,NativeJobBarrier,300,
386,CommitDecision,300,
386,VoxelCommit,1400,
386,EcsCommandBufferCommit,38100,
386,GasAndEventFinalize,144000,
386,ReplicationProjection,144600,
386,SnapshotHashMetrics,400,
386,EgressPublish,19810300,
387,IngressCapture,8000,
387,DecodeAndCanonicalize,200,
387,ApplyInputs,402200,
387,ProcessorPlan,42800,
387,CrossWorldPrepare,700,
387,NativeJobBarrier,500,
387,CommitDecision,1100,
387,VoxelCommit,900,
387,EcsCommandBufferCommit,243400,
387,GasAndEventFinalize,42000,
387,ReplicationProjection,326300,
387,SnapshotHashMetrics,600,
387,EgressPublish,21732400,
388,IngressCapture,3700,
388,DecodeAndCanonicalize,400,
388,ApplyInputs,218400,
388,ProcessorPlan,51500,
388,CrossWorldPrepare,1000,
388,NativeJobBarrier,300,
388,CommitDecision,300,
388,VoxelCommit,700,
388,EcsCommandBufferCommit,34700,
388,GasAndEventFinalize,13100,
388,ReplicationProjection,121900,
388,SnapshotHashMetrics,300,
388,EgressPublish,18374600,
389,IngressCapture,3400,
389,DecodeAndCanonicalize,200,
389,ApplyInputs,177500,
389,ProcessorPlan,35000,
389,CrossWorldPrepare,1300,
389,NativeJobBarrier,300,
389,CommitDecision,500,
389,VoxelCommit,800,
389,EcsCommandBufferCommit,33100,
389,GasAndEventFinalize,11600,
389,ReplicationProjection,130700,
389,SnapshotHashMetrics,200,
389,EgressPublish,24314300,
390,IngressCapture,5700,
390,DecodeAndCanonicalize,200,
390,ApplyInputs,217000,
390,ProcessorPlan,39600,
390,CrossWorldPrepare,1100,
390,NativeJobBarrier,400,
390,CommitDecision,100,
390,VoxelCommit,700,
390,EcsCommandBufferCommit,38600,
390,GasAndEventFinalize,13700,
390,ReplicationProjection,135300,
390,SnapshotHashMetrics,200,
390,EgressPublish,20611800,
391,IngressCapture,5400,
391,DecodeAndCanonicalize,200,
391,ApplyInputs,225500,
391,ProcessorPlan,35700,
391,CrossWorldPrepare,700,
391,NativeJobBarrier,200,
391,CommitDecision,300,
391,VoxelCommit,500,
391,EcsCommandBufferCommit,40000,
391,GasAndEventFinalize,12500,
391,ReplicationProjection,136500,
391,SnapshotHashMetrics,300,
391,EgressPublish,21720000,
392,IngressCapture,6400,
392,DecodeAndCanonicalize,200,
392,ApplyInputs,220700,
392,ProcessorPlan,47300,
392,CrossWorldPrepare,1700,
392,NativeJobBarrier,300,
392,CommitDecision,200,
392,VoxelCommit,800,
392,EcsCommandBufferCommit,44900,
392,GasAndEventFinalize,31700,
392,ReplicationProjection,150400,
392,SnapshotHashMetrics,500,
392,EgressPublish,19538100,
393,IngressCapture,4900,
393,DecodeAndCanonicalize,200,
393,ApplyInputs,619600,
393,ProcessorPlan,70600,
393,CrossWorldPrepare,900,
393,NativeJobBarrier,300,
393,CommitDecision,300,
393,VoxelCommit,900,
393,EcsCommandBufferCommit,36400,
393,GasAndEventFinalize,40200,
393,ReplicationProjection,136200,
393,SnapshotHashMetrics,200,
393,EgressPublish,58975500,
394,IngressCapture,3500,
394,DecodeAndCanonicalize,200,
394,ApplyInputs,211600,
394,ProcessorPlan,35500,
394,CrossWorldPrepare,600,
394,NativeJobBarrier,500,
394,CommitDecision,200,
394,VoxelCommit,500,
394,EcsCommandBufferCommit,35200,
394,GasAndEventFinalize,11300,
394,ReplicationProjection,125200,
394,SnapshotHashMetrics,300,
394,EgressPublish,17503600,
395,IngressCapture,4100,
395,DecodeAndCanonicalize,200,
395,ApplyInputs,238700,
395,ProcessorPlan,40600,
395,CrossWorldPrepare,1000,
395,NativeJobBarrier,200,
395,CommitDecision,500,
395,VoxelCommit,400,
395,EcsCommandBufferCommit,39200,
395,GasAndEventFinalize,12200,
395,ReplicationProjection,137500,
395,SnapshotHashMetrics,1000,
395,EgressPublish,25962600,
396,IngressCapture,6200,
396,DecodeAndCanonicalize,400,
396,ApplyInputs,3435900,
396,ProcessorPlan,70000,
396,CrossWorldPrepare,1300,
396,NativeJobBarrier,200,
396,CommitDecision,500,
396,VoxelCommit,700,
396,EcsCommandBufferCommit,52300,
396,GasAndEventFinalize,18200,
396,ReplicationProjection,145200,
396,SnapshotHashMetrics,500,
396,EgressPublish,23496100,
397,IngressCapture,5000,
397,DecodeAndCanonicalize,300,
397,ApplyInputs,273600,
397,ProcessorPlan,39300,
397,CrossWorldPrepare,500,
397,NativeJobBarrier,300,
397,CommitDecision,200,
397,VoxelCommit,600,
397,EcsCommandBufferCommit,35100,
397,GasAndEventFinalize,12000,
397,ReplicationProjection,127200,
397,SnapshotHashMetrics,600,
397,EgressPublish,20484500,
398,IngressCapture,4500,
398,DecodeAndCanonicalize,400,
398,ApplyInputs,186400,
398,ProcessorPlan,40300,
398,CrossWorldPrepare,600,
398,NativeJobBarrier,300,
398,CommitDecision,100,
398,VoxelCommit,800,
398,EcsCommandBufferCommit,39600,
398,GasAndEventFinalize,15200,
398,ReplicationProjection,132900,
398,SnapshotHashMetrics,300,
398,EgressPublish,21127200,
399,IngressCapture,5000,
399,DecodeAndCanonicalize,200,
399,ApplyInputs,272000,
399,ProcessorPlan,40500,
399,CrossWorldPrepare,1100,
399,NativeJobBarrier,300,
399,CommitDecision,400,
399,VoxelCommit,800,
399,EcsCommandBufferCommit,44600,
399,GasAndEventFinalize,15500,
399,ReplicationProjection,133700,
399,SnapshotHashMetrics,200,
399,EgressPublish,22649200,
400,IngressCapture,5300,
400,DecodeAndCanonicalize,500,
400,ApplyInputs,287200,
400,ProcessorPlan,43400,
400,CrossWorldPrepare,1000,
400,NativeJobBarrier,100,
400,CommitDecision,500,
400,VoxelCommit,1000,
400,EcsCommandBufferCommit,43200,
400,GasAndEventFinalize,13300,
400,ReplicationProjection,137200,
400,SnapshotHashMetrics,700,
400,EgressPublish,22221500,
401,IngressCapture,6200,
401,DecodeAndCanonicalize,200,
401,ApplyInputs,215900,
401,ProcessorPlan,44300,
401,CrossWorldPrepare,800,
401,NativeJobBarrier,200,
401,CommitDecision,600,
401,VoxelCommit,700,
401,EcsCommandBufferCommit,39200,
401,GasAndEventFinalize,13400,
401,ReplicationProjection,128700,
401,SnapshotHashMetrics,600,
401,EgressPublish,27755900,
402,IngressCapture,5600,
402,DecodeAndCanonicalize,200,
402,ApplyInputs,730100,
402,ProcessorPlan,37200,
402,CrossWorldPrepare,600,
402,NativeJobBarrier,500,
402,CommitDecision,400,
402,VoxelCommit,600,
402,EcsCommandBufferCommit,39600,
402,GasAndEventFinalize,44400,
402,ReplicationProjection,134500,
402,SnapshotHashMetrics,300,
402,EgressPublish,19011300,
403,IngressCapture,9400,
403,DecodeAndCanonicalize,200,
403,ApplyInputs,245100,
403,ProcessorPlan,52100,
403,CrossWorldPrepare,1200,
403,NativeJobBarrier,200,
403,CommitDecision,200,
403,VoxelCommit,700,
403,EcsCommandBufferCommit,38200,
403,GasAndEventFinalize,15300,
403,ReplicationProjection,132700,
403,SnapshotHashMetrics,600,
403,EgressPublish,22774300,
404,IngressCapture,9900,
404,DecodeAndCanonicalize,200,
404,ApplyInputs,234700,
404,ProcessorPlan,37600,
404,CrossWorldPrepare,800,
404,NativeJobBarrier,200,
404,CommitDecision,300,
404,VoxelCommit,600,
404,EcsCommandBufferCommit,31100,
404,GasAndEventFinalize,13200,
404,ReplicationProjection,159900,
404,SnapshotHashMetrics,300,
404,EgressPublish,21409400,
405,IngressCapture,3500,
405,DecodeAndCanonicalize,200,
405,ApplyInputs,187200,
405,ProcessorPlan,76900,
405,CrossWorldPrepare,1000,
405,NativeJobBarrier,400,
405,CommitDecision,1200,
405,VoxelCommit,700,
405,EcsCommandBufferCommit,39700,
405,GasAndEventFinalize,15500,
405,ReplicationProjection,151600,
405,SnapshotHashMetrics,600,
405,EgressPublish,19054900,
406,IngressCapture,4600,
406,DecodeAndCanonicalize,200,
406,ApplyInputs,247900,
406,ProcessorPlan,44700,
406,CrossWorldPrepare,900,
406,NativeJobBarrier,200,
406,CommitDecision,300,
406,VoxelCommit,700,
406,EcsCommandBufferCommit,44000,
406,GasAndEventFinalize,17300,
406,ReplicationProjection,150000,
406,SnapshotHashMetrics,600,
406,EgressPublish,16653000,
407,IngressCapture,3500,
407,DecodeAndCanonicalize,200,
407,ApplyInputs,244500,
407,ProcessorPlan,40500,
407,CrossWorldPrepare,800,
407,NativeJobBarrier,200,
407,CommitDecision,500,
407,VoxelCommit,800,
407,EcsCommandBufferCommit,36200,
407,GasAndEventFinalize,25300,
407,ReplicationProjection,158600,
407,SnapshotHashMetrics,500,
407,EgressPublish,24180300,
408,IngressCapture,5700,
408,DecodeAndCanonicalize,200,
408,ApplyInputs,225600,
408,ProcessorPlan,50400,
408,CrossWorldPrepare,1400,
408,NativeJobBarrier,400,
408,CommitDecision,300,
408,VoxelCommit,800,
408,EcsCommandBufferCommit,50000,
408,GasAndEventFinalize,18900,
408,ReplicationProjection,168900,
408,SnapshotHashMetrics,500,
408,EgressPublish,20219900,
409,IngressCapture,4200,
409,DecodeAndCanonicalize,300,
409,ApplyInputs,241600,
409,ProcessorPlan,48400,
409,CrossWorldPrepare,900,
409,NativeJobBarrier,400,
409,CommitDecision,600,
409,VoxelCommit,300,
409,EcsCommandBufferCommit,38200,
409,GasAndEventFinalize,16100,
409,ReplicationProjection,160800,
409,SnapshotHashMetrics,300,
409,EgressPublish,18283800,
410,IngressCapture,5100,
410,DecodeAndCanonicalize,100,
410,ApplyInputs,671500,
410,ProcessorPlan,47500,
410,CrossWorldPrepare,1300,
410,NativeJobBarrier,100,
410,CommitDecision,300,
410,VoxelCommit,700,
410,EcsCommandBufferCommit,54500,
410,GasAndEventFinalize,58500,
410,ReplicationProjection,195500,
410,SnapshotHashMetrics,1200,
410,EgressPublish,18601100,
411,IngressCapture,8900,
411,DecodeAndCanonicalize,300,
411,ApplyInputs,304300,
411,ProcessorPlan,66600,
411,CrossWorldPrepare,11400,
411,NativeJobBarrier,200,
411,CommitDecision,900,
411,VoxelCommit,700,
411,EcsCommandBufferCommit,64100,
411,GasAndEventFinalize,24200,
411,ReplicationProjection,210400,
411,SnapshotHashMetrics,1100,
411,EgressPublish,31971500,
412,IngressCapture,4300,
412,DecodeAndCanonicalize,200,
412,ApplyInputs,286800,
412,ProcessorPlan,60400,
412,CrossWorldPrepare,1400,
412,NativeJobBarrier,200,
412,CommitDecision,300,
412,VoxelCommit,1100,
412,EcsCommandBufferCommit,39000,
412,GasAndEventFinalize,15900,
412,ReplicationProjection,177000,
412,SnapshotHashMetrics,800,
412,EgressPublish,21357300,
413,IngressCapture,5600,
413,DecodeAndCanonicalize,200,
413,ApplyInputs,232900,
413,ProcessorPlan,48700,
413,CrossWorldPrepare,1400,
413,NativeJobBarrier,300,
413,CommitDecision,600,
413,VoxelCommit,1100,
413,EcsCommandBufferCommit,55900,
413,GasAndEventFinalize,15800,
413,ReplicationProjection,187400,
413,SnapshotHashMetrics,200,
413,EgressPublish,28544200,
414,IngressCapture,5700,
414,DecodeAndCanonicalize,300,
414,ApplyInputs,243200,
414,ProcessorPlan,53100,
414,CrossWorldPrepare,1200,
414,NativeJobBarrier,200,
414,CommitDecision,300,
414,VoxelCommit,600,
414,EcsCommandBufferCommit,43000,
414,GasAndEventFinalize,18600,
414,ReplicationProjection,216600,
414,SnapshotHashMetrics,500,
414,EgressPublish,19823600,
415,IngressCapture,6000,
415,DecodeAndCanonicalize,200,
415,ApplyInputs,259500,
415,ProcessorPlan,53400,
415,CrossWorldPrepare,600,
415,NativeJobBarrier,400,
415,CommitDecision,600,
415,VoxelCommit,700,
415,EcsCommandBufferCommit,51400,
415,GasAndEventFinalize,14700,
415,ReplicationProjection,175900,
415,SnapshotHashMetrics,500,
415,EgressPublish,22420900,
416,IngressCapture,4100,
416,DecodeAndCanonicalize,200,
416,ApplyInputs,257000,
416,ProcessorPlan,50400,
416,CrossWorldPrepare,1300,
416,NativeJobBarrier,500,
416,CommitDecision,700,
416,VoxelCommit,1300,
416,EcsCommandBufferCommit,46700,
416,GasAndEventFinalize,18000,
416,ReplicationProjection,152500,
416,SnapshotHashMetrics,800,
416,EgressPublish,20435400,
417,IngressCapture,4700,
417,DecodeAndCanonicalize,400,
417,ApplyInputs,280300,
417,ProcessorPlan,39300,
417,CrossWorldPrepare,1000,
417,NativeJobBarrier,400,
417,CommitDecision,600,
417,VoxelCommit,900,
417,EcsCommandBufferCommit,56100,
417,GasAndEventFinalize,11500,
417,ReplicationProjection,176700,
417,SnapshotHashMetrics,700,
417,EgressPublish,19894100,
418,IngressCapture,3700,
418,DecodeAndCanonicalize,200,
418,ApplyInputs,626800,
418,ProcessorPlan,79400,
418,CrossWorldPrepare,1100,
418,NativeJobBarrier,300,
418,CommitDecision,400,
418,VoxelCommit,800,
418,EcsCommandBufferCommit,42100,
418,GasAndEventFinalize,42500,
418,ReplicationProjection,176100,
418,SnapshotHashMetrics,800,
418,EgressPublish,19722000,
419,IngressCapture,8200,
419,DecodeAndCanonicalize,300,
419,ApplyInputs,268000,
419,ProcessorPlan,47300,
419,CrossWorldPrepare,800,
419,NativeJobBarrier,400,
419,CommitDecision,400,
419,VoxelCommit,600,
419,EcsCommandBufferCommit,36800,
419,GasAndEventFinalize,23900,
419,ReplicationProjection,188700,
419,SnapshotHashMetrics,600,
419,EgressPublish,21606000,
420,IngressCapture,5300,
420,DecodeAndCanonicalize,300,
420,ApplyInputs,286300,
420,ProcessorPlan,43400,
420,CrossWorldPrepare,1000,
420,NativeJobBarrier,300,
420,CommitDecision,500,
420,VoxelCommit,500,
420,EcsCommandBufferCommit,52700,
420,GasAndEventFinalize,14000,
420,ReplicationProjection,176400,
420,SnapshotHashMetrics,600,
420,EgressPublish,29131300,
421,IngressCapture,5700,
421,DecodeAndCanonicalize,300,
421,ApplyInputs,290000,
421,ProcessorPlan,68900,
421,CrossWorldPrepare,1400,
421,NativeJobBarrier,200,
421,CommitDecision,800,
421,VoxelCommit,800,
421,EcsCommandBufferCommit,47300,
421,GasAndEventFinalize,16100,
421,ReplicationProjection,161200,
421,SnapshotHashMetrics,400,
421,EgressPublish,22186000,
422,IngressCapture,5600,
422,DecodeAndCanonicalize,400,
422,ApplyInputs,253100,
422,ProcessorPlan,43500,
422,CrossWorldPrepare,1100,
422,NativeJobBarrier,500,
422,CommitDecision,800,
422,VoxelCommit,1300,
422,EcsCommandBufferCommit,47500,
422,GasAndEventFinalize,17500,
422,ReplicationProjection,183300,
422,SnapshotHashMetrics,1000,
422,EgressPublish,20216200,
423,IngressCapture,5000,
423,DecodeAndCanonicalize,300,
423,ApplyInputs,278000,
423,ProcessorPlan,48500,
423,CrossWorldPrepare,1500,
423,NativeJobBarrier,100,
423,CommitDecision,400,
423,VoxelCommit,500,
423,EcsCommandBufferCommit,40400,
423,GasAndEventFinalize,18500,
423,ReplicationProjection,157500,
423,SnapshotHashMetrics,200,
423,EgressPublish,20735500,
424,IngressCapture,5500,
424,DecodeAndCanonicalize,200,
424,ApplyInputs,232200,
424,ProcessorPlan,41900,
424,CrossWorldPrepare,900,
424,NativeJobBarrier,200,
424,CommitDecision,900,
424,VoxelCommit,1000,
424,EcsCommandBufferCommit,45500,
424,GasAndEventFinalize,12000,
424,ReplicationProjection,197900,
424,SnapshotHashMetrics,700,
424,EgressPublish,21834200,
425,IngressCapture,3300,
425,DecodeAndCanonicalize,200,
425,ApplyInputs,188800,
425,ProcessorPlan,35000,
425,CrossWorldPrepare,600,
425,NativeJobBarrier,100,
425,CommitDecision,1100,
425,VoxelCommit,500,
425,EcsCommandBufferCommit,32200,
425,GasAndEventFinalize,11600,
425,ReplicationProjection,138700,
425,SnapshotHashMetrics,200,
425,EgressPublish,23044200,
426,IngressCapture,5100,
426,DecodeAndCanonicalize,200,
426,ApplyInputs,547300,
426,ProcessorPlan,90100,
426,CrossWorldPrepare,1400,
426,NativeJobBarrier,200,
426,CommitDecision,500,
426,VoxelCommit,1000,
426,EcsCommandBufferCommit,48100,
426,GasAndEventFinalize,52000,
426,ReplicationProjection,164300,
426,SnapshotHashMetrics,300,
426,EgressPublish,21194500,
427,IngressCapture,6100,
427,DecodeAndCanonicalize,200,
427,ApplyInputs,276900,
427,ProcessorPlan,45300,
427,CrossWorldPrepare,500,
427,NativeJobBarrier,200,
427,CommitDecision,600,
427,VoxelCommit,1000,
427,EcsCommandBufferCommit,44800,
427,GasAndEventFinalize,14200,
427,ReplicationProjection,154600,
427,SnapshotHashMetrics,800,
427,EgressPublish,23645800,
428,IngressCapture,6000,
428,DecodeAndCanonicalize,200,
428,ApplyInputs,250700,
428,ProcessorPlan,41600,
428,CrossWorldPrepare,900,
428,NativeJobBarrier,500,
428,CommitDecision,600,
428,VoxelCommit,1000,
428,EcsCommandBufferCommit,45300,
428,GasAndEventFinalize,16000,
428,ReplicationProjection,151400,
428,SnapshotHashMetrics,400,
428,EgressPublish,19779600,
429,IngressCapture,6700,
429,DecodeAndCanonicalize,400,
429,ApplyInputs,215800,
429,ProcessorPlan,42100,
429,CrossWorldPrepare,800,
429,NativeJobBarrier,300,
429,CommitDecision,400,
429,VoxelCommit,400,
429,EcsCommandBufferCommit,37000,
429,GasAndEventFinalize,13800,
429,ReplicationProjection,149300,
429,SnapshotHashMetrics,200,
429,EgressPublish,20854900,
430,IngressCapture,5300,
430,DecodeAndCanonicalize,300,
430,ApplyInputs,255600,
430,ProcessorPlan,44800,
430,CrossWorldPrepare,2100,
430,NativeJobBarrier,600,
430,CommitDecision,1000,
430,VoxelCommit,900,
430,EcsCommandBufferCommit,40500,
430,GasAndEventFinalize,17300,
430,ReplicationProjection,168200,
430,SnapshotHashMetrics,400,
430,EgressPublish,21375600,
431,IngressCapture,5800,
431,DecodeAndCanonicalize,200,
431,ApplyInputs,255500,
431,ProcessorPlan,55000,
431,CrossWorldPrepare,2400,
431,NativeJobBarrier,200,
431,CommitDecision,400,
431,VoxelCommit,1000,
431,EcsCommandBufferCommit,42400,
431,GasAndEventFinalize,14000,
431,ReplicationProjection,166500,
431,SnapshotHashMetrics,1000,
431,EgressPublish,22811600,
432,IngressCapture,6000,
432,DecodeAndCanonicalize,200,
432,ApplyInputs,247900,
432,ProcessorPlan,40400,
432,CrossWorldPrepare,1300,
432,NativeJobBarrier,300,
432,CommitDecision,1000,
432,VoxelCommit,500,
432,EcsCommandBufferCommit,44300,
432,GasAndEventFinalize,13700,
432,ReplicationProjection,156700,
432,SnapshotHashMetrics,1100,
432,EgressPublish,20964100,
433,IngressCapture,5600,
433,DecodeAndCanonicalize,200,
433,ApplyInputs,230700,
433,ProcessorPlan,53200,
433,CrossWorldPrepare,900,
433,NativeJobBarrier,300,
433,CommitDecision,200,
433,VoxelCommit,1100,
433,EcsCommandBufferCommit,40700,
433,GasAndEventFinalize,11200,
433,ReplicationProjection,144900,
433,SnapshotHashMetrics,400,
433,EgressPublish,20674600,
434,IngressCapture,4700,
434,DecodeAndCanonicalize,200,
434,ApplyInputs,557900,
434,ProcessorPlan,75900,
434,CrossWorldPrepare,2100,
434,NativeJobBarrier,600,
434,CommitDecision,200,
434,VoxelCommit,1000,
434,EcsCommandBufferCommit,33800,
434,GasAndEventFinalize,39900,
434,ReplicationProjection,151000,
434,SnapshotHashMetrics,300,
434,EgressPublish,20417100,
435,IngressCapture,5100,
435,DecodeAndCanonicalize,200,
435,ApplyInputs,279100,
435,ProcessorPlan,41600,
435,CrossWorldPrepare,1700,
435,NativeJobBarrier,200,
435,CommitDecision,500,
435,VoxelCommit,800,
435,EcsCommandBufferCommit,39900,
435,GasAndEventFinalize,15100,
435,ReplicationProjection,157100,
435,SnapshotHashMetrics,1100,
435,EgressPublish,20249000,
436,IngressCapture,4000,
436,DecodeAndCanonicalize,200,
436,ApplyInputs,180500,
436,ProcessorPlan,40800,
436,CrossWorldPrepare,700,
436,NativeJobBarrier,200,
436,CommitDecision,500,
436,VoxelCommit,800,
436,EcsCommandBufferCommit,31300,
436,GasAndEventFinalize,10100,
436,ReplicationProjection,148300,
436,SnapshotHashMetrics,300,
436,EgressPublish,22833700,
437,IngressCapture,3600,
437,DecodeAndCanonicalize,200,
437,ApplyInputs,226100,
437,ProcessorPlan,39900,
437,CrossWorldPrepare,1000,
437,NativeJobBarrier,200,
437,CommitDecision,700,
437,VoxelCommit,400,
437,EcsCommandBufferCommit,38100,
437,GasAndEventFinalize,11200,
437,ReplicationProjection,171700,
437,SnapshotHashMetrics,300,
437,EgressPublish,20394400,
438,IngressCapture,5900,
438,DecodeAndCanonicalize,700,
438,ApplyInputs,286400,
438,ProcessorPlan,45000,
438,CrossWorldPrepare,1500,
438,NativeJobBarrier,400,
438,CommitDecision,1300,
438,VoxelCommit,700,
438,EcsCommandBufferCommit,42500,
438,GasAndEventFinalize,15000,
438,ReplicationProjection,138600,
438,SnapshotHashMetrics,400,
438,EgressPublish,21362800,
439,IngressCapture,5200,
439,DecodeAndCanonicalize,200,
439,ApplyInputs,212800,
439,ProcessorPlan,39100,
439,CrossWorldPrepare,700,
439,NativeJobBarrier,800,
439,CommitDecision,200,
439,VoxelCommit,600,
439,EcsCommandBufferCommit,33800,
439,GasAndEventFinalize,11700,
439,ReplicationProjection,136800,
439,SnapshotHashMetrics,200,
439,EgressPublish,22311200,
440,IngressCapture,5200,
440,DecodeAndCanonicalize,100,
440,ApplyInputs,300200,
440,ProcessorPlan,46500,
440,CrossWorldPrepare,800,
440,NativeJobBarrier,300,
440,CommitDecision,200,
440,VoxelCommit,1100,
440,EcsCommandBufferCommit,44400,
440,GasAndEventFinalize,16000,
440,ReplicationProjection,146200,
440,SnapshotHashMetrics,300,
440,EgressPublish,23677400,
441,IngressCapture,4400,
441,DecodeAndCanonicalize,300,
441,ApplyInputs,171000,
441,ProcessorPlan,36500,
441,CrossWorldPrepare,700,
441,NativeJobBarrier,400,
441,CommitDecision,200,
441,VoxelCommit,600,
441,EcsCommandBufferCommit,28400,
441,GasAndEventFinalize,10000,
441,ReplicationProjection,135400,
441,SnapshotHashMetrics,600,
441,EgressPublish,22149500,
442,IngressCapture,4900,
442,DecodeAndCanonicalize,300,
442,ApplyInputs,645800,
442,ProcessorPlan,76200,
442,CrossWorldPrepare,1500,
442,NativeJobBarrier,200,
442,CommitDecision,900,
442,VoxelCommit,1000,
442,EcsCommandBufferCommit,37900,
442,GasAndEventFinalize,48000,
442,ReplicationProjection,170300,
442,SnapshotHashMetrics,600,
442,EgressPublish,21444800,
443,IngressCapture,4400,
443,DecodeAndCanonicalize,200,
443,ApplyInputs,210100,
443,ProcessorPlan,40900,
443,CrossWorldPrepare,1000,
443,NativeJobBarrier,300,
443,CommitDecision,400,
443,VoxelCommit,700,
443,EcsCommandBufferCommit,34500,
443,GasAndEventFinalize,14000,
443,ReplicationProjection,146700,
443,SnapshotHashMetrics,300,
443,EgressPublish,20085600,
444,IngressCapture,6700,
444,DecodeAndCanonicalize,500,
444,ApplyInputs,303100,
444,ProcessorPlan,45900,
444,CrossWorldPrepare,1900,
444,NativeJobBarrier,200,
444,CommitDecision,200,
444,VoxelCommit,600,
444,EcsCommandBufferCommit,42800,
444,GasAndEventFinalize,13300,
444,ReplicationProjection,163900,
444,SnapshotHashMetrics,700,
444,EgressPublish,20554300,
445,IngressCapture,9500,
445,DecodeAndCanonicalize,100,
445,ApplyInputs,336200,
445,ProcessorPlan,42300,
445,CrossWorldPrepare,1800,
445,NativeJobBarrier,200,
445,CommitDecision,900,
445,VoxelCommit,900,
445,EcsCommandBufferCommit,48900,
445,GasAndEventFinalize,16100,
445,ReplicationProjection,162900,
445,SnapshotHashMetrics,1100,
445,EgressPublish,21332500,
446,IngressCapture,4300,
446,DecodeAndCanonicalize,200,
446,ApplyInputs,240500,
446,ProcessorPlan,43400,
446,CrossWorldPrepare,900,
446,NativeJobBarrier,200,
446,CommitDecision,300,
446,VoxelCommit,500,
446,EcsCommandBufferCommit,35600,
446,GasAndEventFinalize,14700,
446,ReplicationProjection,153300,
446,SnapshotHashMetrics,300,
446,EgressPublish,20609200,
447,IngressCapture,5100,
447,DecodeAndCanonicalize,200,
447,ApplyInputs,231300,
447,ProcessorPlan,42400,
447,CrossWorldPrepare,800,
447,NativeJobBarrier,200,
447,CommitDecision,200,
447,VoxelCommit,300,
447,EcsCommandBufferCommit,34200,
447,GasAndEventFinalize,12300,
447,ReplicationProjection,138500,
447,SnapshotHashMetrics,400,
447,EgressPublish,20123100,
448,IngressCapture,4800,
448,DecodeAndCanonicalize,200,
448,ApplyInputs,262300,
448,ProcessorPlan,45600,
448,CrossWorldPrepare,1200,
448,NativeJobBarrier,200,
448,CommitDecision,300,
448,VoxelCommit,600,
448,EcsCommandBufferCommit,44200,
448,GasAndEventFinalize,16500,
448,ReplicationProjection,141000,
448,SnapshotHashMetrics,400,
448,EgressPublish,18938300,
449,IngressCapture,5300,
449,DecodeAndCanonicalize,200,
449,ApplyInputs,257900,
449,ProcessorPlan,42700,
449,CrossWorldPrepare,1100,
449,NativeJobBarrier,500,
449,CommitDecision,700,
449,VoxelCommit,700,
449,EcsCommandBufferCommit,43900,
449,GasAndEventFinalize,12500,
449,ReplicationProjection,148400,
449,SnapshotHashMetrics,400,
449,EgressPublish,19913800,
450,IngressCapture,5600,
450,DecodeAndCanonicalize,200,
450,ApplyInputs,843400,
450,ProcessorPlan,48100,
450,CrossWorldPrepare,1300,
450,NativeJobBarrier,400,
450,CommitDecision,100,
450,VoxelCommit,700,
450,EcsCommandBufferCommit,42700,
450,GasAndEventFinalize,55200,
450,ReplicationProjection,184200,
450,SnapshotHashMetrics,500,
450,EgressPublish,19078900,
451,IngressCapture,5400,
451,DecodeAndCanonicalize,500,
451,ApplyInputs,224000,
451,ProcessorPlan,35900,
451,CrossWorldPrepare,700,
451,NativeJobBarrier,200,
451,CommitDecision,900,
451,VoxelCommit,500,
451,EcsCommandBufferCommit,46100,
451,GasAndEventFinalize,16000,
451,ReplicationProjection,183000,
451,SnapshotHashMetrics,600,
451,EgressPublish,21482600,
452,IngressCapture,5700,
452,DecodeAndCanonicalize,200,
452,ApplyInputs,309500,
452,ProcessorPlan,47900,
452,CrossWorldPrepare,900,
452,NativeJobBarrier,300,
452,CommitDecision,400,
452,VoxelCommit,700,
452,EcsCommandBufferCommit,45000,
452,GasAndEventFinalize,16500,
452,ReplicationProjection,169800,
452,SnapshotHashMetrics,200,
452,EgressPublish,14624200,
453,IngressCapture,5200,
453,DecodeAndCanonicalize,700,
453,ApplyInputs,290500,
453,ProcessorPlan,40200,
453,CrossWorldPrepare,900,
453,NativeJobBarrier,400,
453,CommitDecision,200,
453,VoxelCommit,1000,
453,EcsCommandBufferCommit,43600,
453,GasAndEventFinalize,17800,
453,ReplicationProjection,165700,
453,SnapshotHashMetrics,1200,
453,EgressPublish,16429700,
454,IngressCapture,4500,
454,DecodeAndCanonicalize,400,
454,ApplyInputs,243300,
454,ProcessorPlan,69800,
454,CrossWorldPrepare,1600,
454,NativeJobBarrier,400,
454,CommitDecision,500,
454,VoxelCommit,1200,
454,EcsCommandBufferCommit,44100,
454,GasAndEventFinalize,16900,
454,ReplicationProjection,163100,
454,SnapshotHashMetrics,800,
454,EgressPublish,9980000,
455,IngressCapture,8700,
455,DecodeAndCanonicalize,300,
455,ApplyInputs,319500,
455,ProcessorPlan,41100,
455,CrossWorldPrepare,1500,
455,NativeJobBarrier,300,
455,CommitDecision,900,
455,VoxelCommit,1100,
455,EcsCommandBufferCommit,38000,
455,GasAndEventFinalize,12600,
455,ReplicationProjection,146400,
455,SnapshotHashMetrics,200,
455,EgressPublish,19006100,
456,IngressCapture,5800,
456,DecodeAndCanonicalize,400,
456,ApplyInputs,271200,
456,ProcessorPlan,38300,
456,CrossWorldPrepare,700,
456,NativeJobBarrier,200,
456,CommitDecision,300,
456,VoxelCommit,800,
456,EcsCommandBufferCommit,34500,
456,GasAndEventFinalize,11900,
456,ReplicationProjection,189800,
456,SnapshotHashMetrics,300,
456,EgressPublish,17915200,
457,IngressCapture,5200,
457,DecodeAndCanonicalize,400,
457,ApplyInputs,238700,
457,ProcessorPlan,49700,
457,CrossWorldPrepare,900,
457,NativeJobBarrier,300,
457,CommitDecision,400,
457,VoxelCommit,700,
457,EcsCommandBufferCommit,43000,
457,GasAndEventFinalize,16300,
457,ReplicationProjection,180500,
457,SnapshotHashMetrics,300,
457,EgressPublish,14798900,
458,IngressCapture,4900,
458,DecodeAndCanonicalize,200,
458,ApplyInputs,731300,
458,ProcessorPlan,39900,
458,CrossWorldPrepare,800,
458,NativeJobBarrier,200,
458,CommitDecision,400,
458,VoxelCommit,500,
458,EcsCommandBufferCommit,40800,
458,GasAndEventFinalize,64500,
458,ReplicationProjection,164000,
458,SnapshotHashMetrics,700,
458,EgressPublish,18860800,
459,IngressCapture,4900,
459,DecodeAndCanonicalize,200,
459,ApplyInputs,265300,
459,ProcessorPlan,44900,
459,CrossWorldPrepare,1100,
459,NativeJobBarrier,400,
459,CommitDecision,500,
459,VoxelCommit,700,
459,EcsCommandBufferCommit,58900,
459,GasAndEventFinalize,16900,
459,ReplicationProjection,181300,
459,SnapshotHashMetrics,700,
459,EgressPublish,19074500,
460,IngressCapture,19700,
460,DecodeAndCanonicalize,200,
460,ApplyInputs,235800,
460,ProcessorPlan,37600,
460,CrossWorldPrepare,1300,
460,NativeJobBarrier,300,
460,CommitDecision,200,
460,VoxelCommit,600,
460,EcsCommandBufferCommit,35400,
460,GasAndEventFinalize,13900,
460,ReplicationProjection,185800,
460,SnapshotHashMetrics,400,
460,EgressPublish,17773400,
461,IngressCapture,5800,
461,DecodeAndCanonicalize,300,
461,ApplyInputs,301400,
461,ProcessorPlan,70300,
461,CrossWorldPrepare,1600,
461,NativeJobBarrier,700,
461,CommitDecision,800,
461,VoxelCommit,600,
461,EcsCommandBufferCommit,52000,
461,GasAndEventFinalize,18700,
461,ReplicationProjection,147200,
461,SnapshotHashMetrics,200,
461,EgressPublish,20720600,
462,IngressCapture,5100,
462,DecodeAndCanonicalize,300,
462,ApplyInputs,233000,
462,ProcessorPlan,34000,
462,CrossWorldPrepare,700,
462,NativeJobBarrier,300,
462,CommitDecision,200,
462,VoxelCommit,400,
462,EcsCommandBufferCommit,28000,
462,GasAndEventFinalize,11300,
462,ReplicationProjection,145500,
462,SnapshotHashMetrics,400,
462,EgressPublish,15297200,
463,IngressCapture,5700,
463,DecodeAndCanonicalize,200,
463,ApplyInputs,409100,
463,ProcessorPlan,45900,
463,CrossWorldPrepare,1100,
463,NativeJobBarrier,400,
463,CommitDecision,1100,
463,VoxelCommit,1000,
463,EcsCommandBufferCommit,546000,
463,GasAndEventFinalize,61800,
463,ReplicationProjection,383100,
463,SnapshotHashMetrics,1500,
463,EgressPublish,19047300,
464,IngressCapture,8300,
464,DecodeAndCanonicalize,900,
464,ApplyInputs,319600,
464,ProcessorPlan,49100,
464,CrossWorldPrepare,700,
464,NativeJobBarrier,500,
464,CommitDecision,700,
464,VoxelCommit,1200,
464,EcsCommandBufferCommit,53600,
464,GasAndEventFinalize,16900,
464,ReplicationProjection,194200,
464,SnapshotHashMetrics,400,
464,EgressPublish,20240000,
465,IngressCapture,6100,
465,DecodeAndCanonicalize,200,
465,ApplyInputs,227200,
465,ProcessorPlan,47900,
465,CrossWorldPrepare,1000,
465,NativeJobBarrier,500,
465,CommitDecision,200,
465,VoxelCommit,800,
465,EcsCommandBufferCommit,47700,
465,GasAndEventFinalize,16300,
465,ReplicationProjection,173900,
465,SnapshotHashMetrics,500,
465,EgressPublish,18288800,
466,IngressCapture,5900,
466,DecodeAndCanonicalize,100,
466,ApplyInputs,701400,
466,ProcessorPlan,45000,
466,CrossWorldPrepare,700,
466,NativeJobBarrier,200,
466,CommitDecision,300,
466,VoxelCommit,1000,
466,EcsCommandBufferCommit,43300,
466,GasAndEventFinalize,49400,
466,ReplicationProjection,178600,
466,SnapshotHashMetrics,400,
466,EgressPublish,21120600,
467,IngressCapture,4100,
467,DecodeAndCanonicalize,200,
467,ApplyInputs,208000,
467,ProcessorPlan,34400,
467,CrossWorldPrepare,500,
467,NativeJobBarrier,200,
467,CommitDecision,200,
467,VoxelCommit,600,
467,EcsCommandBufferCommit,33700,
467,GasAndEventFinalize,10800,
467,ReplicationProjection,194800,
467,SnapshotHashMetrics,400,
467,EgressPublish,19060300,
468,IngressCapture,6600,
468,DecodeAndCanonicalize,200,
468,ApplyInputs,248100,
468,ProcessorPlan,51800,
468,CrossWorldPrepare,1400,
468,NativeJobBarrier,200,
468,CommitDecision,700,
468,VoxelCommit,900,
468,EcsCommandBufferCommit,56800,
468,GasAndEventFinalize,16100,
468,ReplicationProjection,176400,
468,SnapshotHashMetrics,1000,
468,EgressPublish,20403100,
469,IngressCapture,5100,
469,DecodeAndCanonicalize,200,
469,ApplyInputs,271700,
469,ProcessorPlan,43300,
469,CrossWorldPrepare,1500,
469,NativeJobBarrier,400,
469,CommitDecision,600,
469,VoxelCommit,1100,
469,EcsCommandBufferCommit,42700,
469,GasAndEventFinalize,15000,
469,ReplicationProjection,161400,
469,SnapshotHashMetrics,900,
469,EgressPublish,18485600,
470,IngressCapture,5100,
470,DecodeAndCanonicalize,200,
470,ApplyInputs,317000,
470,ProcessorPlan,43800,
470,CrossWorldPrepare,600,
470,NativeJobBarrier,400,
470,CommitDecision,100,
470,VoxelCommit,800,
470,EcsCommandBufferCommit,42800,
470,GasAndEventFinalize,15500,
470,ReplicationProjection,166000,
470,SnapshotHashMetrics,700,
470,EgressPublish,18111900,
471,IngressCapture,5000,
471,DecodeAndCanonicalize,200,
471,ApplyInputs,187300,
471,ProcessorPlan,31600,
471,CrossWorldPrepare,800,
471,NativeJobBarrier,200,
471,CommitDecision,300,
471,VoxelCommit,800,
471,EcsCommandBufferCommit,33600,
471,GasAndEventFinalize,24300,
471,ReplicationProjection,108600,
471,SnapshotHashMetrics,200,
471,EgressPublish,21713000,
472,IngressCapture,7100,
472,DecodeAndCanonicalize,200,
472,ApplyInputs,280100,
472,ProcessorPlan,54100,
472,CrossWorldPrepare,1100,
472,NativeJobBarrier,200,
472,CommitDecision,400,
472,VoxelCommit,1100,
472,EcsCommandBufferCommit,63200,
472,GasAndEventFinalize,19700,
472,ReplicationProjection,184100,
472,SnapshotHashMetrics,600,
472,EgressPublish,17076400,
473,IngressCapture,5100,
473,DecodeAndCanonicalize,200,
473,ApplyInputs,688500,
473,ProcessorPlan,50800,
473,CrossWorldPrepare,900,
473,NativeJobBarrier,100,
473,CommitDecision,400,
473,VoxelCommit,800,
473,EcsCommandBufferCommit,34800,
473,GasAndEventFinalize,40500,
473,ReplicationProjection,116000,
473,SnapshotHashMetrics,200,
473,EgressPublish,20170200,
474,IngressCapture,5700,
474,DecodeAndCanonicalize,300,
474,ApplyInputs,230300,
474,ProcessorPlan,50200,
474,CrossWorldPrepare,800,
474,NativeJobBarrier,400,
474,CommitDecision,400,
474,VoxelCommit,600,
474,EcsCommandBufferCommit,61000,
474,GasAndEventFinalize,18300,
474,ReplicationProjection,190200,
474,SnapshotHashMetrics,700,
474,EgressPublish,20372500,
475,IngressCapture,4600,
475,DecodeAndCanonicalize,200,
475,ApplyInputs,262100,
475,ProcessorPlan,41900,
475,CrossWorldPrepare,1100,
475,NativeJobBarrier,200,
475,CommitDecision,400,
475,VoxelCommit,800,
475,EcsCommandBufferCommit,39000,
475,GasAndEventFinalize,12100,
475,ReplicationProjection,159500,
475,SnapshotHashMetrics,200,
475,EgressPublish,20903400,
476,IngressCapture,5700,
476,DecodeAndCanonicalize,500,
476,ApplyInputs,193800,
476,ProcessorPlan,28900,
476,CrossWorldPrepare,700,
476,NativeJobBarrier,300,
476,CommitDecision,400,
476,VoxelCommit,600,
476,EcsCommandBufferCommit,30900,
476,GasAndEventFinalize,10900,
476,ReplicationProjection,101300,
476,SnapshotHashMetrics,200,
476,EgressPublish,20762400,
477,IngressCapture,5900,
477,DecodeAndCanonicalize,300,
477,ApplyInputs,234400,
477,ProcessorPlan,47000,
477,CrossWorldPrepare,1500,
477,NativeJobBarrier,500,
477,CommitDecision,200,
477,VoxelCommit,600,
477,EcsCommandBufferCommit,47400,
477,GasAndEventFinalize,14900,
477,ReplicationProjection,179400,
477,SnapshotHashMetrics,400,
477,EgressPublish,17367500,
478,IngressCapture,7200,
478,DecodeAndCanonicalize,200,
478,ApplyInputs,434800,
478,ProcessorPlan,40700,
478,CrossWorldPrepare,1600,
478,NativeJobBarrier,300,
478,CommitDecision,400,
478,VoxelCommit,800,
478,EcsCommandBufferCommit,594600,
478,GasAndEventFinalize,73700,
478,ReplicationProjection,544800,
478,SnapshotHashMetrics,700,
478,EgressPublish,29415600,
479,IngressCapture,5000,
479,DecodeAndCanonicalize,400,
479,ApplyInputs,170800,
479,ProcessorPlan,35800,
479,CrossWorldPrepare,600,
479,NativeJobBarrier,300,
479,CommitDecision,300,
479,VoxelCommit,700,
479,EcsCommandBufferCommit,29200,
479,GasAndEventFinalize,8600,
479,ReplicationProjection,177700,
479,SnapshotHashMetrics,400,
479,EgressPublish,25661700,
480,IngressCapture,8400,
480,DecodeAndCanonicalize,300,
480,ApplyInputs,260500,
480,ProcessorPlan,39600,
480,CrossWorldPrepare,1000,
480,NativeJobBarrier,400,
480,CommitDecision,200,
480,VoxelCommit,400,
480,EcsCommandBufferCommit,42600,
480,GasAndEventFinalize,13100,
480,ReplicationProjection,158600,
480,SnapshotHashMetrics,400,
480,EgressPublish,22830700,
481,IngressCapture,5100,
481,DecodeAndCanonicalize,200,
481,ApplyInputs,583300,
481,ProcessorPlan,57400,
481,CrossWorldPrepare,700,
481,NativeJobBarrier,300,
481,CommitDecision,200,
481,VoxelCommit,500,
481,EcsCommandBufferCommit,29200,
481,GasAndEventFinalize,33900,
481,ReplicationProjection,153900,
481,SnapshotHashMetrics,500,
481,EgressPublish,25858300,
482,IngressCapture,5100,
482,DecodeAndCanonicalize,200,
482,ApplyInputs,200500,
482,ProcessorPlan,41100,
482,CrossWorldPrepare,700,
482,NativeJobBarrier,200,
482,CommitDecision,600,
482,VoxelCommit,900,
482,EcsCommandBufferCommit,33600,
482,GasAndEventFinalize,13700,
482,ReplicationProjection,948700,
482,SnapshotHashMetrics,1400,
482,EgressPublish,35696300,
483,IngressCapture,7900,
483,DecodeAndCanonicalize,300,
483,ApplyInputs,279700,
483,ProcessorPlan,41900,
483,CrossWorldPrepare,700,
483,NativeJobBarrier,300,
483,CommitDecision,500,
483,VoxelCommit,200,
483,EcsCommandBufferCommit,47800,
483,GasAndEventFinalize,18400,
483,ReplicationProjection,164300,
483,SnapshotHashMetrics,500,
483,EgressPublish,29631500,
484,IngressCapture,4200,
484,DecodeAndCanonicalize,200,
484,ApplyInputs,1249000,
484,ProcessorPlan,211200,
484,CrossWorldPrepare,3200,
484,NativeJobBarrier,400,
484,CommitDecision,300,
484,VoxelCommit,900,
484,EcsCommandBufferCommit,146700,
484,GasAndEventFinalize,17200,
484,ReplicationProjection,178500,
484,SnapshotHashMetrics,200,
484,EgressPublish,14351600,
485,IngressCapture,4500,
485,DecodeAndCanonicalize,200,
485,ApplyInputs,170000,
485,ProcessorPlan,35700,
485,CrossWorldPrepare,800,
485,NativeJobBarrier,100,
485,CommitDecision,600,
485,VoxelCommit,700,
485,EcsCommandBufferCommit,35800,
485,GasAndEventFinalize,12400,
485,ReplicationProjection,148100,
485,SnapshotHashMetrics,600,
485,EgressPublish,27558900,
486,IngressCapture,3800,
486,DecodeAndCanonicalize,200,
486,ApplyInputs,188400,
486,ProcessorPlan,34400,
486,CrossWorldPrepare,1900,
486,NativeJobBarrier,300,
486,CommitDecision,200,
486,VoxelCommit,500,
486,EcsCommandBufferCommit,28200,
486,GasAndEventFinalize,9700,
486,ReplicationProjection,142600,
486,SnapshotHashMetrics,400,
486,EgressPublish,16427200,
487,IngressCapture,4200,
487,DecodeAndCanonicalize,300,
487,ApplyInputs,165000,
487,ProcessorPlan,37500,
487,CrossWorldPrepare,500,
487,NativeJobBarrier,200,
487,CommitDecision,400,
487,VoxelCommit,300,
487,EcsCommandBufferCommit,37100,
487,GasAndEventFinalize,10900,
487,ReplicationProjection,155100,
487,SnapshotHashMetrics,700,
487,EgressPublish,17558400,
488,IngressCapture,3800,
488,DecodeAndCanonicalize,200,
488,ApplyInputs,187100,
488,ProcessorPlan,39900,
488,CrossWorldPrepare,1000,
488,NativeJobBarrier,300,
488,CommitDecision,300,
488,VoxelCommit,700,
488,EcsCommandBufferCommit,45200,
488,GasAndEventFinalize,13500,
488,ReplicationProjection,165500,
488,SnapshotHashMetrics,400,
488,EgressPublish,23759300,
489,IngressCapture,4100,
489,DecodeAndCanonicalize,200,
489,ApplyInputs,228500,
489,ProcessorPlan,43600,
489,CrossWorldPrepare,1000,
489,NativeJobBarrier,200,
489,CommitDecision,400,
489,VoxelCommit,700,
489,EcsCommandBufferCommit,40800,
489,GasAndEventFinalize,20700,
489,ReplicationProjection,165100,
489,SnapshotHashMetrics,800,
489,EgressPublish,18463500,
490,IngressCapture,3200,
490,DecodeAndCanonicalize,200,
490,ApplyInputs,556800,
490,ProcessorPlan,35800,
490,CrossWorldPrepare,1200,
490,NativeJobBarrier,200,
490,CommitDecision,200,
490,VoxelCommit,200,
490,EcsCommandBufferCommit,35000,
490,GasAndEventFinalize,42500,
490,ReplicationProjection,164800,
490,SnapshotHashMetrics,500,
490,EgressPublish,21970700,
491,IngressCapture,6100,
491,DecodeAndCanonicalize,500,
491,ApplyInputs,230800,
491,ProcessorPlan,51200,
491,CrossWorldPrepare,1000,
491,NativeJobBarrier,300,
491,CommitDecision,800,
491,VoxelCommit,800,
491,EcsCommandBufferCommit,50600,
491,GasAndEventFinalize,51000,
491,ReplicationProjection,209500,
491,SnapshotHashMetrics,1200,
491,EgressPublish,26273100,
492,IngressCapture,7600,
492,DecodeAndCanonicalize,300,
492,ApplyInputs,332600,
492,ProcessorPlan,57300,
492,CrossWorldPrepare,1700,
492,NativeJobBarrier,300,
492,CommitDecision,800,
492,VoxelCommit,1800,
492,EcsCommandBufferCommit,65700,
492,GasAndEventFinalize,20000,
492,ReplicationProjection,176800,
492,SnapshotHashMetrics,1000,
492,EgressPublish,23085100,
493,IngressCapture,7100,
493,DecodeAndCanonicalize,900,
493,ApplyInputs,211100,
493,ProcessorPlan,41800,
493,CrossWorldPrepare,1200,
493,NativeJobBarrier,300,
493,CommitDecision,600,
493,VoxelCommit,1200,
493,EcsCommandBufferCommit,43800,
493,GasAndEventFinalize,13500,
493,ReplicationProjection,158700,
493,SnapshotHashMetrics,1000,
493,EgressPublish,19242500,
494,IngressCapture,3700,
494,DecodeAndCanonicalize,200,
494,ApplyInputs,476200,
494,ProcessorPlan,39800,
494,CrossWorldPrepare,700,
494,NativeJobBarrier,200,
494,CommitDecision,400,
494,VoxelCommit,600,
494,EcsCommandBufferCommit,37700,
494,GasAndEventFinalize,11000,
494,ReplicationProjection,153400,
494,SnapshotHashMetrics,200,
494,EgressPublish,28330800,
495,IngressCapture,4400,
495,DecodeAndCanonicalize,200,
495,ApplyInputs,206000,
495,ProcessorPlan,37000,
495,CrossWorldPrepare,700,
495,NativeJobBarrier,100,
495,CommitDecision,400,
495,VoxelCommit,500,
495,EcsCommandBufferCommit,36300,
495,GasAndEventFinalize,9900,
495,ReplicationProjection,153600,
495,SnapshotHashMetrics,300,
495,EgressPublish,20194600,
496,IngressCapture,5700,
496,DecodeAndCanonicalize,200,
496,ApplyInputs,759400,
496,ProcessorPlan,69300,
496,CrossWorldPrepare,1100,
496,NativeJobBarrier,200,
496,CommitDecision,200,
496,VoxelCommit,600,
496,EcsCommandBufferCommit,396900,
496,GasAndEventFinalize,191700,
496,ReplicationProjection,199900,
496,SnapshotHashMetrics,500,
496,EgressPublish,29106800,
497,IngressCapture,4300,
497,DecodeAndCanonicalize,200,
497,ApplyInputs,208100,
497,ProcessorPlan,35400,
497,CrossWorldPrepare,700,
497,NativeJobBarrier,500,
497,CommitDecision,200,
497,VoxelCommit,600,
497,EcsCommandBufferCommit,32500,
497,GasAndEventFinalize,12600,
497,ReplicationProjection,145700,
497,SnapshotHashMetrics,700,
497,EgressPublish,21259400,
498,IngressCapture,5500,
498,DecodeAndCanonicalize,200,
498,ApplyInputs,841600,
498,ProcessorPlan,41600,
498,CrossWorldPrepare,1000,
498,NativeJobBarrier,500,
498,CommitDecision,800,
498,VoxelCommit,800,
498,EcsCommandBufferCommit,49200,
498,GasAndEventFinalize,43500,
498,ReplicationProjection,161000,
498,SnapshotHashMetrics,500,
498,EgressPublish,16215200,
499,IngressCapture,4800,
499,DecodeAndCanonicalize,900,
499,ApplyInputs,179300,
499,ProcessorPlan,614800,
499,CrossWorldPrepare,2400,
499,NativeJobBarrier,300,
499,CommitDecision,200,
499,VoxelCommit,500,
499,EcsCommandBufferCommit,361800,
499,GasAndEventFinalize,17100,
499,ReplicationProjection,160600,
499,SnapshotHashMetrics,600,
499,EgressPublish,23325300,
500,IngressCapture,4500,
500,DecodeAndCanonicalize,300,
500,ApplyInputs,212200,
500,ProcessorPlan,40400,
500,CrossWorldPrepare,1300,
500,NativeJobBarrier,200,
500,CommitDecision,300,
500,VoxelCommit,600,
500,EcsCommandBufferCommit,36300,
500,GasAndEventFinalize,14800,
500,ReplicationProjection,167000,
500,SnapshotHashMetrics,500,
500,EgressPublish,17880100,
501,IngressCapture,3800,
501,DecodeAndCanonicalize,400,
501,ApplyInputs,175200,
501,ProcessorPlan,39100,
501,CrossWorldPrepare,600,
501,NativeJobBarrier,300,
501,CommitDecision,200,
501,VoxelCommit,600,
501,EcsCommandBufferCommit,34200,
501,GasAndEventFinalize,11000,
501,ReplicationProjection,171600,
501,SnapshotHashMetrics,300,
501,EgressPublish,18200400,
502,IngressCapture,4400,
502,DecodeAndCanonicalize,200,
502,ApplyInputs,235500,
502,ProcessorPlan,36700,
502,CrossWorldPrepare,500,
502,NativeJobBarrier,400,
502,CommitDecision,200,
502,VoxelCommit,400,
502,EcsCommandBufferCommit,29800,
502,GasAndEventFinalize,11500,
502,ReplicationProjection,969500,
502,SnapshotHashMetrics,900,
502,EgressPublish,16551500,
503,IngressCapture,5000,
503,DecodeAndCanonicalize,200,
503,ApplyInputs,972000,
503,ProcessorPlan,39200,
503,CrossWorldPrepare,800,
503,NativeJobBarrier,1000,
503,CommitDecision,300,
503,VoxelCommit,1100,
503,EcsCommandBufferCommit,37600,
503,GasAndEventFinalize,14200,
503,ReplicationProjection,159800,
503,SnapshotHashMetrics,1200,
503,EgressPublish,17363700,
504,IngressCapture,4700,
504,DecodeAndCanonicalize,300,
504,ApplyInputs,200100,
504,ProcessorPlan,41300,
504,CrossWorldPrepare,1100,
504,NativeJobBarrier,200,
504,CommitDecision,500,
504,VoxelCommit,800,
504,EcsCommandBufferCommit,39400,
504,GasAndEventFinalize,13600,
504,ReplicationProjection,142500,
504,SnapshotHashMetrics,300,
504,EgressPublish,18803800,
505,IngressCapture,3800,
505,DecodeAndCanonicalize,200,
505,ApplyInputs,212800,
505,ProcessorPlan,38300,
505,CrossWorldPrepare,900,
505,NativeJobBarrier,400,
505,CommitDecision,400,
505,VoxelCommit,600,
505,EcsCommandBufferCommit,34200,
505,GasAndEventFinalize,13100,
505,ReplicationProjection,143500,
505,SnapshotHashMetrics,300,
505,EgressPublish,15058100,
506,IngressCapture,4300,
506,DecodeAndCanonicalize,200,
506,ApplyInputs,428800,
506,ProcessorPlan,66800,
506,CrossWorldPrepare,700,
506,NativeJobBarrier,200,
506,CommitDecision,200,
506,VoxelCommit,400,
506,EcsCommandBufferCommit,51000,
506,GasAndEventFinalize,43100,
506,ReplicationProjection,214700,
506,SnapshotHashMetrics,300,
506,EgressPublish,21520300,
507,IngressCapture,5100,
507,DecodeAndCanonicalize,300,
507,ApplyInputs,229200,
507,ProcessorPlan,38200,
507,CrossWorldPrepare,600,
507,NativeJobBarrier,200,
507,CommitDecision,600,
507,VoxelCommit,600,
507,EcsCommandBufferCommit,37400,
507,GasAndEventFinalize,13600,
507,ReplicationProjection,138300,
507,SnapshotHashMetrics,600,
507,EgressPublish,26376900,
508,IngressCapture,6100,
508,DecodeAndCanonicalize,400,
508,ApplyInputs,248700,
508,ProcessorPlan,34300,
508,CrossWorldPrepare,700,
508,NativeJobBarrier,300,
508,CommitDecision,200,
508,VoxelCommit,600,
508,EcsCommandBufferCommit,34300,
508,GasAndEventFinalize,11900,
508,ReplicationProjection,144800,
508,SnapshotHashMetrics,400,
508,EgressPublish,16001200,
509,IngressCapture,5100,
509,DecodeAndCanonicalize,200,
509,ApplyInputs,197600,
509,ProcessorPlan,83800,
509,CrossWorldPrepare,1000,
509,NativeJobBarrier,200,
509,CommitDecision,700,
509,VoxelCommit,500,
509,EcsCommandBufferCommit,51500,
509,GasAndEventFinalize,13700,
509,ReplicationProjection,118700,
509,SnapshotHashMetrics,500,
509,EgressPublish,18251900,
510,IngressCapture,4800,
510,DecodeAndCanonicalize,200,
510,ApplyInputs,268900,
510,ProcessorPlan,39400,
510,CrossWorldPrepare,1000,
510,NativeJobBarrier,200,
510,CommitDecision,400,
510,VoxelCommit,1400,
510,EcsCommandBufferCommit,44100,
510,GasAndEventFinalize,15700,
510,ReplicationProjection,153600,
510,SnapshotHashMetrics,400,
510,EgressPublish,17465000,
511,IngressCapture,4400,
511,DecodeAndCanonicalize,200,
511,ApplyInputs,207800,
511,ProcessorPlan,44100,
511,CrossWorldPrepare,900,
511,NativeJobBarrier,200,
511,CommitDecision,500,
511,VoxelCommit,1500,
511,EcsCommandBufferCommit,42800,
511,GasAndEventFinalize,16200,
511,ReplicationProjection,160000,
511,SnapshotHashMetrics,500,
511,EgressPublish,32685300,
512,IngressCapture,3900,
512,DecodeAndCanonicalize,200,
512,ApplyInputs,215500,
512,ProcessorPlan,39800,
512,CrossWorldPrepare,800,
512,NativeJobBarrier,200,
512,CommitDecision,400,
512,VoxelCommit,800,
512,EcsCommandBufferCommit,36200,
512,GasAndEventFinalize,14600,
512,ReplicationProjection,149600,
512,SnapshotHashMetrics,300,
512,EgressPublish,16755000,
513,IngressCapture,5100,
513,DecodeAndCanonicalize,600,
513,ApplyInputs,379400,
513,ProcessorPlan,40400,
513,CrossWorldPrepare,800,
513,NativeJobBarrier,200,
513,CommitDecision,200,
513,VoxelCommit,800,
513,EcsCommandBufferCommit,213900,
513,GasAndEventFinalize,35700,
513,ReplicationProjection,550500,
513,SnapshotHashMetrics,500,
513,EgressPublish,19493600,
514,IngressCapture,3500,
514,DecodeAndCanonicalize,300,
514,ApplyInputs,564100,
514,ProcessorPlan,89100,
514,CrossWorldPrepare,900,
514,NativeJobBarrier,400,
514,CommitDecision,1400,
514,VoxelCommit,800,
514,EcsCommandBufferCommit,48000,
514,GasAndEventFinalize,63500,
514,ReplicationProjection,166500,
514,SnapshotHashMetrics,300,
514,EgressPublish,20843700,
515,IngressCapture,4300,
515,DecodeAndCanonicalize,300,
515,ApplyInputs,265100,
515,ProcessorPlan,45700,
515,CrossWorldPrepare,1300,
515,NativeJobBarrier,400,
515,CommitDecision,700,
515,VoxelCommit,800,
515,EcsCommandBufferCommit,48600,
515,GasAndEventFinalize,14200,
515,ReplicationProjection,140700,
515,SnapshotHashMetrics,800,
515,EgressPublish,17120400,
516,IngressCapture,5400,
516,DecodeAndCanonicalize,200,
516,ApplyInputs,233300,
516,ProcessorPlan,45800,
516,CrossWorldPrepare,1100,
516,NativeJobBarrier,200,
516,CommitDecision,300,
516,VoxelCommit,700,
516,EcsCommandBufferCommit,46400,
516,GasAndEventFinalize,15000,
516,ReplicationProjection,147600,
516,SnapshotHashMetrics,200,
516,EgressPublish,16311800,
517,IngressCapture,5400,
517,DecodeAndCanonicalize,300,
517,ApplyInputs,187900,
517,ProcessorPlan,42300,
517,CrossWorldPrepare,900,
517,NativeJobBarrier,600,
517,CommitDecision,900,
517,VoxelCommit,1400,
517,EcsCommandBufferCommit,52000,
517,GasAndEventFinalize,14500,
517,ReplicationProjection,144100,
517,SnapshotHashMetrics,400,
517,EgressPublish,16403200,
518,IngressCapture,4000,
518,DecodeAndCanonicalize,300,
518,ApplyInputs,218600,
518,ProcessorPlan,39100,
518,CrossWorldPrepare,600,
518,NativeJobBarrier,200,
518,CommitDecision,400,
518,VoxelCommit,600,
518,EcsCommandBufferCommit,44500,
518,GasAndEventFinalize,14400,
518,ReplicationProjection,148000,
518,SnapshotHashMetrics,900,
518,EgressPublish,18770900,
519,IngressCapture,6200,
519,DecodeAndCanonicalize,200,
519,ApplyInputs,233400,
519,ProcessorPlan,40700,
519,CrossWorldPrepare,1100,
519,NativeJobBarrier,200,
519,CommitDecision,600,
519,VoxelCommit,1600,
519,EcsCommandBufferCommit,70400,
519,GasAndEventFinalize,16000,
519,ReplicationProjection,148500,
519,SnapshotHashMetrics,400,
519,EgressPublish,20741800,
520,IngressCapture,4200,
520,DecodeAndCanonicalize,200,
520,ApplyInputs,240200,
520,ProcessorPlan,43000,
520,CrossWorldPrepare,900,
520,NativeJobBarrier,200,
520,CommitDecision,200,
520,VoxelCommit,800,
520,EcsCommandBufferCommit,54200,
520,GasAndEventFinalize,17900,
520,ReplicationProjection,133100,
520,SnapshotHashMetrics,200,
520,EgressPublish,21624600,
521,IngressCapture,6000,
521,DecodeAndCanonicalize,500,
521,ApplyInputs,348800,
521,ProcessorPlan,48900,
521,CrossWorldPrepare,1400,
521,NativeJobBarrier,200,
521,CommitDecision,900,
521,VoxelCommit,1400,
521,EcsCommandBufferCommit,48900,
521,GasAndEventFinalize,14100,
521,ReplicationProjection,162000,
521,SnapshotHashMetrics,1000,
521,EgressPublish,17407200,
522,IngressCapture,5000,
522,DecodeAndCanonicalize,400,
522,ApplyInputs,509600,
522,ProcessorPlan,90400,
522,CrossWorldPrepare,1100,
522,NativeJobBarrier,400,
522,CommitDecision,700,
522,VoxelCommit,1100,
522,EcsCommandBufferCommit,50400,
522,GasAndEventFinalize,55500,
522,ReplicationProjection,153500,
522,SnapshotHashMetrics,600,
522,EgressPublish,21174200,
523,IngressCapture,4900,
523,DecodeAndCanonicalize,500,
523,ApplyInputs,308300,
523,ProcessorPlan,49800,
523,CrossWorldPrepare,1400,
523,NativeJobBarrier,100,
523,CommitDecision,500,
523,VoxelCommit,1500,
523,EcsCommandBufferCommit,68200,
523,GasAndEventFinalize,21400,
523,ReplicationProjection,154400,
523,SnapshotHashMetrics,400,
523,EgressPublish,20715000,
524,IngressCapture,4900,
524,DecodeAndCanonicalize,300,
524,ApplyInputs,297300,
524,ProcessorPlan,46600,
524,CrossWorldPrepare,1100,
524,NativeJobBarrier,500,
524,CommitDecision,300,
524,VoxelCommit,900,
524,EcsCommandBufferCommit,55700,
524,GasAndEventFinalize,18200,
524,ReplicationProjection,139400,
524,SnapshotHashMetrics,400,
524,EgressPublish,17695600,
525,IngressCapture,4800,
525,DecodeAndCanonicalize,200,
525,ApplyInputs,254400,
525,ProcessorPlan,41300,
525,CrossWorldPrepare,1100,
525,NativeJobBarrier,200,
525,CommitDecision,200,
525,VoxelCommit,1400,
525,EcsCommandBufferCommit,51300,
525,GasAndEventFinalize,17900,
525,ReplicationProjection,158100,
525,SnapshotHashMetrics,800,
525,EgressPublish,21858400,
526,IngressCapture,4600,
526,DecodeAndCanonicalize,300,
526,ApplyInputs,266700,
526,ProcessorPlan,40400,
526,CrossWorldPrepare,900,
526,NativeJobBarrier,200,
526,CommitDecision,900,
526,VoxelCommit,400,
526,EcsCommandBufferCommit,42800,
526,GasAndEventFinalize,14100,
526,ReplicationProjection,148700,
526,SnapshotHashMetrics,200,
526,EgressPublish,19614000,
527,IngressCapture,5200,
527,DecodeAndCanonicalize,100,
527,ApplyInputs,330300,
527,ProcessorPlan,40300,
527,CrossWorldPrepare,500,
527,NativeJobBarrier,300,
527,CommitDecision,300,
527,VoxelCommit,500,
527,EcsCommandBufferCommit,225800,
527,GasAndEventFinalize,38500,
527,ReplicationProjection,360900,
527,SnapshotHashMetrics,1400,
527,EgressPublish,19737400,
528,IngressCapture,5300,
528,DecodeAndCanonicalize,200,
528,ApplyInputs,314900,
528,ProcessorPlan,46900,
528,CrossWorldPrepare,900,
528,NativeJobBarrier,200,
528,CommitDecision,200,
528,VoxelCommit,400,
528,EcsCommandBufferCommit,51300,
528,GasAndEventFinalize,16600,
528,ReplicationProjection,144000,
528,SnapshotHashMetrics,400,
528,EgressPublish,22107500,
529,IngressCapture,5800,
529,DecodeAndCanonicalize,100,
529,ApplyInputs,239800,
529,ProcessorPlan,125800,
529,CrossWorldPrepare,2200,
529,NativeJobBarrier,400,
529,CommitDecision,200,
529,VoxelCommit,700,
529,EcsCommandBufferCommit,62300,
529,GasAndEventFinalize,17100,
529,ReplicationProjection,186300,
529,SnapshotHashMetrics,400,
529,EgressPublish,21323500,
530,IngressCapture,4900,
530,DecodeAndCanonicalize,200,
530,ApplyInputs,656000,
530,ProcessorPlan,89800,
530,CrossWorldPrepare,1400,
530,NativeJobBarrier,400,
530,CommitDecision,1200,
530,VoxelCommit,1100,
530,EcsCommandBufferCommit,60700,
530,GasAndEventFinalize,55100,
530,ReplicationProjection,149000,
530,SnapshotHashMetrics,500,
530,EgressPublish,19631800,
531,IngressCapture,5500,
531,DecodeAndCanonicalize,200,
531,ApplyInputs,303400,
531,ProcessorPlan,58900,
531,CrossWorldPrepare,2000,
531,NativeJobBarrier,200,
531,CommitDecision,1100,
531,VoxelCommit,900,
531,EcsCommandBufferCommit,84600,
531,GasAndEventFinalize,22700,
531,ReplicationProjection,172800,
531,SnapshotHashMetrics,800,
531,EgressPublish,22613100,
532,IngressCapture,5500,
532,DecodeAndCanonicalize,300,
532,ApplyInputs,241000,
532,ProcessorPlan,39000,
532,CrossWorldPrepare,1500,
532,NativeJobBarrier,200,
532,CommitDecision,400,
532,VoxelCommit,400,
532,EcsCommandBufferCommit,52000,
532,GasAndEventFinalize,13200,
532,ReplicationProjection,162200,
532,SnapshotHashMetrics,400,
532,EgressPublish,16838800,
533,IngressCapture,7000,
533,DecodeAndCanonicalize,200,
533,ApplyInputs,296900,
533,ProcessorPlan,43000,
533,CrossWorldPrepare,1500,
533,NativeJobBarrier,300,
533,CommitDecision,600,
533,VoxelCommit,900,
533,EcsCommandBufferCommit,48700,
533,GasAndEventFinalize,15100,
533,ReplicationProjection,145500,
533,SnapshotHashMetrics,400,
533,EgressPublish,21833300,
534,IngressCapture,4400,
534,DecodeAndCanonicalize,300,
534,ApplyInputs,285100,
534,ProcessorPlan,42400,
534,CrossWorldPrepare,1600,
534,NativeJobBarrier,200,
534,CommitDecision,600,
534,VoxelCommit,700,
534,EcsCommandBufferCommit,55900,
534,GasAndEventFinalize,17700,
534,ReplicationProjection,158200,
534,SnapshotHashMetrics,300,
534,EgressPublish,19176000,
535,IngressCapture,4700,
535,DecodeAndCanonicalize,200,
535,ApplyInputs,201300,
535,ProcessorPlan,40100,
535,CrossWorldPrepare,1000,
535,NativeJobBarrier,100,
535,CommitDecision,500,
535,VoxelCommit,500,
535,EcsCommandBufferCommit,41600,
535,GasAndEventFinalize,16000,
535,ReplicationProjection,155700,
535,SnapshotHashMetrics,600,
535,EgressPublish,21820800,
536,IngressCapture,5400,
536,DecodeAndCanonicalize,200,
536,ApplyInputs,264600,
536,ProcessorPlan,35700,
536,CrossWorldPrepare,900,
536,NativeJobBarrier,200,
536,CommitDecision,400,
536,VoxelCommit,200,
536,EcsCommandBufferCommit,43100,
536,GasAndEventFinalize,17400,
536,ReplicationProjection,145100,
536,SnapshotHashMetrics,500,
536,EgressPublish,20352300,
537,IngressCapture,5000,
537,DecodeAndCanonicalize,200,
537,ApplyInputs,237200,
537,ProcessorPlan,44100,
537,CrossWorldPrepare,1300,
537,NativeJobBarrier,300,
537,CommitDecision,300,
537,VoxelCommit,800,
537,EcsCommandBufferCommit,53700,
537,GasAndEventFinalize,16800,
537,ReplicationProjection,158100,
537,SnapshotHashMetrics,500,
537,EgressPublish,20876600,
538,IngressCapture,3900,
538,DecodeAndCanonicalize,200,
538,ApplyInputs,541900,
538,ProcessorPlan,58800,
538,CrossWorldPrepare,1200,
538,NativeJobBarrier,400,
538,CommitDecision,200,
538,VoxelCommit,800,
538,EcsCommandBufferCommit,38600,
538,GasAndEventFinalize,41400,
538,ReplicationProjection,146000,
538,SnapshotHashMetrics,300,
538,EgressPublish,32542200,
539,IngressCapture,5600,
539,DecodeAndCanonicalize,400,
539,ApplyInputs,1043400,
539,ProcessorPlan,55500,
539,CrossWorldPrepare,900,
539,NativeJobBarrier,300,
539,CommitDecision,400,
539,VoxelCommit,500,
539,EcsCommandBufferCommit,59300,
539,GasAndEventFinalize,144600,
539,ReplicationProjection,168500,
539,SnapshotHashMetrics,700,
539,EgressPublish,22322300,
540,IngressCapture,6300,
540,DecodeAndCanonicalize,200,
540,ApplyInputs,313000,
540,ProcessorPlan,45900,
540,CrossWorldPrepare,1100,
540,NativeJobBarrier,800,
540,CommitDecision,600,
540,VoxelCommit,800,
540,EcsCommandBufferCommit,59800,
540,GasAndEventFinalize,21100,
540,ReplicationProjection,162600,
540,SnapshotHashMetrics,500,
540,EgressPublish,24341200,
541,IngressCapture,7400,
541,DecodeAndCanonicalize,400,
541,ApplyInputs,313000,
541,ProcessorPlan,55200,
541,CrossWorldPrepare,1800,
541,NativeJobBarrier,400,
541,CommitDecision,800,
541,VoxelCommit,1100,
541,EcsCommandBufferCommit,74700,
541,GasAndEventFinalize,23400,
541,ReplicationProjection,202500,
541,SnapshotHashMetrics,900,
541,EgressPublish,20911300,
542,IngressCapture,5400,
542,DecodeAndCanonicalize,200,
542,ApplyInputs,267300,
542,ProcessorPlan,38300,
542,CrossWorldPrepare,600,
542,NativeJobBarrier,200,
542,CommitDecision,500,
542,VoxelCommit,800,
542,EcsCommandBufferCommit,48900,
542,GasAndEventFinalize,17100,
542,ReplicationProjection,144600,
542,SnapshotHashMetrics,300,
542,EgressPublish,20029700,
543,IngressCapture,5300,
543,DecodeAndCanonicalize,300,
543,ApplyInputs,316800,
543,ProcessorPlan,54000,
543,CrossWorldPrepare,1400,
543,NativeJobBarrier,400,
543,CommitDecision,700,
543,VoxelCommit,900,
543,EcsCommandBufferCommit,48300,
543,GasAndEventFinalize,12700,
543,ReplicationProjection,152500,
543,SnapshotHashMetrics,500,
543,EgressPublish,18461600,
544,IngressCapture,19300,
544,DecodeAndCanonicalize,400,
544,ApplyInputs,211300,
544,ProcessorPlan,39000,
544,CrossWorldPrepare,700,
544,NativeJobBarrier,200,
544,CommitDecision,300,
544,VoxelCommit,700,
544,EcsCommandBufferCommit,41500,
544,GasAndEventFinalize,16700,
544,ReplicationProjection,174400,
544,SnapshotHashMetrics,600,
544,EgressPublish,18337500,
545,IngressCapture,5400,
545,DecodeAndCanonicalize,300,
545,ApplyInputs,291900,
545,ProcessorPlan,44900,
545,CrossWorldPrepare,1100,
545,NativeJobBarrier,600,
545,CommitDecision,300,
545,VoxelCommit,1100,
545,EcsCommandBufferCommit,52700,
545,GasAndEventFinalize,22900,
545,ReplicationProjection,208200,
545,SnapshotHashMetrics,500,
545,EgressPublish,19047600,
546,IngressCapture,6300,
546,DecodeAndCanonicalize,200,
546,ApplyInputs,258800,
546,ProcessorPlan,48600,
546,CrossWorldPrepare,800,
546,NativeJobBarrier,300,
546,CommitDecision,700,
546,VoxelCommit,700,
546,EcsCommandBufferCommit,52600,
546,GasAndEventFinalize,16600,
546,ReplicationProjection,146700,
546,SnapshotHashMetrics,300,
546,EgressPublish,19486500,
547,IngressCapture,4200,
547,DecodeAndCanonicalize,200,
547,ApplyInputs,861600,
547,ProcessorPlan,43700,
547,CrossWorldPrepare,700,
547,NativeJobBarrier,300,
547,CommitDecision,300,
547,VoxelCommit,700,
547,EcsCommandBufferCommit,38600,
547,GasAndEventFinalize,40300,
547,ReplicationProjection,170000,
547,SnapshotHashMetrics,400,
547,EgressPublish,15954800,
548,IngressCapture,5700,
548,DecodeAndCanonicalize,200,
548,ApplyInputs,226700,
548,ProcessorPlan,41800,
548,CrossWorldPrepare,1200,
548,NativeJobBarrier,200,
548,CommitDecision,200,
548,VoxelCommit,500,
548,EcsCommandBufferCommit,47400,
548,GasAndEventFinalize,15700,
548,ReplicationProjection,148300,
548,SnapshotHashMetrics,200,
548,EgressPublish,21032700,
549,IngressCapture,4900,
549,DecodeAndCanonicalize,200,
549,ApplyInputs,233000,
549,ProcessorPlan,30800,
549,CrossWorldPrepare,2100,
549,NativeJobBarrier,200,
549,CommitDecision,300,
549,VoxelCommit,400,
549,EcsCommandBufferCommit,41100,
549,GasAndEventFinalize,14600,
549,ReplicationProjection,101300,
549,SnapshotHashMetrics,600,
549,EgressPublish,15075800,
550,IngressCapture,4300,
550,DecodeAndCanonicalize,500,
550,ApplyInputs,218200,
550,ProcessorPlan,39400,
550,CrossWorldPrepare,1500,
550,NativeJobBarrier,300,
550,CommitDecision,900,
550,VoxelCommit,600,
550,EcsCommandBufferCommit,47500,
550,GasAndEventFinalize,14600,
550,ReplicationProjection,117200,
550,SnapshotHashMetrics,200,
550,EgressPublish,16523900,
551,IngressCapture,5800,
551,DecodeAndCanonicalize,600,
551,ApplyInputs,185000,
551,ProcessorPlan,44100,
551,CrossWorldPrepare,900,
551,NativeJobBarrier,100,
551,CommitDecision,500,
551,VoxelCommit,700,
551,EcsCommandBufferCommit,40600,
551,GasAndEventFinalize,13200,
551,ReplicationProjection,99200,
551,SnapshotHashMetrics,300,
551,EgressPublish,19926300,
552,IngressCapture,4800,
552,DecodeAndCanonicalize,200,
552,ApplyInputs,227700,
552,ProcessorPlan,36100,
552,CrossWorldPrepare,800,
552,NativeJobBarrier,500,
552,CommitDecision,700,
552,VoxelCommit,500,
552,EcsCommandBufferCommit,47000,
552,GasAndEventFinalize,17000,
552,ReplicationProjection,143100,
552,SnapshotHashMetrics,500,
552,EgressPublish,18776400,
553,IngressCapture,3300,
553,DecodeAndCanonicalize,200,
553,ApplyInputs,204300,
553,ProcessorPlan,41300,
553,CrossWorldPrepare,900,
553,NativeJobBarrier,800,
553,CommitDecision,400,
553,VoxelCommit,700,
553,EcsCommandBufferCommit,46600,
553,GasAndEventFinalize,16400,
553,ReplicationProjection,150800,
553,SnapshotHashMetrics,500,
553,EgressPublish,19543600,
554,IngressCapture,6000,
554,DecodeAndCanonicalize,200,
554,ApplyInputs,835800,
554,ProcessorPlan,72100,
554,CrossWorldPrepare,700,
554,NativeJobBarrier,400,
554,CommitDecision,300,
554,VoxelCommit,600,
554,EcsCommandBufferCommit,38700,
554,GasAndEventFinalize,39500,
554,ReplicationProjection,167800,
554,SnapshotHashMetrics,400,
554,EgressPublish,16484800,
555,IngressCapture,6800,
555,DecodeAndCanonicalize,200,
555,ApplyInputs,332300,
555,ProcessorPlan,48200,
555,CrossWorldPrepare,1700,
555,NativeJobBarrier,200,
555,CommitDecision,300,
555,VoxelCommit,500,
555,EcsCommandBufferCommit,48500,
555,GasAndEventFinalize,19500,
555,ReplicationProjection,156800,
555,SnapshotHashMetrics,300,
555,EgressPublish,19077000,
556,IngressCapture,4300,
556,DecodeAndCanonicalize,300,
556,ApplyInputs,207500,
556,ProcessorPlan,47200,
556,CrossWorldPrepare,1200,
556,NativeJobBarrier,200,
556,CommitDecision,700,
556,VoxelCommit,900,
556,EcsCommandBufferCommit,48000,
556,GasAndEventFinalize,17600,
556,ReplicationProjection,152700,
556,SnapshotHashMetrics,400,
556,EgressPublish,20545800,
557,IngressCapture,5200,
557,DecodeAndCanonicalize,300,
557,ApplyInputs,382000,
557,ProcessorPlan,39700,
557,CrossWorldPrepare,900,
557,NativeJobBarrier,300,
557,CommitDecision,300,
557,VoxelCommit,1000,
557,EcsCommandBufferCommit,48100,
557,GasAndEventFinalize,16500,
557,ReplicationProjection,142100,
557,SnapshotHashMetrics,700,
557,EgressPublish,15532900,
558,IngressCapture,5400,
558,DecodeAndCanonicalize,400,
558,ApplyInputs,240600,
558,ProcessorPlan,54700,
558,CrossWorldPrepare,500,
558,NativeJobBarrier,500,
558,CommitDecision,200,
558,VoxelCommit,800,
558,EcsCommandBufferCommit,50200,
558,GasAndEventFinalize,18900,
558,ReplicationProjection,162500,
558,SnapshotHashMetrics,500,
558,EgressPublish,19581700,
559,IngressCapture,5200,
559,DecodeAndCanonicalize,200,
559,ApplyInputs,258200,
559,ProcessorPlan,38300,
559,CrossWorldPrepare,500,
559,NativeJobBarrier,600,
559,CommitDecision,200,
559,VoxelCommit,600,
559,EcsCommandBufferCommit,42200,
559,GasAndEventFinalize,15700,
559,ReplicationProjection,143400,
559,SnapshotHashMetrics,400,
559,EgressPublish,16816400,
560,IngressCapture,6000,
560,DecodeAndCanonicalize,300,
560,ApplyInputs,222400,
560,ProcessorPlan,37100,
560,CrossWorldPrepare,1300,
560,NativeJobBarrier,200,
560,CommitDecision,900,
560,VoxelCommit,800,
560,EcsCommandBufferCommit,43400,
560,GasAndEventFinalize,13400,
560,ReplicationProjection,99300,
560,SnapshotHashMetrics,200,
560,EgressPublish,15525400,
561,IngressCapture,4300,
561,DecodeAndCanonicalize,200,
561,ApplyInputs,255900,
561,ProcessorPlan,39800,
561,CrossWorldPrepare,600,
561,NativeJobBarrier,200,
561,CommitDecision,1300,
561,VoxelCommit,500,
561,EcsCommandBufferCommit,40800,
561,GasAndEventFinalize,14100,
561,ReplicationProjection,143200,
561,SnapshotHashMetrics,800,
561,EgressPublish,17548200,
562,IngressCapture,5400,
562,DecodeAndCanonicalize,200,
562,ApplyInputs,443700,
562,ProcessorPlan,82800,
562,CrossWorldPrepare,1000,
562,NativeJobBarrier,400,
562,CommitDecision,300,
562,VoxelCommit,700,
562,EcsCommandBufferCommit,43600,
562,GasAndEventFinalize,50300,
562,ReplicationProjection,169400,
562,SnapshotHashMetrics,500,
562,EgressPublish,16048500,
563,IngressCapture,4700,
563,DecodeAndCanonicalize,200,
563,ApplyInputs,310000,
563,ProcessorPlan,47000,
563,CrossWorldPrepare,900,
563,NativeJobBarrier,300,
563,CommitDecision,800,
563,VoxelCommit,1100,
563,EcsCommandBufferCommit,56800,
563,GasAndEventFinalize,18100,
563,ReplicationProjection,165000,
563,SnapshotHashMetrics,500,
563,EgressPublish,16496100,
564,IngressCapture,3600,
564,DecodeAndCanonicalize,200,
564,ApplyInputs,165400,
564,ProcessorPlan,25800,
564,CrossWorldPrepare,500,
564,NativeJobBarrier,100,
564,CommitDecision,200,
564,VoxelCommit,400,
564,EcsCommandBufferCommit,27400,
564,GasAndEventFinalize,11300,
564,ReplicationProjection,100600,
564,SnapshotHashMetrics,200,
564,EgressPublish,15352900,
565,IngressCapture,3800,
565,DecodeAndCanonicalize,200,
565,ApplyInputs,196600,
565,ProcessorPlan,48200,
565,CrossWorldPrepare,900,
565,NativeJobBarrier,200,
565,CommitDecision,200,
565,VoxelCommit,1200,
565,EcsCommandBufferCommit,45100,
565,GasAndEventFinalize,15900,
565,ReplicationProjection,162700,
565,SnapshotHashMetrics,900,
565,EgressPublish,14001800,
566,IngressCapture,5600,
566,DecodeAndCanonicalize,200,
566,ApplyInputs,413000,
566,ProcessorPlan,37700,
566,CrossWorldPrepare,900,
566,NativeJobBarrier,400,
566,CommitDecision,700,
566,VoxelCommit,500,
566,EcsCommandBufferCommit,198500,
566,GasAndEventFinalize,39000,
566,ReplicationProjection,375500,
566,SnapshotHashMetrics,800,
566,EgressPublish,18486200,
567,IngressCapture,4900,
567,DecodeAndCanonicalize,200,
567,ApplyInputs,274200,
567,ProcessorPlan,41500,
567,CrossWorldPrepare,1200,
567,NativeJobBarrier,300,
567,CommitDecision,200,
567,VoxelCommit,900,
567,EcsCommandBufferCommit,46700,
567,GasAndEventFinalize,15800,
567,ReplicationProjection,172100,
567,SnapshotHashMetrics,300,
567,EgressPublish,15616200,
568,IngressCapture,6000,
568,DecodeAndCanonicalize,400,
568,ApplyInputs,369300,
568,ProcessorPlan,42100,
568,CrossWorldPrepare,1000,
568,NativeJobBarrier,300,
568,CommitDecision,300,
568,VoxelCommit,600,
568,EcsCommandBufferCommit,45600,
568,GasAndEventFinalize,15900,
568,ReplicationProjection,176600,
568,SnapshotHashMetrics,400,
568,EgressPublish,19715900,
569,IngressCapture,27000,
569,DecodeAndCanonicalize,200,
569,ApplyInputs,302000,
569,ProcessorPlan,44200,
569,CrossWorldPrepare,900,
569,NativeJobBarrier,200,
569,CommitDecision,900,
569,VoxelCommit,2300,
569,EcsCommandBufferCommit,44900,
569,GasAndEventFinalize,15400,
569,ReplicationProjection,138700,
569,SnapshotHashMetrics,200,
569,EgressPublish,19633600,
570,IngressCapture,6800,
570,DecodeAndCanonicalize,200,
570,ApplyInputs,506900,
570,ProcessorPlan,104800,
570,CrossWorldPrepare,1500,
570,NativeJobBarrier,500,
570,CommitDecision,900,
570,VoxelCommit,500,
570,EcsCommandBufferCommit,68500,
570,GasAndEventFinalize,60300,
570,ReplicationProjection,195200,
570,SnapshotHashMetrics,400,
570,EgressPublish,19878300,
571,IngressCapture,5900,
571,DecodeAndCanonicalize,200,
571,ApplyInputs,251100,
571,ProcessorPlan,40500,
571,CrossWorldPrepare,600,
571,NativeJobBarrier,400,
571,CommitDecision,400,
571,VoxelCommit,800,
571,EcsCommandBufferCommit,46900,
571,GasAndEventFinalize,16300,
571,ReplicationProjection,176400,
571,SnapshotHashMetrics,800,
571,EgressPublish,20472900,
572,IngressCapture,4500,
572,DecodeAndCanonicalize,200,
572,ApplyInputs,305500,
572,ProcessorPlan,57300,
572,CrossWorldPrepare,2000,
572,NativeJobBarrier,200,
572,CommitDecision,400,
572,VoxelCommit,900,
572,EcsCommandBufferCommit,63300,
572,GasAndEventFinalize,24500,
572,ReplicationProjection,198500,
572,SnapshotHashMetrics,600,
572,EgressPublish,20038400,
573,IngressCapture,5500,
573,DecodeAndCanonicalize,200,
573,ApplyInputs,306700,
573,ProcessorPlan,47900,
573,CrossWorldPrepare,700,
573,NativeJobBarrier,200,
573,CommitDecision,500,
573,VoxelCommit,900,
573,EcsCommandBufferCommit,62800,
573,GasAndEventFinalize,22200,
573,ReplicationProjection,196600,
573,SnapshotHashMetrics,700,
573,EgressPublish,19009100,
574,IngressCapture,5200,
574,DecodeAndCanonicalize,300,
574,ApplyInputs,278900,
574,ProcessorPlan,42100,
574,CrossWorldPrepare,1100,
574,NativeJobBarrier,200,
574,CommitDecision,300,
574,VoxelCommit,800,
574,EcsCommandBufferCommit,49100,
574,GasAndEventFinalize,22000,
574,ReplicationProjection,165000,
574,SnapshotHashMetrics,800,
574,EgressPublish,18321300,
575,IngressCapture,5200,
575,DecodeAndCanonicalize,200,
575,ApplyInputs,250900,
575,ProcessorPlan,46600,
575,CrossWorldPrepare,1200,
575,NativeJobBarrier,300,
575,CommitDecision,600,
575,VoxelCommit,800,
575,EcsCommandBufferCommit,49300,
575,GasAndEventFinalize,17400,
575,ReplicationProjection,169000,
575,SnapshotHashMetrics,500,
575,EgressPublish,19685000,
576,IngressCapture,5600,
576,DecodeAndCanonicalize,200,
576,ApplyInputs,316100,
576,ProcessorPlan,45800,
576,CrossWorldPrepare,1200,
576,NativeJobBarrier,800,
576,CommitDecision,600,
576,VoxelCommit,400,
576,EcsCommandBufferCommit,55000,
576,GasAndEventFinalize,18500,
576,ReplicationProjection,165700,
576,SnapshotHashMetrics,600,
576,EgressPublish,19982000,
577,IngressCapture,4900,
577,DecodeAndCanonicalize,100,
577,ApplyInputs,247000,
577,ProcessorPlan,41400,
577,CrossWorldPrepare,800,
577,NativeJobBarrier,200,
577,CommitDecision,700,
577,VoxelCommit,700,
577,EcsCommandBufferCommit,52300,
577,GasAndEventFinalize,16300,
577,ReplicationProjection,176800,
577,SnapshotHashMetrics,1400,
577,EgressPublish,20621600,
578,IngressCapture,3800,
578,DecodeAndCanonicalize,200,
578,ApplyInputs,541700,
578,ProcessorPlan,57800,
578,CrossWorldPrepare,800,
578,NativeJobBarrier,300,
578,CommitDecision,700,
578,VoxelCommit,700,
578,EcsCommandBufferCommit,42300,
578,GasAndEventFinalize,38900,
578,ReplicationProjection,152700,
578,SnapshotHashMetrics,300,
578,EgressPublish,18058800,
579,IngressCapture,6200,
579,DecodeAndCanonicalize,200,
579,ApplyInputs,282900,
579,ProcessorPlan,42000,
579,CrossWorldPrepare,1600,
579,NativeJobBarrier,200,
579,CommitDecision,1000,
579,VoxelCommit,1000,
579,EcsCommandBufferCommit,50900,
579,GasAndEventFinalize,17800,
579,ReplicationProjection,165600,
579,SnapshotHashMetrics,300,
579,EgressPublish,18206300,
580,IngressCapture,5800,
580,DecodeAndCanonicalize,200,
580,ApplyInputs,243100,
580,ProcessorPlan,45800,
580,CrossWorldPrepare,700,
580,NativeJobBarrier,200,
580,CommitDecision,400,
580,VoxelCommit,600,
580,EcsCommandBufferCommit,47000,
580,GasAndEventFinalize,15500,
580,ReplicationProjection,168300,
580,SnapshotHashMetrics,300,
580,EgressPublish,19749500,
581,IngressCapture,7600,
581,DecodeAndCanonicalize,400,
581,ApplyInputs,350700,
581,ProcessorPlan,46300,
581,CrossWorldPrepare,900,
581,NativeJobBarrier,300,
581,CommitDecision,1100,
581,VoxelCommit,800,
581,EcsCommandBufferCommit,59200,
581,GasAndEventFinalize,15500,
581,ReplicationProjection,160800,
581,SnapshotHashMetrics,300,
581,EgressPublish,19272700,
582,IngressCapture,5800,
582,DecodeAndCanonicalize,200,
582,ApplyInputs,257900,
582,ProcessorPlan,45100,
582,CrossWorldPrepare,1000,
582,NativeJobBarrier,200,
582,CommitDecision,400,
582,VoxelCommit,200,
582,EcsCommandBufferCommit,73400,
582,GasAndEventFinalize,16300,
582,ReplicationProjection,160400,
582,SnapshotHashMetrics,500,
582,EgressPublish,18911700,
583,IngressCapture,4100,
583,DecodeAndCanonicalize,300,
583,ApplyInputs,203200,
583,ProcessorPlan,29800,
583,CrossWorldPrepare,900,
583,NativeJobBarrier,600,
583,CommitDecision,500,
583,VoxelCommit,600,
583,EcsCommandBufferCommit,48900,
583,GasAndEventFinalize,12200,
583,ReplicationProjection,113300,
583,SnapshotHashMetrics,200,
583,EgressPublish,19492200,
584,IngressCapture,4600,
584,DecodeAndCanonicalize,300,
584,ApplyInputs,254700,
584,ProcessorPlan,39200,
584,CrossWorldPrepare,1400,
584,NativeJobBarrier,100,
584,CommitDecision,200,
584,VoxelCommit,500,
584,EcsCommandBufferCommit,51100,
584,GasAndEventFinalize,15400,
584,ReplicationProjection,129800,
584,SnapshotHashMetrics,300,
584,EgressPublish,19701900,
585,IngressCapture,5100,
585,DecodeAndCanonicalize,200,
585,ApplyInputs,290700,
585,ProcessorPlan,48600,
585,CrossWorldPrepare,1300,
585,NativeJobBarrier,300,
585,CommitDecision,700,
585,VoxelCommit,900,
585,EcsCommandBufferCommit,63200,
585,GasAndEventFinalize,22500,
585,ReplicationProjection,169400,
585,SnapshotHashMetrics,300,
585,EgressPublish,20447800,
586,IngressCapture,4800,
586,DecodeAndCanonicalize,300,
586,ApplyInputs,645900,
586,ProcessorPlan,79500,
586,CrossWorldPrepare,600,
586,NativeJobBarrier,2100,
586,CommitDecision,300,
586,VoxelCommit,1300,
586,EcsCommandBufferCommit,51300,
586,GasAndEventFinalize,48300,
586,ReplicationProjection,182600,
586,SnapshotHashMetrics,200,
586,EgressPublish,21250200,
587,IngressCapture,6600,
587,DecodeAndCanonicalize,200,
587,ApplyInputs,251600,
587,ProcessorPlan,36500,
587,CrossWorldPrepare,1200,
587,NativeJobBarrier,400,
587,CommitDecision,500,
587,VoxelCommit,200,
587,EcsCommandBufferCommit,43400,
587,GasAndEventFinalize,12900,
587,ReplicationProjection,122000,
587,SnapshotHashMetrics,200,
587,EgressPublish,17254000,
588,IngressCapture,4600,
588,DecodeAndCanonicalize,400,
588,ApplyInputs,278500,
588,ProcessorPlan,41400,
588,CrossWorldPrepare,1500,
588,NativeJobBarrier,200,
588,CommitDecision,400,
588,VoxelCommit,600,
588,EcsCommandBufferCommit,48700,
588,GasAndEventFinalize,16100,
588,ReplicationProjection,129000,
588,SnapshotHashMetrics,300,
588,EgressPublish,20817700,
589,IngressCapture,17900,
589,DecodeAndCanonicalize,200,
589,ApplyInputs,272100,
589,ProcessorPlan,43500,
589,CrossWorldPrepare,1000,
589,NativeJobBarrier,200,
589,CommitDecision,500,
589,VoxelCommit,700,
589,EcsCommandBufferCommit,52600,
589,GasAndEventFinalize,16300,
589,ReplicationProjection,161000,
589,SnapshotHashMetrics,200,
589,EgressPublish,20849100,
590,IngressCapture,6300,
590,DecodeAndCanonicalize,300,
590,ApplyInputs,261600,
590,ProcessorPlan,46800,
590,CrossWorldPrepare,800,
590,NativeJobBarrier,200,
590,CommitDecision,300,
590,VoxelCommit,500,
590,EcsCommandBufferCommit,51000,
590,GasAndEventFinalize,14800,
590,ReplicationProjection,186200,
590,SnapshotHashMetrics,300,
590,EgressPublish,19509400,
591,IngressCapture,5000,
591,DecodeAndCanonicalize,200,
591,ApplyInputs,281900,
591,ProcessorPlan,41300,
591,CrossWorldPrepare,1800,
591,NativeJobBarrier,300,
591,CommitDecision,600,
591,VoxelCommit,500,
591,EcsCommandBufferCommit,64500,
591,GasAndEventFinalize,16300,
591,ReplicationProjection,166100,
591,SnapshotHashMetrics,400,
591,EgressPublish,21245300,
592,IngressCapture,4200,
592,DecodeAndCanonicalize,200,
592,ApplyInputs,224200,
592,ProcessorPlan,38800,
592,CrossWorldPrepare,900,
592,NativeJobBarrier,200,
592,CommitDecision,200,
592,VoxelCommit,700,
592,EcsCommandBufferCommit,42500,
592,GasAndEventFinalize,15600,
592,ReplicationProjection,152300,
592,SnapshotHashMetrics,500,
592,EgressPublish,18645000,
593,IngressCapture,5400,
593,DecodeAndCanonicalize,300,
593,ApplyInputs,249600,
593,ProcessorPlan,49300,
593,CrossWorldPrepare,1300,
593,NativeJobBarrier,600,
593,CommitDecision,200,
593,VoxelCommit,1300,
593,EcsCommandBufferCommit,60300,
593,GasAndEventFinalize,20800,
593,ReplicationProjection,181400,
593,SnapshotHashMetrics,1000,
593,EgressPublish,19205300,
594,IngressCapture,6300,
594,DecodeAndCanonicalize,200,
594,ApplyInputs,719600,
594,ProcessorPlan,95200,
594,CrossWorldPrepare,1100,
594,NativeJobBarrier,300,
594,CommitDecision,200,
594,VoxelCommit,1200,
594,EcsCommandBufferCommit,52800,
594,GasAndEventFinalize,56900,
594,ReplicationProjection,196400,
594,SnapshotHashMetrics,400,
594,EgressPublish,19161300,
595,IngressCapture,4800,
595,DecodeAndCanonicalize,500,
595,ApplyInputs,252400,
595,ProcessorPlan,40000,
595,CrossWorldPrepare,1600,
595,NativeJobBarrier,400,
595,CommitDecision,600,
595,VoxelCommit,800,
595,EcsCommandBufferCommit,48700,
595,GasAndEventFinalize,16600,
595,ReplicationProjection,156200,
595,SnapshotHashMetrics,700,
595,EgressPublish,18038800,
596,IngressCapture,8300,
596,DecodeAndCanonicalize,300,
596,ApplyInputs,368500,
596,ProcessorPlan,47800,
596,CrossWorldPrepare,1200,
596,NativeJobBarrier,200,
596,CommitDecision,500,
596,VoxelCommit,700,
596,EcsCommandBufferCommit,56500,
596,GasAndEventFinalize,21800,
596,ReplicationProjection,159700,
596,SnapshotHashMetrics,400,
596,EgressPublish,19265200,
597,IngressCapture,7600,
597,DecodeAndCanonicalize,300,
597,ApplyInputs,289300,
597,ProcessorPlan,38500,
597,CrossWorldPrepare,500,
597,NativeJobBarrier,200,
597,CommitDecision,200,
597,VoxelCommit,600,
597,EcsCommandBufferCommit,41800,
597,GasAndEventFinalize,17000,
597,ReplicationProjection,138400,
597,SnapshotHashMetrics,400,
597,EgressPublish,14649400,
598,IngressCapture,6700,
598,DecodeAndCanonicalize,700,
598,ApplyInputs,257900,
598,ProcessorPlan,50300,
598,CrossWorldPrepare,1100,
598,NativeJobBarrier,200,
598,CommitDecision,900,
598,VoxelCommit,700,
598,EcsCommandBufferCommit,59500,
598,GasAndEventFinalize,19400,
598,ReplicationProjection,156000,
598,SnapshotHashMetrics,1400,
598,EgressPublish,19347800,
599,IngressCapture,6800,
599,DecodeAndCanonicalize,200,
599,ApplyInputs,379000,
599,ProcessorPlan,50400,
599,CrossWorldPrepare,700,
599,NativeJobBarrier,200,
599,CommitDecision,600,
599,VoxelCommit,1400,
599,EcsCommandBufferCommit,53700,
599,GasAndEventFinalize,19200,
599,ReplicationProjection,164100,
599,SnapshotHashMetrics,800,
599,EgressPublish,19607800,
600,IngressCapture,5600,
600,DecodeAndCanonicalize,200,
600,ApplyInputs,289900,
600,ProcessorPlan,43900,
600,CrossWorldPrepare,1000,
600,NativeJobBarrier,200,
600,CommitDecision,300,
600,VoxelCommit,700,
600,EcsCommandBufferCommit,55600,
600,GasAndEventFinalize,18700,
600,ReplicationProjection,159400,
600,SnapshotHashMetrics,700,
600,EgressPublish,21027800,
601,IngressCapture,4400,
601,DecodeAndCanonicalize,200,
601,ApplyInputs,210200,
601,ProcessorPlan,46700,
601,CrossWorldPrepare,1400,
601,NativeJobBarrier,100,
601,CommitDecision,300,
601,VoxelCommit,500,
601,EcsCommandBufferCommit,48700,
601,GasAndEventFinalize,14800,
601,ReplicationProjection,152500,
601,SnapshotHashMetrics,700,
601,EgressPublish,18604700,
602,IngressCapture,5100,
602,DecodeAndCanonicalize,200,
602,ApplyInputs,667400,
602,ProcessorPlan,66300,
602,CrossWorldPrepare,1100,
602,NativeJobBarrier,200,
602,CommitDecision,400,
602,VoxelCommit,900,
602,EcsCommandBufferCommit,54000,
602,GasAndEventFinalize,50100,
602,ReplicationProjection,173600,
602,SnapshotHashMetrics,700,
602,EgressPublish,18749900,
603,IngressCapture,5300,
603,DecodeAndCanonicalize,400,
603,ApplyInputs,312200,
603,ProcessorPlan,45600,
603,CrossWorldPrepare,700,
603,NativeJobBarrier,200,
603,CommitDecision,300,
603,VoxelCommit,1400,
603,EcsCommandBufferCommit,60400,
603,GasAndEventFinalize,20500,
603,ReplicationProjection,163200,
603,SnapshotHashMetrics,400,
603,EgressPublish,21343800,
604,IngressCapture,4900,
604,DecodeAndCanonicalize,200,
604,ApplyInputs,345300,
604,ProcessorPlan,31900,
604,CrossWorldPrepare,400,
604,NativeJobBarrier,200,
604,CommitDecision,500,
604,VoxelCommit,400,
604,EcsCommandBufferCommit,39600,
604,GasAndEventFinalize,13100,
604,ReplicationProjection,98700,
604,SnapshotHashMetrics,200,
604,EgressPublish,15837800,
605,IngressCapture,5300,
605,DecodeAndCanonicalize,600,
605,ApplyInputs,187500,
605,ProcessorPlan,69600,
605,CrossWorldPrepare,900,
605,NativeJobBarrier,100,
605,CommitDecision,400,
605,VoxelCommit,1000,
605,EcsCommandBufferCommit,41800,
605,GasAndEventFinalize,15200,
605,ReplicationProjection,134400,
605,SnapshotHashMetrics,200,
605,EgressPublish,18450200,
606,IngressCapture,5400,
606,DecodeAndCanonicalize,200,
606,ApplyInputs,270900,
606,ProcessorPlan,30300,
606,CrossWorldPrepare,400,
606,NativeJobBarrier,300,
606,CommitDecision,300,
606,VoxelCommit,600,
606,EcsCommandBufferCommit,35800,
606,GasAndEventFinalize,12300,
606,ReplicationProjection,108300,
606,SnapshotHashMetrics,300,
606,EgressPublish,16921700,
607,IngressCapture,5200,
607,DecodeAndCanonicalize,200,
607,ApplyInputs,310700,
607,ProcessorPlan,68200,
607,CrossWorldPrepare,1300,
607,NativeJobBarrier,400,
607,CommitDecision,400,
607,VoxelCommit,900,
607,EcsCommandBufferCommit,59900,
607,GasAndEventFinalize,20800,
607,ReplicationProjection,169000,
607,SnapshotHashMetrics,900,
607,EgressPublish,16405600,
608,IngressCapture,5100,
608,DecodeAndCanonicalize,200,
608,ApplyInputs,260300,
608,ProcessorPlan,40000,
608,CrossWorldPrepare,1400,
608,NativeJobBarrier,300,
608,CommitDecision,600,
608,VoxelCommit,700,
608,EcsCommandBufferCommit,50300,
608,GasAndEventFinalize,15500,
608,ReplicationProjection,108300,
608,SnapshotHashMetrics,200,
608,EgressPublish,16292700,
609,IngressCapture,4400,
609,DecodeAndCanonicalize,200,
609,ApplyInputs,193000,
609,ProcessorPlan,30900,
609,CrossWorldPrepare,600,
609,NativeJobBarrier,300,
609,CommitDecision,300,
609,VoxelCommit,1300,
609,EcsCommandBufferCommit,41100,
609,GasAndEventFinalize,15700,
609,ReplicationProjection,102500,
609,SnapshotHashMetrics,100,
609,EgressPublish,14202800,
610,IngressCapture,6100,
610,DecodeAndCanonicalize,200,
610,ApplyInputs,484300,
610,ProcessorPlan,78400,
610,CrossWorldPrepare,1500,
610,NativeJobBarrier,400,
610,CommitDecision,200,
610,VoxelCommit,900,
610,EcsCommandBufferCommit,48800,
610,GasAndEventFinalize,42900,
610,ReplicationProjection,163100,
610,SnapshotHashMetrics,300,
610,EgressPublish,15904400,
611,IngressCapture,6700,
611,DecodeAndCanonicalize,100,
611,ApplyInputs,269600,
611,ProcessorPlan,36600,
611,CrossWorldPrepare,700,
611,NativeJobBarrier,200,
611,CommitDecision,400,
611,VoxelCommit,900,
611,EcsCommandBufferCommit,38800,
611,GasAndEventFinalize,13800,
611,ReplicationProjection,96800,
611,SnapshotHashMetrics,200,
611,EgressPublish,13415500,
612,IngressCapture,5100,
612,DecodeAndCanonicalize,200,
612,ApplyInputs,222700,
612,ProcessorPlan,40600,
612,CrossWorldPrepare,700,
612,NativeJobBarrier,300,
612,CommitDecision,300,
612,VoxelCommit,800,
612,EcsCommandBufferCommit,49700,
612,GasAndEventFinalize,19300,
612,ReplicationProjection,159900,
612,SnapshotHashMetrics,1000,
612,EgressPublish,15769400,
613,IngressCapture,6300,
613,DecodeAndCanonicalize,200,
613,ApplyInputs,260800,
613,ProcessorPlan,41000,
613,CrossWorldPrepare,700,
613,NativeJobBarrier,200,
613,CommitDecision,300,
613,VoxelCommit,500,
613,EcsCommandBufferCommit,51300,
613,GasAndEventFinalize,18500,
613,ReplicationProjection,145500,
613,SnapshotHashMetrics,300,
613,EgressPublish,13733200,
614,IngressCapture,6400,
614,DecodeAndCanonicalize,200,
614,ApplyInputs,235000,
614,ProcessorPlan,36900,
614,CrossWorldPrepare,400,
614,NativeJobBarrier,200,
614,CommitDecision,400,
614,VoxelCommit,600,
614,EcsCommandBufferCommit,47800,
614,GasAndEventFinalize,15600,
614,ReplicationProjection,122200,
614,SnapshotHashMetrics,200,
614,EgressPublish,11750300,
615,IngressCapture,6600,
615,DecodeAndCanonicalize,300,
615,ApplyInputs,262500,
615,ProcessorPlan,38200,
615,CrossWorldPrepare,700,
615,NativeJobBarrier,100,
615,CommitDecision,500,
615,VoxelCommit,600,
615,EcsCommandBufferCommit,46100,
615,GasAndEventFinalize,16300,
615,ReplicationProjection,108200,
615,SnapshotHashMetrics,200,
615,EgressPublish,13743100,
616,IngressCapture,4100,
616,DecodeAndCanonicalize,200,
616,ApplyInputs,286200,
616,ProcessorPlan,46000,
616,CrossWorldPrepare,600,
616,NativeJobBarrier,200,
616,CommitDecision,500,
616,VoxelCommit,1100,
616,EcsCommandBufferCommit,45200,
616,GasAndEventFinalize,15900,
616,ReplicationProjection,157900,
616,SnapshotHashMetrics,500,
616,EgressPublish,13162100,
617,IngressCapture,4100,
617,DecodeAndCanonicalize,200,
617,ApplyInputs,167400,
617,ProcessorPlan,29700,
617,CrossWorldPrepare,700,
617,NativeJobBarrier,100,
617,CommitDecision,500,
617,VoxelCommit,600,
617,EcsCommandBufferCommit,34900,
617,GasAndEventFinalize,11000,
617,ReplicationProjection,101500,
617,SnapshotHashMetrics,200,
617,EgressPublish,12515000,
618,IngressCapture,4300,
618,DecodeAndCanonicalize,200,
618,ApplyInputs,459700,
618,ProcessorPlan,39400,
618,CrossWorldPrepare,400,
618,NativeJobBarrier,200,
618,CommitDecision,500,
618,VoxelCommit,500,
618,EcsCommandBufferCommit,38900,
618,GasAndEventFinalize,34900,
618,ReplicationProjection,121500,
618,SnapshotHashMetrics,200,
618,EgressPublish,15097500,
619,IngressCapture,5000,
619,DecodeAndCanonicalize,200,
619,ApplyInputs,249800,
619,ProcessorPlan,40600,
619,CrossWorldPrepare,600,
619,NativeJobBarrier,200,
619,CommitDecision,300,
619,VoxelCommit,500,
619,EcsCommandBufferCommit,41000,
619,GasAndEventFinalize,14000,
619,ReplicationProjection,153400,
619,SnapshotHashMetrics,200,
619,EgressPublish,16099200,
620,IngressCapture,5500,
620,DecodeAndCanonicalize,200,
620,ApplyInputs,250000,
620,ProcessorPlan,38300,
620,CrossWorldPrepare,600,
620,NativeJobBarrier,200,
620,CommitDecision,300,
620,VoxelCommit,900,
620,EcsCommandBufferCommit,39700,
620,GasAndEventFinalize,15000,
620,ReplicationProjection,146500,
620,SnapshotHashMetrics,200,
620,EgressPublish,14447300,
621,IngressCapture,4900,
621,DecodeAndCanonicalize,200,
621,ApplyInputs,346800,
621,ProcessorPlan,41900,
621,CrossWorldPrepare,1700,
621,NativeJobBarrier,200,
621,CommitDecision,400,
621,VoxelCommit,500,
621,EcsCommandBufferCommit,674000,
621,GasAndEventFinalize,56300,
621,ReplicationProjection,419400,
621,SnapshotHashMetrics,1300,
621,EgressPublish,19886500,
622,IngressCapture,6800,
622,DecodeAndCanonicalize,300,
622,ApplyInputs,357900,
622,ProcessorPlan,44100,
622,CrossWorldPrepare,1000,
622,NativeJobBarrier,200,
622,CommitDecision,600,
622,VoxelCommit,1100,
622,EcsCommandBufferCommit,66900,
622,GasAndEventFinalize,20800,
622,ReplicationProjection,148000,
622,SnapshotHashMetrics,700,
622,EgressPublish,14939800,
623,IngressCapture,3500,
623,DecodeAndCanonicalize,300,
623,ApplyInputs,233300,
623,ProcessorPlan,39900,
623,CrossWorldPrepare,900,
623,NativeJobBarrier,200,
623,CommitDecision,300,
623,VoxelCommit,800,
623,EcsCommandBufferCommit,48900,
623,GasAndEventFinalize,15200,
623,ReplicationProjection,184000,
623,SnapshotHashMetrics,400,
623,EgressPublish,18226900,
624,IngressCapture,5200,
624,DecodeAndCanonicalize,200,
624,ApplyInputs,256500,
624,ProcessorPlan,45400,
624,CrossWorldPrepare,1300,
624,NativeJobBarrier,200,
624,CommitDecision,600,
624,VoxelCommit,600,
624,EcsCommandBufferCommit,57500,
624,GasAndEventFinalize,19100,
624,ReplicationProjection,256800,
624,SnapshotHashMetrics,700,
624,EgressPublish,19813800,
625,IngressCapture,4700,
625,DecodeAndCanonicalize,200,
625,ApplyInputs,295600,
625,ProcessorPlan,44900,
625,CrossWorldPrepare,1400,
625,NativeJobBarrier,400,
625,CommitDecision,1100,
625,VoxelCommit,1600,
625,EcsCommandBufferCommit,64700,
625,GasAndEventFinalize,21300,
625,ReplicationProjection,168900,
625,SnapshotHashMetrics,200,
625,EgressPublish,16590200,
626,IngressCapture,6400,
626,DecodeAndCanonicalize,500,
626,ApplyInputs,833200,
626,ProcessorPlan,94800,
626,CrossWorldPrepare,1300,
626,NativeJobBarrier,500,
626,CommitDecision,300,
626,VoxelCommit,1200,
626,EcsCommandBufferCommit,58700,
626,GasAndEventFinalize,48400,
626,ReplicationProjection,214500,
626,SnapshotHashMetrics,300,
626,EgressPublish,15301500,
627,IngressCapture,7000,
627,DecodeAndCanonicalize,500,
627,ApplyInputs,313300,
627,ProcessorPlan,41300,
627,CrossWorldPrepare,800,
627,NativeJobBarrier,100,
627,CommitDecision,900,
627,VoxelCommit,1600,
627,EcsCommandBufferCommit,64200,
627,GasAndEventFinalize,19600,
627,ReplicationProjection,158100,
627,SnapshotHashMetrics,200,
627,EgressPublish,18920100,
628,IngressCapture,4900,
628,DecodeAndCanonicalize,200,
628,ApplyInputs,240400,
628,ProcessorPlan,46900,
628,CrossWorldPrepare,1000,
628,NativeJobBarrier,300,
628,CommitDecision,400,
628,VoxelCommit,800,
628,EcsCommandBufferCommit,55300,
628,GasAndEventFinalize,19500,
628,ReplicationProjection,174700,
628,SnapshotHashMetrics,500,
628,EgressPublish,17996000,
629,IngressCapture,4600,
629,DecodeAndCanonicalize,300,
629,ApplyInputs,195000,
629,ProcessorPlan,28000,
629,CrossWorldPrepare,900,
629,NativeJobBarrier,100,
629,CommitDecision,300,
629,VoxelCommit,500,
629,EcsCommandBufferCommit,39400,
629,GasAndEventFinalize,15600,
629,ReplicationProjection,113100,
629,SnapshotHashMetrics,200,
629,EgressPublish,15432900,
630,IngressCapture,4200,
630,DecodeAndCanonicalize,200,
630,ApplyInputs,182000,
630,ProcessorPlan,27700,
630,CrossWorldPrepare,600,
630,NativeJobBarrier,200,
630,CommitDecision,300,
630,VoxelCommit,300,
630,EcsCommandBufferCommit,34100,
630,GasAndEventFinalize,11800,
630,ReplicationProjection,108700,
630,SnapshotHashMetrics,100,
630,EgressPublish,16021300,
631,IngressCapture,3800,
631,DecodeAndCanonicalize,200,
631,ApplyInputs,220700,
631,ProcessorPlan,84100,
631,CrossWorldPrepare,1800,
631,NativeJobBarrier,300,
631,CommitDecision,200,
631,VoxelCommit,900,
631,EcsCommandBufferCommit,59300,
631,GasAndEventFinalize,17600,
631,ReplicationProjection,204700,
631,SnapshotHashMetrics,1200,
631,EgressPublish,16403600,
632,IngressCapture,30800,
632,DecodeAndCanonicalize,1200,
632,ApplyInputs,176800,
632,ProcessorPlan,27100,
632,CrossWorldPrepare,700,
632,NativeJobBarrier,100,
632,CommitDecision,200,
632,VoxelCommit,400,
632,EcsCommandBufferCommit,30200,
632,GasAndEventFinalize,10100,
632,ReplicationProjection,102300,
632,SnapshotHashMetrics,200,
632,EgressPublish,14333700,
633,IngressCapture,4100,
633,DecodeAndCanonicalize,200,
633,ApplyInputs,223200,
633,ProcessorPlan,36900,
633,CrossWorldPrepare,700,
633,NativeJobBarrier,200,
633,CommitDecision,300,
633,VoxelCommit,400,
633,EcsCommandBufferCommit,41200,
633,GasAndEventFinalize,13800,
633,ReplicationProjection,154400,
633,SnapshotHashMetrics,700,
633,EgressPublish,13842500,
634,IngressCapture,4600,
634,DecodeAndCanonicalize,200,
634,ApplyInputs,542200,
634,ProcessorPlan,90000,
634,CrossWorldPrepare,800,
634,NativeJobBarrier,300,
634,CommitDecision,200,
634,VoxelCommit,900,
634,EcsCommandBufferCommit,40100,
634,GasAndEventFinalize,40100,
634,ReplicationProjection,166800,
634,SnapshotHashMetrics,200,
634,EgressPublish,13173900,
635,IngressCapture,3600,
635,DecodeAndCanonicalize,100,
635,ApplyInputs,174200,
635,ProcessorPlan,27500,
635,CrossWorldPrepare,600,
635,NativeJobBarrier,100,
635,CommitDecision,100,
635,VoxelCommit,400,
635,EcsCommandBufferCommit,34300,
635,GasAndEventFinalize,13000,
635,ReplicationProjection,121200,
635,SnapshotHashMetrics,200,
635,EgressPublish,13602700,
636,IngressCapture,4200,
636,DecodeAndCanonicalize,100,
636,ApplyInputs,173100,
636,ProcessorPlan,31200,
636,CrossWorldPrepare,900,
636,NativeJobBarrier,200,
636,CommitDecision,400,
636,VoxelCommit,600,
636,EcsCommandBufferCommit,41500,
636,GasAndEventFinalize,13200,
636,ReplicationProjection,109200,
636,SnapshotHashMetrics,200,
636,EgressPublish,13459300,
637,IngressCapture,4700,
637,DecodeAndCanonicalize,200,
637,ApplyInputs,390000,
637,ProcessorPlan,44200,
637,CrossWorldPrepare,900,
637,NativeJobBarrier,2200,
637,CommitDecision,200,
637,VoxelCommit,500,
637,EcsCommandBufferCommit,633600,
637,GasAndEventFinalize,63800,
637,ReplicationProjection,427900,
637,SnapshotHashMetrics,300,
637,EgressPublish,17870900,
638,IngressCapture,6900,
638,DecodeAndCanonicalize,300,
638,ApplyInputs,294600,
638,ProcessorPlan,51200,
638,CrossWorldPrepare,1300,
638,NativeJobBarrier,700,
638,CommitDecision,1100,
638,VoxelCommit,1200,
638,EcsCommandBufferCommit,66600,
638,GasAndEventFinalize,19600,
638,ReplicationProjection,169000,
638,SnapshotHashMetrics,300,
638,EgressPublish,10963600,
639,IngressCapture,5200,
639,DecodeAndCanonicalize,200,
639,ApplyInputs,273000,
639,ProcessorPlan,46300,
639,CrossWorldPrepare,2200,
639,NativeJobBarrier,200,
639,CommitDecision,500,
639,VoxelCommit,1100,
639,EcsCommandBufferCommit,60900,
639,GasAndEventFinalize,19700,
639,ReplicationProjection,181800,
639,SnapshotHashMetrics,200,
639,EgressPublish,16923600,
640,IngressCapture,5000,
640,DecodeAndCanonicalize,100,
640,ApplyInputs,207700,
640,ProcessorPlan,36100,
640,CrossWorldPrepare,1100,
640,NativeJobBarrier,200,
640,CommitDecision,600,
640,VoxelCommit,500,
640,EcsCommandBufferCommit,43800,
640,GasAndEventFinalize,15700,
640,ReplicationProjection,119400,
640,SnapshotHashMetrics,200,
640,EgressPublish,13212300,
641,IngressCapture,5400,
641,DecodeAndCanonicalize,100,
641,ApplyInputs,398300,
641,ProcessorPlan,43100,
641,CrossWorldPrepare,1200,
641,NativeJobBarrier,500,
641,CommitDecision,300,
641,VoxelCommit,500,
641,EcsCommandBufferCommit,62800,
641,GasAndEventFinalize,18000,
641,ReplicationProjection,179200,
641,SnapshotHashMetrics,300,
641,EgressPublish,17187000,
642,IngressCapture,4900,
642,DecodeAndCanonicalize,200,
642,ApplyInputs,810000,
642,ProcessorPlan,39300,
642,CrossWorldPrepare,1000,
642,NativeJobBarrier,300,
642,CommitDecision,300,
642,VoxelCommit,400,
642,EcsCommandBufferCommit,44100,
642,GasAndEventFinalize,52300,
642,ReplicationProjection,204300,
642,SnapshotHashMetrics,400,
642,EgressPublish,15356000,
643,IngressCapture,4100,
643,DecodeAndCanonicalize,200,
643,ApplyInputs,208000,
643,ProcessorPlan,34000,
643,CrossWorldPrepare,600,
643,NativeJobBarrier,300,
643,CommitDecision,400,
643,VoxelCommit,600,
643,EcsCommandBufferCommit,40500,
643,GasAndEventFinalize,15000,
643,ReplicationProjection,146200,
643,SnapshotHashMetrics,200,
643,EgressPublish,14352900,
644,IngressCapture,5900,
644,DecodeAndCanonicalize,200,
644,ApplyInputs,248600,
644,ProcessorPlan,47900,
644,CrossWorldPrepare,900,
644,NativeJobBarrier,200,
644,CommitDecision,400,
644,VoxelCommit,1700,
644,EcsCommandBufferCommit,49700,
644,GasAndEventFinalize,18500,
644,ReplicationProjection,172100,
644,SnapshotHashMetrics,500,
644,EgressPublish,14039800,
645,IngressCapture,3500,
645,DecodeAndCanonicalize,200,
645,ApplyInputs,170000,
645,ProcessorPlan,34200,
645,CrossWorldPrepare,600,
645,NativeJobBarrier,200,
645,CommitDecision,300,
645,VoxelCommit,700,
645,EcsCommandBufferCommit,34700,
645,GasAndEventFinalize,10700,
645,ReplicationProjection,149700,
645,SnapshotHashMetrics,200,
645,EgressPublish,12870900,
646,IngressCapture,4800,
646,DecodeAndCanonicalize,300,
646,ApplyInputs,221700,
646,ProcessorPlan,39000,
646,CrossWorldPrepare,900,
646,NativeJobBarrier,400,
646,CommitDecision,300,
646,VoxelCommit,700,
646,EcsCommandBufferCommit,44800,
646,GasAndEventFinalize,17400,
646,ReplicationProjection,163000,
646,SnapshotHashMetrics,400,
646,EgressPublish,15168700,
647,IngressCapture,5300,
647,DecodeAndCanonicalize,300,
647,ApplyInputs,322800,
647,ProcessorPlan,48800,
647,CrossWorldPrepare,500,
647,NativeJobBarrier,200,
647,CommitDecision,600,
647,VoxelCommit,600,
647,EcsCommandBufferCommit,55100,
647,GasAndEventFinalize,17700,
647,ReplicationProjection,170100,
647,SnapshotHashMetrics,300,
647,EgressPublish,18428400,
648,IngressCapture,5300,
648,DecodeAndCanonicalize,300,
648,ApplyInputs,228900,
648,ProcessorPlan,44500,
648,CrossWorldPrepare,1400,
648,NativeJobBarrier,500,
648,CommitDecision,300,
648,VoxelCommit,500,
648,EcsCommandBufferCommit,65800,
648,GasAndEventFinalize,18000,
648,ReplicationProjection,173500,
648,SnapshotHashMetrics,900,
648,EgressPublish,18419100,
649,IngressCapture,4800,
649,DecodeAndCanonicalize,200,
649,ApplyInputs,224100,
649,ProcessorPlan,39100,
649,CrossWorldPrepare,700,
649,NativeJobBarrier,300,
649,CommitDecision,500,
649,VoxelCommit,500,
649,EcsCommandBufferCommit,50600,
649,GasAndEventFinalize,13100,
649,ReplicationProjection,161000,
649,SnapshotHashMetrics,300,
649,EgressPublish,16322800,
650,IngressCapture,3600,
650,DecodeAndCanonicalize,300,
650,ApplyInputs,537300,
650,ProcessorPlan,40900,
650,CrossWorldPrepare,700,
650,NativeJobBarrier,200,
650,CommitDecision,400,
650,VoxelCommit,900,
650,EcsCommandBufferCommit,50000,
650,GasAndEventFinalize,44500,
650,ReplicationProjection,198700,
650,SnapshotHashMetrics,300,
650,EgressPublish,14038900,
651,IngressCapture,6200,
651,DecodeAndCanonicalize,200,
651,ApplyInputs,236100,
651,ProcessorPlan,41800,
651,CrossWorldPrepare,600,
651,NativeJobBarrier,200,
651,CommitDecision,200,
651,VoxelCommit,400,
651,EcsCommandBufferCommit,52400,
651,GasAndEventFinalize,17500,
651,ReplicationProjection,164700,
651,SnapshotHashMetrics,200,
651,EgressPublish,12416500,
652,IngressCapture,6500,
652,DecodeAndCanonicalize,300,
652,ApplyInputs,355400,
652,ProcessorPlan,48400,
652,CrossWorldPrepare,1200,
652,NativeJobBarrier,200,
652,CommitDecision,500,
652,VoxelCommit,1200,
652,EcsCommandBufferCommit,62900,
652,GasAndEventFinalize,19900,
652,ReplicationProjection,182500,
652,SnapshotHashMetrics,400,
652,EgressPublish,16492300,
653,IngressCapture,3900,
653,DecodeAndCanonicalize,200,
653,ApplyInputs,179200,
653,ProcessorPlan,29000,
653,CrossWorldPrepare,600,
653,NativeJobBarrier,300,
653,CommitDecision,300,
653,VoxelCommit,400,
653,EcsCommandBufferCommit,41600,
653,GasAndEventFinalize,15500,
653,ReplicationProjection,117900,
653,SnapshotHashMetrics,200,
653,EgressPublish,14399100,
654,IngressCapture,6800,
654,DecodeAndCanonicalize,200,
654,ApplyInputs,306900,
654,ProcessorPlan,44100,
654,CrossWorldPrepare,2000,
654,NativeJobBarrier,500,
654,CommitDecision,500,
654,VoxelCommit,600,
654,EcsCommandBufferCommit,221000,
654,GasAndEventFinalize,38500,
654,ReplicationProjection,518300,
654,SnapshotHashMetrics,400,
654,EgressPublish,20779900,
655,IngressCapture,6900,
655,DecodeAndCanonicalize,400,
655,ApplyInputs,241900,
655,ProcessorPlan,32600,
655,CrossWorldPrepare,900,
655,NativeJobBarrier,400,
655,CommitDecision,400,
655,VoxelCommit,500,
655,EcsCommandBufferCommit,44300,
655,GasAndEventFinalize,14200,
655,ReplicationProjection,112400,
655,SnapshotHashMetrics,400,
655,EgressPublish,14507500,
656,IngressCapture,6000,
656,DecodeAndCanonicalize,300,
656,ApplyInputs,230400,
656,ProcessorPlan,44900,
656,CrossWorldPrepare,1200,
656,NativeJobBarrier,200,
656,CommitDecision,800,
656,VoxelCommit,1200,
656,EcsCommandBufferCommit,57200,
656,GasAndEventFinalize,21100,
656,ReplicationProjection,184500,
656,SnapshotHashMetrics,200,
656,EgressPublish,17609500,
657,IngressCapture,4000,
657,DecodeAndCanonicalize,1200,
657,ApplyInputs,234500,
657,ProcessorPlan,39600,
657,CrossWorldPrepare,900,
657,NativeJobBarrier,200,
657,CommitDecision,500,
657,VoxelCommit,800,
657,EcsCommandBufferCommit,47700,
657,GasAndEventFinalize,16400,
657,ReplicationProjection,181800,
657,SnapshotHashMetrics,600,
657,EgressPublish,17112200,
658,IngressCapture,4900,
658,DecodeAndCanonicalize,300,
658,ApplyInputs,541900,
658,ProcessorPlan,40200,
658,CrossWorldPrepare,1100,
658,NativeJobBarrier,300,
658,CommitDecision,200,
658,VoxelCommit,600,
658,EcsCommandBufferCommit,46400,
658,GasAndEventFinalize,33700,
658,ReplicationProjection,175900,
658,SnapshotHashMetrics,400,
658,EgressPublish,17947400,
659,IngressCapture,5200,
659,DecodeAndCanonicalize,200,
659,ApplyInputs,211300,
659,ProcessorPlan,31600,
659,CrossWorldPrepare,900,
659,NativeJobBarrier,100,
659,CommitDecision,500,
659,VoxelCommit,600,
659,EcsCommandBufferCommit,45500,
659,GasAndEventFinalize,14700,
659,ReplicationProjection,195000,
659,SnapshotHashMetrics,500,
659,EgressPublish,17402600,
660,IngressCapture,5700,
660,DecodeAndCanonicalize,200,
660,ApplyInputs,212100,
660,ProcessorPlan,32400,
660,CrossWorldPrepare,600,
660,NativeJobBarrier,500,
660,CommitDecision,300,
660,VoxelCommit,500,
660,EcsCommandBufferCommit,50800,
660,GasAndEventFinalize,15600,
660,ReplicationProjection,117800,
660,SnapshotHashMetrics,200,
660,EgressPublish,12330900,
661,IngressCapture,6900,
661,DecodeAndCanonicalize,100,
661,ApplyInputs,245000,
661,ProcessorPlan,36900,
661,CrossWorldPrepare,1200,
661,NativeJobBarrier,400,
661,CommitDecision,700,
661,VoxelCommit,500,
661,EcsCommandBufferCommit,60500,
661,GasAndEventFinalize,17000,
661,ReplicationProjection,201600,
661,SnapshotHashMetrics,500,
661,EgressPublish,17651000,
662,IngressCapture,7600,
662,DecodeAndCanonicalize,400,
662,ApplyInputs,324600,
662,ProcessorPlan,51100,
662,CrossWorldPrepare,900,
662,NativeJobBarrier,700,
662,CommitDecision,600,
662,VoxelCommit,800,
662,EcsCommandBufferCommit,74200,
662,GasAndEventFinalize,22000,
662,ReplicationProjection,192100,
662,SnapshotHashMetrics,300,
662,EgressPublish,17759200,
663,IngressCapture,6600,
663,DecodeAndCanonicalize,200,
663,ApplyInputs,426600,
663,ProcessorPlan,51900,
663,CrossWorldPrepare,1500,
663,NativeJobBarrier,400,
663,CommitDecision,200,
663,VoxelCommit,400,
663,EcsCommandBufferCommit,222300,
663,GasAndEventFinalize,40900,
663,ReplicationProjection,421600,
663,SnapshotHashMetrics,600,
663,EgressPublish,17129100,
664,IngressCapture,3700,
664,DecodeAndCanonicalize,300,
664,ApplyInputs,291000,
664,ProcessorPlan,40700,
664,CrossWorldPrepare,600,
664,NativeJobBarrier,200,
664,CommitDecision,300,
664,VoxelCommit,1100,
664,EcsCommandBufferCommit,58900,
664,GasAndEventFinalize,16500,
664,ReplicationProjection,174800,
664,SnapshotHashMetrics,500,
664,EgressPublish,19150100,
665,IngressCapture,4100,
665,DecodeAndCanonicalize,300,
665,ApplyInputs,295000,
665,ProcessorPlan,43500,
665,CrossWorldPrepare,700,
665,NativeJobBarrier,200,
665,CommitDecision,300,
665,VoxelCommit,900,
665,EcsCommandBufferCommit,1011800,
665,GasAndEventFinalize,34800,
665,ReplicationProjection,211600,
665,SnapshotHashMetrics,400,
665,EgressPublish,15693700,
666,IngressCapture,6500,
666,DecodeAndCanonicalize,300,
666,ApplyInputs,608200,
666,ProcessorPlan,122800,
666,CrossWorldPrepare,1100,
666,NativeJobBarrier,400,
666,CommitDecision,400,
666,VoxelCommit,500,
666,EcsCommandBufferCommit,62700,
666,GasAndEventFinalize,44800,
666,ReplicationProjection,192400,
666,SnapshotHashMetrics,500,
666,EgressPublish,15707200,
667,IngressCapture,6100,
667,DecodeAndCanonicalize,200,
667,ApplyInputs,324300,
667,ProcessorPlan,51500,
667,CrossWorldPrepare,1800,
667,NativeJobBarrier,200,
667,CommitDecision,900,
667,VoxelCommit,800,
667,EcsCommandBufferCommit,87100,
667,GasAndEventFinalize,25400,
667,ReplicationProjection,177400,
667,SnapshotHashMetrics,1100,
667,EgressPublish,17663600,
668,IngressCapture,7000,
668,DecodeAndCanonicalize,200,
668,ApplyInputs,284400,
668,ProcessorPlan,69700,
668,CrossWorldPrepare,1700,
668,NativeJobBarrier,600,
668,CommitDecision,800,
668,VoxelCommit,700,
668,EcsCommandBufferCommit,67800,
668,GasAndEventFinalize,21200,
668,ReplicationProjection,177500,
668,SnapshotHashMetrics,400,
668,EgressPublish,15112200,
669,IngressCapture,5800,
669,DecodeAndCanonicalize,200,
669,ApplyInputs,280100,
669,ProcessorPlan,46200,
669,CrossWorldPrepare,700,
669,NativeJobBarrier,800,
669,CommitDecision,500,
669,VoxelCommit,800,
669,EcsCommandBufferCommit,65800,
669,GasAndEventFinalize,18500,
669,ReplicationProjection,169300,
669,SnapshotHashMetrics,800,
669,EgressPublish,15204900,
670,IngressCapture,4800,
670,DecodeAndCanonicalize,200,
670,ApplyInputs,368200,
670,ProcessorPlan,49800,
670,CrossWorldPrepare,1200,
670,NativeJobBarrier,200,
670,CommitDecision,500,
670,VoxelCommit,1200,
670,EcsCommandBufferCommit,71700,
670,GasAndEventFinalize,27100,
670,ReplicationProjection,199600,
670,SnapshotHashMetrics,700,
670,EgressPublish,19176100,
671,IngressCapture,5300,
671,DecodeAndCanonicalize,200,
671,ApplyInputs,244500,
671,ProcessorPlan,52600,
671,CrossWorldPrepare,1600,
671,NativeJobBarrier,200,
671,CommitDecision,900,
671,VoxelCommit,800,
671,EcsCommandBufferCommit,67100,
671,GasAndEventFinalize,19000,
671,ReplicationProjection,178900,
671,SnapshotHashMetrics,700,
671,EgressPublish,18773400,
672,IngressCapture,5900,
672,DecodeAndCanonicalize,600,
672,ApplyInputs,251600,
672,ProcessorPlan,35600,
672,CrossWorldPrepare,800,
672,NativeJobBarrier,200,
672,CommitDecision,500,
672,VoxelCommit,800,
672,EcsCommandBufferCommit,45600,
672,GasAndEventFinalize,15100,
672,ReplicationProjection,122800,
672,SnapshotHashMetrics,200,
672,EgressPublish,21090500,
673,IngressCapture,5900,
673,DecodeAndCanonicalize,200,
673,ApplyInputs,232500,
673,ProcessorPlan,44000,
673,CrossWorldPrepare,700,
673,NativeJobBarrier,500,
673,CommitDecision,200,
673,VoxelCommit,1000,
673,EcsCommandBufferCommit,59600,
673,GasAndEventFinalize,18500,
673,ReplicationProjection,157100,
673,SnapshotHashMetrics,500,
673,EgressPublish,17926300,
674,IngressCapture,4900,
674,DecodeAndCanonicalize,200,
674,ApplyInputs,494200,
674,ProcessorPlan,31700,
674,CrossWorldPrepare,700,
674,NativeJobBarrier,200,
674,CommitDecision,500,
674,VoxelCommit,700,
674,EcsCommandBufferCommit,42400,
674,GasAndEventFinalize,30000,
674,ReplicationProjection,115000,
674,SnapshotHashMetrics,100,
674,EgressPublish,20440800,
675,IngressCapture,4300,
675,DecodeAndCanonicalize,200,
675,ApplyInputs,167800,
675,ProcessorPlan,27300,
675,CrossWorldPrepare,500,
675,NativeJobBarrier,100,
675,CommitDecision,200,
675,VoxelCommit,500,
675,EcsCommandBufferCommit,36500,
675,GasAndEventFinalize,11900,
675,ReplicationProjection,104600,
675,SnapshotHashMetrics,300,
675,EgressPublish,17801000,
676,IngressCapture,3900,
676,DecodeAndCanonicalize,100,
676,ApplyInputs,142300,
676,ProcessorPlan,28500,
676,CrossWorldPrepare,600,
676,NativeJobBarrier,100,
676,CommitDecision,200,
676,VoxelCommit,700,
676,EcsCommandBufferCommit,39000,
676,GasAndEventFinalize,13500,
676,ReplicationProjection,113100,
676,SnapshotHashMetrics,100,
676,EgressPublish,17123200,
677,IngressCapture,6500,
677,DecodeAndCanonicalize,200,
677,ApplyInputs,352100,
677,ProcessorPlan,49800,
677,CrossWorldPrepare,700,
677,NativeJobBarrier,400,
677,CommitDecision,200,
677,VoxelCommit,800,
677,EcsCommandBufferCommit,60100,
677,GasAndEventFinalize,21800,
677,ReplicationProjection,202400,
677,SnapshotHashMetrics,700,
677,EgressPublish,16718600,
678,IngressCapture,5100,
678,DecodeAndCanonicalize,300,
678,ApplyInputs,229200,
678,ProcessorPlan,45200,
678,CrossWorldPrepare,800,
678,NativeJobBarrier,1000,
678,CommitDecision,200,
678,VoxelCommit,500,
678,EcsCommandBufferCommit,53100,
678,GasAndEventFinalize,17400,
678,ReplicationProjection,166300,
678,SnapshotHashMetrics,400,
678,EgressPublish,17281800,
679,IngressCapture,4400,
679,DecodeAndCanonicalize,300,
679,ApplyInputs,245300,
679,ProcessorPlan,38600,
679,CrossWorldPrepare,800,
679,NativeJobBarrier,200,
679,CommitDecision,500,
679,VoxelCommit,800,
679,EcsCommandBufferCommit,46600,
679,GasAndEventFinalize,15100,
679,ReplicationProjection,160600,
679,SnapshotHashMetrics,200,
679,EgressPublish,18814700,
680,IngressCapture,4400,
680,DecodeAndCanonicalize,200,
680,ApplyInputs,272200,
680,ProcessorPlan,40900,
680,CrossWorldPrepare,800,
680,NativeJobBarrier,200,
680,CommitDecision,300,
680,VoxelCommit,1200,
680,EcsCommandBufferCommit,61300,
680,GasAndEventFinalize,21500,
680,ReplicationProjection,217100,
680,SnapshotHashMetrics,1100,
680,EgressPublish,15744100,
681,IngressCapture,5200,
681,DecodeAndCanonicalize,200,
681,ApplyInputs,222600,
681,ProcessorPlan,45900,
681,CrossWorldPrepare,600,
681,NativeJobBarrier,300,
681,CommitDecision,400,
681,VoxelCommit,800,
681,EcsCommandBufferCommit,50400,
681,GasAndEventFinalize,18300,
681,ReplicationProjection,166000,
681,SnapshotHashMetrics,400,
681,EgressPublish,21136500,
682,IngressCapture,4700,
682,DecodeAndCanonicalize,200,
682,ApplyInputs,599100,
682,ProcessorPlan,43700,
682,CrossWorldPrepare,1100,
682,NativeJobBarrier,500,
682,CommitDecision,300,
682,VoxelCommit,500,
682,EcsCommandBufferCommit,49700,
682,GasAndEventFinalize,32500,
682,ReplicationProjection,176800,
682,SnapshotHashMetrics,400,
682,EgressPublish,24956000,
683,IngressCapture,5200,
683,DecodeAndCanonicalize,200,
683,ApplyInputs,245100,
683,ProcessorPlan,47700,
683,CrossWorldPrepare,700,
683,NativeJobBarrier,300,
683,CommitDecision,700,
683,VoxelCommit,300,
683,EcsCommandBufferCommit,81400,
683,GasAndEventFinalize,21800,
683,ReplicationProjection,175800,
683,SnapshotHashMetrics,200,
683,EgressPublish,18381600,
684,IngressCapture,5600,
684,DecodeAndCanonicalize,400,
684,ApplyInputs,285400,
684,ProcessorPlan,47400,
684,CrossWorldPrepare,1200,
684,NativeJobBarrier,200,
684,CommitDecision,300,
684,VoxelCommit,900,
684,EcsCommandBufferCommit,67900,
684,GasAndEventFinalize,22300,
684,ReplicationProjection,199100,
684,SnapshotHashMetrics,1200,
684,EgressPublish,15236000,
685,IngressCapture,6100,
685,DecodeAndCanonicalize,300,
685,ApplyInputs,283100,
685,ProcessorPlan,41100,
685,CrossWorldPrepare,800,
685,NativeJobBarrier,200,
685,CommitDecision,400,
685,VoxelCommit,1000,
685,EcsCommandBufferCommit,56100,
685,GasAndEventFinalize,16700,
685,ReplicationProjection,178600,
685,SnapshotHashMetrics,400,
685,EgressPublish,17328000,
686,IngressCapture,4500,
686,DecodeAndCanonicalize,200,
686,ApplyInputs,274600,
686,ProcessorPlan,58300,
686,CrossWorldPrepare,900,
686,NativeJobBarrier,300,
686,CommitDecision,400,
686,VoxelCommit,600,
686,EcsCommandBufferCommit,76600,
686,GasAndEventFinalize,23900,
686,ReplicationProjection,191200,
686,SnapshotHashMetrics,1000,
686,EgressPublish,17805700,
687,IngressCapture,5000,
687,DecodeAndCanonicalize,200,
687,ApplyInputs,206100,
687,ProcessorPlan,40100,
687,CrossWorldPrepare,800,
687,NativeJobBarrier,200,
687,CommitDecision,800,
687,VoxelCommit,600,
687,EcsCommandBufferCommit,44200,
687,GasAndEventFinalize,14700,
687,ReplicationProjection,111100,
687,SnapshotHashMetrics,300,
687,EgressPublish,12308100,
688,IngressCapture,4400,
688,DecodeAndCanonicalize,400,
688,ApplyInputs,190800,
688,ProcessorPlan,82600,
688,CrossWorldPrepare,1700,
688,NativeJobBarrier,300,
688,CommitDecision,300,
688,VoxelCommit,700,
688,EcsCommandBufferCommit,63700,
688,GasAndEventFinalize,18400,
688,ReplicationProjection,174200,
688,SnapshotHashMetrics,300,
688,EgressPublish,14850500,
689,IngressCapture,5000,
689,DecodeAndCanonicalize,200,
689,ApplyInputs,339900,
689,ProcessorPlan,45800,
689,CrossWorldPrepare,1200,
689,NativeJobBarrier,200,
689,CommitDecision,400,
689,VoxelCommit,700,
689,EcsCommandBufferCommit,54300,
689,GasAndEventFinalize,18400,
689,ReplicationProjection,170600,
689,SnapshotHashMetrics,1100,
689,EgressPublish,15479900,
690,IngressCapture,4000,
690,DecodeAndCanonicalize,200,
690,ApplyInputs,628200,
690,ProcessorPlan,43100,
690,CrossWorldPrepare,900,
690,NativeJobBarrier,300,
690,CommitDecision,300,
690,VoxelCommit,900,
690,EcsCommandBufferCommit,59500,
690,GasAndEventFinalize,39700,
690,ReplicationProjection,182700,
690,SnapshotHashMetrics,400,
690,EgressPublish,15780800,
691,IngressCapture,5300,
691,DecodeAndCanonicalize,500,
691,ApplyInputs,169200,
691,ProcessorPlan,31300,
691,CrossWorldPrepare,600,
691,NativeJobBarrier,200,
691,CommitDecision,400,
691,VoxelCommit,400,
691,EcsCommandBufferCommit,37300,
691,GasAndEventFinalize,13500,
691,ReplicationProjection,113500,
691,SnapshotHashMetrics,200,
691,EgressPublish,14535800,
692,IngressCapture,4600,
692,DecodeAndCanonicalize,300,
692,ApplyInputs,264800,
692,ProcessorPlan,45300,
692,CrossWorldPrepare,1000,
692,NativeJobBarrier,500,
692,CommitDecision,400,
692,VoxelCommit,500,
692,EcsCommandBufferCommit,58300,
692,GasAndEventFinalize,21100,
692,ReplicationProjection,168000,
692,SnapshotHashMetrics,300,
692,EgressPublish,14789800,
693,IngressCapture,5900,
693,DecodeAndCanonicalize,700,
693,ApplyInputs,220900,
693,ProcessorPlan,44100,
693,CrossWorldPrepare,600,
693,NativeJobBarrier,200,
693,CommitDecision,300,
693,VoxelCommit,700,
693,EcsCommandBufferCommit,60300,
693,GasAndEventFinalize,20200,
693,ReplicationProjection,204400,
693,SnapshotHashMetrics,1600,
693,EgressPublish,19614300,
694,IngressCapture,3800,
694,DecodeAndCanonicalize,100,
694,ApplyInputs,164800,
694,ProcessorPlan,26500,
694,CrossWorldPrepare,700,
694,NativeJobBarrier,200,
694,CommitDecision,200,
694,VoxelCommit,300,
694,EcsCommandBufferCommit,109300,
694,GasAndEventFinalize,15100,
694,ReplicationProjection,122000,
694,SnapshotHashMetrics,200,
694,EgressPublish,15550900,
695,IngressCapture,5600,
695,DecodeAndCanonicalize,300,
695,ApplyInputs,303300,
695,ProcessorPlan,46800,
695,CrossWorldPrepare,900,
695,NativeJobBarrier,700,
695,CommitDecision,600,
695,VoxelCommit,1100,
695,EcsCommandBufferCommit,52400,
695,GasAndEventFinalize,20000,
695,ReplicationProjection,164700,
695,SnapshotHashMetrics,400,
695,EgressPublish,14539600,
696,IngressCapture,4400,
696,DecodeAndCanonicalize,300,
696,ApplyInputs,192900,
696,ProcessorPlan,36900,
696,CrossWorldPrepare,500,
696,NativeJobBarrier,200,
696,CommitDecision,200,
696,VoxelCommit,600,
696,EcsCommandBufferCommit,44400,
696,GasAndEventFinalize,14500,
696,ReplicationProjection,161600,
696,SnapshotHashMetrics,400,
696,EgressPublish,16605700,
697,IngressCapture,5400,
697,DecodeAndCanonicalize,200,
697,ApplyInputs,284400,
697,ProcessorPlan,47300,
697,CrossWorldPrepare,1000,
697,NativeJobBarrier,300,
697,CommitDecision,700,
697,VoxelCommit,800,
697,EcsCommandBufferCommit,45800,
697,GasAndEventFinalize,18400,
697,ReplicationProjection,179000,
697,SnapshotHashMetrics,500,
697,EgressPublish,17758400,
698,IngressCapture,6200,
698,DecodeAndCanonicalize,200,
698,ApplyInputs,433100,
698,ProcessorPlan,92800,
698,CrossWorldPrepare,1300,
698,NativeJobBarrier,300,
698,CommitDecision,400,
698,VoxelCommit,900,
698,EcsCommandBufferCommit,52100,
698,GasAndEventFinalize,43200,
698,ReplicationProjection,124100,
698,SnapshotHashMetrics,100,
698,EgressPublish,14886600,
699,IngressCapture,5500,
699,DecodeAndCanonicalize,100,
699,ApplyInputs,347100,
699,ProcessorPlan,31900,
699,CrossWorldPrepare,600,
699,NativeJobBarrier,100,
699,CommitDecision,400,
699,VoxelCommit,500,
699,EcsCommandBufferCommit,165400,
699,GasAndEventFinalize,30200,
699,ReplicationProjection,293300,
699,SnapshotHashMetrics,1000,
699,EgressPublish,16561900,
700,IngressCapture,5400,
700,DecodeAndCanonicalize,200,
700,ApplyInputs,212400,
700,ProcessorPlan,32100,
700,CrossWorldPrepare,800,
700,NativeJobBarrier,100,
700,CommitDecision,200,
700,VoxelCommit,600,
700,EcsCommandBufferCommit,49100,
700,GasAndEventFinalize,19400,
700,ReplicationProjection,118800,
700,SnapshotHashMetrics,100,
700,EgressPublish,15117000,
701,IngressCapture,5800,
701,DecodeAndCanonicalize,500,
701,ApplyInputs,212100,
701,ProcessorPlan,42500,
701,CrossWorldPrepare,1000,
701,NativeJobBarrier,400,
701,CommitDecision,800,
701,VoxelCommit,700,
701,EcsCommandBufferCommit,57500,
701,GasAndEventFinalize,16100,
701,ReplicationProjection,145500,
701,SnapshotHashMetrics,800,
701,EgressPublish,16810000,
702,IngressCapture,6100,
702,DecodeAndCanonicalize,400,
702,ApplyInputs,321700,
702,ProcessorPlan,43000,
702,CrossWorldPrepare,1100,
702,NativeJobBarrier,500,
702,CommitDecision,100,
702,VoxelCommit,500,
702,EcsCommandBufferCommit,59700,
702,GasAndEventFinalize,22000,
702,ReplicationProjection,129100,
702,SnapshotHashMetrics,200,
702,EgressPublish,14956700,
703,IngressCapture,7200,
703,DecodeAndCanonicalize,300,
703,ApplyInputs,387800,
703,ProcessorPlan,56600,
703,CrossWorldPrepare,2300,
703,NativeJobBarrier,200,
703,CommitDecision,600,
703,VoxelCommit,2900,
703,EcsCommandBufferCommit,66800,
703,GasAndEventFinalize,26500,
703,ReplicationProjection,207300,
703,SnapshotHashMetrics,400,
703,EgressPublish,21202500,
704,IngressCapture,5700,
704,DecodeAndCanonicalize,300,
704,ApplyInputs,236300,
704,ProcessorPlan,49500,
704,CrossWorldPrepare,900,
704,NativeJobBarrier,200,
704,CommitDecision,700,
704,VoxelCommit,200,
704,EcsCommandBufferCommit,69800,
704,GasAndEventFinalize,21900,
704,ReplicationProjection,7441600,
704,SnapshotHashMetrics,2500,
704,EgressPublish,18879000,
705,IngressCapture,4300,
705,DecodeAndCanonicalize,200,
705,ApplyInputs,301000,
705,ProcessorPlan,45800,
705,CrossWorldPrepare,1000,
705,NativeJobBarrier,300,
705,CommitDecision,200,
705,VoxelCommit,1400,
705,EcsCommandBufferCommit,63700,
705,GasAndEventFinalize,20000,
705,ReplicationProjection,191600,
705,SnapshotHashMetrics,800,
705,EgressPublish,14160100,
706,IngressCapture,4600,
706,DecodeAndCanonicalize,200,
706,ApplyInputs,722800,
706,ProcessorPlan,92800,
706,CrossWorldPrepare,1200,
706,NativeJobBarrier,200,
706,CommitDecision,400,
706,VoxelCommit,1000,
706,EcsCommandBufferCommit,49400,
706,GasAndEventFinalize,38000,
706,ReplicationProjection,186500,
706,SnapshotHashMetrics,300,
706,EgressPublish,18806600,
707,IngressCapture,5600,
707,DecodeAndCanonicalize,200,
707,ApplyInputs,188200,
707,ProcessorPlan,44300,
707,CrossWorldPrepare,700,
707,NativeJobBarrier,200,
707,CommitDecision,200,
707,VoxelCommit,400,
707,EcsCommandBufferCommit,48000,
707,GasAndEventFinalize,15900,
707,ReplicationProjection,123300,
707,SnapshotHashMetrics,100,
707,EgressPublish,17578300,
708,IngressCapture,7000,
708,DecodeAndCanonicalize,400,
708,ApplyInputs,278200,
708,ProcessorPlan,42000,
708,CrossWorldPrepare,1300,
708,NativeJobBarrier,200,
708,CommitDecision,300,
708,VoxelCommit,400,
708,EcsCommandBufferCommit,57000,
708,GasAndEventFinalize,20600,
708,ReplicationProjection,179500,
708,SnapshotHashMetrics,300,
708,EgressPublish,19881500,
709,IngressCapture,3200,
709,DecodeAndCanonicalize,200,
709,ApplyInputs,152700,
709,ProcessorPlan,27900,
709,CrossWorldPrepare,900,
709,NativeJobBarrier,200,
709,CommitDecision,200,
709,VoxelCommit,300,
709,EcsCommandBufferCommit,39700,
709,GasAndEventFinalize,14000,
709,ReplicationProjection,111700,
709,SnapshotHashMetrics,100,
709,EgressPublish,18044600,
710,IngressCapture,6300,
710,DecodeAndCanonicalize,400,
710,ApplyInputs,316900,
710,ProcessorPlan,163400,
710,CrossWorldPrepare,3100,
710,NativeJobBarrier,700,
710,CommitDecision,1900,
710,VoxelCommit,1000,
710,EcsCommandBufferCommit,82900,
710,GasAndEventFinalize,22600,
710,ReplicationProjection,227700,
710,SnapshotHashMetrics,700,
710,EgressPublish,15679300,
711,IngressCapture,6200,
711,DecodeAndCanonicalize,200,
711,ApplyInputs,275500,
711,ProcessorPlan,46500,
711,CrossWorldPrepare,900,
711,NativeJobBarrier,500,
711,CommitDecision,600,
711,VoxelCommit,1100,
711,EcsCommandBufferCommit,56900,
711,GasAndEventFinalize,19900,
711,ReplicationProjection,173500,
711,SnapshotHashMetrics,600,
711,EgressPublish,18855200,
712,IngressCapture,5300,
712,DecodeAndCanonicalize,100,
712,ApplyInputs,266900,
712,ProcessorPlan,42400,
712,CrossWorldPrepare,500,
712,NativeJobBarrier,200,
712,CommitDecision,400,
712,VoxelCommit,1100,
712,EcsCommandBufferCommit,66200,
712,GasAndEventFinalize,20600,
712,ReplicationProjection,200500,
712,SnapshotHashMetrics,500,
712,EgressPublish,16145600,
713,IngressCapture,3800,
713,DecodeAndCanonicalize,200,
713,ApplyInputs,159400,
713,ProcessorPlan,29600,
713,CrossWorldPrepare,500,
713,NativeJobBarrier,100,
713,CommitDecision,100,
713,VoxelCommit,600,
713,EcsCommandBufferCommit,41500,
713,GasAndEventFinalize,12500,
713,ReplicationProjection,117400,
713,SnapshotHashMetrics,100,
713,EgressPublish,16839800,
714,IngressCapture,4900,
714,DecodeAndCanonicalize,200,
714,ApplyInputs,484200,
714,ProcessorPlan,90100,
714,CrossWorldPrepare,1400,
714,NativeJobBarrier,400,
714,CommitDecision,400,
714,VoxelCommit,300,
714,EcsCommandBufferCommit,52000,
714,GasAndEventFinalize,39500,
714,ReplicationProjection,182600,
714,SnapshotHashMetrics,400,
714,EgressPublish,21102400,
715,IngressCapture,6400,
715,DecodeAndCanonicalize,200,
715,ApplyInputs,272300,
715,ProcessorPlan,42300,
715,CrossWorldPrepare,1200,
715,NativeJobBarrier,500,
715,CommitDecision,1400,
715,VoxelCommit,1200,
715,EcsCommandBufferCommit,66900,
715,GasAndEventFinalize,23200,
715,ReplicationProjection,169800,
715,SnapshotHashMetrics,300,
715,EgressPublish,17945300,
716,IngressCapture,4000,
716,DecodeAndCanonicalize,200,
716,ApplyInputs,262000,
716,ProcessorPlan,41100,
716,CrossWorldPrepare,1000,
716,NativeJobBarrier,200,
716,CommitDecision,300,
716,VoxelCommit,800,
716,EcsCommandBufferCommit,54400,
716,GasAndEventFinalize,20500,
716,ReplicationProjection,167400,
716,SnapshotHashMetrics,700,
716,EgressPublish,20026000,
717,IngressCapture,6600,
717,DecodeAndCanonicalize,600,
717,ApplyInputs,295800,
717,ProcessorPlan,47400,
717,CrossWorldPrepare,1100,
717,NativeJobBarrier,300,
717,CommitDecision,300,
717,VoxelCommit,600,
717,EcsCommandBufferCommit,68200,
717,GasAndEventFinalize,19800,
717,ReplicationProjection,160900,
717,SnapshotHashMetrics,400,
717,EgressPublish,20391600,
718,IngressCapture,6500,
718,DecodeAndCanonicalize,400,
718,ApplyInputs,424000,
718,ProcessorPlan,53900,
718,CrossWorldPrepare,1400,
718,NativeJobBarrier,300,
718,CommitDecision,300,
718,VoxelCommit,1000,
718,EcsCommandBufferCommit,63900,
718,GasAndEventFinalize,23700,
718,ReplicationProjection,212600,
718,SnapshotHashMetrics,300,
718,EgressPublish,18684500,
719,IngressCapture,7600,
719,DecodeAndCanonicalize,300,
719,ApplyInputs,274800,
719,ProcessorPlan,47600,
719,CrossWorldPrepare,600,
719,NativeJobBarrier,300,
719,CommitDecision,300,
719,VoxelCommit,500,
719,EcsCommandBufferCommit,67100,
719,GasAndEventFinalize,21900,
719,ReplicationProjection,160100,
719,SnapshotHashMetrics,200,
719,EgressPublish,21045200,
720,IngressCapture,4700,
720,DecodeAndCanonicalize,200,
720,ApplyInputs,224500,
720,ProcessorPlan,38400,
720,CrossWorldPrepare,900,
720,NativeJobBarrier,200,
720,CommitDecision,400,
720,VoxelCommit,800,
720,EcsCommandBufferCommit,90900,
720,GasAndEventFinalize,16300,
720,ReplicationProjection,119200,
720,SnapshotHashMetrics,500,
720,EgressPublish,17608700,
721,IngressCapture,6800,
721,DecodeAndCanonicalize,200,
721,ApplyInputs,292000,
721,ProcessorPlan,57200,
721,CrossWorldPrepare,1000,
721,NativeJobBarrier,300,
721,CommitDecision,300,
721,VoxelCommit,1400,
721,EcsCommandBufferCommit,67300,
721,GasAndEventFinalize,21800,
721,ReplicationProjection,161300,
721,SnapshotHashMetrics,400,
721,EgressPublish,24298700,
722,IngressCapture,6600,
722,DecodeAndCanonicalize,200,
722,ApplyInputs,686100,
722,ProcessorPlan,44200,
722,CrossWorldPrepare,600,
722,NativeJobBarrier,500,
722,CommitDecision,400,
722,VoxelCommit,700,
722,EcsCommandBufferCommit,76100,
722,GasAndEventFinalize,46000,
722,ReplicationProjection,196700,
722,SnapshotHashMetrics,300,
722,EgressPublish,20965900,
723,IngressCapture,6800,
723,DecodeAndCanonicalize,300,
723,ApplyInputs,344500,
723,ProcessorPlan,48400,
723,CrossWorldPrepare,1700,
723,NativeJobBarrier,300,
723,CommitDecision,800,
723,VoxelCommit,1200,
723,EcsCommandBufferCommit,77100,
723,GasAndEventFinalize,23200,
723,ReplicationProjection,186300,
723,SnapshotHashMetrics,300,
723,EgressPublish,21564200,
724,IngressCapture,5400,
724,DecodeAndCanonicalize,200,
724,ApplyInputs,305800,
724,ProcessorPlan,46200,
724,CrossWorldPrepare,900,
724,NativeJobBarrier,200,
724,CommitDecision,600,
724,VoxelCommit,1000,
724,EcsCommandBufferCommit,65700,
724,GasAndEventFinalize,21000,
724,ReplicationProjection,158000,
724,SnapshotHashMetrics,600,
724,EgressPublish,18302800,
725,IngressCapture,5800,
725,DecodeAndCanonicalize,200,
725,ApplyInputs,211700,
725,ProcessorPlan,44500,
725,CrossWorldPrepare,1400,
725,NativeJobBarrier,300,
725,CommitDecision,200,
725,VoxelCommit,900,
725,EcsCommandBufferCommit,61200,
725,GasAndEventFinalize,20700,
725,ReplicationProjection,157000,
725,SnapshotHashMetrics,200,
725,EgressPublish,17128200,
726,IngressCapture,3800,
726,DecodeAndCanonicalize,100,
726,ApplyInputs,203300,
726,ProcessorPlan,34200,
726,CrossWorldPrepare,1400,
726,NativeJobBarrier,500,
726,CommitDecision,300,
726,VoxelCommit,400,
726,EcsCommandBufferCommit,54700,
726,GasAndEventFinalize,14900,
726,ReplicationProjection,110600,
726,SnapshotHashMetrics,200,
726,EgressPublish,19333400,
727,IngressCapture,5200,
727,DecodeAndCanonicalize,400,
727,ApplyInputs,218600,
727,ProcessorPlan,43100,
727,CrossWorldPrepare,1300,
727,NativeJobBarrier,600,
727,CommitDecision,700,
727,VoxelCommit,500,
727,EcsCommandBufferCommit,59000,
727,GasAndEventFinalize,19500,
727,ReplicationProjection,166400,
727,SnapshotHashMetrics,200,
727,EgressPublish,15889100,
728,IngressCapture,5100,
728,DecodeAndCanonicalize,300,
728,ApplyInputs,298400,
728,ProcessorPlan,44800,
728,CrossWorldPrepare,1000,
728,NativeJobBarrier,200,
728,CommitDecision,500,
728,VoxelCommit,900,
728,EcsCommandBufferCommit,73400,
728,GasAndEventFinalize,22000,
728,ReplicationProjection,155900,
728,SnapshotHashMetrics,400,
728,EgressPublish,21981800,
729,IngressCapture,4800,
729,DecodeAndCanonicalize,200,
729,ApplyInputs,516300,
729,ProcessorPlan,51600,
729,CrossWorldPrepare,1000,
729,NativeJobBarrier,400,
729,CommitDecision,300,
729,VoxelCommit,700,
729,EcsCommandBufferCommit,51700,
729,GasAndEventFinalize,31100,
729,ReplicationProjection,138900,
729,SnapshotHashMetrics,200,
729,EgressPublish,17119700,
730,IngressCapture,5300,
730,DecodeAndCanonicalize,200,
730,ApplyInputs,174900,
730,ProcessorPlan,29600,
730,CrossWorldPrepare,800,
730,NativeJobBarrier,200,
730,CommitDecision,600,
730,VoxelCommit,1200,
730,EcsCommandBufferCommit,45300,
730,GasAndEventFinalize,17100,
730,ReplicationProjection,120400,
730,SnapshotHashMetrics,200,
730,EgressPublish,14550900,
731,IngressCapture,6900,
731,DecodeAndCanonicalize,200,
731,ApplyInputs,287600,
731,ProcessorPlan,44100,
731,CrossWorldPrepare,1100,
731,NativeJobBarrier,200,
731,CommitDecision,300,
731,VoxelCommit,1100,
731,EcsCommandBufferCommit,61000,
731,GasAndEventFinalize,21600,
731,ReplicationProjection,160700,
731,SnapshotHashMetrics,600,
731,EgressPublish,17814400,
732,IngressCapture,5900,
732,DecodeAndCanonicalize,300,
732,ApplyInputs,243800,
732,ProcessorPlan,51100,
732,CrossWorldPrepare,1000,
732,NativeJobBarrier,400,
732,CommitDecision,200,
732,VoxelCommit,1100,
732,EcsCommandBufferCommit,56800,
732,GasAndEventFinalize,21400,
732,ReplicationProjection,183000,
732,SnapshotHashMetrics,400,
732,EgressPublish,19253600,
733,IngressCapture,6000,
733,DecodeAndCanonicalize,400,
733,ApplyInputs,315900,
733,ProcessorPlan,41800,
733,CrossWorldPrepare,800,
733,NativeJobBarrier,100,
733,CommitDecision,200,
733,VoxelCommit,600,
733,EcsCommandBufferCommit,60400,
733,GasAndEventFinalize,21200,
733,ReplicationProjection,176400,
733,SnapshotHashMetrics,600,
733,EgressPublish,19381600,
734,IngressCapture,5200,
734,DecodeAndCanonicalize,500,
734,ApplyInputs,170100,
734,ProcessorPlan,28800,
734,CrossWorldPrepare,900,
734,NativeJobBarrier,200,
734,CommitDecision,200,
734,VoxelCommit,400,
734,EcsCommandBufferCommit,37600,
734,GasAndEventFinalize,12500,
734,ReplicationProjection,102500,
734,SnapshotHashMetrics,300,
734,EgressPublish,14779500,
735,IngressCapture,3400,
735,DecodeAndCanonicalize,300,
735,ApplyInputs,211000,
735,ProcessorPlan,43200,
735,CrossWorldPrepare,900,
735,NativeJobBarrier,200,
735,CommitDecision,900,
735,VoxelCommit,800,
735,EcsCommandBufferCommit,50200,
735,GasAndEventFinalize,21700,
735,ReplicationProjection,158500,
735,SnapshotHashMetrics,900,
735,EgressPublish,18353500,
736,IngressCapture,3700,
736,DecodeAndCanonicalize,200,
736,ApplyInputs,166100,
736,ProcessorPlan,28400,
736,CrossWorldPrepare,600,
736,NativeJobBarrier,200,
736,CommitDecision,400,
736,VoxelCommit,300,
736,EcsCommandBufferCommit,34200,
736,GasAndEventFinalize,11900,
736,ReplicationProjection,95900,
736,SnapshotHashMetrics,200,
736,EgressPublish,17626000,
737,IngressCapture,5300,
737,DecodeAndCanonicalize,400,
737,ApplyInputs,225800,
737,ProcessorPlan,34300,
737,CrossWorldPrepare,1300,
737,NativeJobBarrier,100,
737,CommitDecision,600,
737,VoxelCommit,400,
737,EcsCommandBufferCommit,54400,
737,GasAndEventFinalize,17100,
737,ReplicationProjection,108500,
737,SnapshotHashMetrics,100,
737,EgressPublish,18969700,
738,IngressCapture,3100,
738,DecodeAndCanonicalize,200,
738,ApplyInputs,500300,
738,ProcessorPlan,38000,
738,CrossWorldPrepare,700,
738,NativeJobBarrier,200,
738,CommitDecision,400,
738,VoxelCommit,900,
738,EcsCommandBufferCommit,40000,
738,GasAndEventFinalize,31600,
738,ReplicationProjection,145400,
738,SnapshotHashMetrics,300,
738,EgressPublish,16820400,
739,IngressCapture,5100,
739,DecodeAndCanonicalize,400,
739,ApplyInputs,258200,
739,ProcessorPlan,42100,
739,CrossWorldPrepare,600,
739,NativeJobBarrier,400,
739,CommitDecision,500,
739,VoxelCommit,500,
739,EcsCommandBufferCommit,55600,
739,GasAndEventFinalize,20400,
739,ReplicationProjection,152900,
739,SnapshotHashMetrics,400,
739,EgressPublish,17462900,
740,IngressCapture,5300,
740,DecodeAndCanonicalize,300,
740,ApplyInputs,231700,
740,ProcessorPlan,46200,
740,CrossWorldPrepare,800,
740,NativeJobBarrier,300,
740,CommitDecision,400,
740,VoxelCommit,300,
740,EcsCommandBufferCommit,63400,
740,GasAndEventFinalize,22500,
740,ReplicationProjection,159000,
740,SnapshotHashMetrics,500,
740,EgressPublish,19028900,
741,IngressCapture,6300,
741,DecodeAndCanonicalize,100,
741,ApplyInputs,216000,
741,ProcessorPlan,33300,
741,CrossWorldPrepare,800,
741,NativeJobBarrier,300,
741,CommitDecision,800,
741,VoxelCommit,900,
741,EcsCommandBufferCommit,54400,
741,GasAndEventFinalize,16800,
741,ReplicationProjection,130500,
741,SnapshotHashMetrics,200,
741,EgressPublish,15879500,
742,IngressCapture,3800,
742,DecodeAndCanonicalize,200,
742,ApplyInputs,231900,
742,ProcessorPlan,33500,
742,CrossWorldPrepare,800,
742,NativeJobBarrier,200,
742,CommitDecision,600,
742,VoxelCommit,700,
742,EcsCommandBufferCommit,49800,
742,GasAndEventFinalize,18400,
742,ReplicationProjection,109600,
742,SnapshotHashMetrics,200,
742,EgressPublish,15770100,
743,IngressCapture,5100,
743,DecodeAndCanonicalize,200,
743,ApplyInputs,181300,
743,ProcessorPlan,30500,
743,CrossWorldPrepare,400,
743,NativeJobBarrier,200,
743,CommitDecision,200,
743,VoxelCommit,900,
743,EcsCommandBufferCommit,37200,
743,GasAndEventFinalize,14900,
743,ReplicationProjection,98200,
743,SnapshotHashMetrics,100,
743,EgressPublish,14058000,
744,IngressCapture,7000,
744,DecodeAndCanonicalize,300,
744,ApplyInputs,316200,
744,ProcessorPlan,53600,
744,CrossWorldPrepare,1000,
744,NativeJobBarrier,500,
744,CommitDecision,400,
744,VoxelCommit,1300,
744,EcsCommandBufferCommit,78200,
744,GasAndEventFinalize,22900,
744,ReplicationProjection,156100,
744,SnapshotHashMetrics,300,
744,EgressPublish,15925800,
745,IngressCapture,5400,
745,DecodeAndCanonicalize,200,
745,ApplyInputs,474800,
745,ProcessorPlan,32700,
745,CrossWorldPrepare,800,
745,NativeJobBarrier,200,
745,CommitDecision,400,
745,VoxelCommit,400,
745,EcsCommandBufferCommit,43400,
745,GasAndEventFinalize,25600,
745,ReplicationProjection,107200,
745,SnapshotHashMetrics,800,
745,EgressPublish,15535400,
746,IngressCapture,3800,
746,DecodeAndCanonicalize,100,
746,ApplyInputs,130800,
746,ProcessorPlan,27800,
746,CrossWorldPrepare,700,
746,NativeJobBarrier,100,
746,CommitDecision,100,
746,VoxelCommit,200,
746,EcsCommandBufferCommit,31800,
746,GasAndEventFinalize,11400,
746,ReplicationProjection,91500,
746,SnapshotHashMetrics,200,
746,EgressPublish,9319700,
747,IngressCapture,4700,
747,DecodeAndCanonicalize,200,
747,ApplyInputs,220700,
747,ProcessorPlan,42000,
747,CrossWorldPrepare,1100,
747,NativeJobBarrier,500,
747,CommitDecision,1100,
747,VoxelCommit,400,
747,EcsCommandBufferCommit,62700,
747,GasAndEventFinalize,19600,
747,ReplicationProjection,150400,
747,SnapshotHashMetrics,300,
747,EgressPublish,15717200,
748,IngressCapture,4300,
748,DecodeAndCanonicalize,300,
748,ApplyInputs,279000,
748,ProcessorPlan,48500,
748,CrossWorldPrepare,600,
748,NativeJobBarrier,300,
748,CommitDecision,400,
748,VoxelCommit,700,
748,EcsCommandBufferCommit,56600,
748,GasAndEventFinalize,20800,
748,ReplicationProjection,152800,
748,SnapshotHashMetrics,300,
748,EgressPublish,17137100,
749,IngressCapture,3800,
749,DecodeAndCanonicalize,200,
749,ApplyInputs,245800,
749,ProcessorPlan,42600,
749,CrossWorldPrepare,600,
749,NativeJobBarrier,300,
749,CommitDecision,500,
749,VoxelCommit,800,
749,EcsCommandBufferCommit,58200,
749,GasAndEventFinalize,21400,
749,ReplicationProjection,177300,
749,SnapshotHashMetrics,300,
749,EgressPublish,15717600,
750,IngressCapture,3900,
750,DecodeAndCanonicalize,100,
750,ApplyInputs,126000,
750,ProcessorPlan,26500,
750,CrossWorldPrepare,700,
750,NativeJobBarrier,200,
750,CommitDecision,200,
750,VoxelCommit,400,
750,EcsCommandBufferCommit,36600,
750,GasAndEventFinalize,11700,
750,ReplicationProjection,96600,
750,SnapshotHashMetrics,200,
750,EgressPublish,13433200,
751,IngressCapture,4700,
751,DecodeAndCanonicalize,300,
751,ApplyInputs,260500,
751,ProcessorPlan,44300,
751,CrossWorldPrepare,900,
751,NativeJobBarrier,300,
751,CommitDecision,100,
751,VoxelCommit,1200,
751,EcsCommandBufferCommit,85500,
751,GasAndEventFinalize,25600,
751,ReplicationProjection,169400,
751,SnapshotHashMetrics,1100,
751,EgressPublish,15489700,
752,IngressCapture,3800,
752,DecodeAndCanonicalize,400,
752,ApplyInputs,174200,
752,ProcessorPlan,30600,
752,CrossWorldPrepare,1300,
752,NativeJobBarrier,200,
752,CommitDecision,400,
752,VoxelCommit,400,
752,EcsCommandBufferCommit,35600,
752,GasAndEventFinalize,13000,
752,ReplicationProjection,91700,
752,SnapshotHashMetrics,200,
752,EgressPublish,12245600,
753,IngressCapture,4100,
753,DecodeAndCanonicalize,200,
753,ApplyInputs,386700,
753,ProcessorPlan,57400,
753,CrossWorldPrepare,700,
753,NativeJobBarrier,200,
753,CommitDecision,300,
753,VoxelCommit,500,
753,EcsCommandBufferCommit,30900,
753,GasAndEventFinalize,22800,
753,ReplicationProjection,94200,
753,SnapshotHashMetrics,200,
753,EgressPublish,10403000,
754,IngressCapture,7000,
754,DecodeAndCanonicalize,200,
754,ApplyInputs,298500,
754,ProcessorPlan,30200,
754,CrossWorldPrepare,700,
754,NativeJobBarrier,200,
754,CommitDecision,300,
754,VoxelCommit,400,
754,EcsCommandBufferCommit,497600,
754,GasAndEventFinalize,41600,
754,ReplicationProjection,271700,
754,SnapshotHashMetrics,700,
754,EgressPublish,14742800,
755,IngressCapture,5000,
755,DecodeAndCanonicalize,100,
755,ApplyInputs,162700,
755,ProcessorPlan,37800,
755,CrossWorldPrepare,700,
755,NativeJobBarrier,200,
755,CommitDecision,200,
755,VoxelCommit,400,
755,EcsCommandBufferCommit,44400,
755,GasAndEventFinalize,14800,
755,ReplicationProjection,110500,
755,SnapshotHashMetrics,200,
755,EgressPublish,10828100,
756,IngressCapture,4500,
756,DecodeAndCanonicalize,100,
756,ApplyInputs,198200,
756,ProcessorPlan,29000,
756,CrossWorldPrepare,600,
756,NativeJobBarrier,100,
756,CommitDecision,200,
756,VoxelCommit,400,
756,EcsCommandBufferCommit,40400,
756,GasAndEventFinalize,12900,
756,ReplicationProjection,104300,
756,SnapshotHashMetrics,100,
756,EgressPublish,16092900,
757,IngressCapture,4100,
757,DecodeAndCanonicalize,200,
757,ApplyInputs,130600,
757,ProcessorPlan,25600,
757,CrossWorldPrepare,600,
757,NativeJobBarrier,200,
757,CommitDecision,100,
757,VoxelCommit,300,
757,EcsCommandBufferCommit,31600,
757,GasAndEventFinalize,10300,
757,ReplicationProjection,96300,
757,SnapshotHashMetrics,200,
757,EgressPublish,11679100,
758,IngressCapture,4600,
758,DecodeAndCanonicalize,300,
758,ApplyInputs,271900,
758,ProcessorPlan,42100,
758,CrossWorldPrepare,1000,
758,NativeJobBarrier,200,
758,CommitDecision,200,
758,VoxelCommit,2200,
758,EcsCommandBufferCommit,68200,
758,GasAndEventFinalize,20900,
758,ReplicationProjection,169600,
758,SnapshotHashMetrics,200,
758,EgressPublish,12842100,
759,IngressCapture,4000,
759,DecodeAndCanonicalize,200,
759,ApplyInputs,171400,
759,ProcessorPlan,28600,
759,CrossWorldPrepare,800,
759,NativeJobBarrier,200,
759,CommitDecision,100,
759,VoxelCommit,200,
759,EcsCommandBufferCommit,40200,
759,GasAndEventFinalize,15100,
759,ReplicationProjection,108400,
759,SnapshotHashMetrics,100,
759,EgressPublish,16073500,
760,IngressCapture,3500,
760,DecodeAndCanonicalize,200,
760,ApplyInputs,182600,
760,ProcessorPlan,30600,
760,CrossWorldPrepare,500,
760,NativeJobBarrier,100,
760,CommitDecision,200,
760,VoxelCommit,300,
760,EcsCommandBufferCommit,46100,
760,GasAndEventFinalize,13600,
760,ReplicationProjection,101000,
760,SnapshotHashMetrics,200,
760,EgressPublish,12597700,
761,IngressCapture,5300,
761,DecodeAndCanonicalize,200,
761,ApplyInputs,454800,
761,ProcessorPlan,109900,
761,CrossWorldPrepare,1300,
761,NativeJobBarrier,200,
761,CommitDecision,600,
761,VoxelCommit,500,
761,EcsCommandBufferCommit,74900,
761,GasAndEventFinalize,43100,
761,ReplicationProjection,142900,
761,SnapshotHashMetrics,500,
761,EgressPublish,11297100,
762,IngressCapture,5300,
762,DecodeAndCanonicalize,200,
762,ApplyInputs,257900,
762,ProcessorPlan,45000,
762,CrossWorldPrepare,400,
762,NativeJobBarrier,200,
762,CommitDecision,400,
762,VoxelCommit,500,
762,EcsCommandBufferCommit,46200,
762,GasAndEventFinalize,19000,
762,ReplicationProjection,153600,
762,SnapshotHashMetrics,200,
762,EgressPublish,12520100,
763,IngressCapture,3200,
763,DecodeAndCanonicalize,200,
763,ApplyInputs,201300,
763,ProcessorPlan,34600,
763,CrossWorldPrepare,700,
763,NativeJobBarrier,200,
763,CommitDecision,400,
763,VoxelCommit,200,
763,EcsCommandBufferCommit,40700,
763,GasAndEventFinalize,10000,
763,ReplicationProjection,99000,
763,SnapshotHashMetrics,300,
763,EgressPublish,12760400,
764,IngressCapture,5200,
764,DecodeAndCanonicalize,300,
764,ApplyInputs,216400,
764,ProcessorPlan,38100,
764,CrossWorldPrepare,700,
764,NativeJobBarrier,200,
764,CommitDecision,200,
764,VoxelCommit,600,
764,EcsCommandBufferCommit,61500,
764,GasAndEventFinalize,14900,
764,ReplicationProjection,110400,
764,SnapshotHashMetrics,200,
764,EgressPublish,12505500,
765,IngressCapture,5300,
765,DecodeAndCanonicalize,200,
765,ApplyInputs,267900,
765,ProcessorPlan,41800,
765,CrossWorldPrepare,400,
765,NativeJobBarrier,200,
765,CommitDecision,200,
765,VoxelCommit,900,
765,EcsCommandBufferCommit,67300,
765,GasAndEventFinalize,22300,
765,ReplicationProjection,168000,
765,SnapshotHashMetrics,500,
765,EgressPublish,16835000,
766,IngressCapture,5200,
766,DecodeAndCanonicalize,300,
766,ApplyInputs,213700,
766,ProcessorPlan,41700,
766,CrossWorldPrepare,500,
766,NativeJobBarrier,200,
766,CommitDecision,200,
766,VoxelCommit,200,
766,EcsCommandBufferCommit,46300,
766,GasAndEventFinalize,16200,
766,ReplicationProjection,154500,
766,SnapshotHashMetrics,700,
766,EgressPublish,16351600,
767,IngressCapture,3700,
767,DecodeAndCanonicalize,100,
767,ApplyInputs,150100,
767,ProcessorPlan,25300,
767,CrossWorldPrepare,600,
767,NativeJobBarrier,100,
767,CommitDecision,300,
767,VoxelCommit,200,
767,EcsCommandBufferCommit,31600,
767,GasAndEventFinalize,9900,
767,ReplicationProjection,96500,
767,SnapshotHashMetrics,200,
767,EgressPublish,11170500,
768,IngressCapture,3600,
768,DecodeAndCanonicalize,300,
768,ApplyInputs,204700,
768,ProcessorPlan,28300,
768,CrossWorldPrepare,300,
768,NativeJobBarrier,200,
768,CommitDecision,200,
768,VoxelCommit,600,
768,EcsCommandBufferCommit,38200,
768,GasAndEventFinalize,12800,
768,ReplicationProjection,98800,
768,SnapshotHashMetrics,300,
768,EgressPublish,12576000,
769,IngressCapture,4400,
769,DecodeAndCanonicalize,600,
769,ApplyInputs,346500,
769,ProcessorPlan,61000,
769,CrossWorldPrepare,800,
769,NativeJobBarrier,100,
769,CommitDecision,300,
769,VoxelCommit,400,
769,EcsCommandBufferCommit,48100,
769,GasAndEventFinalize,33200,
769,ReplicationProjection,105300,
769,SnapshotHashMetrics,200,
769,EgressPublish,10749600,
770,IngressCapture,6400,
770,DecodeAndCanonicalize,300,
770,ApplyInputs,329700,
770,ProcessorPlan,50800,
770,CrossWorldPrepare,900,
770,NativeJobBarrier,200,
770,CommitDecision,1100,
770,VoxelCommit,700,
770,EcsCommandBufferCommit,55800,
770,GasAndEventFinalize,19800,
770,ReplicationProjection,109100,
770,SnapshotHashMetrics,100,
770,EgressPublish,13635400,
771,IngressCapture,3700,
771,DecodeAndCanonicalize,100,
771,ApplyInputs,203200,
771,ProcessorPlan,26200,
771,CrossWorldPrepare,700,
771,NativeJobBarrier,200,
771,CommitDecision,400,
771,VoxelCommit,200,
771,EcsCommandBufferCommit,336100,
771,GasAndEventFinalize,30600,
771,ReplicationProjection,254000,
771,SnapshotHashMetrics,300,
771,EgressPublish,13709700,
772,IngressCapture,5500,
772,DecodeAndCanonicalize,300,
772,ApplyInputs,324600,
772,ProcessorPlan,33700,
772,CrossWorldPrepare,400,
772,NativeJobBarrier,100,
772,CommitDecision,200,
772,VoxelCommit,300,
772,EcsCommandBufferCommit,51600,
772,GasAndEventFinalize,14800,
772,ReplicationProjection,108900,
772,SnapshotHashMetrics,200,
772,EgressPublish,13756500,
773,IngressCapture,6000,
773,DecodeAndCanonicalize,200,
773,ApplyInputs,306200,
773,ProcessorPlan,75500,
773,CrossWorldPrepare,900,
773,NativeJobBarrier,200,
773,CommitDecision,300,
773,VoxelCommit,1100,
773,EcsCommandBufferCommit,70400,
773,GasAndEventFinalize,22200,
773,ReplicationProjection,173400,
773,SnapshotHashMetrics,400,
773,EgressPublish,15789700,
774,IngressCapture,5100,
774,DecodeAndCanonicalize,200,
774,ApplyInputs,190800,
774,ProcessorPlan,30400,
774,CrossWorldPrepare,700,
774,NativeJobBarrier,100,
774,CommitDecision,300,
774,VoxelCommit,500,
774,EcsCommandBufferCommit,50400,
774,GasAndEventFinalize,15800,
774,ReplicationProjection,108800,
774,SnapshotHashMetrics,200,
774,EgressPublish,16842600,
775,IngressCapture,4200,
775,DecodeAndCanonicalize,100,
775,ApplyInputs,225700,
775,ProcessorPlan,27400,
775,CrossWorldPrepare,2000,
775,NativeJobBarrier,300,
775,CommitDecision,100,
775,VoxelCommit,300,
775,EcsCommandBufferCommit,38800,
775,GasAndEventFinalize,14500,
775,ReplicationProjection,100500,
775,SnapshotHashMetrics,200,
775,EgressPublish,13097100,
776,IngressCapture,5200,
776,DecodeAndCanonicalize,200,
776,ApplyInputs,188400,
776,ProcessorPlan,29900,
776,CrossWorldPrepare,900,
776,NativeJobBarrier,200,
776,CommitDecision,100,
776,VoxelCommit,400,
776,EcsCommandBufferCommit,46200,
776,GasAndEventFinalize,13300,
776,ReplicationProjection,106200,
776,SnapshotHashMetrics,200,
776,EgressPublish,17102300,
777,IngressCapture,5100,
777,DecodeAndCanonicalize,200,
777,ApplyInputs,678700,
777,ProcessorPlan,76900,
777,CrossWorldPrepare,1800,
777,NativeJobBarrier,200,
777,CommitDecision,200,
777,VoxelCommit,200,
777,EcsCommandBufferCommit,52300,
777,GasAndEventFinalize,31100,
777,ReplicationProjection,183800,
777,SnapshotHashMetrics,600,
777,EgressPublish,15949500,
778,IngressCapture,3900,
778,DecodeAndCanonicalize,400,
778,ApplyInputs,203200,
778,ProcessorPlan,29500,
778,CrossWorldPrepare,600,
778,NativeJobBarrier,100,
778,CommitDecision,400,
778,VoxelCommit,700,
778,EcsCommandBufferCommit,39400,
778,GasAndEventFinalize,13600,
778,ReplicationProjection,109100,
778,SnapshotHashMetrics,200,
778,EgressPublish,11814900,
779,IngressCapture,4900,
779,DecodeAndCanonicalize,200,
779,ApplyInputs,233900,
779,ProcessorPlan,38300,
779,CrossWorldPrepare,1200,
779,NativeJobBarrier,200,
779,CommitDecision,400,
779,VoxelCommit,1100,
779,EcsCommandBufferCommit,57700,
779,GasAndEventFinalize,20100,
779,ReplicationProjection,183700,
779,SnapshotHashMetrics,1400,
779,EgressPublish,19335700,
780,IngressCapture,4700,
780,DecodeAndCanonicalize,100,
780,ApplyInputs,194300,
780,ProcessorPlan,29800,
780,CrossWorldPrepare,800,
780,NativeJobBarrier,100,
780,CommitDecision,100,
780,VoxelCommit,200,
780,EcsCommandBufferCommit,45100,
780,GasAndEventFinalize,13600,
780,ReplicationProjection,113100,
780,SnapshotHashMetrics,200,
780,EgressPublish,14509600,
781,IngressCapture,5000,
781,DecodeAndCanonicalize,400,
781,ApplyInputs,222100,
781,ProcessorPlan,44500,
781,CrossWorldPrepare,800,
781,NativeJobBarrier,300,
781,CommitDecision,300,
781,VoxelCommit,500,
781,EcsCommandBufferCommit,54400,
781,GasAndEventFinalize,19200,
781,ReplicationProjection,215600,
781,SnapshotHashMetrics,400,
781,EgressPublish,17993300,
782,IngressCapture,4700,
782,DecodeAndCanonicalize,200,
782,ApplyInputs,329100,
782,ProcessorPlan,38000,
782,CrossWorldPrepare,800,
782,NativeJobBarrier,200,
782,CommitDecision,300,
782,VoxelCommit,600,
782,EcsCommandBufferCommit,49400,
782,GasAndEventFinalize,16900,
782,ReplicationProjection,625800,
782,SnapshotHashMetrics,1000,
782,EgressPublish,16995200,
783,IngressCapture,3500,
783,DecodeAndCanonicalize,200,
783,ApplyInputs,203200,
783,ProcessorPlan,29800,
783,CrossWorldPrepare,700,
783,NativeJobBarrier,100,
783,CommitDecision,400,
783,VoxelCommit,500,
783,EcsCommandBufferCommit,42500,
783,GasAndEventFinalize,13400,
783,ReplicationProjection,104700,
783,SnapshotHashMetrics,200,
783,EgressPublish,17598700,
784,IngressCapture,5600,
784,DecodeAndCanonicalize,400,
784,ApplyInputs,274400,
784,ProcessorPlan,56500,
784,CrossWorldPrepare,800,
784,NativeJobBarrier,1000,
784,CommitDecision,900,
784,VoxelCommit,800,
784,EcsCommandBufferCommit,76900,
784,GasAndEventFinalize,23300,
784,ReplicationProjection,189400,
784,SnapshotHashMetrics,600,
784,EgressPublish,17745600,
785,IngressCapture,7900,
785,DecodeAndCanonicalize,200,
785,ApplyInputs,1309000,
785,ProcessorPlan,96600,
785,CrossWorldPrepare,800,
785,NativeJobBarrier,300,
785,CommitDecision,400,
785,VoxelCommit,800,
785,EcsCommandBufferCommit,256000,
785,GasAndEventFinalize,51100,
785,ReplicationProjection,419600,
785,SnapshotHashMetrics,400,
785,EgressPublish,17481800,
786,IngressCapture,4800,
786,DecodeAndCanonicalize,300,
786,ApplyInputs,271900,
786,ProcessorPlan,40900,
786,CrossWorldPrepare,800,
786,NativeJobBarrier,200,
786,CommitDecision,400,
786,VoxelCommit,700,
786,EcsCommandBufferCommit,60400,
786,GasAndEventFinalize,20100,
786,ReplicationProjection,163600,
786,SnapshotHashMetrics,300,
786,EgressPublish,14893400,
787,IngressCapture,7700,
787,DecodeAndCanonicalize,400,
787,ApplyInputs,279300,
787,ProcessorPlan,52800,
787,CrossWorldPrepare,1200,
787,NativeJobBarrier,300,
787,CommitDecision,200,
787,VoxelCommit,500,
787,EcsCommandBufferCommit,82200,
787,GasAndEventFinalize,24900,
787,ReplicationProjection,134900,
787,SnapshotHashMetrics,200,
787,EgressPublish,20069100,
788,IngressCapture,5900,
788,DecodeAndCanonicalize,300,
788,ApplyInputs,257800,
788,ProcessorPlan,40000,
788,CrossWorldPrepare,1300,
788,NativeJobBarrier,400,
788,CommitDecision,800,
788,VoxelCommit,500,
788,EcsCommandBufferCommit,64500,
788,GasAndEventFinalize,20500,
788,ReplicationProjection,157900,
788,SnapshotHashMetrics,300,
788,EgressPublish,19552200,
789,IngressCapture,5100,
789,DecodeAndCanonicalize,300,
789,ApplyInputs,200500,
789,ProcessorPlan,31800,
789,CrossWorldPrepare,1200,
789,NativeJobBarrier,100,
789,CommitDecision,600,
789,VoxelCommit,400,
789,EcsCommandBufferCommit,57100,
789,GasAndEventFinalize,18300,
789,ReplicationProjection,116900,
789,SnapshotHashMetrics,200,
789,EgressPublish,17446400,
790,IngressCapture,3700,
790,DecodeAndCanonicalize,300,
790,ApplyInputs,237100,
790,ProcessorPlan,32500,
790,CrossWorldPrepare,1500,
790,NativeJobBarrier,200,
790,CommitDecision,400,
790,VoxelCommit,800,
790,EcsCommandBufferCommit,57900,
790,GasAndEventFinalize,18900,
790,ReplicationProjection,122300,
790,SnapshotHashMetrics,200,
790,EgressPublish,40961800,
791,IngressCapture,4500,
791,DecodeAndCanonicalize,200,
791,ApplyInputs,262000,
791,ProcessorPlan,40700,
791,CrossWorldPrepare,600,
791,NativeJobBarrier,200,
791,CommitDecision,200,
791,VoxelCommit,500,
791,EcsCommandBufferCommit,57200,
791,GasAndEventFinalize,19600,
791,ReplicationProjection,163800,
791,SnapshotHashMetrics,300,
791,EgressPublish,26795900,
792,IngressCapture,6100,
792,DecodeAndCanonicalize,200,
792,ApplyInputs,402600,
792,ProcessorPlan,53100,
792,CrossWorldPrepare,1000,
792,NativeJobBarrier,200,
792,CommitDecision,500,
792,VoxelCommit,1000,
792,EcsCommandBufferCommit,357300,
792,GasAndEventFinalize,82000,
792,ReplicationProjection,489400,
792,SnapshotHashMetrics,1300,
792,EgressPublish,20524200,
793,IngressCapture,6600,
793,DecodeAndCanonicalize,200,
793,ApplyInputs,763500,
793,ProcessorPlan,113700,
793,CrossWorldPrepare,1800,
793,NativeJobBarrier,200,
793,CommitDecision,400,
793,VoxelCommit,800,
793,EcsCommandBufferCommit,88000,
793,GasAndEventFinalize,53400,
793,ReplicationProjection,203100,
793,SnapshotHashMetrics,400,
793,EgressPublish,21561000,
794,IngressCapture,4700,
794,DecodeAndCanonicalize,200,
794,ApplyInputs,210500,
794,ProcessorPlan,34200,
794,CrossWorldPrepare,400,
794,NativeJobBarrier,200,
794,CommitDecision,600,
794,VoxelCommit,600,
794,EcsCommandBufferCommit,56400,
794,GasAndEventFinalize,17000,
794,ReplicationProjection,126800,
794,SnapshotHashMetrics,200,
794,EgressPublish,19567500,
795,IngressCapture,6600,
795,DecodeAndCanonicalize,300,
795,ApplyInputs,226400,
795,ProcessorPlan,44200,
795,CrossWorldPrepare,1000,
795,NativeJobBarrier,300,
795,CommitDecision,800,
795,VoxelCommit,500,
795,EcsCommandBufferCommit,64400,
795,GasAndEventFinalize,21600,
795,ReplicationProjection,184700,
795,SnapshotHashMetrics,400,
795,EgressPublish,22344500,
796,IngressCapture,4000,
796,DecodeAndCanonicalize,400,
796,ApplyInputs,268400,
796,ProcessorPlan,42400,
796,CrossWorldPrepare,2800,
796,NativeJobBarrier,300,
796,CommitDecision,300,
796,VoxelCommit,700,
796,EcsCommandBufferCommit,60200,
796,GasAndEventFinalize,16700,
796,ReplicationProjection,196100,
796,SnapshotHashMetrics,300,
796,EgressPublish,20181900,
797,IngressCapture,5200,
797,DecodeAndCanonicalize,400,
797,ApplyInputs,254000,
797,ProcessorPlan,50700,
797,CrossWorldPrepare,900,
797,NativeJobBarrier,200,
797,CommitDecision,400,
797,VoxelCommit,400,
797,EcsCommandBufferCommit,79000,
797,GasAndEventFinalize,23000,
797,ReplicationProjection,189800,
797,SnapshotHashMetrics,200,
797,EgressPublish,20245700,
798,IngressCapture,7500,
798,DecodeAndCanonicalize,300,
798,ApplyInputs,318000,
798,ProcessorPlan,50500,
798,CrossWorldPrepare,700,
798,NativeJobBarrier,100,
798,CommitDecision,1000,
798,VoxelCommit,900,
798,EcsCommandBufferCommit,90000,
798,GasAndEventFinalize,23900,
798,ReplicationProjection,208700,
798,SnapshotHashMetrics,200,
798,EgressPublish,21476200,
799,IngressCapture,5600,
799,DecodeAndCanonicalize,500,
799,ApplyInputs,273800,
799,ProcessorPlan,46800,
799,CrossWorldPrepare,1100,
799,NativeJobBarrier,500,
799,CommitDecision,500,
799,VoxelCommit,500,
799,EcsCommandBufferCommit,74100,
799,GasAndEventFinalize,22700,
799,ReplicationProjection,174000,
799,SnapshotHashMetrics,500,
799,EgressPublish,21778400,
800,IngressCapture,5900,
800,DecodeAndCanonicalize,200,
800,ApplyInputs,404600,
800,ProcessorPlan,50900,
800,CrossWorldPrepare,800,
800,NativeJobBarrier,500,
800,CommitDecision,500,
800,VoxelCommit,700,
800,EcsCommandBufferCommit,83300,
800,GasAndEventFinalize,28600,
800,ReplicationProjection,219000,
800,SnapshotHashMetrics,400,
800,EgressPublish,19495800,
801,IngressCapture,8200,
801,DecodeAndCanonicalize,800,
801,ApplyInputs,280500,
801,ProcessorPlan,51000,
801,CrossWorldPrepare,1300,
801,NativeJobBarrier,200,
801,CommitDecision,1100,
801,VoxelCommit,900,
801,EcsCommandBufferCommit,88000,
801,GasAndEventFinalize,27700,
801,ReplicationProjection,193500,
801,SnapshotHashMetrics,500,
801,EgressPublish,21059600,
802,IngressCapture,5100,
802,DecodeAndCanonicalize,200,
802,ApplyInputs,612300,
802,ProcessorPlan,41600,
802,CrossWorldPrepare,700,
802,NativeJobBarrier,200,
802,CommitDecision,200,
802,VoxelCommit,700,
802,EcsCommandBufferCommit,58400,
802,GasAndEventFinalize,39200,
802,ReplicationProjection,198700,
802,SnapshotHashMetrics,600,
802,EgressPublish,17374900,
803,IngressCapture,5500,
803,DecodeAndCanonicalize,200,
803,ApplyInputs,197700,
803,ProcessorPlan,33000,
803,CrossWorldPrepare,1200,
803,NativeJobBarrier,200,
803,CommitDecision,400,
803,VoxelCommit,700,
803,EcsCommandBufferCommit,67200,
803,GasAndEventFinalize,18200,
803,ReplicationProjection,122600,
803,SnapshotHashMetrics,100,
803,EgressPublish,19296800,
804,IngressCapture,5100,
804,DecodeAndCanonicalize,300,
804,ApplyInputs,273600,
804,ProcessorPlan,44300,
804,CrossWorldPrepare,1100,
804,NativeJobBarrier,200,
804,CommitDecision,500,
804,VoxelCommit,400,
804,EcsCommandBufferCommit,71200,
804,GasAndEventFinalize,23000,
804,ReplicationProjection,182000,
804,SnapshotHashMetrics,700,
804,EgressPublish,19631100,
805,IngressCapture,6400,
805,DecodeAndCanonicalize,400,
805,ApplyInputs,360100,
805,ProcessorPlan,45800,
805,CrossWorldPrepare,1300,
805,NativeJobBarrier,300,
805,CommitDecision,1100,
805,VoxelCommit,700,
805,EcsCommandBufferCommit,68200,
805,GasAndEventFinalize,23300,
805,ReplicationProjection,176600,
805,SnapshotHashMetrics,300,
805,EgressPublish,19805100,
806,IngressCapture,6300,
806,DecodeAndCanonicalize,200,
806,ApplyInputs,279400,
806,ProcessorPlan,53700,
806,CrossWorldPrepare,1800,
806,NativeJobBarrier,900,
806,CommitDecision,300,
806,VoxelCommit,500,
806,EcsCommandBufferCommit,87500,
806,GasAndEventFinalize,27600,
806,ReplicationProjection,199700,
806,SnapshotHashMetrics,700,
806,EgressPublish,18891100,
807,IngressCapture,6100,
807,DecodeAndCanonicalize,200,
807,ApplyInputs,286700,
807,ProcessorPlan,44500,
807,CrossWorldPrepare,800,
807,NativeJobBarrier,200,
807,CommitDecision,300,
807,VoxelCommit,600,
807,EcsCommandBufferCommit,67500,
807,GasAndEventFinalize,23000,
807,ReplicationProjection,184600,
807,SnapshotHashMetrics,200,
807,EgressPublish,19935000,
808,IngressCapture,4700,
808,DecodeAndCanonicalize,200,
808,ApplyInputs,225000,
808,ProcessorPlan,44800,
808,CrossWorldPrepare,1100,
808,NativeJobBarrier,300,
808,CommitDecision,200,
808,VoxelCommit,1200,
808,EcsCommandBufferCommit,60700,
808,GasAndEventFinalize,20800,
808,ReplicationProjection,181400,
808,SnapshotHashMetrics,200,
808,EgressPublish,18041900,
809,IngressCapture,4300,
809,DecodeAndCanonicalize,200,
809,ApplyInputs,248200,
809,ProcessorPlan,40300,
809,CrossWorldPrepare,2300,
809,NativeJobBarrier,300,
809,CommitDecision,200,
809,VoxelCommit,600,
809,EcsCommandBufferCommit,59400,
809,GasAndEventFinalize,18800,
809,ReplicationProjection,173800,
809,SnapshotHashMetrics,200,
809,EgressPublish,16442000,
810,IngressCapture,4300,
810,DecodeAndCanonicalize,200,
810,ApplyInputs,491100,
810,ProcessorPlan,43700,
810,CrossWorldPrepare,1000,
810,NativeJobBarrier,200,
810,CommitDecision,200,
810,VoxelCommit,400,
810,EcsCommandBufferCommit,58200,
810,GasAndEventFinalize,41100,
810,ReplicationProjection,175800,
810,SnapshotHashMetrics,200,
810,EgressPublish,18215400,
811,IngressCapture,6000,
811,DecodeAndCanonicalize,200,
811,ApplyInputs,200600,
811,ProcessorPlan,36500,
811,CrossWorldPrepare,1000,
811,NativeJobBarrier,100,
811,CommitDecision,200,
811,VoxelCommit,800,
811,EcsCommandBufferCommit,55400,
811,GasAndEventFinalize,18600,
811,ReplicationProjection,121900,
811,SnapshotHashMetrics,200,
811,EgressPublish,16000500,
812,IngressCapture,5000,
812,DecodeAndCanonicalize,300,
812,ApplyInputs,283400,
812,ProcessorPlan,49700,
812,CrossWorldPrepare,1000,
812,NativeJobBarrier,300,
812,CommitDecision,800,
812,VoxelCommit,700,
812,EcsCommandBufferCommit,64800,
812,GasAndEventFinalize,22000,
812,ReplicationProjection,205000,
812,SnapshotHashMetrics,600,
812,EgressPublish,14530600,
813,IngressCapture,4300,
813,DecodeAndCanonicalize,200,
813,ApplyInputs,258800,
813,ProcessorPlan,50200,
813,CrossWorldPrepare,1700,
813,NativeJobBarrier,400,
813,CommitDecision,200,
813,VoxelCommit,400,
813,EcsCommandBufferCommit,80800,
813,GasAndEventFinalize,45700,
813,ReplicationProjection,214200,
813,SnapshotHashMetrics,400,
813,EgressPublish,15949500,
814,IngressCapture,6000,
814,DecodeAndCanonicalize,200,
814,ApplyInputs,225400,
814,ProcessorPlan,31700,
814,CrossWorldPrepare,700,
814,NativeJobBarrier,100,
814,CommitDecision,300,
814,VoxelCommit,400,
814,EcsCommandBufferCommit,54800,
814,GasAndEventFinalize,19100,
814,ReplicationProjection,127900,
814,SnapshotHashMetrics,200,
814,EgressPublish,16350700,
815,IngressCapture,6000,
815,DecodeAndCanonicalize,200,
815,ApplyInputs,282400,
815,ProcessorPlan,45400,
815,CrossWorldPrepare,1100,
815,NativeJobBarrier,200,
815,CommitDecision,600,
815,VoxelCommit,400,
815,EcsCommandBufferCommit,61200,
815,GasAndEventFinalize,22700,
815,ReplicationProjection,995200,
815,SnapshotHashMetrics,700,
815,EgressPublish,14597400,
816,IngressCapture,4000,
816,DecodeAndCanonicalize,200,
816,ApplyInputs,230000,
816,ProcessorPlan,46900,
816,CrossWorldPrepare,800,
816,NativeJobBarrier,600,
816,CommitDecision,400,
816,VoxelCommit,800,
816,EcsCommandBufferCommit,64600,
816,GasAndEventFinalize,21000,
816,ReplicationProjection,179300,
816,SnapshotHashMetrics,900,
816,EgressPublish,16137200,
817,IngressCapture,5300,
817,DecodeAndCanonicalize,200,
817,ApplyInputs,225400,
817,ProcessorPlan,34800,
817,CrossWorldPrepare,800,
817,NativeJobBarrier,200,
817,CommitDecision,100,
817,VoxelCommit,500,
817,EcsCommandBufferCommit,59800,
817,GasAndEventFinalize,19200,
817,ReplicationProjection,122900,
817,SnapshotHashMetrics,200,
817,EgressPublish,16430600,
818,IngressCapture,4200,
818,DecodeAndCanonicalize,100,
818,ApplyInputs,371800,
818,ProcessorPlan,28600,
818,CrossWorldPrepare,800,
818,NativeJobBarrier,100,
818,CommitDecision,200,
818,VoxelCommit,200,
818,EcsCommandBufferCommit,38300,
818,GasAndEventFinalize,24900,
818,ReplicationProjection,131200,
818,SnapshotHashMetrics,300,
818,EgressPublish,14062000,
819,IngressCapture,6300,
819,DecodeAndCanonicalize,300,
819,ApplyInputs,224300,
819,ProcessorPlan,44600,
819,CrossWorldPrepare,700,
819,NativeJobBarrier,200,
819,CommitDecision,400,
819,VoxelCommit,600,
819,EcsCommandBufferCommit,81100,
819,GasAndEventFinalize,23700,
819,ReplicationProjection,177300,
819,SnapshotHashMetrics,400,
819,EgressPublish,19964900,
820,IngressCapture,5300,
820,DecodeAndCanonicalize,200,
820,ApplyInputs,268300,
820,ProcessorPlan,44800,
820,CrossWorldPrepare,800,
820,NativeJobBarrier,200,
820,CommitDecision,300,
820,VoxelCommit,500,
820,EcsCommandBufferCommit,67700,
820,GasAndEventFinalize,21700,
820,ReplicationProjection,174500,
820,SnapshotHashMetrics,400,
820,EgressPublish,15075500,
821,IngressCapture,5200,
821,DecodeAndCanonicalize,200,
821,ApplyInputs,292700,
821,ProcessorPlan,46800,
821,CrossWorldPrepare,700,
821,NativeJobBarrier,200,
821,CommitDecision,500,
821,VoxelCommit,800,
821,EcsCommandBufferCommit,67400,
821,GasAndEventFinalize,22400,
821,ReplicationProjection,175100,
821,SnapshotHashMetrics,400,
821,EgressPublish,18430100,
822,IngressCapture,4300,
822,DecodeAndCanonicalize,200,
822,ApplyInputs,189100,
822,ProcessorPlan,28200,
822,CrossWorldPrepare,600,
822,NativeJobBarrier,300,
822,CommitDecision,200,
822,VoxelCommit,300,
822,EcsCommandBufferCommit,44900,
822,GasAndEventFinalize,14800,
822,ReplicationProjection,114000,
822,SnapshotHashMetrics,200,
822,EgressPublish,14122300,
823,IngressCapture,4200,
823,DecodeAndCanonicalize,300,
823,ApplyInputs,240600,
823,ProcessorPlan,40700,
823,CrossWorldPrepare,1000,
823,NativeJobBarrier,500,
823,CommitDecision,100,
823,VoxelCommit,600,
823,EcsCommandBufferCommit,52100,
823,GasAndEventFinalize,21000,
823,ReplicationProjection,164900,
823,SnapshotHashMetrics,400,
823,EgressPublish,17035600,
824,IngressCapture,3800,
824,DecodeAndCanonicalize,300,
824,ApplyInputs,191500,
824,ProcessorPlan,41600,
824,CrossWorldPrepare,1100,
824,NativeJobBarrier,200,
824,CommitDecision,200,
824,VoxelCommit,400,
824,EcsCommandBufferCommit,54600,
824,GasAndEventFinalize,22300,
824,ReplicationProjection,166400,
824,SnapshotHashMetrics,500,
824,EgressPublish,17545500,
825,IngressCapture,4000,
825,DecodeAndCanonicalize,200,
825,ApplyInputs,181500,
825,ProcessorPlan,30700,
825,CrossWorldPrepare,400,
825,NativeJobBarrier,100,
825,CommitDecision,200,
825,VoxelCommit,400,
825,EcsCommandBufferCommit,48300,
825,GasAndEventFinalize,17100,
825,ReplicationProjection,112800,
825,SnapshotHashMetrics,200,
825,EgressPublish,13908800,
826,IngressCapture,5000,
826,DecodeAndCanonicalize,300,
826,ApplyInputs,296600,
826,ProcessorPlan,66700,
826,CrossWorldPrepare,800,
826,NativeJobBarrier,200,
826,CommitDecision,200,
826,VoxelCommit,600,
826,EcsCommandBufferCommit,47400,
826,GasAndEventFinalize,33900,
826,ReplicationProjection,121400,
826,SnapshotHashMetrics,200,
826,EgressPublish,14030400,
827,IngressCapture,3700,
827,DecodeAndCanonicalize,200,
827,ApplyInputs,243900,
827,ProcessorPlan,41900,
827,CrossWorldPrepare,400,
827,NativeJobBarrier,300,
827,CommitDecision,300,
827,VoxelCommit,400,
827,EcsCommandBufferCommit,54900,
827,GasAndEventFinalize,18600,
827,ReplicationProjection,175800,
827,SnapshotHashMetrics,600,
827,EgressPublish,16071100,
828,IngressCapture,4300,
828,DecodeAndCanonicalize,200,
828,ApplyInputs,414100,
828,ProcessorPlan,49300,
828,CrossWorldPrepare,1100,
828,NativeJobBarrier,300,
828,CommitDecision,300,
828,VoxelCommit,900,
828,EcsCommandBufferCommit,286400,
828,GasAndEventFinalize,37300,
828,ReplicationProjection,451000,
828,SnapshotHashMetrics,800,
828,EgressPublish,18346400,
829,IngressCapture,4000,
829,DecodeAndCanonicalize,100,
829,ApplyInputs,150700,
829,ProcessorPlan,29000,
829,CrossWorldPrepare,1100,
829,NativeJobBarrier,100,
829,CommitDecision,200,
829,VoxelCommit,400,
829,EcsCommandBufferCommit,48000,
829,GasAndEventFinalize,15100,
829,ReplicationProjection,112800,
829,SnapshotHashMetrics,200,
829,EgressPublish,17331900,
830,IngressCapture,3300,
830,DecodeAndCanonicalize,200,
830,ApplyInputs,175800,
830,ProcessorPlan,27200,
830,CrossWorldPrepare,400,
830,NativeJobBarrier,100,
830,CommitDecision,400,
830,VoxelCommit,500,
830,EcsCommandBufferCommit,43300,
830,GasAndEventFinalize,13700,
830,ReplicationProjection,116500,
830,SnapshotHashMetrics,200,
830,EgressPublish,16829400,
831,IngressCapture,8000,
831,DecodeAndCanonicalize,500,
831,ApplyInputs,313500,
831,ProcessorPlan,62600,
831,CrossWorldPrepare,1000,
831,NativeJobBarrier,900,
831,CommitDecision,500,
831,VoxelCommit,1000,
831,EcsCommandBufferCommit,89200,
831,GasAndEventFinalize,33000,
831,ReplicationProjection,218400,
831,SnapshotHashMetrics,400,
831,EgressPublish,16873300,
832,IngressCapture,4800,
832,DecodeAndCanonicalize,100,
832,ApplyInputs,237200,
832,ProcessorPlan,30700,
832,CrossWorldPrepare,500,
832,NativeJobBarrier,100,
832,CommitDecision,200,
832,VoxelCommit,600,
832,EcsCommandBufferCommit,55000,
832,GasAndEventFinalize,15900,
832,ReplicationProjection,119800,
832,SnapshotHashMetrics,100,
832,EgressPublish,16185300,
833,IngressCapture,4000,
833,DecodeAndCanonicalize,200,
833,ApplyInputs,293300,
833,ProcessorPlan,43200,
833,CrossWorldPrepare,400,
833,NativeJobBarrier,600,
833,CommitDecision,200,
833,VoxelCommit,500,
833,EcsCommandBufferCommit,66500,
833,GasAndEventFinalize,26000,
833,ReplicationProjection,183500,
833,SnapshotHashMetrics,400,
833,EgressPublish,17012900,
834,IngressCapture,5500,
834,DecodeAndCanonicalize,300,
834,ApplyInputs,453200,
834,ProcessorPlan,113700,
834,CrossWorldPrepare,1300,
834,NativeJobBarrier,500,
834,CommitDecision,600,
834,VoxelCommit,400,
834,EcsCommandBufferCommit,77500,
834,GasAndEventFinalize,45500,
834,ReplicationProjection,191600,
834,SnapshotHashMetrics,600,
834,EgressPublish,17267600,
835,IngressCapture,5900,
835,DecodeAndCanonicalize,200,
835,ApplyInputs,309000,
835,ProcessorPlan,46600,
835,CrossWorldPrepare,900,
835,NativeJobBarrier,200,
835,CommitDecision,400,
835,VoxelCommit,1000,
835,EcsCommandBufferCommit,83700,
835,GasAndEventFinalize,28200,
835,ReplicationProjection,225300,
835,SnapshotHashMetrics,1100,
835,EgressPublish,18029100,
836,IngressCapture,5700,
836,DecodeAndCanonicalize,300,
836,ApplyInputs,234500,
836,ProcessorPlan,49600,
836,CrossWorldPrepare,1100,
836,NativeJobBarrier,200,
836,CommitDecision,500,
836,VoxelCommit,900,
836,EcsCommandBufferCommit,62500,
836,GasAndEventFinalize,19000,
836,ReplicationProjection,206500,
836,SnapshotHashMetrics,400,
836,EgressPublish,16193500,
837,IngressCapture,6700,
837,DecodeAndCanonicalize,400,
837,ApplyInputs,259300,
837,ProcessorPlan,37400,
837,CrossWorldPrepare,600,
837,NativeJobBarrier,100,
837,CommitDecision,600,
837,VoxelCommit,300,
837,EcsCommandBufferCommit,54400,
837,GasAndEventFinalize,18400,
837,ReplicationProjection,118200,
837,SnapshotHashMetrics,200,
837,EgressPublish,14220200,
838,IngressCapture,4200,
838,DecodeAndCanonicalize,200,
838,ApplyInputs,200500,
838,ProcessorPlan,31100,
838,CrossWorldPrepare,1300,
838,NativeJobBarrier,100,
838,CommitDecision,200,
838,VoxelCommit,400,
838,EcsCommandBufferCommit,50800,
838,GasAndEventFinalize,18700,
838,ReplicationProjection,171900,
838,SnapshotHashMetrics,200,
838,EgressPublish,15396900,
839,IngressCapture,4600,
839,DecodeAndCanonicalize,200,
839,ApplyInputs,233000,
839,ProcessorPlan,46400,
839,CrossWorldPrepare,900,
839,NativeJobBarrier,200,
839,CommitDecision,900,
839,VoxelCommit,700,
839,EcsCommandBufferCommit,67500,
839,GasAndEventFinalize,20400,
839,ReplicationProjection,166900,
839,SnapshotHashMetrics,300,
839,EgressPublish,17531700,
840,IngressCapture,3500,
840,DecodeAndCanonicalize,300,
840,ApplyInputs,195600,
840,ProcessorPlan,31200,
840,CrossWorldPrepare,300,
840,NativeJobBarrier,400,
840,CommitDecision,300,
840,VoxelCommit,300,
840,EcsCommandBufferCommit,52300,
840,GasAndEventFinalize,14400,
840,ReplicationProjection,119200,
840,SnapshotHashMetrics,200,
840,EgressPublish,18292600,
841,IngressCapture,4900,
841,DecodeAndCanonicalize,200,
841,ApplyInputs,214200,
841,ProcessorPlan,42300,
841,CrossWorldPrepare,500,
841,NativeJobBarrier,200,
841,CommitDecision,200,
841,VoxelCommit,900,
841,EcsCommandBufferCommit,59400,
841,GasAndEventFinalize,40000,
841,ReplicationProjection,182400,
841,SnapshotHashMetrics,800,
841,EgressPublish,21153900,
842,IngressCapture,5400,
842,DecodeAndCanonicalize,500,
842,ApplyInputs,514000,
842,ProcessorPlan,68600,
842,CrossWorldPrepare,1400,
842,NativeJobBarrier,200,
842,CommitDecision,700,
842,VoxelCommit,700,
842,EcsCommandBufferCommit,68900,
842,GasAndEventFinalize,43200,
842,ReplicationProjection,174000,
842,SnapshotHashMetrics,300,
842,EgressPublish,19538200,
843,IngressCapture,6700,
843,DecodeAndCanonicalize,300,
843,ApplyInputs,331200,
843,ProcessorPlan,40600,
843,CrossWorldPrepare,700,
843,NativeJobBarrier,200,
843,CommitDecision,1000,
843,VoxelCommit,1100,
843,EcsCommandBufferCommit,68000,
843,GasAndEventFinalize,22600,
843,ReplicationProjection,186700,
843,SnapshotHashMetrics,300,
843,EgressPublish,18286900,
844,IngressCapture,5200,
844,DecodeAndCanonicalize,200,
844,ApplyInputs,278500,
844,ProcessorPlan,50800,
844,CrossWorldPrepare,800,
844,NativeJobBarrier,500,
844,CommitDecision,300,
844,VoxelCommit,700,
844,EcsCommandBufferCommit,95800,
844,GasAndEventFinalize,31100,
844,ReplicationProjection,200000,
844,SnapshotHashMetrics,500,
844,EgressPublish,22095500,
845,IngressCapture,5100,
845,DecodeAndCanonicalize,200,
845,ApplyInputs,391300,
845,ProcessorPlan,42900,
845,CrossWorldPrepare,1200,
845,NativeJobBarrier,200,
845,CommitDecision,500,
845,VoxelCommit,500,
845,EcsCommandBufferCommit,79800,
845,GasAndEventFinalize,22300,
845,ReplicationProjection,166200,
845,SnapshotHashMetrics,400,
845,EgressPublish,17722200,
846,IngressCapture,5900,
846,DecodeAndCanonicalize,400,
846,ApplyInputs,235100,
846,ProcessorPlan,42700,
846,CrossWorldPrepare,800,
846,NativeJobBarrier,200,
846,CommitDecision,600,
846,VoxelCommit,900,
846,EcsCommandBufferCommit,58200,
846,GasAndEventFinalize,18200,
846,ReplicationProjection,120900,
846,SnapshotHashMetrics,200,
846,EgressPublish,17513100,
847,IngressCapture,4200,
847,DecodeAndCanonicalize,300,
847,ApplyInputs,260100,
847,ProcessorPlan,40200,
847,CrossWorldPrepare,1400,
847,NativeJobBarrier,200,
847,CommitDecision,300,
847,VoxelCommit,500,
847,EcsCommandBufferCommit,55500,
847,GasAndEventFinalize,22000,
847,ReplicationProjection,184300,
847,SnapshotHashMetrics,500,
847,EgressPublish,17503200,
848,IngressCapture,5400,
848,DecodeAndCanonicalize,200,
848,ApplyInputs,431000,
848,ProcessorPlan,46300,
848,CrossWorldPrepare,1300,
848,NativeJobBarrier,300,
848,CommitDecision,600,
848,VoxelCommit,700,
848,EcsCommandBufferCommit,67500,
848,GasAndEventFinalize,20400,
848,ReplicationProjection,173600,
848,SnapshotHashMetrics,300,
848,EgressPublish,19818500,
849,IngressCapture,6100,
849,DecodeAndCanonicalize,200,
849,ApplyInputs,336600,
849,ProcessorPlan,46300,
849,CrossWorldPrepare,1000,
849,NativeJobBarrier,200,
849,CommitDecision,200,
849,VoxelCommit,600,
849,EcsCommandBufferCommit,67600,
849,GasAndEventFinalize,21800,
849,ReplicationProjection,164500,
849,SnapshotHashMetrics,300,
849,EgressPublish,16548200,
850,IngressCapture,5200,
850,DecodeAndCanonicalize,200,
850,ApplyInputs,435900,
850,ProcessorPlan,43600,
850,CrossWorldPrepare,1400,
850,NativeJobBarrier,700,
850,CommitDecision,700,
850,VoxelCommit,600,
850,EcsCommandBufferCommit,77900,
850,GasAndEventFinalize,42500,
850,ReplicationProjection,145500,
850,SnapshotHashMetrics,100,
850,EgressPublish,14819100,
851,IngressCapture,4100,
851,DecodeAndCanonicalize,200,
851,ApplyInputs,200700,
851,ProcessorPlan,44600,
851,CrossWorldPrepare,700,
851,NativeJobBarrier,700,
851,CommitDecision,600,
851,VoxelCommit,500,
851,EcsCommandBufferCommit,72800,
851,GasAndEventFinalize,21100,
851,ReplicationProjection,137200,
851,SnapshotHashMetrics,200,
851,EgressPublish,15457100,
852,IngressCapture,13900,
852,DecodeAndCanonicalize,300,
852,ApplyInputs,344600,
852,ProcessorPlan,50200,
852,CrossWorldPrepare,1100,
852,NativeJobBarrier,700,
852,CommitDecision,300,
852,VoxelCommit,1300,
852,EcsCommandBufferCommit,92500,
852,GasAndEventFinalize,32800,
852,ReplicationProjection,200700,
852,SnapshotHashMetrics,200,
852,EgressPublish,19208300,
853,IngressCapture,4400,
853,DecodeAndCanonicalize,300,
853,ApplyInputs,294700,
853,ProcessorPlan,41800,
853,CrossWorldPrepare,700,
853,NativeJobBarrier,300,
853,CommitDecision,900,
853,VoxelCommit,600,
853,EcsCommandBufferCommit,68500,
853,GasAndEventFinalize,26700,
853,ReplicationProjection,206900,
853,SnapshotHashMetrics,700,
853,EgressPublish,19047800,
854,IngressCapture,4600,
854,DecodeAndCanonicalize,200,
854,ApplyInputs,266600,
854,ProcessorPlan,46700,
854,CrossWorldPrepare,1000,
854,NativeJobBarrier,200,
854,CommitDecision,600,
854,VoxelCommit,700,
854,EcsCommandBufferCommit,65100,
854,GasAndEventFinalize,22800,
854,ReplicationProjection,184400,
854,SnapshotHashMetrics,200,
854,EgressPublish,19056200,
855,IngressCapture,7400,
855,DecodeAndCanonicalize,200,
855,ApplyInputs,378900,
855,ProcessorPlan,53200,
855,CrossWorldPrepare,700,
855,NativeJobBarrier,800,
855,CommitDecision,400,
855,VoxelCommit,400,
855,EcsCommandBufferCommit,94300,
855,GasAndEventFinalize,25500,
855,ReplicationProjection,203400,
855,SnapshotHashMetrics,400,
855,EgressPublish,18867200,
856,IngressCapture,4800,
856,DecodeAndCanonicalize,300,
856,ApplyInputs,209300,
856,ProcessorPlan,41400,
856,CrossWorldPrepare,600,
856,NativeJobBarrier,200,
856,CommitDecision,300,
856,VoxelCommit,200,
856,EcsCommandBufferCommit,54800,
856,GasAndEventFinalize,19100,
856,ReplicationProjection,183300,
856,SnapshotHashMetrics,500,
856,EgressPublish,19446800,
857,IngressCapture,4700,
857,DecodeAndCanonicalize,200,
857,ApplyInputs,230600,
857,ProcessorPlan,41100,
857,CrossWorldPrepare,400,
857,NativeJobBarrier,200,
857,CommitDecision,500,
857,VoxelCommit,600,
857,EcsCommandBufferCommit,48600,
857,GasAndEventFinalize,16000,
857,ReplicationProjection,170200,
857,SnapshotHashMetrics,400,
857,EgressPublish,17842500,
858,IngressCapture,3200,
858,DecodeAndCanonicalize,200,
858,ApplyInputs,371500,
858,ProcessorPlan,29900,
858,CrossWorldPrepare,700,
858,NativeJobBarrier,100,
858,CommitDecision,100,
858,VoxelCommit,600,
858,EcsCommandBufferCommit,49300,
858,GasAndEventFinalize,34200,
858,ReplicationProjection,131200,
858,SnapshotHashMetrics,200,
858,EgressPublish,16410500,
859,IngressCapture,5100,
859,DecodeAndCanonicalize,200,
859,ApplyInputs,230600,
859,ProcessorPlan,46300,
859,CrossWorldPrepare,1000,
859,NativeJobBarrier,200,
859,CommitDecision,200,
859,VoxelCommit,400,
859,EcsCommandBufferCommit,73300,
859,GasAndEventFinalize,26500,
859,ReplicationProjection,189900,
859,SnapshotHashMetrics,500,
859,EgressPublish,17141600,
860,IngressCapture,5300,
860,DecodeAndCanonicalize,400,
860,ApplyInputs,279800,
860,ProcessorPlan,42500,
860,CrossWorldPrepare,1500,
860,NativeJobBarrier,300,
860,CommitDecision,300,
860,VoxelCommit,800,
860,EcsCommandBufferCommit,58700,
860,GasAndEventFinalize,17700,
860,ReplicationProjection,209700,
860,SnapshotHashMetrics,300,
860,EgressPublish,16067400,
861,IngressCapture,5300,
861,DecodeAndCanonicalize,300,
861,ApplyInputs,233700,
861,ProcessorPlan,39500,
861,CrossWorldPrepare,1400,
861,NativeJobBarrier,200,
861,CommitDecision,300,
861,VoxelCommit,900,
861,EcsCommandBufferCommit,59400,
861,GasAndEventFinalize,20000,
861,ReplicationProjection,170500,
861,SnapshotHashMetrics,400,
861,EgressPublish,14553700,
862,IngressCapture,4500,
862,DecodeAndCanonicalize,200,
862,ApplyInputs,330300,
862,ProcessorPlan,50200,
862,CrossWorldPrepare,700,
862,NativeJobBarrier,100,
862,CommitDecision,100,
862,VoxelCommit,1300,
862,EcsCommandBufferCommit,67700,
862,GasAndEventFinalize,22300,
862,ReplicationProjection,205900,
862,SnapshotHashMetrics,600,
862,EgressPublish,18418300,
863,IngressCapture,5500,
863,DecodeAndCanonicalize,600,
863,ApplyInputs,327800,
863,ProcessorPlan,44400,
863,CrossWorldPrepare,900,
863,NativeJobBarrier,1000,
863,CommitDecision,900,
863,VoxelCommit,800,
863,EcsCommandBufferCommit,66200,
863,GasAndEventFinalize,21500,
863,ReplicationProjection,184400,
863,SnapshotHashMetrics,600,
863,EgressPublish,15160500,
864,IngressCapture,6400,
864,DecodeAndCanonicalize,200,
864,ApplyInputs,311800,
864,ProcessorPlan,48700,
864,CrossWorldPrepare,1300,
864,NativeJobBarrier,200,
864,CommitDecision,500,
864,VoxelCommit,1500,
864,EcsCommandBufferCommit,89700,
864,GasAndEventFinalize,29100,
864,ReplicationProjection,207800,
864,SnapshotHashMetrics,200,
864,EgressPublish,13975200,
865,IngressCapture,4700,
865,DecodeAndCanonicalize,200,
865,ApplyInputs,267000,
865,ProcessorPlan,45900,
865,CrossWorldPrepare,1100,
865,NativeJobBarrier,300,
865,CommitDecision,200,
865,VoxelCommit,1000,
865,EcsCommandBufferCommit,69400,
865,GasAndEventFinalize,22400,
865,ReplicationProjection,206500,
865,SnapshotHashMetrics,600,
865,EgressPublish,17965000,
866,IngressCapture,5900,
866,DecodeAndCanonicalize,200,
866,ApplyInputs,629500,
866,ProcessorPlan,52000,
866,CrossWorldPrepare,1100,
866,NativeJobBarrier,300,
866,CommitDecision,700,
866,VoxelCommit,800,
866,EcsCommandBufferCommit,75000,
866,GasAndEventFinalize,49400,
866,ReplicationProjection,240400,
866,SnapshotHashMetrics,700,
866,EgressPublish,12327500,
867,IngressCapture,3700,
867,DecodeAndCanonicalize,200,
867,ApplyInputs,163600,
867,ProcessorPlan,26400,
867,CrossWorldPrepare,700,
867,NativeJobBarrier,900,
867,CommitDecision,400,
867,VoxelCommit,900,
867,EcsCommandBufferCommit,48000,
867,GasAndEventFinalize,15800,
867,ReplicationProjection,118700,
867,SnapshotHashMetrics,200,
867,EgressPublish,12740300,
868,IngressCapture,4100,
868,DecodeAndCanonicalize,300,
868,ApplyInputs,265200,
868,ProcessorPlan,43000,
868,CrossWorldPrepare,600,
868,NativeJobBarrier,200,
868,CommitDecision,600,
868,VoxelCommit,1900,
868,EcsCommandBufferCommit,55200,
868,GasAndEventFinalize,21400,
868,ReplicationProjection,189300,
868,SnapshotHashMetrics,300,
868,EgressPublish,19118700,
869,IngressCapture,5000,
869,DecodeAndCanonicalize,100,
869,ApplyInputs,232800,
869,ProcessorPlan,29800,
869,CrossWorldPrepare,600,
869,NativeJobBarrier,100,
869,CommitDecision,200,
869,VoxelCommit,200,
869,EcsCommandBufferCommit,45000,
869,GasAndEventFinalize,16500,
869,ReplicationProjection,124200,
869,SnapshotHashMetrics,100,
869,EgressPublish,13676300,
870,IngressCapture,7100,
870,DecodeAndCanonicalize,200,
870,ApplyInputs,437900,
870,ProcessorPlan,89400,
870,CrossWorldPrepare,1200,
870,NativeJobBarrier,300,
870,CommitDecision,300,
870,VoxelCommit,600,
870,EcsCommandBufferCommit,60000,
870,GasAndEventFinalize,18400,
870,ReplicationProjection,223200,
870,SnapshotHashMetrics,300,
870,EgressPublish,13035000,
871,IngressCapture,4200,
871,DecodeAndCanonicalize,200,
871,ApplyInputs,246200,
871,ProcessorPlan,38400,
871,CrossWorldPrepare,500,
871,NativeJobBarrier,300,
871,CommitDecision,200,
871,VoxelCommit,400,
871,EcsCommandBufferCommit,50300,
871,GasAndEventFinalize,17100,
871,ReplicationProjection,163600,
871,SnapshotHashMetrics,500,
871,EgressPublish,13184100,
872,IngressCapture,5000,
872,DecodeAndCanonicalize,200,
872,ApplyInputs,282000,
872,ProcessorPlan,55400,
872,CrossWorldPrepare,800,
872,NativeJobBarrier,500,
872,CommitDecision,300,
872,VoxelCommit,1000,
872,EcsCommandBufferCommit,62000,
872,GasAndEventFinalize,21800,
872,ReplicationProjection,195500,
872,SnapshotHashMetrics,400,
872,EgressPublish,12531900,
873,IngressCapture,6200,
873,DecodeAndCanonicalize,200,
873,ApplyInputs,404600,
873,ProcessorPlan,98100,
873,CrossWorldPrepare,700,
873,NativeJobBarrier,200,
873,CommitDecision,500,
873,VoxelCommit,700,
873,EcsCommandBufferCommit,66600,
873,GasAndEventFinalize,47500,
873,ReplicationProjection,195700,
873,SnapshotHashMetrics,300,
873,EgressPublish,13789600,
874,IngressCapture,3700,
874,DecodeAndCanonicalize,200,
874,ApplyInputs,238700,
874,ProcessorPlan,43400,
874,CrossWorldPrepare,900,
874,NativeJobBarrier,200,
874,CommitDecision,400,
874,VoxelCommit,500,
874,EcsCommandBufferCommit,65500,
874,GasAndEventFinalize,21300,
874,ReplicationProjection,183200,
874,SnapshotHashMetrics,300,
874,EgressPublish,14580300,
875,IngressCapture,5900,
875,DecodeAndCanonicalize,200,
875,ApplyInputs,297000,
875,ProcessorPlan,31200,
875,CrossWorldPrepare,500,
875,NativeJobBarrier,200,
875,CommitDecision,100,
875,VoxelCommit,500,
875,EcsCommandBufferCommit,38600,
875,GasAndEventFinalize,16100,
875,ReplicationProjection,128200,
875,SnapshotHashMetrics,200,
875,EgressPublish,11042200,
876,IngressCapture,5200,
876,DecodeAndCanonicalize,100,
876,ApplyInputs,273900,
876,ProcessorPlan,45300,
876,CrossWorldPrepare,800,
876,NativeJobBarrier,300,
876,CommitDecision,100,
876,VoxelCommit,900,
876,EcsCommandBufferCommit,61800,
876,GasAndEventFinalize,23100,
876,ReplicationProjection,177700,
876,SnapshotHashMetrics,400,
876,EgressPublish,17822300,
877,IngressCapture,4300,
877,DecodeAndCanonicalize,200,
877,ApplyInputs,267900,
877,ProcessorPlan,44100,
877,CrossWorldPrepare,600,
877,NativeJobBarrier,700,
877,CommitDecision,300,
877,VoxelCommit,500,
877,EcsCommandBufferCommit,58800,
877,GasAndEventFinalize,20800,
877,ReplicationProjection,195300,
877,SnapshotHashMetrics,500,
877,EgressPublish,12547600,
878,IngressCapture,5800,
878,DecodeAndCanonicalize,500,
878,ApplyInputs,256500,
878,ProcessorPlan,48700,
878,CrossWorldPrepare,400,
878,NativeJobBarrier,200,
878,CommitDecision,300,
878,VoxelCommit,500,
878,EcsCommandBufferCommit,66200,
878,GasAndEventFinalize,22900,
878,ReplicationProjection,190800,
878,SnapshotHashMetrics,900,
878,EgressPublish,16434800,
879,IngressCapture,3700,
879,DecodeAndCanonicalize,100,
879,ApplyInputs,205200,
879,ProcessorPlan,31500,
879,CrossWorldPrepare,400,
879,NativeJobBarrier,100,
879,CommitDecision,200,
879,VoxelCommit,900,
879,EcsCommandBufferCommit,55300,
879,GasAndEventFinalize,19000,
879,ReplicationProjection,122200,
879,SnapshotHashMetrics,300,
879,EgressPublish,11483600,
880,IngressCapture,4500,
880,DecodeAndCanonicalize,200,
880,ApplyInputs,153200,
880,ProcessorPlan,27700,
880,CrossWorldPrepare,500,
880,NativeJobBarrier,200,
880,CommitDecision,200,
880,VoxelCommit,200,
880,EcsCommandBufferCommit,34900,
880,GasAndEventFinalize,13300,
880,ReplicationProjection,109700,
880,SnapshotHashMetrics,100,
880,EgressPublish,11329100,
881,IngressCapture,3200,
881,DecodeAndCanonicalize,200,
881,ApplyInputs,286100,
881,ProcessorPlan,59400,
881,CrossWorldPrepare,1000,
881,NativeJobBarrier,400,
881,CommitDecision,300,
881,VoxelCommit,400,
881,EcsCommandBufferCommit,37200,
881,GasAndEventFinalize,26900,
881,ReplicationProjection,116500,
881,SnapshotHashMetrics,200,
881,EgressPublish,12674700,
882,IngressCapture,4500,
882,DecodeAndCanonicalize,200,
882,ApplyInputs,294500,
882,ProcessorPlan,38600,
882,CrossWorldPrepare,600,
882,NativeJobBarrier,200,
882,CommitDecision,600,
882,VoxelCommit,500,
882,EcsCommandBufferCommit,53800,
882,GasAndEventFinalize,24700,
882,ReplicationProjection,187300,
882,SnapshotHashMetrics,200,
882,EgressPublish,14046400,
883,IngressCapture,3900,
883,DecodeAndCanonicalize,200,
883,ApplyInputs,158800,
883,ProcessorPlan,28900,
883,CrossWorldPrepare,700,
883,NativeJobBarrier,100,
883,CommitDecision,200,
883,VoxelCommit,500,
883,EcsCommandBufferCommit,43400,
883,GasAndEventFinalize,16300,
883,ReplicationProjection,115800,
883,SnapshotHashMetrics,200,
883,EgressPublish,14743300,
884,IngressCapture,4100,
884,DecodeAndCanonicalize,200,
884,ApplyInputs,236300,
884,ProcessorPlan,52400,
884,CrossWorldPrepare,1200,
884,NativeJobBarrier,300,
884,CommitDecision,800,
884,VoxelCommit,1100,
884,EcsCommandBufferCommit,68800,
884,GasAndEventFinalize,22000,
884,ReplicationProjection,196400,
884,SnapshotHashMetrics,600,
884,EgressPublish,14456700,
885,IngressCapture,4900,
885,DecodeAndCanonicalize,100,
885,ApplyInputs,366900,
885,ProcessorPlan,30000,
885,CrossWorldPrepare,700,
885,NativeJobBarrier,200,
885,CommitDecision,400,
885,VoxelCommit,400,
885,EcsCommandBufferCommit,563300,
885,GasAndEventFinalize,48300,
885,ReplicationProjection,377500,
885,SnapshotHashMetrics,400,
885,EgressPublish,12010800,
886,IngressCapture,5800,
886,DecodeAndCanonicalize,200,
886,ApplyInputs,185200,
886,ProcessorPlan,29800,
886,CrossWorldPrepare,700,
886,NativeJobBarrier,100,
886,CommitDecision,500,
886,VoxelCommit,600,
886,EcsCommandBufferCommit,60600,
886,GasAndEventFinalize,20800,
886,ReplicationProjection,149200,
886,SnapshotHashMetrics,200,
886,EgressPublish,13504300,
887,IngressCapture,4200,
887,DecodeAndCanonicalize,200,
887,ApplyInputs,194000,
887,ProcessorPlan,32900,
887,CrossWorldPrepare,600,
887,NativeJobBarrier,100,
887,CommitDecision,200,
887,VoxelCommit,300,
887,EcsCommandBufferCommit,59500,
887,GasAndEventFinalize,20900,
887,ReplicationProjection,1529000,
887,SnapshotHashMetrics,600,
887,EgressPublish,14086000,
888,IngressCapture,4100,
888,DecodeAndCanonicalize,200,
888,ApplyInputs,216600,
888,ProcessorPlan,51500,
888,CrossWorldPrepare,1000,
888,NativeJobBarrier,200,
888,CommitDecision,600,
888,VoxelCommit,700,
888,EcsCommandBufferCommit,58800,
888,GasAndEventFinalize,23000,
888,ReplicationProjection,208300,
888,SnapshotHashMetrics,400,
888,EgressPublish,12555500,
889,IngressCapture,5100,
889,DecodeAndCanonicalize,300,
889,ApplyInputs,596400,
889,ProcessorPlan,85700,
889,CrossWorldPrepare,900,
889,NativeJobBarrier,200,
889,CommitDecision,500,
889,VoxelCommit,1600,
889,EcsCommandBufferCommit,74900,
889,GasAndEventFinalize,54700,
889,ReplicationProjection,244700,
889,SnapshotHashMetrics,500,
889,EgressPublish,13436100,
890,IngressCapture,4200,
890,DecodeAndCanonicalize,200,
890,ApplyInputs,219600,
890,ProcessorPlan,37200,
890,CrossWorldPrepare,600,
890,NativeJobBarrier,200,
890,CommitDecision,500,
890,VoxelCommit,600,
890,EcsCommandBufferCommit,56300,
890,GasAndEventFinalize,16700,
890,ReplicationProjection,174400,
890,SnapshotHashMetrics,400,
890,EgressPublish,12712100,
891,IngressCapture,4800,
891,DecodeAndCanonicalize,200,
891,ApplyInputs,231100,
891,ProcessorPlan,54300,
891,CrossWorldPrepare,600,
891,NativeJobBarrier,500,
891,CommitDecision,200,
891,VoxelCommit,500,
891,EcsCommandBufferCommit,68200,
891,GasAndEventFinalize,25800,
891,ReplicationProjection,216300,
891,SnapshotHashMetrics,200,
891,EgressPublish,15082100,
892,IngressCapture,2900,
892,DecodeAndCanonicalize,200,
892,ApplyInputs,202200,
892,ProcessorPlan,28700,
892,CrossWorldPrepare,300,
892,NativeJobBarrier,200,
892,CommitDecision,300,
892,VoxelCommit,600,
892,EcsCommandBufferCommit,37200,
892,GasAndEventFinalize,11700,
892,ReplicationProjection,110100,
892,SnapshotHashMetrics,200,
892,EgressPublish,10069300,
893,IngressCapture,3200,
893,DecodeAndCanonicalize,200,
893,ApplyInputs,159000,
893,ProcessorPlan,27800,
893,CrossWorldPrepare,800,
893,NativeJobBarrier,200,
893,CommitDecision,100,
893,VoxelCommit,300,
893,EcsCommandBufferCommit,39100,
893,GasAndEventFinalize,13400,
893,ReplicationProjection,111100,
893,SnapshotHashMetrics,200,
893,EgressPublish,9916800,
894,IngressCapture,3100,
894,DecodeAndCanonicalize,200,
894,ApplyInputs,128500,
894,ProcessorPlan,27300,
894,CrossWorldPrepare,800,
894,NativeJobBarrier,200,
894,CommitDecision,700,
894,VoxelCommit,400,
894,EcsCommandBufferCommit,34700,
894,GasAndEventFinalize,12700,
894,ReplicationProjection,114700,
894,SnapshotHashMetrics,200,
894,EgressPublish,10712900,
895,IngressCapture,3400,
895,DecodeAndCanonicalize,100,
895,ApplyInputs,143300,
895,ProcessorPlan,25500,
895,CrossWorldPrepare,500,
895,NativeJobBarrier,200,
895,CommitDecision,200,
895,VoxelCommit,200,
895,EcsCommandBufferCommit,35900,
895,GasAndEventFinalize,12100,
895,ReplicationProjection,113200,
895,SnapshotHashMetrics,200,
895,EgressPublish,9713200,
896,IngressCapture,3200,
896,DecodeAndCanonicalize,200,
896,ApplyInputs,140900,
896,ProcessorPlan,26100,
896,CrossWorldPrepare,400,
896,NativeJobBarrier,200,
896,CommitDecision,200,
896,VoxelCommit,500,
896,EcsCommandBufferCommit,36000,
896,GasAndEventFinalize,18900,
896,ReplicationProjection,118100,
896,SnapshotHashMetrics,200,
896,EgressPublish,10812200,
897,IngressCapture,3000,
897,DecodeAndCanonicalize,100,
897,ApplyInputs,290100,
897,ProcessorPlan,30400,
897,CrossWorldPrepare,500,
897,NativeJobBarrier,100,
897,CommitDecision,200,
897,VoxelCommit,200,
897,EcsCommandBufferCommit,35000,
897,GasAndEventFinalize,24400,
897,ReplicationProjection,122800,
897,SnapshotHashMetrics,200,
897,EgressPublish,8883500,
898,IngressCapture,2900,
898,DecodeAndCanonicalize,200,
898,ApplyInputs,189600,
898,ProcessorPlan,37200,
898,CrossWorldPrepare,900,
898,NativeJobBarrier,200,
898,CommitDecision,200,
898,VoxelCommit,400,
898,EcsCommandBufferCommit,42000,
898,GasAndEventFinalize,15800,
898,ReplicationProjection,163400,
898,SnapshotHashMetrics,200,
898,EgressPublish,9367200,
899,IngressCapture,5900,
899,DecodeAndCanonicalize,200,
899,ApplyInputs,323500,
899,ProcessorPlan,43400,
899,CrossWorldPrepare,1100,
899,NativeJobBarrier,200,
899,CommitDecision,400,
899,VoxelCommit,700,
899,EcsCommandBufferCommit,58900,
899,GasAndEventFinalize,17100,
899,ReplicationProjection,212800,
899,SnapshotHashMetrics,600,
899,EgressPublish,14007200,
900,IngressCapture,3500,
900,DecodeAndCanonicalize,300,
900,ApplyInputs,214200,
900,ProcessorPlan,38100,
900,CrossWorldPrepare,500,
900,NativeJobBarrier,200,
900,CommitDecision,300,
900,VoxelCommit,500,
900,EcsCommandBufferCommit,44200,
900,GasAndEventFinalize,18100,
900,ReplicationProjection,207200,
900,SnapshotHashMetrics,800,
900,EgressPublish,12576600,
901,IngressCapture,4400,
901,DecodeAndCanonicalize,200,
901,ApplyInputs,148300,
901,ProcessorPlan,32000,
901,CrossWorldPrepare,500,
901,NativeJobBarrier,300,
901,CommitDecision,500,
901,VoxelCommit,400,
901,EcsCommandBufferCommit,42100,
901,GasAndEventFinalize,14600,
901,ReplicationProjection,112100,
901,SnapshotHashMetrics,200,
901,EgressPublish,8879100,
902,IngressCapture,4600,
902,DecodeAndCanonicalize,200,
902,ApplyInputs,195500,
902,ProcessorPlan,28600,
902,CrossWorldPrepare,400,
902,NativeJobBarrier,200,
902,CommitDecision,600,
902,VoxelCommit,400,
902,EcsCommandBufferCommit,46200,
902,GasAndEventFinalize,14500,
902,ReplicationProjection,113800,
902,SnapshotHashMetrics,200,
902,EgressPublish,9537900,
903,IngressCapture,3000,
903,DecodeAndCanonicalize,200,
903,ApplyInputs,199700,
903,ProcessorPlan,24400,
903,CrossWorldPrepare,400,
903,NativeJobBarrier,200,
903,CommitDecision,200,
903,VoxelCommit,400,
903,EcsCommandBufferCommit,307900,
903,GasAndEventFinalize,23400,
903,ReplicationProjection,299900,
903,SnapshotHashMetrics,300,
903,EgressPublish,12023200,
904,IngressCapture,3900,
904,DecodeAndCanonicalize,200,
904,ApplyInputs,228200,
904,ProcessorPlan,43500,
904,CrossWorldPrepare,1000,
904,NativeJobBarrier,200,
904,CommitDecision,300,
904,VoxelCommit,500,
904,EcsCommandBufferCommit,64800,
904,GasAndEventFinalize,20100,
904,ReplicationProjection,175700,
904,SnapshotHashMetrics,300,
904,EgressPublish,13871000,
905,IngressCapture,3800,
905,DecodeAndCanonicalize,200,
905,ApplyInputs,517500,
905,ProcessorPlan,37200,
905,CrossWorldPrepare,600,
905,NativeJobBarrier,200,
905,CommitDecision,300,
905,VoxelCommit,300,
905,EcsCommandBufferCommit,38200,
905,GasAndEventFinalize,23700,
905,ReplicationProjection,122900,
905,SnapshotHashMetrics,100,
905,EgressPublish,13324300,
906,IngressCapture,4500,
906,DecodeAndCanonicalize,400,
906,ApplyInputs,217700,
906,ProcessorPlan,43400,
906,CrossWorldPrepare,1300,
906,NativeJobBarrier,200,
906,CommitDecision,200,
906,VoxelCommit,500,
906,EcsCommandBufferCommit,62300,
906,GasAndEventFinalize,22800,
906,ReplicationProjection,193900,
906,SnapshotHashMetrics,300,
906,EgressPublish,15033500,
907,IngressCapture,4300,
907,DecodeAndCanonicalize,300,
907,ApplyInputs,266600,
907,ProcessorPlan,42900,
907,CrossWorldPrepare,1000,
907,NativeJobBarrier,200,
907,CommitDecision,300,
907,VoxelCommit,200,
907,EcsCommandBufferCommit,59700,
907,GasAndEventFinalize,18900,
907,ReplicationProjection,186100,
907,SnapshotHashMetrics,300,
907,EgressPublish,16948100,
908,IngressCapture,3200,
908,DecodeAndCanonicalize,300,
908,ApplyInputs,244000,
908,ProcessorPlan,44800,
908,CrossWorldPrepare,800,
908,NativeJobBarrier,200,
908,CommitDecision,200,
908,VoxelCommit,300,
908,EcsCommandBufferCommit,61500,
908,GasAndEventFinalize,49000,
908,ReplicationProjection,187200,
908,SnapshotHashMetrics,300,
908,EgressPublish,16261000,
909,IngressCapture,5300,
909,DecodeAndCanonicalize,200,
909,ApplyInputs,318800,
909,ProcessorPlan,78600,
909,CrossWorldPrepare,1900,
909,NativeJobBarrier,200,
909,CommitDecision,800,
909,VoxelCommit,500,
909,EcsCommandBufferCommit,82100,
909,GasAndEventFinalize,27400,
909,ReplicationProjection,189600,
909,SnapshotHashMetrics,700,
909,EgressPublish,13411100,
910,IngressCapture,4000,
910,DecodeAndCanonicalize,100,
910,ApplyInputs,187600,
910,ProcessorPlan,31000,
910,CrossWorldPrepare,800,
910,NativeJobBarrier,200,
910,CommitDecision,200,
910,VoxelCommit,400,
910,EcsCommandBufferCommit,52100,
910,GasAndEventFinalize,17700,
910,ReplicationProjection,120800,
910,SnapshotHashMetrics,200,
910,EgressPublish,13514000,
911,IngressCapture,4400,
911,DecodeAndCanonicalize,400,
911,ApplyInputs,186300,
911,ProcessorPlan,42000,
911,CrossWorldPrepare,700,
911,NativeJobBarrier,300,
911,CommitDecision,300,
911,VoxelCommit,400,
911,EcsCommandBufferCommit,62600,
911,GasAndEventFinalize,25800,
911,ReplicationProjection,185600,
911,SnapshotHashMetrics,400,
911,EgressPublish,14377700,
912,IngressCapture,5000,
912,DecodeAndCanonicalize,200,
912,ApplyInputs,244000,
912,ProcessorPlan,43300,
912,CrossWorldPrepare,800,
912,NativeJobBarrier,200,
912,CommitDecision,400,
912,VoxelCommit,700,
912,EcsCommandBufferCommit,68200,
912,GasAndEventFinalize,22800,
912,ReplicationProjection,188200,
912,SnapshotHashMetrics,500,
912,EgressPublish,14433200,
913,IngressCapture,3700,
913,DecodeAndCanonicalize,100,
913,ApplyInputs,338400,
913,ProcessorPlan,47100,
913,CrossWorldPrepare,500,
913,NativeJobBarrier,100,
913,CommitDecision,200,
913,VoxelCommit,200,
913,EcsCommandBufferCommit,40800,
913,GasAndEventFinalize,25300,
913,ReplicationProjection,114700,
913,SnapshotHashMetrics,100,
913,EgressPublish,12308900,
914,IngressCapture,2900,
914,DecodeAndCanonicalize,200,
914,ApplyInputs,138400,
914,ProcessorPlan,28300,
914,CrossWorldPrepare,1000,
914,NativeJobBarrier,300,
914,CommitDecision,100,
914,VoxelCommit,200,
914,EcsCommandBufferCommit,47100,
914,GasAndEventFinalize,16400,
914,ReplicationProjection,112900,
914,SnapshotHashMetrics,200,
914,EgressPublish,9798600,
915,IngressCapture,5200,
915,DecodeAndCanonicalize,100,
915,ApplyInputs,425500,
915,ProcessorPlan,37800,
915,CrossWorldPrepare,1200,
915,NativeJobBarrier,300,
915,CommitDecision,400,
915,VoxelCommit,700,
915,EcsCommandBufferCommit,198300,
915,GasAndEventFinalize,35500,
915,ReplicationProjection,457800,
915,SnapshotHashMetrics,600,
915,EgressPublish,14804900,
916,IngressCapture,3300,
916,DecodeAndCanonicalize,100,
916,ApplyInputs,154700,
916,ProcessorPlan,25400,
916,CrossWorldPrepare,900,
916,NativeJobBarrier,100,
916,CommitDecision,100,
916,VoxelCommit,300,
916,EcsCommandBufferCommit,37700,
916,GasAndEventFinalize,12600,
916,ReplicationProjection,120400,
916,SnapshotHashMetrics,300,
916,EgressPublish,17302000,
917,IngressCapture,3500,
917,DecodeAndCanonicalize,200,
917,ApplyInputs,443200,
917,ProcessorPlan,48300,
917,CrossWorldPrepare,800,
917,NativeJobBarrier,300,
917,CommitDecision,300,
917,VoxelCommit,1400,
917,EcsCommandBufferCommit,296800,
917,GasAndEventFinalize,50700,
917,ReplicationProjection,716200,
917,SnapshotHashMetrics,500,
917,EgressPublish,13723500,
918,IngressCapture,17000,
918,DecodeAndCanonicalize,300,
918,ApplyInputs,289900,
918,ProcessorPlan,44700,
918,CrossWorldPrepare,600,
918,NativeJobBarrier,300,
918,CommitDecision,900,
918,VoxelCommit,1000,
918,EcsCommandBufferCommit,100300,
918,GasAndEventFinalize,23600,
918,ReplicationProjection,180000,
918,SnapshotHashMetrics,500,
918,EgressPublish,17817900,
919,IngressCapture,4900,
919,DecodeAndCanonicalize,200,
919,ApplyInputs,222600,
919,ProcessorPlan,52700,
919,CrossWorldPrepare,900,
919,NativeJobBarrier,400,
919,CommitDecision,200,
919,VoxelCommit,700,
919,EcsCommandBufferCommit,61900,
919,GasAndEventFinalize,26600,
919,ReplicationProjection,196700,
919,SnapshotHashMetrics,600,
919,EgressPublish,16444400,
920,IngressCapture,4100,
920,DecodeAndCanonicalize,300,
920,ApplyInputs,257600,
920,ProcessorPlan,40100,
920,CrossWorldPrepare,1300,
920,NativeJobBarrier,200,
920,CommitDecision,300,
920,VoxelCommit,400,
920,EcsCommandBufferCommit,48000,
920,GasAndEventFinalize,14300,
920,ReplicationProjection,176300,
920,SnapshotHashMetrics,600,
920,EgressPublish,18950300,
921,IngressCapture,3800,
921,DecodeAndCanonicalize,200,
921,ApplyInputs,346300,
921,ProcessorPlan,33500,
921,CrossWorldPrepare,500,
921,NativeJobBarrier,100,
921,CommitDecision,200,
921,VoxelCommit,200,
921,EcsCommandBufferCommit,38200,
921,GasAndEventFinalize,25100,
921,ReplicationProjection,117800,
921,SnapshotHashMetrics,200,
921,EgressPublish,10607800,
922,IngressCapture,5200,
922,DecodeAndCanonicalize,100,
922,ApplyInputs,205900,
922,ProcessorPlan,33500,
922,CrossWorldPrepare,1400,
922,NativeJobBarrier,100,
922,CommitDecision,100,
922,VoxelCommit,400,
922,EcsCommandBufferCommit,63700,
922,GasAndEventFinalize,19300,
922,ReplicationProjection,132700,
922,SnapshotHashMetrics,100,
922,EgressPublish,11232400,
923,IngressCapture,4200,
923,DecodeAndCanonicalize,100,
923,ApplyInputs,194100,
923,ProcessorPlan,31800,
923,CrossWorldPrepare,500,
923,NativeJobBarrier,300,
923,CommitDecision,300,
923,VoxelCommit,500,
923,EcsCommandBufferCommit,50800,
923,GasAndEventFinalize,16200,
923,ReplicationProjection,114800,
923,SnapshotHashMetrics,500,
923,EgressPublish,11912900,
924,IngressCapture,3800,
924,DecodeAndCanonicalize,200,
924,ApplyInputs,183700,
924,ProcessorPlan,30600,
924,CrossWorldPrepare,700,
924,NativeJobBarrier,200,
924,CommitDecision,100,
924,VoxelCommit,300,
924,EcsCommandBufferCommit,54700,
924,GasAndEventFinalize,18100,
924,ReplicationProjection,117300,
924,SnapshotHashMetrics,200,
924,EgressPublish,13070900,
925,IngressCapture,4200,
925,DecodeAndCanonicalize,200,
925,ApplyInputs,268800,
925,ProcessorPlan,46800,
925,CrossWorldPrepare,500,
925,NativeJobBarrier,200,
925,CommitDecision,500,
925,VoxelCommit,1200,
925,EcsCommandBufferCommit,73600,
925,GasAndEventFinalize,27400,
925,ReplicationProjection,208700,
925,SnapshotHashMetrics,500,
925,EgressPublish,15271200,
926,IngressCapture,5100,
926,DecodeAndCanonicalize,300,
926,ApplyInputs,171600,
926,ProcessorPlan,29400,
926,CrossWorldPrepare,700,
926,NativeJobBarrier,100,
926,CommitDecision,300,
926,VoxelCommit,500,
926,EcsCommandBufferCommit,48500,
926,GasAndEventFinalize,15400,
926,ReplicationProjection,107500,
926,SnapshotHashMetrics,200,
926,EgressPublish,16015500,
927,IngressCapture,4100,
927,DecodeAndCanonicalize,300,
927,ApplyInputs,214200,
927,ProcessorPlan,44400,
927,CrossWorldPrepare,600,
927,NativeJobBarrier,200,
927,CommitDecision,200,
927,VoxelCommit,1400,
927,EcsCommandBufferCommit,69100,
927,GasAndEventFinalize,26200,
927,ReplicationProjection,191600,
927,SnapshotHashMetrics,900,
927,EgressPublish,17197600,
928,IngressCapture,5300,
928,DecodeAndCanonicalize,200,
928,ApplyInputs,347900,
928,ProcessorPlan,47300,
928,CrossWorldPrepare,500,
928,NativeJobBarrier,200,
928,CommitDecision,700,
928,VoxelCommit,600,
928,EcsCommandBufferCommit,105100,
928,GasAndEventFinalize,29500,
928,ReplicationProjection,186400,
928,SnapshotHashMetrics,600,
928,EgressPublish,13867300,
929,IngressCapture,4000,
929,DecodeAndCanonicalize,100,
929,ApplyInputs,146700,
929,ProcessorPlan,27500,
929,CrossWorldPrepare,700,
929,NativeJobBarrier,200,
929,CommitDecision,300,
929,VoxelCommit,300,
929,EcsCommandBufferCommit,42000,
929,GasAndEventFinalize,13000,
929,ReplicationProjection,121300,
929,SnapshotHashMetrics,200,
929,EgressPublish,12210700,
930,IngressCapture,5300,
930,DecodeAndCanonicalize,300,
930,ApplyInputs,470600,
930,ProcessorPlan,39600,
930,CrossWorldPrepare,700,
930,NativeJobBarrier,200,
930,CommitDecision,600,
930,VoxelCommit,600,
930,EcsCommandBufferCommit,72800,
930,GasAndEventFinalize,36800,
930,ReplicationProjection,138800,
930,SnapshotHashMetrics,200,
930,EgressPublish,13613800,
931,IngressCapture,4000,
931,DecodeAndCanonicalize,200,
931,ApplyInputs,217200,
931,ProcessorPlan,38800,
931,CrossWorldPrepare,500,
931,NativeJobBarrier,300,
931,CommitDecision,200,
931,VoxelCommit,300,
931,EcsCommandBufferCommit,54100,
931,GasAndEventFinalize,16000,
931,ReplicationProjection,177400,
931,SnapshotHashMetrics,200,
931,EgressPublish,18464900,
932,IngressCapture,5100,
932,DecodeAndCanonicalize,200,
932,ApplyInputs,170800,
932,ProcessorPlan,36100,
932,CrossWorldPrepare,600,
932,NativeJobBarrier,400,
932,CommitDecision,400,
932,VoxelCommit,300,
932,EcsCommandBufferCommit,48000,
932,GasAndEventFinalize,16300,
932,ReplicationProjection,117000,
932,SnapshotHashMetrics,100,
932,EgressPublish,14048200,
933,IngressCapture,5800,
933,DecodeAndCanonicalize,200,
933,ApplyInputs,248000,
933,ProcessorPlan,43900,
933,CrossWorldPrepare,1700,
933,NativeJobBarrier,400,
933,CommitDecision,500,
933,VoxelCommit,600,
933,EcsCommandBufferCommit,73400,
933,GasAndEventFinalize,24500,
933,ReplicationProjection,175700,
933,SnapshotHashMetrics,500,
933,EgressPublish,19154900,
934,IngressCapture,7400,
934,DecodeAndCanonicalize,600,
934,ApplyInputs,407200,
934,ProcessorPlan,45400,
934,CrossWorldPrepare,900,
934,NativeJobBarrier,400,
934,CommitDecision,700,
934,VoxelCommit,800,
934,EcsCommandBufferCommit,74200,
934,GasAndEventFinalize,24400,
934,ReplicationProjection,167800,
934,SnapshotHashMetrics,1100,
934,EgressPublish,14153100,
935,IngressCapture,6000,
935,DecodeAndCanonicalize,100,
935,ApplyInputs,244800,
935,ProcessorPlan,38500,
935,CrossWorldPrepare,900,
935,NativeJobBarrier,200,
935,CommitDecision,300,
935,VoxelCommit,300,
935,EcsCommandBufferCommit,82800,
935,GasAndEventFinalize,20800,
935,ReplicationProjection,165200,
935,SnapshotHashMetrics,200,
935,EgressPublish,17047100,
936,IngressCapture,4600,
936,DecodeAndCanonicalize,200,
936,ApplyInputs,256300,
936,ProcessorPlan,50000,
936,CrossWorldPrepare,1500,
936,NativeJobBarrier,100,
936,CommitDecision,200,
936,VoxelCommit,900,
936,EcsCommandBufferCommit,76800,
936,GasAndEventFinalize,29300,
936,ReplicationProjection,191700,
936,SnapshotHashMetrics,300,
936,EgressPublish,14147700,
937,IngressCapture,4900,
937,DecodeAndCanonicalize,300,
937,ApplyInputs,276700,
937,ProcessorPlan,38400,
937,CrossWorldPrepare,600,
937,NativeJobBarrier,300,
937,CommitDecision,400,
937,VoxelCommit,500,
937,EcsCommandBufferCommit,54700,
937,GasAndEventFinalize,20100,
937,ReplicationProjection,179300,
937,SnapshotHashMetrics,400,
937,EgressPublish,16286000,
938,IngressCapture,5000,
938,DecodeAndCanonicalize,300,
938,ApplyInputs,414100,
938,ProcessorPlan,105800,
938,CrossWorldPrepare,1300,
938,NativeJobBarrier,400,
938,CommitDecision,200,
938,VoxelCommit,700,
938,EcsCommandBufferCommit,70100,
938,GasAndEventFinalize,46600,
938,ReplicationProjection,173100,
938,SnapshotHashMetrics,100,
938,EgressPublish,17526200,
939,IngressCapture,4800,
939,DecodeAndCanonicalize,200,
939,ApplyInputs,238700,
939,ProcessorPlan,42100,
939,CrossWorldPrepare,600,
939,NativeJobBarrier,400,
939,CommitDecision,400,
939,VoxelCommit,400,
939,EcsCommandBufferCommit,56300,
939,GasAndEventFinalize,19000,
939,ReplicationProjection,169700,
939,SnapshotHashMetrics,300,
939,EgressPublish,14176300,
940,IngressCapture,5500,
940,DecodeAndCanonicalize,100,
940,ApplyInputs,213700,
940,ProcessorPlan,30300,
940,CrossWorldPrepare,400,
940,NativeJobBarrier,200,
940,CommitDecision,400,
940,VoxelCommit,400,
940,EcsCommandBufferCommit,60300,
940,GasAndEventFinalize,17400,
940,ReplicationProjection,119700,
940,SnapshotHashMetrics,200,
940,EgressPublish,17716200,
941,IngressCapture,6000,
941,DecodeAndCanonicalize,200,
941,ApplyInputs,181400,
941,ProcessorPlan,32500,
941,CrossWorldPrepare,800,
941,NativeJobBarrier,200,
941,CommitDecision,200,
941,VoxelCommit,800,
941,EcsCommandBufferCommit,61500,
941,GasAndEventFinalize,19400,
941,ReplicationProjection,125000,
941,SnapshotHashMetrics,200,
941,EgressPublish,14912900,
942,IngressCapture,6200,
942,DecodeAndCanonicalize,300,
942,ApplyInputs,319500,
942,ProcessorPlan,43400,
942,CrossWorldPrepare,700,
942,NativeJobBarrier,200,
942,CommitDecision,400,
942,VoxelCommit,700,
942,EcsCommandBufferCommit,70400,
942,GasAndEventFinalize,29300,
942,ReplicationProjection,185400,
942,SnapshotHashMetrics,500,
942,EgressPublish,16574800,
943,IngressCapture,6600,
943,DecodeAndCanonicalize,200,
943,ApplyInputs,390600,
943,ProcessorPlan,53100,
943,CrossWorldPrepare,1500,
943,NativeJobBarrier,200,
943,CommitDecision,500,
943,VoxelCommit,800,
943,EcsCommandBufferCommit,246700,
943,GasAndEventFinalize,41400,
943,ReplicationProjection,528000,
943,SnapshotHashMetrics,700,
943,EgressPublish,17037000,
944,IngressCapture,4000,
944,DecodeAndCanonicalize,200,
944,ApplyInputs,221200,
944,ProcessorPlan,32700,
944,CrossWorldPrepare,700,
944,NativeJobBarrier,200,
944,CommitDecision,300,
944,VoxelCommit,1000,
944,EcsCommandBufferCommit,54200,
944,GasAndEventFinalize,20700,
944,ReplicationProjection,224600,
944,SnapshotHashMetrics,300,
944,EgressPublish,15584400,
945,IngressCapture,5200,
945,DecodeAndCanonicalize,300,
945,ApplyInputs,284600,
945,ProcessorPlan,44500,
945,CrossWorldPrepare,1200,
945,NativeJobBarrier,200,
945,CommitDecision,200,
945,VoxelCommit,600,
945,EcsCommandBufferCommit,87600,
945,GasAndEventFinalize,24900,
945,ReplicationProjection,183600,
945,SnapshotHashMetrics,600,
945,EgressPublish,19495700,
946,IngressCapture,5800,
946,DecodeAndCanonicalize,200,
946,ApplyInputs,586900,
946,ProcessorPlan,205900,
946,CrossWorldPrepare,1800,
946,NativeJobBarrier,700,
946,CommitDecision,600,
946,VoxelCommit,2000,
946,EcsCommandBufferCommit,132300,
946,GasAndEventFinalize,71800,
946,ReplicationProjection,204000,
946,SnapshotHashMetrics,300,
946,EgressPublish,17133300,
947,IngressCapture,4400,
947,DecodeAndCanonicalize,300,
947,ApplyInputs,336200,
947,ProcessorPlan,53400,
947,CrossWorldPrepare,800,
947,NativeJobBarrier,300,
947,CommitDecision,300,
947,VoxelCommit,900,
947,EcsCommandBufferCommit,78800,
947,GasAndEventFinalize,31900,
947,ReplicationProjection,203700,
947,SnapshotHashMetrics,600,
947,EgressPublish,14558000,
948,IngressCapture,5600,
948,DecodeAndCanonicalize,300,
948,ApplyInputs,187500,
948,ProcessorPlan,34600,
948,CrossWorldPrepare,600,
948,NativeJobBarrier,900,
948,CommitDecision,400,
948,VoxelCommit,800,
948,EcsCommandBufferCommit,65700,
948,GasAndEventFinalize,21800,
948,ReplicationProjection,128900,
948,SnapshotHashMetrics,200,
948,EgressPublish,13913100,
949,IngressCapture,4600,
949,DecodeAndCanonicalize,200,
949,ApplyInputs,228300,
949,ProcessorPlan,35200,
949,CrossWorldPrepare,300,
949,NativeJobBarrier,200,
949,CommitDecision,500,
949,VoxelCommit,300,
949,EcsCommandBufferCommit,582600,
949,GasAndEventFinalize,20400,
949,ReplicationProjection,122600,
949,SnapshotHashMetrics,100,
949,EgressPublish,13709300,
950,IngressCapture,3500,
950,DecodeAndCanonicalize,200,
950,ApplyInputs,203300,
950,ProcessorPlan,28800,
950,CrossWorldPrepare,500,
950,NativeJobBarrier,200,
950,CommitDecision,500,
950,VoxelCommit,400,
950,EcsCommandBufferCommit,54700,
950,GasAndEventFinalize,16200,
950,ReplicationProjection,119800,
950,SnapshotHashMetrics,200,
950,EgressPublish,14613400,
951,IngressCapture,5200,
951,DecodeAndCanonicalize,700,
951,ApplyInputs,316200,
951,ProcessorPlan,45900,
951,CrossWorldPrepare,900,
951,NativeJobBarrier,200,
951,CommitDecision,300,
951,VoxelCommit,600,
951,EcsCommandBufferCommit,69500,
951,GasAndEventFinalize,23200,
951,ReplicationProjection,194700,
951,SnapshotHashMetrics,700,
951,EgressPublish,16116100,
952,IngressCapture,4800,
952,DecodeAndCanonicalize,200,
952,ApplyInputs,299900,
952,ProcessorPlan,52700,
952,CrossWorldPrepare,1200,
952,NativeJobBarrier,200,
952,CommitDecision,300,
952,VoxelCommit,800,
952,EcsCommandBufferCommit,80000,
952,GasAndEventFinalize,27700,
952,ReplicationProjection,229800,
952,SnapshotHashMetrics,200,
952,EgressPublish,18060200,
953,IngressCapture,5300,
953,DecodeAndCanonicalize,400,
953,ApplyInputs,261700,
953,ProcessorPlan,47500,
953,CrossWorldPrepare,700,
953,NativeJobBarrier,300,
953,CommitDecision,300,
953,VoxelCommit,700,
953,EcsCommandBufferCommit,66700,
953,GasAndEventFinalize,20000,
953,ReplicationProjection,222800,
953,SnapshotHashMetrics,400,
953,EgressPublish,15734900,
954,IngressCapture,5000,
954,DecodeAndCanonicalize,200,
954,ApplyInputs,472300,
954,ProcessorPlan,32700,
954,CrossWorldPrepare,600,
954,NativeJobBarrier,100,
954,CommitDecision,100,
954,VoxelCommit,200,
954,EcsCommandBufferCommit,52100,
954,GasAndEventFinalize,30600,
954,ReplicationProjection,121400,
954,SnapshotHashMetrics,200,
954,EgressPublish,13927700,
955,IngressCapture,4500,
955,DecodeAndCanonicalize,200,
955,ApplyInputs,324900,
955,ProcessorPlan,47800,
955,CrossWorldPrepare,400,
955,NativeJobBarrier,400,
955,CommitDecision,200,
955,VoxelCommit,500,
955,EcsCommandBufferCommit,109800,
955,GasAndEventFinalize,29800,
955,ReplicationProjection,194400,
955,SnapshotHashMetrics,1000,
955,EgressPublish,18604700,
956,IngressCapture,3300,
956,DecodeAndCanonicalize,300,
956,ApplyInputs,170900,
956,ProcessorPlan,33200,
956,CrossWorldPrepare,800,
956,NativeJobBarrier,100,
956,CommitDecision,300,
956,VoxelCommit,1700,
956,EcsCommandBufferCommit,58300,
956,GasAndEventFinalize,18400,
956,ReplicationProjection,121200,
956,SnapshotHashMetrics,200,
956,EgressPublish,16649800,
957,IngressCapture,4800,
957,DecodeAndCanonicalize,200,
957,ApplyInputs,290300,
957,ProcessorPlan,46800,
957,CrossWorldPrepare,700,
957,NativeJobBarrier,200,
957,CommitDecision,400,
957,VoxelCommit,800,
957,EcsCommandBufferCommit,63300,
957,GasAndEventFinalize,22600,
957,ReplicationProjection,174100,
957,SnapshotHashMetrics,600,
957,EgressPublish,17512000,
958,IngressCapture,5000,
958,DecodeAndCanonicalize,600,
958,ApplyInputs,229700,
958,ProcessorPlan,32000,
958,CrossWorldPrepare,700,
958,NativeJobBarrier,200,
958,CommitDecision,200,
958,VoxelCommit,400,
958,EcsCommandBufferCommit,72000,
958,GasAndEventFinalize,21900,
958,ReplicationProjection,172000,
958,SnapshotHashMetrics,1000,
958,EgressPublish,16784700,
959,IngressCapture,5100,
959,DecodeAndCanonicalize,200,
959,ApplyInputs,248800,
959,ProcessorPlan,44200,
959,CrossWorldPrepare,900,
959,NativeJobBarrier,200,
959,CommitDecision,500,
959,VoxelCommit,600,
959,EcsCommandBufferCommit,68100,
959,GasAndEventFinalize,22100,
959,ReplicationProjection,182300,
959,SnapshotHashMetrics,200,
959,EgressPublish,18917200,
960,IngressCapture,4200,
960,DecodeAndCanonicalize,100,
960,ApplyInputs,205900,
960,ProcessorPlan,31800,
960,CrossWorldPrepare,800,
960,NativeJobBarrier,200,
960,CommitDecision,200,
960,VoxelCommit,500,
960,EcsCommandBufferCommit,58700,
960,GasAndEventFinalize,18800,
960,ReplicationProjection,163800,
960,SnapshotHashMetrics,200,
960,EgressPublish,15070800,
961,IngressCapture,6200,
961,DecodeAndCanonicalize,200,
961,ApplyInputs,543700,
961,ProcessorPlan,77200,
961,CrossWorldPrepare,1000,
961,NativeJobBarrier,200,
961,CommitDecision,400,
961,VoxelCommit,700,
961,EcsCommandBufferCommit,79300,
961,GasAndEventFinalize,41400,
961,ReplicationProjection,184700,
961,SnapshotHashMetrics,300,
961,EgressPublish,17969900,
962,IngressCapture,7900,
962,DecodeAndCanonicalize,500,
962,ApplyInputs,354000,
962,ProcessorPlan,40400,
962,CrossWorldPrepare,900,
962,NativeJobBarrier,400,
962,CommitDecision,900,
962,VoxelCommit,600,
962,EcsCommandBufferCommit,89900,
962,GasAndEventFinalize,22800,
962,ReplicationProjection,126700,
962,SnapshotHashMetrics,200,
962,EgressPublish,14940100,
963,IngressCapture,4300,
963,DecodeAndCanonicalize,200,
963,ApplyInputs,172100,
963,ProcessorPlan,109000,
963,CrossWorldPrepare,2600,
963,NativeJobBarrier,600,
963,CommitDecision,1000,
963,VoxelCommit,2400,
963,EcsCommandBufferCommit,103600,
963,GasAndEventFinalize,35200,
963,ReplicationProjection,237500,
963,SnapshotHashMetrics,400,
963,EgressPublish,13295600,
964,IngressCapture,7300,
964,DecodeAndCanonicalize,200,
964,ApplyInputs,281400,
964,ProcessorPlan,43500,
964,CrossWorldPrepare,1200,
964,NativeJobBarrier,300,
964,CommitDecision,200,
964,VoxelCommit,900,
964,EcsCommandBufferCommit,93300,
964,GasAndEventFinalize,23800,
964,ReplicationProjection,136400,
964,SnapshotHashMetrics,200,
964,EgressPublish,16486200,
965,IngressCapture,4300,
965,DecodeAndCanonicalize,300,
965,ApplyInputs,289800,
965,ProcessorPlan,40700,
965,CrossWorldPrepare,900,
965,NativeJobBarrier,300,
965,CommitDecision,300,
965,VoxelCommit,500,
965,EcsCommandBufferCommit,62700,
965,GasAndEventFinalize,19400,
965,ReplicationProjection,202800,
965,SnapshotHashMetrics,600,
965,EgressPublish,15050200,
966,IngressCapture,6200,
966,DecodeAndCanonicalize,300,
966,ApplyInputs,299500,
966,ProcessorPlan,58200,
966,CrossWorldPrepare,1100,
966,NativeJobBarrier,200,
966,CommitDecision,200,
966,VoxelCommit,900,
966,EcsCommandBufferCommit,74100,
966,GasAndEventFinalize,26200,
966,ReplicationProjection,187600,
966,SnapshotHashMetrics,300,
966,EgressPublish,20092400,
967,IngressCapture,6000,
967,DecodeAndCanonicalize,200,
967,ApplyInputs,352500,
967,ProcessorPlan,51800,
967,CrossWorldPrepare,600,
967,NativeJobBarrier,300,
967,CommitDecision,400,
967,VoxelCommit,1700,
967,EcsCommandBufferCommit,103700,
967,GasAndEventFinalize,32000,
967,ReplicationProjection,211800,
967,SnapshotHashMetrics,1300,
967,EgressPublish,20259800,
968,IngressCapture,4600,
968,DecodeAndCanonicalize,200,
968,ApplyInputs,278400,
968,ProcessorPlan,48100,
968,CrossWorldPrepare,1300,
968,NativeJobBarrier,200,
968,CommitDecision,600,
968,VoxelCommit,800,
968,EcsCommandBufferCommit,84500,
968,GasAndEventFinalize,28300,
968,ReplicationProjection,167500,
968,SnapshotHashMetrics,300,
968,EgressPublish,19233500,
969,IngressCapture,5500,
969,DecodeAndCanonicalize,200,
969,ApplyInputs,621100,
969,ProcessorPlan,83100,
969,CrossWorldPrepare,1000,
969,NativeJobBarrier,200,
969,CommitDecision,300,
969,VoxelCommit,800,
969,EcsCommandBufferCommit,73400,
969,GasAndEventFinalize,61800,
969,ReplicationProjection,187500,
969,SnapshotHashMetrics,300,
969,EgressPublish,17079000,
970,IngressCapture,4500,
970,DecodeAndCanonicalize,400,
970,ApplyInputs,335300,
970,ProcessorPlan,54400,
970,CrossWorldPrepare,800,
970,NativeJobBarrier,200,
970,CommitDecision,300,
970,VoxelCommit,800,
970,EcsCommandBufferCommit,117800,
970,GasAndEventFinalize,23500,
970,ReplicationProjection,221400,
970,SnapshotHashMetrics,400,
970,EgressPublish,16356100,
971,IngressCapture,4600,
971,DecodeAndCanonicalize,300,
971,ApplyInputs,251100,
971,ProcessorPlan,49000,
971,CrossWorldPrepare,1500,
971,NativeJobBarrier,300,
971,CommitDecision,300,
971,VoxelCommit,500,
971,EcsCommandBufferCommit,80500,
971,GasAndEventFinalize,20600,
971,ReplicationProjection,246300,
971,SnapshotHashMetrics,700,
971,EgressPublish,13464500,
972,IngressCapture,5100,
972,DecodeAndCanonicalize,200,
972,ApplyInputs,250000,
972,ProcessorPlan,45700,
972,CrossWorldPrepare,1300,
972,NativeJobBarrier,700,
972,CommitDecision,1100,
972,VoxelCommit,600,
972,EcsCommandBufferCommit,71800,
972,GasAndEventFinalize,24000,
972,ReplicationProjection,137800,
972,SnapshotHashMetrics,100,
972,EgressPublish,12405100,
973,IngressCapture,3500,
973,DecodeAndCanonicalize,200,
973,ApplyInputs,175100,
973,ProcessorPlan,27700,
973,CrossWorldPrepare,500,
973,NativeJobBarrier,500,
973,CommitDecision,100,
973,VoxelCommit,300,
973,EcsCommandBufferCommit,45500,
973,GasAndEventFinalize,14000,
973,ReplicationProjection,108100,
973,SnapshotHashMetrics,200,
973,EgressPublish,12288400,
974,IngressCapture,3400,
974,DecodeAndCanonicalize,200,
974,ApplyInputs,194000,
974,ProcessorPlan,28100,
974,CrossWorldPrepare,600,
974,NativeJobBarrier,600,
974,CommitDecision,300,
974,VoxelCommit,300,
974,EcsCommandBufferCommit,41500,
974,GasAndEventFinalize,15100,
974,ReplicationProjection,112500,
974,SnapshotHashMetrics,100,
974,EgressPublish,14311300,
975,IngressCapture,5600,
975,DecodeAndCanonicalize,200,
975,ApplyInputs,282400,
975,ProcessorPlan,58400,
975,CrossWorldPrepare,1200,
975,NativeJobBarrier,500,
975,CommitDecision,1000,
975,VoxelCommit,600,
975,EcsCommandBufferCommit,120000,
975,GasAndEventFinalize,62900,
975,ReplicationProjection,335400,
975,SnapshotHashMetrics,900,
975,EgressPublish,14915300,
976,IngressCapture,3700,
976,DecodeAndCanonicalize,200,
976,ApplyInputs,199800,
976,ProcessorPlan,32800,
976,CrossWorldPrepare,900,
976,NativeJobBarrier,200,
976,CommitDecision,200,
976,VoxelCommit,700,
976,EcsCommandBufferCommit,54600,
976,GasAndEventFinalize,16600,
976,ReplicationProjection,119900,
976,SnapshotHashMetrics,200,
976,EgressPublish,13982900,
977,IngressCapture,5200,
977,DecodeAndCanonicalize,200,
977,ApplyInputs,363200,
977,ProcessorPlan,103400,
977,CrossWorldPrepare,1000,
977,NativeJobBarrier,100,
977,CommitDecision,600,
977,VoxelCommit,1400,
977,EcsCommandBufferCommit,67800,
977,GasAndEventFinalize,41100,
977,ReplicationProjection,124100,
977,SnapshotHashMetrics,400,
977,EgressPublish,16445600,
978,IngressCapture,3500,
978,DecodeAndCanonicalize,200,
978,ApplyInputs,289300,
978,ProcessorPlan,42500,
978,CrossWorldPrepare,600,
978,NativeJobBarrier,200,
978,CommitDecision,300,
978,VoxelCommit,300,
978,EcsCommandBufferCommit,60100,
978,GasAndEventFinalize,18500,
978,ReplicationProjection,161700,
978,SnapshotHashMetrics,500,
978,EgressPublish,13381200,
979,IngressCapture,5000,
979,DecodeAndCanonicalize,200,
979,ApplyInputs,274900,
979,ProcessorPlan,45800,
979,CrossWorldPrepare,900,
979,NativeJobBarrier,300,
979,CommitDecision,300,
979,VoxelCommit,300,
979,EcsCommandBufferCommit,97700,
979,GasAndEventFinalize,25300,
979,ReplicationProjection,172500,
979,SnapshotHashMetrics,300,
979,EgressPublish,19139300,
980,IngressCapture,6500,
980,DecodeAndCanonicalize,600,
980,ApplyInputs,320800,
980,ProcessorPlan,54000,
980,CrossWorldPrepare,900,
980,NativeJobBarrier,200,
980,CommitDecision,700,
980,VoxelCommit,1700,
980,EcsCommandBufferCommit,89600,
980,GasAndEventFinalize,27600,
980,ReplicationProjection,175000,
980,SnapshotHashMetrics,400,
980,EgressPublish,19150700,
981,IngressCapture,4800,
981,DecodeAndCanonicalize,500,
981,ApplyInputs,241000,
981,ProcessorPlan,34400,
981,CrossWorldPrepare,1300,
981,NativeJobBarrier,100,
981,CommitDecision,300,
981,VoxelCommit,600,
981,EcsCommandBufferCommit,62400,
981,GasAndEventFinalize,19700,
981,ReplicationProjection,117500,
981,SnapshotHashMetrics,200,
981,EgressPublish,14979800,
982,IngressCapture,4700,
982,DecodeAndCanonicalize,400,
982,ApplyInputs,245100,
982,ProcessorPlan,45500,
982,CrossWorldPrepare,1500,
982,NativeJobBarrier,200,
982,CommitDecision,300,
982,VoxelCommit,800,
982,EcsCommandBufferCommit,69200,
982,GasAndEventFinalize,24300,
982,ReplicationProjection,166400,
982,SnapshotHashMetrics,400,
982,EgressPublish,13110900,
983,IngressCapture,4800,
983,DecodeAndCanonicalize,300,
983,ApplyInputs,255100,
983,ProcessorPlan,37400,
983,CrossWorldPrepare,1100,
983,NativeJobBarrier,200,
983,CommitDecision,100,
983,VoxelCommit,1200,
983,EcsCommandBufferCommit,76100,
983,GasAndEventFinalize,26900,
983,ReplicationProjection,117500,
983,SnapshotHashMetrics,200,
983,EgressPublish,15264600,
984,IngressCapture,4400,
984,DecodeAndCanonicalize,100,
984,ApplyInputs,233300,
984,ProcessorPlan,35500,
984,CrossWorldPrepare,900,
984,NativeJobBarrier,100,
984,CommitDecision,200,
984,VoxelCommit,200,
984,EcsCommandBufferCommit,76900,
984,GasAndEventFinalize,27900,
984,ReplicationProjection,135100,
984,SnapshotHashMetrics,300,
984,EgressPublish,17095400,
985,IngressCapture,6900,
985,DecodeAndCanonicalize,100,
985,ApplyInputs,351800,
985,ProcessorPlan,98000,
985,CrossWorldPrepare,1400,
985,NativeJobBarrier,200,
985,CommitDecision,200,
985,VoxelCommit,700,
985,EcsCommandBufferCommit,84800,
985,GasAndEventFinalize,55700,
985,ReplicationProjection,144300,
985,SnapshotHashMetrics,300,
985,EgressPublish,18603800,
986,IngressCapture,4900,
986,DecodeAndCanonicalize,300,
986,ApplyInputs,294100,
986,ProcessorPlan,42000,
986,CrossWorldPrepare,500,
986,NativeJobBarrier,200,
986,CommitDecision,200,
986,VoxelCommit,700,
986,EcsCommandBufferCommit,72800,
986,GasAndEventFinalize,23200,
986,ReplicationProjection,169500,
986,SnapshotHashMetrics,400,
986,EgressPublish,15218200,
987,IngressCapture,4100,
987,DecodeAndCanonicalize,200,
987,ApplyInputs,254800,
987,ProcessorPlan,50400,
987,CrossWorldPrepare,1400,
987,NativeJobBarrier,200,
987,CommitDecision,600,
987,VoxelCommit,600,
987,EcsCommandBufferCommit,85400,
987,GasAndEventFinalize,31300,
987,ReplicationProjection,222300,
987,SnapshotHashMetrics,300,
987,EgressPublish,23198700,
988,IngressCapture,5100,
988,DecodeAndCanonicalize,200,
988,ApplyInputs,307700,
988,ProcessorPlan,41800,
988,CrossWorldPrepare,800,
988,NativeJobBarrier,300,
988,CommitDecision,400,
988,VoxelCommit,400,
988,EcsCommandBufferCommit,79500,
988,GasAndEventFinalize,25200,
988,ReplicationProjection,114600,
988,SnapshotHashMetrics,200,
988,EgressPublish,13714000,
989,IngressCapture,4300,
989,DecodeAndCanonicalize,300,
989,ApplyInputs,316300,
989,ProcessorPlan,48000,
989,CrossWorldPrepare,500,
989,NativeJobBarrier,200,
989,CommitDecision,400,
989,VoxelCommit,1000,
989,EcsCommandBufferCommit,79100,
989,GasAndEventFinalize,29200,
989,ReplicationProjection,190800,
989,SnapshotHashMetrics,700,
989,EgressPublish,14835900,
990,IngressCapture,4500,
990,DecodeAndCanonicalize,200,
990,ApplyInputs,221900,
990,ProcessorPlan,32000,
990,CrossWorldPrepare,500,
990,NativeJobBarrier,100,
990,CommitDecision,500,
990,VoxelCommit,400,
990,EcsCommandBufferCommit,67800,
990,GasAndEventFinalize,19500,
990,ReplicationProjection,119100,
990,SnapshotHashMetrics,200,
990,EgressPublish,13531400,
991,IngressCapture,6500,
991,DecodeAndCanonicalize,200,
991,ApplyInputs,361000,
991,ProcessorPlan,83300,
991,CrossWorldPrepare,1300,
991,NativeJobBarrier,600,
991,CommitDecision,400,
991,VoxelCommit,900,
991,EcsCommandBufferCommit,86300,
991,GasAndEventFinalize,23700,
991,ReplicationProjection,224000,
991,SnapshotHashMetrics,700,
991,EgressPublish,15034700,
992,IngressCapture,6100,
992,DecodeAndCanonicalize,200,
992,ApplyInputs,208200,
992,ProcessorPlan,30100,
992,CrossWorldPrepare,800,
992,NativeJobBarrier,300,
992,CommitDecision,100,
992,VoxelCommit,400,
992,EcsCommandBufferCommit,52900,
992,GasAndEventFinalize,15300,
992,ReplicationProjection,107800,
992,SnapshotHashMetrics,200,
992,EgressPublish,15588400,
993,IngressCapture,4500,
993,DecodeAndCanonicalize,300,
993,ApplyInputs,492500,
993,ProcessorPlan,45400,
993,CrossWorldPrepare,1800,
993,NativeJobBarrier,300,
993,CommitDecision,200,
993,VoxelCommit,300,
993,EcsCommandBufferCommit,66200,
993,GasAndEventFinalize,44100,
993,ReplicationProjection,195000,
993,SnapshotHashMetrics,400,
993,EgressPublish,16385700,
994,IngressCapture,5900,
994,DecodeAndCanonicalize,300,
994,ApplyInputs,305000,
994,ProcessorPlan,53300,
994,CrossWorldPrepare,900,
994,NativeJobBarrier,700,
994,CommitDecision,700,
994,VoxelCommit,500,
994,EcsCommandBufferCommit,93600,
994,GasAndEventFinalize,32600,
994,ReplicationProjection,242400,
994,SnapshotHashMetrics,400,
994,EgressPublish,18653000,
995,IngressCapture,5900,
995,DecodeAndCanonicalize,200,
995,ApplyInputs,346500,
995,ProcessorPlan,51700,
995,CrossWorldPrepare,1100,
995,NativeJobBarrier,600,
995,CommitDecision,200,
995,VoxelCommit,1300,
995,EcsCommandBufferCommit,78400,
995,GasAndEventFinalize,26300,
995,ReplicationProjection,163200,
995,SnapshotHashMetrics,500,
995,EgressPublish,18281500,
996,IngressCapture,5100,
996,DecodeAndCanonicalize,300,
996,ApplyInputs,348700,
996,ProcessorPlan,68800,
996,CrossWorldPrepare,1300,
996,NativeJobBarrier,200,
996,CommitDecision,200,
996,VoxelCommit,1300,
996,EcsCommandBufferCommit,558800,
996,GasAndEventFinalize,51600,
996,ReplicationProjection,599300,
996,SnapshotHashMetrics,1000,
996,EgressPublish,20115000,
997,IngressCapture,6100,
997,DecodeAndCanonicalize,200,
997,ApplyInputs,351000,
997,ProcessorPlan,48700,
997,CrossWorldPrepare,1400,
997,NativeJobBarrier,300,
997,CommitDecision,700,
997,VoxelCommit,1100,
997,EcsCommandBufferCommit,79800,
997,GasAndEventFinalize,26700,
997,ReplicationProjection,256100,
997,SnapshotHashMetrics,400,
997,EgressPublish,16060500,
998,IngressCapture,6700,
998,DecodeAndCanonicalize,500,
998,ApplyInputs,201300,
998,ProcessorPlan,31600,
998,CrossWorldPrepare,500,
998,NativeJobBarrier,400,
998,CommitDecision,200,
998,VoxelCommit,900,
998,EcsCommandBufferCommit,56200,
998,GasAndEventFinalize,15800,
998,ReplicationProjection,109000,
998,SnapshotHashMetrics,100,
998,EgressPublish,17571500,
999,IngressCapture,5200,
999,DecodeAndCanonicalize,300,
999,ApplyInputs,293400,
999,ProcessorPlan,50900,
999,CrossWorldPrepare,1400,
999,NativeJobBarrier,600,
999,CommitDecision,1300,
999,VoxelCommit,700,
999,EcsCommandBufferCommit,108100,
999,GasAndEventFinalize,38600,
999,ReplicationProjection,216900,
999,SnapshotHashMetrics,600,
999,EgressPublish,16953100,
1000,IngressCapture,4500,
1000,DecodeAndCanonicalize,300,
1000,ApplyInputs,315500,
1000,ProcessorPlan,44200,
1000,CrossWorldPrepare,900,
1000,NativeJobBarrier,200,
1000,CommitDecision,300,
1000,VoxelCommit,800,
1000,EcsCommandBufferCommit,74600,
1000,GasAndEventFinalize,30900,
1000,ReplicationProjection,191800,
1000,SnapshotHashMetrics,300,
1000,EgressPublish,16772600,
1001,IngressCapture,5700,
1001,DecodeAndCanonicalize,200,
1001,ApplyInputs,357500,
1001,ProcessorPlan,90500,
1001,CrossWorldPrepare,800,
1001,NativeJobBarrier,400,
1001,CommitDecision,100,
1001,VoxelCommit,600,
1001,EcsCommandBufferCommit,70300,
1001,GasAndEventFinalize,39600,
1001,ReplicationProjection,137800,
1001,SnapshotHashMetrics,200,
1001,EgressPublish,14439200,
1002,IngressCapture,5000,
1002,DecodeAndCanonicalize,100,
1002,ApplyInputs,234500,
1002,ProcessorPlan,34800,
1002,CrossWorldPrepare,800,
1002,NativeJobBarrier,300,
1002,CommitDecision,600,
1002,VoxelCommit,600,
1002,EcsCommandBufferCommit,72600,
1002,GasAndEventFinalize,21800,
1002,ReplicationProjection,119300,
1002,SnapshotHashMetrics,100,
1002,EgressPublish,15347400,
1003,IngressCapture,2800,
1003,DecodeAndCanonicalize,200,
1003,ApplyInputs,170800,
1003,ProcessorPlan,33300,
1003,CrossWorldPrepare,500,
1003,NativeJobBarrier,300,
1003,CommitDecision,100,
1003,VoxelCommit,300,
1003,EcsCommandBufferCommit,46100,
1003,GasAndEventFinalize,16000,
1003,ReplicationProjection,108800,
1003,SnapshotHashMetrics,100,
1003,EgressPublish,13357600,
1004,IngressCapture,6200,
1004,DecodeAndCanonicalize,200,
1004,ApplyInputs,521000,
1004,ProcessorPlan,64500,
1004,CrossWorldPrepare,1300,
1004,NativeJobBarrier,200,
1004,CommitDecision,300,
1004,VoxelCommit,900,
1004,EcsCommandBufferCommit,86300,
1004,GasAndEventFinalize,26900,
1004,ReplicationProjection,209700,
1004,SnapshotHashMetrics,500,
1004,EgressPublish,16954400,
1005,IngressCapture,5400,
1005,DecodeAndCanonicalize,300,
1005,ApplyInputs,296300,
1005,ProcessorPlan,41000,
1005,CrossWorldPrepare,800,
1005,NativeJobBarrier,200,
1005,CommitDecision,400,
1005,VoxelCommit,400,
1005,EcsCommandBufferCommit,73800,
1005,GasAndEventFinalize,23400,
1005,ReplicationProjection,181400,
1005,SnapshotHashMetrics,400,
1005,EgressPublish,17889800,
1006,IngressCapture,4300,
1006,DecodeAndCanonicalize,300,
1006,ApplyInputs,202000,
1006,ProcessorPlan,42600,
1006,CrossWorldPrepare,600,
1006,NativeJobBarrier,300,
1006,CommitDecision,100,
1006,VoxelCommit,600,
1006,EcsCommandBufferCommit,55200,
1006,GasAndEventFinalize,16000,
1006,ReplicationProjection,209700,
1006,SnapshotHashMetrics,2500,
1006,EgressPublish,17947400,
1007,IngressCapture,3300,
1007,DecodeAndCanonicalize,100,
1007,ApplyInputs,167100,
1007,ProcessorPlan,27900,
1007,CrossWorldPrepare,900,
1007,NativeJobBarrier,100,
1007,CommitDecision,200,
1007,VoxelCommit,400,
1007,EcsCommandBufferCommit,50000,
1007,GasAndEventFinalize,14900,
1007,ReplicationProjection,108600,
1007,SnapshotHashMetrics,100,
1007,EgressPublish,11432500,
1008,IngressCapture,4500,
1008,DecodeAndCanonicalize,200,
1008,ApplyInputs,326100,
1008,ProcessorPlan,40500,
1008,CrossWorldPrepare,1100,
1008,NativeJobBarrier,200,
1008,CommitDecision,300,
1008,VoxelCommit,500,
1008,EcsCommandBufferCommit,62600,
1008,GasAndEventFinalize,22500,
1008,ReplicationProjection,169700,
1008,SnapshotHashMetrics,200,
1008,EgressPublish,20748000,
1009,IngressCapture,4600,
1009,DecodeAndCanonicalize,200,
1009,ApplyInputs,405600,
1009,ProcessorPlan,77900,
1009,CrossWorldPrepare,700,
1009,NativeJobBarrier,200,
1009,CommitDecision,400,
1009,VoxelCommit,1000,
1009,EcsCommandBufferCommit,63400,
1009,GasAndEventFinalize,37100,
1009,ReplicationProjection,121400,
1009,SnapshotHashMetrics,200,
1009,EgressPublish,14968300,
1010,IngressCapture,5600,
1010,DecodeAndCanonicalize,200,
1010,ApplyInputs,379400,
1010,ProcessorPlan,47000,
1010,CrossWorldPrepare,1000,
1010,NativeJobBarrier,200,
1010,CommitDecision,500,
1010,VoxelCommit,1000,
1010,EcsCommandBufferCommit,67600,
1010,GasAndEventFinalize,20200,
1010,ReplicationProjection,199700,
1010,SnapshotHashMetrics,3600,
1010,EgressPublish,19076500,
1011,IngressCapture,4600,
1011,DecodeAndCanonicalize,200,
1011,ApplyInputs,217400,
1011,ProcessorPlan,32200,
1011,CrossWorldPrepare,400,
1011,NativeJobBarrier,100,
1011,CommitDecision,100,
1011,VoxelCommit,500,
1011,EcsCommandBufferCommit,54500,
1011,GasAndEventFinalize,18600,
1011,ReplicationProjection,109400,
1011,SnapshotHashMetrics,200,
1011,EgressPublish,19071700,
1012,IngressCapture,4400,
1012,DecodeAndCanonicalize,100,
1012,ApplyInputs,223300,
1012,ProcessorPlan,32100,
1012,CrossWorldPrepare,700,
1012,NativeJobBarrier,100,
1012,CommitDecision,200,
1012,VoxelCommit,400,
1012,EcsCommandBufferCommit,60800,
1012,GasAndEventFinalize,23000,
1012,ReplicationProjection,118700,
1012,SnapshotHashMetrics,200,
1012,EgressPublish,15000300,
1013,IngressCapture,3900,
1013,DecodeAndCanonicalize,200,
1013,ApplyInputs,276700,
1013,ProcessorPlan,32800,
1013,CrossWorldPrepare,300,
1013,NativeJobBarrier,200,
1013,CommitDecision,300,
1013,VoxelCommit,300,
1013,EcsCommandBufferCommit,52500,
1013,GasAndEventFinalize,19100,
1013,ReplicationProjection,127400,
1013,SnapshotHashMetrics,200,
1013,EgressPublish,11433700,
1014,IngressCapture,4100,
1014,DecodeAndCanonicalize,100,
1014,ApplyInputs,185300,
1014,ProcessorPlan,31700,
1014,CrossWorldPrepare,700,
1014,NativeJobBarrier,200,
1014,CommitDecision,200,
1014,VoxelCommit,600,
1014,EcsCommandBufferCommit,53200,
1014,GasAndEventFinalize,18100,
1014,ReplicationProjection,111900,
1014,SnapshotHashMetrics,200,
1014,EgressPublish,9253700,
1015,IngressCapture,4000,
1015,DecodeAndCanonicalize,200,
1015,ApplyInputs,210000,
1015,ProcessorPlan,39100,
1015,CrossWorldPrepare,500,
1015,NativeJobBarrier,200,
1015,CommitDecision,200,
1015,VoxelCommit,300,
1015,EcsCommandBufferCommit,62300,
1015,GasAndEventFinalize,21100,
1015,ReplicationProjection,165300,
1015,SnapshotHashMetrics,500,
1015,EgressPublish,12553600,
1016,IngressCapture,4100,
1016,DecodeAndCanonicalize,200,
1016,ApplyInputs,148800,
1016,ProcessorPlan,27500,
1016,CrossWorldPrepare,500,
1016,NativeJobBarrier,200,
1016,CommitDecision,200,
1016,VoxelCommit,400,
1016,EcsCommandBufferCommit,45000,
1016,GasAndEventFinalize,18900,
1016,ReplicationProjection,110000,
1016,SnapshotHashMetrics,200,
1016,EgressPublish,8979200,
1017,IngressCapture,2900,
1017,DecodeAndCanonicalize,200,
1017,ApplyInputs,330800,
1017,ProcessorPlan,34400,
1017,CrossWorldPrepare,500,
1017,NativeJobBarrier,100,
1017,CommitDecision,200,
1017,VoxelCommit,400,
1017,EcsCommandBufferCommit,45700,
1017,GasAndEventFinalize,28200,
1017,ReplicationProjection,110200,
1017,SnapshotHashMetrics,200,
1017,EgressPublish,11123400,
1018,IngressCapture,4700,
1018,DecodeAndCanonicalize,300,
1018,ApplyInputs,289800,
1018,ProcessorPlan,42600,
1018,CrossWorldPrepare,1200,
1018,NativeJobBarrier,300,
1018,CommitDecision,400,
1018,VoxelCommit,500,
1018,EcsCommandBufferCommit,75700,
1018,GasAndEventFinalize,23400,
1018,ReplicationProjection,171000,
1018,SnapshotHashMetrics,700,
1018,EgressPublish,11342200,
1019,IngressCapture,4300,
1019,DecodeAndCanonicalize,100,
1019,ApplyInputs,228100,
1019,ProcessorPlan,29100,
1019,CrossWorldPrepare,600,
1019,NativeJobBarrier,200,
1019,CommitDecision,900,
1019,VoxelCommit,300,
1019,EcsCommandBufferCommit,47700,
1019,GasAndEventFinalize,21600,
1019,ReplicationProjection,107100,
1019,SnapshotHashMetrics,200,
1019,EgressPublish,11289900,
1020,IngressCapture,4300,
1020,DecodeAndCanonicalize,100,
1020,ApplyInputs,195500,
1020,ProcessorPlan,38800,
1020,CrossWorldPrepare,800,
1020,NativeJobBarrier,300,
1020,CommitDecision,200,
1020,VoxelCommit,400,
1020,EcsCommandBufferCommit,61800,
1020,GasAndEventFinalize,22800,
1020,ReplicationProjection,156800,
1020,SnapshotHashMetrics,600,
1020,EgressPublish,10459800,
1021,IngressCapture,11500,
1021,DecodeAndCanonicalize,200,
1021,ApplyInputs,162100,
1021,ProcessorPlan,30000,
1021,CrossWorldPrepare,500,
1021,NativeJobBarrier,100,
1021,CommitDecision,400,
1021,VoxelCommit,400,
1021,EcsCommandBufferCommit,38700,
1021,GasAndEventFinalize,14700,
1021,ReplicationProjection,99000,
1021,SnapshotHashMetrics,200,
1021,EgressPublish,13058900,
1022,IngressCapture,4100,
1022,DecodeAndCanonicalize,300,
1022,ApplyInputs,217000,
1022,ProcessorPlan,48800,
1022,CrossWorldPrepare,900,
1022,NativeJobBarrier,200,
1022,CommitDecision,200,
1022,VoxelCommit,500,
1022,EcsCommandBufferCommit,71700,
1022,GasAndEventFinalize,22100,
1022,ReplicationProjection,156600,
1022,SnapshotHashMetrics,700,
1022,EgressPublish,11899000,
1023,IngressCapture,4500,
1023,DecodeAndCanonicalize,200,
1023,ApplyInputs,238600,
1023,ProcessorPlan,30600,
1023,CrossWorldPrepare,500,
1023,NativeJobBarrier,400,
1023,CommitDecision,300,
1023,VoxelCommit,600,
1023,EcsCommandBufferCommit,49000,
1023,GasAndEventFinalize,18600,
1023,ReplicationProjection,107800,
1023,SnapshotHashMetrics,200,
1023,EgressPublish,10839600,
1024,IngressCapture,3100,
1024,DecodeAndCanonicalize,100,
1024,ApplyInputs,145700,
1024,ProcessorPlan,25000,
1024,CrossWorldPrepare,300,
1024,NativeJobBarrier,200,
1024,CommitDecision,100,
1024,VoxelCommit,300,
1024,EcsCommandBufferCommit,43200,
1024,GasAndEventFinalize,13800,
1024,ReplicationProjection,107300,
1024,SnapshotHashMetrics,100,
1024,EgressPublish,9929100,
1025,IngressCapture,5700,
1025,DecodeAndCanonicalize,300,
1025,ApplyInputs,513900,
1025,ProcessorPlan,143800,
1025,CrossWorldPrepare,2400,
1025,NativeJobBarrier,400,
1025,CommitDecision,200,
1025,VoxelCommit,1000,
1025,EcsCommandBufferCommit,657400,
1025,GasAndEventFinalize,59800,
1025,ReplicationProjection,499600,
1025,SnapshotHashMetrics,1000,
1025,EgressPublish,15398300,
1026,IngressCapture,5000,
1026,DecodeAndCanonicalize,200,
1026,ApplyInputs,357600,
1026,ProcessorPlan,44400,
1026,CrossWorldPrepare,500,
1026,NativeJobBarrier,200,
1026,CommitDecision,400,
1026,VoxelCommit,600,
1026,EcsCommandBufferCommit,93400,
1026,GasAndEventFinalize,29400,
1026,ReplicationProjection,191000,
1026,SnapshotHashMetrics,600,
1026,EgressPublish,14843600,
1027,IngressCapture,5400,
1027,DecodeAndCanonicalize,400,
1027,ApplyInputs,250300,
1027,ProcessorPlan,47500,
1027,CrossWorldPrepare,700,
1027,NativeJobBarrier,300,
1027,CommitDecision,800,
1027,VoxelCommit,1000,
1027,EcsCommandBufferCommit,89700,
1027,GasAndEventFinalize,26500,
1027,ReplicationProjection,179200,
1027,SnapshotHashMetrics,700,
1027,EgressPublish,16914100,
1028,IngressCapture,4500,
1028,DecodeAndCanonicalize,200,
1028,ApplyInputs,355100,
1028,ProcessorPlan,46900,
1028,CrossWorldPrepare,1100,
1028,NativeJobBarrier,200,
1028,CommitDecision,400,
1028,VoxelCommit,700,
1028,EcsCommandBufferCommit,81500,
1028,GasAndEventFinalize,26600,
1028,ReplicationProjection,164500,
1028,SnapshotHashMetrics,200,
1028,EgressPublish,20838800,
1029,IngressCapture,5400,
1029,DecodeAndCanonicalize,200,
1029,ApplyInputs,246500,
1029,ProcessorPlan,41100,
1029,CrossWorldPrepare,600,
1029,NativeJobBarrier,200,
1029,CommitDecision,300,
1029,VoxelCommit,700,
1029,EcsCommandBufferCommit,66000,
1029,GasAndEventFinalize,23400,
1029,ReplicationProjection,163400,
1029,SnapshotHashMetrics,500,
1029,EgressPublish,15901200,
1030,IngressCapture,4700,
1030,DecodeAndCanonicalize,200,
1030,ApplyInputs,204000,
1030,ProcessorPlan,33500,
1030,CrossWorldPrepare,300,
1030,NativeJobBarrier,500,
1030,CommitDecision,200,
1030,VoxelCommit,500,
1030,EcsCommandBufferCommit,76800,
1030,GasAndEventFinalize,27700,
1030,ReplicationProjection,128100,
1030,SnapshotHashMetrics,200,
1030,EgressPublish,14594800,
1031,IngressCapture,4900,
1031,DecodeAndCanonicalize,200,
1031,ApplyInputs,244200,
1031,ProcessorPlan,42000,
1031,CrossWorldPrepare,1200,
1031,NativeJobBarrier,600,
1031,CommitDecision,600,
1031,VoxelCommit,500,
1031,EcsCommandBufferCommit,68200,
1031,GasAndEventFinalize,22200,
1031,ReplicationProjection,156300,
1031,SnapshotHashMetrics,200,
1031,EgressPublish,16309700,
1032,IngressCapture,4300,
1032,DecodeAndCanonicalize,200,
1032,ApplyInputs,229200,
1032,ProcessorPlan,43300,
1032,CrossWorldPrepare,400,
1032,NativeJobBarrier,200,
1032,CommitDecision,500,
1032,VoxelCommit,900,
1032,EcsCommandBufferCommit,63000,
1032,GasAndEventFinalize,20500,
1032,ReplicationProjection,164800,
1032,SnapshotHashMetrics,700,
1032,EgressPublish,10829500,
1033,IngressCapture,3500,
1033,DecodeAndCanonicalize,200,
1033,ApplyInputs,560900,
1033,ProcessorPlan,42400,
1033,CrossWorldPrepare,500,
1033,NativeJobBarrier,200,
1033,CommitDecision,100,
1033,VoxelCommit,300,
1033,EcsCommandBufferCommit,40500,
1033,GasAndEventFinalize,25900,
1033,ReplicationProjection,114400,
1033,SnapshotHashMetrics,200,
1033,EgressPublish,10361000,
1034,IngressCapture,5200,
1034,DecodeAndCanonicalize,300,
1034,ApplyInputs,244100,
1034,ProcessorPlan,43600,
1034,CrossWorldPrepare,1000,
1034,NativeJobBarrier,200,
1034,CommitDecision,300,
1034,VoxelCommit,600,
1034,EcsCommandBufferCommit,56500,
1034,GasAndEventFinalize,18600,
1034,ReplicationProjection,188700,
1034,SnapshotHashMetrics,700,
1034,EgressPublish,12251200,
1035,IngressCapture,3600,
1035,DecodeAndCanonicalize,100,
1035,ApplyInputs,143500,
1035,ProcessorPlan,25900,
1035,CrossWorldPrepare,900,
1035,NativeJobBarrier,100,
1035,CommitDecision,300,
1035,VoxelCommit,300,
1035,EcsCommandBufferCommit,48200,
1035,GasAndEventFinalize,15300,
1035,ReplicationProjection,109600,
1035,SnapshotHashMetrics,300,
1035,EgressPublish,9807000,
1036,IngressCapture,5200,
1036,DecodeAndCanonicalize,200,
1036,ApplyInputs,353600,
1036,ProcessorPlan,52900,
1036,CrossWorldPrepare,800,
1036,NativeJobBarrier,200,
1036,CommitDecision,400,
1036,VoxelCommit,600,
1036,EcsCommandBufferCommit,90800,
1036,GasAndEventFinalize,30300,
1036,ReplicationProjection,237300,
1036,SnapshotHashMetrics,600,
1036,EgressPublish,15386300,
1037,IngressCapture,4700,
1037,DecodeAndCanonicalize,15900,
1037,ApplyInputs,318300,
1037,ProcessorPlan,53200,
1037,CrossWorldPrepare,700,
1037,NativeJobBarrier,200,
1037,CommitDecision,300,
1037,VoxelCommit,700,
1037,EcsCommandBufferCommit,190100,
1037,GasAndEventFinalize,55400,
1037,ReplicationProjection,479800,
1037,SnapshotHashMetrics,500,
1037,EgressPublish,13979000,
1038,IngressCapture,4900,
1038,DecodeAndCanonicalize,300,
1038,ApplyInputs,424300,
1038,ProcessorPlan,42400,
1038,CrossWorldPrepare,500,
1038,NativeJobBarrier,200,
1038,CommitDecision,200,
1038,VoxelCommit,500,
1038,EcsCommandBufferCommit,213000,
1038,GasAndEventFinalize,48600,
1038,ReplicationProjection,494700,
1038,SnapshotHashMetrics,700,
1038,EgressPublish,18483900,
1039,IngressCapture,5700,
1039,DecodeAndCanonicalize,400,
1039,ApplyInputs,320400,
1039,ProcessorPlan,51000,
1039,CrossWorldPrepare,600,
1039,NativeJobBarrier,200,
1039,CommitDecision,300,
1039,VoxelCommit,700,
1039,EcsCommandBufferCommit,97000,
1039,GasAndEventFinalize,31800,
1039,ReplicationProjection,242200,
1039,SnapshotHashMetrics,1300,
1039,EgressPublish,20222800,
1040,IngressCapture,5000,
1040,DecodeAndCanonicalize,200,
1040,ApplyInputs,411900,
1040,ProcessorPlan,55400,
1040,CrossWorldPrepare,1200,
1040,NativeJobBarrier,2600,
1040,CommitDecision,500,
1040,VoxelCommit,1000,
1040,EcsCommandBufferCommit,106800,
1040,GasAndEventFinalize,38000,
1040,ReplicationProjection,281300,
1040,SnapshotHashMetrics,900,
1040,EgressPublish,16935900,
1041,IngressCapture,3700,
1041,DecodeAndCanonicalize,200,
1041,ApplyInputs,624600,
1041,ProcessorPlan,31700,
1041,CrossWorldPrepare,500,
1041,NativeJobBarrier,200,
1041,CommitDecision,100,
1041,VoxelCommit,200,
1041,EcsCommandBufferCommit,56000,
1041,GasAndEventFinalize,33000,
1041,ReplicationProjection,128100,
1041,SnapshotHashMetrics,200,
1041,EgressPublish,15008200,
1042,IngressCapture,4800,
1042,DecodeAndCanonicalize,200,
1042,ApplyInputs,289100,
1042,ProcessorPlan,53900,
1042,CrossWorldPrepare,1300,
1042,NativeJobBarrier,300,
1042,CommitDecision,700,
1042,VoxelCommit,1200,
1042,EcsCommandBufferCommit,86000,
1042,GasAndEventFinalize,31700,
1042,ReplicationProjection,215100,
1042,SnapshotHashMetrics,800,
1042,EgressPublish,19226500,
1043,IngressCapture,4300,
1043,DecodeAndCanonicalize,100,
1043,ApplyInputs,205700,
1043,ProcessorPlan,34100,
1043,CrossWorldPrepare,700,
1043,NativeJobBarrier,100,
1043,CommitDecision,200,
1043,VoxelCommit,400,
1043,EcsCommandBufferCommit,59300,
1043,GasAndEventFinalize,21000,
1043,ReplicationProjection,127300,
1043,SnapshotHashMetrics,200,
1043,EgressPublish,12687600,
1044,IngressCapture,4400,
1044,DecodeAndCanonicalize,200,
1044,ApplyInputs,202100,
1044,ProcessorPlan,29700,
1044,CrossWorldPrepare,800,
1044,NativeJobBarrier,100,
1044,CommitDecision,300,
1044,VoxelCommit,200,
1044,EcsCommandBufferCommit,71000,
1044,GasAndEventFinalize,18500,
1044,ReplicationProjection,121900,
1044,SnapshotHashMetrics,100,
1044,EgressPublish,17053800,
1045,IngressCapture,3900,
1045,DecodeAndCanonicalize,300,
1045,ApplyInputs,1020100,
1045,ProcessorPlan,45500,
1045,CrossWorldPrepare,1100,
1045,NativeJobBarrier,200,
1045,CommitDecision,600,
1045,VoxelCommit,500,
1045,EcsCommandBufferCommit,74100,
1045,GasAndEventFinalize,28800,
1045,ReplicationProjection,209800,
1045,SnapshotHashMetrics,300,
1045,EgressPublish,13623100,
1046,IngressCapture,6200,
1046,DecodeAndCanonicalize,100,
1046,ApplyInputs,306900,
1046,ProcessorPlan,55600,
1046,CrossWorldPrepare,900,
1046,NativeJobBarrier,800,
1046,CommitDecision,600,
1046,VoxelCommit,400,
1046,EcsCommandBufferCommit,103900,
1046,GasAndEventFinalize,37200,
1046,ReplicationProjection,205200,
1046,SnapshotHashMetrics,400,
1046,EgressPublish,16891600,
1047,IngressCapture,5800,
1047,DecodeAndCanonicalize,200,
1047,ApplyInputs,406700,
1047,ProcessorPlan,55300,
1047,CrossWorldPrepare,800,
1047,NativeJobBarrier,1100,
1047,CommitDecision,400,
1047,VoxelCommit,1100,
1047,EcsCommandBufferCommit,88800,
1047,GasAndEventFinalize,34500,
1047,ReplicationProjection,196700,
1047,SnapshotHashMetrics,400,
1047,EgressPublish,16070300,
1048,IngressCapture,5800,
1048,DecodeAndCanonicalize,200,
1048,ApplyInputs,203700,
1048,ProcessorPlan,30000,
1048,CrossWorldPrepare,800,
1048,NativeJobBarrier,100,
1048,CommitDecision,500,
1048,VoxelCommit,400,
1048,EcsCommandBufferCommit,56500,
1048,GasAndEventFinalize,19500,
1048,ReplicationProjection,110800,
1048,SnapshotHashMetrics,200,
1048,EgressPublish,13129300,
1049,IngressCapture,6700,
1049,DecodeAndCanonicalize,100,
1049,ApplyInputs,500600,
1049,ProcessorPlan,33200,
1049,CrossWorldPrepare,400,
1049,NativeJobBarrier,500,
1049,CommitDecision,300,
1049,VoxelCommit,600,
1049,EcsCommandBufferCommit,63900,
1049,GasAndEventFinalize,36000,
1049,ReplicationProjection,119700,
1049,SnapshotHashMetrics,200,
1049,EgressPublish,14798600,
1050,IngressCapture,5200,
1050,DecodeAndCanonicalize,200,
1050,ApplyInputs,297300,
1050,ProcessorPlan,43600,
1050,CrossWorldPrepare,500,
1050,NativeJobBarrier,100,
1050,CommitDecision,200,
1050,VoxelCommit,800,
1050,EcsCommandBufferCommit,64800,
1050,GasAndEventFinalize,23300,
1050,ReplicationProjection,165300,
1050,SnapshotHashMetrics,300,
1050,EgressPublish,12682000,
1051,IngressCapture,5000,
1051,DecodeAndCanonicalize,200,
1051,ApplyInputs,250600,
1051,ProcessorPlan,52500,
1051,CrossWorldPrepare,900,
1051,NativeJobBarrier,200,
1051,CommitDecision,400,
1051,VoxelCommit,500,
1051,EcsCommandBufferCommit,70600,
1051,GasAndEventFinalize,25900,
1051,ReplicationProjection,167200,
1051,SnapshotHashMetrics,200,
1051,EgressPublish,18031200,
1052,IngressCapture,4000,
1052,DecodeAndCanonicalize,100,
1052,ApplyInputs,231200,
1052,ProcessorPlan,34900,
1052,CrossWorldPrepare,900,
1052,NativeJobBarrier,200,
1052,CommitDecision,200,
1052,VoxelCommit,200,
1052,EcsCommandBufferCommit,65900,
1052,GasAndEventFinalize,21000,
1052,ReplicationProjection,121700,
1052,SnapshotHashMetrics,200,
1052,EgressPublish,13099400,
1053,IngressCapture,5800,
1053,DecodeAndCanonicalize,300,
1053,ApplyInputs,304500,
1053,ProcessorPlan,45500,
1053,CrossWorldPrepare,600,
1053,NativeJobBarrier,200,
1053,CommitDecision,200,
1053,VoxelCommit,300,
1053,EcsCommandBufferCommit,67500,
1053,GasAndEventFinalize,26100,
1053,ReplicationProjection,171500,
1053,SnapshotHashMetrics,200,
1053,EgressPublish,18107300,
1054,IngressCapture,5000,
1054,DecodeAndCanonicalize,300,
1054,ApplyInputs,229100,
1054,ProcessorPlan,33700,
1054,CrossWorldPrepare,700,
1054,NativeJobBarrier,100,
1054,CommitDecision,2000,
1054,VoxelCommit,300,
1054,EcsCommandBufferCommit,60800,
1054,GasAndEventFinalize,18000,
1054,ReplicationProjection,107500,
1054,SnapshotHashMetrics,300,
1054,EgressPublish,16472400,
1055,IngressCapture,4600,
1055,DecodeAndCanonicalize,100,
1055,ApplyInputs,375800,
1055,ProcessorPlan,39500,
1055,CrossWorldPrepare,1200,
1055,NativeJobBarrier,200,
1055,CommitDecision,200,
1055,VoxelCommit,200,
1055,EcsCommandBufferCommit,193700,
1055,GasAndEventFinalize,38600,
1055,ReplicationProjection,304200,
1055,SnapshotHashMetrics,500,
1055,EgressPublish,17570100,
1056,IngressCapture,7500,
1056,DecodeAndCanonicalize,300,
1056,ApplyInputs,312200,
1056,ProcessorPlan,50800,
1056,CrossWorldPrepare,1300,
1056,NativeJobBarrier,700,
1056,CommitDecision,600,
1056,VoxelCommit,700,
1056,EcsCommandBufferCommit,98100,
1056,GasAndEventFinalize,35100,
1056,ReplicationProjection,203500,
1056,SnapshotHashMetrics,500,
1056,EgressPublish,15067700,
1057,IngressCapture,5400,
1057,DecodeAndCanonicalize,300,
1057,ApplyInputs,539300,
1057,ProcessorPlan,37300,
1057,CrossWorldPrepare,1400,
1057,NativeJobBarrier,200,
1057,CommitDecision,200,
1057,VoxelCommit,600,
1057,EcsCommandBufferCommit,82200,
1057,GasAndEventFinalize,46700,
1057,ReplicationProjection,140600,
1057,SnapshotHashMetrics,200,
1057,EgressPublish,15436100,
1058,IngressCapture,3200,
1058,DecodeAndCanonicalize,100,
1058,ApplyInputs,195700,
1058,ProcessorPlan,30100,
1058,CrossWorldPrepare,600,
1058,NativeJobBarrier,400,
1058,CommitDecision,200,
1058,VoxelCommit,200,
1058,EcsCommandBufferCommit,58200,
1058,GasAndEventFinalize,19800,
1058,ReplicationProjection,129500,
1058,SnapshotHashMetrics,200,
1058,EgressPublish,16950000,
1059,IngressCapture,7800,
1059,DecodeAndCanonicalize,500,
1059,ApplyInputs,209100,
1059,ProcessorPlan,32500,
1059,CrossWorldPrepare,500,
1059,NativeJobBarrier,500,
1059,CommitDecision,400,
1059,VoxelCommit,400,
1059,EcsCommandBufferCommit,71200,
1059,GasAndEventFinalize,25000,
1059,ReplicationProjection,141700,
1059,SnapshotHashMetrics,100,
1059,EgressPublish,16780600,
1060,IngressCapture,3900,
1060,DecodeAndCanonicalize,200,
1060,ApplyInputs,214400,
1060,ProcessorPlan,44900,
1060,CrossWorldPrepare,1100,
1060,NativeJobBarrier,100,
1060,CommitDecision,400,
1060,VoxelCommit,700,
1060,EcsCommandBufferCommit,71000,
1060,GasAndEventFinalize,24600,
1060,ReplicationProjection,130000,
1060,SnapshotHashMetrics,200,
1060,EgressPublish,15884800,
1061,IngressCapture,7900,
1061,DecodeAndCanonicalize,200,
1061,ApplyInputs,263100,
1061,ProcessorPlan,81800,
1061,CrossWorldPrepare,800,
1061,NativeJobBarrier,300,
1061,CommitDecision,400,
1061,VoxelCommit,1000,
1061,EcsCommandBufferCommit,93500,
1061,GasAndEventFinalize,27200,
1061,ReplicationProjection,195300,
1061,SnapshotHashMetrics,300,
1061,EgressPublish,17218300,
1062,IngressCapture,6200,
1062,DecodeAndCanonicalize,200,
1062,ApplyInputs,221200,
1062,ProcessorPlan,35700,
1062,CrossWorldPrepare,700,
1062,NativeJobBarrier,100,
1062,CommitDecision,400,
1062,VoxelCommit,300,
1062,EcsCommandBufferCommit,66800,
1062,GasAndEventFinalize,22100,
1062,ReplicationProjection,129200,
1062,SnapshotHashMetrics,200,
1062,EgressPublish,15651200,
1063,IngressCapture,3300,
1063,DecodeAndCanonicalize,200,
1063,ApplyInputs,179300,
1063,ProcessorPlan,31400,
1063,CrossWorldPrepare,500,
1063,NativeJobBarrier,200,
1063,CommitDecision,200,
1063,VoxelCommit,200,
1063,EcsCommandBufferCommit,65200,
1063,GasAndEventFinalize,22600,
1063,ReplicationProjection,133700,
1063,SnapshotHashMetrics,600,
1063,EgressPublish,16490800,
1064,IngressCapture,6100,
1064,DecodeAndCanonicalize,200,
1064,ApplyInputs,250000,
1064,ProcessorPlan,47900,
1064,CrossWorldPrepare,500,
1064,NativeJobBarrier,300,
1064,CommitDecision,300,
1064,VoxelCommit,1400,
1064,EcsCommandBufferCommit,102100,
1064,GasAndEventFinalize,27200,
1064,ReplicationProjection,204300,
1064,SnapshotHashMetrics,400,
1064,EgressPublish,18516900,
1065,IngressCapture,6100,
1065,DecodeAndCanonicalize,200,
1065,ApplyInputs,735200,
1065,ProcessorPlan,50000,
1065,CrossWorldPrepare,500,
1065,NativeJobBarrier,200,
1065,CommitDecision,400,
1065,VoxelCommit,500,
1065,EcsCommandBufferCommit,91300,
1065,GasAndEventFinalize,54300,
1065,ReplicationProjection,213600,
1065,SnapshotHashMetrics,800,
1065,EgressPublish,19301900,
1066,IngressCapture,7800,
1066,DecodeAndCanonicalize,500,
1066,ApplyInputs,302000,
1066,ProcessorPlan,43300,
1066,CrossWorldPrepare,1100,
1066,NativeJobBarrier,100,
1066,CommitDecision,100,
1066,VoxelCommit,800,
1066,EcsCommandBufferCommit,92100,
1066,GasAndEventFinalize,25700,
1066,ReplicationProjection,136700,
1066,SnapshotHashMetrics,200,
1066,EgressPublish,16405900,
1067,IngressCapture,6100,
1067,DecodeAndCanonicalize,200,
1067,ApplyInputs,335700,
1067,ProcessorPlan,52900,
1067,CrossWorldPrepare,1700,
1067,NativeJobBarrier,100,
1067,CommitDecision,200,
1067,VoxelCommit,800,
1067,EcsCommandBufferCommit,97700,
1067,GasAndEventFinalize,29700,
1067,ReplicationProjection,209800,
1067,SnapshotHashMetrics,400,
1067,EgressPublish,18016300,
1068,IngressCapture,5100,
1068,DecodeAndCanonicalize,200,
1068,ApplyInputs,237500,
1068,ProcessorPlan,144000,
1068,CrossWorldPrepare,1600,
1068,NativeJobBarrier,200,
1068,CommitDecision,500,
1068,VoxelCommit,700,
1068,EcsCommandBufferCommit,102900,
1068,GasAndEventFinalize,27500,
1068,ReplicationProjection,200800,
1068,SnapshotHashMetrics,400,
1068,EgressPublish,19364800,
1069,IngressCapture,5400,
1069,DecodeAndCanonicalize,300,
1069,ApplyInputs,300500,
1069,ProcessorPlan,48100,
1069,CrossWorldPrepare,700,
1069,NativeJobBarrier,200,
1069,CommitDecision,1000,
1069,VoxelCommit,1000,
1069,EcsCommandBufferCommit,88200,
1069,GasAndEventFinalize,36800,
1069,ReplicationProjection,205700,
1069,SnapshotHashMetrics,900,
1069,EgressPublish,17166900,
1070,IngressCapture,4900,
1070,DecodeAndCanonicalize,200,
1070,ApplyInputs,297800,
1070,ProcessorPlan,64000,
1070,CrossWorldPrepare,800,
1070,NativeJobBarrier,200,
1070,CommitDecision,1000,
1070,VoxelCommit,1000,
1070,EcsCommandBufferCommit,102300,
1070,GasAndEventFinalize,31400,
1070,ReplicationProjection,224100,
1070,SnapshotHashMetrics,700,
1070,EgressPublish,21138600,
1071,IngressCapture,4500,
1071,DecodeAndCanonicalize,300,
1071,ApplyInputs,289800,
1071,ProcessorPlan,42900,
1071,CrossWorldPrepare,900,
1071,NativeJobBarrier,200,
1071,CommitDecision,300,
1071,VoxelCommit,900,
1071,EcsCommandBufferCommit,71600,
1071,GasAndEventFinalize,24600,
1071,ReplicationProjection,185300,
1071,SnapshotHashMetrics,400,
1071,EgressPublish,15913600,
1072,IngressCapture,5700,
1072,DecodeAndCanonicalize,200,
1072,ApplyInputs,268800,
1072,ProcessorPlan,52700,
1072,CrossWorldPrepare,900,
1072,NativeJobBarrier,500,
1072,CommitDecision,200,
1072,VoxelCommit,1200,
1072,EcsCommandBufferCommit,84400,
1072,GasAndEventFinalize,30700,
1072,ReplicationProjection,218700,
1072,SnapshotHashMetrics,700,
1072,EgressPublish,17408700,
1073,IngressCapture,4400,
1073,DecodeAndCanonicalize,200,
1073,ApplyInputs,506700,
1073,ProcessorPlan,79300,
1073,CrossWorldPrepare,3900,
1073,NativeJobBarrier,400,
1073,CommitDecision,200,
1073,VoxelCommit,600,
1073,EcsCommandBufferCommit,79600,
1073,GasAndEventFinalize,51100,
1073,ReplicationProjection,205700,
1073,SnapshotHashMetrics,200,
1073,EgressPublish,18696400,
1074,IngressCapture,4000,
1074,DecodeAndCanonicalize,200,
1074,ApplyInputs,256000,
1074,ProcessorPlan,41000,
1074,CrossWorldPrepare,400,
1074,NativeJobBarrier,300,
1074,CommitDecision,200,
1074,VoxelCommit,600,
1074,EcsCommandBufferCommit,73400,
1074,GasAndEventFinalize,25500,
1074,ReplicationProjection,184000,
1074,SnapshotHashMetrics,900,
1074,EgressPublish,17461100,
1075,IngressCapture,3200,
1075,DecodeAndCanonicalize,300,
1075,ApplyInputs,196300,
1075,ProcessorPlan,45600,
1075,CrossWorldPrepare,1400,
1075,NativeJobBarrier,500,
1075,CommitDecision,400,
1075,VoxelCommit,1100,
1075,EcsCommandBufferCommit,71700,
1075,GasAndEventFinalize,26900,
1075,ReplicationProjection,211300,
1075,SnapshotHashMetrics,600,
1075,EgressPublish,17466500,
1076,IngressCapture,11300,
1076,DecodeAndCanonicalize,1100,
1076,ApplyInputs,469400,
1076,ProcessorPlan,65600,
1076,CrossWorldPrepare,1900,
1076,NativeJobBarrier,200,
1076,CommitDecision,700,
1076,VoxelCommit,900,
1076,EcsCommandBufferCommit,139600,
1076,GasAndEventFinalize,38700,
1076,ReplicationProjection,259700,
1076,SnapshotHashMetrics,600,
1076,EgressPublish,20772300,
1077,IngressCapture,4000,
1077,DecodeAndCanonicalize,300,
1077,ApplyInputs,283800,
1077,ProcessorPlan,45900,
1077,CrossWorldPrepare,600,
1077,NativeJobBarrier,300,
1077,CommitDecision,300,
1077,VoxelCommit,400,
1077,EcsCommandBufferCommit,81100,
1077,GasAndEventFinalize,26900,
1077,ReplicationProjection,975900,
1077,SnapshotHashMetrics,500,
1077,EgressPublish,16071700,
1078,IngressCapture,6000,
1078,DecodeAndCanonicalize,100,
1078,ApplyInputs,238300,
1078,ProcessorPlan,49600,
1078,CrossWorldPrepare,1000,
1078,NativeJobBarrier,200,
1078,CommitDecision,200,
1078,VoxelCommit,500,
1078,EcsCommandBufferCommit,86800,
1078,GasAndEventFinalize,31100,
1078,ReplicationProjection,204000,
1078,SnapshotHashMetrics,800,
1078,EgressPublish,18303300,
1079,IngressCapture,3900,
1079,DecodeAndCanonicalize,200,
1079,ApplyInputs,224300,
1079,ProcessorPlan,29300,
1079,CrossWorldPrepare,500,
1079,NativeJobBarrier,200,
1079,CommitDecision,200,
1079,VoxelCommit,300,
1079,EcsCommandBufferCommit,54400,
1079,GasAndEventFinalize,17800,
1079,ReplicationProjection,123000,
1079,SnapshotHashMetrics,200,
1079,EgressPublish,13874900,
1080,IngressCapture,4300,
1080,DecodeAndCanonicalize,500,
1080,ApplyInputs,184200,
1080,ProcessorPlan,35800,
1080,CrossWorldPrepare,1000,
1080,NativeJobBarrier,100,
1080,CommitDecision,300,
1080,VoxelCommit,400,
1080,EcsCommandBufferCommit,79300,
1080,GasAndEventFinalize,29000,
1080,ReplicationProjection,155300,
1080,SnapshotHashMetrics,500,
1080,EgressPublish,18468700,
1081,IngressCapture,3700,
1081,DecodeAndCanonicalize,100,
1081,ApplyInputs,438900,
1081,ProcessorPlan,34300,
1081,CrossWorldPrepare,700,
1081,NativeJobBarrier,200,
1081,CommitDecision,300,
1081,VoxelCommit,500,
1081,EcsCommandBufferCommit,75900,
1081,GasAndEventFinalize,46400,
1081,ReplicationProjection,140600,
1081,SnapshotHashMetrics,200,
1081,EgressPublish,14942100,
1082,IngressCapture,5400,
1082,DecodeAndCanonicalize,200,
1082,ApplyInputs,247200,
1082,ProcessorPlan,50700,
1082,CrossWorldPrepare,700,
1082,NativeJobBarrier,200,
1082,CommitDecision,200,
1082,VoxelCommit,600,
1082,EcsCommandBufferCommit,88200,
1082,GasAndEventFinalize,32600,
1082,ReplicationProjection,186000,
1082,SnapshotHashMetrics,300,
1082,EgressPublish,16585500,
1083,IngressCapture,4300,
1083,DecodeAndCanonicalize,200,
1083,ApplyInputs,320100,
1083,ProcessorPlan,46200,
1083,CrossWorldPrepare,600,
1083,NativeJobBarrier,200,
1083,CommitDecision,500,
1083,VoxelCommit,400,
1083,EcsCommandBufferCommit,99600,
1083,GasAndEventFinalize,38800,
1083,ReplicationProjection,196800,
1083,SnapshotHashMetrics,300,
1083,EgressPublish,17521300,
1084,IngressCapture,5300,
1084,DecodeAndCanonicalize,200,
1084,ApplyInputs,196000,
1084,ProcessorPlan,30900,
1084,CrossWorldPrepare,700,
1084,NativeJobBarrier,200,
1084,CommitDecision,200,
1084,VoxelCommit,500,
1084,EcsCommandBufferCommit,51300,
1084,GasAndEventFinalize,17700,
1084,ReplicationProjection,117300,
1084,SnapshotHashMetrics,200,
1084,EgressPublish,15083200,
1085,IngressCapture,4900,
1085,DecodeAndCanonicalize,500,
1085,ApplyInputs,188100,
1085,ProcessorPlan,34000,
1085,CrossWorldPrepare,700,
1085,NativeJobBarrier,200,
1085,CommitDecision,500,
1085,VoxelCommit,500,
1085,EcsCommandBufferCommit,65200,
1085,GasAndEventFinalize,22300,
1085,ReplicationProjection,125700,
1085,SnapshotHashMetrics,300,
1085,EgressPublish,14719700,
1086,IngressCapture,7800,
1086,DecodeAndCanonicalize,400,
1086,ApplyInputs,364000,
1086,ProcessorPlan,48500,
1086,CrossWorldPrepare,600,
1086,NativeJobBarrier,400,
1086,CommitDecision,500,
1086,VoxelCommit,500,
1086,EcsCommandBufferCommit,84900,
1086,GasAndEventFinalize,30800,
1086,ReplicationProjection,184800,
1086,SnapshotHashMetrics,700,
1086,EgressPublish,16911900,
1087,IngressCapture,3700,
1087,DecodeAndCanonicalize,300,
1087,ApplyInputs,277000,
1087,ProcessorPlan,52400,
1087,CrossWorldPrepare,700,
1087,NativeJobBarrier,300,
1087,CommitDecision,600,
1087,VoxelCommit,600,
1087,EcsCommandBufferCommit,74200,
1087,GasAndEventFinalize,30600,
1087,ReplicationProjection,200600,
1087,SnapshotHashMetrics,400,
1087,EgressPublish,18008500,
1088,IngressCapture,5300,
1088,DecodeAndCanonicalize,200,
1088,ApplyInputs,364200,
1088,ProcessorPlan,52400,
1088,CrossWorldPrepare,700,
1088,NativeJobBarrier,200,
1088,CommitDecision,600,
1088,VoxelCommit,23200,
1088,EcsCommandBufferCommit,95900,
1088,GasAndEventFinalize,30200,
1088,ReplicationProjection,173900,
1088,SnapshotHashMetrics,200,
1088,EgressPublish,19212200,
1089,IngressCapture,5500,
1089,DecodeAndCanonicalize,200,
1089,ApplyInputs,607200,
1089,ProcessorPlan,57700,
1089,CrossWorldPrepare,800,
1089,NativeJobBarrier,200,
1089,CommitDecision,700,
1089,VoxelCommit,900,
1089,EcsCommandBufferCommit,98700,
1089,GasAndEventFinalize,60300,
1089,ReplicationProjection,221900,
1089,SnapshotHashMetrics,300,
1089,EgressPublish,20302500,
1090,IngressCapture,5500,
1090,DecodeAndCanonicalize,200,
1090,ApplyInputs,212500,
1090,ProcessorPlan,51100,
1090,CrossWorldPrepare,1000,
1090,NativeJobBarrier,200,
1090,CommitDecision,300,
1090,VoxelCommit,600,
1090,EcsCommandBufferCommit,87800,
1090,GasAndEventFinalize,28300,
1090,ReplicationProjection,204800,
1090,SnapshotHashMetrics,300,
1090,EgressPublish,13720900,
1091,IngressCapture,4500,
1091,DecodeAndCanonicalize,300,
1091,ApplyInputs,291900,
1091,ProcessorPlan,43100,
1091,CrossWorldPrepare,600,
1091,NativeJobBarrier,200,
1091,CommitDecision,400,
1091,VoxelCommit,500,
1091,EcsCommandBufferCommit,69200,
1091,GasAndEventFinalize,25400,
1091,ReplicationProjection,186900,
1091,SnapshotHashMetrics,600,
1091,EgressPublish,18558400,
1092,IngressCapture,6500,
1092,DecodeAndCanonicalize,400,
1092,ApplyInputs,318600,
1092,ProcessorPlan,70600,
1092,CrossWorldPrepare,1200,
1092,NativeJobBarrier,400,
1092,CommitDecision,800,
1092,VoxelCommit,1100,
1092,EcsCommandBufferCommit,114800,
1092,GasAndEventFinalize,36300,
1092,ReplicationProjection,206500,
1092,SnapshotHashMetrics,500,
1092,EgressPublish,18733000,
1093,IngressCapture,3800,
1093,DecodeAndCanonicalize,200,
1093,ApplyInputs,199600,
1093,ProcessorPlan,31500,
1093,CrossWorldPrepare,900,
1093,NativeJobBarrier,100,
1093,CommitDecision,300,
1093,VoxelCommit,800,
1093,EcsCommandBufferCommit,60600,
1093,GasAndEventFinalize,29600,
1093,ReplicationProjection,127300,
1093,SnapshotHashMetrics,400,
1093,EgressPublish,15213600,
1094,IngressCapture,4600,
1094,DecodeAndCanonicalize,300,
1094,ApplyInputs,303100,
1094,ProcessorPlan,43200,
1094,CrossWorldPrepare,900,
1094,NativeJobBarrier,200,
1094,CommitDecision,600,
1094,VoxelCommit,400,
1094,EcsCommandBufferCommit,84900,
1094,GasAndEventFinalize,25600,
1094,ReplicationProjection,179300,
1094,SnapshotHashMetrics,300,
1094,EgressPublish,17416600,
1095,IngressCapture,5600,
1095,DecodeAndCanonicalize,400,
1095,ApplyInputs,337800,
1095,ProcessorPlan,28300,
1095,CrossWorldPrepare,400,
1095,NativeJobBarrier,200,
1095,CommitDecision,200,
1095,VoxelCommit,400,
1095,EcsCommandBufferCommit,51500,
1095,GasAndEventFinalize,14600,
1095,ReplicationProjection,118500,
1095,SnapshotHashMetrics,300,
1095,EgressPublish,15457500,
1096,IngressCapture,4200,
1096,DecodeAndCanonicalize,200,
1096,ApplyInputs,508100,
1096,ProcessorPlan,87800,
1096,CrossWorldPrepare,1400,
1096,NativeJobBarrier,200,
1096,CommitDecision,200,
1096,VoxelCommit,300,
1096,EcsCommandBufferCommit,66800,
1096,GasAndEventFinalize,45600,
1096,ReplicationProjection,195000,
1096,SnapshotHashMetrics,600,
1096,EgressPublish,17545000,
1097,IngressCapture,5400,
1097,DecodeAndCanonicalize,200,
1097,ApplyInputs,263600,
1097,ProcessorPlan,58600,
1097,CrossWorldPrepare,600,
1097,NativeJobBarrier,300,
1097,CommitDecision,100,
1097,VoxelCommit,1100,
1097,EcsCommandBufferCommit,77000,
1097,GasAndEventFinalize,21800,
1097,ReplicationProjection,171000,
1097,SnapshotHashMetrics,400,
1097,EgressPublish,18698900,
1098,IngressCapture,5100,
1098,DecodeAndCanonicalize,300,
1098,ApplyInputs,328500,
1098,ProcessorPlan,50200,
1098,CrossWorldPrepare,1700,
1098,NativeJobBarrier,400,
1098,CommitDecision,500,
1098,VoxelCommit,900,
1098,EcsCommandBufferCommit,106000,
1098,GasAndEventFinalize,36500,
1098,ReplicationProjection,225000,
1098,SnapshotHashMetrics,800,
1098,EgressPublish,19124200,
1099,IngressCapture,4700,
1099,DecodeAndCanonicalize,100,
1099,ApplyInputs,330500,
1099,ProcessorPlan,41900,
1099,CrossWorldPrepare,1000,
1099,NativeJobBarrier,200,
1099,CommitDecision,200,
1099,VoxelCommit,400,
1099,EcsCommandBufferCommit,72100,
1099,GasAndEventFinalize,27800,
1099,ReplicationProjection,176400,
1099,SnapshotHashMetrics,500,
1099,EgressPublish,19970100,
1100,IngressCapture,4500,
1100,DecodeAndCanonicalize,200,
1100,ApplyInputs,256000,
1100,ProcessorPlan,49500,
1100,CrossWorldPrepare,700,
1100,NativeJobBarrier,200,
1100,CommitDecision,400,
1100,VoxelCommit,800,
1100,EcsCommandBufferCommit,93500,
1100,GasAndEventFinalize,31200,
1100,ReplicationProjection,192400,
1100,SnapshotHashMetrics,400,
1100,EgressPublish,16651100,
1101,IngressCapture,4900,
1101,DecodeAndCanonicalize,200,
1101,ApplyInputs,303700,
1101,ProcessorPlan,43000,
1101,CrossWorldPrepare,800,
1101,NativeJobBarrier,200,
1101,CommitDecision,200,
1101,VoxelCommit,300,
1101,EcsCommandBufferCommit,85900,
1101,GasAndEventFinalize,29700,
1101,ReplicationProjection,192100,
1101,SnapshotHashMetrics,1200,
1101,EgressPublish,16453900,
1102,IngressCapture,4800,
1102,DecodeAndCanonicalize,200,
1102,ApplyInputs,259600,
1102,ProcessorPlan,51700,
1102,CrossWorldPrepare,1000,
1102,NativeJobBarrier,300,
1102,CommitDecision,400,
1102,VoxelCommit,700,
1102,EcsCommandBufferCommit,88900,
1102,GasAndEventFinalize,30000,
1102,ReplicationProjection,189000,
1102,SnapshotHashMetrics,500,
1102,EgressPublish,20104000,
1103,IngressCapture,6300,
1103,DecodeAndCanonicalize,200,
1103,ApplyInputs,511400,
1103,ProcessorPlan,41400,
1103,CrossWorldPrepare,1000,
1103,NativeJobBarrier,400,
1103,CommitDecision,700,
1103,VoxelCommit,600,
1103,EcsCommandBufferCommit,252100,
1103,GasAndEventFinalize,48200,
1103,ReplicationProjection,354800,
1103,SnapshotHashMetrics,200,
1103,EgressPublish,19157700,
1104,IngressCapture,5200,
1104,DecodeAndCanonicalize,200,
1104,ApplyInputs,721000,
1104,ProcessorPlan,125300,
1104,CrossWorldPrepare,1700,
1104,NativeJobBarrier,600,
1104,CommitDecision,200,
1104,VoxelCommit,500,
1104,EcsCommandBufferCommit,119800,
1104,GasAndEventFinalize,64200,
1104,ReplicationProjection,230000,
1104,SnapshotHashMetrics,600,
1104,EgressPublish,19226700,
1105,IngressCapture,5700,
1105,DecodeAndCanonicalize,200,
1105,ApplyInputs,262400,
1105,ProcessorPlan,35600,
1105,CrossWorldPrepare,300,
1105,NativeJobBarrier,200,
1105,CommitDecision,200,
1105,VoxelCommit,400,
1105,EcsCommandBufferCommit,82300,
1105,GasAndEventFinalize,24000,
1105,ReplicationProjection,132900,
1105,SnapshotHashMetrics,200,
1105,EgressPublish,15848800,
1106,IngressCapture,5200,
1106,DecodeAndCanonicalize,200,
1106,ApplyInputs,242900,
1106,ProcessorPlan,43400,
1106,CrossWorldPrepare,800,
1106,NativeJobBarrier,200,
1106,CommitDecision,1100,
1106,VoxelCommit,600,
1106,EcsCommandBufferCommit,104300,
1106,GasAndEventFinalize,35700,
1106,ReplicationProjection,230300,
1106,SnapshotHashMetrics,300,
1106,EgressPublish,19368800,
1107,IngressCapture,5600,
1107,DecodeAndCanonicalize,200,
1107,ApplyInputs,328800,
1107,ProcessorPlan,46400,
1107,CrossWorldPrepare,1600,
1107,NativeJobBarrier,400,
1107,CommitDecision,200,
1107,VoxelCommit,900,
1107,EcsCommandBufferCommit,77400,
1107,GasAndEventFinalize,25000,
1107,ReplicationProjection,220800,
1107,SnapshotHashMetrics,500,
1107,EgressPublish,20987200,
1108,IngressCapture,5100,
1108,DecodeAndCanonicalize,200,
1108,ApplyInputs,350700,
1108,ProcessorPlan,51100,
1108,CrossWorldPrepare,1400,
1108,NativeJobBarrier,400,
1108,CommitDecision,200,
1108,VoxelCommit,400,
1108,EcsCommandBufferCommit,92000,
1108,GasAndEventFinalize,27800,
1108,ReplicationProjection,212500,
1108,SnapshotHashMetrics,300,
1108,EgressPublish,21501300,
1109,IngressCapture,5900,
1109,DecodeAndCanonicalize,200,
1109,ApplyInputs,245500,
1109,ProcessorPlan,45400,
1109,CrossWorldPrepare,1000,
1109,NativeJobBarrier,400,
1109,CommitDecision,600,
1109,VoxelCommit,500,
1109,EcsCommandBufferCommit,92400,
1109,GasAndEventFinalize,30300,
1109,ReplicationProjection,189200,
1109,SnapshotHashMetrics,2200,
1109,EgressPublish,17939600,
1110,IngressCapture,15300,
1110,DecodeAndCanonicalize,400,
1110,ApplyInputs,285500,
1110,ProcessorPlan,48600,
1110,CrossWorldPrepare,900,
1110,NativeJobBarrier,200,
1110,CommitDecision,200,
1110,VoxelCommit,300,
1110,EcsCommandBufferCommit,95000,
1110,GasAndEventFinalize,28300,
1110,ReplicationProjection,200000,
1110,SnapshotHashMetrics,400,
1110,EgressPublish,19179500,
1111,IngressCapture,8200,
1111,DecodeAndCanonicalize,200,
1111,ApplyInputs,339900,
1111,ProcessorPlan,52900,
1111,CrossWorldPrepare,1100,
1111,NativeJobBarrier,200,
1111,CommitDecision,400,
1111,VoxelCommit,400,
1111,EcsCommandBufferCommit,119100,
1111,GasAndEventFinalize,33700,
1111,ReplicationProjection,187900,
1111,SnapshotHashMetrics,400,
1111,EgressPublish,17646900,
1112,IngressCapture,4400,
1112,DecodeAndCanonicalize,300,
1112,ApplyInputs,469100,
1112,ProcessorPlan,39300,
1112,CrossWorldPrepare,900,
1112,NativeJobBarrier,200,
1112,CommitDecision,200,
1112,VoxelCommit,1300,
1112,EcsCommandBufferCommit,69200,
1112,GasAndEventFinalize,36300,
1112,ReplicationProjection,156600,
1112,SnapshotHashMetrics,500,
1112,EgressPublish,14783100,
1113,IngressCapture,5100,
1113,DecodeAndCanonicalize,200,
1113,ApplyInputs,347400,
1113,ProcessorPlan,67400,
1113,CrossWorldPrepare,1900,
1113,NativeJobBarrier,200,
1113,CommitDecision,300,
1113,VoxelCommit,800,
1113,EcsCommandBufferCommit,102900,
1113,GasAndEventFinalize,27500,
1113,ReplicationProjection,167400,
1113,SnapshotHashMetrics,200,
1113,EgressPublish,15721100,
1114,IngressCapture,5700,
1114,DecodeAndCanonicalize,200,
1114,ApplyInputs,291200,
1114,ProcessorPlan,45300,
1114,CrossWorldPrepare,1100,
1114,NativeJobBarrier,100,
1114,CommitDecision,200,
1114,VoxelCommit,200,
1114,EcsCommandBufferCommit,77400,
1114,GasAndEventFinalize,28800,
1114,ReplicationProjection,193100,
1114,SnapshotHashMetrics,400,
1114,EgressPublish,15999900,
1115,IngressCapture,6100,
1115,DecodeAndCanonicalize,200,
1115,ApplyInputs,220000,
1115,ProcessorPlan,44500,
1115,CrossWorldPrepare,700,
1115,NativeJobBarrier,100,
1115,CommitDecision,200,
1115,VoxelCommit,700,
1115,EcsCommandBufferCommit,83700,
1115,GasAndEventFinalize,28000,
1115,ReplicationProjection,194100,
1115,SnapshotHashMetrics,900,
1115,EgressPublish,16361800,
1116,IngressCapture,4900,
1116,DecodeAndCanonicalize,700,
1116,ApplyInputs,313400,
1116,ProcessorPlan,42800,
1116,CrossWorldPrepare,400,
1116,NativeJobBarrier,200,
1116,CommitDecision,400,
1116,VoxelCommit,200,
1116,EcsCommandBufferCommit,68700,
1116,GasAndEventFinalize,25100,
1116,ReplicationProjection,185000,
1116,SnapshotHashMetrics,400,
1116,EgressPublish,18435000,
1117,IngressCapture,6900,
1117,DecodeAndCanonicalize,300,
1117,ApplyInputs,291700,
1117,ProcessorPlan,50100,
1117,CrossWorldPrepare,1100,
1117,NativeJobBarrier,300,
1117,CommitDecision,300,
1117,VoxelCommit,1400,
1117,EcsCommandBufferCommit,100400,
1117,GasAndEventFinalize,27800,
1117,ReplicationProjection,213400,
1117,SnapshotHashMetrics,700,
1117,EgressPublish,16479600,
1118,IngressCapture,4500,
1118,DecodeAndCanonicalize,100,
1118,ApplyInputs,245300,
1118,ProcessorPlan,40100,
1118,CrossWorldPrepare,800,
1118,NativeJobBarrier,200,
1118,CommitDecision,800,
1118,VoxelCommit,600,
1118,EcsCommandBufferCommit,105400,
1118,GasAndEventFinalize,33800,
1118,ReplicationProjection,217000,
1118,SnapshotHashMetrics,900,
1118,EgressPublish,18628600,
1119,IngressCapture,5000,
1119,DecodeAndCanonicalize,200,
1119,ApplyInputs,275400,
1119,ProcessorPlan,47400,
1119,CrossWorldPrepare,1000,
1119,NativeJobBarrier,200,
1119,CommitDecision,300,
1119,VoxelCommit,400,
1119,EcsCommandBufferCommit,86900,
1119,GasAndEventFinalize,26200,
1119,ReplicationProjection,138700,
1119,SnapshotHashMetrics,300,
1119,EgressPublish,13036700,
1120,IngressCapture,6000,
1120,DecodeAndCanonicalize,300,
1120,ApplyInputs,464500,
1120,ProcessorPlan,108500,
1120,CrossWorldPrepare,1100,
1120,NativeJobBarrier,200,
1120,CommitDecision,200,
1120,VoxelCommit,400,
1120,EcsCommandBufferCommit,75100,
1120,GasAndEventFinalize,55700,
1120,ReplicationProjection,220500,
1120,SnapshotHashMetrics,300,
1120,EgressPublish,17010000,
1121,IngressCapture,5000,
1121,DecodeAndCanonicalize,100,
1121,ApplyInputs,242800,
1121,ProcessorPlan,33500,
1121,CrossWorldPrepare,1400,
1121,NativeJobBarrier,300,
1121,CommitDecision,100,
1121,VoxelCommit,400,
1121,EcsCommandBufferCommit,63900,
1121,GasAndEventFinalize,20200,
1121,ReplicationProjection,122000,
1121,SnapshotHashMetrics,200,
1121,EgressPublish,12812700,
1122,IngressCapture,5200,
1122,DecodeAndCanonicalize,200,
1122,ApplyInputs,173600,
1122,ProcessorPlan,31600,
1122,CrossWorldPrepare,400,
1122,NativeJobBarrier,200,
1122,CommitDecision,400,
1122,VoxelCommit,100,
1122,EcsCommandBufferCommit,60900,
1122,GasAndEventFinalize,21100,
1122,ReplicationProjection,143800,
1122,SnapshotHashMetrics,200,
1122,EgressPublish,11433400,
1123,IngressCapture,5300,
1123,DecodeAndCanonicalize,200,
1123,ApplyInputs,258100,
1123,ProcessorPlan,45600,
1123,CrossWorldPrepare,1500,
1123,NativeJobBarrier,400,
1123,CommitDecision,600,
1123,VoxelCommit,700,
1123,EcsCommandBufferCommit,67500,
1123,GasAndEventFinalize,21200,
1123,ReplicationProjection,135400,
1123,SnapshotHashMetrics,300,
1123,EgressPublish,12736500,
1124,IngressCapture,3500,
1124,DecodeAndCanonicalize,200,
1124,ApplyInputs,220000,
1124,ProcessorPlan,28200,
1124,CrossWorldPrepare,400,
1124,NativeJobBarrier,200,
1124,CommitDecision,300,
1124,VoxelCommit,500,
1124,EcsCommandBufferCommit,51300,
1124,GasAndEventFinalize,19300,
1124,ReplicationProjection,122900,
1124,SnapshotHashMetrics,200,
1124,EgressPublish,12915300,
1125,IngressCapture,4900,
1125,DecodeAndCanonicalize,200,
1125,ApplyInputs,253100,
1125,ProcessorPlan,53000,
1125,CrossWorldPrepare,1000,
1125,NativeJobBarrier,200,
1125,CommitDecision,400,
1125,VoxelCommit,1100,
1125,EcsCommandBufferCommit,80500,
1125,GasAndEventFinalize,22200,
1125,ReplicationProjection,211100,
1125,SnapshotHashMetrics,600,
1125,EgressPublish,17132300,
1126,IngressCapture,4900,
1126,DecodeAndCanonicalize,200,
1126,ApplyInputs,279800,
1126,ProcessorPlan,41800,
1126,CrossWorldPrepare,500,
1126,NativeJobBarrier,500,
1126,CommitDecision,200,
1126,VoxelCommit,500,
1126,EcsCommandBufferCommit,73300,
1126,GasAndEventFinalize,20800,
1126,ReplicationProjection,173800,
1126,SnapshotHashMetrics,300,
1126,EgressPublish,15462000,
1127,IngressCapture,4300,
1127,DecodeAndCanonicalize,100,
1127,ApplyInputs,197900,
1127,ProcessorPlan,31900,
1127,CrossWorldPrepare,700,
1127,NativeJobBarrier,200,
1127,CommitDecision,300,
1127,VoxelCommit,300,
1127,EcsCommandBufferCommit,59900,
1127,GasAndEventFinalize,16900,
1127,ReplicationProjection,119900,
1127,SnapshotHashMetrics,1700,
1127,EgressPublish,11906700,
1128,IngressCapture,4600,
1128,DecodeAndCanonicalize,300,
1128,ApplyInputs,541600,
1128,ProcessorPlan,76900,
1128,CrossWorldPrepare,700,
1128,NativeJobBarrier,400,
1128,CommitDecision,200,
1128,VoxelCommit,400,
1128,EcsCommandBufferCommit,59100,
1128,GasAndEventFinalize,34500,
1128,ReplicationProjection,186800,
1128,SnapshotHashMetrics,500,
1128,EgressPublish,13805200,
1129,IngressCapture,3500,
1129,DecodeAndCanonicalize,100,
1129,ApplyInputs,162100,
1129,ProcessorPlan,27100,
1129,CrossWorldPrepare,400,
1129,NativeJobBarrier,200,
1129,CommitDecision,400,
1129,VoxelCommit,400,
1129,EcsCommandBufferCommit,45800,
1129,GasAndEventFinalize,16500,
1129,ReplicationProjection,121900,
1129,SnapshotHashMetrics,100,
1129,EgressPublish,10006200,
1130,IngressCapture,4200,
1130,DecodeAndCanonicalize,200,
1130,ApplyInputs,160500,
1130,ProcessorPlan,28600,
1130,CrossWorldPrepare,400,
1130,NativeJobBarrier,100,
1130,CommitDecision,100,
1130,VoxelCommit,300,
1130,EcsCommandBufferCommit,48900,
1130,GasAndEventFinalize,15300,
1130,ReplicationProjection,116800,
1130,SnapshotHashMetrics,300,
1130,EgressPublish,9433700,
1131,IngressCapture,5900,
1131,DecodeAndCanonicalize,100,
1131,ApplyInputs,260200,
1131,ProcessorPlan,85300,
1131,CrossWorldPrepare,1400,
1131,NativeJobBarrier,400,
1131,CommitDecision,200,
1131,VoxelCommit,900,
1131,EcsCommandBufferCommit,72800,
1131,GasAndEventFinalize,22100,
1131,ReplicationProjection,130300,
1131,SnapshotHashMetrics,200,
1131,EgressPublish,9987600,
1132,IngressCapture,4100,
1132,DecodeAndCanonicalize,100,
1132,ApplyInputs,165200,
1132,ProcessorPlan,27400,
1132,CrossWorldPrepare,500,
1132,NativeJobBarrier,100,
1132,CommitDecision,200,
1132,VoxelCommit,200,
1132,EcsCommandBufferCommit,49500,
1132,GasAndEventFinalize,16300,
1132,ReplicationProjection,122800,
1132,SnapshotHashMetrics,600,
1132,EgressPublish,9924000,
1133,IngressCapture,3900,
1133,DecodeAndCanonicalize,300,
1133,ApplyInputs,169700,
1133,ProcessorPlan,28400,
1133,CrossWorldPrepare,500,
1133,NativeJobBarrier,100,
1133,CommitDecision,100,
1133,VoxelCommit,300,
1133,EcsCommandBufferCommit,49000,
1133,GasAndEventFinalize,18500,
1133,ReplicationProjection,120800,
1133,SnapshotHashMetrics,100,
1133,EgressPublish,9660300,
1134,IngressCapture,5900,
1134,DecodeAndCanonicalize,200,
1134,ApplyInputs,333300,
1134,ProcessorPlan,39700,
1134,CrossWorldPrepare,1100,
1134,NativeJobBarrier,200,
1134,CommitDecision,500,
1134,VoxelCommit,500,
1134,EcsCommandBufferCommit,214200,
1134,GasAndEventFinalize,45100,
1134,ReplicationProjection,390400,
1134,SnapshotHashMetrics,700,
1134,EgressPublish,11764600,
1135,IngressCapture,4000,
1135,DecodeAndCanonicalize,200,
1135,ApplyInputs,191600,
1135,ProcessorPlan,30800,
1135,CrossWorldPrepare,700,
1135,NativeJobBarrier,200,
1135,CommitDecision,200,
1135,VoxelCommit,400,
1135,EcsCommandBufferCommit,59900,
1135,GasAndEventFinalize,17000,
1135,ReplicationProjection,151500,
1135,SnapshotHashMetrics,300,
1135,EgressPublish,12089000,
1136,IngressCapture,2900,
1136,DecodeAndCanonicalize,100,
1136,ApplyInputs,359100,
1136,ProcessorPlan,65300,
1136,CrossWorldPrepare,700,
1136,NativeJobBarrier,200,
1136,CommitDecision,200,
1136,VoxelCommit,500,
1136,EcsCommandBufferCommit,46200,
1136,GasAndEventFinalize,30100,
1136,ReplicationProjection,128700,
1136,SnapshotHashMetrics,200,
1136,EgressPublish,11219700,
1137,IngressCapture,3200,
1137,DecodeAndCanonicalize,100,
1137,ApplyInputs,161300,
1137,ProcessorPlan,26600,
1137,CrossWorldPrepare,300,
1137,NativeJobBarrier,100,
1137,CommitDecision,100,
1137,VoxelCommit,200,
1137,EcsCommandBufferCommit,44200,
1137,GasAndEventFinalize,14100,
1137,ReplicationProjection,119600,
1137,SnapshotHashMetrics,100,
1137,EgressPublish,10240700,
1138,IngressCapture,3200,
1138,DecodeAndCanonicalize,100,
1138,ApplyInputs,163400,
1138,ProcessorPlan,27700,
1138,CrossWorldPrepare,700,
1138,NativeJobBarrier,100,
1138,CommitDecision,300,
1138,VoxelCommit,300,
1138,EcsCommandBufferCommit,46500,
1138,GasAndEventFinalize,15900,
1138,ReplicationProjection,134700,
1138,SnapshotHashMetrics,200,
1138,EgressPublish,10582900,
1139,IngressCapture,4600,
1139,DecodeAndCanonicalize,200,
1139,ApplyInputs,158100,
1139,ProcessorPlan,32000,
1139,CrossWorldPrepare,500,
1139,NativeJobBarrier,200,
1139,CommitDecision,300,
1139,VoxelCommit,200,
1139,EcsCommandBufferCommit,63400,
1139,GasAndEventFinalize,23500,
1139,ReplicationProjection,136500,
1139,SnapshotHashMetrics,200,
1139,EgressPublish,9826600,
1140,IngressCapture,4500,
1140,DecodeAndCanonicalize,100,
1140,ApplyInputs,196600,
1140,ProcessorPlan,28100,
1140,CrossWorldPrepare,600,
1140,NativeJobBarrier,100,
1140,CommitDecision,100,
1140,VoxelCommit,300,
1140,EcsCommandBufferCommit,51500,
1140,GasAndEventFinalize,17400,
1140,ReplicationProjection,116000,
1140,SnapshotHashMetrics,100,
1140,EgressPublish,8787600,
1141,IngressCapture,8300,
1141,DecodeAndCanonicalize,400,
1141,ApplyInputs,152000,
1141,ProcessorPlan,27500,
1141,CrossWorldPrepare,400,
1141,NativeJobBarrier,200,
1141,CommitDecision,200,
1141,VoxelCommit,1300,
1141,EcsCommandBufferCommit,50100,
1141,GasAndEventFinalize,15400,
1141,ReplicationProjection,120000,
1141,SnapshotHashMetrics,300,
1141,EgressPublish,10114400,
1142,IngressCapture,4500,
1142,DecodeAndCanonicalize,500,
1142,ApplyInputs,221200,
1142,ProcessorPlan,29400,
1142,CrossWorldPrepare,500,
1142,NativeJobBarrier,200,
1142,CommitDecision,1200,
1142,VoxelCommit,300,
1142,EcsCommandBufferCommit,59000,
1142,GasAndEventFinalize,18400,
1142,ReplicationProjection,123600,
1142,SnapshotHashMetrics,200,
1142,EgressPublish,10019500,
1143,IngressCapture,3400,
1143,DecodeAndCanonicalize,200,
1143,ApplyInputs,163400,
1143,ProcessorPlan,29600,
1143,CrossWorldPrepare,700,
1143,NativeJobBarrier,100,
1143,CommitDecision,200,
1143,VoxelCommit,500,
1143,EcsCommandBufferCommit,50200,
1143,GasAndEventFinalize,16300,
1143,ReplicationProjection,136600,
1143,SnapshotHashMetrics,200,
1143,EgressPublish,11024800,
1144,IngressCapture,3300,
1144,DecodeAndCanonicalize,200,
1144,ApplyInputs,270400,
1144,ProcessorPlan,72100,
1144,CrossWorldPrepare,1000,
1144,NativeJobBarrier,200,
1144,CommitDecision,400,
1144,VoxelCommit,500,
1144,EcsCommandBufferCommit,60000,
1144,GasAndEventFinalize,32100,
1144,ReplicationProjection,131200,
1144,SnapshotHashMetrics,200,
1144,EgressPublish,10395100,
1145,IngressCapture,3900,
1145,DecodeAndCanonicalize,300,
1145,ApplyInputs,254000,
1145,ProcessorPlan,43700,
1145,CrossWorldPrepare,500,
1145,NativeJobBarrier,300,
1145,CommitDecision,400,
1145,VoxelCommit,400,
1145,EcsCommandBufferCommit,65200,
1145,GasAndEventFinalize,23000,
1145,ReplicationProjection,212200,
1145,SnapshotHashMetrics,500,
1145,EgressPublish,13557800,
1146,IngressCapture,3200,
1146,DecodeAndCanonicalize,100,
1146,ApplyInputs,178400,
1146,ProcessorPlan,28100,
1146,CrossWorldPrepare,600,
1146,NativeJobBarrier,100,
1146,CommitDecision,100,
1146,VoxelCommit,400,
1146,EcsCommandBufferCommit,48800,
1146,GasAndEventFinalize,16000,
1146,ReplicationProjection,129500,
1146,SnapshotHashMetrics,200,
1146,EgressPublish,10333300,
1147,IngressCapture,3200,
1147,DecodeAndCanonicalize,200,
1147,ApplyInputs,166300,
1147,ProcessorPlan,25500,
1147,CrossWorldPrepare,300,
1147,NativeJobBarrier,200,
1147,CommitDecision,200,
1147,VoxelCommit,400,
1147,EcsCommandBufferCommit,40700,
1147,GasAndEventFinalize,14100,
1147,ReplicationProjection,119300,
1147,SnapshotHashMetrics,200,
1147,EgressPublish,10779700,
1148,IngressCapture,4100,
1148,DecodeAndCanonicalize,100,
1148,ApplyInputs,184500,
1148,ProcessorPlan,31600,
1148,CrossWorldPrepare,600,
1148,NativeJobBarrier,300,
1148,CommitDecision,100,
1148,VoxelCommit,300,
1148,EcsCommandBufferCommit,57500,
1148,GasAndEventFinalize,16700,
1148,ReplicationProjection,134700,
1148,SnapshotHashMetrics,400,
1148,EgressPublish,10193400,
1149,IngressCapture,3000,
1149,DecodeAndCanonicalize,100,
1149,ApplyInputs,173600,
1149,ProcessorPlan,28400,
1149,CrossWorldPrepare,800,
1149,NativeJobBarrier,200,
1149,CommitDecision,100,
1149,VoxelCommit,300,
1149,EcsCommandBufferCommit,46500,
1149,GasAndEventFinalize,18200,
1149,ReplicationProjection,122500,
1149,SnapshotHashMetrics,200,
1149,EgressPublish,10196800,
1150,IngressCapture,3600,
1150,DecodeAndCanonicalize,100,
1150,ApplyInputs,201400,
1150,ProcessorPlan,40500,
1150,CrossWorldPrepare,800,
1150,NativeJobBarrier,200,
1150,CommitDecision,400,
1150,VoxelCommit,1100,
1150,EcsCommandBufferCommit,74900,
1150,GasAndEventFinalize,23400,
1150,ReplicationProjection,131100,
1150,SnapshotHashMetrics,400,
1150,EgressPublish,10442400,
1151,IngressCapture,3000,
1151,DecodeAndCanonicalize,300,
1151,ApplyInputs,178400,
1151,ProcessorPlan,28000,
1151,CrossWorldPrepare,600,
1151,NativeJobBarrier,100,
1151,CommitDecision,200,
1151,VoxelCommit,300,
1151,EcsCommandBufferCommit,49900,
1151,GasAndEventFinalize,17300,
1151,ReplicationProjection,125500,
1151,SnapshotHashMetrics,200,
1151,EgressPublish,9918900,
1152,IngressCapture,4300,
1152,DecodeAndCanonicalize,200,
1152,ApplyInputs,530000,
1152,ProcessorPlan,37900,
1152,CrossWorldPrepare,700,
1152,NativeJobBarrier,100,
1152,CommitDecision,500,
1152,VoxelCommit,3300,
1152,EcsCommandBufferCommit,155800,
1152,GasAndEventFinalize,43000,
1152,ReplicationProjection,624100,
1152,SnapshotHashMetrics,400,
1152,EgressPublish,13587600,
1153,IngressCapture,16100,
1153,DecodeAndCanonicalize,300,
1153,ApplyInputs,268600,
1153,ProcessorPlan,46900,
1153,CrossWorldPrepare,1000,
1153,NativeJobBarrier,100,
1153,CommitDecision,400,
1153,VoxelCommit,700,
1153,EcsCommandBufferCommit,98400,
1153,GasAndEventFinalize,28300,
1153,ReplicationProjection,158200,
1153,SnapshotHashMetrics,300,
1153,EgressPublish,15840500,
1154,IngressCapture,4100,
1154,DecodeAndCanonicalize,200,
1154,ApplyInputs,232700,
1154,ProcessorPlan,32600,
1154,CrossWorldPrepare,800,
1154,NativeJobBarrier,500,
1154,CommitDecision,100,
1154,VoxelCommit,300,
1154,EcsCommandBufferCommit,80700,
1154,GasAndEventFinalize,19100,
1154,ReplicationProjection,145700,
1154,SnapshotHashMetrics,400,
1154,EgressPublish,15236000,
1155,IngressCapture,4900,
1155,DecodeAndCanonicalize,300,
1155,ApplyInputs,295900,
1155,ProcessorPlan,47800,
1155,CrossWorldPrepare,800,
1155,NativeJobBarrier,300,
1155,CommitDecision,300,
1155,VoxelCommit,400,
1155,EcsCommandBufferCommit,90400,
1155,GasAndEventFinalize,31500,
1155,ReplicationProjection,238900,
1155,SnapshotHashMetrics,400,
1155,EgressPublish,15383100,
1156,IngressCapture,5100,
1156,DecodeAndCanonicalize,400,
1156,ApplyInputs,269500,
1156,ProcessorPlan,35300,
1156,CrossWorldPrepare,700,
1156,NativeJobBarrier,300,
1156,CommitDecision,400,
1156,VoxelCommit,200,
1156,EcsCommandBufferCommit,80300,
1156,GasAndEventFinalize,26300,
1156,ReplicationProjection,154700,
1156,SnapshotHashMetrics,200,
1156,EgressPublish,15888100,
1157,IngressCapture,4200,
1157,DecodeAndCanonicalize,200,
1157,ApplyInputs,236800,
1157,ProcessorPlan,38500,
1157,CrossWorldPrepare,700,
1157,NativeJobBarrier,200,
1157,CommitDecision,300,
1157,VoxelCommit,200,
1157,EcsCommandBufferCommit,71800,
1157,GasAndEventFinalize,20200,
1157,ReplicationProjection,148300,
1157,SnapshotHashMetrics,200,
1157,EgressPublish,13761500,
1158,IngressCapture,5900,
1158,DecodeAndCanonicalize,200,
1158,ApplyInputs,394300,
1158,ProcessorPlan,49000,
1158,CrossWorldPrepare,800,
1158,NativeJobBarrier,200,
1158,CommitDecision,200,
1158,VoxelCommit,500,
1158,EcsCommandBufferCommit,116800,
1158,GasAndEventFinalize,37500,
1158,ReplicationProjection,276600,
1158,SnapshotHashMetrics,900,
1158,EgressPublish,17433600,
1159,IngressCapture,6900,
1159,DecodeAndCanonicalize,200,
1159,ApplyInputs,1072600,
1159,ProcessorPlan,145300,
1159,CrossWorldPrepare,1600,
1159,NativeJobBarrier,800,
1159,CommitDecision,200,
1159,VoxelCommit,400,
1159,EcsCommandBufferCommit,133800,
1159,GasAndEventFinalize,66000,
1159,ReplicationProjection,246400,
1159,SnapshotHashMetrics,300,
1159,EgressPublish,19970300,
1160,IngressCapture,5400,
1160,DecodeAndCanonicalize,300,
1160,ApplyInputs,256000,
1160,ProcessorPlan,48600,
1160,CrossWorldPrepare,600,
1160,NativeJobBarrier,300,
1160,CommitDecision,400,
1160,VoxelCommit,400,
1160,EcsCommandBufferCommit,85100,
1160,GasAndEventFinalize,28800,
1160,ReplicationProjection,202200,
1160,SnapshotHashMetrics,400,
1160,EgressPublish,18020800,
1161,IngressCapture,4800,
1161,DecodeAndCanonicalize,200,
1161,ApplyInputs,316800,
1161,ProcessorPlan,48700,
1161,CrossWorldPrepare,900,
1161,NativeJobBarrier,200,
1161,CommitDecision,500,
1161,VoxelCommit,700,
1161,EcsCommandBufferCommit,84600,
1161,GasAndEventFinalize,31200,
1161,ReplicationProjection,207400,
1161,SnapshotHashMetrics,500,
1161,EgressPublish,16263800,
1162,IngressCapture,4200,
1162,DecodeAndCanonicalize,200,
1162,ApplyInputs,339700,
1162,ProcessorPlan,56200,
1162,CrossWorldPrepare,2300,
1162,NativeJobBarrier,300,
1162,CommitDecision,300,
1162,VoxelCommit,600,
1162,EcsCommandBufferCommit,928500,
1162,GasAndEventFinalize,94300,
1162,ReplicationProjection,655800,
1162,SnapshotHashMetrics,600,
1162,EgressPublish,20387900,
1163,IngressCapture,14700,
1163,DecodeAndCanonicalize,200,
1163,ApplyInputs,383100,
1163,ProcessorPlan,53400,
1163,CrossWorldPrepare,1200,
1163,NativeJobBarrier,400,
1163,CommitDecision,400,
1163,VoxelCommit,900,
1163,EcsCommandBufferCommit,101400,
1163,GasAndEventFinalize,30700,
1163,ReplicationProjection,253300,
1163,SnapshotHashMetrics,1000,
1163,EgressPublish,21967200,
1164,IngressCapture,5000,
1164,DecodeAndCanonicalize,300,
1164,ApplyInputs,225600,
1164,ProcessorPlan,32300,
1164,CrossWorldPrepare,1000,
1164,NativeJobBarrier,200,
1164,CommitDecision,200,
1164,VoxelCommit,200,
1164,EcsCommandBufferCommit,67700,
1164,GasAndEventFinalize,34500,
1164,ReplicationProjection,144300,
1164,SnapshotHashMetrics,200,
1164,EgressPublish,17290800,
1165,IngressCapture,5700,
1165,DecodeAndCanonicalize,300,
1165,ApplyInputs,255800,
1165,ProcessorPlan,37000,
1165,CrossWorldPrepare,700,
1165,NativeJobBarrier,700,
1165,CommitDecision,500,
1165,VoxelCommit,300,
1165,EcsCommandBufferCommit,78100,
1165,GasAndEventFinalize,25500,
1165,ReplicationProjection,146300,
1165,SnapshotHashMetrics,100,
1165,EgressPublish,15941400,
1166,IngressCapture,4600,
1166,DecodeAndCanonicalize,300,
1166,ApplyInputs,238300,
1166,ProcessorPlan,49300,
1166,CrossWorldPrepare,800,
1166,NativeJobBarrier,200,
1166,CommitDecision,300,
1166,VoxelCommit,600,
1166,EcsCommandBufferCommit,90000,
1166,GasAndEventFinalize,30300,
1166,ReplicationProjection,239900,
1166,SnapshotHashMetrics,700,
1166,EgressPublish,16957600,
1167,IngressCapture,4800,
1167,DecodeAndCanonicalize,200,
1167,ApplyInputs,517100,
1167,ProcessorPlan,61400,
1167,CrossWorldPrepare,900,
1167,NativeJobBarrier,400,
1167,CommitDecision,400,
1167,VoxelCommit,600,
1167,EcsCommandBufferCommit,74100,
1167,GasAndEventFinalize,45000,
1167,ReplicationProjection,168900,
1167,SnapshotHashMetrics,500,
1167,EgressPublish,17221200,
1168,IngressCapture,5000,
1168,DecodeAndCanonicalize,500,
1168,ApplyInputs,334700,
1168,ProcessorPlan,51900,
1168,CrossWorldPrepare,1100,
1168,NativeJobBarrier,400,
1168,CommitDecision,700,
1168,VoxelCommit,1700,
1168,EcsCommandBufferCommit,123900,
1168,GasAndEventFinalize,42100,
1168,ReplicationProjection,278000,
1168,SnapshotHashMetrics,700,
1168,EgressPublish,19614500,
1169,IngressCapture,6400,
1169,DecodeAndCanonicalize,200,
1169,ApplyInputs,245700,
1169,ProcessorPlan,41700,
1169,CrossWorldPrepare,800,
1169,NativeJobBarrier,500,
1169,CommitDecision,500,
1169,VoxelCommit,900,
1169,EcsCommandBufferCommit,88200,
1169,GasAndEventFinalize,24300,
1169,ReplicationProjection,207800,
1169,SnapshotHashMetrics,200,
1169,EgressPublish,17840400,
1170,IngressCapture,5500,
1170,DecodeAndCanonicalize,200,
1170,ApplyInputs,378100,
1170,ProcessorPlan,52800,
1170,CrossWorldPrepare,700,
1170,NativeJobBarrier,200,
1170,CommitDecision,400,
1170,VoxelCommit,400,
1170,EcsCommandBufferCommit,98700,
1170,GasAndEventFinalize,28000,
1170,ReplicationProjection,227100,
1170,SnapshotHashMetrics,200,
1170,EgressPublish,20480500,
1171,IngressCapture,5000,
1171,DecodeAndCanonicalize,200,
1171,ApplyInputs,229500,
1171,ProcessorPlan,40700,
1171,CrossWorldPrepare,800,
1171,NativeJobBarrier,200,
1171,CommitDecision,200,
1171,VoxelCommit,400,
1171,EcsCommandBufferCommit,84800,
1171,GasAndEventFinalize,27000,
1171,ReplicationProjection,208000,
1171,SnapshotHashMetrics,300,
1171,EgressPublish,20564400,
1172,IngressCapture,3700,
1172,DecodeAndCanonicalize,200,
1172,ApplyInputs,277000,
1172,ProcessorPlan,35400,
1172,CrossWorldPrepare,1400,
1172,NativeJobBarrier,300,
1172,CommitDecision,300,
1172,VoxelCommit,600,
1172,EcsCommandBufferCommit,108300,
1172,GasAndEventFinalize,35500,
1172,ReplicationProjection,159400,
1172,SnapshotHashMetrics,400,
1172,EgressPublish,19977300,
1173,IngressCapture,7500,
1173,DecodeAndCanonicalize,200,
1173,ApplyInputs,391500,
1173,ProcessorPlan,49600,
1173,CrossWorldPrepare,1000,
1173,NativeJobBarrier,400,
1173,CommitDecision,700,
1173,VoxelCommit,800,
1173,EcsCommandBufferCommit,109700,
1173,GasAndEventFinalize,36600,
1173,ReplicationProjection,216600,
1173,SnapshotHashMetrics,700,
1173,EgressPublish,20864200,
1174,IngressCapture,4600,
1174,DecodeAndCanonicalize,200,
1174,ApplyInputs,282100,
1174,ProcessorPlan,43300,
1174,CrossWorldPrepare,1000,
1174,NativeJobBarrier,200,
1174,CommitDecision,200,
1174,VoxelCommit,1100,
1174,EcsCommandBufferCommit,88200,
1174,GasAndEventFinalize,28200,
1174,ReplicationProjection,206900,
1174,SnapshotHashMetrics,300,
1174,EgressPublish,19506300,
1175,IngressCapture,7200,
1175,DecodeAndCanonicalize,200,
1175,ApplyInputs,452200,
1175,ProcessorPlan,145300,
1175,CrossWorldPrepare,1100,
1175,NativeJobBarrier,400,
1175,CommitDecision,600,
1175,VoxelCommit,1000,
1175,EcsCommandBufferCommit,160600,
1175,GasAndEventFinalize,82200,
1175,ReplicationProjection,251400,
1175,SnapshotHashMetrics,600,
1175,EgressPublish,20076100,
1176,IngressCapture,4200,
1176,DecodeAndCanonicalize,100,
1176,ApplyInputs,212700,
1176,ProcessorPlan,33600,
1176,CrossWorldPrepare,900,
1176,NativeJobBarrier,200,
1176,CommitDecision,300,
1176,VoxelCommit,300,
1176,EcsCommandBufferCommit,68900,
1176,GasAndEventFinalize,22400,
1176,ReplicationProjection,143200,
1176,SnapshotHashMetrics,200,
1176,EgressPublish,18519200,
1177,IngressCapture,5100,
1177,DecodeAndCanonicalize,200,
1177,ApplyInputs,300800,
1177,ProcessorPlan,64700,
1177,CrossWorldPrepare,1100,
1177,NativeJobBarrier,200,
1177,CommitDecision,200,
1177,VoxelCommit,800,
1177,EcsCommandBufferCommit,123300,
1177,GasAndEventFinalize,39400,
1177,ReplicationProjection,231500,
1177,SnapshotHashMetrics,600,
1177,EgressPublish,19685300,
1178,IngressCapture,5300,
1178,DecodeAndCanonicalize,600,
1178,ApplyInputs,328700,
1178,ProcessorPlan,50100,
1178,CrossWorldPrepare,800,
1178,NativeJobBarrier,300,
1178,CommitDecision,200,
1178,VoxelCommit,800,
1178,EcsCommandBufferCommit,110100,
1178,GasAndEventFinalize,34900,
1178,ReplicationProjection,207400,
1178,SnapshotHashMetrics,700,
1178,EgressPublish,18101900,
1179,IngressCapture,5800,
1179,DecodeAndCanonicalize,500,
1179,ApplyInputs,351600,
1179,ProcessorPlan,50900,
1179,CrossWorldPrepare,500,
1179,NativeJobBarrier,500,
1179,CommitDecision,300,
1179,VoxelCommit,1100,
1179,EcsCommandBufferCommit,105300,
1179,GasAndEventFinalize,33400,
1179,ReplicationProjection,198300,
1179,SnapshotHashMetrics,500,
1179,EgressPublish,18217900,
1180,IngressCapture,5400,
1180,DecodeAndCanonicalize,200,
1180,ApplyInputs,280600,
1180,ProcessorPlan,54300,
1180,CrossWorldPrepare,1500,
1180,NativeJobBarrier,200,
1180,CommitDecision,700,
1180,VoxelCommit,900,
1180,EcsCommandBufferCommit,115200,
1180,GasAndEventFinalize,34200,
1180,ReplicationProjection,239000,
1180,SnapshotHashMetrics,500,
1180,EgressPublish,15507900,
1181,IngressCapture,5700,
1181,DecodeAndCanonicalize,300,
1181,ApplyInputs,361500,
1181,ProcessorPlan,51000,
1181,CrossWorldPrepare,2800,
1181,NativeJobBarrier,200,
1181,CommitDecision,600,
1181,VoxelCommit,600,
1181,EcsCommandBufferCommit,107400,
1181,GasAndEventFinalize,33700,
1181,ReplicationProjection,281700,
1181,SnapshotHashMetrics,900,
1181,EgressPublish,13725200,
1182,IngressCapture,4100,
1182,DecodeAndCanonicalize,100,
1182,ApplyInputs,185900,
1182,ProcessorPlan,30600,
1182,CrossWorldPrepare,800,
1182,NativeJobBarrier,100,
1182,CommitDecision,200,
1182,VoxelCommit,400,
1182,EcsCommandBufferCommit,67400,
1182,GasAndEventFinalize,21000,
1182,ReplicationProjection,133200,
1182,SnapshotHashMetrics,300,
1182,EgressPublish,12911800,
1183,IngressCapture,3700,
1183,DecodeAndCanonicalize,100,
1183,ApplyInputs,486000,
1183,ProcessorPlan,63000,
1183,CrossWorldPrepare,1200,
1183,NativeJobBarrier,200,
1183,CommitDecision,300,
1183,VoxelCommit,700,
1183,EcsCommandBufferCommit,76900,
1183,GasAndEventFinalize,40100,
1183,ReplicationProjection,143400,
1183,SnapshotHashMetrics,100,
1183,EgressPublish,15025100,
1184,IngressCapture,5000,
1184,DecodeAndCanonicalize,200,
1184,ApplyInputs,322500,
1184,ProcessorPlan,51100,
1184,CrossWorldPrepare,1100,
1184,NativeJobBarrier,200,
1184,CommitDecision,1300,
1184,VoxelCommit,700,
1184,EcsCommandBufferCommit,99200,
1184,GasAndEventFinalize,28400,
1184,ReplicationProjection,217800,
1184,SnapshotHashMetrics,700,
1184,EgressPublish,17664500,
1185,IngressCapture,5400,
1185,DecodeAndCanonicalize,300,
1185,ApplyInputs,245200,
1185,ProcessorPlan,48400,
1185,CrossWorldPrepare,1400,
1185,NativeJobBarrier,400,
1185,CommitDecision,200,
1185,VoxelCommit,400,
1185,EcsCommandBufferCommit,94200,
1185,GasAndEventFinalize,32900,
1185,ReplicationProjection,215200,
1185,SnapshotHashMetrics,700,
1185,EgressPublish,14334600,
1186,IngressCapture,4400,
1186,DecodeAndCanonicalize,400,
1186,ApplyInputs,233500,
1186,ProcessorPlan,34500,
1186,CrossWorldPrepare,1100,
1186,NativeJobBarrier,200,
1186,CommitDecision,600,
1186,VoxelCommit,200,
1186,EcsCommandBufferCommit,87800,
1186,GasAndEventFinalize,28100,
1186,ReplicationProjection,150600,
1186,SnapshotHashMetrics,100,
1186,EgressPublish,16700900,
1187,IngressCapture,2600,
1187,DecodeAndCanonicalize,200,
1187,ApplyInputs,151600,
1187,ProcessorPlan,29600,
1187,CrossWorldPrepare,500,
1187,NativeJobBarrier,100,
1187,CommitDecision,100,
1187,VoxelCommit,200,
1187,EcsCommandBufferCommit,57200,
1187,GasAndEventFinalize,19300,
1187,ReplicationProjection,145600,
1187,SnapshotHashMetrics,300,
1187,EgressPublish,14961000,
1188,IngressCapture,3600,
1188,DecodeAndCanonicalize,100,
1188,ApplyInputs,216800,
1188,ProcessorPlan,31200,
1188,CrossWorldPrepare,600,
1188,NativeJobBarrier,300,
1188,CommitDecision,100,
1188,VoxelCommit,300,
1188,EcsCommandBufferCommit,61500,
1188,GasAndEventFinalize,21400,
1188,ReplicationProjection,138700,
1188,SnapshotHashMetrics,200,
1188,EgressPublish,18018000,
1189,IngressCapture,4300,
1189,DecodeAndCanonicalize,300,
1189,ApplyInputs,306000,
1189,ProcessorPlan,47600,
1189,CrossWorldPrepare,1000,
1189,NativeJobBarrier,200,
1189,CommitDecision,200,
1189,VoxelCommit,300,
1189,EcsCommandBufferCommit,91900,
1189,GasAndEventFinalize,30100,
1189,ReplicationProjection,229300,
1189,SnapshotHashMetrics,500,
1189,EgressPublish,17755600,
1190,IngressCapture,31700,
1190,DecodeAndCanonicalize,200,
1190,ApplyInputs,276600,
1190,ProcessorPlan,42800,
1190,CrossWorldPrepare,900,
1190,NativeJobBarrier,300,
1190,CommitDecision,400,
1190,VoxelCommit,300,
1190,EcsCommandBufferCommit,79100,
1190,GasAndEventFinalize,26700,
1190,ReplicationProjection,142500,
1190,SnapshotHashMetrics,200,
1190,EgressPublish,30919900,
1191,IngressCapture,4000,
1191,DecodeAndCanonicalize,200,
1191,ApplyInputs,565800,
1191,ProcessorPlan,95500,
1191,CrossWorldPrepare,800,
1191,NativeJobBarrier,200,
1191,CommitDecision,600,
1191,VoxelCommit,600,
1191,EcsCommandBufferCommit,102600,
1191,GasAndEventFinalize,70000,
1191,ReplicationProjection,245000,
1191,SnapshotHashMetrics,500,
1191,EgressPublish,20061900,
1192,IngressCapture,4400,
1192,DecodeAndCanonicalize,200,
1192,ApplyInputs,311600,
1192,ProcessorPlan,47200,
1192,CrossWorldPrepare,1400,
1192,NativeJobBarrier,200,
1192,CommitDecision,200,
1192,VoxelCommit,1100,
1192,EcsCommandBufferCommit,87800,
1192,GasAndEventFinalize,30000,
1192,ReplicationProjection,236800,
1192,SnapshotHashMetrics,1200,
1192,EgressPublish,13684500,
1193,IngressCapture,4500,
1193,DecodeAndCanonicalize,300,
1193,ApplyInputs,264400,
1193,ProcessorPlan,47100,
1193,CrossWorldPrepare,600,
1193,NativeJobBarrier,200,
1193,CommitDecision,300,
1193,VoxelCommit,400,
1193,EcsCommandBufferCommit,79100,
1193,GasAndEventFinalize,25100,
1193,ReplicationProjection,208400,
1193,SnapshotHashMetrics,200,
1193,EgressPublish,17422500,
1194,IngressCapture,8100,
1194,DecodeAndCanonicalize,400,
1194,ApplyInputs,327000,
1194,ProcessorPlan,66600,
1194,CrossWorldPrepare,1300,
1194,NativeJobBarrier,300,
1194,CommitDecision,300,
1194,VoxelCommit,900,
1194,EcsCommandBufferCommit,97000,
1194,GasAndEventFinalize,32300,
1194,ReplicationProjection,304900,
1194,SnapshotHashMetrics,300,
1194,EgressPublish,19364900,
1195,IngressCapture,3300,
1195,DecodeAndCanonicalize,100,
1195,ApplyInputs,198700,
1195,ProcessorPlan,28900,
1195,CrossWorldPrepare,800,
1195,NativeJobBarrier,300,
1195,CommitDecision,200,
1195,VoxelCommit,300,
1195,EcsCommandBufferCommit,67300,
1195,GasAndEventFinalize,27500,
1195,ReplicationProjection,782900,
1195,SnapshotHashMetrics,700,
1195,EgressPublish,13044700,
1196,IngressCapture,5100,
1196,DecodeAndCanonicalize,200,
1196,ApplyInputs,179900,
1196,ProcessorPlan,31100,
1196,CrossWorldPrepare,900,
1196,NativeJobBarrier,100,
1196,CommitDecision,200,
1196,VoxelCommit,500,
1196,EcsCommandBufferCommit,63700,
1196,GasAndEventFinalize,22900,
1196,ReplicationProjection,139600,
1196,SnapshotHashMetrics,300,
1196,EgressPublish,13632800,
1197,IngressCapture,4200,
1197,DecodeAndCanonicalize,200,
1197,ApplyInputs,299900,
1197,ProcessorPlan,47600,
1197,CrossWorldPrepare,600,
1197,NativeJobBarrier,500,
1197,CommitDecision,300,
1197,VoxelCommit,500,
1197,EcsCommandBufferCommit,70000,
1197,GasAndEventFinalize,26600,
1197,ReplicationProjection,214300,
1197,SnapshotHashMetrics,400,
1197,EgressPublish,17062200,
1198,IngressCapture,5000,
1198,DecodeAndCanonicalize,100,
1198,ApplyInputs,380900,
1198,ProcessorPlan,35000,
1198,CrossWorldPrepare,500,
1198,NativeJobBarrier,200,
1198,CommitDecision,200,
1198,VoxelCommit,500,
1198,EcsCommandBufferCommit,73300,
1198,GasAndEventFinalize,21000,
1198,ReplicationProjection,131700,
1198,SnapshotHashMetrics,200,
1198,EgressPublish,13458900,
1199,IngressCapture,8700,
1199,DecodeAndCanonicalize,200,
1199,ApplyInputs,626700,
1199,ProcessorPlan,143700,
1199,CrossWorldPrepare,900,
1199,NativeJobBarrier,200,
1199,CommitDecision,200,
1199,VoxelCommit,500,
1199,EcsCommandBufferCommit,119400,
1199,GasAndEventFinalize,65300,
1199,ReplicationProjection,258300,
1199,SnapshotHashMetrics,500,
1199,EgressPublish,16711700,
1200,IngressCapture,3300,
1200,DecodeAndCanonicalize,200,
1200,ApplyInputs,200500,
1200,ProcessorPlan,28000,
1200,CrossWorldPrepare,500,
1200,NativeJobBarrier,100,
1200,CommitDecision,200,
1200,VoxelCommit,400,
1200,EcsCommandBufferCommit,61800,
1200,GasAndEventFinalize,18000,
1200,ReplicationProjection,127100,
1200,SnapshotHashMetrics,200,
1200,EgressPublish,14459800,
1201,IngressCapture,7400,
1201,DecodeAndCanonicalize,1600,
1201,ApplyInputs,326200,
1201,ProcessorPlan,79800,
1201,CrossWorldPrepare,900,
1201,NativeJobBarrier,300,
1201,CommitDecision,1000,
1201,VoxelCommit,1600,
1201,EcsCommandBufferCommit,132800,
1201,GasAndEventFinalize,43300,
1201,ReplicationProjection,290700,
1201,SnapshotHashMetrics,1700,
1201,EgressPublish,19909900,
1202,IngressCapture,5000,
1202,DecodeAndCanonicalize,200,
1202,ApplyInputs,358600,
1202,ProcessorPlan,48600,
1202,CrossWorldPrepare,900,
1202,NativeJobBarrier,200,
1202,CommitDecision,500,
1202,VoxelCommit,400,
1202,EcsCommandBufferCommit,98000,
1202,GasAndEventFinalize,35700,
1202,ReplicationProjection,204100,
1202,SnapshotHashMetrics,500,
1202,EgressPublish,17473800,
1203,IngressCapture,6200,
1203,DecodeAndCanonicalize,200,
1203,ApplyInputs,299200,
1203,ProcessorPlan,55200,
1203,CrossWorldPrepare,1700,
1203,NativeJobBarrier,300,
1203,CommitDecision,500,
1203,VoxelCommit,700,
1203,EcsCommandBufferCommit,117000,
1203,GasAndEventFinalize,39000,
1203,ReplicationProjection,289600,
1203,SnapshotHashMetrics,1000,
1203,EgressPublish,16833600,
1204,IngressCapture,7600,
1204,DecodeAndCanonicalize,200,
1204,ApplyInputs,312400,
1204,ProcessorPlan,32500,
1204,CrossWorldPrepare,1100,
1204,NativeJobBarrier,200,
1204,CommitDecision,400,
1204,VoxelCommit,200,
1204,EcsCommandBufferCommit,594900,
1204,GasAndEventFinalize,61500,
1204,ReplicationProjection,560200,
1204,SnapshotHashMetrics,500,
1204,EgressPublish,15348100,
1205,IngressCapture,7600,
1205,DecodeAndCanonicalize,200,
1205,ApplyInputs,231700,
1205,ProcessorPlan,33700,
1205,CrossWorldPrepare,600,
1205,NativeJobBarrier,100,
1205,CommitDecision,700,
1205,VoxelCommit,100,
1205,EcsCommandBufferCommit,69900,
1205,GasAndEventFinalize,25200,
1205,ReplicationProjection,139700,
1205,SnapshotHashMetrics,100,
1205,EgressPublish,13345700,
1206,IngressCapture,5200,
1206,DecodeAndCanonicalize,200,
1206,ApplyInputs,250000,
1206,ProcessorPlan,40900,
1206,CrossWorldPrepare,500,
1206,NativeJobBarrier,300,
1206,CommitDecision,700,
1206,VoxelCommit,2000,
1206,EcsCommandBufferCommit,110100,
1206,GasAndEventFinalize,26000,
1206,ReplicationProjection,146500,
1206,SnapshotHashMetrics,300,
1206,EgressPublish,18251400,
1207,IngressCapture,6000,
1207,DecodeAndCanonicalize,100,
1207,ApplyInputs,647500,
1207,ProcessorPlan,116700,
1207,CrossWorldPrepare,1400,
1207,NativeJobBarrier,300,
1207,CommitDecision,500,
1207,VoxelCommit,600,
1207,EcsCommandBufferCommit,99800,
1207,GasAndEventFinalize,61100,
1207,ReplicationProjection,305500,
1207,SnapshotHashMetrics,1800,
1207,EgressPublish,20675100,
1208,IngressCapture,3800,
1208,DecodeAndCanonicalize,200,
1208,ApplyInputs,231300,
1208,ProcessorPlan,35100,
1208,CrossWorldPrepare,700,
1208,NativeJobBarrier,200,
1208,CommitDecision,100,
1208,VoxelCommit,400,
1208,EcsCommandBufferCommit,72900,
1208,GasAndEventFinalize,22700,
1208,ReplicationProjection,137900,
1208,SnapshotHashMetrics,200,
1208,EgressPublish,17851000,
1209,IngressCapture,6100,
1209,DecodeAndCanonicalize,200,
1209,ApplyInputs,309400,
1209,ProcessorPlan,59100,
1209,CrossWorldPrepare,1600,
1209,NativeJobBarrier,200,
1209,CommitDecision,200,
1209,VoxelCommit,400,
1209,EcsCommandBufferCommit,102500,
1209,GasAndEventFinalize,31700,
1209,ReplicationProjection,218100,
1209,SnapshotHashMetrics,300,
1209,EgressPublish,17958700,
1210,IngressCapture,4500,
1210,DecodeAndCanonicalize,200,
1210,ApplyInputs,265100,
1210,ProcessorPlan,44100,
1210,CrossWorldPrepare,1200,
1210,NativeJobBarrier,200,
1210,CommitDecision,300,
1210,VoxelCommit,800,
1210,EcsCommandBufferCommit,83600,
1210,GasAndEventFinalize,28900,
1210,ReplicationProjection,209900,
1210,SnapshotHashMetrics,400,
1210,EgressPublish,17602600,
1211,IngressCapture,6100,
1211,DecodeAndCanonicalize,200,
1211,ApplyInputs,305800,
1211,ProcessorPlan,74300,
1211,CrossWorldPrepare,2100,
1211,NativeJobBarrier,200,
1211,CommitDecision,500,
1211,VoxelCommit,1100,
1211,EcsCommandBufferCommit,122700,
1211,GasAndEventFinalize,36000,
1211,ReplicationProjection,247400,
1211,SnapshotHashMetrics,800,
1211,EgressPublish,18190800,
1212,IngressCapture,5000,
1212,DecodeAndCanonicalize,300,
1212,ApplyInputs,357700,
1212,ProcessorPlan,47100,
1212,CrossWorldPrepare,1300,
1212,NativeJobBarrier,200,
1212,CommitDecision,1000,
1212,VoxelCommit,500,
1212,EcsCommandBufferCommit,90400,
1212,GasAndEventFinalize,28500,
1212,ReplicationProjection,223000,
1212,SnapshotHashMetrics,600,
1212,EgressPublish,17198600,
1213,IngressCapture,5500,
1213,DecodeAndCanonicalize,200,
1213,ApplyInputs,406400,
1213,ProcessorPlan,56300,
1213,CrossWorldPrepare,1700,
1213,NativeJobBarrier,300,
1213,CommitDecision,600,
1213,VoxelCommit,1000,
1213,EcsCommandBufferCommit,130700,
1213,GasAndEventFinalize,37100,
1213,ReplicationProjection,207900,
1213,SnapshotHashMetrics,500,
1213,EgressPublish,21236900,
1214,IngressCapture,6700,
1214,DecodeAndCanonicalize,200,
1214,ApplyInputs,304700,
1214,ProcessorPlan,46000,
1214,CrossWorldPrepare,1300,
1214,NativeJobBarrier,200,
1214,CommitDecision,300,
1214,VoxelCommit,300,
1214,EcsCommandBufferCommit,88800,
1214,GasAndEventFinalize,32300,
1214,ReplicationProjection,211000,
1214,SnapshotHashMetrics,400,
1214,EgressPublish,20878300,
1215,IngressCapture,5800,
1215,DecodeAndCanonicalize,200,
1215,ApplyInputs,329800,
1215,ProcessorPlan,93900,
1215,CrossWorldPrepare,600,
1215,NativeJobBarrier,200,
1215,CommitDecision,200,
1215,VoxelCommit,600,
1215,EcsCommandBufferCommit,74900,
1215,GasAndEventFinalize,44900,
1215,ReplicationProjection,183900,
1215,SnapshotHashMetrics,700,
1215,EgressPublish,12190800,
1216,IngressCapture,3800,
1216,DecodeAndCanonicalize,200,
1216,ApplyInputs,211400,
1216,ProcessorPlan,32700,
1216,CrossWorldPrepare,700,
1216,NativeJobBarrier,200,
1216,CommitDecision,200,
1216,VoxelCommit,200,
1216,EcsCommandBufferCommit,70800,
1216,GasAndEventFinalize,23000,
1216,ReplicationProjection,134000,
1216,SnapshotHashMetrics,100,
1216,EgressPublish,12133700,
1217,IngressCapture,6100,
1217,DecodeAndCanonicalize,200,
1217,ApplyInputs,511300,
1217,ProcessorPlan,35500,
1217,CrossWorldPrepare,1100,
1217,NativeJobBarrier,400,
1217,CommitDecision,200,
1217,VoxelCommit,500,
1217,EcsCommandBufferCommit,72000,
1217,GasAndEventFinalize,763300,
1217,ReplicationProjection,184400,
1217,SnapshotHashMetrics,400,
1217,EgressPublish,13987500,
1218,IngressCapture,5900,
1218,DecodeAndCanonicalize,400,
1218,ApplyInputs,312200,
1218,ProcessorPlan,52700,
1218,CrossWorldPrepare,600,
1218,NativeJobBarrier,300,
1218,CommitDecision,200,
1218,VoxelCommit,1200,
1218,EcsCommandBufferCommit,78800,
1218,GasAndEventFinalize,22300,
1218,ReplicationProjection,137400,
1218,SnapshotHashMetrics,200,
1218,EgressPublish,12100800,
1219,IngressCapture,7300,
1219,DecodeAndCanonicalize,1400,
1219,ApplyInputs,372800,
1219,ProcessorPlan,42600,
1219,CrossWorldPrepare,900,
1219,NativeJobBarrier,200,
1219,CommitDecision,200,
1219,VoxelCommit,800,
1219,EcsCommandBufferCommit,68100,
1219,GasAndEventFinalize,20800,
1219,ReplicationProjection,192500,
1219,SnapshotHashMetrics,300,
1219,EgressPublish,14842300,
1220,IngressCapture,4900,
1220,DecodeAndCanonicalize,100,
1220,ApplyInputs,170200,
1220,ProcessorPlan,31100,
1220,CrossWorldPrepare,1000,
1220,NativeJobBarrier,100,
1220,CommitDecision,400,
1220,VoxelCommit,400,
1220,EcsCommandBufferCommit,84300,
1220,GasAndEventFinalize,26200,
1220,ReplicationProjection,143800,
1220,SnapshotHashMetrics,100,
1220,EgressPublish,16601800,
1221,IngressCapture,3800,
1221,DecodeAndCanonicalize,200,
1221,ApplyInputs,196500,
1221,ProcessorPlan,35900,
1221,CrossWorldPrepare,700,
1221,NativeJobBarrier,200,
1221,CommitDecision,100,
1221,VoxelCommit,500,
1221,EcsCommandBufferCommit,59900,
1221,GasAndEventFinalize,16800,
1221,ReplicationProjection,124700,
1221,SnapshotHashMetrics,200,
1221,EgressPublish,16416400,
1222,IngressCapture,5500,
1222,DecodeAndCanonicalize,200,
1222,ApplyInputs,271400,
1222,ProcessorPlan,51700,
1222,CrossWorldPrepare,800,
1222,NativeJobBarrier,300,
1222,CommitDecision,200,
1222,VoxelCommit,500,
1222,EcsCommandBufferCommit,97400,
1222,GasAndEventFinalize,30400,
1222,ReplicationProjection,256100,
1222,SnapshotHashMetrics,500,
1222,EgressPublish,18499400,
1223,IngressCapture,5500,
1223,DecodeAndCanonicalize,300,
1223,ApplyInputs,567500,
1223,ProcessorPlan,65700,
1223,CrossWorldPrepare,600,
1223,NativeJobBarrier,200,
1223,CommitDecision,300,
1223,VoxelCommit,700,
1223,EcsCommandBufferCommit,64400,
1223,GasAndEventFinalize,45000,
1223,ReplicationProjection,191500,
1223,SnapshotHashMetrics,300,
1223,EgressPublish,17476400,
1224,IngressCapture,4800,
1224,DecodeAndCanonicalize,200,
1224,ApplyInputs,263500,
1224,ProcessorPlan,47400,
1224,CrossWorldPrepare,700,
1224,NativeJobBarrier,100,
1224,CommitDecision,200,
1224,VoxelCommit,500,
1224,EcsCommandBufferCommit,87200,
1224,GasAndEventFinalize,26900,
1224,ReplicationProjection,131900,
1224,SnapshotHashMetrics,100,
1224,EgressPublish,14314700,
1225,IngressCapture,3400,
1225,DecodeAndCanonicalize,200,
1225,ApplyInputs,155700,
1225,ProcessorPlan,30400,
1225,CrossWorldPrepare,600,
1225,NativeJobBarrier,200,
1225,CommitDecision,400,
1225,VoxelCommit,200,
1225,EcsCommandBufferCommit,56300,
1225,GasAndEventFinalize,19300,
1225,ReplicationProjection,124100,
1225,SnapshotHashMetrics,100,
1225,EgressPublish,12250100,
1226,IngressCapture,5500,
1226,DecodeAndCanonicalize,200,
1226,ApplyInputs,293600,
1226,ProcessorPlan,47200,
1226,CrossWorldPrepare,1200,
1226,NativeJobBarrier,200,
1226,CommitDecision,500,
1226,VoxelCommit,600,
1226,EcsCommandBufferCommit,106700,
1226,GasAndEventFinalize,32700,
1226,ReplicationProjection,200300,
1226,SnapshotHashMetrics,300,
1226,EgressPublish,16547400,
1227,IngressCapture,4900,
1227,DecodeAndCanonicalize,200,
1227,ApplyInputs,260500,
1227,ProcessorPlan,46200,
1227,CrossWorldPrepare,900,
1227,NativeJobBarrier,200,
1227,CommitDecision,100,
1227,VoxelCommit,600,
1227,EcsCommandBufferCommit,89600,
1227,GasAndEventFinalize,24100,
1227,ReplicationProjection,180000,
1227,SnapshotHashMetrics,400,
1227,EgressPublish,18354500,
1228,IngressCapture,5700,
1228,DecodeAndCanonicalize,200,
1228,ApplyInputs,230300,
1228,ProcessorPlan,32600,
1228,CrossWorldPrepare,800,
1228,NativeJobBarrier,100,
1228,CommitDecision,300,
1228,VoxelCommit,600,
1228,EcsCommandBufferCommit,97500,
1228,GasAndEventFinalize,33700,
1228,ReplicationProjection,146800,
1228,SnapshotHashMetrics,200,
1228,EgressPublish,18185200,
1229,IngressCapture,5500,
1229,DecodeAndCanonicalize,100,
1229,ApplyInputs,229000,
1229,ProcessorPlan,32100,
1229,CrossWorldPrepare,500,
1229,NativeJobBarrier,400,
1229,CommitDecision,200,
1229,VoxelCommit,600,
1229,EcsCommandBufferCommit,71900,
1229,GasAndEventFinalize,21400,
1229,ReplicationProjection,207200,
1229,SnapshotHashMetrics,300,
1229,EgressPublish,15904600,
1230,IngressCapture,4700,
1230,DecodeAndCanonicalize,600,
1230,ApplyInputs,324700,
1230,ProcessorPlan,65300,
1230,CrossWorldPrepare,1400,
1230,NativeJobBarrier,600,
1230,CommitDecision,200,
1230,VoxelCommit,1000,
1230,EcsCommandBufferCommit,127900,
1230,GasAndEventFinalize,53300,
1230,ReplicationProjection,268300,
1230,SnapshotHashMetrics,1200,
1230,EgressPublish,15245900,
1231,IngressCapture,6000,
1231,DecodeAndCanonicalize,400,
1231,ApplyInputs,531600,
1231,ProcessorPlan,84000,
1231,CrossWorldPrepare,700,
1231,NativeJobBarrier,500,
1231,CommitDecision,600,
1231,VoxelCommit,700,
1231,EcsCommandBufferCommit,77000,
1231,GasAndEventFinalize,44000,
1231,ReplicationProjection,138100,
1231,SnapshotHashMetrics,200,
1231,EgressPublish,15111400,
1232,IngressCapture,6100,
1232,DecodeAndCanonicalize,200,
1232,ApplyInputs,447000,
1232,ProcessorPlan,53400,
1232,CrossWorldPrepare,1100,
1232,NativeJobBarrier,300,
1232,CommitDecision,300,
1232,VoxelCommit,800,
1232,EcsCommandBufferCommit,106900,
1232,GasAndEventFinalize,35000,
1232,ReplicationProjection,243100,
1232,SnapshotHashMetrics,400,
1232,EgressPublish,16321900,
1233,IngressCapture,5200,
1233,DecodeAndCanonicalize,200,
1233,ApplyInputs,191900,
1233,ProcessorPlan,33900,
1233,CrossWorldPrepare,1500,
1233,NativeJobBarrier,100,
1233,CommitDecision,100,
1233,VoxelCommit,700,
1233,EcsCommandBufferCommit,71500,
1233,GasAndEventFinalize,23000,
1233,ReplicationProjection,130200,
1233,SnapshotHashMetrics,200,
1233,EgressPublish,16383700,
1234,IngressCapture,5400,
1234,DecodeAndCanonicalize,200,
1234,ApplyInputs,219000,
1234,ProcessorPlan,32900,
1234,CrossWorldPrepare,600,
1234,NativeJobBarrier,200,
1234,CommitDecision,400,
1234,VoxelCommit,300,
1234,EcsCommandBufferCommit,89900,
1234,GasAndEventFinalize,21400,
1234,ReplicationProjection,129100,
1234,SnapshotHashMetrics,200,
1234,EgressPublish,14891000,
1235,IngressCapture,4100,
1235,DecodeAndCanonicalize,200,
1235,ApplyInputs,343000,
1235,ProcessorPlan,50400,
1235,CrossWorldPrepare,1200,
1235,NativeJobBarrier,300,
1235,CommitDecision,400,
1235,VoxelCommit,1000,
1235,EcsCommandBufferCommit,88900,
1235,GasAndEventFinalize,29200,
1235,ReplicationProjection,198600,
1235,SnapshotHashMetrics,600,
1235,EgressPublish,17427600,
1236,IngressCapture,5400,
1236,DecodeAndCanonicalize,1900,
1236,ApplyInputs,261700,
1236,ProcessorPlan,53500,
1236,CrossWorldPrepare,800,
1236,NativeJobBarrier,200,
1236,CommitDecision,200,
1236,VoxelCommit,900,
1236,EcsCommandBufferCommit,97600,
1236,GasAndEventFinalize,38500,
1236,ReplicationProjection,231800,
1236,SnapshotHashMetrics,700,
1236,EgressPublish,13161400,
1237,IngressCapture,3300,
1237,DecodeAndCanonicalize,200,
1237,ApplyInputs,177600,
1237,ProcessorPlan,29200,
1237,CrossWorldPrepare,600,
1237,NativeJobBarrier,200,
1237,CommitDecision,200,
1237,VoxelCommit,300,
1237,EcsCommandBufferCommit,71700,
1237,GasAndEventFinalize,21100,
1237,ReplicationProjection,119700,
1237,SnapshotHashMetrics,100,
1237,EgressPublish,11358900,
1238,IngressCapture,3400,
1238,DecodeAndCanonicalize,200,
1238,ApplyInputs,243600,
1238,ProcessorPlan,41600,
1238,CrossWorldPrepare,700,
1238,NativeJobBarrier,200,
1238,CommitDecision,300,
1238,VoxelCommit,400,
1238,EcsCommandBufferCommit,68800,
1238,GasAndEventFinalize,23600,
1238,ReplicationProjection,187400,
1238,SnapshotHashMetrics,300,
1238,EgressPublish,13116000,
1239,IngressCapture,5400,
1239,DecodeAndCanonicalize,300,
1239,ApplyInputs,250800,
1239,ProcessorPlan,76300,
1239,CrossWorldPrepare,900,
1239,NativeJobBarrier,200,
1239,CommitDecision,300,
1239,VoxelCommit,500,
1239,EcsCommandBufferCommit,70500,
1239,GasAndEventFinalize,48500,
1239,ReplicationProjection,142000,
1239,SnapshotHashMetrics,200,
1239,EgressPublish,11120200,
1240,IngressCapture,4300,
1240,DecodeAndCanonicalize,200,
1240,ApplyInputs,272600,
1240,ProcessorPlan,30700,
1240,CrossWorldPrepare,400,
1240,NativeJobBarrier,200,
1240,CommitDecision,100,
1240,VoxelCommit,200,
1240,EcsCommandBufferCommit,640700,
1240,GasAndEventFinalize,48900,
1240,ReplicationProjection,636700,
1240,SnapshotHashMetrics,400,
1240,EgressPublish,16168600,
1241,IngressCapture,6700,
1241,DecodeAndCanonicalize,400,
1241,ApplyInputs,214100,
1241,ProcessorPlan,32600,
1241,CrossWorldPrepare,800,
1241,NativeJobBarrier,200,
1241,CommitDecision,400,
1241,VoxelCommit,300,
1241,EcsCommandBufferCommit,73400,
1241,GasAndEventFinalize,23300,
1241,ReplicationProjection,144300,
1241,SnapshotHashMetrics,200,
1241,EgressPublish,14274600,
1242,IngressCapture,4000,
1242,DecodeAndCanonicalize,200,
1242,ApplyInputs,277600,
1242,ProcessorPlan,51900,
1242,CrossWorldPrepare,900,
1242,NativeJobBarrier,200,
1242,CommitDecision,200,
1242,VoxelCommit,800,
1242,EcsCommandBufferCommit,95000,
1242,GasAndEventFinalize,28200,
1242,ReplicationProjection,228400,
1242,SnapshotHashMetrics,300,
1242,EgressPublish,15658700,
1243,IngressCapture,3000,
1243,DecodeAndCanonicalize,200,
1243,ApplyInputs,181900,
1243,ProcessorPlan,30500,
1243,CrossWorldPrepare,700,
1243,NativeJobBarrier,200,
1243,CommitDecision,100,
1243,VoxelCommit,300,
1243,EcsCommandBufferCommit,57800,
1243,GasAndEventFinalize,19500,
1243,ReplicationProjection,126900,
1243,SnapshotHashMetrics,100,
1243,EgressPublish,12987500,
1244,IngressCapture,29900,
1244,DecodeAndCanonicalize,300,
1244,ApplyInputs,373500,
1244,ProcessorPlan,79100,
1244,CrossWorldPrepare,1400,
1244,NativeJobBarrier,300,
1244,CommitDecision,300,
1244,VoxelCommit,1100,
1244,EcsCommandBufferCommit,90200,
1244,GasAndEventFinalize,31100,
1244,ReplicationProjection,216000,
1244,SnapshotHashMetrics,400,
1244,EgressPublish,16764000,
1245,IngressCapture,4700,
1245,DecodeAndCanonicalize,200,
1245,ApplyInputs,267900,
1245,ProcessorPlan,43400,
1245,CrossWorldPrepare,800,
1245,NativeJobBarrier,200,
1245,CommitDecision,200,
1245,VoxelCommit,800,
1245,EcsCommandBufferCommit,82900,
1245,GasAndEventFinalize,26500,
1245,ReplicationProjection,188100,
1245,SnapshotHashMetrics,400,
1245,EgressPublish,12752800,
1246,IngressCapture,5100,
1246,DecodeAndCanonicalize,100,
1246,ApplyInputs,176300,
1246,ProcessorPlan,32300,
1246,CrossWorldPrepare,700,
1246,NativeJobBarrier,200,
1246,CommitDecision,200,
1246,VoxelCommit,1000,
1246,EcsCommandBufferCommit,67800,
1246,GasAndEventFinalize,20100,
1246,ReplicationProjection,128600,
1246,SnapshotHashMetrics,200,
1246,EgressPublish,9189000,
1247,IngressCapture,4700,
1247,DecodeAndCanonicalize,200,
1247,ApplyInputs,1061300,
1247,ProcessorPlan,112400,
1247,CrossWorldPrepare,2500,
1247,NativeJobBarrier,300,
1247,CommitDecision,300,
1247,VoxelCommit,500,
1247,EcsCommandBufferCommit,1176000,
1247,GasAndEventFinalize,91900,
1247,ReplicationProjection,150100,
1247,SnapshotHashMetrics,300,
1247,EgressPublish,12044700,
1248,IngressCapture,3500,
1248,DecodeAndCanonicalize,300,
1248,ApplyInputs,278600,
1248,ProcessorPlan,44200,
1248,CrossWorldPrepare,800,
1248,NativeJobBarrier,300,
1248,CommitDecision,400,
1248,VoxelCommit,500,
1248,EcsCommandBufferCommit,79000,
1248,GasAndEventFinalize,26100,
1248,ReplicationProjection,208200,
1248,SnapshotHashMetrics,300,
1248,EgressPublish,9215600,
1249,IngressCapture,3400,
1249,DecodeAndCanonicalize,300,
1249,ApplyInputs,157000,
1249,ProcessorPlan,28000,
1249,CrossWorldPrepare,1000,
1249,NativeJobBarrier,200,
1249,CommitDecision,200,
1249,VoxelCommit,300,
1249,EcsCommandBufferCommit,58400,
1249,GasAndEventFinalize,20200,
1249,ReplicationProjection,129500,
1249,SnapshotHashMetrics,200,
1249,EgressPublish,11306100,
1250,IngressCapture,4100,
1250,DecodeAndCanonicalize,200,
1250,ApplyInputs,284000,
1250,ProcessorPlan,43900,
1250,CrossWorldPrepare,1100,
1250,NativeJobBarrier,200,
1250,CommitDecision,400,
1250,VoxelCommit,900,
1250,EcsCommandBufferCommit,86500,
1250,GasAndEventFinalize,30600,
1250,ReplicationProjection,200700,
1250,SnapshotHashMetrics,1100,
1250,EgressPublish,14094700,
1251,IngressCapture,3600,
1251,DecodeAndCanonicalize,200,
1251,ApplyInputs,219900,
1251,ProcessorPlan,44400,
1251,CrossWorldPrepare,1500,
1251,NativeJobBarrier,300,
1251,CommitDecision,300,
1251,VoxelCommit,500,
1251,EcsCommandBufferCommit,72300,
1251,GasAndEventFinalize,21200,
1251,ReplicationProjection,177900,
1251,SnapshotHashMetrics,500,
1251,EgressPublish,12119400,
1252,IngressCapture,5000,
1252,DecodeAndCanonicalize,300,
1252,ApplyInputs,261500,
1252,ProcessorPlan,35200,
1252,CrossWorldPrepare,900,
1252,NativeJobBarrier,500,
1252,CommitDecision,500,
1252,VoxelCommit,500,
1252,EcsCommandBufferCommit,65900,
1252,GasAndEventFinalize,20300,
1252,ReplicationProjection,124000,
1252,SnapshotHashMetrics,300,
1252,EgressPublish,10997700,
1253,IngressCapture,2800,
1253,DecodeAndCanonicalize,200,
1253,ApplyInputs,187600,
1253,ProcessorPlan,30800,
1253,CrossWorldPrepare,600,
1253,NativeJobBarrier,100,
1253,CommitDecision,100,
1253,VoxelCommit,200,
1253,EcsCommandBufferCommit,64900,
1253,GasAndEventFinalize,19900,
1253,ReplicationProjection,121800,
1253,SnapshotHashMetrics,100,
1253,EgressPublish,10712200,
1254,IngressCapture,3400,
1254,DecodeAndCanonicalize,100,
1254,ApplyInputs,152100,
1254,ProcessorPlan,32200,
1254,CrossWorldPrepare,700,
1254,NativeJobBarrier,200,
1254,CommitDecision,200,
1254,VoxelCommit,400,
1254,EcsCommandBufferCommit,65800,
1254,GasAndEventFinalize,20100,
1254,ReplicationProjection,122400,
1254,SnapshotHashMetrics,100,
1254,EgressPublish,9861900,
1255,IngressCapture,4900,
1255,DecodeAndCanonicalize,200,
1255,ApplyInputs,589900,
1255,ProcessorPlan,87500,
1255,CrossWorldPrepare,1300,
1255,NativeJobBarrier,300,
1255,CommitDecision,300,
1255,VoxelCommit,500,
1255,EcsCommandBufferCommit,75200,
1255,GasAndEventFinalize,52000,
1255,ReplicationProjection,213900,
1255,SnapshotHashMetrics,500,
1255,EgressPublish,12127900,
1256,IngressCapture,5800,
1256,DecodeAndCanonicalize,200,
1256,ApplyInputs,224800,
1256,ProcessorPlan,56300,
1256,CrossWorldPrepare,700,
1256,NativeJobBarrier,200,
1256,CommitDecision,200,
1256,VoxelCommit,600,
1256,EcsCommandBufferCommit,73300,
1256,GasAndEventFinalize,23600,
1256,ReplicationProjection,228800,
1256,SnapshotHashMetrics,1000,
1256,EgressPublish,13291000,
1257,IngressCapture,3400,
1257,DecodeAndCanonicalize,100,
1257,ApplyInputs,214700,
1257,ProcessorPlan,30900,
1257,CrossWorldPrepare,500,
1257,NativeJobBarrier,200,
1257,CommitDecision,300,
1257,VoxelCommit,400,
1257,EcsCommandBufferCommit,66900,
1257,GasAndEventFinalize,19800,
1257,ReplicationProjection,127200,
1257,SnapshotHashMetrics,200,
1257,EgressPublish,10718100,
1258,IngressCapture,5100,
1258,DecodeAndCanonicalize,100,
1258,ApplyInputs,228700,
1258,ProcessorPlan,40600,
1258,CrossWorldPrepare,400,
1258,NativeJobBarrier,200,
1258,CommitDecision,400,
1258,VoxelCommit,300,
1258,EcsCommandBufferCommit,81400,
1258,GasAndEventFinalize,27300,
1258,ReplicationProjection,169700,
1258,SnapshotHashMetrics,200,
1258,EgressPublish,11850300,
1259,IngressCapture,3800,
1259,DecodeAndCanonicalize,200,
1259,ApplyInputs,227300,
1259,ProcessorPlan,45400,
1259,CrossWorldPrepare,1000,
1259,NativeJobBarrier,200,
1259,CommitDecision,200,
1259,VoxelCommit,700,
1259,EcsCommandBufferCommit,76900,
1259,GasAndEventFinalize,23700,
1259,ReplicationProjection,137800,
1259,SnapshotHashMetrics,100,
1259,EgressPublish,10392100,
1260,IngressCapture,5000,
1260,DecodeAndCanonicalize,300,
1260,ApplyInputs,220700,
1260,ProcessorPlan,36100,
1260,CrossWorldPrepare,1100,
1260,NativeJobBarrier,100,
1260,CommitDecision,600,
1260,VoxelCommit,400,
1260,EcsCommandBufferCommit,86800,
1260,GasAndEventFinalize,23500,
1260,ReplicationProjection,127200,
1260,SnapshotHashMetrics,400,
1260,EgressPublish,11598800,
1261,IngressCapture,4400,
1261,DecodeAndCanonicalize,200,
1261,ApplyInputs,293400,
1261,ProcessorPlan,34200,
1261,CrossWorldPrepare,700,
1261,NativeJobBarrier,200,
1261,CommitDecision,200,
1261,VoxelCommit,300,
1261,EcsCommandBufferCommit,383200,
1261,GasAndEventFinalize,40400,
1261,ReplicationProjection,354100,
1261,SnapshotHashMetrics,300,
1261,EgressPublish,11602200,
1262,IngressCapture,4100,
1262,DecodeAndCanonicalize,100,
1262,ApplyInputs,182200,
1262,ProcessorPlan,31900,
1262,CrossWorldPrepare,400,
1262,NativeJobBarrier,100,
1262,CommitDecision,100,
1262,VoxelCommit,800,
1262,EcsCommandBufferCommit,76300,
1262,GasAndEventFinalize,26700,
1262,ReplicationProjection,143600,
1262,SnapshotHashMetrics,200,
1262,EgressPublish,12993500,
1263,IngressCapture,3700,
1263,DecodeAndCanonicalize,100,
1263,ApplyInputs,611600,
1263,ProcessorPlan,30100,
1263,CrossWorldPrepare,500,
1263,NativeJobBarrier,100,
1263,CommitDecision,200,
1263,VoxelCommit,200,
1263,EcsCommandBufferCommit,174700,
1263,GasAndEventFinalize,43300,
1263,ReplicationProjection,394300,
1263,SnapshotHashMetrics,300,
1263,EgressPublish,13630000,
1264,IngressCapture,6100,
1264,DecodeAndCanonicalize,500,
1264,ApplyInputs,302300,
1264,ProcessorPlan,65300,
1264,CrossWorldPrepare,1500,
1264,NativeJobBarrier,800,
1264,CommitDecision,300,
1264,VoxelCommit,1100,
1264,EcsCommandBufferCommit,124300,
1264,GasAndEventFinalize,33400,
1264,ReplicationProjection,245300,
1264,SnapshotHashMetrics,1100,
1264,EgressPublish,16631500,
1265,IngressCapture,4200,
1265,DecodeAndCanonicalize,400,
1265,ApplyInputs,363300,
1265,ProcessorPlan,47300,
1265,CrossWorldPrepare,800,
1265,NativeJobBarrier,700,
1265,CommitDecision,200,
1265,VoxelCommit,700,
1265,EcsCommandBufferCommit,94500,
1265,GasAndEventFinalize,35300,
1265,ReplicationProjection,250700,
1265,SnapshotHashMetrics,300,
1265,EgressPublish,14643000,
1266,IngressCapture,4900,
1266,DecodeAndCanonicalize,200,
1266,ApplyInputs,181300,
1266,ProcessorPlan,31300,
1266,CrossWorldPrepare,400,
1266,NativeJobBarrier,100,
1266,CommitDecision,300,
1266,VoxelCommit,200,
1266,EcsCommandBufferCommit,71100,
1266,GasAndEventFinalize,22800,
1266,ReplicationProjection,137600,
1266,SnapshotHashMetrics,300,
1266,EgressPublish,12940300,
1267,IngressCapture,3900,
1267,DecodeAndCanonicalize,200,
1267,ApplyInputs,303300,
1267,ProcessorPlan,50700,
1267,CrossWorldPrepare,700,
1267,NativeJobBarrier,300,
1267,CommitDecision,500,
1267,VoxelCommit,600,
1267,EcsCommandBufferCommit,99900,
1267,GasAndEventFinalize,32700,
1267,ReplicationProjection,230000,
1267,SnapshotHashMetrics,400,
1267,EgressPublish,17671200,
1268,IngressCapture,3800,
1268,DecodeAndCanonicalize,400,
1268,ApplyInputs,265400,
1268,ProcessorPlan,45300,
1268,CrossWorldPrepare,800,
1268,NativeJobBarrier,300,
1268,CommitDecision,300,
1268,VoxelCommit,500,
1268,EcsCommandBufferCommit,81900,
1268,GasAndEventFinalize,21800,
1268,ReplicationProjection,235700,
1268,SnapshotHashMetrics,400,
1268,EgressPublish,15177000,
1269,IngressCapture,5000,
1269,DecodeAndCanonicalize,300,
1269,ApplyInputs,329200,
1269,ProcessorPlan,54800,
1269,CrossWorldPrepare,1000,
1269,NativeJobBarrier,200,
1269,CommitDecision,300,
1269,VoxelCommit,1100,
1269,EcsCommandBufferCommit,254600,
1269,GasAndEventFinalize,44100,
1269,ReplicationProjection,705000,
1269,SnapshotHashMetrics,400,
1269,EgressPublish,17883600,
1270,IngressCapture,11600,
1270,DecodeAndCanonicalize,300,
1270,ApplyInputs,345000,
1270,ProcessorPlan,51500,
1270,CrossWorldPrepare,900,
1270,NativeJobBarrier,200,
1270,CommitDecision,400,
1270,VoxelCommit,1600,
1270,EcsCommandBufferCommit,131900,
1270,GasAndEventFinalize,42400,
1270,ReplicationProjection,227700,
1270,SnapshotHashMetrics,500,
1270,EgressPublish,16099200,
1271,IngressCapture,4700,
1271,DecodeAndCanonicalize,100,
1271,ApplyInputs,630100,
1271,ProcessorPlan,33200,
1271,CrossWorldPrepare,1300,
1271,NativeJobBarrier,100,
1271,CommitDecision,100,
1271,VoxelCommit,700,
1271,EcsCommandBufferCommit,80300,
1271,GasAndEventFinalize,42100,
1271,ReplicationProjection,154800,
1271,SnapshotHashMetrics,200,
1271,EgressPublish,17311300,
1272,IngressCapture,6500,
1272,DecodeAndCanonicalize,200,
1272,ApplyInputs,296700,
1272,ProcessorPlan,54600,
1272,CrossWorldPrepare,700,
1272,NativeJobBarrier,100,
1272,CommitDecision,200,
1272,VoxelCommit,600,
1272,EcsCommandBufferCommit,130100,
1272,GasAndEventFinalize,39400,
1272,ReplicationProjection,237500,
1272,SnapshotHashMetrics,800,
1272,EgressPublish,18968900,
1273,IngressCapture,5600,
1273,DecodeAndCanonicalize,200,
1273,ApplyInputs,328000,
1273,ProcessorPlan,67700,
1273,CrossWorldPrepare,1000,
1273,NativeJobBarrier,200,
1273,CommitDecision,400,
1273,VoxelCommit,600,
1273,EcsCommandBufferCommit,94900,
1273,GasAndEventFinalize,27900,
1273,ReplicationProjection,198700,
1273,SnapshotHashMetrics,600,
1273,EgressPublish,18409400,
1274,IngressCapture,4900,
1274,DecodeAndCanonicalize,200,
1274,ApplyInputs,358800,
1274,ProcessorPlan,49300,
1274,CrossWorldPrepare,1200,
1274,NativeJobBarrier,200,
1274,CommitDecision,200,
1274,VoxelCommit,1200,
1274,EcsCommandBufferCommit,104900,
1274,GasAndEventFinalize,36800,
1274,ReplicationProjection,250500,
1274,SnapshotHashMetrics,700,
1274,EgressPublish,20473400,
1275,IngressCapture,7200,
1275,DecodeAndCanonicalize,200,
1275,ApplyInputs,306400,
1275,ProcessorPlan,56000,
1275,CrossWorldPrepare,1500,
1275,NativeJobBarrier,200,
1275,CommitDecision,600,
1275,VoxelCommit,600,
1275,EcsCommandBufferCommit,126600,
1275,GasAndEventFinalize,38900,
1275,ReplicationProjection,261400,
1275,SnapshotHashMetrics,600,
1275,EgressPublish,16193400,
1276,IngressCapture,4000,
1276,DecodeAndCanonicalize,100,
1276,ApplyInputs,252300,
1276,ProcessorPlan,39000,
1276,CrossWorldPrepare,700,
1276,NativeJobBarrier,100,
1276,CommitDecision,100,
1276,VoxelCommit,300,
1276,EcsCommandBufferCommit,100100,
1276,GasAndEventFinalize,32200,
1276,ReplicationProjection,162100,
1276,SnapshotHashMetrics,200,
1276,EgressPublish,17328300,
1277,IngressCapture,7200,
1277,DecodeAndCanonicalize,200,
1277,ApplyInputs,339400,
1277,ProcessorPlan,47000,
1277,CrossWorldPrepare,500,
1277,NativeJobBarrier,200,
1277,CommitDecision,200,
1277,VoxelCommit,600,
1277,EcsCommandBufferCommit,107400,
1277,GasAndEventFinalize,37800,
1277,ReplicationProjection,218300,
1277,SnapshotHashMetrics,500,
1277,EgressPublish,17132300,
1278,IngressCapture,5500,
1278,DecodeAndCanonicalize,200,
1278,ApplyInputs,231000,
1278,ProcessorPlan,33000,
1278,CrossWorldPrepare,1100,
1278,NativeJobBarrier,200,
1278,CommitDecision,200,
1278,VoxelCommit,200,
1278,EcsCommandBufferCommit,77600,
1278,GasAndEventFinalize,23300,
1278,ReplicationProjection,143200,
1278,SnapshotHashMetrics,200,
1278,EgressPublish,16198800,
1279,IngressCapture,5300,
1279,DecodeAndCanonicalize,400,
1279,ApplyInputs,433000,
1279,ProcessorPlan,34800,
1279,CrossWorldPrepare,800,
1279,NativeJobBarrier,200,
1279,CommitDecision,100,
1279,VoxelCommit,600,
1279,EcsCommandBufferCommit,77200,
1279,GasAndEventFinalize,38200,
1279,ReplicationProjection,168000,
1279,SnapshotHashMetrics,1100,
1279,EgressPublish,17287700,
1280,IngressCapture,5800,
1280,DecodeAndCanonicalize,200,
1280,ApplyInputs,341600,
1280,ProcessorPlan,73900,
1280,CrossWorldPrepare,1000,
1280,NativeJobBarrier,600,
1280,CommitDecision,700,
1280,VoxelCommit,1300,
1280,EcsCommandBufferCommit,125700,
1280,GasAndEventFinalize,37200,
1280,ReplicationProjection,238100,
1280,SnapshotHashMetrics,600,
1280,EgressPublish,19366800,
1281,IngressCapture,3400,
1281,DecodeAndCanonicalize,200,
1281,ApplyInputs,309100,
1281,ProcessorPlan,53400,
1281,CrossWorldPrepare,1300,
1281,NativeJobBarrier,400,
1281,CommitDecision,200,
1281,VoxelCommit,200,
1281,EcsCommandBufferCommit,115200,
1281,GasAndEventFinalize,36400,
1281,ReplicationProjection,220900,
1281,SnapshotHashMetrics,400,
1281,EgressPublish,18332100,
1282,IngressCapture,5300,
1282,DecodeAndCanonicalize,100,
1282,ApplyInputs,205600,
1282,ProcessorPlan,38300,
1282,CrossWorldPrepare,700,
1282,NativeJobBarrier,300,
1282,CommitDecision,400,
1282,VoxelCommit,200,
1282,EcsCommandBufferCommit,91700,
1282,GasAndEventFinalize,26000,
1282,ReplicationProjection,144600,
1282,SnapshotHashMetrics,200,
1282,EgressPublish,16197900,
1283,IngressCapture,4500,
1283,DecodeAndCanonicalize,200,
1283,ApplyInputs,342300,
1283,ProcessorPlan,49400,
1283,CrossWorldPrepare,1000,
1283,NativeJobBarrier,200,
1283,CommitDecision,400,
1283,VoxelCommit,900,
1283,EcsCommandBufferCommit,103400,
1283,GasAndEventFinalize,41200,
1283,ReplicationProjection,226700,
1283,SnapshotHashMetrics,800,
1283,EgressPublish,20716500,
1284,IngressCapture,3300,
1284,DecodeAndCanonicalize,200,
1284,ApplyInputs,195100,
1284,ProcessorPlan,31800,
1284,CrossWorldPrepare,900,
1284,NativeJobBarrier,100,
1284,CommitDecision,300,
1284,VoxelCommit,600,
1284,EcsCommandBufferCommit,58700,
1284,GasAndEventFinalize,21700,
1284,ReplicationProjection,134800,
1284,SnapshotHashMetrics,600,
1284,EgressPublish,15875300,
1285,IngressCapture,5200,
1285,DecodeAndCanonicalize,200,
1285,ApplyInputs,416900,
1285,ProcessorPlan,53200,
1285,CrossWorldPrepare,1700,
1285,NativeJobBarrier,600,
1285,CommitDecision,500,
1285,VoxelCommit,600,
1285,EcsCommandBufferCommit,113400,
1285,GasAndEventFinalize,31600,
1285,ReplicationProjection,220800,
1285,SnapshotHashMetrics,600,
1285,EgressPublish,16908800,
1286,IngressCapture,4500,
1286,DecodeAndCanonicalize,300,
1286,ApplyInputs,247900,
1286,ProcessorPlan,48200,
1286,CrossWorldPrepare,2300,
1286,NativeJobBarrier,300,
1286,CommitDecision,400,
1286,VoxelCommit,700,
1286,EcsCommandBufferCommit,105100,
1286,GasAndEventFinalize,32300,
1286,ReplicationProjection,215000,
1286,SnapshotHashMetrics,1000,
1286,EgressPublish,17250800,
1287,IngressCapture,6000,
1287,DecodeAndCanonicalize,200,
1287,ApplyInputs,618200,
1287,ProcessorPlan,83600,
1287,CrossWorldPrepare,1700,
1287,NativeJobBarrier,200,
1287,CommitDecision,200,
1287,VoxelCommit,800,
1287,EcsCommandBufferCommit,107200,
1287,GasAndEventFinalize,65500,
1287,ReplicationProjection,267700,
1287,SnapshotHashMetrics,600,
1287,EgressPublish,18126800,
1288,IngressCapture,3700,
1288,DecodeAndCanonicalize,200,
1288,ApplyInputs,325500,
1288,ProcessorPlan,54400,
1288,CrossWorldPrepare,800,
1288,NativeJobBarrier,500,
1288,CommitDecision,200,
1288,VoxelCommit,600,
1288,EcsCommandBufferCommit,133500,
1288,GasAndEventFinalize,45100,
1288,ReplicationProjection,260400,
1288,SnapshotHashMetrics,500,
1288,EgressPublish,17812000,
1289,IngressCapture,4800,
1289,DecodeAndCanonicalize,300,
1289,ApplyInputs,256000,
1289,ProcessorPlan,79700,
1289,CrossWorldPrepare,1200,
1289,NativeJobBarrier,100,
1289,CommitDecision,300,
1289,VoxelCommit,100,
1289,EcsCommandBufferCommit,95000,
1289,GasAndEventFinalize,18400,
1289,ReplicationProjection,144600,
1289,SnapshotHashMetrics,100,
1289,EgressPublish,17299200,
1290,IngressCapture,7100,
1290,DecodeAndCanonicalize,800,
1290,ApplyInputs,418900,
1290,ProcessorPlan,46200,
1290,CrossWorldPrepare,1000,
1290,NativeJobBarrier,100,
1290,CommitDecision,200,
1290,VoxelCommit,600,
1290,EcsCommandBufferCommit,106400,
1290,GasAndEventFinalize,83700,
1290,ReplicationProjection,250600,
1290,SnapshotHashMetrics,600,
1290,EgressPublish,19466700,
1291,IngressCapture,4500,
1291,DecodeAndCanonicalize,200,
1291,ApplyInputs,319300,
1291,ProcessorPlan,48300,
1291,CrossWorldPrepare,800,
1291,NativeJobBarrier,400,
1291,CommitDecision,300,
1291,VoxelCommit,600,
1291,EcsCommandBufferCommit,91800,
1291,GasAndEventFinalize,31800,
1291,ReplicationProjection,206600,
1291,SnapshotHashMetrics,700,
1291,EgressPublish,13997300,
1292,IngressCapture,4800,
1292,DecodeAndCanonicalize,200,
1292,ApplyInputs,286500,
1292,ProcessorPlan,53800,
1292,CrossWorldPrepare,1300,
1292,NativeJobBarrier,300,
1292,CommitDecision,300,
1292,VoxelCommit,1400,
1292,EcsCommandBufferCommit,94800,
1292,GasAndEventFinalize,32800,
1292,ReplicationProjection,200300,
1292,SnapshotHashMetrics,400,
1292,EgressPublish,14432800,
1293,IngressCapture,3900,
1293,DecodeAndCanonicalize,300,
1293,ApplyInputs,406100,
1293,ProcessorPlan,47400,
1293,CrossWorldPrepare,1400,
1293,NativeJobBarrier,400,
1293,CommitDecision,200,
1293,VoxelCommit,400,
1293,EcsCommandBufferCommit,102100,
1293,GasAndEventFinalize,29200,
1293,ReplicationProjection,202300,
1293,SnapshotHashMetrics,400,
1293,EgressPublish,16520800,
1294,IngressCapture,5000,
1294,DecodeAndCanonicalize,100,
1294,ApplyInputs,288800,
1294,ProcessorPlan,72300,
1294,CrossWorldPrepare,1100,
1294,NativeJobBarrier,100,
1294,CommitDecision,200,
1294,VoxelCommit,700,
1294,EcsCommandBufferCommit,66800,
1294,GasAndEventFinalize,35000,
1294,ReplicationProjection,133100,
1294,SnapshotHashMetrics,100,
1294,EgressPublish,13985900,
1295,IngressCapture,4700,
1295,DecodeAndCanonicalize,200,
1295,ApplyInputs,317900,
1295,ProcessorPlan,48300,
1295,CrossWorldPrepare,500,
1295,NativeJobBarrier,200,
1295,CommitDecision,200,
1295,VoxelCommit,300,
1295,EcsCommandBufferCommit,86900,
1295,GasAndEventFinalize,28200,
1295,ReplicationProjection,198100,
1295,SnapshotHashMetrics,300,
1295,EgressPublish,13856400,
1296,IngressCapture,6900,
1296,DecodeAndCanonicalize,200,
1296,ApplyInputs,286500,
1296,ProcessorPlan,52500,
1296,CrossWorldPrepare,1200,
1296,NativeJobBarrier,300,
1296,CommitDecision,300,
1296,VoxelCommit,1400,
1296,EcsCommandBufferCommit,94100,
1296,GasAndEventFinalize,43900,
1296,ReplicationProjection,207600,
1296,SnapshotHashMetrics,500,
1296,EgressPublish,15611500,
1297,IngressCapture,3600,
1297,DecodeAndCanonicalize,200,
1297,ApplyInputs,284100,
1297,ProcessorPlan,42000,
1297,CrossWorldPrepare,600,
1297,NativeJobBarrier,200,
1297,CommitDecision,200,
1297,VoxelCommit,900,
1297,EcsCommandBufferCommit,79400,
1297,GasAndEventFinalize,25300,
1297,ReplicationProjection,191800,
1297,SnapshotHashMetrics,300,
1297,EgressPublish,16947600,
1298,IngressCapture,5400,
1298,DecodeAndCanonicalize,300,
1298,ApplyInputs,357300,
1298,ProcessorPlan,48400,
1298,CrossWorldPrepare,900,
1298,NativeJobBarrier,300,
1298,CommitDecision,300,
1298,VoxelCommit,800,
1298,EcsCommandBufferCommit,93000,
1298,GasAndEventFinalize,25700,
1298,ReplicationProjection,226300,
1298,SnapshotHashMetrics,300,
1298,EgressPublish,16918500,
1299,IngressCapture,6200,
1299,DecodeAndCanonicalize,300,
1299,ApplyInputs,231000,
1299,ProcessorPlan,44700,
1299,CrossWorldPrepare,600,
1299,NativeJobBarrier,300,
1299,CommitDecision,200,
1299,VoxelCommit,400,
1299,EcsCommandBufferCommit,89500,
1299,GasAndEventFinalize,29600,
1299,ReplicationProjection,838400,
1299,SnapshotHashMetrics,500,
1299,EgressPublish,17107700,
1300,IngressCapture,5600,
1300,DecodeAndCanonicalize,200,
1300,ApplyInputs,452500,
1300,ProcessorPlan,66700,
1300,CrossWorldPrepare,800,
1300,NativeJobBarrier,200,
1300,CommitDecision,500,
1300,VoxelCommit,700,
1300,EcsCommandBufferCommit,132900,
1300,GasAndEventFinalize,46400,
1300,ReplicationProjection,261200,
1300,SnapshotHashMetrics,700,
1300,EgressPublish,17994300,
1301,IngressCapture,4300,
1301,DecodeAndCanonicalize,200,
1301,ApplyInputs,283200,
1301,ProcessorPlan,58300,
1301,CrossWorldPrepare,1100,
1301,NativeJobBarrier,300,
1301,CommitDecision,400,
1301,VoxelCommit,300,
1301,EcsCommandBufferCommit,119500,
1301,GasAndEventFinalize,36400,
1301,ReplicationProjection,224400,
1301,SnapshotHashMetrics,400,
1301,EgressPublish,15271800,
1302,IngressCapture,4800,
1302,DecodeAndCanonicalize,200,
1302,ApplyInputs,529800,
1302,ProcessorPlan,92200,
1302,CrossWorldPrepare,600,
1302,NativeJobBarrier,100,
1302,CommitDecision,400,
1302,VoxelCommit,700,
1302,EcsCommandBufferCommit,71700,
1302,GasAndEventFinalize,46600,
1302,ReplicationProjection,184100,
1302,SnapshotHashMetrics,300,
1302,EgressPublish,12587100,
1303,IngressCapture,4900,
1303,DecodeAndCanonicalize,300,
1303,ApplyInputs,325400,
1303,ProcessorPlan,70000,
1303,CrossWorldPrepare,800,
1303,NativeJobBarrier,200,
1303,CommitDecision,200,
1303,VoxelCommit,800,
1303,EcsCommandBufferCommit,176600,
1303,GasAndEventFinalize,52400,
1303,ReplicationProjection,225400,
1303,SnapshotHashMetrics,800,
1303,EgressPublish,17244400,
1304,IngressCapture,4500,
1304,DecodeAndCanonicalize,300,
1304,ApplyInputs,238400,
1304,ProcessorPlan,48800,
1304,CrossWorldPrepare,1200,
1304,NativeJobBarrier,300,
1304,CommitDecision,600,
1304,VoxelCommit,1000,
1304,EcsCommandBufferCommit,93400,
1304,GasAndEventFinalize,36100,
1304,ReplicationProjection,182000,
1304,SnapshotHashMetrics,600,
1304,EgressPublish,15942300,
1305,IngressCapture,3700,
1305,DecodeAndCanonicalize,100,
1305,ApplyInputs,241900,
1305,ProcessorPlan,30200,
1305,CrossWorldPrepare,700,
1305,NativeJobBarrier,200,
1305,CommitDecision,100,
1305,VoxelCommit,300,
1305,EcsCommandBufferCommit,63000,
1305,GasAndEventFinalize,20400,
1305,ReplicationProjection,116600,
1305,SnapshotHashMetrics,200,
1305,EgressPublish,13813700,
1306,IngressCapture,4700,
1306,DecodeAndCanonicalize,100,
1306,ApplyInputs,196500,
1306,ProcessorPlan,33900,
1306,CrossWorldPrepare,1000,
1306,NativeJobBarrier,200,
1306,CommitDecision,300,
1306,VoxelCommit,700,
1306,EcsCommandBufferCommit,79100,
1306,GasAndEventFinalize,25300,
1306,ReplicationProjection,122700,
1306,SnapshotHashMetrics,400,
1306,EgressPublish,11758400,
1307,IngressCapture,3900,
1307,DecodeAndCanonicalize,200,
1307,ApplyInputs,360900,
1307,ProcessorPlan,47200,
1307,CrossWorldPrepare,800,
1307,NativeJobBarrier,300,
1307,CommitDecision,300,
1307,VoxelCommit,300,
1307,EcsCommandBufferCommit,766200,
1307,GasAndEventFinalize,71500,
1307,ReplicationProjection,672400,
1307,SnapshotHashMetrics,500,
1307,EgressPublish,14391600,
1308,IngressCapture,4200,
1308,DecodeAndCanonicalize,200,
1308,ApplyInputs,317100,
1308,ProcessorPlan,50800,
1308,CrossWorldPrepare,600,
1308,NativeJobBarrier,200,
1308,CommitDecision,300,
1308,VoxelCommit,900,
1308,EcsCommandBufferCommit,111200,
1308,GasAndEventFinalize,35700,
1308,ReplicationProjection,198800,
1308,SnapshotHashMetrics,400,
1308,EgressPublish,18790100,
1309,IngressCapture,5900,
1309,DecodeAndCanonicalize,200,
1309,ApplyInputs,232800,
1309,ProcessorPlan,48400,
1309,CrossWorldPrepare,900,
1309,NativeJobBarrier,200,
1309,CommitDecision,200,
1309,VoxelCommit,1300,
1309,EcsCommandBufferCommit,98400,
1309,GasAndEventFinalize,29100,
1309,ReplicationProjection,138700,
1309,SnapshotHashMetrics,200,
1309,EgressPublish,15139600,
1310,IngressCapture,5000,
1310,DecodeAndCanonicalize,200,
1310,ApplyInputs,494700,
1310,ProcessorPlan,50200,
1310,CrossWorldPrepare,800,
1310,NativeJobBarrier,200,
1310,CommitDecision,200,
1310,VoxelCommit,700,
1310,EcsCommandBufferCommit,88300,
1310,GasAndEventFinalize,38400,
1310,ReplicationProjection,186700,
1310,SnapshotHashMetrics,800,
1310,EgressPublish,13958000,
1311,IngressCapture,6100,
1311,DecodeAndCanonicalize,200,
1311,ApplyInputs,232700,
1311,ProcessorPlan,35600,
1311,CrossWorldPrepare,800,
1311,NativeJobBarrier,200,
1311,CommitDecision,500,
1311,VoxelCommit,1000,
1311,EcsCommandBufferCommit,112900,
1311,GasAndEventFinalize,38600,
1311,ReplicationProjection,172200,
1311,SnapshotHashMetrics,300,
1311,EgressPublish,16298400,
1312,IngressCapture,4900,
1312,DecodeAndCanonicalize,100,
1312,ApplyInputs,218900,
1312,ProcessorPlan,32700,
1312,CrossWorldPrepare,600,
1312,NativeJobBarrier,200,
1312,CommitDecision,300,
1312,VoxelCommit,200,
1312,EcsCommandBufferCommit,72100,
1312,GasAndEventFinalize,24000,
1312,ReplicationProjection,124100,
1312,SnapshotHashMetrics,200,
1312,EgressPublish,16492600,
1313,IngressCapture,4100,
1313,DecodeAndCanonicalize,100,
1313,ApplyInputs,186800,
1313,ProcessorPlan,32700,
1313,CrossWorldPrepare,500,
1313,NativeJobBarrier,100,
1313,CommitDecision,200,
1313,VoxelCommit,800,
1313,EcsCommandBufferCommit,73800,
1313,GasAndEventFinalize,23200,
1313,ReplicationProjection,123100,
1313,SnapshotHashMetrics,200,
1313,EgressPublish,16832400,
1314,IngressCapture,7500,
1314,DecodeAndCanonicalize,500,
1314,ApplyInputs,371000,
1314,ProcessorPlan,56300,
1314,CrossWorldPrepare,700,
1314,NativeJobBarrier,200,
1314,CommitDecision,200,
1314,VoxelCommit,900,
1314,EcsCommandBufferCommit,122900,
1314,GasAndEventFinalize,41500,
1314,ReplicationProjection,199400,
1314,SnapshotHashMetrics,900,
1314,EgressPublish,19532400,
1315,IngressCapture,5100,
1315,DecodeAndCanonicalize,400,
1315,ApplyInputs,241800,
1315,ProcessorPlan,38100,
1315,CrossWorldPrepare,600,
1315,NativeJobBarrier,200,
1315,CommitDecision,100,
1315,VoxelCommit,500,
1315,EcsCommandBufferCommit,89100,
1315,GasAndEventFinalize,23600,
1315,ReplicationProjection,134500,
1315,SnapshotHashMetrics,200,
1315,EgressPublish,14869100,
1316,IngressCapture,6600,
1316,DecodeAndCanonicalize,200,
1316,ApplyInputs,274700,
1316,ProcessorPlan,55200,
1316,CrossWorldPrepare,1400,
1316,NativeJobBarrier,600,
1316,CommitDecision,300,
1316,VoxelCommit,400,
1316,EcsCommandBufferCommit,113100,
1316,GasAndEventFinalize,34000,
1316,ReplicationProjection,194400,
1316,SnapshotHashMetrics,400,
1316,EgressPublish,19332100,
1317,IngressCapture,5100,
1317,DecodeAndCanonicalize,300,
1317,ApplyInputs,459400,
1317,ProcessorPlan,48800,
1317,CrossWorldPrepare,600,
1317,NativeJobBarrier,200,
1317,CommitDecision,300,
1317,VoxelCommit,900,
1317,EcsCommandBufferCommit,89200,
1317,GasAndEventFinalize,25600,
1317,ReplicationProjection,228100,
1317,SnapshotHashMetrics,800,
1317,EgressPublish,16596100,
1318,IngressCapture,4700,
1318,DecodeAndCanonicalize,800,
1318,ApplyInputs,471700,
1318,ProcessorPlan,56500,
1318,CrossWorldPrepare,600,
1318,NativeJobBarrier,100,
1318,CommitDecision,200,
1318,VoxelCommit,500,
1318,EcsCommandBufferCommit,86000,
1318,GasAndEventFinalize,41400,
1318,ReplicationProjection,130600,
1318,SnapshotHashMetrics,200,
1318,EgressPublish,13264600,
1319,IngressCapture,4200,
1319,DecodeAndCanonicalize,200,
1319,ApplyInputs,321500,
1319,ProcessorPlan,48400,
1319,CrossWorldPrepare,700,
1319,NativeJobBarrier,400,
1319,CommitDecision,100,
1319,VoxelCommit,1000,
1319,EcsCommandBufferCommit,105300,
1319,GasAndEventFinalize,36700,
1319,ReplicationProjection,221900,
1319,SnapshotHashMetrics,400,
1319,EgressPublish,17657500,
1320,IngressCapture,6300,
1320,DecodeAndCanonicalize,200,
1320,ApplyInputs,360700,
1320,ProcessorPlan,75200,
1320,CrossWorldPrepare,600,
1320,NativeJobBarrier,200,
1320,CommitDecision,200,
1320,VoxelCommit,800,
1320,EcsCommandBufferCommit,98800,
1320,GasAndEventFinalize,29100,
1320,ReplicationProjection,189300,
1320,SnapshotHashMetrics,400,
1320,EgressPublish,19686400,
1321,IngressCapture,3500,
1321,DecodeAndCanonicalize,400,
1321,ApplyInputs,456600,
1321,ProcessorPlan,64800,
1321,CrossWorldPrepare,1400,
1321,NativeJobBarrier,900,
1321,CommitDecision,400,
1321,VoxelCommit,1000,
1321,EcsCommandBufferCommit,109900,
1321,GasAndEventFinalize,30600,
1321,ReplicationProjection,217800,
1321,SnapshotHashMetrics,400,
1321,EgressPublish,17865200,
1322,IngressCapture,4300,
1322,DecodeAndCanonicalize,500,
1322,ApplyInputs,257600,
1322,ProcessorPlan,51900,
1322,CrossWorldPrepare,1300,
1322,NativeJobBarrier,200,
1322,CommitDecision,200,
1322,VoxelCommit,1500,
1322,EcsCommandBufferCommit,114000,
1322,GasAndEventFinalize,39300,
1322,ReplicationProjection,216900,
1322,SnapshotHashMetrics,300,
1322,EgressPublish,18940500,
1323,IngressCapture,5600,
1323,DecodeAndCanonicalize,200,
1323,ApplyInputs,398600,
1323,ProcessorPlan,57300,
1323,CrossWorldPrepare,900,
1323,NativeJobBarrier,200,
1323,CommitDecision,200,
1323,VoxelCommit,600,
1323,EcsCommandBufferCommit,125300,
1323,GasAndEventFinalize,41900,
1323,ReplicationProjection,202600,
1323,SnapshotHashMetrics,500,
1323,EgressPublish,20026300,
1324,IngressCapture,3800,
1324,DecodeAndCanonicalize,300,
1324,ApplyInputs,199200,
1324,ProcessorPlan,32600,
1324,CrossWorldPrepare,700,
1324,NativeJobBarrier,100,
1324,CommitDecision,100,
1324,VoxelCommit,200,
1324,EcsCommandBufferCommit,76800,
1324,GasAndEventFinalize,24300,
1324,ReplicationProjection,130000,
1324,SnapshotHashMetrics,500,
1324,EgressPublish,14413200,
1325,IngressCapture,5000,
1325,DecodeAndCanonicalize,200,
1325,ApplyInputs,285200,
1325,ProcessorPlan,38300,
1325,CrossWorldPrepare,700,
1325,NativeJobBarrier,100,
1325,CommitDecision,400,
1325,VoxelCommit,700,
1325,EcsCommandBufferCommit,74800,
1325,GasAndEventFinalize,15800,
1325,ReplicationProjection,204500,
1325,SnapshotHashMetrics,600,
1325,EgressPublish,13172600,
1326,IngressCapture,7500,
1326,DecodeAndCanonicalize,200,
1326,ApplyInputs,536000,
1326,ProcessorPlan,55700,
1326,CrossWorldPrepare,600,
1326,NativeJobBarrier,200,
1326,CommitDecision,300,
1326,VoxelCommit,600,
1326,EcsCommandBufferCommit,103600,
1326,GasAndEventFinalize,53100,
1326,ReplicationProjection,144300,
1326,SnapshotHashMetrics,200,
1326,EgressPublish,18502700,
1327,IngressCapture,5400,
1327,DecodeAndCanonicalize,200,
1327,ApplyInputs,297800,
1327,ProcessorPlan,37700,
1327,CrossWorldPrepare,700,
1327,NativeJobBarrier,200,
1327,CommitDecision,200,
1327,VoxelCommit,500,
1327,EcsCommandBufferCommit,104300,
1327,GasAndEventFinalize,28200,
1327,ReplicationProjection,131100,
1327,SnapshotHashMetrics,200,
1327,EgressPublish,18755400,
1328,IngressCapture,4600,
1328,DecodeAndCanonicalize,100,
1328,ApplyInputs,179400,
1328,ProcessorPlan,32200,
1328,CrossWorldPrepare,600,
1328,NativeJobBarrier,200,
1328,CommitDecision,200,
1328,VoxelCommit,400,
1328,EcsCommandBufferCommit,73200,
1328,GasAndEventFinalize,25600,
1328,ReplicationProjection,124500,
1328,SnapshotHashMetrics,200,
1328,EgressPublish,15585200,
1329,IngressCapture,10700,
1329,DecodeAndCanonicalize,200,
1329,ApplyInputs,225300,
1329,ProcessorPlan,31300,
1329,CrossWorldPrepare,1400,
1329,NativeJobBarrier,200,
1329,CommitDecision,200,
1329,VoxelCommit,200,
1329,EcsCommandBufferCommit,80800,
1329,GasAndEventFinalize,23200,
1329,ReplicationProjection,123600,
1329,SnapshotHashMetrics,100,
1329,EgressPublish,17309500,
1330,IngressCapture,7100,
1330,DecodeAndCanonicalize,300,
1330,ApplyInputs,450900,
1330,ProcessorPlan,55500,
1330,CrossWorldPrepare,1600,
1330,NativeJobBarrier,300,
1330,CommitDecision,800,
1330,VoxelCommit,900,
1330,EcsCommandBufferCommit,133600,
1330,GasAndEventFinalize,41700,
1330,ReplicationProjection,222100,
1330,SnapshotHashMetrics,600,
1330,EgressPublish,17115900,
1331,IngressCapture,5600,
1331,DecodeAndCanonicalize,100,
1331,ApplyInputs,224700,
1331,ProcessorPlan,34900,
1331,CrossWorldPrepare,1000,
1331,NativeJobBarrier,300,
1331,CommitDecision,700,
1331,VoxelCommit,500,
1331,EcsCommandBufferCommit,84500,
1331,GasAndEventFinalize,28300,
1331,ReplicationProjection,131100,
1331,SnapshotHashMetrics,100,
1331,EgressPublish,15248500,
1332,IngressCapture,3300,
1332,DecodeAndCanonicalize,100,
1332,ApplyInputs,192600,
1332,ProcessorPlan,30900,
1332,CrossWorldPrepare,500,
1332,NativeJobBarrier,100,
1332,CommitDecision,200,
1332,VoxelCommit,400,
1332,EcsCommandBufferCommit,76000,
1332,GasAndEventFinalize,26100,
1332,ReplicationProjection,122300,
1332,SnapshotHashMetrics,200,
1332,EgressPublish,14482600,
1333,IngressCapture,5800,
1333,DecodeAndCanonicalize,200,
1333,ApplyInputs,235600,
1333,ProcessorPlan,54000,
1333,CrossWorldPrepare,900,
1333,NativeJobBarrier,400,
1333,CommitDecision,200,
1333,VoxelCommit,900,
1333,EcsCommandBufferCommit,137200,
1333,GasAndEventFinalize,215600,
1333,ReplicationProjection,208800,
1333,SnapshotHashMetrics,200,
1333,EgressPublish,17763500,
1334,IngressCapture,4200,
1334,DecodeAndCanonicalize,200,
1334,ApplyInputs,558900,
1334,ProcessorPlan,92300,
1334,CrossWorldPrepare,900,
1334,NativeJobBarrier,300,
1334,CommitDecision,400,
1334,VoxelCommit,700,
1334,EcsCommandBufferCommit,97200,
1334,GasAndEventFinalize,53800,
1334,ReplicationProjection,187600,
1334,SnapshotHashMetrics,500,
1334,EgressPublish,15125400,
1335,IngressCapture,6800,
1335,DecodeAndCanonicalize,200,
1335,ApplyInputs,291700,
1335,ProcessorPlan,53700,
1335,CrossWorldPrepare,1800,
1335,NativeJobBarrier,100,
1335,CommitDecision,300,
1335,VoxelCommit,700,
1335,EcsCommandBufferCommit,118800,
1335,GasAndEventFinalize,35600,
1335,ReplicationProjection,204500,
1335,SnapshotHashMetrics,600,
1335,EgressPublish,21248400,
1336,IngressCapture,4200,
1336,DecodeAndCanonicalize,200,
1336,ApplyInputs,198700,
1336,ProcessorPlan,30700,
1336,CrossWorldPrepare,600,
1336,NativeJobBarrier,200,
1336,CommitDecision,100,
1336,VoxelCommit,200,
1336,EcsCommandBufferCommit,73800,
1336,GasAndEventFinalize,20800,
1336,ReplicationProjection,119700,
1336,SnapshotHashMetrics,1000,
1336,EgressPublish,16239000,
1337,IngressCapture,4400,
1337,DecodeAndCanonicalize,200,
1337,ApplyInputs,220200,
1337,ProcessorPlan,49800,
1337,CrossWorldPrepare,1000,
1337,NativeJobBarrier,400,
1337,CommitDecision,200,
1337,VoxelCommit,600,
1337,EcsCommandBufferCommit,80500,
1337,GasAndEventFinalize,29100,
1337,ReplicationProjection,183000,
1337,SnapshotHashMetrics,200,
1337,EgressPublish,16987700,
1338,IngressCapture,3400,
1338,DecodeAndCanonicalize,200,
1338,ApplyInputs,288800,
1338,ProcessorPlan,45100,
1338,CrossWorldPrepare,500,
1338,NativeJobBarrier,200,
1338,CommitDecision,100,
1338,VoxelCommit,800,
1338,EcsCommandBufferCommit,85300,
1338,GasAndEventFinalize,29900,
1338,ReplicationProjection,174100,
1338,SnapshotHashMetrics,300,
1338,EgressPublish,14759100,
1339,IngressCapture,5100,
1339,DecodeAndCanonicalize,200,
1339,ApplyInputs,449800,
1339,ProcessorPlan,66500,
1339,CrossWorldPrepare,700,
1339,NativeJobBarrier,900,
1339,CommitDecision,200,
1339,VoxelCommit,500,
1339,EcsCommandBufferCommit,126300,
1339,GasAndEventFinalize,40300,
1339,ReplicationProjection,200700,
1339,SnapshotHashMetrics,400,
1339,EgressPublish,14708600,
1340,IngressCapture,5600,
1340,DecodeAndCanonicalize,200,
1340,ApplyInputs,293100,
1340,ProcessorPlan,57200,
1340,CrossWorldPrepare,800,
1340,NativeJobBarrier,200,
1340,CommitDecision,300,
1340,VoxelCommit,600,
1340,EcsCommandBufferCommit,135300,
1340,GasAndEventFinalize,45000,
1340,ReplicationProjection,237900,
1340,SnapshotHashMetrics,400,
1340,EgressPublish,15823900,
1341,IngressCapture,4400,
1341,DecodeAndCanonicalize,300,
1341,ApplyInputs,315000,
1341,ProcessorPlan,48600,
1341,CrossWorldPrepare,700,
1341,NativeJobBarrier,200,
1341,CommitDecision,300,
1341,VoxelCommit,400,
1341,EcsCommandBufferCommit,102700,
1341,GasAndEventFinalize,30600,
1341,ReplicationProjection,190200,
1341,SnapshotHashMetrics,500,
1341,EgressPublish,16003500,
1342,IngressCapture,4600,
1342,DecodeAndCanonicalize,100,
1342,ApplyInputs,278600,
1342,ProcessorPlan,33700,
1342,CrossWorldPrepare,600,
1342,NativeJobBarrier,100,
1342,CommitDecision,200,
1342,VoxelCommit,500,
1342,EcsCommandBufferCommit,563900,
1342,GasAndEventFinalize,53000,
1342,ReplicationProjection,399900,
1342,SnapshotHashMetrics,300,
1342,EgressPublish,13305300,
1343,IngressCapture,6300,
1343,DecodeAndCanonicalize,200,
1343,ApplyInputs,961300,
1343,ProcessorPlan,46300,
1343,CrossWorldPrepare,900,
1343,NativeJobBarrier,400,
1343,CommitDecision,400,
1343,VoxelCommit,700,
1343,EcsCommandBufferCommit,139400,
1343,GasAndEventFinalize,57700,
1343,ReplicationProjection,153500,
1343,SnapshotHashMetrics,200,
1343,EgressPublish,16510800,
1344,IngressCapture,4800,
1344,DecodeAndCanonicalize,100,
1344,ApplyInputs,233400,
1344,ProcessorPlan,33800,
1344,CrossWorldPrepare,800,
1344,NativeJobBarrier,200,
1344,CommitDecision,200,
1344,VoxelCommit,400,
1344,EcsCommandBufferCommit,77800,
1344,GasAndEventFinalize,23000,
1344,ReplicationProjection,130100,
1344,SnapshotHashMetrics,200,
1344,EgressPublish,16613000,
1345,IngressCapture,4300,
1345,DecodeAndCanonicalize,300,
1345,ApplyInputs,267900,
1345,ProcessorPlan,38300,
1345,CrossWorldPrepare,600,
1345,NativeJobBarrier,200,
1345,CommitDecision,400,
1345,VoxelCommit,400,
1345,EcsCommandBufferCommit,81200,
1345,GasAndEventFinalize,18100,
1345,ReplicationProjection,131500,
1345,SnapshotHashMetrics,200,
1345,EgressPublish,14208400,
1346,IngressCapture,3800,
1346,DecodeAndCanonicalize,600,
1346,ApplyInputs,214600,
1346,ProcessorPlan,32500,
1346,CrossWorldPrepare,600,
1346,NativeJobBarrier,100,
1346,CommitDecision,300,
1346,VoxelCommit,200,
1346,EcsCommandBufferCommit,77000,
1346,GasAndEventFinalize,23000,
1346,ReplicationProjection,132600,
1346,SnapshotHashMetrics,200,
1346,EgressPublish,15818800,
1347,IngressCapture,5100,
1347,DecodeAndCanonicalize,200,
1347,ApplyInputs,279400,
1347,ProcessorPlan,63700,
1347,CrossWorldPrepare,1400,
1347,NativeJobBarrier,200,
1347,CommitDecision,200,
1347,VoxelCommit,800,
1347,EcsCommandBufferCommit,98700,
1347,GasAndEventFinalize,37700,
1347,ReplicationProjection,195800,
1347,SnapshotHashMetrics,500,
1347,EgressPublish,17900900,
1348,IngressCapture,5600,
1348,DecodeAndCanonicalize,200,
1348,ApplyInputs,395500,
1348,ProcessorPlan,57000,
1348,CrossWorldPrepare,1300,
1348,NativeJobBarrier,400,
1348,CommitDecision,1200,
1348,VoxelCommit,900,
1348,EcsCommandBufferCommit,110700,
1348,GasAndEventFinalize,36400,
1348,ReplicationProjection,228800,
1348,SnapshotHashMetrics,600,
1348,EgressPublish,15993100,
1349,IngressCapture,2700,
1349,DecodeAndCanonicalize,200,
1349,ApplyInputs,211900,
1349,ProcessorPlan,31300,
1349,CrossWorldPrepare,500,
1349,NativeJobBarrier,800,
1349,CommitDecision,100,
1349,VoxelCommit,400,
1349,EcsCommandBufferCommit,81900,
1349,GasAndEventFinalize,25400,
1349,ReplicationProjection,134100,
1349,SnapshotHashMetrics,200,
1349,EgressPublish,12156300,
1350,IngressCapture,4800,
1350,DecodeAndCanonicalize,200,
1350,ApplyInputs,238700,
1350,ProcessorPlan,46900,
1350,CrossWorldPrepare,700,
1350,NativeJobBarrier,200,
1350,CommitDecision,200,
1350,VoxelCommit,400,
1350,EcsCommandBufferCommit,103400,
1350,GasAndEventFinalize,32500,
1350,ReplicationProjection,181800,
1350,SnapshotHashMetrics,200,
1350,EgressPublish,14896800,
1351,IngressCapture,3100,
1351,DecodeAndCanonicalize,300,
1351,ApplyInputs,643500,
1351,ProcessorPlan,48400,
1351,CrossWorldPrepare,900,
1351,NativeJobBarrier,200,
1351,CommitDecision,200,
1351,VoxelCommit,600,
1351,EcsCommandBufferCommit,82600,
1351,GasAndEventFinalize,43600,
1351,ReplicationProjection,221300,
1351,SnapshotHashMetrics,700,
1351,EgressPublish,15166800,
1352,IngressCapture,4900,
1352,DecodeAndCanonicalize,200,
1352,ApplyInputs,274300,
1352,ProcessorPlan,61800,
1352,CrossWorldPrepare,600,
1352,NativeJobBarrier,200,
1352,CommitDecision,300,
1352,VoxelCommit,800,
1352,EcsCommandBufferCommit,114500,
1352,GasAndEventFinalize,38900,
1352,ReplicationProjection,220900,
1352,SnapshotHashMetrics,300,
1352,EgressPublish,11869400,
1353,IngressCapture,5200,
1353,DecodeAndCanonicalize,200,
1353,ApplyInputs,284300,
1353,ProcessorPlan,48800,
1353,CrossWorldPrepare,1600,
1353,NativeJobBarrier,300,
1353,CommitDecision,200,
1353,VoxelCommit,400,
1353,EcsCommandBufferCommit,74500,
1353,GasAndEventFinalize,24100,
1353,ReplicationProjection,189500,
1353,SnapshotHashMetrics,500,
1353,EgressPublish,13829900,
1354,IngressCapture,3800,
1354,DecodeAndCanonicalize,200,
1354,ApplyInputs,173600,
1354,ProcessorPlan,28700,
1354,CrossWorldPrepare,400,
1354,NativeJobBarrier,100,
1354,CommitDecision,200,
1354,VoxelCommit,600,
1354,EcsCommandBufferCommit,67300,
1354,GasAndEventFinalize,19600,
1354,ReplicationProjection,118500,
1354,SnapshotHashMetrics,200,
1354,EgressPublish,12440600,
1355,IngressCapture,6800,
1355,DecodeAndCanonicalize,200,
1355,ApplyInputs,357600,
1355,ProcessorPlan,41000,
1355,CrossWorldPrepare,1300,
1355,NativeJobBarrier,100,
1355,CommitDecision,100,
1355,VoxelCommit,600,
1355,EcsCommandBufferCommit,113900,
1355,GasAndEventFinalize,29300,
1355,ReplicationProjection,126200,
1355,SnapshotHashMetrics,200,
1355,EgressPublish,10748000,
1356,IngressCapture,2400,
1356,DecodeAndCanonicalize,200,
1356,ApplyInputs,172900,
1356,ProcessorPlan,28500,
1356,CrossWorldPrepare,600,
1356,NativeJobBarrier,200,
1356,CommitDecision,100,
1356,VoxelCommit,700,
1356,EcsCommandBufferCommit,54600,
1356,GasAndEventFinalize,18200,
1356,ReplicationProjection,114500,
1356,SnapshotHashMetrics,100,
1356,EgressPublish,11729800,
1357,IngressCapture,4200,
1357,DecodeAndCanonicalize,300,
1357,ApplyInputs,312700,
1357,ProcessorPlan,54800,
1357,CrossWorldPrepare,1100,
1357,NativeJobBarrier,200,
1357,CommitDecision,500,
1357,VoxelCommit,700,
1357,EcsCommandBufferCommit,115200,
1357,GasAndEventFinalize,34000,
1357,ReplicationProjection,219300,
1357,SnapshotHashMetrics,1100,
1357,EgressPublish,11725000,
1358,IngressCapture,8000,
1358,DecodeAndCanonicalize,300,
1358,ApplyInputs,275300,
1358,ProcessorPlan,40900,
1358,CrossWorldPrepare,900,
1358,NativeJobBarrier,400,
1358,CommitDecision,400,
1358,VoxelCommit,1500,
1358,EcsCommandBufferCommit,83800,
1358,GasAndEventFinalize,26600,
1358,ReplicationProjection,162500,
1358,SnapshotHashMetrics,400,
1358,EgressPublish,10879800,
1359,IngressCapture,6200,
1359,DecodeAndCanonicalize,200,
1359,ApplyInputs,609300,
1359,ProcessorPlan,44400,
1359,CrossWorldPrepare,800,
1359,NativeJobBarrier,300,
1359,CommitDecision,600,
1359,VoxelCommit,700,
1359,EcsCommandBufferCommit,104300,
1359,GasAndEventFinalize,58800,
1359,ReplicationProjection,201900,
1359,SnapshotHashMetrics,500,
1359,EgressPublish,15974600,
1360,IngressCapture,4900,
1360,DecodeAndCanonicalize,200,
1360,ApplyInputs,309900,
1360,ProcessorPlan,51200,
1360,CrossWorldPrepare,800,
1360,NativeJobBarrier,500,
1360,CommitDecision,300,
1360,VoxelCommit,800,
1360,EcsCommandBufferCommit,111400,
1360,GasAndEventFinalize,43800,
1360,ReplicationProjection,264900,
1360,SnapshotHashMetrics,600,
1360,EgressPublish,15771200,
1361,IngressCapture,3100,
1361,DecodeAndCanonicalize,1000,
1361,ApplyInputs,181900,
1361,ProcessorPlan,32400,
1361,CrossWorldPrepare,700,
1361,NativeJobBarrier,300,
1361,CommitDecision,200,
1361,VoxelCommit,400,
1361,EcsCommandBufferCommit,60200,
1361,GasAndEventFinalize,18800,
1361,ReplicationProjection,109600,
1361,SnapshotHashMetrics,200,
1361,EgressPublish,10026500,
1362,IngressCapture,5100,
1362,DecodeAndCanonicalize,200,
1362,ApplyInputs,187100,
1362,ProcessorPlan,32300,
1362,CrossWorldPrepare,500,
1362,NativeJobBarrier,200,
1362,CommitDecision,200,
1362,VoxelCommit,400,
1362,EcsCommandBufferCommit,69600,
1362,GasAndEventFinalize,20800,
1362,ReplicationProjection,117200,
1362,SnapshotHashMetrics,200,
1362,EgressPublish,10800700,
1363,IngressCapture,5200,
1363,DecodeAndCanonicalize,300,
1363,ApplyInputs,311000,
1363,ProcessorPlan,44300,
1363,CrossWorldPrepare,900,
1363,NativeJobBarrier,200,
1363,CommitDecision,200,
1363,VoxelCommit,1300,
1363,EcsCommandBufferCommit,91100,
1363,GasAndEventFinalize,31400,
1363,ReplicationProjection,170900,
1363,SnapshotHashMetrics,400,
1363,EgressPublish,13026000,
1364,IngressCapture,4000,
1364,DecodeAndCanonicalize,100,
1364,ApplyInputs,192200,
1364,ProcessorPlan,29200,
1364,CrossWorldPrepare,600,
1364,NativeJobBarrier,100,
1364,CommitDecision,200,
1364,VoxelCommit,200,
1364,EcsCommandBufferCommit,57400,
1364,GasAndEventFinalize,20100,
1364,ReplicationProjection,125800,
1364,SnapshotHashMetrics,200,
1364,EgressPublish,11392900,
1365,IngressCapture,3400,
1365,DecodeAndCanonicalize,200,
1365,ApplyInputs,161600,
1365,ProcessorPlan,30700,
1365,CrossWorldPrepare,1200,
1365,NativeJobBarrier,100,
1365,CommitDecision,400,
1365,VoxelCommit,400,
1365,EcsCommandBufferCommit,61300,
1365,GasAndEventFinalize,20700,
1365,ReplicationProjection,119100,
1365,SnapshotHashMetrics,100,
1365,EgressPublish,13536100,
1366,IngressCapture,4700,
1366,DecodeAndCanonicalize,300,
1366,ApplyInputs,278000,
1366,ProcessorPlan,44100,
1366,CrossWorldPrepare,700,
1366,NativeJobBarrier,200,
1366,CommitDecision,200,
1366,VoxelCommit,600,
1366,EcsCommandBufferCommit,85600,
1366,GasAndEventFinalize,27100,
1366,ReplicationProjection,182700,
1366,SnapshotHashMetrics,300,
1366,EgressPublish,14334200,
1367,IngressCapture,3700,
1367,DecodeAndCanonicalize,200,
1367,ApplyInputs,304800,
1367,ProcessorPlan,104900,
1367,CrossWorldPrepare,700,
1367,NativeJobBarrier,300,
1367,CommitDecision,300,
1367,VoxelCommit,700,
1367,EcsCommandBufferCommit,86700,
1367,GasAndEventFinalize,55300,
1367,ReplicationProjection,199200,
1367,SnapshotHashMetrics,400,
1367,EgressPublish,12989400,
1368,IngressCapture,4500,
1368,DecodeAndCanonicalize,100,
1368,ApplyInputs,319800,
1368,ProcessorPlan,49700,
1368,CrossWorldPrepare,600,
1368,NativeJobBarrier,200,
1368,CommitDecision,200,
1368,VoxelCommit,400,
1368,EcsCommandBufferCommit,113500,
1368,GasAndEventFinalize,39300,
1368,ReplicationProjection,176100,
1368,SnapshotHashMetrics,400,
1368,EgressPublish,12521400,
1369,IngressCapture,3200,
1369,DecodeAndCanonicalize,100,
1369,ApplyInputs,185600,
1369,ProcessorPlan,29500,
1369,CrossWorldPrepare,500,
1369,NativeJobBarrier,200,
1369,CommitDecision,100,
1369,VoxelCommit,400,
1369,EcsCommandBufferCommit,62700,
1369,GasAndEventFinalize,20700,
1369,ReplicationProjection,112600,
1369,SnapshotHashMetrics,200,
1369,EgressPublish,10273800,
1370,IngressCapture,4900,
1370,DecodeAndCanonicalize,100,
1370,ApplyInputs,228700,
1370,ProcessorPlan,50900,
1370,CrossWorldPrepare,700,
1370,NativeJobBarrier,400,
1370,CommitDecision,300,
1370,VoxelCommit,300,
1370,EcsCommandBufferCommit,100900,
1370,GasAndEventFinalize,32600,
1370,ReplicationProjection,199400,
1370,SnapshotHashMetrics,300,
1370,EgressPublish,10447100,
1371,IngressCapture,5200,
1371,DecodeAndCanonicalize,200,
1371,ApplyInputs,336100,
1371,ProcessorPlan,48300,
1371,CrossWorldPrepare,1600,
1371,NativeJobBarrier,500,
1371,CommitDecision,600,
1371,VoxelCommit,500,
1371,EcsCommandBufferCommit,94100,
1371,GasAndEventFinalize,33700,
1371,ReplicationProjection,184800,
1371,SnapshotHashMetrics,200,
1371,EgressPublish,12809600,
1372,IngressCapture,3600,
1372,DecodeAndCanonicalize,100,
1372,ApplyInputs,177500,
1372,ProcessorPlan,29000,
1372,CrossWorldPrepare,600,
1372,NativeJobBarrier,100,
1372,CommitDecision,100,
1372,VoxelCommit,200,
1372,EcsCommandBufferCommit,66600,
1372,GasAndEventFinalize,22100,
1372,ReplicationProjection,142900,
1372,SnapshotHashMetrics,200,
1372,EgressPublish,11945100,
1373,IngressCapture,5100,
1373,DecodeAndCanonicalize,100,
1373,ApplyInputs,299700,
1373,ProcessorPlan,35000,
1373,CrossWorldPrepare,1200,
1373,NativeJobBarrier,100,
1373,CommitDecision,200,
1373,VoxelCommit,600,
1373,EcsCommandBufferCommit,160800,
1373,GasAndEventFinalize,37900,
1373,ReplicationProjection,369600,
1373,SnapshotHashMetrics,800,
1373,EgressPublish,13142200,
1374,IngressCapture,5800,
1374,DecodeAndCanonicalize,200,
1374,ApplyInputs,279500,
1374,ProcessorPlan,31800,
1374,CrossWorldPrepare,700,
1374,NativeJobBarrier,100,
1374,CommitDecision,300,
1374,VoxelCommit,100,
1374,EcsCommandBufferCommit,172400,
1374,GasAndEventFinalize,46700,
1374,ReplicationProjection,412600,
1374,SnapshotHashMetrics,700,
1374,EgressPublish,14276500,
1375,IngressCapture,11300,
1375,DecodeAndCanonicalize,400,
1375,ApplyInputs,461200,
1375,ProcessorPlan,186200,
1375,CrossWorldPrepare,1700,
1375,NativeJobBarrier,500,
1375,CommitDecision,300,
1375,VoxelCommit,800,
1375,EcsCommandBufferCommit,108100,
1375,GasAndEventFinalize,49800,
1375,ReplicationProjection,204500,
1375,SnapshotHashMetrics,500,
1375,EgressPublish,18555500,
1376,IngressCapture,3400,
1376,DecodeAndCanonicalize,500,
1376,ApplyInputs,234500,
1376,ProcessorPlan,34600,
1376,CrossWorldPrepare,700,
1376,NativeJobBarrier,100,
1376,CommitDecision,100,
1376,VoxelCommit,1400,
1376,EcsCommandBufferCommit,91900,
1376,GasAndEventFinalize,28300,
1376,ReplicationProjection,136600,
1376,SnapshotHashMetrics,200,
1376,EgressPublish,16828900,
1377,IngressCapture,4300,
1377,DecodeAndCanonicalize,200,
1377,ApplyInputs,338200,
1377,ProcessorPlan,33100,
1377,CrossWorldPrepare,500,
1377,NativeJobBarrier,200,
1377,CommitDecision,300,
1377,VoxelCommit,100,
1377,EcsCommandBufferCommit,577400,
1377,GasAndEventFinalize,45300,
1377,ReplicationProjection,480600,
1377,SnapshotHashMetrics,500,
1377,EgressPublish,14096600,
1378,IngressCapture,11300,
1378,DecodeAndCanonicalize,200,
1378,ApplyInputs,397400,
1378,ProcessorPlan,50600,
1378,CrossWorldPrepare,1800,
1378,NativeJobBarrier,200,
1378,CommitDecision,900,
1378,VoxelCommit,700,
1378,EcsCommandBufferCommit,147600,
1378,GasAndEventFinalize,44000,
1378,ReplicationProjection,163900,
1378,SnapshotHashMetrics,200,
1378,EgressPublish,14309600,
1379,IngressCapture,6600,
1379,DecodeAndCanonicalize,200,
1379,ApplyInputs,284200,
1379,ProcessorPlan,36200,
1379,CrossWorldPrepare,2000,
1379,NativeJobBarrier,100,
1379,CommitDecision,100,
1379,VoxelCommit,700,
1379,EcsCommandBufferCommit,104300,
1379,GasAndEventFinalize,32800,
1379,ReplicationProjection,147800,
1379,SnapshotHashMetrics,400,
1379,EgressPublish,15078100,
1380,IngressCapture,5000,
1380,DecodeAndCanonicalize,300,
1380,ApplyInputs,264400,
1380,ProcessorPlan,40600,
1380,CrossWorldPrepare,900,
1380,NativeJobBarrier,200,
1380,CommitDecision,400,
1380,VoxelCommit,400,
1380,EcsCommandBufferCommit,131300,
1380,GasAndEventFinalize,39800,
1380,ReplicationProjection,156700,
1380,SnapshotHashMetrics,200,
1380,EgressPublish,14487500,
1381,IngressCapture,8800,
1381,DecodeAndCanonicalize,200,
1381,ApplyInputs,390500,
1381,ProcessorPlan,70200,
1381,CrossWorldPrepare,1300,
1381,NativeJobBarrier,400,
1381,CommitDecision,400,
1381,VoxelCommit,300,
1381,EcsCommandBufferCommit,116100,
1381,GasAndEventFinalize,41900,
1381,ReplicationProjection,211300,
1381,SnapshotHashMetrics,600,
1381,EgressPublish,15494500,
1382,IngressCapture,3700,
1382,DecodeAndCanonicalize,200,
1382,ApplyInputs,246800,
1382,ProcessorPlan,36800,
1382,CrossWorldPrepare,900,
1382,NativeJobBarrier,200,
1382,CommitDecision,100,
1382,VoxelCommit,200,
1382,EcsCommandBufferCommit,93400,
1382,GasAndEventFinalize,27300,
1382,ReplicationProjection,144600,
1382,SnapshotHashMetrics,200,
1382,EgressPublish,19202500,
1383,IngressCapture,5600,
1383,DecodeAndCanonicalize,400,
1383,ApplyInputs,912000,
1383,ProcessorPlan,53800,
1383,CrossWorldPrepare,600,
1383,NativeJobBarrier,400,
1383,CommitDecision,500,
1383,VoxelCommit,700,
1383,EcsCommandBufferCommit,120000,
1383,GasAndEventFinalize,65400,
1383,ReplicationProjection,255900,
1383,SnapshotHashMetrics,700,
1383,EgressPublish,16498700,
1384,IngressCapture,4500,
1384,DecodeAndCanonicalize,200,
1384,ApplyInputs,273900,
1384,ProcessorPlan,52800,
1384,CrossWorldPrepare,1000,
1384,NativeJobBarrier,500,
1384,CommitDecision,200,
1384,VoxelCommit,700,
1384,EcsCommandBufferCommit,124800,
1384,GasAndEventFinalize,45100,
1384,ReplicationProjection,230800,
1384,SnapshotHashMetrics,300,
1384,EgressPublish,16815800,
1385,IngressCapture,5600,
1385,DecodeAndCanonicalize,200,
1385,ApplyInputs,405500,
1385,ProcessorPlan,61100,
1385,CrossWorldPrepare,1600,
1385,NativeJobBarrier,100,
1385,CommitDecision,300,
1385,VoxelCommit,1400,
1385,EcsCommandBufferCommit,145000,
1385,GasAndEventFinalize,49200,
1385,ReplicationProjection,242400,
1385,SnapshotHashMetrics,1100,
1385,EgressPublish,17741900,
1386,IngressCapture,4100,
1386,DecodeAndCanonicalize,200,
1386,ApplyInputs,322500,
1386,ProcessorPlan,55000,
1386,CrossWorldPrepare,900,
1386,NativeJobBarrier,300,
1386,CommitDecision,200,
1386,VoxelCommit,500,
1386,EcsCommandBufferCommit,115800,
1386,GasAndEventFinalize,39400,
1386,ReplicationProjection,231300,
1386,SnapshotHashMetrics,300,
1386,EgressPublish,15211600,
1387,IngressCapture,5900,
1387,DecodeAndCanonicalize,200,
1387,ApplyInputs,201800,
1387,ProcessorPlan,33200,
1387,CrossWorldPrepare,1300,
1387,NativeJobBarrier,100,
1387,CommitDecision,400,
1387,VoxelCommit,600,
1387,EcsCommandBufferCommit,86400,
1387,GasAndEventFinalize,28700,
1387,ReplicationProjection,140200,
1387,SnapshotHashMetrics,100,
1387,EgressPublish,13377100,
1388,IngressCapture,4800,
1388,DecodeAndCanonicalize,200,
1388,ApplyInputs,309400,
1388,ProcessorPlan,52300,
1388,CrossWorldPrepare,1000,
1388,NativeJobBarrier,100,
1388,CommitDecision,200,
1388,VoxelCommit,900,
1388,EcsCommandBufferCommit,125700,
1388,GasAndEventFinalize,42700,
1388,ReplicationProjection,227700,
1388,SnapshotHashMetrics,700,
1388,EgressPublish,16610300,
1389,IngressCapture,4500,
1389,DecodeAndCanonicalize,200,
1389,ApplyInputs,362500,
1389,ProcessorPlan,77100,
1389,CrossWorldPrepare,1300,
1389,NativeJobBarrier,200,
1389,CommitDecision,400,
1389,VoxelCommit,1000,
1389,EcsCommandBufferCommit,127900,
1389,GasAndEventFinalize,46600,
1389,ReplicationProjection,243500,
1389,SnapshotHashMetrics,700,
1389,EgressPublish,21350800,
1390,IngressCapture,4300,
1390,DecodeAndCanonicalize,200,
1390,ApplyInputs,242800,
1390,ProcessorPlan,34200,
1390,CrossWorldPrepare,1500,
1390,NativeJobBarrier,200,
1390,CommitDecision,200,
1390,VoxelCommit,400,
1390,EcsCommandBufferCommit,92400,
1390,GasAndEventFinalize,29800,
1390,ReplicationProjection,143100,
1390,SnapshotHashMetrics,200,
1390,EgressPublish,13290700,
1391,IngressCapture,5600,
1391,DecodeAndCanonicalize,900,
1391,ApplyInputs,654200,
1391,ProcessorPlan,44300,
1391,CrossWorldPrepare,500,
1391,NativeJobBarrier,300,
1391,CommitDecision,200,
1391,VoxelCommit,1300,
1391,EcsCommandBufferCommit,91600,
1391,GasAndEventFinalize,50800,
1391,ReplicationProjection,225200,
1391,SnapshotHashMetrics,700,
1391,EgressPublish,15457100,
1392,IngressCapture,4600,
1392,DecodeAndCanonicalize,200,
1392,ApplyInputs,260300,
1392,ProcessorPlan,52300,
1392,CrossWorldPrepare,700,
1392,NativeJobBarrier,300,
1392,CommitDecision,200,
1392,VoxelCommit,1400,
1392,EcsCommandBufferCommit,99000,
1392,GasAndEventFinalize,34500,
1392,ReplicationProjection,203400,
1392,SnapshotHashMetrics,500,
1392,EgressPublish,20510600,
1393,IngressCapture,7100,
1393,DecodeAndCanonicalize,300,
1393,ApplyInputs,403800,
1393,ProcessorPlan,51800,
1393,CrossWorldPrepare,500,
1393,NativeJobBarrier,400,
1393,CommitDecision,300,
1393,VoxelCommit,1000,
1393,EcsCommandBufferCommit,110000,
1393,GasAndEventFinalize,34700,
1393,ReplicationProjection,204400,
1393,SnapshotHashMetrics,800,
1393,EgressPublish,16038600,
1394,IngressCapture,5500,
1394,DecodeAndCanonicalize,300,
1394,ApplyInputs,295100,
1394,ProcessorPlan,53600,
1394,CrossWorldPrepare,500,
1394,NativeJobBarrier,400,
1394,CommitDecision,200,
1394,VoxelCommit,800,
1394,EcsCommandBufferCommit,100500,
1394,GasAndEventFinalize,35600,
1394,ReplicationProjection,206800,
1394,SnapshotHashMetrics,900,
1394,EgressPublish,17119500,
1395,IngressCapture,4400,
1395,DecodeAndCanonicalize,200,
1395,ApplyInputs,299700,
1395,ProcessorPlan,43800,
1395,CrossWorldPrepare,800,
1395,NativeJobBarrier,200,
1395,CommitDecision,100,
1395,VoxelCommit,500,
1395,EcsCommandBufferCommit,117200,
1395,GasAndEventFinalize,39000,
1395,ReplicationProjection,143300,
1395,SnapshotHashMetrics,200,
1395,EgressPublish,14011000,
1396,IngressCapture,5700,
1396,DecodeAndCanonicalize,200,
1396,ApplyInputs,402600,
1396,ProcessorPlan,58300,
1396,CrossWorldPrepare,800,
1396,NativeJobBarrier,200,
1396,CommitDecision,200,
1396,VoxelCommit,800,
1396,EcsCommandBufferCommit,114300,
1396,GasAndEventFinalize,28400,
1396,ReplicationProjection,223400,
1396,SnapshotHashMetrics,300,
1396,EgressPublish,15929500,
1397,IngressCapture,3200,
1397,DecodeAndCanonicalize,100,
1397,ApplyInputs,154300,
1397,ProcessorPlan,29200,
1397,CrossWorldPrepare,500,
1397,NativeJobBarrier,200,
1397,CommitDecision,300,
1397,VoxelCommit,200,
1397,EcsCommandBufferCommit,58700,
1397,GasAndEventFinalize,18800,
1397,ReplicationProjection,120200,
1397,SnapshotHashMetrics,200,
1397,EgressPublish,11267600,
1398,IngressCapture,5600,
1398,DecodeAndCanonicalize,200,
1398,ApplyInputs,322300,
1398,ProcessorPlan,47200,
1398,CrossWorldPrepare,1500,
1398,NativeJobBarrier,900,
1398,CommitDecision,100,
1398,VoxelCommit,400,
1398,EcsCommandBufferCommit,106100,
1398,GasAndEventFinalize,43000,
1398,ReplicationProjection,222700,
1398,SnapshotHashMetrics,300,
1398,EgressPublish,15485800,
1399,IngressCapture,5900,
1399,DecodeAndCanonicalize,200,
1399,ApplyInputs,439100,
1399,ProcessorPlan,36900,
1399,CrossWorldPrepare,1200,
1399,NativeJobBarrier,300,
1399,CommitDecision,100,
1399,VoxelCommit,400,
1399,EcsCommandBufferCommit,93800,
1399,GasAndEventFinalize,45200,
1399,ReplicationProjection,155900,
1399,SnapshotHashMetrics,200,
1399,EgressPublish,14649200,
1400,IngressCapture,6300,
1400,DecodeAndCanonicalize,500,
1400,ApplyInputs,244400,
1400,ProcessorPlan,40400,
1400,CrossWorldPrepare,600,
1400,NativeJobBarrier,200,
1400,CommitDecision,200,
1400,VoxelCommit,400,
1400,EcsCommandBufferCommit,129200,
1400,GasAndEventFinalize,38600,
1400,ReplicationProjection,149400,
1400,SnapshotHashMetrics,200,
1400,EgressPublish,11759400,
1401,IngressCapture,23900,
1401,DecodeAndCanonicalize,200,
1401,ApplyInputs,338500,
1401,ProcessorPlan,49400,
1401,CrossWorldPrepare,500,
1401,NativeJobBarrier,300,
1401,CommitDecision,700,
1401,VoxelCommit,500,
1401,EcsCommandBufferCommit,101500,
1401,GasAndEventFinalize,33700,
1401,ReplicationProjection,231100,
1401,SnapshotHashMetrics,1000,
1401,EgressPublish,17536100,
1402,IngressCapture,16800,
1402,DecodeAndCanonicalize,100,
1402,ApplyInputs,278800,
1402,ProcessorPlan,37400,
1402,CrossWorldPrepare,1200,
1402,NativeJobBarrier,200,
1402,CommitDecision,600,
1402,VoxelCommit,1900,
1402,EcsCommandBufferCommit,97500,
1402,GasAndEventFinalize,27400,
1402,ReplicationProjection,137900,
1402,SnapshotHashMetrics,200,
1402,EgressPublish,12715600,
1403,IngressCapture,3800,
1403,DecodeAndCanonicalize,200,
1403,ApplyInputs,230300,
1403,ProcessorPlan,55900,
1403,CrossWorldPrepare,900,
1403,NativeJobBarrier,500,
1403,CommitDecision,300,
1403,VoxelCommit,700,
1403,EcsCommandBufferCommit,95600,
1403,GasAndEventFinalize,27800,
1403,ReplicationProjection,217800,
1403,SnapshotHashMetrics,400,
1403,EgressPublish,17044400,
1404,IngressCapture,4300,
1404,DecodeAndCanonicalize,100,
1404,ApplyInputs,203500,
1404,ProcessorPlan,33100,
1404,CrossWorldPrepare,800,
1404,NativeJobBarrier,200,
1404,CommitDecision,300,
1404,VoxelCommit,400,
1404,EcsCommandBufferCommit,76900,
1404,GasAndEventFinalize,28900,
1404,ReplicationProjection,140100,
1404,SnapshotHashMetrics,200,
1404,EgressPublish,14044700,
1405,IngressCapture,6100,
1405,DecodeAndCanonicalize,200,
1405,ApplyInputs,565400,
1405,ProcessorPlan,67600,
1405,CrossWorldPrepare,1900,
1405,NativeJobBarrier,300,
1405,CommitDecision,500,
1405,VoxelCommit,700,
1405,EcsCommandBufferCommit,115800,
1405,GasAndEventFinalize,26800,
1405,ReplicationProjection,211200,
1405,SnapshotHashMetrics,900,
1405,EgressPublish,14443000,
1406,IngressCapture,5300,
1406,DecodeAndCanonicalize,200,
1406,ApplyInputs,245600,
1406,ProcessorPlan,50800,
1406,CrossWorldPrepare,1200,
1406,NativeJobBarrier,300,
1406,CommitDecision,300,
1406,VoxelCommit,900,
1406,EcsCommandBufferCommit,85800,
1406,GasAndEventFinalize,30100,
1406,ReplicationProjection,200600,
1406,SnapshotHashMetrics,300,
1406,EgressPublish,14614300,
1407,IngressCapture,5700,
1407,DecodeAndCanonicalize,200,
1407,ApplyInputs,675500,
1407,ProcessorPlan,45600,
1407,CrossWorldPrepare,600,
1407,NativeJobBarrier,100,
1407,CommitDecision,200,
1407,VoxelCommit,700,
1407,EcsCommandBufferCommit,99800,
1407,GasAndEventFinalize,55700,
1407,ReplicationProjection,207800,
1407,SnapshotHashMetrics,1000,
1407,EgressPublish,13914000,
1408,IngressCapture,4400,
1408,DecodeAndCanonicalize,200,
1408,ApplyInputs,257500,
1408,ProcessorPlan,50000,
1408,CrossWorldPrepare,900,
1408,NativeJobBarrier,200,
1408,CommitDecision,400,
1408,VoxelCommit,800,
1408,EcsCommandBufferCommit,768200,
1408,GasAndEventFinalize,66000,
1408,ReplicationProjection,199400,
1408,SnapshotHashMetrics,200,
1408,EgressPublish,16959100,
1409,IngressCapture,3800,
1409,DecodeAndCanonicalize,200,
1409,ApplyInputs,215800,
1409,ProcessorPlan,41600,
1409,CrossWorldPrepare,900,
1409,NativeJobBarrier,100,
1409,CommitDecision,300,
1409,VoxelCommit,300,
1409,EcsCommandBufferCommit,90200,
1409,GasAndEventFinalize,30500,
1409,ReplicationProjection,134700,
1409,SnapshotHashMetrics,100,
1409,EgressPublish,13654100,
1410,IngressCapture,4200,
1410,DecodeAndCanonicalize,200,
1410,ApplyInputs,282700,
1410,ProcessorPlan,34700,
1410,CrossWorldPrepare,600,
1410,NativeJobBarrier,200,
1410,CommitDecision,200,
1410,VoxelCommit,300,
1410,EcsCommandBufferCommit,471000,
1410,GasAndEventFinalize,52800,
1410,ReplicationProjection,555200,
1410,SnapshotHashMetrics,500,
1410,EgressPublish,15793400,
1411,IngressCapture,6400,
1411,DecodeAndCanonicalize,200,
1411,ApplyInputs,318100,
1411,ProcessorPlan,54700,
1411,CrossWorldPrepare,1000,
1411,NativeJobBarrier,400,
1411,CommitDecision,200,
1411,VoxelCommit,700,
1411,EcsCommandBufferCommit,112700,
1411,GasAndEventFinalize,32600,
1411,ReplicationProjection,205300,
1411,SnapshotHashMetrics,200,
1411,EgressPublish,17861700,
1412,IngressCapture,5300,
1412,DecodeAndCanonicalize,300,
1412,ApplyInputs,343000,
1412,ProcessorPlan,51500,
1412,CrossWorldPrepare,800,
1412,NativeJobBarrier,200,
1412,CommitDecision,400,
1412,VoxelCommit,800,
1412,EcsCommandBufferCommit,130600,
1412,GasAndEventFinalize,43400,
1412,ReplicationProjection,227200,
1412,SnapshotHashMetrics,300,
1412,EgressPublish,17458500,
1413,IngressCapture,5500,
1413,DecodeAndCanonicalize,300,
1413,ApplyInputs,242600,
1413,ProcessorPlan,49300,
1413,CrossWorldPrepare,600,
1413,NativeJobBarrier,2100,
1413,CommitDecision,200,
1413,VoxelCommit,600,
1413,EcsCommandBufferCommit,98100,
1413,GasAndEventFinalize,35800,
1413,ReplicationProjection,215100,
1413,SnapshotHashMetrics,400,
1413,EgressPublish,16223800,
1414,IngressCapture,5900,
1414,DecodeAndCanonicalize,300,
1414,ApplyInputs,392200,
1414,ProcessorPlan,52500,
1414,CrossWorldPrepare,900,
1414,NativeJobBarrier,200,
1414,CommitDecision,500,
1414,VoxelCommit,500,
1414,EcsCommandBufferCommit,103900,
1414,GasAndEventFinalize,38000,
1414,ReplicationProjection,215400,
1414,SnapshotHashMetrics,300,
1414,EgressPublish,16179800,
1415,IngressCapture,3800,
1415,DecodeAndCanonicalize,200,
1415,ApplyInputs,639100,
1415,ProcessorPlan,53500,
1415,CrossWorldPrepare,900,
1415,NativeJobBarrier,200,
1415,CommitDecision,400,
1415,VoxelCommit,700,
1415,EcsCommandBufferCommit,128000,
1415,GasAndEventFinalize,72100,
1415,ReplicationProjection,245400,
1415,SnapshotHashMetrics,300,
1415,EgressPublish,12502100,
1416,IngressCapture,5100,
1416,DecodeAndCanonicalize,300,
1416,ApplyInputs,320200,
1416,ProcessorPlan,91200,
1416,CrossWorldPrepare,1000,
1416,NativeJobBarrier,200,
1416,CommitDecision,300,
1416,VoxelCommit,1000,
1416,EcsCommandBufferCommit,126000,
1416,GasAndEventFinalize,32900,
1416,ReplicationProjection,218300,
1416,SnapshotHashMetrics,300,
1416,EgressPublish,18827500,
1417,IngressCapture,6400,
1417,DecodeAndCanonicalize,200,
1417,ApplyInputs,488100,
1417,ProcessorPlan,59100,
1417,CrossWorldPrepare,1900,
1417,NativeJobBarrier,300,
1417,CommitDecision,200,
1417,VoxelCommit,300,
1417,EcsCommandBufferCommit,130900,
1417,GasAndEventFinalize,42400,
1417,ReplicationProjection,232700,
1417,SnapshotHashMetrics,800,
1417,EgressPublish,15835900,
1418,IngressCapture,4700,
1418,DecodeAndCanonicalize,200,
1418,ApplyInputs,251500,
1418,ProcessorPlan,49800,
1418,CrossWorldPrepare,800,
1418,NativeJobBarrier,200,
1418,CommitDecision,300,
1418,VoxelCommit,600,
1418,EcsCommandBufferCommit,114300,
1418,GasAndEventFinalize,40700,
1418,ReplicationProjection,219700,
1418,SnapshotHashMetrics,300,
1418,EgressPublish,14910500,
1419,IngressCapture,4300,
1419,DecodeAndCanonicalize,300,
1419,ApplyInputs,426700,
1419,ProcessorPlan,60900,
1419,CrossWorldPrepare,1400,
1419,NativeJobBarrier,200,
1419,CommitDecision,200,
1419,VoxelCommit,300,
1419,EcsCommandBufferCommit,151800,
1419,GasAndEventFinalize,51500,
1419,ReplicationProjection,255000,
1419,SnapshotHashMetrics,400,
1419,EgressPublish,18626600,
1420,IngressCapture,5700,
1420,DecodeAndCanonicalize,200,
1420,ApplyInputs,360800,
1420,ProcessorPlan,51100,
1420,CrossWorldPrepare,1300,
1420,NativeJobBarrier,200,
1420,CommitDecision,200,
1420,VoxelCommit,500,
1420,EcsCommandBufferCommit,132900,
1420,GasAndEventFinalize,56800,
1420,ReplicationProjection,218100,
1420,SnapshotHashMetrics,300,
1420,EgressPublish,15891500,
1421,IngressCapture,4500,
1421,DecodeAndCanonicalize,200,
1421,ApplyInputs,198300,
1421,ProcessorPlan,33300,
1421,CrossWorldPrepare,800,
1421,NativeJobBarrier,200,
1421,CommitDecision,200,
1421,VoxelCommit,500,
1421,EcsCommandBufferCommit,85200,
1421,GasAndEventFinalize,24300,
1421,ReplicationProjection,133900,
1421,SnapshotHashMetrics,200,
1421,EgressPublish,15990200,
1422,IngressCapture,4900,
1422,DecodeAndCanonicalize,200,
1422,ApplyInputs,276300,
1422,ProcessorPlan,37300,
1422,CrossWorldPrepare,500,
1422,NativeJobBarrier,100,
1422,CommitDecision,500,
1422,VoxelCommit,500,
1422,EcsCommandBufferCommit,126500,
1422,GasAndEventFinalize,38800,
1422,ReplicationProjection,149400,
1422,SnapshotHashMetrics,200,
1422,EgressPublish,14035700,
1423,IngressCapture,5800,
1423,DecodeAndCanonicalize,200,
1423,ApplyInputs,457800,
1423,ProcessorPlan,182600,
1423,CrossWorldPrepare,1500,
1423,NativeJobBarrier,400,
1423,CommitDecision,200,
1423,VoxelCommit,800,
1423,EcsCommandBufferCommit,185800,
1423,GasAndEventFinalize,117300,
1423,ReplicationProjection,304900,
1423,SnapshotHashMetrics,2300,
1423,EgressPublish,17726700,
1424,IngressCapture,3200,
1424,DecodeAndCanonicalize,200,
1424,ApplyInputs,196100,
1424,ProcessorPlan,30400,
1424,CrossWorldPrepare,700,
1424,NativeJobBarrier,100,
1424,CommitDecision,400,
1424,VoxelCommit,500,
1424,EcsCommandBufferCommit,89200,
1424,GasAndEventFinalize,27000,
1424,ReplicationProjection,127800,
1424,SnapshotHashMetrics,200,
1424,EgressPublish,14186800,
1425,IngressCapture,5700,
1425,DecodeAndCanonicalize,300,
1425,ApplyInputs,448000,
1425,ProcessorPlan,67800,
1425,CrossWorldPrepare,1200,
1425,NativeJobBarrier,200,
1425,CommitDecision,200,
1425,VoxelCommit,1900,
1425,EcsCommandBufferCommit,186700,
1425,GasAndEventFinalize,48600,
1425,ReplicationProjection,311600,
1425,SnapshotHashMetrics,700,
1425,EgressPublish,19376900,
1426,IngressCapture,5100,
1426,DecodeAndCanonicalize,500,
1426,ApplyInputs,344600,
1426,ProcessorPlan,69700,
1426,CrossWorldPrepare,1200,
1426,NativeJobBarrier,200,
1426,CommitDecision,400,
1426,VoxelCommit,800,
1426,EcsCommandBufferCommit,167200,
1426,GasAndEventFinalize,54000,
1426,ReplicationProjection,255400,
1426,SnapshotHashMetrics,1000,
1426,EgressPublish,21010000,
1427,IngressCapture,5300,
1427,DecodeAndCanonicalize,100,
1427,ApplyInputs,309800,
1427,ProcessorPlan,42800,
1427,CrossWorldPrepare,1400,
1427,NativeJobBarrier,200,
1427,CommitDecision,300,
1427,VoxelCommit,600,
1427,EcsCommandBufferCommit,113300,
1427,GasAndEventFinalize,32400,
1427,ReplicationProjection,170700,
1427,SnapshotHashMetrics,100,
1427,EgressPublish,16214900,
1428,IngressCapture,3300,
1428,DecodeAndCanonicalize,500,
1428,ApplyInputs,210600,
1428,ProcessorPlan,34200,
1428,CrossWorldPrepare,600,
1428,NativeJobBarrier,300,
1428,CommitDecision,200,
1428,VoxelCommit,400,
1428,EcsCommandBufferCommit,87100,
1428,GasAndEventFinalize,22700,
1428,ReplicationProjection,132400,
1428,SnapshotHashMetrics,200,
1428,EgressPublish,17053500,
1429,IngressCapture,5900,
1429,DecodeAndCanonicalize,200,
1429,ApplyInputs,317200,
1429,ProcessorPlan,55500,
1429,CrossWorldPrepare,1200,
1429,NativeJobBarrier,500,
1429,CommitDecision,200,
1429,VoxelCommit,800,
1429,EcsCommandBufferCommit,262000,
1429,GasAndEventFinalize,52400,
1429,ReplicationProjection,220300,
1429,SnapshotHashMetrics,300,
1429,EgressPublish,18436600,
1430,IngressCapture,3800,
1430,DecodeAndCanonicalize,200,
1430,ApplyInputs,294200,
1430,ProcessorPlan,51300,
1430,CrossWorldPrepare,1300,
1430,NativeJobBarrier,300,
1430,CommitDecision,200,
1430,VoxelCommit,700,
1430,EcsCommandBufferCommit,116700,
1430,GasAndEventFinalize,36300,
1430,ReplicationProjection,223300,
1430,SnapshotHashMetrics,400,
1430,EgressPublish,18647400,
1431,IngressCapture,6000,
1431,DecodeAndCanonicalize,200,
1431,ApplyInputs,440000,
1431,ProcessorPlan,201500,
1431,CrossWorldPrepare,2200,
1431,NativeJobBarrier,700,
1431,CommitDecision,600,
1431,VoxelCommit,1800,
1431,EcsCommandBufferCommit,157700,
1431,GasAndEventFinalize,79400,
1431,ReplicationProjection,235600,
1431,SnapshotHashMetrics,600,
1431,EgressPublish,17358000,
1432,IngressCapture,4300,
1432,DecodeAndCanonicalize,200,
1432,ApplyInputs,313600,
1432,ProcessorPlan,33700,
1432,CrossWorldPrepare,600,
1432,NativeJobBarrier,100,
1432,CommitDecision,100,
1432,VoxelCommit,400,
1432,EcsCommandBufferCommit,89300,
1432,GasAndEventFinalize,26200,
1432,ReplicationProjection,165900,
1432,SnapshotHashMetrics,500,
1432,EgressPublish,12437500,
1433,IngressCapture,5100,
1433,DecodeAndCanonicalize,400,
1433,ApplyInputs,315600,
1433,ProcessorPlan,49900,
1433,CrossWorldPrepare,700,
1433,NativeJobBarrier,200,
1433,CommitDecision,400,
1433,VoxelCommit,600,
1433,EcsCommandBufferCommit,114300,
1433,GasAndEventFinalize,34700,
1433,ReplicationProjection,195500,
1433,SnapshotHashMetrics,400,
1433,EgressPublish,16632000,
1434,IngressCapture,4800,
1434,DecodeAndCanonicalize,200,
1434,ApplyInputs,287400,
1434,ProcessorPlan,50400,
1434,CrossWorldPrepare,600,
1434,NativeJobBarrier,200,
1434,CommitDecision,400,
1434,VoxelCommit,700,
1434,EcsCommandBufferCommit,94800,
1434,GasAndEventFinalize,35200,
1434,ReplicationProjection,185400,
1434,SnapshotHashMetrics,300,
1434,EgressPublish,16321200,
1435,IngressCapture,5900,
1435,DecodeAndCanonicalize,200,
1435,ApplyInputs,327800,
1435,ProcessorPlan,45300,
1435,CrossWorldPrepare,700,
1435,NativeJobBarrier,200,
1435,CommitDecision,300,
1435,VoxelCommit,700,
1435,EcsCommandBufferCommit,116800,
1435,GasAndEventFinalize,44600,
1435,ReplicationProjection,272800,
1435,SnapshotHashMetrics,900,
1435,EgressPublish,15934200,
1436,IngressCapture,5200,
1436,DecodeAndCanonicalize,200,
1436,ApplyInputs,318300,
1436,ProcessorPlan,67100,
1436,CrossWorldPrepare,1000,
1436,NativeJobBarrier,300,
1436,CommitDecision,1500,
1436,VoxelCommit,1900,
1436,EcsCommandBufferCommit,123200,
1436,GasAndEventFinalize,40600,
1436,ReplicationProjection,940200,
1436,SnapshotHashMetrics,1500,
1436,EgressPublish,14526000,
1437,IngressCapture,3000,
1437,DecodeAndCanonicalize,200,
1437,ApplyInputs,200400,
1437,ProcessorPlan,31900,
1437,CrossWorldPrepare,400,
1437,NativeJobBarrier,200,
1437,CommitDecision,200,
1437,VoxelCommit,300,
1437,EcsCommandBufferCommit,80200,
1437,GasAndEventFinalize,28300,
1437,ReplicationProjection,131300,
1437,SnapshotHashMetrics,300,
1437,EgressPublish,13141000,
1438,IngressCapture,4000,
1438,DecodeAndCanonicalize,200,
1438,ApplyInputs,283700,
1438,ProcessorPlan,35800,
1438,CrossWorldPrepare,1000,
1438,NativeJobBarrier,200,
1438,CommitDecision,200,
1438,VoxelCommit,400,
1438,EcsCommandBufferCommit,190100,
1438,GasAndEventFinalize,42800,
1438,ReplicationProjection,437000,
1438,SnapshotHashMetrics,500,
1438,EgressPublish,15777600,
1439,IngressCapture,6100,
1439,DecodeAndCanonicalize,200,
1439,ApplyInputs,546900,
1439,ProcessorPlan,162700,
1439,CrossWorldPrepare,1100,
1439,NativeJobBarrier,400,
1439,CommitDecision,200,
1439,VoxelCommit,1300,
1439,EcsCommandBufferCommit,154100,
1439,GasAndEventFinalize,65500,
1439,ReplicationProjection,245900,
1439,SnapshotHashMetrics,600,
1439,EgressPublish,20498000,
1440,IngressCapture,3300,
1440,DecodeAndCanonicalize,200,
1440,ApplyInputs,224300,
1440,ProcessorPlan,35100,
1440,CrossWorldPrepare,1100,
1440,NativeJobBarrier,300,
1440,CommitDecision,300,
1440,VoxelCommit,800,
1440,EcsCommandBufferCommit,104600,
1440,GasAndEventFinalize,31900,
1440,ReplicationProjection,162600,
1440,SnapshotHashMetrics,500,
1440,EgressPublish,14889400,
1441,IngressCapture,7000,
1441,DecodeAndCanonicalize,300,
1441,ApplyInputs,311700,
1441,ProcessorPlan,61100,
1441,CrossWorldPrepare,600,
1441,NativeJobBarrier,800,
1441,CommitDecision,200,
1441,VoxelCommit,1100,
1441,EcsCommandBufferCommit,135500,
1441,GasAndEventFinalize,90800,
1441,ReplicationProjection,225700,
1441,SnapshotHashMetrics,500,
1441,EgressPublish,18454900,
1442,IngressCapture,4100,
1442,DecodeAndCanonicalize,400,
1442,ApplyInputs,337000,
1442,ProcessorPlan,50000,
1442,CrossWorldPrepare,900,
1442,NativeJobBarrier,200,
1442,CommitDecision,300,
1442,VoxelCommit,1000,
1442,EcsCommandBufferCommit,107800,
1442,GasAndEventFinalize,37100,
1442,ReplicationProjection,225200,
1442,SnapshotHashMetrics,300,
1442,EgressPublish,16217800,
1443,IngressCapture,3500,
1443,DecodeAndCanonicalize,200,
1443,ApplyInputs,209100,
1443,ProcessorPlan,32700,
1443,CrossWorldPrepare,700,
1443,NativeJobBarrier,100,
1443,CommitDecision,100,
1443,VoxelCommit,500,
1443,EcsCommandBufferCommit,75600,
1443,GasAndEventFinalize,25400,
1443,ReplicationProjection,136600,
1443,SnapshotHashMetrics,200,
1443,EgressPublish,15841200,
1444,IngressCapture,3800,
1444,DecodeAndCanonicalize,200,
1444,ApplyInputs,174300,
1444,ProcessorPlan,33500,
1444,CrossWorldPrepare,400,
1444,NativeJobBarrier,200,
1444,CommitDecision,200,
1444,VoxelCommit,400,
1444,EcsCommandBufferCommit,72900,
1444,GasAndEventFinalize,24000,
1444,ReplicationProjection,131300,
1444,SnapshotHashMetrics,400,
1444,EgressPublish,14162200,
1445,IngressCapture,4700,
1445,DecodeAndCanonicalize,200,
1445,ApplyInputs,335700,
1445,ProcessorPlan,45100,
1445,CrossWorldPrepare,700,
1445,NativeJobBarrier,200,
1445,CommitDecision,500,
1445,VoxelCommit,700,
1445,EcsCommandBufferCommit,105500,
1445,GasAndEventFinalize,44200,
1445,ReplicationProjection,227700,
1445,SnapshotHashMetrics,300,
1445,EgressPublish,19319100,
1446,IngressCapture,8300,
1446,DecodeAndCanonicalize,500,
1446,ApplyInputs,340400,
1446,ProcessorPlan,62400,
1446,CrossWorldPrepare,800,
1446,NativeJobBarrier,200,
1446,CommitDecision,600,
1446,VoxelCommit,500,
1446,EcsCommandBufferCommit,118000,
1446,GasAndEventFinalize,39200,
1446,ReplicationProjection,208200,
1446,SnapshotHashMetrics,700,
1446,EgressPublish,17545400,
1447,IngressCapture,6200,
1447,DecodeAndCanonicalize,300,
1447,ApplyInputs,646300,
1447,ProcessorPlan,106500,
1447,CrossWorldPrepare,900,
1447,NativeJobBarrier,100,
1447,CommitDecision,500,
1447,VoxelCommit,600,
1447,EcsCommandBufferCommit,132300,
1447,GasAndEventFinalize,67900,
1447,ReplicationProjection,225400,
1447,SnapshotHashMetrics,400,
1447,EgressPublish,16898900,
1448,IngressCapture,5100,
1448,DecodeAndCanonicalize,200,
1448,ApplyInputs,289200,
1448,ProcessorPlan,42100,
1448,CrossWorldPrepare,1200,
1448,NativeJobBarrier,200,
1448,CommitDecision,500,
1448,VoxelCommit,800,
1448,EcsCommandBufferCommit,117400,
1448,GasAndEventFinalize,37000,
1448,ReplicationProjection,166200,
1448,SnapshotHashMetrics,600,
1448,EgressPublish,14790800,
1449,IngressCapture,7200,
1449,DecodeAndCanonicalize,200,
1449,ApplyInputs,369600,
1449,ProcessorPlan,69100,
1449,CrossWorldPrepare,1600,
1449,NativeJobBarrier,700,
1449,CommitDecision,400,
1449,VoxelCommit,1500,
1449,EcsCommandBufferCommit,157700,
1449,GasAndEventFinalize,46100,
1449,ReplicationProjection,219200,
1449,SnapshotHashMetrics,300,
1449,EgressPublish,18467400,
1450,IngressCapture,4800,
1450,DecodeAndCanonicalize,100,
1450,ApplyInputs,268600,
1450,ProcessorPlan,39400,
1450,CrossWorldPrepare,500,
1450,NativeJobBarrier,200,
1450,CommitDecision,200,
1450,VoxelCommit,100,
1450,EcsCommandBufferCommit,108300,
1450,GasAndEventFinalize,31000,
1450,ReplicationProjection,149000,
1450,SnapshotHashMetrics,200,
1450,EgressPublish,16057900,
1451,IngressCapture,6000,
1451,DecodeAndCanonicalize,200,
1451,ApplyInputs,445400,
1451,ProcessorPlan,61200,
1451,CrossWorldPrepare,1100,
1451,NativeJobBarrier,300,
1451,CommitDecision,500,
1451,VoxelCommit,1400,
1451,EcsCommandBufferCommit,176300,
1451,GasAndEventFinalize,44300,
1451,ReplicationProjection,164000,
1451,SnapshotHashMetrics,200,
1451,EgressPublish,15870400,
1452,IngressCapture,5700,
1452,DecodeAndCanonicalize,200,
1452,ApplyInputs,387500,
1452,ProcessorPlan,52100,
1452,CrossWorldPrepare,1000,
1452,NativeJobBarrier,300,
1452,CommitDecision,400,
1452,VoxelCommit,1100,
1452,EcsCommandBufferCommit,134800,
1452,GasAndEventFinalize,45100,
1452,ReplicationProjection,236000,
1452,SnapshotHashMetrics,600,
1452,EgressPublish,16068800,
1453,IngressCapture,3800,
1453,DecodeAndCanonicalize,100,
1453,ApplyInputs,213500,
1453,ProcessorPlan,33500,
1453,CrossWorldPrepare,800,
1453,NativeJobBarrier,100,
1453,CommitDecision,200,
1453,VoxelCommit,300,
1453,EcsCommandBufferCommit,82500,
1453,GasAndEventFinalize,30200,
1453,ReplicationProjection,136200,
1453,SnapshotHashMetrics,100,
1453,EgressPublish,15451300,
1454,IngressCapture,5200,
1454,DecodeAndCanonicalize,200,
1454,ApplyInputs,292400,
1454,ProcessorPlan,60600,
1454,CrossWorldPrepare,1200,
1454,NativeJobBarrier,200,
1454,CommitDecision,200,
1454,VoxelCommit,900,
1454,EcsCommandBufferCommit,123500,
1454,GasAndEventFinalize,35200,
1454,ReplicationProjection,274600,
1454,SnapshotHashMetrics,400,
1454,EgressPublish,16831800,
1455,IngressCapture,5900,
1455,DecodeAndCanonicalize,500,
1455,ApplyInputs,688400,
1455,ProcessorPlan,121900,
1455,CrossWorldPrepare,2800,
1455,NativeJobBarrier,300,
1455,CommitDecision,1200,
1455,VoxelCommit,1100,
1455,EcsCommandBufferCommit,143800,
1455,GasAndEventFinalize,83800,
1455,ReplicationProjection,268400,
1455,SnapshotHashMetrics,700,
1455,EgressPublish,19077500,
1456,IngressCapture,6400,
1456,DecodeAndCanonicalize,200,
1456,ApplyInputs,342500,
1456,ProcessorPlan,58900,
1456,CrossWorldPrepare,2100,
1456,NativeJobBarrier,400,
1456,CommitDecision,1000,
1456,VoxelCommit,500,
1456,EcsCommandBufferCommit,151900,
1456,GasAndEventFinalize,51000,
1456,ReplicationProjection,225700,
1456,SnapshotHashMetrics,400,
1456,EgressPublish,17159900,
1457,IngressCapture,4300,
1457,DecodeAndCanonicalize,100,
1457,ApplyInputs,355000,
1457,ProcessorPlan,52900,
1457,CrossWorldPrepare,1000,
1457,NativeJobBarrier,200,
1457,CommitDecision,300,
1457,VoxelCommit,900,
1457,EcsCommandBufferCommit,148700,
1457,GasAndEventFinalize,47000,
1457,ReplicationProjection,224300,
1457,SnapshotHashMetrics,500,
1457,EgressPublish,17658900,
1458,IngressCapture,6200,
1458,DecodeAndCanonicalize,100,
1458,ApplyInputs,214200,
1458,ProcessorPlan,35200,
1458,CrossWorldPrepare,500,
1458,NativeJobBarrier,100,
1458,CommitDecision,200,
1458,VoxelCommit,600,
1458,EcsCommandBufferCommit,91400,
1458,GasAndEventFinalize,28200,
1458,ReplicationProjection,134200,
1458,SnapshotHashMetrics,200,
1458,EgressPublish,14417000,
1459,IngressCapture,5600,
1459,DecodeAndCanonicalize,200,
1459,ApplyInputs,351300,
1459,ProcessorPlan,49700,
1459,CrossWorldPrepare,1500,
1459,NativeJobBarrier,200,
1459,CommitDecision,200,
1459,VoxelCommit,800,
1459,EcsCommandBufferCommit,112200,
1459,GasAndEventFinalize,41100,
1459,ReplicationProjection,218600,
1459,SnapshotHashMetrics,800,
1459,EgressPublish,16988700,
1460,IngressCapture,4700,
1460,DecodeAndCanonicalize,200,
1460,ApplyInputs,337900,
1460,ProcessorPlan,57000,
1460,CrossWorldPrepare,600,
1460,NativeJobBarrier,500,
1460,CommitDecision,100,
1460,VoxelCommit,600,
1460,EcsCommandBufferCommit,104700,
1460,GasAndEventFinalize,37800,
1460,ReplicationProjection,194700,
1460,SnapshotHashMetrics,500,
1460,EgressPublish,12492200,
1461,IngressCapture,3900,
1461,DecodeAndCanonicalize,200,
1461,ApplyInputs,247100,
1461,ProcessorPlan,58500,
1461,CrossWorldPrepare,1000,
1461,NativeJobBarrier,400,
1461,CommitDecision,300,
1461,VoxelCommit,700,
1461,EcsCommandBufferCommit,111300,
1461,GasAndEventFinalize,40500,
1461,ReplicationProjection,222400,
1461,SnapshotHashMetrics,400,
1461,EgressPublish,14348700,
1462,IngressCapture,3600,
1462,DecodeAndCanonicalize,200,
1462,ApplyInputs,282900,
1462,ProcessorPlan,45700,
1462,CrossWorldPrepare,700,
1462,NativeJobBarrier,400,
1462,CommitDecision,300,
1462,VoxelCommit,500,
1462,EcsCommandBufferCommit,95400,
1462,GasAndEventFinalize,32500,
1462,ReplicationProjection,204600,
1462,SnapshotHashMetrics,400,
1462,EgressPublish,15023100,
1463,IngressCapture,5600,
1463,DecodeAndCanonicalize,400,
1463,ApplyInputs,780400,
1463,ProcessorPlan,78800,
1463,CrossWorldPrepare,1000,
1463,NativeJobBarrier,200,
1463,CommitDecision,300,
1463,VoxelCommit,800,
1463,EcsCommandBufferCommit,151800,
1463,GasAndEventFinalize,67500,
1463,ReplicationProjection,272500,
1463,SnapshotHashMetrics,300,
1463,EgressPublish,16365600,
1464,IngressCapture,14100,
1464,DecodeAndCanonicalize,300,
1464,ApplyInputs,274100,
1464,ProcessorPlan,68700,
1464,CrossWorldPrepare,700,
1464,NativeJobBarrier,400,
1464,CommitDecision,200,
1464,VoxelCommit,600,
1464,EcsCommandBufferCommit,97500,
1464,GasAndEventFinalize,23400,
1464,ReplicationProjection,215500,
1464,SnapshotHashMetrics,900,
1464,EgressPublish,12763200,
1465,IngressCapture,2900,
1465,DecodeAndCanonicalize,200,
1465,ApplyInputs,267300,
1465,ProcessorPlan,42000,
1465,CrossWorldPrepare,1000,
1465,NativeJobBarrier,200,
1465,CommitDecision,300,
1465,VoxelCommit,400,
1465,EcsCommandBufferCommit,82900,
1465,GasAndEventFinalize,28000,
1465,ReplicationProjection,206300,
1465,SnapshotHashMetrics,300,
1465,EgressPublish,9917800,
1466,IngressCapture,6700,
1466,DecodeAndCanonicalize,200,
1466,ApplyInputs,229600,
1466,ProcessorPlan,30800,
1466,CrossWorldPrepare,600,
1466,NativeJobBarrier,1100,
1466,CommitDecision,100,
1466,VoxelCommit,300,
1466,EcsCommandBufferCommit,70600,
1466,GasAndEventFinalize,27900,
1466,ReplicationProjection,157100,
1466,SnapshotHashMetrics,300,
1466,EgressPublish,10511500,
1467,IngressCapture,4700,
1467,DecodeAndCanonicalize,300,
1467,ApplyInputs,253200,
1467,ProcessorPlan,39900,
1467,CrossWorldPrepare,600,
1467,NativeJobBarrier,200,
1467,CommitDecision,200,
1467,VoxelCommit,300,
1467,EcsCommandBufferCommit,74100,
1467,GasAndEventFinalize,26700,
1467,ReplicationProjection,213700,
1467,SnapshotHashMetrics,400,
1467,EgressPublish,13932100,
1468,IngressCapture,3300,
1468,DecodeAndCanonicalize,400,
1468,ApplyInputs,282400,
1468,ProcessorPlan,51200,
1468,CrossWorldPrepare,900,
1468,NativeJobBarrier,500,
1468,CommitDecision,200,
1468,VoxelCommit,1000,
1468,EcsCommandBufferCommit,94100,
1468,GasAndEventFinalize,31800,
1468,ReplicationProjection,212600,
1468,SnapshotHashMetrics,1300,
1468,EgressPublish,11996200,
1469,IngressCapture,4300,
1469,DecodeAndCanonicalize,300,
1469,ApplyInputs,269900,
1469,ProcessorPlan,65600,
1469,CrossWorldPrepare,700,
1469,NativeJobBarrier,300,
1469,CommitDecision,300,
1469,VoxelCommit,600,
1469,EcsCommandBufferCommit,100900,
1469,GasAndEventFinalize,31900,
1469,ReplicationProjection,188500,
1469,SnapshotHashMetrics,300,
1469,EgressPublish,11416700,
1470,IngressCapture,2700,
1470,DecodeAndCanonicalize,200,
1470,ApplyInputs,183300,
1470,ProcessorPlan,30700,
1470,CrossWorldPrepare,800,
1470,NativeJobBarrier,100,
1470,CommitDecision,200,
1470,VoxelCommit,200,
1470,EcsCommandBufferCommit,65600,
1470,GasAndEventFinalize,22200,
1470,ReplicationProjection,145100,
1470,SnapshotHashMetrics,300,
1470,EgressPublish,9867500,
1471,IngressCapture,4300,
1471,DecodeAndCanonicalize,200,
1471,ApplyInputs,244700,
1471,ProcessorPlan,46600,
1471,CrossWorldPrepare,1000,
1471,NativeJobBarrier,400,
1471,CommitDecision,200,
1471,VoxelCommit,1000,
1471,EcsCommandBufferCommit,100500,
1471,GasAndEventFinalize,30300,
1471,ReplicationProjection,201800,
1471,SnapshotHashMetrics,1100,
1471,EgressPublish,9841400,
1472,IngressCapture,4200,
1472,DecodeAndCanonicalize,100,
1472,ApplyInputs,372400,
1472,ProcessorPlan,30800,
1472,CrossWorldPrepare,500,
1472,NativeJobBarrier,200,
1472,CommitDecision,200,
1472,VoxelCommit,500,
1472,EcsCommandBufferCommit,80300,
1472,GasAndEventFinalize,36200,
1472,ReplicationProjection,126900,
1472,SnapshotHashMetrics,300,
1472,EgressPublish,9208300,
1473,IngressCapture,3300,
1473,DecodeAndCanonicalize,100,
1473,ApplyInputs,215000,
1473,ProcessorPlan,35600,
1473,CrossWorldPrepare,600,
1473,NativeJobBarrier,300,
1473,CommitDecision,300,
1473,VoxelCommit,400,
1473,EcsCommandBufferCommit,83700,
1473,GasAndEventFinalize,23800,
1473,ReplicationProjection,123500,
1473,SnapshotHashMetrics,200,
1473,EgressPublish,9824400,
1474,IngressCapture,3700,
1474,DecodeAndCanonicalize,200,
1474,ApplyInputs,249200,
1474,ProcessorPlan,28600,
1474,CrossWorldPrepare,600,
1474,NativeJobBarrier,100,
1474,CommitDecision,200,
1474,VoxelCommit,500,
1474,EcsCommandBufferCommit,60600,
1474,GasAndEventFinalize,19200,
1474,ReplicationProjection,117400,
1474,SnapshotHashMetrics,200,
1474,EgressPublish,9933100,
1475,IngressCapture,4100,
1475,DecodeAndCanonicalize,200,
1475,ApplyInputs,202500,
1475,ProcessorPlan,31000,
1475,CrossWorldPrepare,500,
1475,NativeJobBarrier,100,
1475,CommitDecision,100,
1475,VoxelCommit,300,
1475,EcsCommandBufferCommit,61700,
1475,GasAndEventFinalize,21700,
1475,ReplicationProjection,121200,
1475,SnapshotHashMetrics,200,
1475,EgressPublish,9538400,
1476,IngressCapture,4900,
1476,DecodeAndCanonicalize,100,
1476,ApplyInputs,166200,
1476,ProcessorPlan,29400,
1476,CrossWorldPrepare,500,
1476,NativeJobBarrier,200,
1476,CommitDecision,200,
1476,VoxelCommit,700,
1476,EcsCommandBufferCommit,85200,
1476,GasAndEventFinalize,24800,
1476,ReplicationProjection,124200,
1476,SnapshotHashMetrics,200,
1476,EgressPublish,10415300,
1477,IngressCapture,3300,
1477,DecodeAndCanonicalize,200,
1477,ApplyInputs,205300,
1477,ProcessorPlan,34200,
1477,CrossWorldPrepare,500,
1477,NativeJobBarrier,100,
1477,CommitDecision,300,
1477,VoxelCommit,300,
1477,EcsCommandBufferCommit,71200,
1477,GasAndEventFinalize,25800,
1477,ReplicationProjection,134000,
1477,SnapshotHashMetrics,200,
1477,EgressPublish,10342200,
1478,IngressCapture,3600,
1478,DecodeAndCanonicalize,200,
1478,ApplyInputs,208600,
1478,ProcessorPlan,30500,
1478,CrossWorldPrepare,500,
1478,NativeJobBarrier,200,
1478,CommitDecision,100,
1478,VoxelCommit,200,
1478,EcsCommandBufferCommit,69900,
1478,GasAndEventFinalize,23900,
1478,ReplicationProjection,127100,
1478,SnapshotHashMetrics,100,
1478,EgressPublish,10988800,
1479,IngressCapture,3100,
1479,DecodeAndCanonicalize,200,
1479,ApplyInputs,244300,
1479,ProcessorPlan,85000,
1479,CrossWorldPrepare,400,
1479,NativeJobBarrier,200,
1479,CommitDecision,200,
1479,VoxelCommit,700,
1479,EcsCommandBufferCommit,68600,
1479,GasAndEventFinalize,33800,
1479,ReplicationProjection,129500,
1479,SnapshotHashMetrics,700,
1479,EgressPublish,11337100,
1480,IngressCapture,3500,
1480,DecodeAndCanonicalize,100,
1480,ApplyInputs,209200,
1480,ProcessorPlan,33000,
1480,CrossWorldPrepare,700,
1480,NativeJobBarrier,100,
1480,CommitDecision,200,
1480,VoxelCommit,700,
1480,EcsCommandBufferCommit,69500,
1480,GasAndEventFinalize,22500,
1480,ReplicationProjection,122100,
1480,SnapshotHashMetrics,400,
1480,EgressPublish,10964900,
1481,IngressCapture,4000,
1481,DecodeAndCanonicalize,300,
1481,ApplyInputs,251000,
1481,ProcessorPlan,36800,
1481,CrossWorldPrepare,400,
1481,NativeJobBarrier,100,
1481,CommitDecision,200,
1481,VoxelCommit,700,
1481,EcsCommandBufferCommit,73200,
1481,GasAndEventFinalize,24000,
1481,ReplicationProjection,207600,
1481,SnapshotHashMetrics,400,
1481,EgressPublish,13671300,
1482,IngressCapture,3200,
1482,DecodeAndCanonicalize,200,
1482,ApplyInputs,284400,
1482,ProcessorPlan,43700,
1482,CrossWorldPrepare,600,
1482,NativeJobBarrier,100,
1482,CommitDecision,200,
1482,VoxelCommit,400,
1482,EcsCommandBufferCommit,82700,
1482,GasAndEventFinalize,27500,
1482,ReplicationProjection,184200,
1482,SnapshotHashMetrics,500,
1482,EgressPublish,11864600,
1483,IngressCapture,3700,
1483,DecodeAndCanonicalize,300,
1483,ApplyInputs,213300,
1483,ProcessorPlan,36000,
1483,CrossWorldPrepare,500,
1483,NativeJobBarrier,200,
1483,CommitDecision,100,
1483,VoxelCommit,500,
1483,EcsCommandBufferCommit,83100,
1483,GasAndEventFinalize,26600,
1483,ReplicationProjection,131900,
1483,SnapshotHashMetrics,100,
1483,EgressPublish,9893800,
1484,IngressCapture,4600,
1484,DecodeAndCanonicalize,300,
1484,ApplyInputs,364400,
1484,ProcessorPlan,49500,
1484,CrossWorldPrepare,700,
1484,NativeJobBarrier,500,
1484,CommitDecision,600,
1484,VoxelCommit,200,
1484,EcsCommandBufferCommit,281000,
1484,GasAndEventFinalize,67600,
1484,ReplicationProjection,936200,
1484,SnapshotHashMetrics,1000,
1484,EgressPublish,16304200,
1485,IngressCapture,6100,
1485,DecodeAndCanonicalize,200,
1485,ApplyInputs,317400,
1485,ProcessorPlan,72400,
1485,CrossWorldPrepare,900,
1485,NativeJobBarrier,200,
1485,CommitDecision,300,
1485,VoxelCommit,1400,
1485,EcsCommandBufferCommit,129800,
1485,GasAndEventFinalize,82100,
1485,ReplicationProjection,271400,
1485,SnapshotHashMetrics,1200,
1485,EgressPublish,18011200,
1486,IngressCapture,6500,
1486,DecodeAndCanonicalize,900,
1486,ApplyInputs,389600,
1486,ProcessorPlan,60200,
1486,CrossWorldPrepare,1500,
1486,NativeJobBarrier,200,
1486,CommitDecision,200,
1486,VoxelCommit,500,
1486,EcsCommandBufferCommit,123900,
1486,GasAndEventFinalize,44800,
1486,ReplicationProjection,252500,
1486,SnapshotHashMetrics,800,
1486,EgressPublish,18585700,
1487,IngressCapture,4800,
1487,DecodeAndCanonicalize,200,
1487,ApplyInputs,784000,
1487,ProcessorPlan,170600,
1487,CrossWorldPrepare,2300,
1487,NativeJobBarrier,300,
1487,CommitDecision,300,
1487,VoxelCommit,800,
1487,EcsCommandBufferCommit,1300800,
1487,GasAndEventFinalize,112300,
1487,ReplicationProjection,305800,
1487,SnapshotHashMetrics,400,
1487,EgressPublish,19453000,
1488,IngressCapture,6800,
1488,DecodeAndCanonicalize,200,
1488,ApplyInputs,385800,
1488,ProcessorPlan,50500,
1488,CrossWorldPrepare,1200,
1488,NativeJobBarrier,300,
1488,CommitDecision,400,
1488,VoxelCommit,500,
1488,EcsCommandBufferCommit,128500,
1488,GasAndEventFinalize,32800,
1488,ReplicationProjection,210200,
1488,SnapshotHashMetrics,500,
1488,EgressPublish,16461600,
1489,IngressCapture,6100,
1489,DecodeAndCanonicalize,200,
1489,ApplyInputs,527600,
1489,ProcessorPlan,55000,
1489,CrossWorldPrepare,1000,
1489,NativeJobBarrier,300,
1489,CommitDecision,400,
1489,VoxelCommit,500,
1489,EcsCommandBufferCommit,684700,
1489,GasAndEventFinalize,92500,
1489,ReplicationProjection,809900,
1489,SnapshotHashMetrics,800,
1489,EgressPublish,19485600,
1490,IngressCapture,5300,
1490,DecodeAndCanonicalize,200,
1490,ApplyInputs,331900,
1490,ProcessorPlan,46200,
1490,CrossWorldPrepare,500,
1490,NativeJobBarrier,400,
1490,CommitDecision,100,
1490,VoxelCommit,700,
1490,EcsCommandBufferCommit,122600,
1490,GasAndEventFinalize,36300,
1490,ReplicationProjection,213700,
1490,SnapshotHashMetrics,600,
1490,EgressPublish,19939700,
1491,IngressCapture,6900,
1491,DecodeAndCanonicalize,200,
1491,ApplyInputs,396600,
1491,ProcessorPlan,56000,
1491,CrossWorldPrepare,900,
1491,NativeJobBarrier,200,
1491,CommitDecision,500,
1491,VoxelCommit,1100,
1491,EcsCommandBufferCommit,168400,
1491,GasAndEventFinalize,40700,
1491,ReplicationProjection,223500,
1491,SnapshotHashMetrics,300,
1491,EgressPublish,21193000,
1492,IngressCapture,5800,
1492,DecodeAndCanonicalize,200,
1492,ApplyInputs,462400,
1492,ProcessorPlan,59500,
1492,CrossWorldPrepare,1300,
1492,NativeJobBarrier,500,
1492,CommitDecision,1000,
1492,VoxelCommit,500,
1492,EcsCommandBufferCommit,211800,
1492,GasAndEventFinalize,49200,
1492,ReplicationProjection,230200,
1492,SnapshotHashMetrics,300,
1492,EgressPublish,22807700,
1493,IngressCapture,4800,
1493,DecodeAndCanonicalize,400,
1493,ApplyInputs,294300,
1493,ProcessorPlan,56200,
1493,CrossWorldPrepare,600,
1493,NativeJobBarrier,300,
1493,CommitDecision,200,
1493,VoxelCommit,800,
1493,EcsCommandBufferCommit,121400,
1493,GasAndEventFinalize,30000,
1493,ReplicationProjection,263600,
1493,SnapshotHashMetrics,600,
1493,EgressPublish,19499300,
1494,IngressCapture,5300,
1494,DecodeAndCanonicalize,200,
1494,ApplyInputs,439400,
1494,ProcessorPlan,59300,
1494,CrossWorldPrepare,700,
1494,NativeJobBarrier,200,
1494,CommitDecision,200,
1494,VoxelCommit,1100,
1494,EcsCommandBufferCommit,160000,
1494,GasAndEventFinalize,47200,
1494,ReplicationProjection,253700,
1494,SnapshotHashMetrics,700,
1494,EgressPublish,19177000,
1495,IngressCapture,4700,
1495,DecodeAndCanonicalize,200,
1495,ApplyInputs,677400,
1495,ProcessorPlan,61300,
1495,CrossWorldPrepare,1500,
1495,NativeJobBarrier,200,
1495,CommitDecision,600,
1495,VoxelCommit,400,
1495,EcsCommandBufferCommit,155300,
1495,GasAndEventFinalize,84800,
1495,ReplicationProjection,169600,
1495,SnapshotHashMetrics,100,
1495,EgressPublish,16753000,
1496,IngressCapture,6100,
1496,DecodeAndCanonicalize,200,
1496,ApplyInputs,272100,
1496,ProcessorPlan,51100,
1496,CrossWorldPrepare,1600,
1496,NativeJobBarrier,200,
1496,CommitDecision,300,
1496,VoxelCommit,800,
1496,EcsCommandBufferCommit,143200,
1496,GasAndEventFinalize,44600,
1496,ReplicationProjection,227300,
1496,SnapshotHashMetrics,500,
1496,EgressPublish,15112700,
1497,IngressCapture,4500,
1497,DecodeAndCanonicalize,200,
1497,ApplyInputs,259700,
1497,ProcessorPlan,37400,
1497,CrossWorldPrepare,800,
1497,NativeJobBarrier,200,
1497,CommitDecision,200,
1497,VoxelCommit,200,
1497,EcsCommandBufferCommit,89200,
1497,GasAndEventFinalize,30600,
1497,ReplicationProjection,143300,
1497,SnapshotHashMetrics,200,
1497,EgressPublish,16074700,
1498,IngressCapture,3700,
1498,DecodeAndCanonicalize,200,
1498,ApplyInputs,217500,
1498,ProcessorPlan,54900,
1498,CrossWorldPrepare,1800,
1498,NativeJobBarrier,200,
1498,CommitDecision,500,
1498,VoxelCommit,500,
1498,EcsCommandBufferCommit,138800,
1498,GasAndEventFinalize,51700,
1498,ReplicationProjection,251700,
1498,SnapshotHashMetrics,600,
1498,EgressPublish,18191500,
1499,IngressCapture,6400,
1499,DecodeAndCanonicalize,400,
1499,ApplyInputs,276700,
1499,ProcessorPlan,35000,
1499,CrossWorldPrepare,700,
1499,NativeJobBarrier,200,
1499,CommitDecision,700,
1499,VoxelCommit,400,
1499,EcsCommandBufferCommit,93900,
1499,GasAndEventFinalize,28500,
1499,ReplicationProjection,157200,
1499,SnapshotHashMetrics,200,
1499,EgressPublish,15315100,
1500,IngressCapture,5500,
1500,DecodeAndCanonicalize,200,
1500,ApplyInputs,412400,
1500,ProcessorPlan,98800,
1500,CrossWorldPrepare,2400,
1500,NativeJobBarrier,200,
1500,CommitDecision,300,
1500,VoxelCommit,400,
1500,EcsCommandBufferCommit,193800,
1500,GasAndEventFinalize,54700,
1500,ReplicationProjection,272100,
1500,SnapshotHashMetrics,500,
1500,EgressPublish,19988900,
1501,IngressCapture,4100,
1501,DecodeAndCanonicalize,200,
1501,ApplyInputs,347000,
1501,ProcessorPlan,54900,
1501,CrossWorldPrepare,700,
1501,NativeJobBarrier,200,
1501,CommitDecision,200,
1501,VoxelCommit,1000,
1501,EcsCommandBufferCommit,147400,
1501,GasAndEventFinalize,40900,
1501,ReplicationProjection,243800,
1501,SnapshotHashMetrics,600,
1501,EgressPublish,18464900,
1502,IngressCapture,5900,
1502,DecodeAndCanonicalize,200,
1502,ApplyInputs,295500,
1502,ProcessorPlan,55900,
1502,CrossWorldPrepare,1100,
1502,NativeJobBarrier,100,
1502,CommitDecision,100,
1502,VoxelCommit,800,
1502,EcsCommandBufferCommit,112400,
1502,GasAndEventFinalize,32900,
1502,ReplicationProjection,151300,
1502,SnapshotHashMetrics,100,
1502,EgressPublish,16243100,
1503,IngressCapture,6400,
1503,DecodeAndCanonicalize,200,
1503,ApplyInputs,396900,
1503,ProcessorPlan,147700,
1503,CrossWorldPrepare,1300,
1503,NativeJobBarrier,300,
1503,CommitDecision,600,
1503,VoxelCommit,700,
1503,EcsCommandBufferCommit,156000,
1503,GasAndEventFinalize,88200,
1503,ReplicationProjection,281700,
1503,SnapshotHashMetrics,200,
1503,EgressPublish,17556600,
1504,IngressCapture,4400,
1504,DecodeAndCanonicalize,200,
1504,ApplyInputs,231700,
1504,ProcessorPlan,33200,
1504,CrossWorldPrepare,600,
1504,NativeJobBarrier,200,
1504,CommitDecision,100,
1504,VoxelCommit,500,
1504,EcsCommandBufferCommit,81100,
1504,GasAndEventFinalize,25000,
1504,ReplicationProjection,150800,
1504,SnapshotHashMetrics,200,
1504,EgressPublish,13342600,
1505,IngressCapture,4600,
1505,DecodeAndCanonicalize,300,
1505,ApplyInputs,287900,
1505,ProcessorPlan,34500,
1505,CrossWorldPrepare,700,
1505,NativeJobBarrier,200,
1505,CommitDecision,200,
1505,VoxelCommit,400,
1505,EcsCommandBufferCommit,104300,
1505,GasAndEventFinalize,28200,
1505,ReplicationProjection,150900,
1505,SnapshotHashMetrics,200,
1505,EgressPublish,16616400,
1506,IngressCapture,5000,
1506,DecodeAndCanonicalize,200,
1506,ApplyInputs,252000,
1506,ProcessorPlan,67500,
1506,CrossWorldPrepare,1100,
1506,NativeJobBarrier,200,
1506,CommitDecision,400,
1506,VoxelCommit,900,
1506,EcsCommandBufferCommit,120300,
1506,GasAndEventFinalize,39400,
1506,ReplicationProjection,235900,
1506,SnapshotHashMetrics,600,
1506,EgressPublish,16499900,
1507,IngressCapture,4300,
1507,DecodeAndCanonicalize,200,
1507,ApplyInputs,315000,
1507,ProcessorPlan,47000,
1507,CrossWorldPrepare,600,
1507,NativeJobBarrier,200,
1507,CommitDecision,700,
1507,VoxelCommit,700,
1507,EcsCommandBufferCommit,148100,
1507,GasAndEventFinalize,40800,
1507,ReplicationProjection,217100,
1507,SnapshotHashMetrics,300,
1507,EgressPublish,16697800,
1508,IngressCapture,5400,
1508,DecodeAndCanonicalize,300,
1508,ApplyInputs,387300,
1508,ProcessorPlan,52300,
1508,CrossWorldPrepare,800,
1508,NativeJobBarrier,400,
1508,CommitDecision,500,
1508,VoxelCommit,600,
1508,EcsCommandBufferCommit,193600,
1508,GasAndEventFinalize,46400,
1508,ReplicationProjection,196600,
1508,SnapshotHashMetrics,200,
1508,EgressPublish,15844200,
1509,IngressCapture,4700,
1509,DecodeAndCanonicalize,300,
1509,ApplyInputs,307400,
1509,ProcessorPlan,45900,
1509,CrossWorldPrepare,1100,
1509,NativeJobBarrier,300,
1509,CommitDecision,600,
1509,VoxelCommit,800,
1509,EcsCommandBufferCommit,108400,
1509,GasAndEventFinalize,28900,
1509,ReplicationProjection,149200,
1509,SnapshotHashMetrics,100,
1509,EgressPublish,17842400,
1510,IngressCapture,6100,
1510,DecodeAndCanonicalize,200,
1510,ApplyInputs,394500,
1510,ProcessorPlan,60900,
1510,CrossWorldPrepare,1500,
1510,NativeJobBarrier,200,
1510,CommitDecision,400,
1510,VoxelCommit,1400,
1510,EcsCommandBufferCommit,187100,
1510,GasAndEventFinalize,48800,
1510,ReplicationProjection,255900,
1510,SnapshotHashMetrics,500,
1510,EgressPublish,15185300,
1511,IngressCapture,5600,
1511,DecodeAndCanonicalize,200,
1511,ApplyInputs,507300,
1511,ProcessorPlan,147500,
1511,CrossWorldPrepare,1300,
1511,NativeJobBarrier,200,
1511,CommitDecision,200,
1511,VoxelCommit,800,
1511,EcsCommandBufferCommit,112400,
1511,GasAndEventFinalize,56300,
1511,ReplicationProjection,283900,
1511,SnapshotHashMetrics,700,
1511,EgressPublish,14039400,
1512,IngressCapture,5100,
1512,DecodeAndCanonicalize,200,
1512,ApplyInputs,409100,
1512,ProcessorPlan,59100,
1512,CrossWorldPrepare,1300,
1512,NativeJobBarrier,500,
1512,CommitDecision,900,
1512,VoxelCommit,1200,
1512,EcsCommandBufferCommit,150800,
1512,GasAndEventFinalize,43900,
1512,ReplicationProjection,1356900,
1512,SnapshotHashMetrics,1700,
1512,EgressPublish,16285500,
1513,IngressCapture,4100,
1513,DecodeAndCanonicalize,300,
1513,ApplyInputs,289400,
1513,ProcessorPlan,54400,
1513,CrossWorldPrepare,1300,
1513,NativeJobBarrier,300,
1513,CommitDecision,400,
1513,VoxelCommit,400,
1513,EcsCommandBufferCommit,153300,
1513,GasAndEventFinalize,41200,
1513,ReplicationProjection,255100,
1513,SnapshotHashMetrics,900,
1513,EgressPublish,16586300,
1514,IngressCapture,5300,
1514,DecodeAndCanonicalize,200,
1514,ApplyInputs,407700,
1514,ProcessorPlan,61500,
1514,CrossWorldPrepare,600,
1514,NativeJobBarrier,300,
1514,CommitDecision,800,
1514,VoxelCommit,600,
1514,EcsCommandBufferCommit,171200,
1514,GasAndEventFinalize,58400,
1514,ReplicationProjection,272400,
1514,SnapshotHashMetrics,400,
1514,EgressPublish,17466100,
1515,IngressCapture,4200,
1515,DecodeAndCanonicalize,200,
1515,ApplyInputs,236100,
1515,ProcessorPlan,32300,
1515,CrossWorldPrepare,800,
1515,NativeJobBarrier,100,
1515,CommitDecision,200,
1515,VoxelCommit,500,
1515,EcsCommandBufferCommit,98700,
1515,GasAndEventFinalize,28300,
1515,ReplicationProjection,154500,
1515,SnapshotHashMetrics,200,
1515,EgressPublish,11349300,
1516,IngressCapture,5400,
1516,DecodeAndCanonicalize,800,
1516,ApplyInputs,439000,
1516,ProcessorPlan,77800,
1516,CrossWorldPrepare,600,
1516,NativeJobBarrier,300,
1516,CommitDecision,600,
1516,VoxelCommit,700,
1516,EcsCommandBufferCommit,103400,
1516,GasAndEventFinalize,35400,
1516,ReplicationProjection,210100,
1516,SnapshotHashMetrics,300,
1516,EgressPublish,14966900,
1517,IngressCapture,3500,
1517,DecodeAndCanonicalize,200,
1517,ApplyInputs,323000,
1517,ProcessorPlan,46900,
1517,CrossWorldPrepare,700,
1517,NativeJobBarrier,200,
1517,CommitDecision,200,
1517,VoxelCommit,700,
1517,EcsCommandBufferCommit,116100,
1517,GasAndEventFinalize,37600,
1517,ReplicationProjection,211700,
1517,SnapshotHashMetrics,700,
1517,EgressPublish,13030000,
1518,IngressCapture,4200,
1518,DecodeAndCanonicalize,200,
1518,ApplyInputs,301700,
1518,ProcessorPlan,54100,
1518,CrossWorldPrepare,500,
1518,NativeJobBarrier,500,
1518,CommitDecision,200,
1518,VoxelCommit,900,
1518,EcsCommandBufferCommit,111400,
1518,GasAndEventFinalize,35300,
1518,ReplicationProjection,208600,
1518,SnapshotHashMetrics,600,
1518,EgressPublish,16149100,
1519,IngressCapture,5700,
1519,DecodeAndCanonicalize,200,
1519,ApplyInputs,875100,
1519,ProcessorPlan,84300,
1519,CrossWorldPrepare,1000,
1519,NativeJobBarrier,400,
1519,CommitDecision,200,
1519,VoxelCommit,1400,
1519,EcsCommandBufferCommit,121000,
1519,GasAndEventFinalize,58000,
1519,ReplicationProjection,220000,
1519,SnapshotHashMetrics,200,
1519,EgressPublish,13349000,
1520,IngressCapture,3900,
1520,DecodeAndCanonicalize,100,
1520,ApplyInputs,279400,
1520,ProcessorPlan,33500,
1520,CrossWorldPrepare,1000,
1520,NativeJobBarrier,200,
1520,CommitDecision,500,
1520,VoxelCommit,200,
1520,EcsCommandBufferCommit,457100,
1520,GasAndEventFinalize,39400,
1520,ReplicationProjection,493600,
1520,SnapshotHashMetrics,700,
1520,EgressPublish,12991800,
1521,IngressCapture,4100,
1521,DecodeAndCanonicalize,100,
1521,ApplyInputs,219400,
1521,ProcessorPlan,35800,
1521,CrossWorldPrepare,700,
1521,NativeJobBarrier,100,
1521,CommitDecision,300,
1521,VoxelCommit,700,
1521,EcsCommandBufferCommit,119600,
1521,GasAndEventFinalize,37500,
1521,ReplicationProjection,154100,
1521,SnapshotHashMetrics,300,
1521,EgressPublish,12674300,
1522,IngressCapture,4600,
1522,DecodeAndCanonicalize,200,
1522,ApplyInputs,375800,
1522,ProcessorPlan,51000,
1522,CrossWorldPrepare,900,
1522,NativeJobBarrier,200,
1522,CommitDecision,200,
1522,VoxelCommit,1000,
1522,EcsCommandBufferCommit,125800,
1522,GasAndEventFinalize,47200,
1522,ReplicationProjection,242800,
1522,SnapshotHashMetrics,500,
1522,EgressPublish,12889300,
1523,IngressCapture,4600,
1523,DecodeAndCanonicalize,200,
1523,ApplyInputs,211000,
1523,ProcessorPlan,38100,
1523,CrossWorldPrepare,1600,
1523,NativeJobBarrier,200,
1523,CommitDecision,400,
1523,VoxelCommit,500,
1523,EcsCommandBufferCommit,102000,
1523,GasAndEventFinalize,29400,
1523,ReplicationProjection,145200,
1523,SnapshotHashMetrics,200,
1523,EgressPublish,14031700,
1524,IngressCapture,3200,
1524,DecodeAndCanonicalize,200,
1524,ApplyInputs,294200,
1524,ProcessorPlan,44900,
1524,CrossWorldPrepare,900,
1524,NativeJobBarrier,200,
1524,CommitDecision,500,
1524,VoxelCommit,300,
1524,EcsCommandBufferCommit,82500,
1524,GasAndEventFinalize,27400,
1524,ReplicationProjection,195100,
1524,SnapshotHashMetrics,600,
1524,EgressPublish,13636300,
1525,IngressCapture,7000,
1525,DecodeAndCanonicalize,200,
1525,ApplyInputs,470400,
1525,ProcessorPlan,58300,
1525,CrossWorldPrepare,1300,
1525,NativeJobBarrier,400,
1525,CommitDecision,300,
1525,VoxelCommit,1000,
1525,EcsCommandBufferCommit,144700,
1525,GasAndEventFinalize,47600,
1525,ReplicationProjection,263200,
1525,SnapshotHashMetrics,1300,
1525,EgressPublish,16864500,
1526,IngressCapture,4100,
1526,DecodeAndCanonicalize,400,
1526,ApplyInputs,206600,
1526,ProcessorPlan,33900,
1526,CrossWorldPrepare,800,
1526,NativeJobBarrier,300,
1526,CommitDecision,200,
1526,VoxelCommit,200,
1526,EcsCommandBufferCommit,85100,
1526,GasAndEventFinalize,28500,
1526,ReplicationProjection,132700,
1526,SnapshotHashMetrics,200,
1526,EgressPublish,14069600,
1527,IngressCapture,5400,
1527,DecodeAndCanonicalize,200,
1527,ApplyInputs,453600,
1527,ProcessorPlan,55500,
1527,CrossWorldPrepare,400,
1527,NativeJobBarrier,200,
1527,CommitDecision,300,
1527,VoxelCommit,400,
1527,EcsCommandBufferCommit,92600,
1527,GasAndEventFinalize,47300,
1527,ReplicationProjection,147700,
1527,SnapshotHashMetrics,200,
1527,EgressPublish,14546300,
1528,IngressCapture,3900,
1528,DecodeAndCanonicalize,200,
1528,ApplyInputs,180900,
1528,ProcessorPlan,32200,
1528,CrossWorldPrepare,700,
1528,NativeJobBarrier,100,
1528,CommitDecision,300,
1528,VoxelCommit,300,
1528,EcsCommandBufferCommit,88800,
1528,GasAndEventFinalize,26900,
1528,ReplicationProjection,138700,
1528,SnapshotHashMetrics,100,
1528,EgressPublish,15055800,
1529,IngressCapture,5500,
1529,DecodeAndCanonicalize,300,
1529,ApplyInputs,325100,
1529,ProcessorPlan,45600,
1529,CrossWorldPrepare,700,
1529,NativeJobBarrier,1000,
1529,CommitDecision,200,
1529,VoxelCommit,300,
1529,EcsCommandBufferCommit,102800,
1529,GasAndEventFinalize,33700,
1529,ReplicationProjection,209700,
1529,SnapshotHashMetrics,300,
1529,EgressPublish,16456000,
1530,IngressCapture,3600,
1530,DecodeAndCanonicalize,200,
1530,ApplyInputs,238600,
1530,ProcessorPlan,35700,
1530,CrossWorldPrepare,700,
1530,NativeJobBarrier,200,
1530,CommitDecision,200,
1530,VoxelCommit,200,
1530,EcsCommandBufferCommit,95700,
1530,GasAndEventFinalize,25300,
1530,ReplicationProjection,134400,
1530,SnapshotHashMetrics,300,
1530,EgressPublish,13220400,
1531,IngressCapture,3800,
1531,DecodeAndCanonicalize,200,
1531,ApplyInputs,259900,
1531,ProcessorPlan,67700,
1531,CrossWorldPrepare,1900,
1531,NativeJobBarrier,500,
1531,CommitDecision,300,
1531,VoxelCommit,900,
1531,EcsCommandBufferCommit,134200,
1531,GasAndEventFinalize,46000,
1531,ReplicationProjection,255000,
1531,SnapshotHashMetrics,400,
1531,EgressPublish,15487800,
1532,IngressCapture,3500,
1532,DecodeAndCanonicalize,400,
1532,ApplyInputs,363100,
1532,ProcessorPlan,48300,
1532,CrossWorldPrepare,800,
1532,NativeJobBarrier,400,
1532,CommitDecision,300,
1532,VoxelCommit,1300,
1532,EcsCommandBufferCommit,128700,
1532,GasAndEventFinalize,34900,
1532,ReplicationProjection,209600,
1532,SnapshotHashMetrics,300,
1532,EgressPublish,17777200,
1533,IngressCapture,4100,
1533,DecodeAndCanonicalize,200,
1533,ApplyInputs,322200,
1533,ProcessorPlan,71800,
1533,CrossWorldPrepare,1200,
1533,NativeJobBarrier,100,
1533,CommitDecision,600,
1533,VoxelCommit,1300,
1533,EcsCommandBufferCommit,154600,
1533,GasAndEventFinalize,56300,
1533,ReplicationProjection,216300,
1533,SnapshotHashMetrics,600,
1533,EgressPublish,16505500,
1534,IngressCapture,4900,
1534,DecodeAndCanonicalize,400,
1534,ApplyInputs,295100,
1534,ProcessorPlan,58700,
1534,CrossWorldPrepare,700,
1534,NativeJobBarrier,200,
1534,CommitDecision,500,
1534,VoxelCommit,600,
1534,EcsCommandBufferCommit,123500,
1534,GasAndEventFinalize,32800,
1534,ReplicationProjection,162200,
1534,SnapshotHashMetrics,300,
1534,EgressPublish,16475900,
1535,IngressCapture,3200,
1535,DecodeAndCanonicalize,100,
1535,ApplyInputs,343800,
1535,ProcessorPlan,63800,
1535,CrossWorldPrepare,1300,
1535,NativeJobBarrier,300,
1535,CommitDecision,100,
1535,VoxelCommit,500,
1535,EcsCommandBufferCommit,81900,
1535,GasAndEventFinalize,36800,
1535,ReplicationProjection,140400,
1535,SnapshotHashMetrics,200,
1535,EgressPublish,16870800,
1536,IngressCapture,6300,
1536,DecodeAndCanonicalize,600,
1536,ApplyInputs,284400,
1536,ProcessorPlan,42200,
1536,CrossWorldPrepare,500,
1536,NativeJobBarrier,200,
1536,CommitDecision,300,
1536,VoxelCommit,800,
1536,EcsCommandBufferCommit,140000,
1536,GasAndEventFinalize,35000,
1536,ReplicationProjection,152000,
1536,SnapshotHashMetrics,200,
1536,EgressPublish,14081200,
1537,IngressCapture,3600,
1537,DecodeAndCanonicalize,200,
1537,ApplyInputs,219700,
1537,ProcessorPlan,34100,
1537,CrossWorldPrepare,400,
1537,NativeJobBarrier,400,
1537,CommitDecision,100,
1537,VoxelCommit,200,
1537,EcsCommandBufferCommit,90500,
1537,GasAndEventFinalize,28900,
1537,ReplicationProjection,142400,
1537,SnapshotHashMetrics,200,
1537,EgressPublish,11810500,
1538,IngressCapture,7100,
1538,DecodeAndCanonicalize,400,
1538,ApplyInputs,378100,
1538,ProcessorPlan,72600,
1538,CrossWorldPrepare,2000,
1538,NativeJobBarrier,200,
1538,CommitDecision,500,
1538,VoxelCommit,1200,
1538,EcsCommandBufferCommit,116600,
1538,GasAndEventFinalize,37100,
1538,ReplicationProjection,205300,
1538,SnapshotHashMetrics,600,
1538,EgressPublish,18438100,
1539,IngressCapture,6200,
1539,DecodeAndCanonicalize,300,
1539,ApplyInputs,395400,
1539,ProcessorPlan,48000,
1539,CrossWorldPrepare,500,
1539,NativeJobBarrier,200,
1539,CommitDecision,1000,
1539,VoxelCommit,800,
1539,EcsCommandBufferCommit,149100,
1539,GasAndEventFinalize,47100,
1539,ReplicationProjection,1245800,
1539,SnapshotHashMetrics,1300,
1539,EgressPublish,16392000,
1540,IngressCapture,4100,
1540,DecodeAndCanonicalize,200,
1540,ApplyInputs,246400,
1540,ProcessorPlan,34800,
1540,CrossWorldPrepare,400,
1540,NativeJobBarrier,300,
1540,CommitDecision,300,
1540,VoxelCommit,400,
1540,EcsCommandBufferCommit,86200,
1540,GasAndEventFinalize,24500,
1540,ReplicationProjection,136300,
1540,SnapshotHashMetrics,400,
1540,EgressPublish,13183100,
1541,IngressCapture,4100,
1541,DecodeAndCanonicalize,100,
1541,ApplyInputs,254700,
1541,ProcessorPlan,40600,
1541,CrossWorldPrepare,1100,
1541,NativeJobBarrier,1000,
1541,CommitDecision,400,
1541,VoxelCommit,1200,
1541,EcsCommandBufferCommit,144200,
1541,GasAndEventFinalize,42600,
1541,ReplicationProjection,154800,
1541,SnapshotHashMetrics,100,
1541,EgressPublish,13552300,
1542,IngressCapture,6400,
1542,DecodeAndCanonicalize,200,
1542,ApplyInputs,534700,
1542,ProcessorPlan,55300,
1542,CrossWorldPrepare,700,
1542,NativeJobBarrier,200,
1542,CommitDecision,300,
1542,VoxelCommit,500,
1542,EcsCommandBufferCommit,804200,
1542,GasAndEventFinalize,53900,
1542,ReplicationProjection,678000,
1542,SnapshotHashMetrics,600,
1542,EgressPublish,19830500,
1543,IngressCapture,5600,
1543,DecodeAndCanonicalize,100,
1543,ApplyInputs,499500,
1543,ProcessorPlan,75600,
1543,CrossWorldPrepare,700,
1543,NativeJobBarrier,200,
1543,CommitDecision,300,
1543,VoxelCommit,1100,
1543,EcsCommandBufferCommit,134300,
1543,GasAndEventFinalize,56900,
1543,ReplicationProjection,163300,
1543,SnapshotHashMetrics,100,
1543,EgressPublish,14534200,
1544,IngressCapture,5400,
1544,DecodeAndCanonicalize,100,
1544,ApplyInputs,281800,
1544,ProcessorPlan,63400,
1544,CrossWorldPrepare,700,
1544,NativeJobBarrier,300,
1544,CommitDecision,1000,
1544,VoxelCommit,1300,
1544,EcsCommandBufferCommit,139300,
1544,GasAndEventFinalize,44700,
1544,ReplicationProjection,244100,
1544,SnapshotHashMetrics,500,
1544,EgressPublish,18701800,
1545,IngressCapture,5600,
1545,DecodeAndCanonicalize,200,
1545,ApplyInputs,391300,
1545,ProcessorPlan,53400,
1545,CrossWorldPrepare,1300,
1545,NativeJobBarrier,200,
1545,CommitDecision,300,
1545,VoxelCommit,700,
1545,EcsCommandBufferCommit,152300,
1545,GasAndEventFinalize,52800,
1545,ReplicationProjection,243600,
1545,SnapshotHashMetrics,200,
1545,EgressPublish,18647800,
1546,IngressCapture,4800,
1546,DecodeAndCanonicalize,200,
1546,ApplyInputs,250600,
1546,ProcessorPlan,56800,
1546,CrossWorldPrepare,800,
1546,NativeJobBarrier,200,
1546,CommitDecision,200,
1546,VoxelCommit,700,
1546,EcsCommandBufferCommit,116700,
1546,GasAndEventFinalize,42500,
1546,ReplicationProjection,247400,
1546,SnapshotHashMetrics,900,
1546,EgressPublish,17053100,
1547,IngressCapture,5900,
1547,DecodeAndCanonicalize,200,
1547,ApplyInputs,353400,
1547,ProcessorPlan,51100,
1547,CrossWorldPrepare,600,
1547,NativeJobBarrier,200,
1547,CommitDecision,200,
1547,VoxelCommit,600,
1547,EcsCommandBufferCommit,132100,
1547,GasAndEventFinalize,40800,
1547,ReplicationProjection,232900,
1547,SnapshotHashMetrics,400,
1547,EgressPublish,18770500,
1548,IngressCapture,3600,
1548,DecodeAndCanonicalize,100,
1548,ApplyInputs,231600,
1548,ProcessorPlan,35000,
1548,CrossWorldPrepare,1000,
1548,NativeJobBarrier,200,
1548,CommitDecision,200,
1548,VoxelCommit,200,
1548,EcsCommandBufferCommit,87900,
1548,GasAndEventFinalize,28100,
1548,ReplicationProjection,143200,
1548,SnapshotHashMetrics,100,
1548,EgressPublish,16724500,
1549,IngressCapture,6500,
1549,DecodeAndCanonicalize,200,
1549,ApplyInputs,350600,
1549,ProcessorPlan,79300,
1549,CrossWorldPrepare,2300,
1549,NativeJobBarrier,300,
1549,CommitDecision,900,
1549,VoxelCommit,900,
1549,EcsCommandBufferCommit,170400,
1549,GasAndEventFinalize,43500,
1549,ReplicationProjection,261700,
1549,SnapshotHashMetrics,500,
1549,EgressPublish,20194200,
1550,IngressCapture,4700,
1550,DecodeAndCanonicalize,100,
1550,ApplyInputs,260000,
1550,ProcessorPlan,32900,
1550,CrossWorldPrepare,600,
1550,NativeJobBarrier,400,
1550,CommitDecision,200,
1550,VoxelCommit,200,
1550,EcsCommandBufferCommit,100900,
1550,GasAndEventFinalize,29500,
1550,ReplicationProjection,142400,
1550,SnapshotHashMetrics,200,
1550,EgressPublish,14065300,
1551,IngressCapture,5700,
1551,DecodeAndCanonicalize,200,
1551,ApplyInputs,481400,
1551,ProcessorPlan,55700,
1551,CrossWorldPrepare,1300,
1551,NativeJobBarrier,200,
1551,CommitDecision,100,
1551,VoxelCommit,1000,
1551,EcsCommandBufferCommit,89000,
1551,GasAndEventFinalize,46300,
1551,ReplicationProjection,149400,
1551,SnapshotHashMetrics,200,
1551,EgressPublish,16176600,
1552,IngressCapture,5500,
1552,DecodeAndCanonicalize,500,
1552,ApplyInputs,303600,
1552,ProcessorPlan,57700,
1552,CrossWorldPrepare,800,
1552,NativeJobBarrier,200,
1552,CommitDecision,200,
1552,VoxelCommit,500,
1552,EcsCommandBufferCommit,141800,
1552,GasAndEventFinalize,51100,
1552,ReplicationProjection,264200,
1552,SnapshotHashMetrics,600,
1552,EgressPublish,15095100,
1553,IngressCapture,5600,
1553,DecodeAndCanonicalize,900,
1553,ApplyInputs,290800,
1553,ProcessorPlan,47600,
1553,CrossWorldPrepare,1000,
1553,NativeJobBarrier,100,
1553,CommitDecision,500,
1553,VoxelCommit,700,
1553,EcsCommandBufferCommit,139900,
1553,GasAndEventFinalize,46300,
1553,ReplicationProjection,160700,
1553,SnapshotHashMetrics,200,
1553,EgressPublish,14740300,
1554,IngressCapture,4000,
1554,DecodeAndCanonicalize,300,
1554,ApplyInputs,262800,
1554,ProcessorPlan,35400,
1554,CrossWorldPrepare,400,
1554,NativeJobBarrier,200,
1554,CommitDecision,300,
1554,VoxelCommit,100,
1554,EcsCommandBufferCommit,97500,
1554,GasAndEventFinalize,31600,
1554,ReplicationProjection,148400,
1554,SnapshotHashMetrics,200,
1554,EgressPublish,16681700,
1555,IngressCapture,5700,
1555,DecodeAndCanonicalize,400,
1555,ApplyInputs,201800,
1555,ProcessorPlan,33400,
1555,CrossWorldPrepare,600,
1555,NativeJobBarrier,200,
1555,CommitDecision,400,
1555,VoxelCommit,500,
1555,EcsCommandBufferCommit,103900,
1555,GasAndEventFinalize,28000,
1555,ReplicationProjection,148400,
1555,SnapshotHashMetrics,100,
1555,EgressPublish,15198600,
1556,IngressCapture,6200,
1556,DecodeAndCanonicalize,200,
1556,ApplyInputs,409900,
1556,ProcessorPlan,59800,
1556,CrossWorldPrepare,700,
1556,NativeJobBarrier,300,
1556,CommitDecision,200,
1556,VoxelCommit,1400,
1556,EcsCommandBufferCommit,166600,
1556,GasAndEventFinalize,52500,
1556,ReplicationProjection,256800,
1556,SnapshotHashMetrics,400,
1556,EgressPublish,18066000,
1557,IngressCapture,5100,
1557,DecodeAndCanonicalize,200,
1557,ApplyInputs,343900,
1557,ProcessorPlan,90300,
1557,CrossWorldPrepare,1300,
1557,NativeJobBarrier,200,
1557,CommitDecision,500,
1557,VoxelCommit,1200,
1557,EcsCommandBufferCommit,169500,
1557,GasAndEventFinalize,41600,
1557,ReplicationProjection,234400,
1557,SnapshotHashMetrics,400,
1557,EgressPublish,17315000,
1558,IngressCapture,5500,
1558,DecodeAndCanonicalize,200,
1558,ApplyInputs,329900,
1558,ProcessorPlan,46400,
1558,CrossWorldPrepare,1000,
1558,NativeJobBarrier,200,
1558,CommitDecision,200,
1558,VoxelCommit,600,
1558,EcsCommandBufferCommit,108900,
1558,GasAndEventFinalize,43100,
1558,ReplicationProjection,230400,
1558,SnapshotHashMetrics,400,
1558,EgressPublish,17192200,
1559,IngressCapture,4700,
1559,DecodeAndCanonicalize,200,
1559,ApplyInputs,788200,
1559,ProcessorPlan,136000,
1559,CrossWorldPrepare,1800,
1559,NativeJobBarrier,500,
1559,CommitDecision,500,
1559,VoxelCommit,600,
1559,EcsCommandBufferCommit,165200,
1559,GasAndEventFinalize,99000,
1559,ReplicationProjection,282700,
1559,SnapshotHashMetrics,800,
1559,EgressPublish,19009700,
1560,IngressCapture,6100,
1560,DecodeAndCanonicalize,200,
1560,ApplyInputs,321000,
1560,ProcessorPlan,56400,
1560,CrossWorldPrepare,700,
1560,NativeJobBarrier,900,
1560,CommitDecision,600,
1560,VoxelCommit,1100,
1560,EcsCommandBufferCommit,129600,
1560,GasAndEventFinalize,44600,
1560,ReplicationProjection,246000,
1560,SnapshotHashMetrics,500,
1560,EgressPublish,15823100,
1561,IngressCapture,6900,
1561,DecodeAndCanonicalize,300,
1561,ApplyInputs,481700,
1561,ProcessorPlan,54300,
1561,CrossWorldPrepare,800,
1561,NativeJobBarrier,200,
1561,CommitDecision,700,
1561,VoxelCommit,900,
1561,EcsCommandBufferCommit,154800,
1561,GasAndEventFinalize,51300,
1561,ReplicationProjection,242700,
1561,SnapshotHashMetrics,600,
1561,EgressPublish,19965900,
1562,IngressCapture,5700,
1562,DecodeAndCanonicalize,300,
1562,ApplyInputs,370000,
1562,ProcessorPlan,66800,
1562,CrossWorldPrepare,1600,
1562,NativeJobBarrier,400,
1562,CommitDecision,200,
1562,VoxelCommit,1000,
1562,EcsCommandBufferCommit,144400,
1562,GasAndEventFinalize,43400,
1562,ReplicationProjection,237000,
1562,SnapshotHashMetrics,500,
1562,EgressPublish,20550000,
1563,IngressCapture,6200,
1563,DecodeAndCanonicalize,200,
1563,ApplyInputs,409100,
1563,ProcessorPlan,56800,
1563,CrossWorldPrepare,800,
1563,NativeJobBarrier,200,
1563,CommitDecision,200,
1563,VoxelCommit,1200,
1563,EcsCommandBufferCommit,125600,
1563,GasAndEventFinalize,40900,
1563,ReplicationProjection,226500,
1563,SnapshotHashMetrics,700,
1563,EgressPublish,14429300,
1564,IngressCapture,6100,
1564,DecodeAndCanonicalize,200,
1564,ApplyInputs,326800,
1564,ProcessorPlan,52200,
1564,CrossWorldPrepare,1000,
1564,NativeJobBarrier,700,
1564,CommitDecision,800,
1564,VoxelCommit,400,
1564,EcsCommandBufferCommit,146800,
1564,GasAndEventFinalize,41400,
1564,ReplicationProjection,211100,
1564,SnapshotHashMetrics,400,
1564,EgressPublish,18470600,
1565,IngressCapture,4700,
1565,DecodeAndCanonicalize,200,
1565,ApplyInputs,290300,
1565,ProcessorPlan,57800,
1565,CrossWorldPrepare,800,
1565,NativeJobBarrier,300,
1565,CommitDecision,300,
1565,VoxelCommit,900,
1565,EcsCommandBufferCommit,132000,
1565,GasAndEventFinalize,45300,
1565,ReplicationProjection,204800,
1565,SnapshotHashMetrics,300,
1565,EgressPublish,15205200,
1566,IngressCapture,3500,
1566,DecodeAndCanonicalize,300,
1566,ApplyInputs,931600,
1566,ProcessorPlan,80100,
1566,CrossWorldPrepare,600,
1566,NativeJobBarrier,200,
1566,CommitDecision,100,
1566,VoxelCommit,200,
1566,EcsCommandBufferCommit,85100,
1566,GasAndEventFinalize,30300,
1566,ReplicationProjection,147800,
1566,SnapshotHashMetrics,200,
1566,EgressPublish,18404900,
1567,IngressCapture,4000,
1567,DecodeAndCanonicalize,200,
1567,ApplyInputs,277100,
1567,ProcessorPlan,74900,
1567,CrossWorldPrepare,1100,
1567,NativeJobBarrier,200,
1567,CommitDecision,500,
1567,VoxelCommit,500,
1567,EcsCommandBufferCommit,126200,
1567,GasAndEventFinalize,41200,
1567,ReplicationProjection,226100,
1567,SnapshotHashMetrics,500,
1567,EgressPublish,15070600,
1568,IngressCapture,4800,
1568,DecodeAndCanonicalize,200,
1568,ApplyInputs,746300,
1568,ProcessorPlan,52300,
1568,CrossWorldPrepare,1300,
1568,NativeJobBarrier,400,
1568,CommitDecision,600,
1568,VoxelCommit,900,
1568,EcsCommandBufferCommit,133600,
1568,GasAndEventFinalize,69600,
1568,ReplicationProjection,236400,
1568,SnapshotHashMetrics,300,
1568,EgressPublish,19034900,
1569,IngressCapture,5500,
1569,DecodeAndCanonicalize,400,
1569,ApplyInputs,359500,
1569,ProcessorPlan,48800,
1569,CrossWorldPrepare,1300,
1569,NativeJobBarrier,100,
1569,CommitDecision,500,
1569,VoxelCommit,500,
1569,EcsCommandBufferCommit,132000,
1569,GasAndEventFinalize,44300,
1569,ReplicationProjection,208200,
1569,SnapshotHashMetrics,500,
1569,EgressPublish,17236700,
1570,IngressCapture,5200,
1570,DecodeAndCanonicalize,200,
1570,ApplyInputs,312300,
1570,ProcessorPlan,64500,
1570,CrossWorldPrepare,2100,
1570,NativeJobBarrier,300,
1570,CommitDecision,400,
1570,VoxelCommit,700,
1570,EcsCommandBufferCommit,178600,
1570,GasAndEventFinalize,59000,
1570,ReplicationProjection,281100,
1570,SnapshotHashMetrics,700,
1570,EgressPublish,18141500,
1571,IngressCapture,4000,
1571,DecodeAndCanonicalize,700,
1571,ApplyInputs,288600,
1571,ProcessorPlan,46600,
1571,CrossWorldPrepare,800,
1571,NativeJobBarrier,300,
1571,CommitDecision,400,
1571,VoxelCommit,400,
1571,EcsCommandBufferCommit,103200,
1571,GasAndEventFinalize,30400,
1571,ReplicationProjection,214900,
1571,SnapshotHashMetrics,400,
1571,EgressPublish,17380400,
1572,IngressCapture,4100,
1572,DecodeAndCanonicalize,200,
1572,ApplyInputs,204300,
1572,ProcessorPlan,45200,
1572,CrossWorldPrepare,800,
1572,NativeJobBarrier,100,
1572,CommitDecision,300,
1572,VoxelCommit,800,
1572,EcsCommandBufferCommit,81400,
1572,GasAndEventFinalize,21600,
1572,ReplicationProjection,129100,
1572,SnapshotHashMetrics,200,
1572,EgressPublish,12601100,
1573,IngressCapture,7400,
1573,DecodeAndCanonicalize,400,
1573,ApplyInputs,292800,
1573,ProcessorPlan,43900,
1573,CrossWorldPrepare,900,
1573,NativeJobBarrier,200,
1573,CommitDecision,500,
1573,VoxelCommit,600,
1573,EcsCommandBufferCommit,141800,
1573,GasAndEventFinalize,42100,
1573,ReplicationProjection,153500,
1573,SnapshotHashMetrics,200,
1573,EgressPublish,14703300,
1574,IngressCapture,2800,
1574,DecodeAndCanonicalize,200,
1574,ApplyInputs,215100,
1574,ProcessorPlan,49300,
1574,CrossWorldPrepare,900,
1574,NativeJobBarrier,300,
1574,CommitDecision,200,
1574,VoxelCommit,800,
1574,EcsCommandBufferCommit,89400,
1574,GasAndEventFinalize,33000,
1574,ReplicationProjection,201200,
1574,SnapshotHashMetrics,500,
1574,EgressPublish,14493000,
1575,IngressCapture,4000,
1575,DecodeAndCanonicalize,200,
1575,ApplyInputs,473400,
1575,ProcessorPlan,69300,
1575,CrossWorldPrepare,700,
1575,NativeJobBarrier,200,
1575,CommitDecision,100,
1575,VoxelCommit,700,
1575,EcsCommandBufferCommit,76100,
1575,GasAndEventFinalize,43800,
1575,ReplicationProjection,193700,
1575,SnapshotHashMetrics,700,
1575,EgressPublish,10633400,
1576,IngressCapture,3800,
1576,DecodeAndCanonicalize,200,
1576,ApplyInputs,211800,
1576,ProcessorPlan,51300,
1576,CrossWorldPrepare,900,
1576,NativeJobBarrier,200,
1576,CommitDecision,200,
1576,VoxelCommit,600,
1576,EcsCommandBufferCommit,101900,
1576,GasAndEventFinalize,32800,
1576,ReplicationProjection,221200,
1576,SnapshotHashMetrics,300,
1576,EgressPublish,13529000,
1577,IngressCapture,4300,
1577,DecodeAndCanonicalize,200,
1577,ApplyInputs,232800,
1577,ProcessorPlan,34800,
1577,CrossWorldPrepare,1500,
1577,NativeJobBarrier,200,
1577,CommitDecision,100,
1577,VoxelCommit,500,
1577,EcsCommandBufferCommit,90500,
1577,GasAndEventFinalize,27500,
1577,ReplicationProjection,137900,
1577,SnapshotHashMetrics,400,
1577,EgressPublish,10870900,
1578,IngressCapture,3800,
1578,DecodeAndCanonicalize,200,
1578,ApplyInputs,200700,
1578,ProcessorPlan,32900,
1578,CrossWorldPrepare,400,
1578,NativeJobBarrier,300,
1578,CommitDecision,100,
1578,VoxelCommit,300,
1578,EcsCommandBufferCommit,82800,
1578,GasAndEventFinalize,24600,
1578,ReplicationProjection,134000,
1578,SnapshotHashMetrics,200,
1578,EgressPublish,11116400,
1579,IngressCapture,2600,
1579,DecodeAndCanonicalize,200,
1579,ApplyInputs,161000,
1579,ProcessorPlan,29500,
1579,CrossWorldPrepare,800,
1579,NativeJobBarrier,100,
1579,CommitDecision,100,
1579,VoxelCommit,400,
1579,EcsCommandBufferCommit,68700,
1579,GasAndEventFinalize,21800,
1579,ReplicationProjection,124300,
1579,SnapshotHashMetrics,200,
1579,EgressPublish,9470000,
1580,IngressCapture,3500,
1580,DecodeAndCanonicalize,200,
1580,ApplyInputs,278200,
1580,ProcessorPlan,46000,
1580,CrossWorldPrepare,700,
1580,NativeJobBarrier,200,
1580,CommitDecision,400,
1580,VoxelCommit,700,
1580,EcsCommandBufferCommit,100700,
1580,GasAndEventFinalize,37100,
1580,ReplicationProjection,211300,
1580,SnapshotHashMetrics,500,
1580,EgressPublish,12150100,
1581,IngressCapture,3700,
1581,DecodeAndCanonicalize,200,
1581,ApplyInputs,182600,
1581,ProcessorPlan,38900,
1581,CrossWorldPrepare,700,
1581,NativeJobBarrier,200,
1581,CommitDecision,500,
1581,VoxelCommit,200,
1581,EcsCommandBufferCommit,99800,
1581,GasAndEventFinalize,30600,
1581,ReplicationProjection,152000,
1581,SnapshotHashMetrics,100,
1581,EgressPublish,10163800,
1582,IngressCapture,3400,
1582,DecodeAndCanonicalize,200,
1582,ApplyInputs,235100,
1582,ProcessorPlan,35000,
1582,CrossWorldPrepare,500,
1582,NativeJobBarrier,200,
1582,CommitDecision,300,
1582,VoxelCommit,500,
1582,EcsCommandBufferCommit,83500,
1582,GasAndEventFinalize,29300,
1582,ReplicationProjection,133200,
1582,SnapshotHashMetrics,200,
1582,EgressPublish,8734900,
1583,IngressCapture,4400,
1583,DecodeAndCanonicalize,200,
1583,ApplyInputs,508500,
1583,ProcessorPlan,95700,
1583,CrossWorldPrepare,800,
1583,NativeJobBarrier,1800,
1583,CommitDecision,300,
1583,VoxelCommit,500,
1583,EcsCommandBufferCommit,87700,
1583,GasAndEventFinalize,52300,
1583,ReplicationProjection,214000,
1583,SnapshotHashMetrics,400,
1583,EgressPublish,13449200,
1584,IngressCapture,3600,
1584,DecodeAndCanonicalize,300,
1584,ApplyInputs,238200,
1584,ProcessorPlan,47500,
1584,CrossWorldPrepare,500,
1584,NativeJobBarrier,200,
1584,CommitDecision,200,
1584,VoxelCommit,500,
1584,EcsCommandBufferCommit,94300,
1584,GasAndEventFinalize,30100,
1584,ReplicationProjection,212300,
1584,SnapshotHashMetrics,900,
1584,EgressPublish,13855800,
1585,IngressCapture,3800,
1585,DecodeAndCanonicalize,200,
1585,ApplyInputs,226200,
1585,ProcessorPlan,33300,
1585,CrossWorldPrepare,800,
1585,NativeJobBarrier,200,
1585,CommitDecision,300,
1585,VoxelCommit,400,
1585,EcsCommandBufferCommit,86900,
1585,GasAndEventFinalize,25500,
1585,ReplicationProjection,137700,
1585,SnapshotHashMetrics,200,
1585,EgressPublish,10941300,
1586,IngressCapture,3700,
1586,DecodeAndCanonicalize,100,
1586,ApplyInputs,175800,
1586,ProcessorPlan,34000,
1586,CrossWorldPrepare,400,
1586,NativeJobBarrier,100,
1586,CommitDecision,100,
1586,VoxelCommit,400,
1586,EcsCommandBufferCommit,92200,
1586,GasAndEventFinalize,27200,
1586,ReplicationProjection,138700,
1586,SnapshotHashMetrics,200,
1586,EgressPublish,11656500,
1587,IngressCapture,3100,
1587,DecodeAndCanonicalize,200,
1587,ApplyInputs,183100,
1587,ProcessorPlan,30800,
1587,CrossWorldPrepare,500,
1587,NativeJobBarrier,200,
1587,CommitDecision,100,
1587,VoxelCommit,300,
1587,EcsCommandBufferCommit,62900,
1587,GasAndEventFinalize,19800,
1587,ReplicationProjection,126600,
1587,SnapshotHashMetrics,100,
1587,EgressPublish,9547200,
1588,IngressCapture,3600,
1588,DecodeAndCanonicalize,200,
1588,ApplyInputs,333200,
1588,ProcessorPlan,54900,
1588,CrossWorldPrepare,1000,
1588,NativeJobBarrier,200,
1588,CommitDecision,300,
1588,VoxelCommit,900,
1588,EcsCommandBufferCommit,101000,
1588,GasAndEventFinalize,29400,
1588,ReplicationProjection,243000,
1588,SnapshotHashMetrics,1200,
1588,EgressPublish,10442900,
1589,IngressCapture,4400,
1589,DecodeAndCanonicalize,100,
1589,ApplyInputs,193000,
1589,ProcessorPlan,33500,
1589,CrossWorldPrepare,500,
1589,NativeJobBarrier,200,
1589,CommitDecision,100,
1589,VoxelCommit,300,
1589,EcsCommandBufferCommit,67700,
1589,GasAndEventFinalize,22000,
1589,ReplicationProjection,128800,
1589,SnapshotHashMetrics,300,
1589,EgressPublish,8712800,
1590,IngressCapture,4300,
1590,DecodeAndCanonicalize,200,
1590,ApplyInputs,199300,
1590,ProcessorPlan,36900,
1590,CrossWorldPrepare,600,
1590,NativeJobBarrier,200,
1590,CommitDecision,500,
1590,VoxelCommit,500,
1590,EcsCommandBufferCommit,104900,
1590,GasAndEventFinalize,33800,
1590,ReplicationProjection,137500,
1590,SnapshotHashMetrics,100,
1590,EgressPublish,12993400,
1591,IngressCapture,3200,
1591,DecodeAndCanonicalize,100,
1591,ApplyInputs,401500,
1591,ProcessorPlan,50100,
1591,CrossWorldPrepare,500,
1591,NativeJobBarrier,100,
1591,CommitDecision,200,
1591,VoxelCommit,700,
1591,EcsCommandBufferCommit,75100,
1591,GasAndEventFinalize,32700,
1591,ReplicationProjection,137500,
1591,SnapshotHashMetrics,200,
1591,EgressPublish,9966800,
1592,IngressCapture,4500,
1592,DecodeAndCanonicalize,200,
1592,ApplyInputs,435500,
1592,ProcessorPlan,53100,
1592,CrossWorldPrepare,900,
1592,NativeJobBarrier,400,
1592,CommitDecision,200,
1592,VoxelCommit,700,
1592,EcsCommandBufferCommit,556800,
1592,GasAndEventFinalize,66700,
1592,ReplicationProjection,691500,
1592,SnapshotHashMetrics,900,
1592,EgressPublish,11327100,
1593,IngressCapture,10800,
1593,DecodeAndCanonicalize,200,
1593,ApplyInputs,194700,
1593,ProcessorPlan,31600,
1593,CrossWorldPrepare,600,
1593,NativeJobBarrier,100,
1593,CommitDecision,200,
1593,VoxelCommit,300,
1593,EcsCommandBufferCommit,73300,
1593,GasAndEventFinalize,25500,
1593,ReplicationProjection,136600,
1593,SnapshotHashMetrics,200,
1593,EgressPublish,13481300,
1594,IngressCapture,3600,
1594,DecodeAndCanonicalize,100,
1594,ApplyInputs,182900,
1594,ProcessorPlan,32900,
1594,CrossWorldPrepare,400,
1594,NativeJobBarrier,100,
1594,CommitDecision,200,
1594,VoxelCommit,700,
1594,EcsCommandBufferCommit,82500,
1594,GasAndEventFinalize,31100,
1594,ReplicationProjection,155600,
1594,SnapshotHashMetrics,200,
1594,EgressPublish,11219000,
1595,IngressCapture,3900,
1595,DecodeAndCanonicalize,400,
1595,ApplyInputs,237500,
1595,ProcessorPlan,32400,
1595,CrossWorldPrepare,800,
1595,NativeJobBarrier,400,
1595,CommitDecision,400,
1595,VoxelCommit,500,
1595,EcsCommandBufferCommit,111400,
1595,GasAndEventFinalize,37200,
1595,ReplicationProjection,145900,
1595,SnapshotHashMetrics,100,
1595,EgressPublish,12292000,
1596,IngressCapture,3700,
1596,DecodeAndCanonicalize,200,
1596,ApplyInputs,258000,
1596,ProcessorPlan,54200,
1596,CrossWorldPrepare,1000,
1596,NativeJobBarrier,300,
1596,CommitDecision,300,
1596,VoxelCommit,500,
1596,EcsCommandBufferCommit,99400,
1596,GasAndEventFinalize,30700,
1596,ReplicationProjection,211900,
1596,SnapshotHashMetrics,400,
1596,EgressPublish,13173500,
1597,IngressCapture,5000,
1597,DecodeAndCanonicalize,200,
1597,ApplyInputs,574700,
1597,ProcessorPlan,90800,
1597,CrossWorldPrepare,800,
1597,NativeJobBarrier,300,
1597,CommitDecision,300,
1597,VoxelCommit,900,
1597,EcsCommandBufferCommit,662400,
1597,GasAndEventFinalize,47300,
1597,ReplicationProjection,430700,
1597,SnapshotHashMetrics,500,
1597,EgressPublish,16832000,
1598,IngressCapture,3700,
1598,DecodeAndCanonicalize,200,
1598,ApplyInputs,276900,
1598,ProcessorPlan,36300,
1598,CrossWorldPrepare,900,
1598,NativeJobBarrier,200,
1598,CommitDecision,500,
1598,VoxelCommit,900,
1598,EcsCommandBufferCommit,515900,
1598,GasAndEventFinalize,51500,
1598,ReplicationProjection,465700,
1598,SnapshotHashMetrics,400,
1598,EgressPublish,18027100,
1599,IngressCapture,12600,
1599,DecodeAndCanonicalize,200,
1599,ApplyInputs,536200,
1599,ProcessorPlan,128100,
1599,CrossWorldPrepare,600,
1599,NativeJobBarrier,200,
1599,CommitDecision,200,
1599,VoxelCommit,500,
1599,EcsCommandBufferCommit,120000,
1599,GasAndEventFinalize,68600,
1599,ReplicationProjection,234000,
1599,SnapshotHashMetrics,600,
1599,EgressPublish,21667100,
1600,IngressCapture,4900,
1600,DecodeAndCanonicalize,100,
1600,ApplyInputs,272400,
1600,ProcessorPlan,40800,
1600,CrossWorldPrepare,600,
1600,NativeJobBarrier,200,
1600,CommitDecision,200,
1600,VoxelCommit,200,
1600,EcsCommandBufferCommit,95900,
1600,GasAndEventFinalize,29000,
1600,ReplicationProjection,152800,
1600,SnapshotHashMetrics,100,
1600,EgressPublish,15918700,
1601,IngressCapture,4200,
1601,DecodeAndCanonicalize,100,
1601,ApplyInputs,249100,
1601,ProcessorPlan,36600,
1601,CrossWorldPrepare,700,
1601,NativeJobBarrier,100,
1601,CommitDecision,600,
1601,VoxelCommit,300,
1601,EcsCommandBufferCommit,107600,
1601,GasAndEventFinalize,28800,
1601,ReplicationProjection,147800,
1601,SnapshotHashMetrics,100,
1601,EgressPublish,14725600,
1602,IngressCapture,3300,
1602,DecodeAndCanonicalize,200,
1602,ApplyInputs,229400,
1602,ProcessorPlan,53400,
1602,CrossWorldPrepare,700,
1602,NativeJobBarrier,200,
1602,CommitDecision,400,
1602,VoxelCommit,300,
1602,EcsCommandBufferCommit,96800,
1602,GasAndEventFinalize,32600,
1602,ReplicationProjection,150200,
1602,SnapshotHashMetrics,200,
1602,EgressPublish,13989700,
1603,IngressCapture,5100,
1603,DecodeAndCanonicalize,200,
1603,ApplyInputs,279900,
1603,ProcessorPlan,36000,
1603,CrossWorldPrepare,1000,
1603,NativeJobBarrier,200,
1603,CommitDecision,1000,
1603,VoxelCommit,500,
1603,EcsCommandBufferCommit,107600,
1603,GasAndEventFinalize,36100,
1603,ReplicationProjection,152600,
1603,SnapshotHashMetrics,100,
1603,EgressPublish,16029000,
1604,IngressCapture,4700,
1604,DecodeAndCanonicalize,200,
1604,ApplyInputs,300800,
1604,ProcessorPlan,53600,
1604,CrossWorldPrepare,1500,
1604,NativeJobBarrier,200,
1604,CommitDecision,500,
1604,VoxelCommit,600,
1604,EcsCommandBufferCommit,147800,
1604,GasAndEventFinalize,53600,
1604,ReplicationProjection,247000,
1604,SnapshotHashMetrics,500,
1604,EgressPublish,19318900,
1605,IngressCapture,4600,
1605,DecodeAndCanonicalize,100,
1605,ApplyInputs,240200,
1605,ProcessorPlan,33900,
1605,CrossWorldPrepare,500,
1605,NativeJobBarrier,100,
1605,CommitDecision,100,
1605,VoxelCommit,300,
1605,EcsCommandBufferCommit,94100,
1605,GasAndEventFinalize,28700,
1605,ReplicationProjection,144400,
1605,SnapshotHashMetrics,100,
1605,EgressPublish,12610400,
1606,IngressCapture,6200,
1606,DecodeAndCanonicalize,200,
1606,ApplyInputs,298600,
1606,ProcessorPlan,53300,
1606,CrossWorldPrepare,900,
1606,NativeJobBarrier,1400,
1606,CommitDecision,400,
1606,VoxelCommit,1400,
1606,EcsCommandBufferCommit,138300,
1606,GasAndEventFinalize,46000,
1606,ReplicationProjection,266900,
1606,SnapshotHashMetrics,900,
1606,EgressPublish,17637100,
1607,IngressCapture,4400,
1607,DecodeAndCanonicalize,200,
1607,ApplyInputs,669500,
1607,ProcessorPlan,57900,
1607,CrossWorldPrepare,1100,
1607,NativeJobBarrier,200,
1607,CommitDecision,300,
1607,VoxelCommit,500,
1607,EcsCommandBufferCommit,129800,
1607,GasAndEventFinalize,77600,
1607,ReplicationProjection,246900,
1607,SnapshotHashMetrics,600,
1607,EgressPublish,17580900,
1608,IngressCapture,4000,
1608,DecodeAndCanonicalize,200,
1608,ApplyInputs,341300,
1608,ProcessorPlan,45900,
1608,CrossWorldPrepare,1200,
1608,NativeJobBarrier,400,
1608,CommitDecision,400,
1608,VoxelCommit,500,
1608,EcsCommandBufferCommit,124900,
1608,GasAndEventFinalize,40300,
1608,ReplicationProjection,219500,
1608,SnapshotHashMetrics,500,
1608,EgressPublish,13891000,
1609,IngressCapture,3100,
1609,DecodeAndCanonicalize,200,
1609,ApplyInputs,215400,
1609,ProcessorPlan,48900,
1609,CrossWorldPrepare,700,
1609,NativeJobBarrier,300,
1609,CommitDecision,400,
1609,VoxelCommit,1200,
1609,EcsCommandBufferCommit,108700,
1609,GasAndEventFinalize,28000,
1609,ReplicationProjection,148600,
1609,SnapshotHashMetrics,200,
1609,EgressPublish,11758500,
1610,IngressCapture,4900,
1610,DecodeAndCanonicalize,200,
1610,ApplyInputs,323100,
1610,ProcessorPlan,47500,
1610,CrossWorldPrepare,900,
1610,NativeJobBarrier,600,
1610,CommitDecision,200,
1610,VoxelCommit,1200,
1610,EcsCommandBufferCommit,108000,
1610,GasAndEventFinalize,38100,
1610,ReplicationProjection,222400,
1610,SnapshotHashMetrics,200,
1610,EgressPublish,17143300,
1611,IngressCapture,7000,
1611,DecodeAndCanonicalize,300,
1611,ApplyInputs,307000,
1611,ProcessorPlan,58600,
1611,CrossWorldPrepare,600,
1611,NativeJobBarrier,200,
1611,CommitDecision,200,
1611,VoxelCommit,900,
1611,EcsCommandBufferCommit,117100,
1611,GasAndEventFinalize,41700,
1611,ReplicationProjection,235400,
1611,SnapshotHashMetrics,300,
1611,EgressPublish,16467500,
1612,IngressCapture,5700,
1612,DecodeAndCanonicalize,400,
1612,ApplyInputs,360400,
1612,ProcessorPlan,55000,
1612,CrossWorldPrepare,700,
1612,NativeJobBarrier,200,
1612,CommitDecision,300,
1612,VoxelCommit,1000,
1612,EcsCommandBufferCommit,132900,
1612,GasAndEventFinalize,36800,
1612,ReplicationProjection,248400,
1612,SnapshotHashMetrics,800,
1612,EgressPublish,17573300,
1613,IngressCapture,4600,
1613,DecodeAndCanonicalize,300,
1613,ApplyInputs,298900,
1613,ProcessorPlan,45400,
1613,CrossWorldPrepare,800,
1613,NativeJobBarrier,100,
1613,CommitDecision,200,
1613,VoxelCommit,1500,
1613,EcsCommandBufferCommit,113000,
1613,GasAndEventFinalize,36200,
1613,ReplicationProjection,1276000,
1613,SnapshotHashMetrics,700,
1613,EgressPublish,15832500,
1614,IngressCapture,5800,
1614,DecodeAndCanonicalize,400,
1614,ApplyInputs,472000,
1614,ProcessorPlan,51500,
1614,CrossWorldPrepare,1200,
1614,NativeJobBarrier,100,
1614,CommitDecision,400,
1614,VoxelCommit,500,
1614,EcsCommandBufferCommit,91300,
1614,GasAndEventFinalize,64400,
1614,ReplicationProjection,148200,
1614,SnapshotHashMetrics,300,
1614,EgressPublish,13203600,
1615,IngressCapture,5000,
1615,DecodeAndCanonicalize,100,
1615,ApplyInputs,290200,
1615,ProcessorPlan,55400,
1615,CrossWorldPrepare,900,
1615,NativeJobBarrier,200,
1615,CommitDecision,500,
1615,VoxelCommit,1200,
1615,EcsCommandBufferCommit,117300,
1615,GasAndEventFinalize,40700,
1615,ReplicationProjection,217100,
1615,SnapshotHashMetrics,600,
1615,EgressPublish,16368200,
1616,IngressCapture,3000,
1616,DecodeAndCanonicalize,200,
1616,ApplyInputs,189700,
1616,ProcessorPlan,30900,
1616,CrossWorldPrepare,600,
1616,NativeJobBarrier,200,
1616,CommitDecision,200,
1616,VoxelCommit,400,
1616,EcsCommandBufferCommit,71900,
1616,GasAndEventFinalize,19900,
1616,ReplicationProjection,134000,
1616,SnapshotHashMetrics,300,
1616,EgressPublish,14018500,
1617,IngressCapture,4100,
1617,DecodeAndCanonicalize,100,
1617,ApplyInputs,209300,
1617,ProcessorPlan,44000,
1617,CrossWorldPrepare,800,
1617,NativeJobBarrier,100,
1617,CommitDecision,400,
1617,VoxelCommit,200,
1617,EcsCommandBufferCommit,100700,
1617,GasAndEventFinalize,35100,
1617,ReplicationProjection,146100,
1617,SnapshotHashMetrics,200,
1617,EgressPublish,11430700,
1618,IngressCapture,5600,
1618,DecodeAndCanonicalize,200,
1618,ApplyInputs,355700,
1618,ProcessorPlan,47600,
1618,CrossWorldPrepare,1200,
1618,NativeJobBarrier,300,
1618,CommitDecision,500,
1618,VoxelCommit,1100,
1618,EcsCommandBufferCommit,134200,
1618,GasAndEventFinalize,38800,
1618,ReplicationProjection,244500,
1618,SnapshotHashMetrics,300,
1618,EgressPublish,16313800,
1619,IngressCapture,5000,
1619,DecodeAndCanonicalize,200,
1619,ApplyInputs,435200,
1619,ProcessorPlan,59500,
1619,CrossWorldPrepare,1000,
1619,NativeJobBarrier,100,
1619,CommitDecision,400,
1619,VoxelCommit,800,
1619,EcsCommandBufferCommit,109200,
1619,GasAndEventFinalize,35000,
1619,ReplicationProjection,254300,
1619,SnapshotHashMetrics,500,
1619,EgressPublish,17238200,
1620,IngressCapture,5100,
1620,DecodeAndCanonicalize,200,
1620,ApplyInputs,236700,
1620,ProcessorPlan,39000,
1620,CrossWorldPrepare,700,
1620,NativeJobBarrier,200,
1620,CommitDecision,200,
1620,VoxelCommit,400,
1620,EcsCommandBufferCommit,91500,
1620,GasAndEventFinalize,29000,
1620,ReplicationProjection,142400,
1620,SnapshotHashMetrics,200,
1620,EgressPublish,12120300,
1621,IngressCapture,4200,
1621,DecodeAndCanonicalize,200,
1621,ApplyInputs,256500,
1621,ProcessorPlan,36000,
1621,CrossWorldPrepare,500,
1621,NativeJobBarrier,300,
1621,CommitDecision,100,
1621,VoxelCommit,400,
1621,EcsCommandBufferCommit,83900,
1621,GasAndEventFinalize,29100,
1621,ReplicationProjection,135800,
1621,SnapshotHashMetrics,300,
1621,EgressPublish,14031900,
1622,IngressCapture,4800,
1622,DecodeAndCanonicalize,200,
1622,ApplyInputs,210400,
1622,ProcessorPlan,40900,
1622,CrossWorldPrepare,700,
1622,NativeJobBarrier,300,
1622,CommitDecision,600,
1622,VoxelCommit,800,
1622,EcsCommandBufferCommit,101900,
1622,GasAndEventFinalize,30800,
1622,ReplicationProjection,144500,
1622,SnapshotHashMetrics,200,
1622,EgressPublish,13330100,
1623,IngressCapture,3800,
1623,DecodeAndCanonicalize,100,
1623,ApplyInputs,507000,
1623,ProcessorPlan,40700,
1623,CrossWorldPrepare,800,
1623,NativeJobBarrier,300,
1623,CommitDecision,300,
1623,VoxelCommit,1000,
1623,EcsCommandBufferCommit,98900,
1623,GasAndEventFinalize,43900,
1623,ReplicationProjection,146600,
1623,SnapshotHashMetrics,500,
1623,EgressPublish,12532000,
1624,IngressCapture,3400,
1624,DecodeAndCanonicalize,1200,
1624,ApplyInputs,213300,
1624,ProcessorPlan,31500,
1624,CrossWorldPrepare,400,
1624,NativeJobBarrier,200,
1624,CommitDecision,400,
1624,VoxelCommit,400,
1624,EcsCommandBufferCommit,72400,
1624,GasAndEventFinalize,22600,
1624,ReplicationProjection,135800,
1624,SnapshotHashMetrics,400,
1624,EgressPublish,12075400,
1625,IngressCapture,4300,
1625,DecodeAndCanonicalize,100,
1625,ApplyInputs,272100,
1625,ProcessorPlan,52200,
1625,CrossWorldPrepare,1100,
1625,NativeJobBarrier,100,
1625,CommitDecision,200,
1625,VoxelCommit,400,
1625,EcsCommandBufferCommit,770100,
1625,GasAndEventFinalize,80700,
1625,ReplicationProjection,785100,
1625,SnapshotHashMetrics,800,
1625,EgressPublish,16093700,
1626,IngressCapture,3900,
1626,DecodeAndCanonicalize,200,
1626,ApplyInputs,214400,
1626,ProcessorPlan,32400,
1626,CrossWorldPrepare,1000,
1626,NativeJobBarrier,200,
1626,CommitDecision,100,
1626,VoxelCommit,500,
1626,EcsCommandBufferCommit,93600,
1626,GasAndEventFinalize,29000,
1626,ReplicationProjection,144200,
1626,SnapshotHashMetrics,200,
1626,EgressPublish,13157900,
1627,IngressCapture,5300,
1627,DecodeAndCanonicalize,300,
1627,ApplyInputs,283000,
1627,ProcessorPlan,49600,
1627,CrossWorldPrepare,700,
1627,NativeJobBarrier,200,
1627,CommitDecision,400,
1627,VoxelCommit,900,
1627,EcsCommandBufferCommit,118800,
1627,GasAndEventFinalize,31200,
1627,ReplicationProjection,159600,
1627,SnapshotHashMetrics,400,
1627,EgressPublish,14017000,
1628,IngressCapture,5200,
1628,DecodeAndCanonicalize,200,
1628,ApplyInputs,424600,
1628,ProcessorPlan,59700,
1628,CrossWorldPrepare,1100,
1628,NativeJobBarrier,200,
1628,CommitDecision,200,
1628,VoxelCommit,1100,
1628,EcsCommandBufferCommit,119900,
1628,GasAndEventFinalize,36200,
1628,ReplicationProjection,210900,
1628,SnapshotHashMetrics,700,
1628,EgressPublish,16823500,
1629,IngressCapture,5300,
1629,DecodeAndCanonicalize,200,
1629,ApplyInputs,265500,
1629,ProcessorPlan,36600,
1629,CrossWorldPrepare,400,
1629,NativeJobBarrier,200,
1629,CommitDecision,200,
1629,VoxelCommit,500,
1629,EcsCommandBufferCommit,98000,
1629,GasAndEventFinalize,34400,
1629,ReplicationProjection,145100,
1629,SnapshotHashMetrics,300,
1629,EgressPublish,13369700,
1630,IngressCapture,4200,
1630,DecodeAndCanonicalize,200,
1630,ApplyInputs,267600,
1630,ProcessorPlan,53700,
1630,CrossWorldPrepare,1100,
1630,NativeJobBarrier,300,
1630,CommitDecision,600,
1630,VoxelCommit,800,
1630,EcsCommandBufferCommit,125000,
1630,GasAndEventFinalize,36200,
1630,ReplicationProjection,225100,
1630,SnapshotHashMetrics,900,
1630,EgressPublish,15672100,
1631,IngressCapture,3500,
1631,DecodeAndCanonicalize,200,
1631,ApplyInputs,432900,
1631,ProcessorPlan,36100,
1631,CrossWorldPrepare,900,
1631,NativeJobBarrier,100,
1631,CommitDecision,200,
1631,VoxelCommit,400,
1631,EcsCommandBufferCommit,102100,
1631,GasAndEventFinalize,49800,
1631,ReplicationProjection,142100,
1631,SnapshotHashMetrics,100,
1631,EgressPublish,13702600,
1632,IngressCapture,4300,
1632,DecodeAndCanonicalize,100,
1632,ApplyInputs,232900,
1632,ProcessorPlan,31100,
1632,CrossWorldPrepare,700,
1632,NativeJobBarrier,200,
1632,CommitDecision,100,
1632,VoxelCommit,300,
1632,EcsCommandBufferCommit,80200,
1632,GasAndEventFinalize,25100,
1632,ReplicationProjection,122200,
1632,SnapshotHashMetrics,200,
1632,EgressPublish,10914300,
1633,IngressCapture,4600,
1633,DecodeAndCanonicalize,300,
1633,ApplyInputs,282400,
1633,ProcessorPlan,44000,
1633,CrossWorldPrepare,600,
1633,NativeJobBarrier,200,
1633,CommitDecision,100,
1633,VoxelCommit,600,
1633,EcsCommandBufferCommit,95800,
1633,GasAndEventFinalize,30900,
1633,ReplicationProjection,134400,
1633,SnapshotHashMetrics,100,
1633,EgressPublish,14736900,
1634,IngressCapture,5900,
1634,DecodeAndCanonicalize,200,
1634,ApplyInputs,370600,
1634,ProcessorPlan,47600,
1634,CrossWorldPrepare,800,
1634,NativeJobBarrier,200,
1634,CommitDecision,700,
1634,VoxelCommit,500,
1634,EcsCommandBufferCommit,152000,
1634,GasAndEventFinalize,56500,
1634,ReplicationProjection,188900,
1634,SnapshotHashMetrics,300,
1634,EgressPublish,17414100,
1635,IngressCapture,5600,
1635,DecodeAndCanonicalize,100,
1635,ApplyInputs,309500,
1635,ProcessorPlan,42300,
1635,CrossWorldPrepare,300,
1635,NativeJobBarrier,100,
1635,CommitDecision,300,
1635,VoxelCommit,100,
1635,EcsCommandBufferCommit,122100,
1635,GasAndEventFinalize,41200,
1635,ReplicationProjection,145100,
1635,SnapshotHashMetrics,200,
1635,EgressPublish,14095500,
1636,IngressCapture,2900,
1636,DecodeAndCanonicalize,200,
1636,ApplyInputs,168000,
1636,ProcessorPlan,33900,
1636,CrossWorldPrepare,1000,
1636,NativeJobBarrier,300,
1636,CommitDecision,500,
1636,VoxelCommit,300,
1636,EcsCommandBufferCommit,91100,
1636,GasAndEventFinalize,26800,
1636,ReplicationProjection,131100,
1636,SnapshotHashMetrics,300,
1636,EgressPublish,13615800,
1637,IngressCapture,4600,
1637,DecodeAndCanonicalize,200,
1637,ApplyInputs,330600,
1637,ProcessorPlan,49000,
1637,CrossWorldPrepare,700,
1637,NativeJobBarrier,300,
1637,CommitDecision,500,
1637,VoxelCommit,400,
1637,EcsCommandBufferCommit,129200,
1637,GasAndEventFinalize,43500,
1637,ReplicationProjection,198000,
1637,SnapshotHashMetrics,400,
1637,EgressPublish,15335000,
1638,IngressCapture,5400,
1638,DecodeAndCanonicalize,200,
1638,ApplyInputs,254000,
1638,ProcessorPlan,49500,
1638,CrossWorldPrepare,600,
1638,NativeJobBarrier,400,
1638,CommitDecision,300,
1638,VoxelCommit,1100,
1638,EcsCommandBufferCommit,108700,
1638,GasAndEventFinalize,38000,
1638,ReplicationProjection,200300,
1638,SnapshotHashMetrics,300,
1638,EgressPublish,14726600,
1639,IngressCapture,6700,
1639,DecodeAndCanonicalize,600,
1639,ApplyInputs,2712100,
1639,ProcessorPlan,76900,
1639,CrossWorldPrepare,1200,
1639,NativeJobBarrier,300,
1639,CommitDecision,300,
1639,VoxelCommit,600,
1639,EcsCommandBufferCommit,171200,
1639,GasAndEventFinalize,93100,
1639,ReplicationProjection,256100,
1639,SnapshotHashMetrics,500,
1639,EgressPublish,21109500,
1640,IngressCapture,3800,
1640,DecodeAndCanonicalize,400,
1640,ApplyInputs,319700,
1640,ProcessorPlan,42000,
1640,CrossWorldPrepare,700,
1640,NativeJobBarrier,400,
1640,CommitDecision,200,
1640,VoxelCommit,500,
1640,EcsCommandBufferCommit,139000,
1640,GasAndEventFinalize,35300,
1640,ReplicationProjection,165800,
1640,SnapshotHashMetrics,400,
1640,EgressPublish,17391400,
1641,IngressCapture,5500,
1641,DecodeAndCanonicalize,200,
1641,ApplyInputs,324400,
1641,ProcessorPlan,58200,
1641,CrossWorldPrepare,700,
1641,NativeJobBarrier,400,
1641,CommitDecision,200,
1641,VoxelCommit,600,
1641,EcsCommandBufferCommit,189600,
1641,GasAndEventFinalize,55000,
1641,ReplicationProjection,224600,
1641,SnapshotHashMetrics,500,
1641,EgressPublish,17211100,
1642,IngressCapture,4900,
1642,DecodeAndCanonicalize,400,
1642,ApplyInputs,363500,
1642,ProcessorPlan,47100,
1642,CrossWorldPrepare,500,
1642,NativeJobBarrier,300,
1642,CommitDecision,200,
1642,VoxelCommit,200,
1642,EcsCommandBufferCommit,114900,
1642,GasAndEventFinalize,42400,
1642,ReplicationProjection,192200,
1642,SnapshotHashMetrics,500,
1642,EgressPublish,17264800,
1643,IngressCapture,5600,
1643,DecodeAndCanonicalize,200,
1643,ApplyInputs,276800,
1643,ProcessorPlan,37600,
1643,CrossWorldPrepare,1200,
1643,NativeJobBarrier,100,
1643,CommitDecision,200,
1643,VoxelCommit,300,
1643,EcsCommandBufferCommit,124600,
1643,GasAndEventFinalize,37300,
1643,ReplicationProjection,141000,
1643,SnapshotHashMetrics,300,
1643,EgressPublish,14535300,
1644,IngressCapture,4000,
1644,DecodeAndCanonicalize,300,
1644,ApplyInputs,291400,
1644,ProcessorPlan,36700,
1644,CrossWorldPrepare,1100,
1644,NativeJobBarrier,300,
1644,CommitDecision,200,
1644,VoxelCommit,600,
1644,EcsCommandBufferCommit,445700,
1644,GasAndEventFinalize,61700,
1644,ReplicationProjection,504600,
1644,SnapshotHashMetrics,500,
1644,EgressPublish,14806600,
1645,IngressCapture,4500,
1645,DecodeAndCanonicalize,200,
1645,ApplyInputs,346600,
1645,ProcessorPlan,74100,
1645,CrossWorldPrepare,800,
1645,NativeJobBarrier,200,
1645,CommitDecision,400,
1645,VoxelCommit,600,
1645,EcsCommandBufferCommit,171900,
1645,GasAndEventFinalize,56600,
1645,ReplicationProjection,252200,
1645,SnapshotHashMetrics,700,
1645,EgressPublish,19015700,
1646,IngressCapture,4100,
1646,DecodeAndCanonicalize,200,
1646,ApplyInputs,438900,
1646,ProcessorPlan,73600,
1646,CrossWorldPrepare,1000,
1646,NativeJobBarrier,100,
1646,CommitDecision,300,
1646,VoxelCommit,500,
1646,EcsCommandBufferCommit,131900,
1646,GasAndEventFinalize,61200,
1646,ReplicationProjection,171200,
1646,SnapshotHashMetrics,200,
1646,EgressPublish,17756300,
1647,IngressCapture,5000,
1647,DecodeAndCanonicalize,200,
1647,ApplyInputs,288700,
1647,ProcessorPlan,62300,
1647,CrossWorldPrepare,900,
1647,NativeJobBarrier,400,
1647,CommitDecision,200,
1647,VoxelCommit,400,
1647,EcsCommandBufferCommit,144900,
1647,GasAndEventFinalize,47400,
1647,ReplicationProjection,256500,
1647,SnapshotHashMetrics,700,
1647,EgressPublish,18643300,
1648,IngressCapture,5100,
1648,DecodeAndCanonicalize,300,
1648,ApplyInputs,491400,
1648,ProcessorPlan,67300,
1648,CrossWorldPrepare,1000,
1648,NativeJobBarrier,200,
1648,CommitDecision,300,
1648,VoxelCommit,1100,
1648,EcsCommandBufferCommit,154100,
1648,GasAndEventFinalize,55500,
1648,ReplicationProjection,219700,
1648,SnapshotHashMetrics,300,
1648,EgressPublish,16630600,
1649,IngressCapture,4400,
1649,DecodeAndCanonicalize,100,
1649,ApplyInputs,259500,
1649,ProcessorPlan,37100,
1649,CrossWorldPrepare,500,
1649,NativeJobBarrier,100,
1649,CommitDecision,400,
1649,VoxelCommit,500,
1649,EcsCommandBufferCommit,124100,
1649,GasAndEventFinalize,42300,
1649,ReplicationProjection,144900,
1649,SnapshotHashMetrics,400,
1649,EgressPublish,16587400,
1650,IngressCapture,5800,
1650,DecodeAndCanonicalize,100,
1650,ApplyInputs,309000,
1650,ProcessorPlan,57700,
1650,CrossWorldPrepare,800,
1650,NativeJobBarrier,400,
1650,CommitDecision,400,
1650,VoxelCommit,600,
1650,EcsCommandBufferCommit,131300,
1650,GasAndEventFinalize,43200,
1650,ReplicationProjection,218000,
1650,SnapshotHashMetrics,300,
1650,EgressPublish,18581600,
1651,IngressCapture,4400,
1651,DecodeAndCanonicalize,100,
1651,ApplyInputs,313800,
1651,ProcessorPlan,58400,
1651,CrossWorldPrepare,1100,
1651,NativeJobBarrier,200,
1651,CommitDecision,300,
1651,VoxelCommit,1500,
1651,EcsCommandBufferCommit,196600,
1651,GasAndEventFinalize,53400,
1651,ReplicationProjection,220800,
1651,SnapshotHashMetrics,100,
1651,EgressPublish,17705100,
1652,IngressCapture,6700,
1652,DecodeAndCanonicalize,200,
1652,ApplyInputs,315200,
1652,ProcessorPlan,40800,
1652,CrossWorldPrepare,800,
1652,NativeJobBarrier,100,
1652,CommitDecision,100,
1652,VoxelCommit,500,
1652,EcsCommandBufferCommit,130100,
1652,GasAndEventFinalize,37800,
1652,ReplicationProjection,155400,
1652,SnapshotHashMetrics,200,
1652,EgressPublish,12940400,
1653,IngressCapture,6900,
1653,DecodeAndCanonicalize,200,
1653,ApplyInputs,334300,
1653,ProcessorPlan,45200,
1653,CrossWorldPrepare,1000,
1653,NativeJobBarrier,100,
1653,CommitDecision,400,
1653,VoxelCommit,300,
1653,EcsCommandBufferCommit,198900,
1653,GasAndEventFinalize,56600,
1653,ReplicationProjection,172700,
1653,SnapshotHashMetrics,200,
1653,EgressPublish,18664500,
1654,IngressCapture,5400,
1654,DecodeAndCanonicalize,500,
1654,ApplyInputs,597200,
1654,ProcessorPlan,189400,
1654,CrossWorldPrepare,1800,
1654,NativeJobBarrier,600,
1654,CommitDecision,500,
1654,VoxelCommit,1300,
1654,EcsCommandBufferCommit,148000,
1654,GasAndEventFinalize,63000,
1654,ReplicationProjection,217800,
1654,SnapshotHashMetrics,400,
1654,EgressPublish,18020500,
1655,IngressCapture,4500,
1655,DecodeAndCanonicalize,200,
1655,ApplyInputs,316600,
1655,ProcessorPlan,94700,
1655,CrossWorldPrepare,1000,
1655,NativeJobBarrier,300,
1655,CommitDecision,500,
1655,VoxelCommit,700,
1655,EcsCommandBufferCommit,139900,
1655,GasAndEventFinalize,44900,
1655,ReplicationProjection,264300,
1655,SnapshotHashMetrics,600,
1655,EgressPublish,19683200,
1656,IngressCapture,5400,
1656,DecodeAndCanonicalize,300,
1656,ApplyInputs,468700,
1656,ProcessorPlan,63500,
1656,CrossWorldPrepare,1000,
1656,NativeJobBarrier,200,
1656,CommitDecision,600,
1656,VoxelCommit,700,
1656,EcsCommandBufferCommit,194700,
1656,GasAndEventFinalize,55300,
1656,ReplicationProjection,260500,
1656,SnapshotHashMetrics,1000,
1656,EgressPublish,23464800,
1657,IngressCapture,5000,
1657,DecodeAndCanonicalize,300,
1657,ApplyInputs,351900,
1657,ProcessorPlan,60700,
1657,CrossWorldPrepare,1800,
1657,NativeJobBarrier,400,
1657,CommitDecision,300,
1657,VoxelCommit,600,
1657,EcsCommandBufferCommit,152200,
1657,GasAndEventFinalize,56500,
1657,ReplicationProjection,248100,
1657,SnapshotHashMetrics,400,
1657,EgressPublish,20730500,
1658,IngressCapture,5200,
1658,DecodeAndCanonicalize,200,
1658,ApplyInputs,419700,
1658,ProcessorPlan,56400,
1658,CrossWorldPrepare,2800,
1658,NativeJobBarrier,300,
1658,CommitDecision,400,
1658,VoxelCommit,1100,
1658,EcsCommandBufferCommit,165100,
1658,GasAndEventFinalize,53300,
1658,ReplicationProjection,239100,
1658,SnapshotHashMetrics,800,
1658,EgressPublish,19327200,
1659,IngressCapture,6400,
1659,DecodeAndCanonicalize,300,
1659,ApplyInputs,394300,
1659,ProcessorPlan,51700,
1659,CrossWorldPrepare,800,
1659,NativeJobBarrier,200,
1659,CommitDecision,200,
1659,VoxelCommit,500,
1659,EcsCommandBufferCommit,145900,
1659,GasAndEventFinalize,47300,
1659,ReplicationProjection,275700,
1659,SnapshotHashMetrics,800,
1659,EgressPublish,19101800,
1660,IngressCapture,3700,
1660,DecodeAndCanonicalize,100,
1660,ApplyInputs,248900,
1660,ProcessorPlan,36400,
1660,CrossWorldPrepare,600,
1660,NativeJobBarrier,200,
1660,CommitDecision,200,
1660,VoxelCommit,300,
1660,EcsCommandBufferCommit,103900,
1660,GasAndEventFinalize,38300,
1660,ReplicationProjection,140600,
1660,SnapshotHashMetrics,200,
1660,EgressPublish,16026400,
1661,IngressCapture,6800,
1661,DecodeAndCanonicalize,200,
1661,ApplyInputs,272900,
1661,ProcessorPlan,41800,
1661,CrossWorldPrepare,900,
1661,NativeJobBarrier,200,
1661,CommitDecision,300,
1661,VoxelCommit,700,
1661,EcsCommandBufferCommit,130100,
1661,GasAndEventFinalize,36400,
1661,ReplicationProjection,146600,
1661,SnapshotHashMetrics,200,
1661,EgressPublish,17069300,
1662,IngressCapture,5300,
1662,DecodeAndCanonicalize,200,
1662,ApplyInputs,716800,
1662,ProcessorPlan,138700,
1662,CrossWorldPrepare,1600,
1662,NativeJobBarrier,200,
1662,CommitDecision,400,
1662,VoxelCommit,1700,
1662,EcsCommandBufferCommit,147300,
1662,GasAndEventFinalize,79900,
1662,ReplicationProjection,269600,
1662,SnapshotHashMetrics,500,
1662,EgressPublish,18616300,
1663,IngressCapture,3700,
1663,DecodeAndCanonicalize,200,
1663,ApplyInputs,227400,
1663,ProcessorPlan,32600,
1663,CrossWorldPrepare,700,
1663,NativeJobBarrier,200,
1663,CommitDecision,200,
1663,VoxelCommit,500,
1663,EcsCommandBufferCommit,94300,
1663,GasAndEventFinalize,28900,
1663,ReplicationProjection,140300,
1663,SnapshotHashMetrics,200,
1663,EgressPublish,15018500,
1664,IngressCapture,5000,
1664,DecodeAndCanonicalize,200,
1664,ApplyInputs,370700,
1664,ProcessorPlan,92200,
1664,CrossWorldPrepare,1900,
1664,NativeJobBarrier,200,
1664,CommitDecision,200,
1664,VoxelCommit,2200,
1664,EcsCommandBufferCommit,219000,
1664,GasAndEventFinalize,58200,
1664,ReplicationProjection,233200,
1664,SnapshotHashMetrics,700,
1664,EgressPublish,19741500,
1665,IngressCapture,8400,
1665,DecodeAndCanonicalize,200,
1665,ApplyInputs,464600,
1665,ProcessorPlan,60900,
1665,CrossWorldPrepare,1600,
1665,NativeJobBarrier,200,
1665,CommitDecision,300,
1665,VoxelCommit,700,
1665,EcsCommandBufferCommit,151200,
1665,GasAndEventFinalize,52000,
1665,ReplicationProjection,1257300,
1665,SnapshotHashMetrics,800,
1665,EgressPublish,16122800,
1666,IngressCapture,4200,
1666,DecodeAndCanonicalize,200,
1666,ApplyInputs,294500,
1666,ProcessorPlan,52900,
1666,CrossWorldPrepare,1200,
1666,NativeJobBarrier,100,
1666,CommitDecision,300,
1666,VoxelCommit,200,
1666,EcsCommandBufferCommit,196800,
1666,GasAndEventFinalize,82800,
1666,ReplicationProjection,319600,
1666,SnapshotHashMetrics,1100,
1666,EgressPublish,16882200,
1667,IngressCapture,3800,
1667,DecodeAndCanonicalize,100,
1667,ApplyInputs,263700,
1667,ProcessorPlan,40000,
1667,CrossWorldPrepare,600,
1667,NativeJobBarrier,200,
1667,CommitDecision,200,
1667,VoxelCommit,600,
1667,EcsCommandBufferCommit,118800,
1667,GasAndEventFinalize,39800,
1667,ReplicationProjection,144700,
1667,SnapshotHashMetrics,200,
1667,EgressPublish,15986700,
1668,IngressCapture,6000,
1668,DecodeAndCanonicalize,300,
1668,ApplyInputs,271800,
1668,ProcessorPlan,37500,
1668,CrossWorldPrepare,900,
1668,NativeJobBarrier,200,
1668,CommitDecision,300,
1668,VoxelCommit,400,
1668,EcsCommandBufferCommit,132800,
1668,GasAndEventFinalize,41700,
1668,ReplicationProjection,141700,
1668,SnapshotHashMetrics,200,
1668,EgressPublish,16913100,
1669,IngressCapture,5700,
1669,DecodeAndCanonicalize,200,
1669,ApplyInputs,306100,
1669,ProcessorPlan,57300,
1669,CrossWorldPrepare,900,
1669,NativeJobBarrier,300,
1669,CommitDecision,400,
1669,VoxelCommit,600,
1669,EcsCommandBufferCommit,164500,
1669,GasAndEventFinalize,53400,
1669,ReplicationProjection,239900,
1669,SnapshotHashMetrics,400,
1669,EgressPublish,18029100,
1670,IngressCapture,5200,
1670,DecodeAndCanonicalize,100,
1670,ApplyInputs,708600,
1670,ProcessorPlan,151100,
1670,CrossWorldPrepare,1400,
1670,NativeJobBarrier,200,
1670,CommitDecision,200,
1670,VoxelCommit,600,
1670,EcsCommandBufferCommit,170900,
1670,GasAndEventFinalize,95200,
1670,ReplicationProjection,227200,
1670,SnapshotHashMetrics,600,
1670,EgressPublish,20460600,
1671,IngressCapture,5100,
1671,DecodeAndCanonicalize,200,
1671,ApplyInputs,364600,
1671,ProcessorPlan,111300,
1671,CrossWorldPrepare,2400,
1671,NativeJobBarrier,600,
1671,CommitDecision,800,
1671,VoxelCommit,1300,
1671,EcsCommandBufferCommit,213300,
1671,GasAndEventFinalize,63900,
1671,ReplicationProjection,256400,
1671,SnapshotHashMetrics,500,
1671,EgressPublish,17501800,
1672,IngressCapture,5800,
1672,DecodeAndCanonicalize,100,
1672,ApplyInputs,268200,
1672,ProcessorPlan,38000,
1672,CrossWorldPrepare,1200,
1672,NativeJobBarrier,300,
1672,CommitDecision,600,
1672,VoxelCommit,300,
1672,EcsCommandBufferCommit,108000,
1672,GasAndEventFinalize,36600,
1672,ReplicationProjection,137500,
1672,SnapshotHashMetrics,200,
1672,EgressPublish,16180400,
1673,IngressCapture,5100,
1673,DecodeAndCanonicalize,200,
1673,ApplyInputs,243500,
1673,ProcessorPlan,37200,
1673,CrossWorldPrepare,800,
1673,NativeJobBarrier,100,
1673,CommitDecision,200,
1673,VoxelCommit,200,
1673,EcsCommandBufferCommit,117600,
1673,GasAndEventFinalize,52000,
1673,ReplicationProjection,147400,
1673,SnapshotHashMetrics,300,
1673,EgressPublish,17388500,
1674,IngressCapture,5300,
1674,DecodeAndCanonicalize,200,
1674,ApplyInputs,325100,
1674,ProcessorPlan,51200,
1674,CrossWorldPrepare,600,
1674,NativeJobBarrier,200,
1674,CommitDecision,200,
1674,VoxelCommit,800,
1674,EcsCommandBufferCommit,146000,
1674,GasAndEventFinalize,45600,
1674,ReplicationProjection,218700,
1674,SnapshotHashMetrics,400,
1674,EgressPublish,18335400,
1675,IngressCapture,4400,
1675,DecodeAndCanonicalize,200,
1675,ApplyInputs,249500,
1675,ProcessorPlan,37800,
1675,CrossWorldPrepare,900,
1675,NativeJobBarrier,100,
1675,CommitDecision,100,
1675,VoxelCommit,700,
1675,EcsCommandBufferCommit,113800,
1675,GasAndEventFinalize,34100,
1675,ReplicationProjection,156200,
1675,SnapshotHashMetrics,100,
1675,EgressPublish,14748800,
1676,IngressCapture,5600,
1676,DecodeAndCanonicalize,200,
1676,ApplyInputs,292900,
1676,ProcessorPlan,62000,
1676,CrossWorldPrepare,900,
1676,NativeJobBarrier,300,
1676,CommitDecision,300,
1676,VoxelCommit,500,
1676,EcsCommandBufferCommit,137600,
1676,GasAndEventFinalize,47000,
1676,ReplicationProjection,228300,
1676,SnapshotHashMetrics,300,
1676,EgressPublish,17025900,
1677,IngressCapture,5700,
1677,DecodeAndCanonicalize,300,
1677,ApplyInputs,394900,
1677,ProcessorPlan,55500,
1677,CrossWorldPrepare,900,
1677,NativeJobBarrier,200,
1677,CommitDecision,600,
1677,VoxelCommit,500,
1677,EcsCommandBufferCommit,171700,
1677,GasAndEventFinalize,47700,
1677,ReplicationProjection,229400,
1677,SnapshotHashMetrics,300,
1677,EgressPublish,16832200,
1678,IngressCapture,4100,
1678,DecodeAndCanonicalize,200,
1678,ApplyInputs,407200,
1678,ProcessorPlan,44900,
1678,CrossWorldPrepare,600,
1678,NativeJobBarrier,100,
1678,CommitDecision,100,
1678,VoxelCommit,300,
1678,EcsCommandBufferCommit,79900,
1678,GasAndEventFinalize,40200,
1678,ReplicationProjection,131100,
1678,SnapshotHashMetrics,200,
1678,EgressPublish,12208300,
1679,IngressCapture,5600,
1679,DecodeAndCanonicalize,200,
1679,ApplyInputs,299900,
1679,ProcessorPlan,56200,
1679,CrossWorldPrepare,700,
1679,NativeJobBarrier,400,
1679,CommitDecision,600,
1679,VoxelCommit,800,
1679,EcsCommandBufferCommit,135500,
1679,GasAndEventFinalize,44400,
1679,ReplicationProjection,216200,
1679,SnapshotHashMetrics,400,
1679,EgressPublish,15541400,
1680,IngressCapture,4200,
1680,DecodeAndCanonicalize,500,
1680,ApplyInputs,351900,
1680,ProcessorPlan,53600,
1680,CrossWorldPrepare,900,
1680,NativeJobBarrier,500,
1680,CommitDecision,200,
1680,VoxelCommit,400,
1680,EcsCommandBufferCommit,134400,
1680,GasAndEventFinalize,45300,
1680,ReplicationProjection,238100,
1680,SnapshotHashMetrics,700,
1680,EgressPublish,15676300,
1681,IngressCapture,4000,
1681,DecodeAndCanonicalize,200,
1681,ApplyInputs,263300,
1681,ProcessorPlan,55700,
1681,CrossWorldPrepare,900,
1681,NativeJobBarrier,300,
1681,CommitDecision,200,
1681,VoxelCommit,1100,
1681,EcsCommandBufferCommit,128400,
1681,GasAndEventFinalize,37100,
1681,ReplicationProjection,190600,
1681,SnapshotHashMetrics,200,
1681,EgressPublish,17642700,
1682,IngressCapture,3400,
1682,DecodeAndCanonicalize,300,
1682,ApplyInputs,312700,
1682,ProcessorPlan,41800,
1682,CrossWorldPrepare,900,
1682,NativeJobBarrier,200,
1682,CommitDecision,300,
1682,VoxelCommit,600,
1682,EcsCommandBufferCommit,111900,
1682,GasAndEventFinalize,31900,
1682,ReplicationProjection,179100,
1682,SnapshotHashMetrics,500,
1682,EgressPublish,14533000,
1683,IngressCapture,4100,
1683,DecodeAndCanonicalize,200,
1683,ApplyInputs,310600,
1683,ProcessorPlan,46000,
1683,CrossWorldPrepare,700,
1683,NativeJobBarrier,200,
1683,CommitDecision,200,
1683,VoxelCommit,400,
1683,EcsCommandBufferCommit,110800,
1683,GasAndEventFinalize,33700,
1683,ReplicationProjection,207100,
1683,SnapshotHashMetrics,400,
1683,EgressPublish,13691200,
1684,IngressCapture,4200,
1684,DecodeAndCanonicalize,100,
1684,ApplyInputs,198900,
1684,ProcessorPlan,33200,
1684,CrossWorldPrepare,600,
1684,NativeJobBarrier,100,
1684,CommitDecision,300,
1684,VoxelCommit,400,
1684,EcsCommandBufferCommit,91900,
1684,GasAndEventFinalize,31500,
1684,ReplicationProjection,138800,
1684,SnapshotHashMetrics,200,
1684,EgressPublish,9868400,
1685,IngressCapture,3900,
1685,DecodeAndCanonicalize,200,
1685,ApplyInputs,217900,
1685,ProcessorPlan,30200,
1685,CrossWorldPrepare,400,
1685,NativeJobBarrier,200,
1685,CommitDecision,200,
1685,VoxelCommit,400,
1685,EcsCommandBufferCommit,72900,
1685,GasAndEventFinalize,21800,
1685,ReplicationProjection,126200,
1685,SnapshotHashMetrics,300,
1685,EgressPublish,12458500,
1686,IngressCapture,5100,
1686,DecodeAndCanonicalize,200,
1686,ApplyInputs,343200,
1686,ProcessorPlan,72500,
1686,CrossWorldPrepare,1300,
1686,NativeJobBarrier,300,
1686,CommitDecision,300,
1686,VoxelCommit,700,
1686,EcsCommandBufferCommit,157900,
1686,GasAndEventFinalize,52400,
1686,ReplicationProjection,237300,
1686,SnapshotHashMetrics,200,
1686,EgressPublish,13968600,
1687,IngressCapture,4300,
1687,DecodeAndCanonicalize,200,
1687,ApplyInputs,574300,
1687,ProcessorPlan,47400,
1687,CrossWorldPrepare,1500,
1687,NativeJobBarrier,200,
1687,CommitDecision,300,
1687,VoxelCommit,500,
1687,EcsCommandBufferCommit,112200,
1687,GasAndEventFinalize,57400,
1687,ReplicationProjection,140100,
1687,SnapshotHashMetrics,100,
1687,EgressPublish,14107500,
1688,IngressCapture,5500,
1688,DecodeAndCanonicalize,200,
1688,ApplyInputs,431900,
1688,ProcessorPlan,34100,
1688,CrossWorldPrepare,700,
1688,NativeJobBarrier,100,
1688,CommitDecision,100,
1688,VoxelCommit,300,
1688,EcsCommandBufferCommit,91600,
1688,GasAndEventFinalize,31700,
1688,ReplicationProjection,135100,
1688,SnapshotHashMetrics,300,
1688,EgressPublish,11209900,
1689,IngressCapture,3300,
1689,DecodeAndCanonicalize,200,
1689,ApplyInputs,213200,
1689,ProcessorPlan,34000,
1689,CrossWorldPrepare,400,
1689,NativeJobBarrier,300,
1689,CommitDecision,100,
1689,VoxelCommit,300,
1689,EcsCommandBufferCommit,92700,
1689,GasAndEventFinalize,25200,
1689,ReplicationProjection,132000,
1689,SnapshotHashMetrics,200,
1689,EgressPublish,10493900,
1690,IngressCapture,4300,
1690,DecodeAndCanonicalize,200,
1690,ApplyInputs,189400,
1690,ProcessorPlan,32700,
1690,CrossWorldPrepare,700,
1690,NativeJobBarrier,100,
1690,CommitDecision,200,
1690,VoxelCommit,200,
1690,EcsCommandBufferCommit,78600,
1690,GasAndEventFinalize,28100,
1690,ReplicationProjection,130200,
1690,SnapshotHashMetrics,200,
1690,EgressPublish,9519600,
1691,IngressCapture,3700,
1691,DecodeAndCanonicalize,200,
1691,ApplyInputs,198800,
1691,ProcessorPlan,30400,
1691,CrossWorldPrepare,1100,
1691,NativeJobBarrier,200,
1691,CommitDecision,100,
1691,VoxelCommit,300,
1691,EcsCommandBufferCommit,77100,
1691,GasAndEventFinalize,26200,
1691,ReplicationProjection,133300,
1691,SnapshotHashMetrics,100,
1691,EgressPublish,10935500,
1692,IngressCapture,4000,
1692,DecodeAndCanonicalize,100,
1692,ApplyInputs,186100,
1692,ProcessorPlan,32800,
1692,CrossWorldPrepare,600,
1692,NativeJobBarrier,200,
1692,CommitDecision,200,
1692,VoxelCommit,300,
1692,EcsCommandBufferCommit,82300,
1692,GasAndEventFinalize,25100,
1692,ReplicationProjection,130800,
1692,SnapshotHashMetrics,300,
1692,EgressPublish,10716200,
1693,IngressCapture,4200,
1693,DecodeAndCanonicalize,200,
1693,ApplyInputs,352900,
1693,ProcessorPlan,47900,
1693,CrossWorldPrepare,900,
1693,NativeJobBarrier,300,
1693,CommitDecision,300,
1693,VoxelCommit,600,
1693,EcsCommandBufferCommit,95000,
1693,GasAndEventFinalize,33500,
1693,ReplicationProjection,181500,
1693,SnapshotHashMetrics,400,
1693,EgressPublish,13772000,
1694,IngressCapture,5000,
1694,DecodeAndCanonicalize,300,
1694,ApplyInputs,610500,
1694,ProcessorPlan,81500,
1694,CrossWorldPrepare,900,
1694,NativeJobBarrier,200,
1694,CommitDecision,200,
1694,VoxelCommit,600,
1694,EcsCommandBufferCommit,91600,
1694,GasAndEventFinalize,43100,
1694,ReplicationProjection,176200,
1694,SnapshotHashMetrics,600,
1694,EgressPublish,14187700,
1695,IngressCapture,4400,
1695,DecodeAndCanonicalize,400,
1695,ApplyInputs,190100,
1695,ProcessorPlan,46100,
1695,CrossWorldPrepare,400,
1695,NativeJobBarrier,200,
1695,CommitDecision,300,
1695,VoxelCommit,300,
1695,EcsCommandBufferCommit,71300,
1695,GasAndEventFinalize,24800,
1695,ReplicationProjection,120000,
1695,SnapshotHashMetrics,300,
1695,EgressPublish,11295500,
1696,IngressCapture,2900,
1696,DecodeAndCanonicalize,100,
1696,ApplyInputs,191100,
1696,ProcessorPlan,31600,
1696,CrossWorldPrepare,500,
1696,NativeJobBarrier,200,
1696,CommitDecision,100,
1696,VoxelCommit,200,
1696,EcsCommandBufferCommit,70700,
1696,GasAndEventFinalize,21400,
1696,ReplicationProjection,1044300,
1696,SnapshotHashMetrics,700,
1696,EgressPublish,11115500,
1697,IngressCapture,3100,
1697,DecodeAndCanonicalize,200,
1697,ApplyInputs,249300,
1697,ProcessorPlan,31400,
1697,CrossWorldPrepare,500,
1697,NativeJobBarrier,200,
1697,CommitDecision,200,
1697,VoxelCommit,300,
1697,EcsCommandBufferCommit,89600,
1697,GasAndEventFinalize,27300,
1697,ReplicationProjection,117400,
1697,SnapshotHashMetrics,200,
1697,EgressPublish,10659600,
1698,IngressCapture,6800,
1698,DecodeAndCanonicalize,200,
1698,ApplyInputs,281300,
1698,ProcessorPlan,55300,
1698,CrossWorldPrepare,1000,
1698,NativeJobBarrier,200,
1698,CommitDecision,300,
1698,VoxelCommit,500,
1698,EcsCommandBufferCommit,95400,
1698,GasAndEventFinalize,30800,
1698,ReplicationProjection,173900,
1698,SnapshotHashMetrics,300,
1698,EgressPublish,13121300,
1699,IngressCapture,4600,
1699,DecodeAndCanonicalize,100,
1699,ApplyInputs,252900,
1699,ProcessorPlan,35000,
1699,CrossWorldPrepare,700,
1699,NativeJobBarrier,100,
1699,CommitDecision,300,
1699,VoxelCommit,300,
1699,EcsCommandBufferCommit,79000,
1699,GasAndEventFinalize,23000,
1699,ReplicationProjection,114800,
1699,SnapshotHashMetrics,200,
1699,EgressPublish,11889600,
1700,IngressCapture,6500,
1700,DecodeAndCanonicalize,200,
1700,ApplyInputs,365500,
1700,ProcessorPlan,69800,
1700,CrossWorldPrepare,1100,
1700,NativeJobBarrier,600,
1700,CommitDecision,400,
1700,VoxelCommit,800,
1700,EcsCommandBufferCommit,99900,
1700,GasAndEventFinalize,40000,
1700,ReplicationProjection,188500,
1700,SnapshotHashMetrics,500,
1700,EgressPublish,15245100,
1701,IngressCapture,7400,
1701,DecodeAndCanonicalize,200,
1701,ApplyInputs,483100,
1701,ProcessorPlan,59200,
1701,CrossWorldPrepare,600,
1701,NativeJobBarrier,200,
1701,CommitDecision,300,
1701,VoxelCommit,900,
1701,EcsCommandBufferCommit,708800,
1701,GasAndEventFinalize,120200,
1701,ReplicationProjection,640900,
1701,SnapshotHashMetrics,900,
1701,EgressPublish,16010700,
1702,IngressCapture,5400,
1702,DecodeAndCanonicalize,200,
1702,ApplyInputs,317600,
1702,ProcessorPlan,55100,
1702,CrossWorldPrepare,800,
1702,NativeJobBarrier,200,
1702,CommitDecision,300,
1702,VoxelCommit,1100,
1702,EcsCommandBufferCommit,138800,
1702,GasAndEventFinalize,43200,
1702,ReplicationProjection,191600,
1702,SnapshotHashMetrics,700,
1702,EgressPublish,17798000,
1703,IngressCapture,3900,
1703,DecodeAndCanonicalize,200,
1703,ApplyInputs,605500,
1703,ProcessorPlan,55700,
1703,CrossWorldPrepare,800,
1703,NativeJobBarrier,200,
1703,CommitDecision,400,
1703,VoxelCommit,400,
1703,EcsCommandBufferCommit,127100,
1703,GasAndEventFinalize,78600,
1703,ReplicationProjection,208600,
1703,SnapshotHashMetrics,400,
1703,EgressPublish,13363900,
1704,IngressCapture,4000,
1704,DecodeAndCanonicalize,200,
1704,ApplyInputs,211400,
1704,ProcessorPlan,34600,
1704,CrossWorldPrepare,500,
1704,NativeJobBarrier,200,
1704,CommitDecision,200,
1704,VoxelCommit,400,
1704,EcsCommandBufferCommit,94500,
1704,GasAndEventFinalize,27900,
1704,ReplicationProjection,120700,
1704,SnapshotHashMetrics,200,
1704,EgressPublish,10730400,
1705,IngressCapture,5800,
1705,DecodeAndCanonicalize,200,
1705,ApplyInputs,327400,
1705,ProcessorPlan,78600,
1705,CrossWorldPrepare,2300,
1705,NativeJobBarrier,200,
1705,CommitDecision,200,
1705,VoxelCommit,1700,
1705,EcsCommandBufferCommit,200200,
1705,GasAndEventFinalize,47400,
1705,ReplicationProjection,239200,
1705,SnapshotHashMetrics,300,
1705,EgressPublish,15519700,
1706,IngressCapture,3400,
1706,DecodeAndCanonicalize,100,
1706,ApplyInputs,207900,
1706,ProcessorPlan,32100,
1706,CrossWorldPrepare,600,
1706,NativeJobBarrier,100,
1706,CommitDecision,200,
1706,VoxelCommit,400,
1706,EcsCommandBufferCommit,89300,
1706,GasAndEventFinalize,26600,
1706,ReplicationProjection,128500,
1706,SnapshotHashMetrics,400,
1706,EgressPublish,10335000,
1707,IngressCapture,4100,
1707,DecodeAndCanonicalize,200,
1707,ApplyInputs,307300,
1707,ProcessorPlan,51800,
1707,CrossWorldPrepare,1300,
1707,NativeJobBarrier,200,
1707,CommitDecision,200,
1707,VoxelCommit,900,
1707,EcsCommandBufferCommit,125500,
1707,GasAndEventFinalize,42800,
1707,ReplicationProjection,220400,
1707,SnapshotHashMetrics,600,
1707,EgressPublish,15372000,
1708,IngressCapture,11600,
1708,DecodeAndCanonicalize,300,
1708,ApplyInputs,421100,
1708,ProcessorPlan,53600,
1708,CrossWorldPrepare,1000,
1708,NativeJobBarrier,200,
1708,CommitDecision,200,
1708,VoxelCommit,600,
1708,EcsCommandBufferCommit,647200,
1708,GasAndEventFinalize,106500,
1708,ReplicationProjection,1272700,
1708,SnapshotHashMetrics,700,
1708,EgressPublish,18412200,
1709,IngressCapture,11200,
1709,DecodeAndCanonicalize,200,
1709,ApplyInputs,299800,
1709,ProcessorPlan,39700,
1709,CrossWorldPrepare,400,
1709,NativeJobBarrier,200,
1709,CommitDecision,200,
1709,VoxelCommit,200,
1709,EcsCommandBufferCommit,135200,
1709,GasAndEventFinalize,43300,
1709,ReplicationProjection,157700,
1709,SnapshotHashMetrics,200,
1709,EgressPublish,14903400,
1710,IngressCapture,4900,
1710,DecodeAndCanonicalize,200,
1710,ApplyInputs,340400,
1710,ProcessorPlan,60700,
1710,CrossWorldPrepare,1000,
1710,NativeJobBarrier,400,
1710,CommitDecision,400,
1710,VoxelCommit,800,
1710,EcsCommandBufferCommit,153800,
1710,GasAndEventFinalize,50100,
1710,ReplicationProjection,247400,
1710,SnapshotHashMetrics,300,
1710,EgressPublish,16663700,
1711,IngressCapture,5100,
1711,DecodeAndCanonicalize,300,
1711,ApplyInputs,536000,
1711,ProcessorPlan,41900,
1711,CrossWorldPrepare,1300,
1711,NativeJobBarrier,200,
1711,CommitDecision,600,
1711,VoxelCommit,500,
1711,EcsCommandBufferCommit,149400,
1711,GasAndEventFinalize,60400,
1711,ReplicationProjection,159000,
1711,SnapshotHashMetrics,600,
1711,EgressPublish,19036700,
1712,IngressCapture,4500,
1712,DecodeAndCanonicalize,100,
1712,ApplyInputs,276100,
1712,ProcessorPlan,37200,
1712,CrossWorldPrepare,800,
1712,NativeJobBarrier,400,
1712,CommitDecision,200,
1712,VoxelCommit,400,
1712,EcsCommandBufferCommit,116500,
1712,GasAndEventFinalize,33200,
1712,ReplicationProjection,148300,
1712,SnapshotHashMetrics,200,
1712,EgressPublish,16574700,
1713,IngressCapture,4300,
1713,DecodeAndCanonicalize,200,
1713,ApplyInputs,201800,
1713,ProcessorPlan,36500,
1713,CrossWorldPrepare,1200,
1713,NativeJobBarrier,200,
1713,CommitDecision,200,
1713,VoxelCommit,500,
1713,EcsCommandBufferCommit,123800,
1713,GasAndEventFinalize,33700,
1713,ReplicationProjection,138400,
1713,SnapshotHashMetrics,200,
1713,EgressPublish,11828300,
1714,IngressCapture,9100,
1714,DecodeAndCanonicalize,500,
1714,ApplyInputs,678100,
1714,ProcessorPlan,72900,
1714,CrossWorldPrepare,1500,
1714,NativeJobBarrier,300,
1714,CommitDecision,600,
1714,VoxelCommit,900,
1714,EcsCommandBufferCommit,211900,
1714,GasAndEventFinalize,48000,
1714,ReplicationProjection,209800,
1714,SnapshotHashMetrics,300,
1714,EgressPublish,18270300,
1715,IngressCapture,4300,
1715,DecodeAndCanonicalize,200,
1715,ApplyInputs,255600,
1715,ProcessorPlan,39100,
1715,CrossWorldPrepare,700,
1715,NativeJobBarrier,100,
1715,CommitDecision,100,
1715,VoxelCommit,200,
1715,EcsCommandBufferCommit,111200,
1715,GasAndEventFinalize,33000,
1715,ReplicationProjection,555200,
1715,SnapshotHashMetrics,300,
1715,EgressPublish,15921900,
1716,IngressCapture,7800,
1716,DecodeAndCanonicalize,200,
1716,ApplyInputs,429300,
1716,ProcessorPlan,88700,
1716,CrossWorldPrepare,2000,
1716,NativeJobBarrier,900,
1716,CommitDecision,200,
1716,VoxelCommit,700,
1716,EcsCommandBufferCommit,201500,
1716,GasAndEventFinalize,76600,
1716,ReplicationProjection,244400,
1716,SnapshotHashMetrics,200,
1716,EgressPublish,17521700,
1717,IngressCapture,3500,
1717,DecodeAndCanonicalize,200,
1717,ApplyInputs,387800,
1717,ProcessorPlan,54400,
1717,CrossWorldPrepare,1000,
1717,NativeJobBarrier,100,
1717,CommitDecision,600,
1717,VoxelCommit,1000,
1717,EcsCommandBufferCommit,135600,
1717,GasAndEventFinalize,41600,
1717,ReplicationProjection,186900,
1717,SnapshotHashMetrics,400,
1717,EgressPublish,16911100,
1718,IngressCapture,4900,
1718,DecodeAndCanonicalize,500,
1718,ApplyInputs,639400,
1718,ProcessorPlan,134100,
1718,CrossWorldPrepare,1700,
1718,NativeJobBarrier,400,
1718,CommitDecision,200,
1718,VoxelCommit,400,
1718,EcsCommandBufferCommit,134000,
1718,GasAndEventFinalize,76300,
1718,ReplicationProjection,247500,
1718,SnapshotHashMetrics,300,
1718,EgressPublish,19336200,
1719,IngressCapture,3800,
1719,DecodeAndCanonicalize,100,
1719,ApplyInputs,213100,
1719,ProcessorPlan,32700,
1719,CrossWorldPrepare,500,
1719,NativeJobBarrier,200,
1719,CommitDecision,600,
1719,VoxelCommit,500,
1719,EcsCommandBufferCommit,97000,
1719,GasAndEventFinalize,29800,
1719,ReplicationProjection,131900,
1719,SnapshotHashMetrics,200,
1719,EgressPublish,13377600,
1720,IngressCapture,5400,
1720,DecodeAndCanonicalize,200,
1720,ApplyInputs,287400,
1720,ProcessorPlan,33200,
1720,CrossWorldPrepare,600,
1720,NativeJobBarrier,200,
1720,CommitDecision,400,
1720,VoxelCommit,200,
1720,EcsCommandBufferCommit,89700,
1720,GasAndEventFinalize,27600,
1720,ReplicationProjection,135800,
1720,SnapshotHashMetrics,100,
1720,EgressPublish,13435400,
1721,IngressCapture,5500,
1721,DecodeAndCanonicalize,200,
1721,ApplyInputs,327600,
1721,ProcessorPlan,68200,
1721,CrossWorldPrepare,1100,
1721,NativeJobBarrier,200,
1721,CommitDecision,200,
1721,VoxelCommit,400,
1721,EcsCommandBufferCommit,159900,
1721,GasAndEventFinalize,52000,
1721,ReplicationProjection,229600,
1721,SnapshotHashMetrics,600,
1721,EgressPublish,18166900,
1722,IngressCapture,4900,
1722,DecodeAndCanonicalize,300,
1722,ApplyInputs,343500,
1722,ProcessorPlan,48400,
1722,CrossWorldPrepare,700,
1722,NativeJobBarrier,200,
1722,CommitDecision,700,
1722,VoxelCommit,800,
1722,EcsCommandBufferCommit,125700,
1722,GasAndEventFinalize,40100,
1722,ReplicationProjection,205200,
1722,SnapshotHashMetrics,200,
1722,EgressPublish,13416500,
1723,IngressCapture,5900,
1723,DecodeAndCanonicalize,300,
1723,ApplyInputs,297700,
1723,ProcessorPlan,46400,
1723,CrossWorldPrepare,700,
1723,NativeJobBarrier,200,
1723,CommitDecision,300,
1723,VoxelCommit,200,
1723,EcsCommandBufferCommit,111800,
1723,GasAndEventFinalize,35000,
1723,ReplicationProjection,202300,
1723,SnapshotHashMetrics,600,
1723,EgressPublish,12826600,
1724,IngressCapture,4600,
1724,DecodeAndCanonicalize,200,
1724,ApplyInputs,288100,
1724,ProcessorPlan,60300,
1724,CrossWorldPrepare,1500,
1724,NativeJobBarrier,400,
1724,CommitDecision,200,
1724,VoxelCommit,500,
1724,EcsCommandBufferCommit,123700,
1724,GasAndEventFinalize,46700,
1724,ReplicationProjection,224000,
1724,SnapshotHashMetrics,700,
1724,EgressPublish,16147300,
1725,IngressCapture,4800,
1725,DecodeAndCanonicalize,200,
1725,ApplyInputs,347000,
1725,ProcessorPlan,51400,
1725,CrossWorldPrepare,700,
1725,NativeJobBarrier,200,
1725,CommitDecision,200,
1725,VoxelCommit,400,
1725,EcsCommandBufferCommit,110300,
1725,GasAndEventFinalize,40700,
1725,ReplicationProjection,221300,
1725,SnapshotHashMetrics,600,
1725,EgressPublish,15178100,
1726,IngressCapture,3800,
1726,DecodeAndCanonicalize,300,
1726,ApplyInputs,239400,
1726,ProcessorPlan,49700,
1726,CrossWorldPrepare,800,
1726,NativeJobBarrier,300,
1726,CommitDecision,200,
1726,VoxelCommit,700,
1726,EcsCommandBufferCommit,115100,
1726,GasAndEventFinalize,29400,
1726,ReplicationProjection,212000,
1726,SnapshotHashMetrics,300,
1726,EgressPublish,13427500,
1727,IngressCapture,3900,
1727,DecodeAndCanonicalize,200,
1727,ApplyInputs,593500,
1727,ProcessorPlan,60300,
1727,CrossWorldPrepare,800,
1727,NativeJobBarrier,100,
1727,CommitDecision,200,
1727,VoxelCommit,600,
1727,EcsCommandBufferCommit,130500,
1727,GasAndEventFinalize,65100,
1727,ReplicationProjection,240100,
1727,SnapshotHashMetrics,600,
1727,EgressPublish,13655400,
1728,IngressCapture,3000,
1728,DecodeAndCanonicalize,200,
1728,ApplyInputs,193600,
1728,ProcessorPlan,32800,
1728,CrossWorldPrepare,400,
1728,NativeJobBarrier,100,
1728,CommitDecision,200,
1728,VoxelCommit,400,
1728,EcsCommandBufferCommit,86400,
1728,GasAndEventFinalize,27600,
1728,ReplicationProjection,148300,
1728,SnapshotHashMetrics,200,
1728,EgressPublish,13050800,
1729,IngressCapture,2500,
1729,DecodeAndCanonicalize,200,
1729,ApplyInputs,190200,
1729,ProcessorPlan,30500,
1729,CrossWorldPrepare,800,
1729,NativeJobBarrier,200,
1729,CommitDecision,200,
1729,VoxelCommit,300,
1729,EcsCommandBufferCommit,73500,
1729,GasAndEventFinalize,25400,
1729,ReplicationProjection,129200,
1729,SnapshotHashMetrics,200,
1729,EgressPublish,13766900,
1730,IngressCapture,4000,
1730,DecodeAndCanonicalize,300,
1730,ApplyInputs,276300,
1730,ProcessorPlan,64600,
1730,CrossWorldPrepare,700,
1730,NativeJobBarrier,200,
1730,CommitDecision,200,
1730,VoxelCommit,1000,
1730,EcsCommandBufferCommit,123700,
1730,GasAndEventFinalize,40900,
1730,ReplicationProjection,202400,
1730,SnapshotHashMetrics,200,
1730,EgressPublish,13417400,
1731,IngressCapture,4700,
1731,DecodeAndCanonicalize,200,
1731,ApplyInputs,261400,
1731,ProcessorPlan,35800,
1731,CrossWorldPrepare,400,
1731,NativeJobBarrier,100,
1731,CommitDecision,300,
1731,VoxelCommit,200,
1731,EcsCommandBufferCommit,124400,
1731,GasAndEventFinalize,37600,
1731,ReplicationProjection,140000,
1731,SnapshotHashMetrics,500,
1731,EgressPublish,16701200,
1732,IngressCapture,3700,
1732,DecodeAndCanonicalize,200,
1732,ApplyInputs,330200,
1732,ProcessorPlan,52300,
1732,CrossWorldPrepare,600,
1732,NativeJobBarrier,200,
1732,CommitDecision,200,
1732,VoxelCommit,800,
1732,EcsCommandBufferCommit,128900,
1732,GasAndEventFinalize,42500,
1732,ReplicationProjection,232100,
1732,SnapshotHashMetrics,500,
1732,EgressPublish,13647100,
1733,IngressCapture,5500,
1733,DecodeAndCanonicalize,200,
1733,ApplyInputs,613400,
1733,ProcessorPlan,56400,
1733,CrossWorldPrepare,700,
1733,NativeJobBarrier,500,
1733,CommitDecision,300,
1733,VoxelCommit,1200,
1733,EcsCommandBufferCommit,193800,
1733,GasAndEventFinalize,58200,
1733,ReplicationProjection,283000,
1733,SnapshotHashMetrics,300,
1733,EgressPublish,15752200,
1734,IngressCapture,5300,
1734,DecodeAndCanonicalize,200,
1734,ApplyInputs,421100,
1734,ProcessorPlan,167800,
1734,CrossWorldPrepare,1100,
1734,NativeJobBarrier,300,
1734,CommitDecision,600,
1734,VoxelCommit,600,
1734,EcsCommandBufferCommit,798400,
1734,GasAndEventFinalize,89100,
1734,ReplicationProjection,928900,
1734,SnapshotHashMetrics,400,
1734,EgressPublish,18410800,
1735,IngressCapture,4000,
1735,DecodeAndCanonicalize,800,
1735,ApplyInputs,446600,
1735,ProcessorPlan,64100,
1735,CrossWorldPrepare,1600,
1735,NativeJobBarrier,500,
1735,CommitDecision,200,
1735,VoxelCommit,700,
1735,EcsCommandBufferCommit,208100,
1735,GasAndEventFinalize,79600,
1735,ReplicationProjection,344200,
1735,SnapshotHashMetrics,700,
1735,EgressPublish,17018100,
1736,IngressCapture,5500,
1736,DecodeAndCanonicalize,400,
1736,ApplyInputs,323800,
1736,ProcessorPlan,74900,
1736,CrossWorldPrepare,1100,
1736,NativeJobBarrier,200,
1736,CommitDecision,200,
1736,VoxelCommit,600,
1736,EcsCommandBufferCommit,159500,
1736,GasAndEventFinalize,57500,
1736,ReplicationProjection,255300,
1736,SnapshotHashMetrics,300,
1736,EgressPublish,17864700,
1737,IngressCapture,4000,
1737,DecodeAndCanonicalize,200,
1737,ApplyInputs,251200,
1737,ProcessorPlan,38600,
1737,CrossWorldPrepare,700,
1737,NativeJobBarrier,200,
1737,CommitDecision,200,
1737,VoxelCommit,200,
1737,EcsCommandBufferCommit,165200,
1737,GasAndEventFinalize,53700,
1737,ReplicationProjection,193000,
1737,SnapshotHashMetrics,300,
1737,EgressPublish,12830100,
1738,IngressCapture,3700,
1738,DecodeAndCanonicalize,100,
1738,ApplyInputs,220700,
1738,ProcessorPlan,33700,
1738,CrossWorldPrepare,800,
1738,NativeJobBarrier,200,
1738,CommitDecision,100,
1738,VoxelCommit,200,
1738,EcsCommandBufferCommit,106500,
1738,GasAndEventFinalize,38200,
1738,ReplicationProjection,168300,
1738,SnapshotHashMetrics,300,
1738,EgressPublish,15167700,
1739,IngressCapture,5900,
1739,DecodeAndCanonicalize,200,
1739,ApplyInputs,370600,
1739,ProcessorPlan,44800,
1739,CrossWorldPrepare,600,
1739,NativeJobBarrier,200,
1739,CommitDecision,200,
1739,VoxelCommit,500,
1739,EcsCommandBufferCommit,131600,
1739,GasAndEventFinalize,46600,
1739,ReplicationProjection,166800,
1739,SnapshotHashMetrics,200,
1739,EgressPublish,18335000,
1740,IngressCapture,4400,
1740,DecodeAndCanonicalize,200,
1740,ApplyInputs,399500,
1740,ProcessorPlan,57500,
1740,CrossWorldPrepare,1400,
1740,NativeJobBarrier,200,
1740,CommitDecision,200,
1740,VoxelCommit,500,
1740,EcsCommandBufferCommit,190800,
1740,GasAndEventFinalize,65100,
1740,ReplicationProjection,821400,
1740,SnapshotHashMetrics,700,
1740,EgressPublish,16788300,
1741,IngressCapture,25400,
1741,DecodeAndCanonicalize,400,
1741,ApplyInputs,328500,
1741,ProcessorPlan,55800,
1741,CrossWorldPrepare,600,
1741,NativeJobBarrier,500,
1741,CommitDecision,300,
1741,VoxelCommit,700,
1741,EcsCommandBufferCommit,136600,
1741,GasAndEventFinalize,33500,
1741,ReplicationProjection,243300,
1741,SnapshotHashMetrics,500,
1741,EgressPublish,16669800,
1742,IngressCapture,6300,
1742,DecodeAndCanonicalize,400,
1742,ApplyInputs,779100,
1742,ProcessorPlan,150300,
1742,CrossWorldPrepare,1400,
1742,NativeJobBarrier,200,
1742,CommitDecision,200,
1742,VoxelCommit,500,
1742,EcsCommandBufferCommit,138100,
1742,GasAndEventFinalize,80600,
1742,ReplicationProjection,233900,
1742,SnapshotHashMetrics,200,
1742,EgressPublish,18382900,
1743,IngressCapture,5800,
1743,DecodeAndCanonicalize,300,
1743,ApplyInputs,305500,
1743,ProcessorPlan,54000,
1743,CrossWorldPrepare,700,
1743,NativeJobBarrier,300,
1743,CommitDecision,200,
1743,VoxelCommit,400,
1743,EcsCommandBufferCommit,128600,
1743,GasAndEventFinalize,46700,
1743,ReplicationProjection,220000,
1743,SnapshotHashMetrics,400,
1743,EgressPublish,16065100,
1744,IngressCapture,7500,
1744,DecodeAndCanonicalize,200,
1744,ApplyInputs,433500,
1744,ProcessorPlan,40200,
1744,CrossWorldPrepare,600,
1744,NativeJobBarrier,100,
1744,CommitDecision,300,
1744,VoxelCommit,700,
1744,EcsCommandBufferCommit,107000,
1744,GasAndEventFinalize,33200,
1744,ReplicationProjection,127700,
1744,SnapshotHashMetrics,400,
1744,EgressPublish,16271800,
1745,IngressCapture,5400,
1745,DecodeAndCanonicalize,300,
1745,ApplyInputs,391800,
1745,ProcessorPlan,55300,
1745,CrossWorldPrepare,1100,
1745,NativeJobBarrier,400,
1745,CommitDecision,400,
1745,VoxelCommit,700,
1745,EcsCommandBufferCommit,151900,
1745,GasAndEventFinalize,54800,
1745,ReplicationProjection,216700,
1745,SnapshotHashMetrics,500,
1745,EgressPublish,17462100,
1746,IngressCapture,4500,
1746,DecodeAndCanonicalize,200,
1746,ApplyInputs,313200,
1746,ProcessorPlan,68500,
1746,CrossWorldPrepare,1200,
1746,NativeJobBarrier,300,
1746,CommitDecision,200,
1746,VoxelCommit,1200,
1746,EcsCommandBufferCommit,141000,
1746,GasAndEventFinalize,49400,
1746,ReplicationProjection,207400,
1746,SnapshotHashMetrics,900,
1746,EgressPublish,15879900,
1747,IngressCapture,5700,
1747,DecodeAndCanonicalize,200,
1747,ApplyInputs,500300,
1747,ProcessorPlan,48300,
1747,CrossWorldPrepare,1300,
1747,NativeJobBarrier,200,
1747,CommitDecision,200,
1747,VoxelCommit,200,
1747,EcsCommandBufferCommit,771200,
1747,GasAndEventFinalize,96700,
1747,ReplicationProjection,899900,
1747,SnapshotHashMetrics,800,
1747,EgressPublish,19376200,
1748,IngressCapture,6800,
1748,DecodeAndCanonicalize,300,
1748,ApplyInputs,430700,
1748,ProcessorPlan,97800,
1748,CrossWorldPrepare,1500,
1748,NativeJobBarrier,300,
1748,CommitDecision,300,
1748,VoxelCommit,1700,
1748,EcsCommandBufferCommit,232500,
1748,GasAndEventFinalize,75100,
1748,ReplicationProjection,255000,
1748,SnapshotHashMetrics,1100,
1748,EgressPublish,22235700,
1749,IngressCapture,4500,
1749,DecodeAndCanonicalize,200,
1749,ApplyInputs,383100,
1749,ProcessorPlan,55600,
1749,CrossWorldPrepare,1200,
1749,NativeJobBarrier,400,
1749,CommitDecision,700,
1749,VoxelCommit,1300,
1749,EcsCommandBufferCommit,181500,
1749,GasAndEventFinalize,54400,
1749,ReplicationProjection,213700,
1749,SnapshotHashMetrics,1300,
1749,EgressPublish,19287500,
1750,IngressCapture,3700,
1750,DecodeAndCanonicalize,100,
1750,ApplyInputs,385500,
1750,ProcessorPlan,57000,
1750,CrossWorldPrepare,500,
1750,NativeJobBarrier,100,
1750,CommitDecision,200,
1750,VoxelCommit,500,
1750,EcsCommandBufferCommit,106500,
1750,GasAndEventFinalize,51700,
1750,ReplicationProjection,152100,
1750,SnapshotHashMetrics,100,
1750,EgressPublish,18224600,
1751,IngressCapture,5400,
1751,DecodeAndCanonicalize,200,
1751,ApplyInputs,305600,
1751,ProcessorPlan,65200,
1751,CrossWorldPrepare,1700,
1751,NativeJobBarrier,200,
1751,CommitDecision,400,
1751,VoxelCommit,900,
1751,EcsCommandBufferCommit,190200,
1751,GasAndEventFinalize,60900,
1751,ReplicationProjection,216200,
1751,SnapshotHashMetrics,500,
1751,EgressPublish,19869000,
1752,IngressCapture,4600,
1752,DecodeAndCanonicalize,200,
1752,ApplyInputs,401400,
1752,ProcessorPlan,57900,
1752,CrossWorldPrepare,600,
1752,NativeJobBarrier,200,
1752,CommitDecision,900,
1752,VoxelCommit,600,
1752,EcsCommandBufferCommit,205600,
1752,GasAndEventFinalize,58800,
1752,ReplicationProjection,249700,
1752,SnapshotHashMetrics,400,
1752,EgressPublish,20593800,
1753,IngressCapture,6600,
1753,DecodeAndCanonicalize,300,
1753,ApplyInputs,466400,
1753,ProcessorPlan,80400,
1753,CrossWorldPrepare,1100,
1753,NativeJobBarrier,300,
1753,CommitDecision,1100,
1753,VoxelCommit,1100,
1753,EcsCommandBufferCommit,231800,
1753,GasAndEventFinalize,72000,
1753,ReplicationProjection,249900,
1753,SnapshotHashMetrics,900,
1753,EgressPublish,20907600,
1754,IngressCapture,5200,
1754,DecodeAndCanonicalize,400,
1754,ApplyInputs,302300,
1754,ProcessorPlan,39600,
1754,CrossWorldPrepare,800,
1754,NativeJobBarrier,200,
1754,CommitDecision,700,
1754,VoxelCommit,700,
1754,EcsCommandBufferCommit,120300,
1754,GasAndEventFinalize,32800,
1754,ReplicationProjection,145000,
1754,SnapshotHashMetrics,1200,
1754,EgressPublish,20754500,
1755,IngressCapture,7100,
1755,DecodeAndCanonicalize,100,
1755,ApplyInputs,347200,
1755,ProcessorPlan,38700,
1755,CrossWorldPrepare,500,
1755,NativeJobBarrier,200,
1755,CommitDecision,800,
1755,VoxelCommit,1300,
1755,EcsCommandBufferCommit,201900,
1755,GasAndEventFinalize,53000,
1755,ReplicationProjection,164100,
1755,SnapshotHashMetrics,200,
1755,EgressPublish,17139400,
1756,IngressCapture,6000,
1756,DecodeAndCanonicalize,200,
1756,ApplyInputs,223200,
1756,ProcessorPlan,34900,
1756,CrossWorldPrepare,600,
1756,NativeJobBarrier,200,
1756,CommitDecision,100,
1756,VoxelCommit,200,
1756,EcsCommandBufferCommit,94700,
1756,GasAndEventFinalize,32200,
1756,ReplicationProjection,135200,
1756,SnapshotHashMetrics,300,
1756,EgressPublish,19138400,
1757,IngressCapture,4200,
1757,DecodeAndCanonicalize,200,
1757,ApplyInputs,386500,
1757,ProcessorPlan,58100,
1757,CrossWorldPrepare,1100,
1757,NativeJobBarrier,200,
1757,CommitDecision,500,
1757,VoxelCommit,600,
1757,EcsCommandBufferCommit,149600,
1757,GasAndEventFinalize,45100,
1757,ReplicationProjection,215400,
1757,SnapshotHashMetrics,200,
1757,EgressPublish,17691600,
1758,IngressCapture,7500,
1758,DecodeAndCanonicalize,1200,
1758,ApplyInputs,379800,
1758,ProcessorPlan,65800,
1758,CrossWorldPrepare,900,
1758,NativeJobBarrier,900,
1758,CommitDecision,200,
1758,VoxelCommit,400,
1758,EcsCommandBufferCommit,141700,
1758,GasAndEventFinalize,42800,
1758,ReplicationProjection,224500,
1758,SnapshotHashMetrics,1100,
1758,EgressPublish,18159000,
1759,IngressCapture,5700,
1759,DecodeAndCanonicalize,400,
1759,ApplyInputs,483100,
1759,ProcessorPlan,37400,
1759,CrossWorldPrepare,1400,
1759,NativeJobBarrier,100,
1759,CommitDecision,200,
1759,VoxelCommit,900,
1759,EcsCommandBufferCommit,160400,
1759,GasAndEventFinalize,64000,
1759,ReplicationProjection,157500,
1759,SnapshotHashMetrics,200,
1759,EgressPublish,18271100,
1760,IngressCapture,6900,
1760,DecodeAndCanonicalize,300,
1760,ApplyInputs,292600,
1760,ProcessorPlan,36700,
1760,CrossWorldPrepare,1200,
1760,NativeJobBarrier,100,
1760,CommitDecision,400,
1760,VoxelCommit,500,
1760,EcsCommandBufferCommit,97000,
1760,GasAndEventFinalize,30100,
1760,ReplicationProjection,136600,
1760,SnapshotHashMetrics,300,
1760,EgressPublish,16339000,
1761,IngressCapture,6800,
1761,DecodeAndCanonicalize,200,
1761,ApplyInputs,487900,
1761,ProcessorPlan,99600,
1761,CrossWorldPrepare,1100,
1761,NativeJobBarrier,300,
1761,CommitDecision,700,
1761,VoxelCommit,1000,
1761,EcsCommandBufferCommit,223900,
1761,GasAndEventFinalize,88800,
1761,ReplicationProjection,243500,
1761,SnapshotHashMetrics,500,
1761,EgressPublish,16236000,
1762,IngressCapture,5100,
1762,DecodeAndCanonicalize,200,
1762,ApplyInputs,347100,
1762,ProcessorPlan,53800,
1762,CrossWorldPrepare,600,
1762,NativeJobBarrier,50300,
1762,CommitDecision,700,
1762,VoxelCommit,900,
1762,EcsCommandBufferCommit,186600,
1762,GasAndEventFinalize,60600,
1762,ReplicationProjection,249000,
1762,SnapshotHashMetrics,1400,
1762,EgressPublish,18722900,
1763,IngressCapture,5500,
1763,DecodeAndCanonicalize,400,
1763,ApplyInputs,302000,
1763,ProcessorPlan,54700,
1763,CrossWorldPrepare,400,
1763,NativeJobBarrier,600,
1763,CommitDecision,300,
1763,VoxelCommit,500,
1763,EcsCommandBufferCommit,148100,
1763,GasAndEventFinalize,49400,
1763,ReplicationProjection,218600,
1763,SnapshotHashMetrics,500,
1763,EgressPublish,17531200,
1764,IngressCapture,4800,
1764,DecodeAndCanonicalize,200,
1764,ApplyInputs,281400,
1764,ProcessorPlan,41100,
1764,CrossWorldPrepare,1300,
1764,NativeJobBarrier,700,
1764,CommitDecision,200,
1764,VoxelCommit,400,
1764,EcsCommandBufferCommit,163300,
1764,GasAndEventFinalize,41000,
1764,ReplicationProjection,171200,
1764,SnapshotHashMetrics,300,
1764,EgressPublish,16852600,
1765,IngressCapture,6100,
1765,DecodeAndCanonicalize,200,
1765,ApplyInputs,284400,
1765,ProcessorPlan,38800,
1765,CrossWorldPrepare,600,
1765,NativeJobBarrier,200,
1765,CommitDecision,200,
1765,VoxelCommit,300,
1765,EcsCommandBufferCommit,134300,
1765,GasAndEventFinalize,38500,
1765,ReplicationProjection,145200,
1765,SnapshotHashMetrics,400,
1765,EgressPublish,13461300,
1766,IngressCapture,6000,
1766,DecodeAndCanonicalize,100,
1766,ApplyInputs,252100,
1766,ProcessorPlan,38800,
1766,CrossWorldPrepare,800,
1766,NativeJobBarrier,200,
1766,CommitDecision,500,
1766,VoxelCommit,800,
1766,EcsCommandBufferCommit,163400,
1766,GasAndEventFinalize,44100,
1766,ReplicationProjection,540500,
1766,SnapshotHashMetrics,1100,
1766,EgressPublish,14298600,
1767,IngressCapture,5600,
1767,DecodeAndCanonicalize,200,
1767,ApplyInputs,795000,
1767,ProcessorPlan,39500,
1767,CrossWorldPrepare,500,
1767,NativeJobBarrier,200,
1767,CommitDecision,300,
1767,VoxelCommit,500,
1767,EcsCommandBufferCommit,148000,
1767,GasAndEventFinalize,64800,
1767,ReplicationProjection,162300,
1767,SnapshotHashMetrics,200,
1767,EgressPublish,16757500,
1768,IngressCapture,6400,
1768,DecodeAndCanonicalize,200,
1768,ApplyInputs,294100,
1768,ProcessorPlan,40800,
1768,CrossWorldPrepare,900,
1768,NativeJobBarrier,500,
1768,CommitDecision,600,
1768,VoxelCommit,200,
1768,EcsCommandBufferCommit,143600,
1768,GasAndEventFinalize,44200,
1768,ReplicationProjection,151100,
1768,SnapshotHashMetrics,300,
1768,EgressPublish,17079300,
1769,IngressCapture,4700,
1769,DecodeAndCanonicalize,200,
1769,ApplyInputs,376000,
1769,ProcessorPlan,53300,
1769,CrossWorldPrepare,800,
1769,NativeJobBarrier,100,
1769,CommitDecision,400,
1769,VoxelCommit,800,
1769,EcsCommandBufferCommit,156900,
1769,GasAndEventFinalize,44700,
1769,ReplicationProjection,206300,
1769,SnapshotHashMetrics,1200,
1769,EgressPublish,17405400,
1770,IngressCapture,7400,
1770,DecodeAndCanonicalize,400,
1770,ApplyInputs,367000,
1770,ProcessorPlan,33700,
1770,CrossWorldPrepare,500,
1770,NativeJobBarrier,100,
1770,CommitDecision,200,
1770,VoxelCommit,500,
1770,EcsCommandBufferCommit,92500,
1770,GasAndEventFinalize,21300,
1770,ReplicationProjection,126400,
1770,SnapshotHashMetrics,200,
1770,EgressPublish,15483200,
1771,IngressCapture,5800,
1771,DecodeAndCanonicalize,300,
1771,ApplyInputs,361900,
1771,ProcessorPlan,74000,
1771,CrossWorldPrepare,1000,
1771,NativeJobBarrier,400,
1771,CommitDecision,400,
1771,VoxelCommit,700,
1771,EcsCommandBufferCommit,146200,
1771,GasAndEventFinalize,40600,
1771,ReplicationProjection,141900,
1771,SnapshotHashMetrics,100,
1771,EgressPublish,16962700,
1772,IngressCapture,3700,
1772,DecodeAndCanonicalize,200,
1772,ApplyInputs,307300,
1772,ProcessorPlan,47600,
1772,CrossWorldPrepare,500,
1772,NativeJobBarrier,300,
1772,CommitDecision,200,
1772,VoxelCommit,500,
1772,EcsCommandBufferCommit,150400,
1772,GasAndEventFinalize,60800,
1772,ReplicationProjection,251000,
1772,SnapshotHashMetrics,400,
1772,EgressPublish,18073900,
1773,IngressCapture,5900,
1773,DecodeAndCanonicalize,200,
1773,ApplyInputs,400800,
1773,ProcessorPlan,70300,
1773,CrossWorldPrepare,1200,
1773,NativeJobBarrier,400,
1773,CommitDecision,200,
1773,VoxelCommit,1100,
1773,EcsCommandBufferCommit,224700,
1773,GasAndEventFinalize,69400,
1773,ReplicationProjection,250000,
1773,SnapshotHashMetrics,900,
1773,EgressPublish,19294100,
1774,IngressCapture,6900,
1774,DecodeAndCanonicalize,200,
1774,ApplyInputs,458600,
1774,ProcessorPlan,60100,
1774,CrossWorldPrepare,1500,
1774,NativeJobBarrier,200,
1774,CommitDecision,200,
1774,VoxelCommit,1100,
1774,EcsCommandBufferCommit,193400,
1774,GasAndEventFinalize,53100,
1774,ReplicationProjection,234200,
1774,SnapshotHashMetrics,400,
1774,EgressPublish,18590500,
1775,IngressCapture,9200,
1775,DecodeAndCanonicalize,200,
1775,ApplyInputs,785500,
1775,ProcessorPlan,71300,
1775,CrossWorldPrepare,800,
1775,NativeJobBarrier,200,
1775,CommitDecision,500,
1775,VoxelCommit,1000,
1775,EcsCommandBufferCommit,166600,
1775,GasAndEventFinalize,87300,
1775,ReplicationProjection,266400,
1775,SnapshotHashMetrics,800,
1775,EgressPublish,18165600,
1776,IngressCapture,5300,
1776,DecodeAndCanonicalize,200,
1776,ApplyInputs,412200,
1776,ProcessorPlan,86300,
1776,CrossWorldPrepare,1000,
1776,NativeJobBarrier,300,
1776,CommitDecision,300,
1776,VoxelCommit,1100,
1776,EcsCommandBufferCommit,204400,
1776,GasAndEventFinalize,55100,
1776,ReplicationProjection,156000,
1776,SnapshotHashMetrics,300,
1776,EgressPublish,17353000,
1777,IngressCapture,6500,
1777,DecodeAndCanonicalize,300,
1777,ApplyInputs,305400,
1777,ProcessorPlan,42400,
1777,CrossWorldPrepare,800,
1777,NativeJobBarrier,200,
1777,CommitDecision,300,
1777,VoxelCommit,200,
1777,EcsCommandBufferCommit,99600,
1777,GasAndEventFinalize,30900,
1777,ReplicationProjection,152900,
1777,SnapshotHashMetrics,200,
1777,EgressPublish,17246000,
1778,IngressCapture,5200,
1778,DecodeAndCanonicalize,100,
1778,ApplyInputs,379600,
1778,ProcessorPlan,43000,
1778,CrossWorldPrepare,800,
1778,NativeJobBarrier,200,
1778,CommitDecision,300,
1778,VoxelCommit,400,
1778,EcsCommandBufferCommit,158500,
1778,GasAndEventFinalize,47500,
1778,ReplicationProjection,146000,
1778,SnapshotHashMetrics,500,
1778,EgressPublish,16009400,
1779,IngressCapture,5400,
1779,DecodeAndCanonicalize,300,
1779,ApplyInputs,315800,
1779,ProcessorPlan,69100,
1779,CrossWorldPrepare,900,
1779,NativeJobBarrier,200,
1779,CommitDecision,300,
1779,VoxelCommit,1200,
1779,EcsCommandBufferCommit,148300,
1779,GasAndEventFinalize,44600,
1779,ReplicationProjection,209700,
1779,SnapshotHashMetrics,600,
1779,EgressPublish,20213900,
1780,IngressCapture,5900,
1780,DecodeAndCanonicalize,300,
1780,ApplyInputs,483900,
1780,ProcessorPlan,60000,
1780,CrossWorldPrepare,1400,
1780,NativeJobBarrier,400,
1780,CommitDecision,500,
1780,VoxelCommit,600,
1780,EcsCommandBufferCommit,174600,
1780,GasAndEventFinalize,57400,
1780,ReplicationProjection,214500,
1780,SnapshotHashMetrics,600,
1780,EgressPublish,16339600,
1781,IngressCapture,5100,
1781,DecodeAndCanonicalize,200,
1781,ApplyInputs,320000,
1781,ProcessorPlan,51400,
1781,CrossWorldPrepare,800,
1781,NativeJobBarrier,200,
1781,CommitDecision,600,
1781,VoxelCommit,600,
1781,EcsCommandBufferCommit,150400,
1781,GasAndEventFinalize,36500,
1781,ReplicationProjection,136600,
1781,SnapshotHashMetrics,200,
1781,EgressPublish,13250700,
1782,IngressCapture,4300,
1782,DecodeAndCanonicalize,300,
1782,ApplyInputs,375900,
1782,ProcessorPlan,49100,
1782,CrossWorldPrepare,800,
1782,NativeJobBarrier,400,
1782,CommitDecision,400,
1782,VoxelCommit,400,
1782,EcsCommandBufferCommit,131500,
1782,GasAndEventFinalize,45900,
1782,ReplicationProjection,218600,
1782,SnapshotHashMetrics,300,
1782,EgressPublish,19399300,
1783,IngressCapture,4200,
1783,DecodeAndCanonicalize,400,
1783,ApplyInputs,708200,
1783,ProcessorPlan,49700,
1783,CrossWorldPrepare,700,
1783,NativeJobBarrier,300,
1783,CommitDecision,300,
1783,VoxelCommit,400,
1783,EcsCommandBufferCommit,113400,
1783,GasAndEventFinalize,49300,
1783,ReplicationProjection,226800,
1783,SnapshotHashMetrics,400,
1783,EgressPublish,19366800,
1784,IngressCapture,8300,
1784,DecodeAndCanonicalize,200,
1784,ApplyInputs,276100,
1784,ProcessorPlan,48000,
1784,CrossWorldPrepare,700,
1784,NativeJobBarrier,200,
1784,CommitDecision,500,
1784,VoxelCommit,500,
1784,EcsCommandBufferCommit,123800,
1784,GasAndEventFinalize,50000,
1784,ReplicationProjection,216800,
1784,SnapshotHashMetrics,700,
1784,EgressPublish,17274900,
1785,IngressCapture,5900,
1785,DecodeAndCanonicalize,200,
1785,ApplyInputs,269100,
1785,ProcessorPlan,35700,
1785,CrossWorldPrepare,1100,
1785,NativeJobBarrier,200,
1785,CommitDecision,300,
1785,VoxelCommit,300,
1785,EcsCommandBufferCommit,112500,
1785,GasAndEventFinalize,36200,
1785,ReplicationProjection,154400,
1785,SnapshotHashMetrics,100,
1785,EgressPublish,12301100,
1786,IngressCapture,3100,
1786,DecodeAndCanonicalize,200,
1786,ApplyInputs,192500,
1786,ProcessorPlan,35100,
1786,CrossWorldPrepare,700,
1786,NativeJobBarrier,200,
1786,CommitDecision,200,
1786,VoxelCommit,800,
1786,EcsCommandBufferCommit,90600,
1786,GasAndEventFinalize,33900,
1786,ReplicationProjection,128100,
1786,SnapshotHashMetrics,200,
1786,EgressPublish,13115700,
1787,IngressCapture,4900,
1787,DecodeAndCanonicalize,100,
1787,ApplyInputs,269400,
1787,ProcessorPlan,36800,
1787,CrossWorldPrepare,500,
1787,NativeJobBarrier,100,
1787,CommitDecision,700,
1787,VoxelCommit,1200,
1787,EcsCommandBufferCommit,119700,
1787,GasAndEventFinalize,41000,
1787,ReplicationProjection,142400,
1787,SnapshotHashMetrics,100,
1787,EgressPublish,13832400,
1788,IngressCapture,5100,
1788,DecodeAndCanonicalize,100,
1788,ApplyInputs,252500,
1788,ProcessorPlan,33700,
1788,CrossWorldPrepare,500,
1788,NativeJobBarrier,300,
1788,CommitDecision,200,
1788,VoxelCommit,300,
1788,EcsCommandBufferCommit,96800,
1788,GasAndEventFinalize,28300,
1788,ReplicationProjection,123600,
1788,SnapshotHashMetrics,200,
1788,EgressPublish,12412500,
1789,IngressCapture,3400,
1789,DecodeAndCanonicalize,200,
1789,ApplyInputs,201000,
1789,ProcessorPlan,31700,
1789,CrossWorldPrepare,500,
1789,NativeJobBarrier,200,
1789,CommitDecision,200,
1789,VoxelCommit,300,
1789,EcsCommandBufferCommit,77300,
1789,GasAndEventFinalize,24000,
1789,ReplicationProjection,127100,
1789,SnapshotHashMetrics,200,
1789,EgressPublish,11019400,
1790,IngressCapture,3600,
1790,DecodeAndCanonicalize,200,
1790,ApplyInputs,168300,
1790,ProcessorPlan,30800,
1790,CrossWorldPrepare,800,
1790,NativeJobBarrier,100,
1790,CommitDecision,100,
1790,VoxelCommit,300,
1790,EcsCommandBufferCommit,81000,
1790,GasAndEventFinalize,26000,
1790,ReplicationProjection,125500,
1790,SnapshotHashMetrics,100,
1790,EgressPublish,12316700,
1791,IngressCapture,5800,
1791,DecodeAndCanonicalize,900,
1791,ApplyInputs,451300,
1791,ProcessorPlan,34600,
1791,CrossWorldPrepare,500,
1791,NativeJobBarrier,200,
1791,CommitDecision,200,
1791,VoxelCommit,200,
1791,EcsCommandBufferCommit,105400,
1791,GasAndEventFinalize,48100,
1791,ReplicationProjection,132300,
1791,SnapshotHashMetrics,200,
1791,EgressPublish,12658800,
1792,IngressCapture,2900,
1792,DecodeAndCanonicalize,200,
1792,ApplyInputs,159700,
1792,ProcessorPlan,31700,
1792,CrossWorldPrepare,700,
1792,NativeJobBarrier,200,
1792,CommitDecision,200,
1792,VoxelCommit,400,
1792,EcsCommandBufferCommit,85700,
1792,GasAndEventFinalize,78400,
1792,ReplicationProjection,135200,
1792,SnapshotHashMetrics,200,
1792,EgressPublish,8942500,
1793,IngressCapture,3400,
1793,DecodeAndCanonicalize,200,
1793,ApplyInputs,213700,
1793,ProcessorPlan,31200,
1793,CrossWorldPrepare,800,
1793,NativeJobBarrier,100,
1793,CommitDecision,100,
1793,VoxelCommit,300,
1793,EcsCommandBufferCommit,72600,
1793,GasAndEventFinalize,25400,
1793,ReplicationProjection,173600,
1793,SnapshotHashMetrics,300,
1793,EgressPublish,10019600,
1794,IngressCapture,3800,
1794,DecodeAndCanonicalize,400,
1794,ApplyInputs,261900,
1794,ProcessorPlan,41900,
1794,CrossWorldPrepare,600,
1794,NativeJobBarrier,200,
1794,CommitDecision,100,
1794,VoxelCommit,400,
1794,EcsCommandBufferCommit,97100,
1794,GasAndEventFinalize,30900,
1794,ReplicationProjection,179900,
1794,SnapshotHashMetrics,400,
1794,EgressPublish,12054500,
1795,IngressCapture,3900,
1795,DecodeAndCanonicalize,200,
1795,ApplyInputs,180400,
1795,ProcessorPlan,32300,
1795,CrossWorldPrepare,600,
1795,NativeJobBarrier,300,
1795,CommitDecision,200,
1795,VoxelCommit,100,
1795,EcsCommandBufferCommit,89600,
1795,GasAndEventFinalize,33800,
1795,ReplicationProjection,128600,
1795,SnapshotHashMetrics,100,
1795,EgressPublish,10831200,
1796,IngressCapture,3900,
1796,DecodeAndCanonicalize,200,
1796,ApplyInputs,211300,
1796,ProcessorPlan,33300,
1796,CrossWorldPrepare,400,
1796,NativeJobBarrier,100,
1796,CommitDecision,200,
1796,VoxelCommit,300,
1796,EcsCommandBufferCommit,394200,
1796,GasAndEventFinalize,42200,
1796,ReplicationProjection,129100,
1796,SnapshotHashMetrics,200,
1796,EgressPublish,10352300,
1797,IngressCapture,2900,
1797,DecodeAndCanonicalize,200,
1797,ApplyInputs,260600,
1797,ProcessorPlan,32000,
1797,CrossWorldPrepare,500,
1797,NativeJobBarrier,100,
1797,CommitDecision,200,
1797,VoxelCommit,600,
1797,EcsCommandBufferCommit,79000,
1797,GasAndEventFinalize,26500,
1797,ReplicationProjection,113900,
1797,SnapshotHashMetrics,300,
1797,EgressPublish,10273600,
1798,IngressCapture,2800,
1798,DecodeAndCanonicalize,100,
1798,ApplyInputs,337700,
1798,ProcessorPlan,44800,
1798,CrossWorldPrepare,700,
1798,NativeJobBarrier,200,
1798,CommitDecision,200,
1798,VoxelCommit,400,
1798,EcsCommandBufferCommit,72000,
1798,GasAndEventFinalize,35500,
1798,ReplicationProjection,116700,
1798,SnapshotHashMetrics,200,
1798,EgressPublish,10343500,
1799,IngressCapture,5800,
1799,DecodeAndCanonicalize,200,
1799,ApplyInputs,253100,
1799,ProcessorPlan,47200,
1799,CrossWorldPrepare,1100,
1799,NativeJobBarrier,200,
1799,CommitDecision,700,
1799,VoxelCommit,800,
1799,EcsCommandBufferCommit,139400,
1799,GasAndEventFinalize,42900,
1799,ReplicationProjection,184300,
1799,SnapshotHashMetrics,500,
1799,EgressPublish,11292200,
1800,IngressCapture,6700,
1800,DecodeAndCanonicalize,300,
1800,ApplyInputs,204200,
1800,ProcessorPlan,34000,
1800,CrossWorldPrepare,500,
1800,NativeJobBarrier,100,
1800,CommitDecision,100,
1800,VoxelCommit,200,
1800,EcsCommandBufferCommit,98900,
1800,GasAndEventFinalize,30500,
1800,ReplicationProjection,123700,
1800,SnapshotHashMetrics,200,
1800,EgressPublish,11932700,
1801,IngressCapture,5100,
1801,DecodeAndCanonicalize,300,
1801,ApplyInputs,326000,
1801,ProcessorPlan,66300,
1801,CrossWorldPrepare,1700,
1801,NativeJobBarrier,400,
1801,CommitDecision,200,
1801,VoxelCommit,800,
1801,EcsCommandBufferCommit,149400,
1801,GasAndEventFinalize,56900,
1801,ReplicationProjection,207800,
1801,SnapshotHashMetrics,600,
1801,EgressPublish,12345100,
1802,IngressCapture,3000,
1802,DecodeAndCanonicalize,100,
1802,ApplyInputs,207000,
1802,ProcessorPlan,35300,
1802,CrossWorldPrepare,400,
1802,NativeJobBarrier,200,
1802,CommitDecision,200,
1802,VoxelCommit,400,
1802,EcsCommandBufferCommit,88900,
1802,GasAndEventFinalize,31300,
1802,ReplicationProjection,120100,
1802,SnapshotHashMetrics,200,
1802,EgressPublish,10125500,
1803,IngressCapture,3500,
1803,DecodeAndCanonicalize,300,
1803,ApplyInputs,215300,
1803,ProcessorPlan,34100,
1803,CrossWorldPrepare,400,
1803,NativeJobBarrier,200,
1803,CommitDecision,200,
1803,VoxelCommit,500,
1803,EcsCommandBufferCommit,90000,
1803,GasAndEventFinalize,29500,
1803,ReplicationProjection,119900,
1803,SnapshotHashMetrics,200,
1803,EgressPublish,10142400,
1804,IngressCapture,3100,
1804,DecodeAndCanonicalize,100,
1804,ApplyInputs,180900,
1804,ProcessorPlan,34100,
1804,CrossWorldPrepare,600,
1804,NativeJobBarrier,200,
1804,CommitDecision,300,
1804,VoxelCommit,400,
1804,EcsCommandBufferCommit,82700,
1804,GasAndEventFinalize,26100,
1804,ReplicationProjection,123000,
1804,SnapshotHashMetrics,100,
1804,EgressPublish,10583100,
1805,IngressCapture,4600,
1805,DecodeAndCanonicalize,200,
1805,ApplyInputs,444800,
1805,ProcessorPlan,55600,
1805,CrossWorldPrepare,1500,
1805,NativeJobBarrier,200,
1805,CommitDecision,300,
1805,VoxelCommit,700,
1805,EcsCommandBufferCommit,139300,
1805,GasAndEventFinalize,41900,
1805,ReplicationProjection,205000,
1805,SnapshotHashMetrics,600,
1805,EgressPublish,15074000,
1806,IngressCapture,4500,
1806,DecodeAndCanonicalize,200,
1806,ApplyInputs,637500,
1806,ProcessorPlan,114100,
1806,CrossWorldPrepare,900,
1806,NativeJobBarrier,300,
1806,CommitDecision,300,
1806,VoxelCommit,300,
1806,EcsCommandBufferCommit,699700,
1806,GasAndEventFinalize,78300,
1806,ReplicationProjection,743900,
1806,SnapshotHashMetrics,700,
1806,EgressPublish,16387100,
1807,IngressCapture,6300,
1807,DecodeAndCanonicalize,300,
1807,ApplyInputs,381000,
1807,ProcessorPlan,62700,
1807,CrossWorldPrepare,1100,
1807,NativeJobBarrier,200,
1807,CommitDecision,200,
1807,VoxelCommit,900,
1807,EcsCommandBufferCommit,188400,
1807,GasAndEventFinalize,95800,
1807,ReplicationProjection,234300,
1807,SnapshotHashMetrics,800,
1807,EgressPublish,17353100,
1808,IngressCapture,4500,
1808,DecodeAndCanonicalize,200,
1808,ApplyInputs,376200,
1808,ProcessorPlan,52800,
1808,CrossWorldPrepare,1000,
1808,NativeJobBarrier,100,
1808,CommitDecision,800,
1808,VoxelCommit,700,
1808,EcsCommandBufferCommit,129800,
1808,GasAndEventFinalize,33600,
1808,ReplicationProjection,144300,
1808,SnapshotHashMetrics,200,
1808,EgressPublish,13237300,
1809,IngressCapture,5300,
1809,DecodeAndCanonicalize,100,
1809,ApplyInputs,267800,
1809,ProcessorPlan,36000,
1809,CrossWorldPrepare,600,
1809,NativeJobBarrier,200,
1809,CommitDecision,200,
1809,VoxelCommit,200,
1809,EcsCommandBufferCommit,114600,
1809,GasAndEventFinalize,33100,
1809,ReplicationProjection,129900,
1809,SnapshotHashMetrics,200,
1809,EgressPublish,13043600,
1810,IngressCapture,4200,
1810,DecodeAndCanonicalize,200,
1810,ApplyInputs,255700,
1810,ProcessorPlan,57600,
1810,CrossWorldPrepare,800,
1810,NativeJobBarrier,200,
1810,CommitDecision,200,
1810,VoxelCommit,500,
1810,EcsCommandBufferCommit,138400,
1810,GasAndEventFinalize,47500,
1810,ReplicationProjection,216400,
1810,SnapshotHashMetrics,400,
1810,EgressPublish,14542600,
1811,IngressCapture,3300,
1811,DecodeAndCanonicalize,200,
1811,ApplyInputs,348000,
1811,ProcessorPlan,63800,
1811,CrossWorldPrepare,800,
1811,NativeJobBarrier,400,
1811,CommitDecision,400,
1811,VoxelCommit,400,
1811,EcsCommandBufferCommit,161000,
1811,GasAndEventFinalize,54000,
1811,ReplicationProjection,274400,
1811,SnapshotHashMetrics,800,
1811,EgressPublish,15018800,
1812,IngressCapture,4800,
1812,DecodeAndCanonicalize,300,
1812,ApplyInputs,293700,
1812,ProcessorPlan,52800,
1812,CrossWorldPrepare,1400,
1812,NativeJobBarrier,300,
1812,CommitDecision,300,
1812,VoxelCommit,500,
1812,EcsCommandBufferCommit,136700,
1812,GasAndEventFinalize,46000,
1812,ReplicationProjection,219100,
1812,SnapshotHashMetrics,1100,
1812,EgressPublish,13355400,
1813,IngressCapture,5000,
1813,DecodeAndCanonicalize,800,
1813,ApplyInputs,479900,
1813,ProcessorPlan,61800,
1813,CrossWorldPrepare,1000,
1813,NativeJobBarrier,1100,
1813,CommitDecision,200,
1813,VoxelCommit,800,
1813,EcsCommandBufferCommit,804000,
1813,GasAndEventFinalize,90200,
1813,ReplicationProjection,836200,
1813,SnapshotHashMetrics,600,
1813,EgressPublish,16292500,
1814,IngressCapture,3600,
1814,DecodeAndCanonicalize,200,
1814,ApplyInputs,570100,
1814,ProcessorPlan,112900,
1814,CrossWorldPrepare,1300,
1814,NativeJobBarrier,100,
1814,CommitDecision,200,
1814,VoxelCommit,600,
1814,EcsCommandBufferCommit,125600,
1814,GasAndEventFinalize,71500,
1814,ReplicationProjection,285600,
1814,SnapshotHashMetrics,400,
1814,EgressPublish,13323500,
1815,IngressCapture,5100,
1815,DecodeAndCanonicalize,400,
1815,ApplyInputs,251800,
1815,ProcessorPlan,35100,
1815,CrossWorldPrepare,900,
1815,NativeJobBarrier,200,
1815,CommitDecision,300,
1815,VoxelCommit,300,
1815,EcsCommandBufferCommit,91200,
1815,GasAndEventFinalize,33200,
1815,ReplicationProjection,138900,
1815,SnapshotHashMetrics,200,
1815,EgressPublish,13268800,
1816,IngressCapture,3300,
1816,DecodeAndCanonicalize,200,
1816,ApplyInputs,251500,
1816,ProcessorPlan,33700,
1816,CrossWorldPrepare,700,
1816,NativeJobBarrier,100,
1816,CommitDecision,100,
1816,VoxelCommit,300,
1816,EcsCommandBufferCommit,559000,
1816,GasAndEventFinalize,45200,
1816,ReplicationProjection,158300,
1816,SnapshotHashMetrics,200,
1816,EgressPublish,15054500,
1817,IngressCapture,5400,
1817,DecodeAndCanonicalize,200,
1817,ApplyInputs,379700,
1817,ProcessorPlan,55800,
1817,CrossWorldPrepare,800,
1817,NativeJobBarrier,600,
1817,CommitDecision,700,
1817,VoxelCommit,300,
1817,EcsCommandBufferCommit,241700,
1817,GasAndEventFinalize,89000,
1817,ReplicationProjection,753400,
1817,SnapshotHashMetrics,500,
1817,EgressPublish,14047500,
1818,IngressCapture,13600,
1818,DecodeAndCanonicalize,300,
1818,ApplyInputs,470500,
1818,ProcessorPlan,58300,
1818,CrossWorldPrepare,1400,
1818,NativeJobBarrier,400,
1818,CommitDecision,300,
1818,VoxelCommit,400,
1818,EcsCommandBufferCommit,168300,
1818,GasAndEventFinalize,51200,
1818,ReplicationProjection,225200,
1818,SnapshotHashMetrics,400,
1818,EgressPublish,18366300,
1819,IngressCapture,5800,
1819,DecodeAndCanonicalize,200,
1819,ApplyInputs,419100,
1819,ProcessorPlan,56100,
1819,CrossWorldPrepare,1100,
1819,NativeJobBarrier,300,
1819,CommitDecision,200,
1819,VoxelCommit,900,
1819,EcsCommandBufferCommit,194400,
1819,GasAndEventFinalize,57100,
1819,ReplicationProjection,223000,
1819,SnapshotHashMetrics,300,
1819,EgressPublish,18908800,
1820,IngressCapture,4500,
1820,DecodeAndCanonicalize,200,
1820,ApplyInputs,345700,
1820,ProcessorPlan,72000,
1820,CrossWorldPrepare,900,
1820,NativeJobBarrier,700,
1820,CommitDecision,800,
1820,VoxelCommit,700,
1820,EcsCommandBufferCommit,198100,
1820,GasAndEventFinalize,66900,
1820,ReplicationProjection,292900,
1820,SnapshotHashMetrics,1300,
1820,EgressPublish,18699200,
1821,IngressCapture,5000,
1821,DecodeAndCanonicalize,200,
1821,ApplyInputs,401300,
1821,ProcessorPlan,60000,
1821,CrossWorldPrepare,700,
1821,NativeJobBarrier,200,
1821,CommitDecision,500,
1821,VoxelCommit,700,
1821,EcsCommandBufferCommit,150700,
1821,GasAndEventFinalize,55500,
1821,ReplicationProjection,277900,
1821,SnapshotHashMetrics,900,
1821,EgressPublish,18828300,
1822,IngressCapture,5200,
1822,DecodeAndCanonicalize,200,
1822,ApplyInputs,217200,
1822,ProcessorPlan,38900,
1822,CrossWorldPrepare,500,
1822,NativeJobBarrier,100,
1822,CommitDecision,100,
1822,VoxelCommit,300,
1822,EcsCommandBufferCommit,108100,
1822,GasAndEventFinalize,38000,
1822,ReplicationProjection,176800,
1822,SnapshotHashMetrics,400,
1822,EgressPublish,14895600,
1823,IngressCapture,5000,
1823,DecodeAndCanonicalize,200,
1823,ApplyInputs,673400,
1823,ProcessorPlan,55000,
1823,CrossWorldPrepare,800,
1823,NativeJobBarrier,200,
1823,CommitDecision,200,
1823,VoxelCommit,400,
1823,EcsCommandBufferCommit,135700,
1823,GasAndEventFinalize,64600,
1823,ReplicationProjection,251300,
1823,SnapshotHashMetrics,400,
1823,EgressPublish,15952400,
1824,IngressCapture,6200,
1824,DecodeAndCanonicalize,300,
1824,ApplyInputs,421200,
1824,ProcessorPlan,72200,
1824,CrossWorldPrepare,900,
1824,NativeJobBarrier,600,
1824,CommitDecision,300,
1824,VoxelCommit,1100,
1824,EcsCommandBufferCommit,178000,
1824,GasAndEventFinalize,54000,
1824,ReplicationProjection,299600,
1824,SnapshotHashMetrics,500,
1824,EgressPublish,16753300,
1825,IngressCapture,4100,
1825,DecodeAndCanonicalize,200,
1825,ApplyInputs,272600,
1825,ProcessorPlan,53800,
1825,CrossWorldPrepare,500,
1825,NativeJobBarrier,300,
1825,CommitDecision,700,
1825,VoxelCommit,600,
1825,EcsCommandBufferCommit,179600,
1825,GasAndEventFinalize,82400,
1825,ReplicationProjection,313700,
1825,SnapshotHashMetrics,800,
1825,EgressPublish,16350800,
1826,IngressCapture,4600,
1826,DecodeAndCanonicalize,100,
1826,ApplyInputs,255100,
1826,ProcessorPlan,36400,
1826,CrossWorldPrepare,500,
1826,NativeJobBarrier,100,
1826,CommitDecision,200,
1826,VoxelCommit,300,
1826,EcsCommandBufferCommit,108000,
1826,GasAndEventFinalize,33200,
1826,ReplicationProjection,156000,
1826,SnapshotHashMetrics,500,
1826,EgressPublish,13579900,
1827,IngressCapture,5800,
1827,DecodeAndCanonicalize,400,
1827,ApplyInputs,271200,
1827,ProcessorPlan,42100,
1827,CrossWorldPrepare,900,
1827,NativeJobBarrier,200,
1827,CommitDecision,500,
1827,VoxelCommit,400,
1827,EcsCommandBufferCommit,142000,
1827,GasAndEventFinalize,39700,
1827,ReplicationProjection,152400,
1827,SnapshotHashMetrics,300,
1827,EgressPublish,12908800,
1828,IngressCapture,4800,
1828,DecodeAndCanonicalize,400,
1828,ApplyInputs,396600,
1828,ProcessorPlan,186900,
1828,CrossWorldPrepare,1300,
1828,NativeJobBarrier,600,
1828,CommitDecision,300,
1828,VoxelCommit,1000,
1828,EcsCommandBufferCommit,249600,
1828,GasAndEventFinalize,65900,
1828,ReplicationProjection,261100,
1828,SnapshotHashMetrics,400,
1828,EgressPublish,12545600,
1829,IngressCapture,4600,
1829,DecodeAndCanonicalize,200,
1829,ApplyInputs,248400,
1829,ProcessorPlan,35400,
1829,CrossWorldPrepare,500,
1829,NativeJobBarrier,100,
1829,CommitDecision,100,
1829,VoxelCommit,200,
1829,EcsCommandBufferCommit,113700,
1829,GasAndEventFinalize,39000,
1829,ReplicationProjection,164000,
1829,SnapshotHashMetrics,200,
1829,EgressPublish,12722300,
1830,IngressCapture,4500,
1830,DecodeAndCanonicalize,300,
1830,ApplyInputs,589600,
1830,ProcessorPlan,118200,
1830,CrossWorldPrepare,1200,
1830,NativeJobBarrier,300,
1830,CommitDecision,300,
1830,VoxelCommit,800,
1830,EcsCommandBufferCommit,155200,
1830,GasAndEventFinalize,72400,
1830,ReplicationProjection,247200,
1830,SnapshotHashMetrics,500,
1830,EgressPublish,17424000,
1831,IngressCapture,5700,
1831,DecodeAndCanonicalize,300,
1831,ApplyInputs,220700,
1831,ProcessorPlan,38900,
1831,CrossWorldPrepare,700,
1831,NativeJobBarrier,100,
1831,CommitDecision,100,
1831,VoxelCommit,300,
1831,EcsCommandBufferCommit,134300,
1831,GasAndEventFinalize,40900,
1831,ReplicationProjection,168300,
1831,SnapshotHashMetrics,200,
1831,EgressPublish,14847900,
1832,IngressCapture,5300,
1832,DecodeAndCanonicalize,300,
1832,ApplyInputs,375100,
1832,ProcessorPlan,63100,
1832,CrossWorldPrepare,800,
1832,NativeJobBarrier,200,
1832,CommitDecision,400,
1832,VoxelCommit,800,
1832,EcsCommandBufferCommit,107100,
1832,GasAndEventFinalize,37800,
1832,ReplicationProjection,163900,
1832,SnapshotHashMetrics,200,
1832,EgressPublish,14010900,
1833,IngressCapture,5700,
1833,DecodeAndCanonicalize,200,
1833,ApplyInputs,313000,
1833,ProcessorPlan,59300,
1833,CrossWorldPrepare,1500,
1833,NativeJobBarrier,400,
1833,CommitDecision,200,
1833,VoxelCommit,400,
1833,EcsCommandBufferCommit,139300,
1833,GasAndEventFinalize,47100,
1833,ReplicationProjection,223400,
1833,SnapshotHashMetrics,300,
1833,EgressPublish,14102600,
1834,IngressCapture,6200,
1834,DecodeAndCanonicalize,200,
1834,ApplyInputs,433300,
1834,ProcessorPlan,65200,
1834,CrossWorldPrepare,600,
1834,NativeJobBarrier,200,
1834,CommitDecision,400,
1834,VoxelCommit,400,
1834,EcsCommandBufferCommit,152000,
1834,GasAndEventFinalize,57900,
1834,ReplicationProjection,319900,
1834,SnapshotHashMetrics,300,
1834,EgressPublish,13768600,
1835,IngressCapture,4800,
1835,DecodeAndCanonicalize,200,
1835,ApplyInputs,358900,
1835,ProcessorPlan,57400,
1835,CrossWorldPrepare,800,
1835,NativeJobBarrier,400,
1835,CommitDecision,300,
1835,VoxelCommit,500,
1835,EcsCommandBufferCommit,151800,
1835,GasAndEventFinalize,47200,
1835,ReplicationProjection,250500,
1835,SnapshotHashMetrics,400,
1835,EgressPublish,16548400,
1836,IngressCapture,4900,
1836,DecodeAndCanonicalize,200,
1836,ApplyInputs,251900,
1836,ProcessorPlan,38700,
1836,CrossWorldPrepare,600,
1836,NativeJobBarrier,100,
1836,CommitDecision,100,
1836,VoxelCommit,500,
1836,EcsCommandBufferCommit,88500,
1836,GasAndEventFinalize,30300,
1836,ReplicationProjection,150100,
1836,SnapshotHashMetrics,300,
1836,EgressPublish,11386500,
1837,IngressCapture,5400,
1837,DecodeAndCanonicalize,200,
1837,ApplyInputs,519200,
1837,ProcessorPlan,61300,
1837,CrossWorldPrepare,1600,
1837,NativeJobBarrier,400,
1837,CommitDecision,300,
1837,VoxelCommit,900,
1837,EcsCommandBufferCommit,762800,
1837,GasAndEventFinalize,104000,
1837,ReplicationProjection,934900,
1837,SnapshotHashMetrics,800,
1837,EgressPublish,18894300,
1838,IngressCapture,8200,
1838,DecodeAndCanonicalize,100,
1838,ApplyInputs,381500,
1838,ProcessorPlan,50200,
1838,CrossWorldPrepare,400,
1838,NativeJobBarrier,200,
1838,CommitDecision,200,
1838,VoxelCommit,700,
1838,EcsCommandBufferCommit,94200,
1838,GasAndEventFinalize,42400,
1838,ReplicationProjection,153800,
1838,SnapshotHashMetrics,200,
1838,EgressPublish,14071700,
1839,IngressCapture,5600,
1839,DecodeAndCanonicalize,200,
1839,ApplyInputs,359800,
1839,ProcessorPlan,126400,
1839,CrossWorldPrepare,1300,
1839,NativeJobBarrier,200,
1839,CommitDecision,400,
1839,VoxelCommit,800,
1839,EcsCommandBufferCommit,185400,
1839,GasAndEventFinalize,40300,
1839,ReplicationProjection,186000,
1839,SnapshotHashMetrics,700,
1839,EgressPublish,16224200,
1840,IngressCapture,5000,
1840,DecodeAndCanonicalize,200,
1840,ApplyInputs,464900,
1840,ProcessorPlan,68600,
1840,CrossWorldPrepare,1400,
1840,NativeJobBarrier,200,
1840,CommitDecision,200,
1840,VoxelCommit,1500,
1840,EcsCommandBufferCommit,189600,
1840,GasAndEventFinalize,65700,
1840,ReplicationProjection,290700,
1840,SnapshotHashMetrics,800,
1840,EgressPublish,15834900,
1841,IngressCapture,4000,
1841,DecodeAndCanonicalize,100,
1841,ApplyInputs,218400,
1841,ProcessorPlan,34900,
1841,CrossWorldPrepare,700,
1841,NativeJobBarrier,300,
1841,CommitDecision,200,
1841,VoxelCommit,500,
1841,EcsCommandBufferCommit,105300,
1841,GasAndEventFinalize,35400,
1841,ReplicationProjection,155700,
1841,SnapshotHashMetrics,200,
1841,EgressPublish,12956100,
1842,IngressCapture,3500,
1842,DecodeAndCanonicalize,200,
1842,ApplyInputs,224700,
1842,ProcessorPlan,33900,
1842,CrossWorldPrepare,800,
1842,NativeJobBarrier,100,
1842,CommitDecision,200,
1842,VoxelCommit,200,
1842,EcsCommandBufferCommit,102600,
1842,GasAndEventFinalize,33700,
1842,ReplicationProjection,150000,
1842,SnapshotHashMetrics,200,
1842,EgressPublish,13897100,
1843,IngressCapture,3500,
1843,DecodeAndCanonicalize,200,
1843,ApplyInputs,236600,
1843,ProcessorPlan,35700,
1843,CrossWorldPrepare,600,
1843,NativeJobBarrier,100,
1843,CommitDecision,200,
1843,VoxelCommit,400,
1843,EcsCommandBufferCommit,114500,
1843,GasAndEventFinalize,33500,
1843,ReplicationProjection,154900,
1843,SnapshotHashMetrics,100,
1843,EgressPublish,13993000,
1844,IngressCapture,6400,
1844,DecodeAndCanonicalize,100,
1844,ApplyInputs,232400,
1844,ProcessorPlan,36400,
1844,CrossWorldPrepare,600,
1844,NativeJobBarrier,200,
1844,CommitDecision,400,
1844,VoxelCommit,500,
1844,EcsCommandBufferCommit,127500,
1844,GasAndEventFinalize,36800,
1844,ReplicationProjection,154600,
1844,SnapshotHashMetrics,300,
1844,EgressPublish,13012300,
1845,IngressCapture,3700,
1845,DecodeAndCanonicalize,300,
1845,ApplyInputs,216100,
1845,ProcessorPlan,32800,
1845,CrossWorldPrepare,700,
1845,NativeJobBarrier,200,
1845,CommitDecision,300,
1845,VoxelCommit,300,
1845,EcsCommandBufferCommit,98400,
1845,GasAndEventFinalize,33500,
1845,ReplicationProjection,152200,
1845,SnapshotHashMetrics,400,
1845,EgressPublish,13057300,
1846,IngressCapture,5400,
1846,DecodeAndCanonicalize,200,
1846,ApplyInputs,262300,
1846,ProcessorPlan,42400,
1846,CrossWorldPrepare,800,
1846,NativeJobBarrier,300,
1846,CommitDecision,300,
1846,VoxelCommit,500,
1846,EcsCommandBufferCommit,131100,
1846,GasAndEventFinalize,46700,
1846,ReplicationProjection,152400,
1846,SnapshotHashMetrics,100,
1846,EgressPublish,13074600,
1847,IngressCapture,3600,
1847,DecodeAndCanonicalize,200,
1847,ApplyInputs,433900,
1847,ProcessorPlan,31300,
1847,CrossWorldPrepare,500,
1847,NativeJobBarrier,200,
1847,CommitDecision,300,
1847,VoxelCommit,400,
1847,EcsCommandBufferCommit,75200,
1847,GasAndEventFinalize,38000,
1847,ReplicationProjection,141200,
1847,SnapshotHashMetrics,200,
1847,EgressPublish,11700700,
1848,IngressCapture,3500,
1848,DecodeAndCanonicalize,200,
1848,ApplyInputs,362400,
1848,ProcessorPlan,57400,
1848,CrossWorldPrepare,1000,
1848,NativeJobBarrier,400,
1848,CommitDecision,200,
1848,VoxelCommit,500,
1848,EcsCommandBufferCommit,130100,
1848,GasAndEventFinalize,43300,
1848,ReplicationProjection,224400,
1848,SnapshotHashMetrics,300,
1848,EgressPublish,14101000,
1849,IngressCapture,5700,
1849,DecodeAndCanonicalize,200,
1849,ApplyInputs,349000,
1849,ProcessorPlan,77800,
1849,CrossWorldPrepare,1000,
1849,NativeJobBarrier,500,
1849,CommitDecision,200,
1849,VoxelCommit,1200,
1849,EcsCommandBufferCommit,146000,
1849,GasAndEventFinalize,45600,
1849,ReplicationProjection,253500,
1849,SnapshotHashMetrics,400,
1849,EgressPublish,14510600,
1850,IngressCapture,4900,
1850,DecodeAndCanonicalize,200,
1850,ApplyInputs,426600,
1850,ProcessorPlan,58900,
1850,CrossWorldPrepare,1300,
1850,NativeJobBarrier,100,
1850,CommitDecision,600,
1850,VoxelCommit,400,
1850,EcsCommandBufferCommit,192700,
1850,GasAndEventFinalize,54500,
1850,ReplicationProjection,235400,
1850,SnapshotHashMetrics,300,
1850,EgressPublish,16858200,
1851,IngressCapture,5700,
1851,DecodeAndCanonicalize,200,
1851,ApplyInputs,312800,
1851,ProcessorPlan,55100,
1851,CrossWorldPrepare,800,
1851,NativeJobBarrier,300,
1851,CommitDecision,300,
1851,VoxelCommit,600,
1851,EcsCommandBufferCommit,156300,
1851,GasAndEventFinalize,51000,
1851,ReplicationProjection,225300,
1851,SnapshotHashMetrics,700,
1851,EgressPublish,15674500,
1852,IngressCapture,6200,
1852,DecodeAndCanonicalize,200,
1852,ApplyInputs,496300,
1852,ProcessorPlan,57800,
1852,CrossWorldPrepare,1200,
1852,NativeJobBarrier,100,
1852,CommitDecision,400,
1852,VoxelCommit,1600,
1852,EcsCommandBufferCommit,994600,
1852,GasAndEventFinalize,117200,
1852,ReplicationProjection,883000,
1852,SnapshotHashMetrics,1100,
1852,EgressPublish,19679100,
1853,IngressCapture,5900,
1853,DecodeAndCanonicalize,200,
1853,ApplyInputs,581900,
1853,ProcessorPlan,61600,
1853,CrossWorldPrepare,900,
1853,NativeJobBarrier,300,
1853,CommitDecision,300,
1853,VoxelCommit,800,
1853,EcsCommandBufferCommit,160300,
1853,GasAndEventFinalize,37400,
1853,ReplicationProjection,270000,
1853,SnapshotHashMetrics,400,
1853,EgressPublish,17744500,
1854,IngressCapture,6400,
1854,DecodeAndCanonicalize,200,
1854,ApplyInputs,377900,
1854,ProcessorPlan,89700,
1854,CrossWorldPrepare,1700,
1854,NativeJobBarrier,700,
1854,CommitDecision,200,
1854,VoxelCommit,600,
1854,EcsCommandBufferCommit,208800,
1854,GasAndEventFinalize,91200,
1854,ReplicationProjection,279200,
1854,SnapshotHashMetrics,500,
1854,EgressPublish,17927800,
1855,IngressCapture,8000,
1855,DecodeAndCanonicalize,200,
1855,ApplyInputs,658000,
1855,ProcessorPlan,54800,
1855,CrossWorldPrepare,1000,
1855,NativeJobBarrier,600,
1855,CommitDecision,200,
1855,VoxelCommit,600,
1855,EcsCommandBufferCommit,153300,
1855,GasAndEventFinalize,83700,
1855,ReplicationProjection,248900,
1855,SnapshotHashMetrics,500,
1855,EgressPublish,18401300,
1856,IngressCapture,4300,
1856,DecodeAndCanonicalize,200,
1856,ApplyInputs,326100,
1856,ProcessorPlan,70700,
1856,CrossWorldPrepare,700,
1856,NativeJobBarrier,200,
1856,CommitDecision,700,
1856,VoxelCommit,600,
1856,EcsCommandBufferCommit,168300,
1856,GasAndEventFinalize,56200,
1856,ReplicationProjection,274000,
1856,SnapshotHashMetrics,900,
1856,EgressPublish,18833500,
1857,IngressCapture,3800,
1857,DecodeAndCanonicalize,200,
1857,ApplyInputs,222900,
1857,ProcessorPlan,34600,
1857,CrossWorldPrepare,800,
1857,NativeJobBarrier,100,
1857,CommitDecision,300,
1857,VoxelCommit,400,
1857,EcsCommandBufferCommit,102100,
1857,GasAndEventFinalize,36900,
1857,ReplicationProjection,151400,
1857,SnapshotHashMetrics,200,
1857,EgressPublish,15094900,
1858,IngressCapture,5800,
1858,DecodeAndCanonicalize,400,
1858,ApplyInputs,644300,
1858,ProcessorPlan,59300,
1858,CrossWorldPrepare,1300,
1858,NativeJobBarrier,200,
1858,CommitDecision,500,
1858,VoxelCommit,800,
1858,EcsCommandBufferCommit,185400,
1858,GasAndEventFinalize,66000,
1858,ReplicationProjection,274100,
1858,SnapshotHashMetrics,1000,
1858,EgressPublish,21092500,
1859,IngressCapture,5800,
1859,DecodeAndCanonicalize,200,
1859,ApplyInputs,319300,
1859,ProcessorPlan,61100,
1859,CrossWorldPrepare,700,
1859,NativeJobBarrier,300,
1859,CommitDecision,400,
1859,VoxelCommit,500,
1859,EcsCommandBufferCommit,151100,
1859,GasAndEventFinalize,56500,
1859,ReplicationProjection,234900,
1859,SnapshotHashMetrics,400,
1859,EgressPublish,18567200,
1860,IngressCapture,6600,
1860,DecodeAndCanonicalize,200,
1860,ApplyInputs,439300,
1860,ProcessorPlan,63100,
1860,CrossWorldPrepare,700,
1860,NativeJobBarrier,400,
1860,CommitDecision,200,
1860,VoxelCommit,900,
1860,EcsCommandBufferCommit,225800,
1860,GasAndEventFinalize,75500,
1860,ReplicationProjection,288600,
1860,SnapshotHashMetrics,300,
1860,EgressPublish,18771700,
1861,IngressCapture,11400,
1861,DecodeAndCanonicalize,400,
1861,ApplyInputs,394100,
1861,ProcessorPlan,74800,
1861,CrossWorldPrepare,1300,
1861,NativeJobBarrier,200,
1861,CommitDecision,600,
1861,VoxelCommit,1400,
1861,EcsCommandBufferCommit,176400,
1861,GasAndEventFinalize,61300,
1861,ReplicationProjection,234000,
1861,SnapshotHashMetrics,300,
1861,EgressPublish,20313900,
1862,IngressCapture,3900,
1862,DecodeAndCanonicalize,300,
1862,ApplyInputs,295300,
1862,ProcessorPlan,42300,
1862,CrossWorldPrepare,1100,
1862,NativeJobBarrier,200,
1862,CommitDecision,100,
1862,VoxelCommit,600,
1862,EcsCommandBufferCommit,149400,
1862,GasAndEventFinalize,51700,
1862,ReplicationProjection,159000,
1862,SnapshotHashMetrics,300,
1862,EgressPublish,16313700,
1863,IngressCapture,7300,
1863,DecodeAndCanonicalize,200,
1863,ApplyInputs,751100,
1863,ProcessorPlan,61100,
1863,CrossWorldPrepare,700,
1863,NativeJobBarrier,500,
1863,CommitDecision,1100,
1863,VoxelCommit,1300,
1863,EcsCommandBufferCommit,188300,
1863,GasAndEventFinalize,102500,
1863,ReplicationProjection,263400,
1863,SnapshotHashMetrics,400,
1863,EgressPublish,19800100,
1864,IngressCapture,7100,
1864,DecodeAndCanonicalize,200,
1864,ApplyInputs,349300,
1864,ProcessorPlan,71500,
1864,CrossWorldPrepare,1700,
1864,NativeJobBarrier,500,
1864,CommitDecision,200,
1864,VoxelCommit,1500,
1864,EcsCommandBufferCommit,188000,
1864,GasAndEventFinalize,57100,
1864,ReplicationProjection,249400,
1864,SnapshotHashMetrics,400,
1864,EgressPublish,18396000,
1865,IngressCapture,7000,
1865,DecodeAndCanonicalize,200,
1865,ApplyInputs,459200,
1865,ProcessorPlan,58900,
1865,CrossWorldPrepare,1100,
1865,NativeJobBarrier,200,
1865,CommitDecision,200,
1865,VoxelCommit,400,
1865,EcsCommandBufferCommit,172500,
1865,GasAndEventFinalize,64000,
1865,ReplicationProjection,247600,
1865,SnapshotHashMetrics,900,
1865,EgressPublish,18979400,
1866,IngressCapture,4800,
1866,DecodeAndCanonicalize,300,
1866,ApplyInputs,321900,
1866,ProcessorPlan,59800,
1866,CrossWorldPrepare,700,
1866,NativeJobBarrier,200,
1866,CommitDecision,200,
1866,VoxelCommit,400,
1866,EcsCommandBufferCommit,124300,
1866,GasAndEventFinalize,39800,
1866,ReplicationProjection,220300,
1866,SnapshotHashMetrics,200,
1866,EgressPublish,19182200,
1867,IngressCapture,5800,
1867,DecodeAndCanonicalize,200,
1867,ApplyInputs,390500,
1867,ProcessorPlan,52400,
1867,CrossWorldPrepare,900,
1867,NativeJobBarrier,200,
1867,CommitDecision,400,
1867,VoxelCommit,400,
1867,EcsCommandBufferCommit,163700,
1867,GasAndEventFinalize,80500,
1867,ReplicationProjection,239200,
1867,SnapshotHashMetrics,700,
1867,EgressPublish,18491300,
1868,IngressCapture,7400,
1868,DecodeAndCanonicalize,200,
1868,ApplyInputs,420200,
1868,ProcessorPlan,60000,
1868,CrossWorldPrepare,800,
1868,NativeJobBarrier,200,
1868,CommitDecision,200,
1868,VoxelCommit,600,
1868,EcsCommandBufferCommit,180400,
1868,GasAndEventFinalize,68800,
1868,ReplicationProjection,247200,
1868,SnapshotHashMetrics,400,
1868,EgressPublish,19554100,
1869,IngressCapture,6800,
1869,DecodeAndCanonicalize,100,
1869,ApplyInputs,347900,
1869,ProcessorPlan,61300,
1869,CrossWorldPrepare,1000,
1869,NativeJobBarrier,200,
1869,CommitDecision,500,
1869,VoxelCommit,900,
1869,EcsCommandBufferCommit,174800,
1869,GasAndEventFinalize,50000,
1869,ReplicationProjection,238900,
1869,SnapshotHashMetrics,500,
1869,EgressPublish,19065700,
1870,IngressCapture,5500,
1870,DecodeAndCanonicalize,300,
1870,ApplyInputs,277300,
1870,ProcessorPlan,38600,
1870,CrossWorldPrepare,1200,
1870,NativeJobBarrier,200,
1870,CommitDecision,500,
1870,VoxelCommit,400,
1870,EcsCommandBufferCommit,120300,
1870,GasAndEventFinalize,38000,
1870,ReplicationProjection,139500,
1870,SnapshotHashMetrics,100,
1870,EgressPublish,15144700,
1871,IngressCapture,7800,
1871,DecodeAndCanonicalize,300,
1871,ApplyInputs,485600,
1871,ProcessorPlan,197800,
1871,CrossWorldPrepare,1500,
1871,NativeJobBarrier,200,
1871,CommitDecision,400,
1871,VoxelCommit,1400,
1871,EcsCommandBufferCommit,189200,
1871,GasAndEventFinalize,102000,
1871,ReplicationProjection,261300,
1871,SnapshotHashMetrics,300,
1871,EgressPublish,18325500,
1872,IngressCapture,5600,
1872,DecodeAndCanonicalize,200,
1872,ApplyInputs,488900,
1872,ProcessorPlan,57700,
1872,CrossWorldPrepare,700,
1872,NativeJobBarrier,200,
1872,CommitDecision,600,
1872,VoxelCommit,400,
1872,EcsCommandBufferCommit,162700,
1872,GasAndEventFinalize,53700,
1872,ReplicationProjection,231400,
1872,SnapshotHashMetrics,400,
1872,EgressPublish,18743100,
1873,IngressCapture,4900,
1873,DecodeAndCanonicalize,400,
1873,ApplyInputs,352800,
1873,ProcessorPlan,55400,
1873,CrossWorldPrepare,900,
1873,NativeJobBarrier,300,
1873,CommitDecision,200,
1873,VoxelCommit,600,
1873,EcsCommandBufferCommit,141500,
1873,GasAndEventFinalize,34700,
1873,ReplicationProjection,250100,
1873,SnapshotHashMetrics,500,
1873,EgressPublish,18968600,
1874,IngressCapture,6300,
1874,DecodeAndCanonicalize,200,
1874,ApplyInputs,336700,
1874,ProcessorPlan,109800,
1874,CrossWorldPrepare,1700,
1874,NativeJobBarrier,200,
1874,CommitDecision,500,
1874,VoxelCommit,1500,
1874,EcsCommandBufferCommit,177400,
1874,GasAndEventFinalize,55300,
1874,ReplicationProjection,229700,
1874,SnapshotHashMetrics,300,
1874,EgressPublish,17637700,
1875,IngressCapture,4200,
1875,DecodeAndCanonicalize,200,
1875,ApplyInputs,354700,
1875,ProcessorPlan,58200,
1875,CrossWorldPrepare,1400,
1875,NativeJobBarrier,200,
1875,CommitDecision,200,
1875,VoxelCommit,800,
1875,EcsCommandBufferCommit,158800,
1875,GasAndEventFinalize,54100,
1875,ReplicationProjection,259700,
1875,SnapshotHashMetrics,500,
1875,EgressPublish,15915000,
1876,IngressCapture,6700,
1876,DecodeAndCanonicalize,200,
1876,ApplyInputs,315900,
1876,ProcessorPlan,60500,
1876,CrossWorldPrepare,700,
1876,NativeJobBarrier,200,
1876,CommitDecision,300,
1876,VoxelCommit,400,
1876,EcsCommandBufferCommit,157800,
1876,GasAndEventFinalize,48600,
1876,ReplicationProjection,214900,
1876,SnapshotHashMetrics,500,
1876,EgressPublish,18530900,
1877,IngressCapture,5900,
1877,DecodeAndCanonicalize,200,
1877,ApplyInputs,427100,
1877,ProcessorPlan,56300,
1877,CrossWorldPrepare,800,
1877,NativeJobBarrier,200,
1877,CommitDecision,200,
1877,VoxelCommit,900,
1877,EcsCommandBufferCommit,185900,
1877,GasAndEventFinalize,64800,
1877,ReplicationProjection,244900,
1877,SnapshotHashMetrics,300,
1877,EgressPublish,18992200,
1878,IngressCapture,5200,
1878,DecodeAndCanonicalize,200,
1878,ApplyInputs,405000,
1878,ProcessorPlan,60600,
1878,CrossWorldPrepare,900,
1878,NativeJobBarrier,200,
1878,CommitDecision,100,
1878,VoxelCommit,500,
1878,EcsCommandBufferCommit,158100,
1878,GasAndEventFinalize,58500,
1878,ReplicationProjection,240600,
1878,SnapshotHashMetrics,300,
1878,EgressPublish,20576500,
1879,IngressCapture,6800,
1879,DecodeAndCanonicalize,400,
1879,ApplyInputs,459800,
1879,ProcessorPlan,136800,
1879,CrossWorldPrepare,500,
1879,NativeJobBarrier,100,
1879,CommitDecision,200,
1879,VoxelCommit,900,
1879,EcsCommandBufferCommit,154100,
1879,GasAndEventFinalize,72600,
1879,ReplicationProjection,192400,
1879,SnapshotHashMetrics,300,
1879,EgressPublish,15319100,
1880,IngressCapture,5000,
1880,DecodeAndCanonicalize,300,
1880,ApplyInputs,465600,
1880,ProcessorPlan,66200,
1880,CrossWorldPrepare,600,
1880,NativeJobBarrier,200,
1880,CommitDecision,200,
1880,VoxelCommit,500,
1880,EcsCommandBufferCommit,188400,
1880,GasAndEventFinalize,73800,
1880,ReplicationProjection,269300,
1880,SnapshotHashMetrics,600,
1880,EgressPublish,18703600,
1881,IngressCapture,5800,
1881,DecodeAndCanonicalize,100,
1881,ApplyInputs,365400,
1881,ProcessorPlan,75800,
1881,CrossWorldPrepare,1100,
1881,NativeJobBarrier,200,
1881,CommitDecision,600,
1881,VoxelCommit,1400,
1881,EcsCommandBufferCommit,198600,
1881,GasAndEventFinalize,69500,
1881,ReplicationProjection,295900,
1881,SnapshotHashMetrics,500,
1881,EgressPublish,18459200,
1882,IngressCapture,6700,
1882,DecodeAndCanonicalize,100,
1882,ApplyInputs,275300,
1882,ProcessorPlan,38100,
1882,CrossWorldPrepare,800,
1882,NativeJobBarrier,100,
1882,CommitDecision,100,
1882,VoxelCommit,200,
1882,EcsCommandBufferCommit,125600,
1882,GasAndEventFinalize,44800,
1882,ReplicationProjection,169500,
1882,SnapshotHashMetrics,300,
1882,EgressPublish,17009800,
1883,IngressCapture,5800,
1883,DecodeAndCanonicalize,300,
1883,ApplyInputs,354100,
1883,ProcessorPlan,82800,
1883,CrossWorldPrepare,2100,
1883,NativeJobBarrier,500,
1883,CommitDecision,200,
1883,VoxelCommit,900,
1883,EcsCommandBufferCommit,231600,
1883,GasAndEventFinalize,86300,
1883,ReplicationProjection,287400,
1883,SnapshotHashMetrics,800,
1883,EgressPublish,19110500,
1884,IngressCapture,5600,
1884,DecodeAndCanonicalize,600,
1884,ApplyInputs,546700,
1884,ProcessorPlan,68200,
1884,CrossWorldPrepare,800,
1884,NativeJobBarrier,200,
1884,CommitDecision,400,
1884,VoxelCommit,700,
1884,EcsCommandBufferCommit,180300,
1884,GasAndEventFinalize,68300,
1884,ReplicationProjection,319600,
1884,SnapshotHashMetrics,200,
1884,EgressPublish,20393700,
1885,IngressCapture,6300,
1885,DecodeAndCanonicalize,300,
1885,ApplyInputs,525200,
1885,ProcessorPlan,61600,
1885,CrossWorldPrepare,1300,
1885,NativeJobBarrier,400,
1885,CommitDecision,900,
1885,VoxelCommit,1000,
1885,EcsCommandBufferCommit,285400,
1885,GasAndEventFinalize,110300,
1885,ReplicationProjection,299700,
1885,SnapshotHashMetrics,900,
1885,EgressPublish,16714100,
1886,IngressCapture,3300,
1886,DecodeAndCanonicalize,200,
1886,ApplyInputs,197300,
1886,ProcessorPlan,45700,
1886,CrossWorldPrepare,1000,
1886,NativeJobBarrier,100,
1886,CommitDecision,100,
1886,VoxelCommit,200,
1886,EcsCommandBufferCommit,124400,
1886,GasAndEventFinalize,46500,
1886,ReplicationProjection,172700,
1886,SnapshotHashMetrics,400,
1886,EgressPublish,15164600,
1887,IngressCapture,6100,
1887,DecodeAndCanonicalize,300,
1887,ApplyInputs,674100,
1887,ProcessorPlan,179000,
1887,CrossWorldPrepare,1800,
1887,NativeJobBarrier,900,
1887,CommitDecision,500,
1887,VoxelCommit,800,
1887,EcsCommandBufferCommit,262500,
1887,GasAndEventFinalize,168300,
1887,ReplicationProjection,386000,
1887,SnapshotHashMetrics,600,
1887,EgressPublish,19684900,
1888,IngressCapture,7500,
1888,DecodeAndCanonicalize,200,
1888,ApplyInputs,590500,
1888,ProcessorPlan,104800,
1888,CrossWorldPrepare,900,
1888,NativeJobBarrier,5887200,
1888,CommitDecision,10000,
1888,VoxelCommit,2200,
1888,EcsCommandBufferCommit,456100,
1888,GasAndEventFinalize,101300,
1888,ReplicationProjection,376300,
1888,SnapshotHashMetrics,1000,
1888,EgressPublish,18316800,
1889,IngressCapture,5900,
1889,DecodeAndCanonicalize,300,
1889,ApplyInputs,419500,
1889,ProcessorPlan,60600,
1889,CrossWorldPrepare,1000,
1889,NativeJobBarrier,400,
1889,CommitDecision,400,
1889,VoxelCommit,1200,
1889,EcsCommandBufferCommit,197500,
1889,GasAndEventFinalize,73300,
1889,ReplicationProjection,258000,
1889,SnapshotHashMetrics,600,
1889,EgressPublish,17986200,
1890,IngressCapture,11000,
1890,DecodeAndCanonicalize,900,
1890,ApplyInputs,301300,
1890,ProcessorPlan,38500,
1890,CrossWorldPrepare,1400,
1890,NativeJobBarrier,300,
1890,CommitDecision,200,
1890,VoxelCommit,1000,
1890,EcsCommandBufferCommit,153100,
1890,GasAndEventFinalize,52900,
1890,ReplicationProjection,153500,
1890,SnapshotHashMetrics,800,
1890,EgressPublish,15339600,
1891,IngressCapture,6000,
1891,DecodeAndCanonicalize,400,
1891,ApplyInputs,312700,
1891,ProcessorPlan,62700,
1891,CrossWorldPrepare,1700,
1891,NativeJobBarrier,300,
1891,CommitDecision,300,
1891,VoxelCommit,500,
1891,EcsCommandBufferCommit,150600,
1891,GasAndEventFinalize,45500,
1891,ReplicationProjection,223200,
1891,SnapshotHashMetrics,600,
1891,EgressPublish,13880500,
1892,IngressCapture,6700,
1892,DecodeAndCanonicalize,200,
1892,ApplyInputs,384600,
1892,ProcessorPlan,48000,
1892,CrossWorldPrepare,900,
1892,NativeJobBarrier,400,
1892,CommitDecision,400,
1892,VoxelCommit,700,
1892,EcsCommandBufferCommit,150600,
1892,GasAndEventFinalize,47000,
1892,ReplicationProjection,213000,
1892,SnapshotHashMetrics,800,
1892,EgressPublish,17208900,
1893,IngressCapture,4900,
1893,DecodeAndCanonicalize,400,
1893,ApplyInputs,326800,
1893,ProcessorPlan,82600,
1893,CrossWorldPrepare,1700,
1893,NativeJobBarrier,400,
1893,CommitDecision,300,
1893,VoxelCommit,600,
1893,EcsCommandBufferCommit,194200,
1893,GasAndEventFinalize,64500,
1893,ReplicationProjection,246200,
1893,SnapshotHashMetrics,900,
1893,EgressPublish,17727800,
1894,IngressCapture,4300,
1894,DecodeAndCanonicalize,200,
1894,ApplyInputs,319700,
1894,ProcessorPlan,37300,
1894,CrossWorldPrepare,900,
1894,NativeJobBarrier,200,
1894,CommitDecision,100,
1894,VoxelCommit,200,
1894,EcsCommandBufferCommit,135800,
1894,GasAndEventFinalize,36800,
1894,ReplicationProjection,137600,
1894,SnapshotHashMetrics,300,
1894,EgressPublish,16721100,
1895,IngressCapture,5200,
1895,DecodeAndCanonicalize,200,
1895,ApplyInputs,587400,
1895,ProcessorPlan,104800,
1895,CrossWorldPrepare,1100,
1895,NativeJobBarrier,200,
1895,CommitDecision,300,
1895,VoxelCommit,600,
1895,EcsCommandBufferCommit,129700,
1895,GasAndEventFinalize,73400,
1895,ReplicationProjection,250900,
1895,SnapshotHashMetrics,700,
1895,EgressPublish,15459800,
1896,IngressCapture,5700,
1896,DecodeAndCanonicalize,400,
1896,ApplyInputs,345400,
1896,ProcessorPlan,66100,
1896,CrossWorldPrepare,2200,
1896,NativeJobBarrier,300,
1896,CommitDecision,700,
1896,VoxelCommit,1300,
1896,EcsCommandBufferCommit,185000,
1896,GasAndEventFinalize,53900,
1896,ReplicationProjection,209700,
1896,SnapshotHashMetrics,500,
1896,EgressPublish,17412300,
1897,IngressCapture,4200,
1897,DecodeAndCanonicalize,200,
1897,ApplyInputs,257300,
1897,ProcessorPlan,37000,
1897,CrossWorldPrepare,700,
1897,NativeJobBarrier,100,
1897,CommitDecision,200,
1897,VoxelCommit,600,
1897,EcsCommandBufferCommit,99400,
1897,GasAndEventFinalize,26300,
1897,ReplicationProjection,134300,
1897,SnapshotHashMetrics,300,
1897,EgressPublish,12886600,
1898,IngressCapture,4000,
1898,DecodeAndCanonicalize,100,
1898,ApplyInputs,196000,
1898,ProcessorPlan,34800,
1898,CrossWorldPrepare,800,
1898,NativeJobBarrier,200,
1898,CommitDecision,400,
1898,VoxelCommit,300,
1898,EcsCommandBufferCommit,94700,
1898,GasAndEventFinalize,36500,
1898,ReplicationProjection,138000,
1898,SnapshotHashMetrics,200,
1898,EgressPublish,13407200,
1899,IngressCapture,6300,
1899,DecodeAndCanonicalize,200,
1899,ApplyInputs,335500,
1899,ProcessorPlan,40100,
1899,CrossWorldPrepare,700,
1899,NativeJobBarrier,200,
1899,CommitDecision,400,
1899,VoxelCommit,500,
1899,EcsCommandBufferCommit,150200,
1899,GasAndEventFinalize,39600,
1899,ReplicationProjection,135000,
1899,SnapshotHashMetrics,400,
1899,EgressPublish,17217500,
1900,IngressCapture,3700,
1900,DecodeAndCanonicalize,200,
1900,ApplyInputs,317000,
1900,ProcessorPlan,35600,
1900,CrossWorldPrepare,800,
1900,NativeJobBarrier,200,
1900,CommitDecision,200,
1900,VoxelCommit,400,
1900,EcsCommandBufferCommit,118100,
1900,GasAndEventFinalize,38100,
1900,ReplicationProjection,134400,
1900,SnapshotHashMetrics,300,
1900,EgressPublish,13952800,
1901,IngressCapture,4900,
1901,DecodeAndCanonicalize,200,
1901,ApplyInputs,223500,
1901,ProcessorPlan,35300,
1901,CrossWorldPrepare,800,
1901,NativeJobBarrier,200,
1901,CommitDecision,100,
1901,VoxelCommit,400,
1901,EcsCommandBufferCommit,107300,
1901,GasAndEventFinalize,33900,
1901,ReplicationProjection,145700,
1901,SnapshotHashMetrics,500,
1901,EgressPublish,14465600,
1902,IngressCapture,5600,
1902,DecodeAndCanonicalize,300,
1902,ApplyInputs,269700,
1902,ProcessorPlan,36000,
1902,CrossWorldPrepare,1300,
1902,NativeJobBarrier,200,
1902,CommitDecision,200,
1902,VoxelCommit,400,
1902,EcsCommandBufferCommit,108700,
1902,GasAndEventFinalize,31900,
1902,ReplicationProjection,134500,
1902,SnapshotHashMetrics,200,
1902,EgressPublish,13435700,
1903,IngressCapture,3500,
1903,DecodeAndCanonicalize,100,
1903,ApplyInputs,179200,
1903,ProcessorPlan,33100,
1903,CrossWorldPrepare,900,
1903,NativeJobBarrier,100,
1903,CommitDecision,200,
1903,VoxelCommit,200,
1903,EcsCommandBufferCommit,88700,
1903,GasAndEventFinalize,32400,
1903,ReplicationProjection,134500,
1903,SnapshotHashMetrics,200,
1903,EgressPublish,13692700,
1904,IngressCapture,3000,
1904,DecodeAndCanonicalize,100,
1904,ApplyInputs,408800,
1904,ProcessorPlan,32600,
1904,CrossWorldPrepare,700,
1904,NativeJobBarrier,100,
1904,CommitDecision,300,
1904,VoxelCommit,400,
1904,EcsCommandBufferCommit,76300,
1904,GasAndEventFinalize,38200,
1904,ReplicationProjection,129900,
1904,SnapshotHashMetrics,300,
1904,EgressPublish,11248600,
1905,IngressCapture,5900,
1905,DecodeAndCanonicalize,200,
1905,ApplyInputs,418500,
1905,ProcessorPlan,47200,
1905,CrossWorldPrepare,700,
1905,NativeJobBarrier,300,
1905,CommitDecision,200,
1905,VoxelCommit,300,
1905,EcsCommandBufferCommit,123500,
1905,GasAndEventFinalize,50600,
1905,ReplicationProjection,265300,
1905,SnapshotHashMetrics,1100,
1905,EgressPublish,12075400,
1906,IngressCapture,7400,
1906,DecodeAndCanonicalize,400,
1906,ApplyInputs,296300,
1906,ProcessorPlan,60900,
1906,CrossWorldPrepare,1100,
1906,NativeJobBarrier,600,
1906,CommitDecision,300,
1906,VoxelCommit,900,
1906,EcsCommandBufferCommit,130400,
1906,GasAndEventFinalize,35900,
1906,ReplicationProjection,199300,
1906,SnapshotHashMetrics,300,
1906,EgressPublish,12903100,
1907,IngressCapture,3000,
1907,DecodeAndCanonicalize,100,
1907,ApplyInputs,194500,
1907,ProcessorPlan,30400,
1907,CrossWorldPrepare,400,
1907,NativeJobBarrier,100,
1907,CommitDecision,200,
1907,VoxelCommit,500,
1907,EcsCommandBufferCommit,86400,
1907,GasAndEventFinalize,29100,
1907,ReplicationProjection,149600,
1907,SnapshotHashMetrics,200,
1907,EgressPublish,10698000,
1908,IngressCapture,3300,
1908,DecodeAndCanonicalize,100,
1908,ApplyInputs,182000,
1908,ProcessorPlan,36300,
1908,CrossWorldPrepare,500,
1908,NativeJobBarrier,200,
1908,CommitDecision,300,
1908,VoxelCommit,300,
1908,EcsCommandBufferCommit,89000,
1908,GasAndEventFinalize,25300,
1908,ReplicationProjection,133000,
1908,SnapshotHashMetrics,200,
1908,EgressPublish,10470700,
1909,IngressCapture,4800,
1909,DecodeAndCanonicalize,200,
1909,ApplyInputs,318700,
1909,ProcessorPlan,37100,
1909,CrossWorldPrepare,600,
1909,NativeJobBarrier,100,
1909,CommitDecision,100,
1909,VoxelCommit,400,
1909,EcsCommandBufferCommit,85900,
1909,GasAndEventFinalize,26100,
1909,ReplicationProjection,129100,
1909,SnapshotHashMetrics,200,
1909,EgressPublish,10696400,
1910,IngressCapture,3600,
1910,DecodeAndCanonicalize,200,
1910,ApplyInputs,280300,
1910,ProcessorPlan,48200,
1910,CrossWorldPrepare,1000,
1910,NativeJobBarrier,400,
1910,CommitDecision,200,
1910,VoxelCommit,600,
1910,EcsCommandBufferCommit,112100,
1910,GasAndEventFinalize,39800,
1910,ReplicationProjection,191900,
1910,SnapshotHashMetrics,300,
1910,EgressPublish,12117100,
1911,IngressCapture,3100,
1911,DecodeAndCanonicalize,200,
1911,ApplyInputs,173900,
1911,ProcessorPlan,34600,
1911,CrossWorldPrepare,400,
1911,NativeJobBarrier,200,
1911,CommitDecision,200,
1911,VoxelCommit,600,
1911,EcsCommandBufferCommit,88500,
1911,GasAndEventFinalize,27100,
1911,ReplicationProjection,127600,
1911,SnapshotHashMetrics,300,
1911,EgressPublish,10918100,
1912,IngressCapture,6000,
1912,DecodeAndCanonicalize,900,
1912,ApplyInputs,559100,
1912,ProcessorPlan,51200,
1912,CrossWorldPrepare,1300,
1912,NativeJobBarrier,200,
1912,CommitDecision,300,
1912,VoxelCommit,700,
1912,EcsCommandBufferCommit,109400,
1912,GasAndEventFinalize,56700,
1912,ReplicationProjection,287300,
1912,SnapshotHashMetrics,500,
1912,EgressPublish,10875300,
1913,IngressCapture,4100,
1913,DecodeAndCanonicalize,200,
1913,ApplyInputs,181800,
1913,ProcessorPlan,35700,
1913,CrossWorldPrepare,900,
1913,NativeJobBarrier,100,
1913,CommitDecision,200,
1913,VoxelCommit,200,
1913,EcsCommandBufferCommit,98700,
1913,GasAndEventFinalize,38400,
1913,ReplicationProjection,131900,
1913,SnapshotHashMetrics,200,
1913,EgressPublish,10711300,
1914,IngressCapture,3700,
1914,DecodeAndCanonicalize,200,
1914,ApplyInputs,227900,
1914,ProcessorPlan,33700,
1914,CrossWorldPrepare,500,
1914,NativeJobBarrier,100,
1914,CommitDecision,300,
1914,VoxelCommit,300,
1914,EcsCommandBufferCommit,98100,
1914,GasAndEventFinalize,31900,
1914,ReplicationProjection,135700,
1914,SnapshotHashMetrics,300,
1914,EgressPublish,13101300,
1915,IngressCapture,5000,
1915,DecodeAndCanonicalize,300,
1915,ApplyInputs,377900,
1915,ProcessorPlan,59900,
1915,CrossWorldPrepare,1200,
1915,NativeJobBarrier,200,
1915,CommitDecision,700,
1915,VoxelCommit,600,
1915,EcsCommandBufferCommit,144300,
1915,GasAndEventFinalize,43700,
1915,ReplicationProjection,197900,
1915,SnapshotHashMetrics,300,
1915,EgressPublish,10535300,
1916,IngressCapture,3700,
1916,DecodeAndCanonicalize,200,
1916,ApplyInputs,184200,
1916,ProcessorPlan,31200,
1916,CrossWorldPrepare,400,
1916,NativeJobBarrier,100,
1916,CommitDecision,200,
1916,VoxelCommit,200,
1916,EcsCommandBufferCommit,72400,
1916,GasAndEventFinalize,23700,
1916,ReplicationProjection,119100,
1916,SnapshotHashMetrics,200,
1916,EgressPublish,10267200,
1917,IngressCapture,3000,
1917,DecodeAndCanonicalize,100,
1917,ApplyInputs,215800,
1917,ProcessorPlan,32500,
1917,CrossWorldPrepare,800,
1917,NativeJobBarrier,100,
1917,CommitDecision,100,
1917,VoxelCommit,300,
1917,EcsCommandBufferCommit,94700,
1917,GasAndEventFinalize,29700,
1917,ReplicationProjection,130500,
1917,SnapshotHashMetrics,200,
1917,EgressPublish,9246100,
1918,IngressCapture,5400,
1918,DecodeAndCanonicalize,200,
1918,ApplyInputs,234200,
1918,ProcessorPlan,33800,
1918,CrossWorldPrepare,1000,
1918,NativeJobBarrier,200,
1918,CommitDecision,200,
1918,VoxelCommit,300,
1918,EcsCommandBufferCommit,97100,
1918,GasAndEventFinalize,33100,
1918,ReplicationProjection,127600,
1918,SnapshotHashMetrics,300,
1918,EgressPublish,10072500,
1919,IngressCapture,3600,
1919,DecodeAndCanonicalize,100,
1919,ApplyInputs,285300,
1919,ProcessorPlan,46700,
1919,CrossWorldPrepare,1100,
1919,NativeJobBarrier,200,
1919,CommitDecision,300,
1919,VoxelCommit,200,
1919,EcsCommandBufferCommit,106900,
1919,GasAndEventFinalize,31800,
1919,ReplicationProjection,523500,
1919,SnapshotHashMetrics,600,
1919,EgressPublish,11592900,
1920,IngressCapture,2800,
1920,DecodeAndCanonicalize,900,
1920,ApplyInputs,380900,
1920,ProcessorPlan,31200,
1920,CrossWorldPrepare,500,
1920,NativeJobBarrier,200,
1920,CommitDecision,100,
1920,VoxelCommit,200,
1920,EcsCommandBufferCommit,444400,
1920,GasAndEventFinalize,38200,
1920,ReplicationProjection,446700,
1920,SnapshotHashMetrics,300,
1920,EgressPublish,9548900,
1921,IngressCapture,9700,
1921,DecodeAndCanonicalize,100,
1921,ApplyInputs,226500,
1921,ProcessorPlan,61900,
1921,CrossWorldPrepare,1000,
1921,NativeJobBarrier,100,
1921,CommitDecision,200,
1921,VoxelCommit,200,
1921,EcsCommandBufferCommit,113800,
1921,GasAndEventFinalize,29500,
1921,ReplicationProjection,135100,
1921,SnapshotHashMetrics,200,
1921,EgressPublish,11092800,
1922,IngressCapture,3000,
1922,DecodeAndCanonicalize,100,
1922,ApplyInputs,199300,
1922,ProcessorPlan,30800,
1922,CrossWorldPrepare,500,
1922,NativeJobBarrier,100,
1922,CommitDecision,100,
1922,VoxelCommit,200,
1922,EcsCommandBufferCommit,97900,
1922,GasAndEventFinalize,31100,
1922,ReplicationProjection,136300,
1922,SnapshotHashMetrics,200,
1922,EgressPublish,9384400,
1923,IngressCapture,3100,
1923,DecodeAndCanonicalize,200,
1923,ApplyInputs,181100,
1923,ProcessorPlan,33300,
1923,CrossWorldPrepare,800,
1923,NativeJobBarrier,200,
1923,CommitDecision,400,
1923,VoxelCommit,400,
1923,EcsCommandBufferCommit,96500,
1923,GasAndEventFinalize,29600,
1923,ReplicationProjection,133100,
1923,SnapshotHashMetrics,400,
1923,EgressPublish,11210500,
1924,IngressCapture,4000,
1924,DecodeAndCanonicalize,100,
1924,ApplyInputs,244700,
1924,ProcessorPlan,36400,
1924,CrossWorldPrepare,600,
1924,NativeJobBarrier,200,
1924,CommitDecision,400,
1924,VoxelCommit,500,
1924,EcsCommandBufferCommit,113700,
1924,GasAndEventFinalize,33600,
1924,ReplicationProjection,133000,
1924,SnapshotHashMetrics,200,
1924,EgressPublish,10170600,
1925,IngressCapture,3000,
1925,DecodeAndCanonicalize,100,
1925,ApplyInputs,188500,
1925,ProcessorPlan,30000,
1925,CrossWorldPrepare,500,
1925,NativeJobBarrier,200,
1925,CommitDecision,200,
1925,VoxelCommit,400,
1925,EcsCommandBufferCommit,67700,
1925,GasAndEventFinalize,25000,
1925,ReplicationProjection,128200,
1925,SnapshotHashMetrics,100,
1925,EgressPublish,9914500,
1926,IngressCapture,4500,
1926,DecodeAndCanonicalize,200,
1926,ApplyInputs,286000,
1926,ProcessorPlan,62300,
1926,CrossWorldPrepare,600,
1926,NativeJobBarrier,400,
1926,CommitDecision,200,
1926,VoxelCommit,400,
1926,EcsCommandBufferCommit,126300,
1926,GasAndEventFinalize,50300,
1926,ReplicationProjection,248000,
1926,SnapshotHashMetrics,400,
1926,EgressPublish,10544700,
1927,IngressCapture,2800,
1927,DecodeAndCanonicalize,200,
1927,ApplyInputs,388700,
1927,ProcessorPlan,46500,
1927,CrossWorldPrepare,600,
1927,NativeJobBarrier,100,
1927,CommitDecision,200,
1927,VoxelCommit,300,
1927,EcsCommandBufferCommit,76800,
1927,GasAndEventFinalize,37500,
1927,ReplicationProjection,138100,
1927,SnapshotHashMetrics,200,
1927,EgressPublish,9148000,
1928,IngressCapture,4500,
1928,DecodeAndCanonicalize,300,
1928,ApplyInputs,357600,
1928,ProcessorPlan,39200,
1928,CrossWorldPrepare,700,
1928,NativeJobBarrier,100,
1928,CommitDecision,200,
1928,VoxelCommit,500,
1928,EcsCommandBufferCommit,619400,
1928,GasAndEventFinalize,63200,
1928,ReplicationProjection,853400,
1928,SnapshotHashMetrics,500,
1928,EgressPublish,11409100,
1929,IngressCapture,4100,
1929,DecodeAndCanonicalize,300,
1929,ApplyInputs,500800,
1929,ProcessorPlan,82200,
1929,CrossWorldPrepare,700,
1929,NativeJobBarrier,200,
1929,CommitDecision,200,
1929,VoxelCommit,600,
1929,EcsCommandBufferCommit,203500,
1929,GasAndEventFinalize,84000,
1929,ReplicationProjection,359500,
1929,SnapshotHashMetrics,900,
1929,EgressPublish,18552900,
1930,IngressCapture,5100,
1930,DecodeAndCanonicalize,200,
1930,ApplyInputs,219100,
1930,ProcessorPlan,35200,
1930,CrossWorldPrepare,400,
1930,NativeJobBarrier,200,
1930,CommitDecision,200,
1930,VoxelCommit,200,
1930,EcsCommandBufferCommit,107200,
1930,GasAndEventFinalize,30700,
1930,ReplicationProjection,151900,
1930,SnapshotHashMetrics,300,
1930,EgressPublish,12952700,
1931,IngressCapture,3500,
1931,DecodeAndCanonicalize,200,
1931,ApplyInputs,256300,
1931,ProcessorPlan,34000,
1931,CrossWorldPrepare,1100,
1931,NativeJobBarrier,200,
1931,CommitDecision,300,
1931,VoxelCommit,300,
1931,EcsCommandBufferCommit,104300,
1931,GasAndEventFinalize,30800,
1931,ReplicationProjection,154100,
1931,SnapshotHashMetrics,200,
1931,EgressPublish,10486200,
1932,IngressCapture,4900,
1932,DecodeAndCanonicalize,200,
1932,ApplyInputs,293000,
1932,ProcessorPlan,52400,
1932,CrossWorldPrepare,600,
1932,NativeJobBarrier,200,
1932,CommitDecision,200,
1932,VoxelCommit,300,
1932,EcsCommandBufferCommit,149200,
1932,GasAndEventFinalize,45700,
1932,ReplicationProjection,279000,
1932,SnapshotHashMetrics,300,
1932,EgressPublish,15147700,
1933,IngressCapture,5400,
1933,DecodeAndCanonicalize,200,
1933,ApplyInputs,427700,
1933,ProcessorPlan,57500,
1933,CrossWorldPrepare,1000,
1933,NativeJobBarrier,300,
1933,CommitDecision,200,
1933,VoxelCommit,700,
1933,EcsCommandBufferCommit,196500,
1933,GasAndEventFinalize,83500,
1933,ReplicationProjection,287600,
1933,SnapshotHashMetrics,500,
1933,EgressPublish,13330400,
1934,IngressCapture,3400,
1934,DecodeAndCanonicalize,100,
1934,ApplyInputs,208100,
1934,ProcessorPlan,34400,
1934,CrossWorldPrepare,500,
1934,NativeJobBarrier,100,
1934,CommitDecision,200,
1934,VoxelCommit,300,
1934,EcsCommandBufferCommit,92700,
1934,GasAndEventFinalize,28800,
1934,ReplicationProjection,150700,
1934,SnapshotHashMetrics,200,
1934,EgressPublish,13206300,
1935,IngressCapture,4900,
1935,DecodeAndCanonicalize,200,
1935,ApplyInputs,328200,
1935,ProcessorPlan,67500,
1935,CrossWorldPrepare,700,
1935,NativeJobBarrier,300,
1935,CommitDecision,400,
1935,VoxelCommit,500,
1935,EcsCommandBufferCommit,143700,
1935,GasAndEventFinalize,45100,
1935,ReplicationProjection,257100,
1935,SnapshotHashMetrics,300,
1935,EgressPublish,17765600,
1936,IngressCapture,4900,
1936,DecodeAndCanonicalize,200,
1936,ApplyInputs,419700,
1936,ProcessorPlan,36800,
1936,CrossWorldPrepare,700,
1936,NativeJobBarrier,200,
1936,CommitDecision,300,
1936,VoxelCommit,400,
1936,EcsCommandBufferCommit,108300,
1936,GasAndEventFinalize,418400,
1936,ReplicationProjection,196300,
1936,SnapshotHashMetrics,200,
1936,EgressPublish,14700700,
1937,IngressCapture,5700,
1937,DecodeAndCanonicalize,2300,
1937,ApplyInputs,360300,
1937,ProcessorPlan,96300,
1937,CrossWorldPrepare,1500,
1937,NativeJobBarrier,200,
1937,CommitDecision,400,
1937,VoxelCommit,1400,
1937,EcsCommandBufferCommit,195600,
1937,GasAndEventFinalize,68100,
1937,ReplicationProjection,300400,
1937,SnapshotHashMetrics,500,
1937,EgressPublish,12595400,
1938,IngressCapture,11400,
1938,DecodeAndCanonicalize,100,
1938,ApplyInputs,319700,
1938,ProcessorPlan,39100,
1938,CrossWorldPrepare,1000,
1938,NativeJobBarrier,100,
1938,CommitDecision,100,
1938,VoxelCommit,600,
1938,EcsCommandBufferCommit,137400,
1938,GasAndEventFinalize,41000,
1938,ReplicationProjection,169900,
1938,SnapshotHashMetrics,200,
1938,EgressPublish,12570400,
1939,IngressCapture,4000,
1939,DecodeAndCanonicalize,200,
1939,ApplyInputs,344900,
1939,ProcessorPlan,50200,
1939,CrossWorldPrepare,900,
1939,NativeJobBarrier,200,
1939,CommitDecision,300,
1939,VoxelCommit,400,
1939,EcsCommandBufferCommit,136700,
1939,GasAndEventFinalize,50700,
1939,ReplicationProjection,313800,
1939,SnapshotHashMetrics,300,
1939,EgressPublish,13582100,
1940,IngressCapture,4800,
1940,DecodeAndCanonicalize,200,
1940,ApplyInputs,332000,
1940,ProcessorPlan,66800,
1940,CrossWorldPrepare,1700,
1940,NativeJobBarrier,200,
1940,CommitDecision,600,
1940,VoxelCommit,800,
1940,EcsCommandBufferCommit,170000,
1940,GasAndEventFinalize,55100,
1940,ReplicationProjection,253600,
1940,SnapshotHashMetrics,1000,
1940,EgressPublish,16799000,
1941,IngressCapture,5600,
1941,DecodeAndCanonicalize,200,
1941,ApplyInputs,455500,
1941,ProcessorPlan,74900,
1941,CrossWorldPrepare,1400,
1941,NativeJobBarrier,200,
1941,CommitDecision,200,
1941,VoxelCommit,1100,
1941,EcsCommandBufferCommit,194300,
1941,GasAndEventFinalize,74100,
1941,ReplicationProjection,311900,
1941,SnapshotHashMetrics,200,
1941,EgressPublish,18371200,
1942,IngressCapture,4100,
1942,DecodeAndCanonicalize,300,
1942,ApplyInputs,247000,
1942,ProcessorPlan,41300,
1942,CrossWorldPrepare,800,
1942,NativeJobBarrier,100,
1942,CommitDecision,300,
1942,VoxelCommit,500,
1942,EcsCommandBufferCommit,165600,
1942,GasAndEventFinalize,60000,
1942,ReplicationProjection,172300,
1942,SnapshotHashMetrics,800,
1942,EgressPublish,13324300,
1943,IngressCapture,6600,
1943,DecodeAndCanonicalize,300,
1943,ApplyInputs,629800,
1943,ProcessorPlan,78600,
1943,CrossWorldPrepare,2000,
1943,NativeJobBarrier,200,
1943,CommitDecision,200,
1943,VoxelCommit,2300,
1943,EcsCommandBufferCommit,647700,
1943,GasAndEventFinalize,60200,
1943,ReplicationProjection,973000,
1943,SnapshotHashMetrics,700,
1943,EgressPublish,17155500,
1944,IngressCapture,13700,
1944,DecodeAndCanonicalize,300,
1944,ApplyInputs,666300,
1944,ProcessorPlan,56800,
1944,CrossWorldPrepare,600,
1944,NativeJobBarrier,500,
1944,CommitDecision,200,
1944,VoxelCommit,400,
1944,EcsCommandBufferCommit,169900,
1944,GasAndEventFinalize,84700,
1944,ReplicationProjection,288100,
1944,SnapshotHashMetrics,700,
1944,EgressPublish,18872300,
1945,IngressCapture,7200,
1945,DecodeAndCanonicalize,200,
1945,ApplyInputs,342300,
1945,ProcessorPlan,66900,
1945,CrossWorldPrepare,700,
1945,NativeJobBarrier,200,
1945,CommitDecision,300,
1945,VoxelCommit,700,
1945,EcsCommandBufferCommit,153400,
1945,GasAndEventFinalize,62700,
1945,ReplicationProjection,363900,
1945,SnapshotHashMetrics,1000,
1945,EgressPublish,18193600,
1946,IngressCapture,5400,
1946,DecodeAndCanonicalize,300,
1946,ApplyInputs,379600,
1946,ProcessorPlan,52400,
1946,CrossWorldPrepare,800,
1946,NativeJobBarrier,200,
1946,CommitDecision,400,
1946,VoxelCommit,600,
1946,EcsCommandBufferCommit,138300,
1946,GasAndEventFinalize,42500,
1946,ReplicationProjection,235100,
1946,SnapshotHashMetrics,300,
1946,EgressPublish,16467900,
1947,IngressCapture,4700,
1947,DecodeAndCanonicalize,300,
1947,ApplyInputs,304900,
1947,ProcessorPlan,63400,
1947,CrossWorldPrepare,1100,
1947,NativeJobBarrier,200,
1947,CommitDecision,200,
1947,VoxelCommit,400,
1947,EcsCommandBufferCommit,175500,
1947,GasAndEventFinalize,54900,
1947,ReplicationProjection,257000,
1947,SnapshotHashMetrics,300,
1947,EgressPublish,14358500,
1948,IngressCapture,4000,
1948,DecodeAndCanonicalize,300,
1948,ApplyInputs,330600,
1948,ProcessorPlan,52500,
1948,CrossWorldPrepare,900,
1948,NativeJobBarrier,200,
1948,CommitDecision,200,
1948,VoxelCommit,400,
1948,EcsCommandBufferCommit,147300,
1948,GasAndEventFinalize,54000,
1948,ReplicationProjection,274900,
1948,SnapshotHashMetrics,700,
1948,EgressPublish,16190000,
1949,IngressCapture,5800,
1949,DecodeAndCanonicalize,200,
1949,ApplyInputs,375200,
1949,ProcessorPlan,55500,
1949,CrossWorldPrepare,1800,
1949,NativeJobBarrier,200,
1949,CommitDecision,200,
1949,VoxelCommit,400,
1949,EcsCommandBufferCommit,129200,
1949,GasAndEventFinalize,45400,
1949,ReplicationProjection,265000,
1949,SnapshotHashMetrics,200,
1949,EgressPublish,16918000,
1950,IngressCapture,4900,
1950,DecodeAndCanonicalize,400,
1950,ApplyInputs,296500,
1950,ProcessorPlan,58400,
1950,CrossWorldPrepare,900,
1950,NativeJobBarrier,300,
1950,CommitDecision,300,
1950,VoxelCommit,1000,
1950,EcsCommandBufferCommit,129700,
1950,GasAndEventFinalize,37900,
1950,ReplicationProjection,326300,
1950,SnapshotHashMetrics,600,
1950,EgressPublish,15650600,
1951,IngressCapture,4600,
1951,DecodeAndCanonicalize,200,
1951,ApplyInputs,434300,
1951,ProcessorPlan,55700,
1951,CrossWorldPrepare,1800,
1951,NativeJobBarrier,100,
1951,CommitDecision,200,
1951,VoxelCommit,1000,
1951,EcsCommandBufferCommit,195500,
1951,GasAndEventFinalize,60600,
1951,ReplicationProjection,265300,
1951,SnapshotHashMetrics,400,
1951,EgressPublish,18041600,
1952,IngressCapture,3500,
1952,DecodeAndCanonicalize,100,
1952,ApplyInputs,417500,
1952,ProcessorPlan,36700,
1952,CrossWorldPrepare,900,
1952,NativeJobBarrier,100,
1952,CommitDecision,200,
1952,VoxelCommit,500,
1952,EcsCommandBufferCommit,119700,
1952,GasAndEventFinalize,53500,
1952,ReplicationProjection,167800,
1952,SnapshotHashMetrics,200,
1952,EgressPublish,13628800,
1953,IngressCapture,4400,
1953,DecodeAndCanonicalize,500,
1953,ApplyInputs,236600,
1953,ProcessorPlan,38200,
1953,CrossWorldPrepare,800,
1953,NativeJobBarrier,200,
1953,CommitDecision,100,
1953,VoxelCommit,300,
1953,EcsCommandBufferCommit,102900,
1953,GasAndEventFinalize,34800,
1953,ReplicationProjection,164900,
1953,SnapshotHashMetrics,600,
1953,EgressPublish,14900500,
1954,IngressCapture,6200,
1954,DecodeAndCanonicalize,100,
1954,ApplyInputs,340300,
1954,ProcessorPlan,43100,
1954,CrossWorldPrepare,600,
1954,NativeJobBarrier,100,
1954,CommitDecision,100,
1954,VoxelCommit,400,
1954,EcsCommandBufferCommit,512000,
1954,GasAndEventFinalize,92700,
1954,ReplicationProjection,722600,
1954,SnapshotHashMetrics,800,
1954,EgressPublish,18855300,
1955,IngressCapture,5100,
1955,DecodeAndCanonicalize,200,
1955,ApplyInputs,463100,
1955,ProcessorPlan,79300,
1955,CrossWorldPrepare,1200,
1955,NativeJobBarrier,200,
1955,CommitDecision,600,
1955,VoxelCommit,1600,
1955,EcsCommandBufferCommit,229500,
1955,GasAndEventFinalize,62800,
1955,ReplicationProjection,1012800,
1955,SnapshotHashMetrics,600,
1955,EgressPublish,16853300,
1956,IngressCapture,4800,
1956,DecodeAndCanonicalize,200,
1956,ApplyInputs,398900,
1956,ProcessorPlan,64000,
1956,CrossWorldPrepare,700,
1956,NativeJobBarrier,200,
1956,CommitDecision,200,
1956,VoxelCommit,400,
1956,EcsCommandBufferCommit,193000,
1956,GasAndEventFinalize,60700,
1956,ReplicationProjection,269800,
1956,SnapshotHashMetrics,400,
1956,EgressPublish,20267500,
1957,IngressCapture,6900,
1957,DecodeAndCanonicalize,600,
1957,ApplyInputs,555700,
1957,ProcessorPlan,82300,
1957,CrossWorldPrepare,1800,
1957,NativeJobBarrier,400,
1957,CommitDecision,700,
1957,VoxelCommit,1500,
1957,EcsCommandBufferCommit,210500,
1957,GasAndEventFinalize,64800,
1957,ReplicationProjection,342800,
1957,SnapshotHashMetrics,600,
1957,EgressPublish,16322800,
1958,IngressCapture,4000,
1958,DecodeAndCanonicalize,100,
1958,ApplyInputs,353900,
1958,ProcessorPlan,43200,
1958,CrossWorldPrepare,1000,
1958,NativeJobBarrier,500,
1958,CommitDecision,400,
1958,VoxelCommit,500,
1958,EcsCommandBufferCommit,157800,
1958,GasAndEventFinalize,55800,
1958,ReplicationProjection,165300,
1958,SnapshotHashMetrics,200,
1958,EgressPublish,13003100,
1959,IngressCapture,4700,
1959,DecodeAndCanonicalize,100,
1959,ApplyInputs,239000,
1959,ProcessorPlan,34400,
1959,CrossWorldPrepare,300,
1959,NativeJobBarrier,200,
1959,CommitDecision,300,
1959,VoxelCommit,700,
1959,EcsCommandBufferCommit,124900,
1959,GasAndEventFinalize,41800,
1959,ReplicationProjection,166300,
1959,SnapshotHashMetrics,300,
1959,EgressPublish,16938800,
1960,IngressCapture,6000,
1960,DecodeAndCanonicalize,300,
1960,ApplyInputs,517200,
1960,ProcessorPlan,200200,
1960,CrossWorldPrepare,1500,
1960,NativeJobBarrier,900,
1960,CommitDecision,300,
1960,VoxelCommit,1000,
1960,EcsCommandBufferCommit,167500,
1960,GasAndEventFinalize,68500,
1960,ReplicationProjection,181400,
1960,SnapshotHashMetrics,500,
1960,EgressPublish,15683800,
1961,IngressCapture,4900,
1961,DecodeAndCanonicalize,600,
1961,ApplyInputs,612900,
1961,ProcessorPlan,69700,
1961,CrossWorldPrepare,1800,
1961,NativeJobBarrier,200,
1961,CommitDecision,300,
1961,VoxelCommit,1000,
1961,EcsCommandBufferCommit,184100,
1961,GasAndEventFinalize,76100,
1961,ReplicationProjection,331200,
1961,SnapshotHashMetrics,2100,
1961,EgressPublish,18113200,
1962,IngressCapture,6900,
1962,DecodeAndCanonicalize,200,
1962,ApplyInputs,413400,
1962,ProcessorPlan,67800,
1962,CrossWorldPrepare,600,
1962,NativeJobBarrier,500,
1962,CommitDecision,400,
1962,VoxelCommit,600,
1962,EcsCommandBufferCommit,202500,
1962,GasAndEventFinalize,62100,
1962,ReplicationProjection,255800,
1962,SnapshotHashMetrics,800,
1962,EgressPublish,12266100,
1963,IngressCapture,5300,
1963,DecodeAndCanonicalize,200,
1963,ApplyInputs,406600,
1963,ProcessorPlan,50000,
1963,CrossWorldPrepare,400,
1963,NativeJobBarrier,400,
1963,CommitDecision,400,
1963,VoxelCommit,600,
1963,EcsCommandBufferCommit,144500,
1963,GasAndEventFinalize,52200,
1963,ReplicationProjection,226200,
1963,SnapshotHashMetrics,400,
1963,EgressPublish,17646000,
1964,IngressCapture,5400,
1964,DecodeAndCanonicalize,200,
1964,ApplyInputs,501200,
1964,ProcessorPlan,59000,
1964,CrossWorldPrepare,700,
1964,NativeJobBarrier,300,
1964,CommitDecision,200,
1964,VoxelCommit,500,
1964,EcsCommandBufferCommit,143200,
1964,GasAndEventFinalize,59300,
1964,ReplicationProjection,287100,
1964,SnapshotHashMetrics,700,
1964,EgressPublish,17288700,
1965,IngressCapture,4400,
1965,DecodeAndCanonicalize,100,
1965,ApplyInputs,292500,
1965,ProcessorPlan,38100,
1965,CrossWorldPrepare,800,
1965,NativeJobBarrier,200,
1965,CommitDecision,200,
1965,VoxelCommit,400,
1965,EcsCommandBufferCommit,132900,
1965,GasAndEventFinalize,38000,
1965,ReplicationProjection,160000,
1965,SnapshotHashMetrics,900,
1965,EgressPublish,18279800,
1966,IngressCapture,6100,
1966,DecodeAndCanonicalize,200,
1966,ApplyInputs,268200,
1966,ProcessorPlan,40300,
1966,CrossWorldPrepare,500,
1966,NativeJobBarrier,200,
1966,CommitDecision,400,
1966,VoxelCommit,700,
1966,EcsCommandBufferCommit,131300,
1966,GasAndEventFinalize,37000,
1966,ReplicationProjection,160200,
1966,SnapshotHashMetrics,200,
1966,EgressPublish,16252900,
1967,IngressCapture,5100,
1967,DecodeAndCanonicalize,200,
1967,ApplyInputs,315000,
1967,ProcessorPlan,65000,
1967,CrossWorldPrepare,1100,
1967,NativeJobBarrier,200,
1967,CommitDecision,200,
1967,VoxelCommit,700,
1967,EcsCommandBufferCommit,178200,
1967,GasAndEventFinalize,64300,
1967,ReplicationProjection,254900,
1967,SnapshotHashMetrics,1100,
1967,EgressPublish,16616300,
1968,IngressCapture,8000,
1968,DecodeAndCanonicalize,200,
1968,ApplyInputs,791000,
1968,ProcessorPlan,128800,
1968,CrossWorldPrepare,1100,
1968,NativeJobBarrier,100,
1968,CommitDecision,200,
1968,VoxelCommit,500,
1968,EcsCommandBufferCommit,164600,
1968,GasAndEventFinalize,100600,
1968,ReplicationProjection,290500,
1968,SnapshotHashMetrics,1100,
1968,EgressPublish,19511800,
1969,IngressCapture,5300,
1969,DecodeAndCanonicalize,600,
1969,ApplyInputs,267100,
1969,ProcessorPlan,41700,
1969,CrossWorldPrepare,1500,
1969,NativeJobBarrier,200,
1969,CommitDecision,500,
1969,VoxelCommit,500,
1969,EcsCommandBufferCommit,171100,
1969,GasAndEventFinalize,46700,
1969,ReplicationProjection,165500,
1969,SnapshotHashMetrics,700,
1969,EgressPublish,12643300,
1970,IngressCapture,6000,
1970,DecodeAndCanonicalize,100,
1970,ApplyInputs,308500,
1970,ProcessorPlan,55200,
1970,CrossWorldPrepare,2000,
1970,NativeJobBarrier,500,
1970,CommitDecision,700,
1970,VoxelCommit,900,
1970,EcsCommandBufferCommit,176600,
1970,GasAndEventFinalize,45100,
1970,ReplicationProjection,159000,
1970,SnapshotHashMetrics,200,
1970,EgressPublish,14324400,
1971,IngressCapture,6600,
1971,DecodeAndCanonicalize,200,
1971,ApplyInputs,533500,
1971,ProcessorPlan,63500,
1971,CrossWorldPrepare,1200,
1971,NativeJobBarrier,300,
1971,CommitDecision,300,
1971,VoxelCommit,1200,
1971,EcsCommandBufferCommit,186200,
1971,GasAndEventFinalize,61900,
1971,ReplicationProjection,232800,
1971,SnapshotHashMetrics,500,
1971,EgressPublish,16118800,
1972,IngressCapture,5500,
1972,DecodeAndCanonicalize,200,
1972,ApplyInputs,523400,
1972,ProcessorPlan,125200,
1972,CrossWorldPrepare,1400,
1972,NativeJobBarrier,500,
1972,CommitDecision,1300,
1972,VoxelCommit,2000,
1972,EcsCommandBufferCommit,196500,
1972,GasAndEventFinalize,71800,
1972,ReplicationProjection,282600,
1972,SnapshotHashMetrics,400,
1972,EgressPublish,21124300,
1973,IngressCapture,6400,
1973,DecodeAndCanonicalize,200,
1973,ApplyInputs,451600,
1973,ProcessorPlan,82900,
1973,CrossWorldPrepare,1500,
1973,NativeJobBarrier,200,
1973,CommitDecision,500,
1973,VoxelCommit,1000,
1973,EcsCommandBufferCommit,184500,
1973,GasAndEventFinalize,64800,
1973,ReplicationProjection,269100,
1973,SnapshotHashMetrics,600,
1973,EgressPublish,16722200,
1974,IngressCapture,6100,
1974,DecodeAndCanonicalize,300,
1974,ApplyInputs,298100,
1974,ProcessorPlan,43600,
1974,CrossWorldPrepare,800,
1974,NativeJobBarrier,200,
1974,CommitDecision,100,
1974,VoxelCommit,500,
1974,EcsCommandBufferCommit,154600,
1974,GasAndEventFinalize,51800,
1974,ReplicationProjection,153200,
1974,SnapshotHashMetrics,300,
1974,EgressPublish,16828200,
1975,IngressCapture,5300,
1975,DecodeAndCanonicalize,300,
1975,ApplyInputs,323800,
1975,ProcessorPlan,60200,
1975,CrossWorldPrepare,1500,
1975,NativeJobBarrier,300,
1975,CommitDecision,300,
1975,VoxelCommit,800,
1975,EcsCommandBufferCommit,173200,
1975,GasAndEventFinalize,51400,
1975,ReplicationProjection,319000,
1975,SnapshotHashMetrics,400,
1975,EgressPublish,19006300,
1976,IngressCapture,6700,
1976,DecodeAndCanonicalize,300,
1976,ApplyInputs,847800,
1976,ProcessorPlan,165200,
1976,CrossWorldPrepare,1400,
1976,NativeJobBarrier,600,
1976,CommitDecision,800,
1976,VoxelCommit,1300,
1976,EcsCommandBufferCommit,228800,
1976,GasAndEventFinalize,95100,
1976,ReplicationProjection,294900,
1976,SnapshotHashMetrics,700,
1976,EgressPublish,21437700,
1977,IngressCapture,6200,
1977,DecodeAndCanonicalize,100,
1977,ApplyInputs,310600,
1977,ProcessorPlan,48400,
1977,CrossWorldPrepare,700,
1977,NativeJobBarrier,200,
1977,CommitDecision,200,
1977,VoxelCommit,400,
1977,EcsCommandBufferCommit,157400,
1977,GasAndEventFinalize,52400,
1977,ReplicationProjection,187700,
1977,SnapshotHashMetrics,600,
1977,EgressPublish,17115700,
1978,IngressCapture,4700,
1978,DecodeAndCanonicalize,200,
1978,ApplyInputs,322000,
1978,ProcessorPlan,50800,
1978,CrossWorldPrepare,1300,
1978,NativeJobBarrier,200,
1978,CommitDecision,100,
1978,VoxelCommit,600,
1978,EcsCommandBufferCommit,168900,
1978,GasAndEventFinalize,58900,
1978,ReplicationProjection,189300,
1978,SnapshotHashMetrics,300,
1978,EgressPublish,19756800,
1979,IngressCapture,6800,
1979,DecodeAndCanonicalize,200,
1979,ApplyInputs,360200,
1979,ProcessorPlan,70300,
1979,CrossWorldPrepare,1700,
1979,NativeJobBarrier,300,
1979,CommitDecision,1000,
1979,VoxelCommit,800,
1979,EcsCommandBufferCommit,194300,
1979,GasAndEventFinalize,65600,
1979,ReplicationProjection,251900,
1979,SnapshotHashMetrics,400,
1979,EgressPublish,19378000,
1980,IngressCapture,5800,
1980,DecodeAndCanonicalize,300,
1980,ApplyInputs,625500,
1980,ProcessorPlan,68600,
1980,CrossWorldPrepare,1200,
1980,NativeJobBarrier,1200,
1980,CommitDecision,500,
1980,VoxelCommit,2500,
1980,EcsCommandBufferCommit,228800,
1980,GasAndEventFinalize,86800,
1980,ReplicationProjection,321100,
1980,SnapshotHashMetrics,900,
1980,EgressPublish,20759000,
1981,IngressCapture,5800,
1981,DecodeAndCanonicalize,400,
1981,ApplyInputs,331000,
1981,ProcessorPlan,45500,
1981,CrossWorldPrepare,700,
1981,NativeJobBarrier,100,
1981,CommitDecision,600,
1981,VoxelCommit,400,
1981,EcsCommandBufferCommit,179700,
1981,GasAndEventFinalize,50800,
1981,ReplicationProjection,163700,
1981,SnapshotHashMetrics,400,
1981,EgressPublish,18708500,
1982,IngressCapture,6400,
1982,DecodeAndCanonicalize,200,
1982,ApplyInputs,395800,
1982,ProcessorPlan,73700,
1982,CrossWorldPrepare,1900,
1982,NativeJobBarrier,200,
1982,CommitDecision,100,
1982,VoxelCommit,800,
1982,EcsCommandBufferCommit,230200,
1982,GasAndEventFinalize,124700,
1982,ReplicationProjection,376100,
1982,SnapshotHashMetrics,900,
1982,EgressPublish,15709000,
1983,IngressCapture,9500,
1983,DecodeAndCanonicalize,200,
1983,ApplyInputs,415300,
1983,ProcessorPlan,62100,
1983,CrossWorldPrepare,1200,
1983,NativeJobBarrier,200,
1983,CommitDecision,200,
1983,VoxelCommit,900,
1983,EcsCommandBufferCommit,183700,
1983,GasAndEventFinalize,64700,
1983,ReplicationProjection,275900,
1983,SnapshotHashMetrics,400,
1983,EgressPublish,18943900,
1984,IngressCapture,5300,
1984,DecodeAndCanonicalize,300,
1984,ApplyInputs,383500,
1984,ProcessorPlan,70100,
1984,CrossWorldPrepare,800,
1984,NativeJobBarrier,200,
1984,CommitDecision,200,
1984,VoxelCommit,500,
1984,EcsCommandBufferCommit,174400,
1984,GasAndEventFinalize,65600,
1984,ReplicationProjection,277700,
1984,SnapshotHashMetrics,700,
1984,EgressPublish,17081800,
1985,IngressCapture,4600,
1985,DecodeAndCanonicalize,200,
1985,ApplyInputs,742800,
1985,ProcessorPlan,81000,
1985,CrossWorldPrepare,1100,
1985,NativeJobBarrier,600,
1985,CommitDecision,200,
1985,VoxelCommit,800,
1985,EcsCommandBufferCommit,231500,
1985,GasAndEventFinalize,120500,
1985,ReplicationProjection,300500,
1985,SnapshotHashMetrics,600,
1985,EgressPublish,19731300,
1986,IngressCapture,5900,
1986,DecodeAndCanonicalize,200,
1986,ApplyInputs,460800,
1986,ProcessorPlan,64000,
1986,CrossWorldPrepare,700,
1986,NativeJobBarrier,300,
1986,CommitDecision,700,
1986,VoxelCommit,800,
1986,EcsCommandBufferCommit,158000,
1986,GasAndEventFinalize,51500,
1986,ReplicationProjection,248800,
1986,SnapshotHashMetrics,700,
1986,EgressPublish,16899400,
1987,IngressCapture,7200,
1987,DecodeAndCanonicalize,300,
1987,ApplyInputs,374000,
1987,ProcessorPlan,55900,
1987,CrossWorldPrepare,700,
1987,NativeJobBarrier,300,
1987,CommitDecision,600,
1987,VoxelCommit,400,
1987,EcsCommandBufferCommit,187200,
1987,GasAndEventFinalize,68900,
1987,ReplicationProjection,257900,
1987,SnapshotHashMetrics,400,
1987,EgressPublish,20234100,
1988,IngressCapture,4600,
1988,DecodeAndCanonicalize,200,
1988,ApplyInputs,258900,
1988,ProcessorPlan,35000,
1988,CrossWorldPrepare,600,
1988,NativeJobBarrier,100,
1988,CommitDecision,200,
1988,VoxelCommit,200,
1988,EcsCommandBufferCommit,103200,
1988,GasAndEventFinalize,35200,
1988,ReplicationProjection,145600,
1988,SnapshotHashMetrics,700,
1988,EgressPublish,16075500,
1989,IngressCapture,16500,
1989,DecodeAndCanonicalize,200,
1989,ApplyInputs,338400,
1989,ProcessorPlan,43400,
1989,CrossWorldPrepare,1000,
1989,NativeJobBarrier,200,
1989,CommitDecision,200,
1989,VoxelCommit,400,
1989,EcsCommandBufferCommit,177400,
1989,GasAndEventFinalize,45200,
1989,ReplicationProjection,150300,
1989,SnapshotHashMetrics,200,
1989,EgressPublish,16352600,
1990,IngressCapture,5000,
1990,DecodeAndCanonicalize,200,
1990,ApplyInputs,342800,
1990,ProcessorPlan,64400,
1990,CrossWorldPrepare,1300,
1990,NativeJobBarrier,400,
1990,CommitDecision,700,
1990,VoxelCommit,800,
1990,EcsCommandBufferCommit,200000,
1990,GasAndEventFinalize,56700,
1990,ReplicationProjection,189300,
1990,SnapshotHashMetrics,700,
1990,EgressPublish,17077200,
1991,IngressCapture,3200,
1991,DecodeAndCanonicalize,200,
1991,ApplyInputs,273900,
1991,ProcessorPlan,40400,
1991,CrossWorldPrepare,900,
1991,NativeJobBarrier,200,
1991,CommitDecision,500,
1991,VoxelCommit,600,
1991,EcsCommandBufferCommit,170300,
1991,GasAndEventFinalize,45100,
1991,ReplicationProjection,165400,
1991,SnapshotHashMetrics,400,
1991,EgressPublish,16885300,
1992,IngressCapture,6700,
1992,DecodeAndCanonicalize,100,
1992,ApplyInputs,323200,
1992,ProcessorPlan,60500,
1992,CrossWorldPrepare,900,
1992,NativeJobBarrier,200,
1992,CommitDecision,700,
1992,VoxelCommit,800,
1992,EcsCommandBufferCommit,154000,
1992,GasAndEventFinalize,44800,
1992,ReplicationProjection,225700,
1992,SnapshotHashMetrics,300,
1992,EgressPublish,17147800,
1993,IngressCapture,5600,
1993,DecodeAndCanonicalize,100,
1993,ApplyInputs,518400,
1993,ProcessorPlan,38300,
1993,CrossWorldPrepare,800,
1993,NativeJobBarrier,200,
1993,CommitDecision,100,
1993,VoxelCommit,400,
1993,EcsCommandBufferCommit,131000,
1993,GasAndEventFinalize,58000,
1993,ReplicationProjection,155500,
1993,SnapshotHashMetrics,500,
1993,EgressPublish,17282300,
1994,IngressCapture,6200,
1994,DecodeAndCanonicalize,200,
1994,ApplyInputs,370400,
1994,ProcessorPlan,62500,
1994,CrossWorldPrepare,2000,
1994,NativeJobBarrier,500,
1994,CommitDecision,400,
1994,VoxelCommit,500,
1994,EcsCommandBufferCommit,186500,
1994,GasAndEventFinalize,58800,
1994,ReplicationProjection,222600,
1994,SnapshotHashMetrics,300,
1994,EgressPublish,18197700,
1995,IngressCapture,6100,
1995,DecodeAndCanonicalize,600,
1995,ApplyInputs,390500,
1995,ProcessorPlan,43100,
1995,CrossWorldPrepare,700,
1995,NativeJobBarrier,200,
1995,CommitDecision,1200,
1995,VoxelCommit,500,
1995,EcsCommandBufferCommit,139600,
1995,GasAndEventFinalize,39400,
1995,ReplicationProjection,147400,
1995,SnapshotHashMetrics,400,
1995,EgressPublish,15491900,
1996,IngressCapture,6600,
1996,DecodeAndCanonicalize,300,
1996,ApplyInputs,422700,
1996,ProcessorPlan,59900,
1996,CrossWorldPrepare,700,
1996,NativeJobBarrier,300,
1996,CommitDecision,200,
1996,VoxelCommit,600,
1996,EcsCommandBufferCommit,167900,
1996,GasAndEventFinalize,59100,
1996,ReplicationProjection,224400,
1996,SnapshotHashMetrics,800,
1996,EgressPublish,18424500,
1997,IngressCapture,5000,
1997,DecodeAndCanonicalize,400,
1997,ApplyInputs,346000,
1997,ProcessorPlan,58200,
1997,CrossWorldPrepare,1400,
1997,NativeJobBarrier,300,
1997,CommitDecision,300,
1997,VoxelCommit,600,
1997,EcsCommandBufferCommit,189400,
1997,GasAndEventFinalize,43900,
1997,ReplicationProjection,277700,
1997,SnapshotHashMetrics,300,
1997,EgressPublish,14549100,
1998,IngressCapture,5700,
1998,DecodeAndCanonicalize,200,
1998,ApplyInputs,467300,
1998,ProcessorPlan,67400,
1998,CrossWorldPrepare,800,
1998,NativeJobBarrier,500,
1998,CommitDecision,400,
1998,VoxelCommit,900,
1998,EcsCommandBufferCommit,206500,
1998,GasAndEventFinalize,75700,
1998,ReplicationProjection,260800,
1998,SnapshotHashMetrics,500,
1998,EgressPublish,17575100,
1999,IngressCapture,5400,
1999,DecodeAndCanonicalize,200,
1999,ApplyInputs,291600,
1999,ProcessorPlan,44700,
1999,CrossWorldPrepare,700,
1999,NativeJobBarrier,300,
1999,CommitDecision,200,
1999,VoxelCommit,200,
1999,EcsCommandBufferCommit,184200,
1999,GasAndEventFinalize,51000,
1999,ReplicationProjection,160000,
1999,SnapshotHashMetrics,200,
1999,EgressPublish,15578200,
2000,IngressCapture,7000,
2000,DecodeAndCanonicalize,300,
2000,ApplyInputs,405100,
2000,ProcessorPlan,65200,
2000,CrossWorldPrepare,1000,
2000,NativeJobBarrier,200,
2000,CommitDecision,300,
2000,VoxelCommit,400,
2000,EcsCommandBufferCommit,160300,
2000,GasAndEventFinalize,46700,
2000,ReplicationProjection,249100,
2000,SnapshotHashMetrics,600,
2000,EgressPublish,18318800,
2001,IngressCapture,5900,
2001,DecodeAndCanonicalize,200,
2001,ApplyInputs,634600,
2001,ProcessorPlan,38300,
2001,CrossWorldPrepare,500,
2001,NativeJobBarrier,300,
2001,CommitDecision,300,
2001,VoxelCommit,100,
2001,EcsCommandBufferCommit,128900,
2001,GasAndEventFinalize,61800,
2001,ReplicationProjection,162900,
2001,SnapshotHashMetrics,100,
2001,EgressPublish,15834200,
2002,IngressCapture,8400,
2002,DecodeAndCanonicalize,200,
2002,ApplyInputs,450500,
2002,ProcessorPlan,69200,
2002,CrossWorldPrepare,800,
2002,NativeJobBarrier,600,
2002,CommitDecision,200,
2002,VoxelCommit,500,
2002,EcsCommandBufferCommit,177200,
2002,GasAndEventFinalize,64400,
2002,ReplicationProjection,256100,
2002,SnapshotHashMetrics,500,
2002,EgressPublish,17175700,
2003,IngressCapture,4100,
2003,DecodeAndCanonicalize,200,
2003,ApplyInputs,516400,
2003,ProcessorPlan,55800,
2003,CrossWorldPrepare,1000,
2003,NativeJobBarrier,600,
2003,CommitDecision,500,
2003,VoxelCommit,600,
2003,EcsCommandBufferCommit,146100,
2003,GasAndEventFinalize,52500,
2003,ReplicationProjection,224500,
2003,SnapshotHashMetrics,600,
2003,EgressPublish,18811200,
2004,IngressCapture,4100,
2004,DecodeAndCanonicalize,400,
2004,ApplyInputs,330400,
2004,ProcessorPlan,60700,
2004,CrossWorldPrepare,1000,
2004,NativeJobBarrier,300,
2004,CommitDecision,300,
2004,VoxelCommit,400,
2004,EcsCommandBufferCommit,141400,
2004,GasAndEventFinalize,35300,
2004,ReplicationProjection,237700,
2004,SnapshotHashMetrics,300,
2004,EgressPublish,13778400,
2005,IngressCapture,5100,
2005,DecodeAndCanonicalize,200,
2005,ApplyInputs,335600,
2005,ProcessorPlan,61600,
2005,CrossWorldPrepare,1100,
2005,NativeJobBarrier,200,
2005,CommitDecision,600,
2005,VoxelCommit,700,
2005,EcsCommandBufferCommit,200700,
2005,GasAndEventFinalize,58900,
2005,ReplicationProjection,228900,
2005,SnapshotHashMetrics,200,
2005,EgressPublish,15274500,
2006,IngressCapture,4100,
2006,DecodeAndCanonicalize,300,
2006,ApplyInputs,363200,
2006,ProcessorPlan,49600,
2006,CrossWorldPrepare,1000,
2006,NativeJobBarrier,200,
2006,CommitDecision,300,
2006,VoxelCommit,700,
2006,EcsCommandBufferCommit,156100,
2006,GasAndEventFinalize,58000,
2006,ReplicationProjection,231500,
2006,SnapshotHashMetrics,300,
2006,EgressPublish,17176700,
2007,IngressCapture,6100,
2007,DecodeAndCanonicalize,200,
2007,ApplyInputs,351100,
2007,ProcessorPlan,68800,
2007,CrossWorldPrepare,800,
2007,NativeJobBarrier,300,
2007,CommitDecision,400,
2007,VoxelCommit,700,
2007,EcsCommandBufferCommit,201000,
2007,GasAndEventFinalize,70400,
2007,ReplicationProjection,238700,
2007,SnapshotHashMetrics,400,
2007,EgressPublish,14844600,
2008,IngressCapture,4600,
2008,DecodeAndCanonicalize,100,
2008,ApplyInputs,262200,
2008,ProcessorPlan,38000,
2008,CrossWorldPrepare,600,
2008,NativeJobBarrier,600,
2008,CommitDecision,300,
2008,VoxelCommit,400,
2008,EcsCommandBufferCommit,143500,
2008,GasAndEventFinalize,51200,
2008,ReplicationProjection,148800,
2008,SnapshotHashMetrics,200,
2008,EgressPublish,14622400,
2009,IngressCapture,3600,
2009,DecodeAndCanonicalize,100,
2009,ApplyInputs,402900,
2009,ProcessorPlan,35700,
2009,CrossWorldPrepare,500,
2009,NativeJobBarrier,200,
2009,CommitDecision,300,
2009,VoxelCommit,600,
2009,EcsCommandBufferCommit,88000,
2009,GasAndEventFinalize,46000,
2009,ReplicationProjection,145300,
2009,SnapshotHashMetrics,200,
2009,EgressPublish,13752600,
2010,IngressCapture,3800,
2010,DecodeAndCanonicalize,300,
2010,ApplyInputs,293600,
2010,ProcessorPlan,64200,
2010,CrossWorldPrepare,1900,
2010,NativeJobBarrier,600,
2010,CommitDecision,200,
2010,VoxelCommit,200,
2010,EcsCommandBufferCommit,159000,
2010,GasAndEventFinalize,56000,
2010,ReplicationProjection,220300,
2010,SnapshotHashMetrics,900,
2010,EgressPublish,16093500,
2011,IngressCapture,4600,
2011,DecodeAndCanonicalize,200,
2011,ApplyInputs,362500,
2011,ProcessorPlan,50900,
2011,CrossWorldPrepare,600,
2011,NativeJobBarrier,200,
2011,CommitDecision,200,
2011,VoxelCommit,700,
2011,EcsCommandBufferCommit,189900,
2011,GasAndEventFinalize,811500,
2011,ReplicationProjection,290400,
2011,SnapshotHashMetrics,700,
2011,EgressPublish,16402000,
2012,IngressCapture,4700,
2012,DecodeAndCanonicalize,200,
2012,ApplyInputs,289900,
2012,ProcessorPlan,79500,
2012,CrossWorldPrepare,1500,
2012,NativeJobBarrier,200,
2012,CommitDecision,400,
2012,VoxelCommit,900,
2012,EcsCommandBufferCommit,147400,
2012,GasAndEventFinalize,51800,
2012,ReplicationProjection,227300,
2012,SnapshotHashMetrics,700,
2012,EgressPublish,16932300,
2013,IngressCapture,3300,
2013,DecodeAndCanonicalize,200,
2013,ApplyInputs,214600,
2013,ProcessorPlan,37000,
2013,CrossWorldPrepare,600,
2013,NativeJobBarrier,100,
2013,CommitDecision,100,
2013,VoxelCommit,200,
2013,EcsCommandBufferCommit,101900,
2013,GasAndEventFinalize,33700,
2013,ReplicationProjection,137100,
2013,SnapshotHashMetrics,200,
2013,EgressPublish,12221900,
2014,IngressCapture,4400,
2014,DecodeAndCanonicalize,1400,
2014,ApplyInputs,367700,
2014,ProcessorPlan,58700,
2014,CrossWorldPrepare,1400,
2014,NativeJobBarrier,100,
2014,CommitDecision,400,
2014,VoxelCommit,700,
2014,EcsCommandBufferCommit,174200,
2014,GasAndEventFinalize,67800,
2014,ReplicationProjection,265100,
2014,SnapshotHashMetrics,400,
2014,EgressPublish,14469000,
2015,IngressCapture,7100,
2015,DecodeAndCanonicalize,200,
2015,ApplyInputs,373700,
2015,ProcessorPlan,74100,
2015,CrossWorldPrepare,1000,
2015,NativeJobBarrier,500,
2015,CommitDecision,200,
2015,VoxelCommit,1200,
2015,EcsCommandBufferCommit,181700,
2015,GasAndEventFinalize,79300,
2015,ReplicationProjection,305800,
2015,SnapshotHashMetrics,300,
2015,EgressPublish,16428400,
2016,IngressCapture,2900,
2016,DecodeAndCanonicalize,100,
2016,ApplyInputs,223100,
2016,ProcessorPlan,34200,
2016,CrossWorldPrepare,400,
2016,NativeJobBarrier,200,
2016,CommitDecision,200,
2016,VoxelCommit,500,
2016,EcsCommandBufferCommit,98000,
2016,GasAndEventFinalize,35500,
2016,ReplicationProjection,140500,
2016,SnapshotHashMetrics,300,
2016,EgressPublish,12719000,
2017,IngressCapture,7100,
2017,DecodeAndCanonicalize,100,
2017,ApplyInputs,298000,
2017,ProcessorPlan,126200,
2017,CrossWorldPrepare,700,
2017,NativeJobBarrier,200,
2017,CommitDecision,300,
2017,VoxelCommit,300,
2017,EcsCommandBufferCommit,129800,
2017,GasAndEventFinalize,56900,
2017,ReplicationProjection,157500,
2017,SnapshotHashMetrics,300,
2017,EgressPublish,12908100,
2018,IngressCapture,3500,
2018,DecodeAndCanonicalize,300,
2018,ApplyInputs,315300,
2018,ProcessorPlan,49400,
2018,CrossWorldPrepare,500,
2018,NativeJobBarrier,200,
2018,CommitDecision,700,
2018,VoxelCommit,500,
2018,EcsCommandBufferCommit,140900,
2018,GasAndEventFinalize,41000,
2018,ReplicationProjection,199900,
2018,SnapshotHashMetrics,500,
2018,EgressPublish,16117200,
2019,IngressCapture,5700,
2019,DecodeAndCanonicalize,300,
2019,ApplyInputs,280100,
2019,ProcessorPlan,34400,
2019,CrossWorldPrepare,500,
2019,NativeJobBarrier,200,
2019,CommitDecision,100,
2019,VoxelCommit,400,
2019,EcsCommandBufferCommit,91800,
2019,GasAndEventFinalize,29000,
2019,ReplicationProjection,134500,
2019,SnapshotHashMetrics,200,
2019,EgressPublish,10680600,
2020,IngressCapture,3600,
2020,DecodeAndCanonicalize,200,
2020,ApplyInputs,206800,
2020,ProcessorPlan,34100,
2020,CrossWorldPrepare,900,
2020,NativeJobBarrier,200,
2020,CommitDecision,100,
2020,VoxelCommit,300,
2020,EcsCommandBufferCommit,103800,
2020,GasAndEventFinalize,31600,
2020,ReplicationProjection,136900,
2020,SnapshotHashMetrics,300,
2020,EgressPublish,9255000,
2021,IngressCapture,3300,
2021,DecodeAndCanonicalize,100,
2021,ApplyInputs,225300,
2021,ProcessorPlan,33300,
2021,CrossWorldPrepare,600,
2021,NativeJobBarrier,100,
2021,CommitDecision,200,
2021,VoxelCommit,400,
2021,EcsCommandBufferCommit,95200,
2021,GasAndEventFinalize,27700,
2021,ReplicationProjection,131200,
2021,SnapshotHashMetrics,200,
2021,EgressPublish,10394000,
2022,IngressCapture,3500,
2022,DecodeAndCanonicalize,200,
2022,ApplyInputs,222900,
2022,ProcessorPlan,36200,
2022,CrossWorldPrepare,500,
2022,NativeJobBarrier,300,
2022,CommitDecision,200,
2022,VoxelCommit,300,
2022,EcsCommandBufferCommit,103200,
2022,GasAndEventFinalize,31600,
2022,ReplicationProjection,134800,
2022,SnapshotHashMetrics,400,
2022,EgressPublish,8453000,
2023,IngressCapture,3600,
2023,DecodeAndCanonicalize,200,
2023,ApplyInputs,189200,
2023,ProcessorPlan,33300,
2023,CrossWorldPrepare,400,
2023,NativeJobBarrier,200,
2023,CommitDecision,200,
2023,VoxelCommit,500,
2023,EcsCommandBufferCommit,97200,
2023,GasAndEventFinalize,35700,
2023,ReplicationProjection,140500,
2023,SnapshotHashMetrics,100,
2023,EgressPublish,11336300,
2024,IngressCapture,4900,
2024,DecodeAndCanonicalize,200,
2024,ApplyInputs,269600,
2024,ProcessorPlan,36100,
2024,CrossWorldPrepare,500,
2024,NativeJobBarrier,200,
2024,CommitDecision,300,
2024,VoxelCommit,800,
2024,EcsCommandBufferCommit,123500,
2024,GasAndEventFinalize,36700,
2024,ReplicationProjection,145100,
2024,SnapshotHashMetrics,200,
2024,EgressPublish,13273500,
2025,IngressCapture,4400,
2025,DecodeAndCanonicalize,100,
2025,ApplyInputs,513200,
2025,ProcessorPlan,35600,
2025,CrossWorldPrepare,900,
2025,NativeJobBarrier,400,
2025,CommitDecision,100,
2025,VoxelCommit,500,
2025,EcsCommandBufferCommit,652900,
2025,GasAndEventFinalize,45300,
2025,ReplicationProjection,555700,
2025,SnapshotHashMetrics,300,
2025,EgressPublish,11710400,
2026,IngressCapture,3100,
2026,DecodeAndCanonicalize,200,
2026,ApplyInputs,328200,
2026,ProcessorPlan,70900,
2026,CrossWorldPrepare,800,
2026,NativeJobBarrier,300,
2026,CommitDecision,400,
2026,VoxelCommit,500,
2026,EcsCommandBufferCommit,159600,
2026,GasAndEventFinalize,53200,
2026,ReplicationProjection,232500,
2026,SnapshotHashMetrics,500,
2026,EgressPublish,15834200,
2027,IngressCapture,3600,
2027,DecodeAndCanonicalize,200,
2027,ApplyInputs,214100,
2027,ProcessorPlan,34400,
2027,CrossWorldPrepare,400,
2027,NativeJobBarrier,100,
2027,CommitDecision,100,
2027,VoxelCommit,400,
2027,EcsCommandBufferCommit,76100,
2027,GasAndEventFinalize,27600,
2027,ReplicationProjection,136800,
2027,SnapshotHashMetrics,200,
2027,EgressPublish,12145800,
2028,IngressCapture,3400,
2028,DecodeAndCanonicalize,400,
2028,ApplyInputs,242500,
2028,ProcessorPlan,35500,
2028,CrossWorldPrepare,500,
2028,NativeJobBarrier,100,
2028,CommitDecision,100,
2028,VoxelCommit,400,
2028,EcsCommandBufferCommit,103600,
2028,GasAndEventFinalize,33800,
2028,ReplicationProjection,143600,
2028,SnapshotHashMetrics,400,
2028,EgressPublish,12318900,
2029,IngressCapture,6100,
2029,DecodeAndCanonicalize,800,
2029,ApplyInputs,385600,
2029,ProcessorPlan,88500,
2029,CrossWorldPrepare,1100,
2029,NativeJobBarrier,200,
2029,CommitDecision,300,
2029,VoxelCommit,1500,
2029,EcsCommandBufferCommit,211000,
2029,GasAndEventFinalize,71900,
2029,ReplicationProjection,262700,
2029,SnapshotHashMetrics,200,
2029,EgressPublish,15317100,
2030,IngressCapture,2900,
2030,DecodeAndCanonicalize,300,
2030,ApplyInputs,210900,
2030,ProcessorPlan,34000,
2030,CrossWorldPrepare,700,
2030,NativeJobBarrier,200,
2030,CommitDecision,100,
2030,VoxelCommit,400,
2030,EcsCommandBufferCommit,107900,
2030,GasAndEventFinalize,30800,
2030,ReplicationProjection,146500,
2030,SnapshotHashMetrics,100,
2030,EgressPublish,9734400,
2031,IngressCapture,3000,
2031,DecodeAndCanonicalize,200,
2031,ApplyInputs,195300,
2031,ProcessorPlan,38600,
2031,CrossWorldPrepare,500,
2031,NativeJobBarrier,200,
2031,CommitDecision,300,
2031,VoxelCommit,300,
2031,EcsCommandBufferCommit,109700,
2031,GasAndEventFinalize,36000,
2031,ReplicationProjection,147600,
2031,SnapshotHashMetrics,400,
2031,EgressPublish,10893800,
2032,IngressCapture,2900,
2032,DecodeAndCanonicalize,300,
2032,ApplyInputs,233600,
2032,ProcessorPlan,34400,
2032,CrossWorldPrepare,500,
2032,NativeJobBarrier,200,
2032,CommitDecision,200,
2032,VoxelCommit,300,
2032,EcsCommandBufferCommit,97300,
2032,GasAndEventFinalize,32900,
2032,ReplicationProjection,149400,
2032,SnapshotHashMetrics,300,
2032,EgressPublish,10331700,
2033,IngressCapture,4000,
2033,DecodeAndCanonicalize,200,
2033,ApplyInputs,609400,
2033,ProcessorPlan,56500,
2033,CrossWorldPrepare,800,
2033,NativeJobBarrier,300,
2033,CommitDecision,100,
2033,VoxelCommit,1300,
2033,EcsCommandBufferCommit,128400,
2033,GasAndEventFinalize,69700,
2033,ReplicationProjection,234000,
2033,SnapshotHashMetrics,200,
2033,EgressPublish,13115500,
2034,IngressCapture,5300,
2034,DecodeAndCanonicalize,200,
2034,ApplyInputs,237800,
2034,ProcessorPlan,40700,
2034,CrossWorldPrepare,700,
2034,NativeJobBarrier,100,
2034,CommitDecision,400,
2034,VoxelCommit,200,
2034,EcsCommandBufferCommit,112900,
2034,GasAndEventFinalize,36100,
2034,ReplicationProjection,156400,
2034,SnapshotHashMetrics,200,
2034,EgressPublish,10838100,
2035,IngressCapture,3900,
2035,DecodeAndCanonicalize,200,
2035,ApplyInputs,223300,
2035,ProcessorPlan,32200,
2035,CrossWorldPrepare,500,
2035,NativeJobBarrier,100,
2035,CommitDecision,100,
2035,VoxelCommit,300,
2035,EcsCommandBufferCommit,82400,
2035,GasAndEventFinalize,28800,
2035,ReplicationProjection,138800,
2035,SnapshotHashMetrics,200,
2035,EgressPublish,10478400,
2036,IngressCapture,3800,
2036,DecodeAndCanonicalize,200,
2036,ApplyInputs,191300,
2036,ProcessorPlan,35500,
2036,CrossWorldPrepare,600,
2036,NativeJobBarrier,200,
2036,CommitDecision,100,
2036,VoxelCommit,400,
2036,EcsCommandBufferCommit,138900,
2036,GasAndEventFinalize,62800,
2036,ReplicationProjection,668200,
2036,SnapshotHashMetrics,400,
2036,EgressPublish,8640800,
2037,IngressCapture,4500,
2037,DecodeAndCanonicalize,100,
2037,ApplyInputs,263600,
2037,ProcessorPlan,34700,
2037,CrossWorldPrepare,500,
2037,NativeJobBarrier,100,
2037,CommitDecision,200,
2037,VoxelCommit,200,
2037,EcsCommandBufferCommit,427200,
2037,GasAndEventFinalize,37000,
2037,ReplicationProjection,496200,
2037,SnapshotHashMetrics,800,
2037,EgressPublish,10380100,
2038,IngressCapture,6300,
2038,DecodeAndCanonicalize,200,
2038,ApplyInputs,209900,
2038,ProcessorPlan,33000,
2038,CrossWorldPrepare,1100,
2038,NativeJobBarrier,100,
2038,CommitDecision,200,
2038,VoxelCommit,200,
2038,EcsCommandBufferCommit,98700,
2038,GasAndEventFinalize,29300,
2038,ReplicationProjection,152200,
2038,SnapshotHashMetrics,200,
2038,EgressPublish,11330300,
2039,IngressCapture,3800,
2039,DecodeAndCanonicalize,200,
2039,ApplyInputs,202500,
2039,ProcessorPlan,54800,
2039,CrossWorldPrepare,700,
2039,NativeJobBarrier,300,
2039,CommitDecision,600,
2039,VoxelCommit,700,
2039,EcsCommandBufferCommit,206900,
2039,GasAndEventFinalize,45200,
2039,ReplicationProjection,154200,
2039,SnapshotHashMetrics,300,
2039,EgressPublish,10377400,
2040,IngressCapture,3000,
2040,DecodeAndCanonicalize,100,
2040,ApplyInputs,198900,
2040,ProcessorPlan,31600,
2040,CrossWorldPrepare,400,
2040,NativeJobBarrier,200,
2040,CommitDecision,100,
2040,VoxelCommit,300,
2040,EcsCommandBufferCommit,79500,
2040,GasAndEventFinalize,28400,
2040,ReplicationProjection,140300,
2040,SnapshotHashMetrics,300,
2040,EgressPublish,10794400,
2041,IngressCapture,3100,
2041,DecodeAndCanonicalize,100,
2041,ApplyInputs,270100,
2041,ProcessorPlan,113300,
2041,CrossWorldPrepare,700,
2041,NativeJobBarrier,300,
2041,CommitDecision,100,
2041,VoxelCommit,400,
2041,EcsCommandBufferCommit,89100,
2041,GasAndEventFinalize,44300,
2041,ReplicationProjection,144600,
2041,SnapshotHashMetrics,200,
2041,EgressPublish,10408600,
2042,IngressCapture,2800,
2042,DecodeAndCanonicalize,200,
2042,ApplyInputs,189500,
2042,ProcessorPlan,32600,
2042,CrossWorldPrepare,400,
2042,NativeJobBarrier,200,
2042,CommitDecision,200,
2042,VoxelCommit,300,
2042,EcsCommandBufferCommit,91500,
2042,GasAndEventFinalize,27000,
2042,ReplicationProjection,145800,
2042,SnapshotHashMetrics,200,
2042,EgressPublish,9541800,
2043,IngressCapture,3000,
2043,DecodeAndCanonicalize,200,
2043,ApplyInputs,231700,
2043,ProcessorPlan,34000,
2043,CrossWorldPrepare,700,
2043,NativeJobBarrier,200,
2043,CommitDecision,100,
2043,VoxelCommit,400,
2043,EcsCommandBufferCommit,541000,
2043,GasAndEventFinalize,45500,
2043,ReplicationProjection,563000,
2043,SnapshotHashMetrics,1100,
2043,EgressPublish,13568900,
2044,IngressCapture,4000,
2044,DecodeAndCanonicalize,200,
2044,ApplyInputs,189000,
2044,ProcessorPlan,34000,
2044,CrossWorldPrepare,900,
2044,NativeJobBarrier,200,
2044,CommitDecision,200,
2044,VoxelCommit,500,
2044,EcsCommandBufferCommit,123400,
2044,GasAndEventFinalize,35200,
2044,ReplicationProjection,151600,
2044,SnapshotHashMetrics,100,
2044,EgressPublish,11621400,
2045,IngressCapture,5200,
2045,DecodeAndCanonicalize,200,
2045,ApplyInputs,280700,
2045,ProcessorPlan,38900,
2045,CrossWorldPrepare,800,
2045,NativeJobBarrier,100,
2045,CommitDecision,100,
2045,VoxelCommit,200,
2045,EcsCommandBufferCommit,112800,
2045,GasAndEventFinalize,36900,
2045,ReplicationProjection,202300,
2045,SnapshotHashMetrics,600,
2045,EgressPublish,15586100,
2046,IngressCapture,4300,
2046,DecodeAndCanonicalize,200,
2046,ApplyInputs,239800,
2046,ProcessorPlan,38100,
2046,CrossWorldPrepare,600,
2046,NativeJobBarrier,100,
2046,CommitDecision,200,
2046,VoxelCommit,900,
2046,EcsCommandBufferCommit,118200,
2046,GasAndEventFinalize,40700,
2046,ReplicationProjection,151700,
2046,SnapshotHashMetrics,200,
2046,EgressPublish,16224400,
2047,IngressCapture,4200,
2047,DecodeAndCanonicalize,200,
2047,ApplyInputs,321700,
2047,ProcessorPlan,35300,
2047,CrossWorldPrepare,400,
2047,NativeJobBarrier,100,
2047,CommitDecision,300,
2047,VoxelCommit,400,
2047,EcsCommandBufferCommit,101500,
2047,GasAndEventFinalize,29400,
2047,ReplicationProjection,143300,
2047,SnapshotHashMetrics,200,
2047,EgressPublish,11941500,
2048,IngressCapture,2400,
2048,DecodeAndCanonicalize,200,
2048,ApplyInputs,208800,
2048,ProcessorPlan,33600,
2048,CrossWorldPrepare,600,
2048,NativeJobBarrier,200,
2048,CommitDecision,300,
2048,VoxelCommit,400,
2048,EcsCommandBufferCommit,94100,
2048,GasAndEventFinalize,30700,
2048,ReplicationProjection,145000,
2048,SnapshotHashMetrics,600,
2048,EgressPublish,11901800,
2049,IngressCapture,4500,
2049,DecodeAndCanonicalize,100,
2049,ApplyInputs,280800,
2049,ProcessorPlan,131200,
2049,CrossWorldPrepare,1100,
2049,NativeJobBarrier,700,
2049,CommitDecision,400,
2049,VoxelCommit,1200,
2049,EcsCommandBufferCommit,159100,
2049,GasAndEventFinalize,61800,
2049,ReplicationProjection,162700,
2049,SnapshotHashMetrics,100,
2049,EgressPublish,11751600,
2050,IngressCapture,5200,
2050,DecodeAndCanonicalize,200,
2050,ApplyInputs,548000,
2050,ProcessorPlan,82100,
2050,CrossWorldPrepare,2300,
2050,NativeJobBarrier,500,
2050,CommitDecision,500,
2050,VoxelCommit,1200,
2050,EcsCommandBufferCommit,240000,
2050,GasAndEventFinalize,88300,
2050,ReplicationProjection,245100,
2050,SnapshotHashMetrics,700,
2050,EgressPublish,15679800,
2051,IngressCapture,3900,
2051,DecodeAndCanonicalize,200,
2051,ApplyInputs,240600,
2051,ProcessorPlan,74600,
2051,CrossWorldPrepare,2000,
2051,NativeJobBarrier,200,
2051,CommitDecision,300,
2051,VoxelCommit,700,
2051,EcsCommandBufferCommit,160700,
2051,GasAndEventFinalize,42400,
2051,ReplicationProjection,222800,
2051,SnapshotHashMetrics,400,
2051,EgressPublish,12905300,
2052,IngressCapture,4700,
2052,DecodeAndCanonicalize,100,
2052,ApplyInputs,289500,
2052,ProcessorPlan,39900,
2052,CrossWorldPrepare,800,
2052,NativeJobBarrier,100,
2052,CommitDecision,400,
2052,VoxelCommit,700,
2052,EcsCommandBufferCommit,137300,
2052,GasAndEventFinalize,45900,
2052,ReplicationProjection,157100,
2052,SnapshotHashMetrics,300,
2052,EgressPublish,12499300,
2053,IngressCapture,3600,
2053,DecodeAndCanonicalize,200,
2053,ApplyInputs,270700,
2053,ProcessorPlan,42200,
2053,CrossWorldPrepare,800,
2053,NativeJobBarrier,200,
2053,CommitDecision,600,
2053,VoxelCommit,600,
2053,EcsCommandBufferCommit,138200,
2053,GasAndEventFinalize,40700,
2053,ReplicationProjection,159700,
2053,SnapshotHashMetrics,100,
2053,EgressPublish,12029600,
2054,IngressCapture,4800,
2054,DecodeAndCanonicalize,200,
2054,ApplyInputs,222500,
2054,ProcessorPlan,39100,
2054,CrossWorldPrepare,900,
2054,NativeJobBarrier,100,
2054,CommitDecision,500,
2054,VoxelCommit,500,
2054,EcsCommandBufferCommit,468200,
2054,GasAndEventFinalize,65800,
2054,ReplicationProjection,1369200,
2054,SnapshotHashMetrics,500,
2054,EgressPublish,13473200,
2055,IngressCapture,4700,
2055,DecodeAndCanonicalize,400,
2055,ApplyInputs,401900,
2055,ProcessorPlan,60600,
2055,CrossWorldPrepare,1100,
2055,NativeJobBarrier,200,
2055,CommitDecision,200,
2055,VoxelCommit,700,
2055,EcsCommandBufferCommit,170100,
2055,GasAndEventFinalize,53300,
2055,ReplicationProjection,260000,
2055,SnapshotHashMetrics,500,
2055,EgressPublish,14534000,
2056,IngressCapture,5100,
2056,DecodeAndCanonicalize,100,
2056,ApplyInputs,213300,
2056,ProcessorPlan,36000,
2056,CrossWorldPrepare,600,
2056,NativeJobBarrier,300,
2056,CommitDecision,300,
2056,VoxelCommit,300,
2056,EcsCommandBufferCommit,112100,
2056,GasAndEventFinalize,36700,
2056,ReplicationProjection,150900,
2056,SnapshotHashMetrics,400,
2056,EgressPublish,10600500,
2057,IngressCapture,4900,
2057,DecodeAndCanonicalize,200,
2057,ApplyInputs,476500,
2057,ProcessorPlan,71500,
2057,CrossWorldPrepare,1100,
2057,NativeJobBarrier,200,
2057,CommitDecision,300,
2057,VoxelCommit,200,
2057,EcsCommandBufferCommit,142800,
2057,GasAndEventFinalize,68400,
2057,ReplicationProjection,188500,
2057,SnapshotHashMetrics,200,
2057,EgressPublish,13944600,
2058,IngressCapture,5700,
2058,DecodeAndCanonicalize,400,
2058,ApplyInputs,481100,
2058,ProcessorPlan,75100,
2058,CrossWorldPrepare,1900,
2058,NativeJobBarrier,500,
2058,CommitDecision,800,
2058,VoxelCommit,1300,
2058,EcsCommandBufferCommit,204300,
2058,GasAndEventFinalize,67900,
2058,ReplicationProjection,288200,
2058,SnapshotHashMetrics,300,
2058,EgressPublish,17491400,
2059,IngressCapture,4700,
2059,DecodeAndCanonicalize,300,
2059,ApplyInputs,488900,
2059,ProcessorPlan,63700,
2059,CrossWorldPrepare,900,
2059,NativeJobBarrier,200,
2059,CommitDecision,200,
2059,VoxelCommit,800,
2059,EcsCommandBufferCommit,217100,
2059,GasAndEventFinalize,71500,
2059,ReplicationProjection,300600,
2059,SnapshotHashMetrics,1500,
2059,EgressPublish,17227500,
2060,IngressCapture,6500,
2060,DecodeAndCanonicalize,400,
2060,ApplyInputs,460800,
2060,ProcessorPlan,70500,
2060,CrossWorldPrepare,800,
2060,NativeJobBarrier,400,
2060,CommitDecision,400,
2060,VoxelCommit,700,
2060,EcsCommandBufferCommit,317000,
2060,GasAndEventFinalize,115600,
2060,ReplicationProjection,1022800,
2060,SnapshotHashMetrics,1200,
2060,EgressPublish,19529500,
2061,IngressCapture,12400,
2061,DecodeAndCanonicalize,200,
2061,ApplyInputs,450600,
2061,ProcessorPlan,57200,
2061,CrossWorldPrepare,1700,
2061,NativeJobBarrier,200,
2061,CommitDecision,200,
2061,VoxelCommit,400,
2061,EcsCommandBufferCommit,173900,
2061,GasAndEventFinalize,64000,
2061,ReplicationProjection,258100,
2061,SnapshotHashMetrics,300,
2061,EgressPublish,17193700,
2062,IngressCapture,6300,
2062,DecodeAndCanonicalize,300,
2062,ApplyInputs,393700,
2062,ProcessorPlan,69900,
2062,CrossWorldPrepare,1000,
2062,NativeJobBarrier,500,
2062,CommitDecision,1100,
2062,VoxelCommit,1000,
2062,EcsCommandBufferCommit,251100,
2062,GasAndEventFinalize,111100,
2062,ReplicationProjection,310200,
2062,SnapshotHashMetrics,900,
2062,EgressPublish,21012900,
2063,IngressCapture,6400,
2063,DecodeAndCanonicalize,700,
2063,ApplyInputs,755900,
2063,ProcessorPlan,81200,
2063,CrossWorldPrepare,1500,
2063,NativeJobBarrier,300,
2063,CommitDecision,200,
2063,VoxelCommit,1100,
2063,EcsCommandBufferCommit,285100,
2063,GasAndEventFinalize,97200,
2063,ReplicationProjection,333400,
2063,SnapshotHashMetrics,800,
2063,EgressPublish,21296000,
2064,IngressCapture,4700,
2064,DecodeAndCanonicalize,200,
2064,ApplyInputs,249700,
2064,ProcessorPlan,34200,
2064,CrossWorldPrepare,700,
2064,NativeJobBarrier,200,
2064,CommitDecision,300,
2064,VoxelCommit,400,
2064,EcsCommandBufferCommit,123400,
2064,GasAndEventFinalize,43400,
2064,ReplicationProjection,171700,
2064,SnapshotHashMetrics,200,
2064,EgressPublish,18682200,
2065,IngressCapture,6200,
2065,DecodeAndCanonicalize,300,
2065,ApplyInputs,441300,
2065,ProcessorPlan,218300,
2065,CrossWorldPrepare,1800,
2065,NativeJobBarrier,800,
2065,CommitDecision,500,
2065,VoxelCommit,800,
2065,EcsCommandBufferCommit,235500,
2065,GasAndEventFinalize,115500,
2065,ReplicationProjection,294400,
2065,SnapshotHashMetrics,800,
2065,EgressPublish,19257600,
2066,IngressCapture,4800,
2066,DecodeAndCanonicalize,200,
2066,ApplyInputs,373000,
2066,ProcessorPlan,54800,
2066,CrossWorldPrepare,600,
2066,NativeJobBarrier,200,
2066,CommitDecision,400,
2066,VoxelCommit,1300,
2066,EcsCommandBufferCommit,170500,
2066,GasAndEventFinalize,66500,
2066,ReplicationProjection,246400,
2066,SnapshotHashMetrics,300,
2066,EgressPublish,18920100,
2067,IngressCapture,6000,
2067,DecodeAndCanonicalize,200,
2067,ApplyInputs,409900,
2067,ProcessorPlan,56300,
2067,CrossWorldPrepare,1000,
2067,NativeJobBarrier,300,
2067,CommitDecision,300,
2067,VoxelCommit,500,
2067,EcsCommandBufferCommit,179400,
2067,GasAndEventFinalize,65300,
2067,ReplicationProjection,245300,
2067,SnapshotHashMetrics,300,
2067,EgressPublish,19254000,
2068,IngressCapture,6000,
2068,DecodeAndCanonicalize,200,
2068,ApplyInputs,415700,
2068,ProcessorPlan,71600,
2068,CrossWorldPrepare,1400,
2068,NativeJobBarrier,900,
2068,CommitDecision,500,
2068,VoxelCommit,1100,
2068,EcsCommandBufferCommit,225300,
2068,GasAndEventFinalize,69400,
2068,ReplicationProjection,249800,
2068,SnapshotHashMetrics,400,
2068,EgressPublish,21044500,
2069,IngressCapture,7400,
2069,DecodeAndCanonicalize,300,
2069,ApplyInputs,502200,
2069,ProcessorPlan,62700,
2069,CrossWorldPrepare,800,
2069,NativeJobBarrier,300,
2069,CommitDecision,300,
2069,VoxelCommit,900,
2069,EcsCommandBufferCommit,166000,
2069,GasAndEventFinalize,64100,
2069,ReplicationProjection,480000,
2069,SnapshotHashMetrics,400,
2069,EgressPublish,19411300,
2070,IngressCapture,6600,
2070,DecodeAndCanonicalize,200,
2070,ApplyInputs,364400,
2070,ProcessorPlan,76900,
2070,CrossWorldPrepare,1200,
2070,NativeJobBarrier,200,
2070,CommitDecision,200,
2070,VoxelCommit,600,
2070,EcsCommandBufferCommit,216600,
2070,GasAndEventFinalize,74800,
2070,ReplicationProjection,273700,
2070,SnapshotHashMetrics,900,
2070,EgressPublish,18130700,
2071,IngressCapture,6200,
2071,DecodeAndCanonicalize,100,
2071,ApplyInputs,321700,
2071,ProcessorPlan,41200,
2071,CrossWorldPrepare,900,
2071,NativeJobBarrier,100,
2071,CommitDecision,400,
2071,VoxelCommit,1000,
2071,EcsCommandBufferCommit,175400,
2071,GasAndEventFinalize,54000,
2071,ReplicationProjection,172700,
2071,SnapshotHashMetrics,200,
2071,EgressPublish,17412900,
2072,IngressCapture,6800,
2072,DecodeAndCanonicalize,300,
2072,ApplyInputs,385000,
2072,ProcessorPlan,64400,
2072,CrossWorldPrepare,900,
2072,NativeJobBarrier,200,
2072,CommitDecision,500,
2072,VoxelCommit,700,
2072,EcsCommandBufferCommit,199700,
2072,GasAndEventFinalize,69400,
2072,ReplicationProjection,253200,
2072,SnapshotHashMetrics,600,
2072,EgressPublish,16743700,
2073,IngressCapture,6800,
2073,DecodeAndCanonicalize,300,
2073,ApplyInputs,735200,
2073,ProcessorPlan,142100,
2073,CrossWorldPrepare,1800,
2073,NativeJobBarrier,200,
2073,CommitDecision,400,
2073,VoxelCommit,800,
2073,EcsCommandBufferCommit,225900,
2073,GasAndEventFinalize,125700,
2073,ReplicationProjection,263000,
2073,SnapshotHashMetrics,400,
2073,EgressPublish,20156800,
2074,IngressCapture,5500,
2074,DecodeAndCanonicalize,400,
2074,ApplyInputs,422500,
2074,ProcessorPlan,62200,
2074,CrossWorldPrepare,600,
2074,NativeJobBarrier,200,
2074,CommitDecision,200,
2074,VoxelCommit,1100,
2074,EcsCommandBufferCommit,1179600,
2074,GasAndEventFinalize,117000,
2074,ReplicationProjection,278500,
2074,SnapshotHashMetrics,1100,
2074,EgressPublish,18366200,
2075,IngressCapture,4300,
2075,DecodeAndCanonicalize,1100,
2075,ApplyInputs,349300,
2075,ProcessorPlan,60600,
2075,CrossWorldPrepare,1800,
2075,NativeJobBarrier,200,
2075,CommitDecision,200,
2075,VoxelCommit,1100,
2075,EcsCommandBufferCommit,173600,
2075,GasAndEventFinalize,61700,
2075,ReplicationProjection,234900,
2075,SnapshotHashMetrics,200,
2075,EgressPublish,19789100,
2076,IngressCapture,4800,
2076,DecodeAndCanonicalize,300,
2076,ApplyInputs,290600,
2076,ProcessorPlan,42000,
2076,CrossWorldPrepare,700,
2076,NativeJobBarrier,100,
2076,CommitDecision,100,
2076,VoxelCommit,900,
2076,EcsCommandBufferCommit,149100,
2076,GasAndEventFinalize,49100,
2076,ReplicationProjection,154300,
2076,SnapshotHashMetrics,800,
2076,EgressPublish,16533600,
2077,IngressCapture,4400,
2077,DecodeAndCanonicalize,300,
2077,ApplyInputs,320700,
2077,ProcessorPlan,66400,
2077,CrossWorldPrepare,1200,
2077,NativeJobBarrier,300,
2077,CommitDecision,400,
2077,VoxelCommit,300,
2077,EcsCommandBufferCommit,179000,
2077,GasAndEventFinalize,61500,
2077,ReplicationProjection,233600,
2077,SnapshotHashMetrics,200,
2077,EgressPublish,19069000,
2078,IngressCapture,4600,
2078,DecodeAndCanonicalize,100,
2078,ApplyInputs,295800,
2078,ProcessorPlan,42600,
2078,CrossWorldPrepare,800,
2078,NativeJobBarrier,100,
2078,CommitDecision,1000,
2078,VoxelCommit,300,
2078,EcsCommandBufferCommit,163100,
2078,GasAndEventFinalize,45900,
2078,ReplicationProjection,156600,
2078,SnapshotHashMetrics,200,
2078,EgressPublish,19240700,
2079,IngressCapture,5300,
2079,DecodeAndCanonicalize,200,
2079,ApplyInputs,492900,
2079,ProcessorPlan,59000,
2079,CrossWorldPrepare,800,
2079,NativeJobBarrier,300,
2079,CommitDecision,700,
2079,VoxelCommit,800,
2079,EcsCommandBufferCommit,170800,
2079,GasAndEventFinalize,69700,
2079,ReplicationProjection,258100,
2079,SnapshotHashMetrics,500,
2079,EgressPublish,18912500,
2080,IngressCapture,6300,
2080,DecodeAndCanonicalize,300,
2080,ApplyInputs,354300,
2080,ProcessorPlan,56500,
2080,CrossWorldPrepare,800,
2080,NativeJobBarrier,600,
2080,CommitDecision,600,
2080,VoxelCommit,600,
2080,EcsCommandBufferCommit,207600,
2080,GasAndEventFinalize,67100,
2080,ReplicationProjection,237700,
2080,SnapshotHashMetrics,600,
2080,EgressPublish,19044700,
2081,IngressCapture,6500,
2081,DecodeAndCanonicalize,300,
2081,ApplyInputs,938800,
2081,ProcessorPlan,171500,
2081,CrossWorldPrepare,1500,
2081,NativeJobBarrier,300,
2081,CommitDecision,300,
2081,VoxelCommit,1000,
2081,EcsCommandBufferCommit,216600,
2081,GasAndEventFinalize,91700,
2081,ReplicationProjection,258500,
2081,SnapshotHashMetrics,500,
2081,EgressPublish,18499700,
2082,IngressCapture,5500,
2082,DecodeAndCanonicalize,200,
2082,ApplyInputs,338200,
2082,ProcessorPlan,76000,
2082,CrossWorldPrepare,1200,
2082,NativeJobBarrier,1600,
2082,CommitDecision,300,
2082,VoxelCommit,1200,
2082,EcsCommandBufferCommit,224100,
2082,GasAndEventFinalize,93300,
2082,ReplicationProjection,295300,
2082,SnapshotHashMetrics,400,
2082,EgressPublish,19463900,
2083,IngressCapture,4700,
2083,DecodeAndCanonicalize,300,
2083,ApplyInputs,339400,
2083,ProcessorPlan,55900,
2083,CrossWorldPrepare,500,
2083,NativeJobBarrier,300,
2083,CommitDecision,300,
2083,VoxelCommit,1100,
2083,EcsCommandBufferCommit,203800,
2083,GasAndEventFinalize,50600,
2083,ReplicationProjection,158500,
2083,SnapshotHashMetrics,400,
2083,EgressPublish,14565200,
2084,IngressCapture,3900,
2084,DecodeAndCanonicalize,200,
2084,ApplyInputs,282500,
2084,ProcessorPlan,41600,
2084,CrossWorldPrepare,600,
2084,NativeJobBarrier,200,
2084,CommitDecision,500,
2084,VoxelCommit,400,
2084,EcsCommandBufferCommit,130800,
2084,GasAndEventFinalize,37500,
2084,ReplicationProjection,158100,
2084,SnapshotHashMetrics,100,
2084,EgressPublish,16022900,
2085,IngressCapture,4400,
2085,DecodeAndCanonicalize,200,
2085,ApplyInputs,290800,
2085,ProcessorPlan,62000,
2085,CrossWorldPrepare,1000,
2085,NativeJobBarrier,200,
2085,CommitDecision,500,
2085,VoxelCommit,800,
2085,EcsCommandBufferCommit,207000,
2085,GasAndEventFinalize,64700,
2085,ReplicationProjection,241300,
2085,SnapshotHashMetrics,500,
2085,EgressPublish,15759600,
2086,IngressCapture,5700,
2086,DecodeAndCanonicalize,200,
2086,ApplyInputs,400900,
2086,ProcessorPlan,58800,
2086,CrossWorldPrepare,1400,
2086,NativeJobBarrier,200,
2086,CommitDecision,200,
2086,VoxelCommit,900,
2086,EcsCommandBufferCommit,191900,
2086,GasAndEventFinalize,76200,
2086,ReplicationProjection,246800,
2086,SnapshotHashMetrics,700,
2086,EgressPublish,18418100,
2087,IngressCapture,4900,
2087,DecodeAndCanonicalize,200,
2087,ApplyInputs,375600,
2087,ProcessorPlan,74000,
2087,CrossWorldPrepare,700,
2087,NativeJobBarrier,400,
2087,CommitDecision,500,
2087,VoxelCommit,600,
2087,EcsCommandBufferCommit,211500,
2087,GasAndEventFinalize,72200,
2087,ReplicationProjection,245700,
2087,SnapshotHashMetrics,500,
2087,EgressPublish,16928100,
2088,IngressCapture,6500,
2088,DecodeAndCanonicalize,200,
2088,ApplyInputs,592300,
2088,ProcessorPlan,70000,
2088,CrossWorldPrepare,1000,
2088,NativeJobBarrier,300,
2088,CommitDecision,500,
2088,VoxelCommit,1100,
2088,EcsCommandBufferCommit,230500,
2088,GasAndEventFinalize,98500,
2088,ReplicationProjection,300100,
2088,SnapshotHashMetrics,2000,
2088,EgressPublish,19565000,
2089,IngressCapture,4200,
2089,DecodeAndCanonicalize,200,
2089,ApplyInputs,742300,
2089,ProcessorPlan,200000,
2089,CrossWorldPrepare,1100,
2089,NativeJobBarrier,200,
2089,CommitDecision,500,
2089,VoxelCommit,300,
2089,EcsCommandBufferCommit,296800,
2089,GasAndEventFinalize,132900,
2089,ReplicationProjection,279200,
2089,SnapshotHashMetrics,400,
2089,EgressPublish,20934700,
2090,IngressCapture,5400,
2090,DecodeAndCanonicalize,200,
2090,ApplyInputs,346300,
2090,ProcessorPlan,61900,
2090,CrossWorldPrepare,1100,
2090,NativeJobBarrier,200,
2090,CommitDecision,400,
2090,VoxelCommit,400,
2090,EcsCommandBufferCommit,217600,
2090,GasAndEventFinalize,97000,
2090,ReplicationProjection,275400,
2090,SnapshotHashMetrics,800,
2090,EgressPublish,17377100,
2091,IngressCapture,7000,
2091,DecodeAndCanonicalize,200,
2091,ApplyInputs,405700,
2091,ProcessorPlan,67000,
2091,CrossWorldPrepare,1300,
2091,NativeJobBarrier,200,
2091,CommitDecision,200,
2091,VoxelCommit,1000,
2091,EcsCommandBufferCommit,258800,
2091,GasAndEventFinalize,94600,
2091,ReplicationProjection,376200,
2091,SnapshotHashMetrics,600,
2091,EgressPublish,16545400,
2092,IngressCapture,5000,
2092,DecodeAndCanonicalize,200,
2092,ApplyInputs,447900,
2092,ProcessorPlan,57400,
2092,CrossWorldPrepare,800,
2092,NativeJobBarrier,300,
2092,CommitDecision,400,
2092,VoxelCommit,400,
2092,EcsCommandBufferCommit,160600,
2092,GasAndEventFinalize,57200,
2092,ReplicationProjection,218700,
2092,SnapshotHashMetrics,800,
2092,EgressPublish,18775300,
2093,IngressCapture,4700,
2093,DecodeAndCanonicalize,200,
2093,ApplyInputs,363500,
2093,ProcessorPlan,70300,
2093,CrossWorldPrepare,1700,
2093,NativeJobBarrier,200,
2093,CommitDecision,300,
2093,VoxelCommit,600,
2093,EcsCommandBufferCommit,195500,
2093,GasAndEventFinalize,72800,
2093,ReplicationProjection,258500,
2093,SnapshotHashMetrics,700,
2093,EgressPublish,19545300,
2094,IngressCapture,5000,
2094,DecodeAndCanonicalize,200,
2094,ApplyInputs,642700,
2094,ProcessorPlan,61400,
2094,CrossWorldPrepare,700,
2094,NativeJobBarrier,500,
2094,CommitDecision,600,
2094,VoxelCommit,500,
2094,EcsCommandBufferCommit,187800,
2094,GasAndEventFinalize,69000,
2094,ReplicationProjection,292600,
2094,SnapshotHashMetrics,600,
2094,EgressPublish,17049000,
2095,IngressCapture,6600,
2095,DecodeAndCanonicalize,100,
2095,ApplyInputs,343900,
2095,ProcessorPlan,70300,
2095,CrossWorldPrepare,1300,
2095,NativeJobBarrier,400,
2095,CommitDecision,700,
2095,VoxelCommit,700,
2095,EcsCommandBufferCommit,184500,
2095,GasAndEventFinalize,61400,
2095,ReplicationProjection,237200,
2095,SnapshotHashMetrics,500,
2095,EgressPublish,22147500,
2096,IngressCapture,5600,
2096,DecodeAndCanonicalize,300,
2096,ApplyInputs,463600,
2096,ProcessorPlan,70300,
2096,CrossWorldPrepare,900,
2096,NativeJobBarrier,400,
2096,CommitDecision,1100,
2096,VoxelCommit,800,
2096,EcsCommandBufferCommit,180900,
2096,GasAndEventFinalize,62900,
2096,ReplicationProjection,264400,
2096,SnapshotHashMetrics,900,
2096,EgressPublish,16864400,
2097,IngressCapture,5100,
2097,DecodeAndCanonicalize,200,
2097,ApplyInputs,495500,
2097,ProcessorPlan,70400,
2097,CrossWorldPrepare,500,
2097,NativeJobBarrier,200,
2097,CommitDecision,400,
2097,VoxelCommit,1100,
2097,EcsCommandBufferCommit,161400,
2097,GasAndEventFinalize,71200,
2097,ReplicationProjection,188700,
2097,SnapshotHashMetrics,500,
2097,EgressPublish,17475800,
2098,IngressCapture,6200,
2098,DecodeAndCanonicalize,200,
2098,ApplyInputs,269200,
2098,ProcessorPlan,42300,
2098,CrossWorldPrepare,1200,
2098,NativeJobBarrier,800,
2098,CommitDecision,700,
2098,VoxelCommit,800,
2098,EcsCommandBufferCommit,174700,
2098,GasAndEventFinalize,48200,
2098,ReplicationProjection,142600,
2098,SnapshotHashMetrics,200,
2098,EgressPublish,15095100,
2099,IngressCapture,4900,
2099,DecodeAndCanonicalize,400,
2099,ApplyInputs,458400,
2099,ProcessorPlan,69500,
2099,CrossWorldPrepare,900,
2099,NativeJobBarrier,200,
2099,CommitDecision,500,
2099,VoxelCommit,700,
2099,EcsCommandBufferCommit,218300,
2099,GasAndEventFinalize,73300,
2099,ReplicationProjection,274900,
2099,SnapshotHashMetrics,600,
2099,EgressPublish,16040500,
2100,IngressCapture,4400,
2100,DecodeAndCanonicalize,100,
2100,ApplyInputs,259900,
2100,ProcessorPlan,34800,
2100,CrossWorldPrepare,500,
2100,NativeJobBarrier,200,
2100,CommitDecision,200,
2100,VoxelCommit,600,
2100,EcsCommandBufferCommit,103400,
2100,GasAndEventFinalize,37200,
2100,ReplicationProjection,137000,
2100,SnapshotHashMetrics,300,
2100,EgressPublish,14427400,
2101,IngressCapture,7100,
2101,DecodeAndCanonicalize,200,
2101,ApplyInputs,398900,
2101,ProcessorPlan,74900,
2101,CrossWorldPrepare,1000,
2101,NativeJobBarrier,200,
2101,CommitDecision,200,
2101,VoxelCommit,700,
2101,EcsCommandBufferCommit,168100,
2101,GasAndEventFinalize,53100,
2101,ReplicationProjection,234800,
2101,SnapshotHashMetrics,600,
2101,EgressPublish,21041400,
2102,IngressCapture,10700,
2102,DecodeAndCanonicalize,400,
2102,ApplyInputs,332700,
2102,ProcessorPlan,38000,
2102,CrossWorldPrepare,300,
2102,NativeJobBarrier,100,
2102,CommitDecision,500,
2102,VoxelCommit,700,
2102,EcsCommandBufferCommit,136200,
2102,GasAndEventFinalize,44900,
2102,ReplicationProjection,140300,
2102,SnapshotHashMetrics,400,
2102,EgressPublish,14692600,
2103,IngressCapture,6300,
2103,DecodeAndCanonicalize,300,
2103,ApplyInputs,334500,
2103,ProcessorPlan,40600,
2103,CrossWorldPrepare,1000,
2103,NativeJobBarrier,200,
2103,CommitDecision,200,
2103,VoxelCommit,400,
2103,EcsCommandBufferCommit,138300,
2103,GasAndEventFinalize,41700,
2103,ReplicationProjection,140900,
2103,SnapshotHashMetrics,200,
2103,EgressPublish,14471200,
2104,IngressCapture,5600,
2104,DecodeAndCanonicalize,400,
2104,ApplyInputs,337700,
2104,ProcessorPlan,55800,
2104,CrossWorldPrepare,700,
2104,NativeJobBarrier,200,
2104,CommitDecision,200,
2104,VoxelCommit,1300,
2104,EcsCommandBufferCommit,159400,
2104,GasAndEventFinalize,55100,
2104,ReplicationProjection,238900,
2104,SnapshotHashMetrics,700,
2104,EgressPublish,14716800,
2105,IngressCapture,4600,
2105,DecodeAndCanonicalize,200,
2105,ApplyInputs,509000,
2105,ProcessorPlan,112700,
2105,CrossWorldPrepare,1300,
2105,NativeJobBarrier,300,
2105,CommitDecision,700,
2105,VoxelCommit,700,
2105,EcsCommandBufferCommit,152600,
2105,GasAndEventFinalize,68500,
2105,ReplicationProjection,265700,
2105,SnapshotHashMetrics,300,
2105,EgressPublish,13274400,
2106,IngressCapture,5800,
2106,DecodeAndCanonicalize,300,
2106,ApplyInputs,349900,
2106,ProcessorPlan,72600,
2106,CrossWorldPrepare,1100,
2106,NativeJobBarrier,300,
2106,CommitDecision,300,
2106,VoxelCommit,600,
2106,EcsCommandBufferCommit,177400,
2106,GasAndEventFinalize,72600,
2106,ReplicationProjection,284400,
2106,SnapshotHashMetrics,300,
2106,EgressPublish,15121300,
2107,IngressCapture,7500,
2107,DecodeAndCanonicalize,200,
2107,ApplyInputs,490400,
2107,ProcessorPlan,60000,
2107,CrossWorldPrepare,900,
2107,NativeJobBarrier,300,
2107,CommitDecision,400,
2107,VoxelCommit,900,
2107,EcsCommandBufferCommit,173300,
2107,GasAndEventFinalize,70200,
2107,ReplicationProjection,312300,
2107,SnapshotHashMetrics,400,
2107,EgressPublish,17449400,
2108,IngressCapture,5500,
2108,DecodeAndCanonicalize,200,
2108,ApplyInputs,383400,
2108,ProcessorPlan,97800,
2108,CrossWorldPrepare,1200,
2108,NativeJobBarrier,200,
2108,CommitDecision,700,
2108,VoxelCommit,900,
2108,EcsCommandBufferCommit,202400,
2108,GasAndEventFinalize,60700,
2108,ReplicationProjection,220100,
2108,SnapshotHashMetrics,500,
2108,EgressPublish,17462600,
2109,IngressCapture,5800,
2109,DecodeAndCanonicalize,200,
2109,ApplyInputs,485700,
2109,ProcessorPlan,50100,
2109,CrossWorldPrepare,800,
2109,NativeJobBarrier,200,
2109,CommitDecision,700,
2109,VoxelCommit,1000,
2109,EcsCommandBufferCommit,188000,
2109,GasAndEventFinalize,60200,
2109,ReplicationProjection,237700,
2109,SnapshotHashMetrics,700,
2109,EgressPublish,16107400,
2110,IngressCapture,7600,
2110,DecodeAndCanonicalize,200,
2110,ApplyInputs,332700,
2110,ProcessorPlan,45400,
2110,CrossWorldPrepare,1400,
2110,NativeJobBarrier,100,
2110,CommitDecision,100,
2110,VoxelCommit,1100,
2110,EcsCommandBufferCommit,181300,
2110,GasAndEventFinalize,53500,
2110,ReplicationProjection,156800,
2110,SnapshotHashMetrics,300,
2110,EgressPublish,17888900,
2111,IngressCapture,5200,
2111,DecodeAndCanonicalize,100,
2111,ApplyInputs,318800,
2111,ProcessorPlan,40700,
2111,CrossWorldPrepare,300,
2111,NativeJobBarrier,100,
2111,CommitDecision,200,
2111,VoxelCommit,300,
2111,EcsCommandBufferCommit,148300,
2111,GasAndEventFinalize,47500,
2111,ReplicationProjection,142600,
2111,SnapshotHashMetrics,200,
2111,EgressPublish,15749600,
2112,IngressCapture,4100,
2112,DecodeAndCanonicalize,300,
2112,ApplyInputs,300600,
2112,ProcessorPlan,35400,
2112,CrossWorldPrepare,400,
2112,NativeJobBarrier,200,
2112,CommitDecision,200,
2112,VoxelCommit,400,
2112,EcsCommandBufferCommit,108600,
2112,GasAndEventFinalize,35600,
2112,ReplicationProjection,131900,
2112,SnapshotHashMetrics,200,
2112,EgressPublish,14826700,
2113,IngressCapture,7700,
2113,DecodeAndCanonicalize,300,
2113,ApplyInputs,558500,
2113,ProcessorPlan,193100,
2113,CrossWorldPrepare,1300,
2113,NativeJobBarrier,200,
2113,CommitDecision,200,
2113,VoxelCommit,1000,
2113,EcsCommandBufferCommit,183400,
2113,GasAndEventFinalize,63300,
2113,ReplicationProjection,159300,
2113,SnapshotHashMetrics,300,
2113,EgressPublish,14208900,
2114,IngressCapture,5100,
2114,DecodeAndCanonicalize,200,
2114,ApplyInputs,355300,
2114,ProcessorPlan,60900,
2114,CrossWorldPrepare,800,
2114,NativeJobBarrier,700,
2114,CommitDecision,200,
2114,VoxelCommit,1000,
2114,EcsCommandBufferCommit,159900,
2114,GasAndEventFinalize,55600,
2114,ReplicationProjection,216300,
2114,SnapshotHashMetrics,600,
2114,EgressPublish,18907600,
2115,IngressCapture,6700,
2115,DecodeAndCanonicalize,700,
2115,ApplyInputs,270900,
2115,ProcessorPlan,42500,
2115,CrossWorldPrepare,1000,
2115,NativeJobBarrier,200,
2115,CommitDecision,700,
2115,VoxelCommit,700,
2115,EcsCommandBufferCommit,167500,
2115,GasAndEventFinalize,51500,
2115,ReplicationProjection,139300,
2115,SnapshotHashMetrics,100,
2115,EgressPublish,13527600,
2116,IngressCapture,8600,
2116,DecodeAndCanonicalize,1000,
2116,ApplyInputs,399300,
2116,ProcessorPlan,56300,
2116,CrossWorldPrepare,1100,
2116,NativeJobBarrier,200,
2116,CommitDecision,600,
2116,VoxelCommit,600,
2116,EcsCommandBufferCommit,176500,
2116,GasAndEventFinalize,59700,
2116,ReplicationProjection,288600,
2116,SnapshotHashMetrics,700,
2116,EgressPublish,14308500,
2117,IngressCapture,4600,
2117,DecodeAndCanonicalize,200,
2117,ApplyInputs,298800,
2117,ProcessorPlan,40600,
2117,CrossWorldPrepare,900,
2117,NativeJobBarrier,100,
2117,CommitDecision,100,
2117,VoxelCommit,500,
2117,EcsCommandBufferCommit,161600,
2117,GasAndEventFinalize,48300,
2117,ReplicationProjection,155600,
2117,SnapshotHashMetrics,200,
2117,EgressPublish,14772900,
2118,IngressCapture,6600,
2118,DecodeAndCanonicalize,400,
2118,ApplyInputs,453300,
2118,ProcessorPlan,80000,
2118,CrossWorldPrepare,1200,
2118,NativeJobBarrier,200,
2118,CommitDecision,400,
2118,VoxelCommit,700,
2118,EcsCommandBufferCommit,398300,
2118,GasAndEventFinalize,86500,
2118,ReplicationProjection,274200,
2118,SnapshotHashMetrics,500,
2118,EgressPublish,16349200,
2119,IngressCapture,5200,
2119,DecodeAndCanonicalize,200,
2119,ApplyInputs,419900,
2119,ProcessorPlan,51800,
2119,CrossWorldPrepare,400,
2119,NativeJobBarrier,300,
2119,CommitDecision,200,
2119,VoxelCommit,600,
2119,EcsCommandBufferCommit,161000,
2119,GasAndEventFinalize,53800,
2119,ReplicationProjection,235800,
2119,SnapshotHashMetrics,900,
2119,EgressPublish,16115200,
2120,IngressCapture,5300,
2120,DecodeAndCanonicalize,200,
2120,ApplyInputs,337500,
2120,ProcessorPlan,55000,
2120,CrossWorldPrepare,1000,
2120,NativeJobBarrier,200,
2120,CommitDecision,200,
2120,VoxelCommit,1000,
2120,EcsCommandBufferCommit,156600,
2120,GasAndEventFinalize,63900,
2120,ReplicationProjection,263100,
2120,SnapshotHashMetrics,200,
2120,EgressPublish,15849000,
2121,IngressCapture,5300,
2121,DecodeAndCanonicalize,200,
2121,ApplyInputs,740900,
2121,ProcessorPlan,60200,
2121,CrossWorldPrepare,1100,
2121,NativeJobBarrier,400,
2121,CommitDecision,800,
2121,VoxelCommit,600,
2121,EcsCommandBufferCommit,217900,
2121,GasAndEventFinalize,101600,
2121,ReplicationProjection,246600,
2121,SnapshotHashMetrics,400,
2121,EgressPublish,16444500,
2122,IngressCapture,3600,
2122,DecodeAndCanonicalize,200,
2122,ApplyInputs,299200,
2122,ProcessorPlan,40500,
2122,CrossWorldPrepare,1800,
2122,NativeJobBarrier,100,
2122,CommitDecision,300,
2122,VoxelCommit,300,
2122,EcsCommandBufferCommit,143400,
2122,GasAndEventFinalize,46800,
2122,ReplicationProjection,160400,
2122,SnapshotHashMetrics,500,
2122,EgressPublish,14815900,
2123,IngressCapture,5300,
2123,DecodeAndCanonicalize,200,
2123,ApplyInputs,311500,
2123,ProcessorPlan,69700,
2123,CrossWorldPrepare,700,
2123,NativeJobBarrier,400,
2123,CommitDecision,500,
2123,VoxelCommit,200,
2123,EcsCommandBufferCommit,216500,
2123,GasAndEventFinalize,38100,
2123,ReplicationProjection,148700,
2123,SnapshotHashMetrics,200,
2123,EgressPublish,12905400,
2124,IngressCapture,6600,
2124,DecodeAndCanonicalize,200,
2124,ApplyInputs,465300,
2124,ProcessorPlan,59100,
2124,CrossWorldPrepare,700,
2124,NativeJobBarrier,200,
2124,CommitDecision,500,
2124,VoxelCommit,400,
2124,EcsCommandBufferCommit,180500,
2124,GasAndEventFinalize,63800,
2124,ReplicationProjection,230800,
2124,SnapshotHashMetrics,600,
2124,EgressPublish,13998200,
2125,IngressCapture,3300,
2125,DecodeAndCanonicalize,200,
2125,ApplyInputs,352100,
2125,ProcessorPlan,61800,
2125,CrossWorldPrepare,1200,
2125,NativeJobBarrier,300,
2125,CommitDecision,300,
2125,VoxelCommit,700,
2125,EcsCommandBufferCommit,154000,
2125,GasAndEventFinalize,52300,
2125,ReplicationProjection,221100,
2125,SnapshotHashMetrics,800,
2125,EgressPublish,10280500,
2126,IngressCapture,2900,
2126,DecodeAndCanonicalize,100,
2126,ApplyInputs,189400,
2126,ProcessorPlan,35400,
2126,CrossWorldPrepare,500,
2126,NativeJobBarrier,100,
2126,CommitDecision,200,
2126,VoxelCommit,300,
2126,EcsCommandBufferCommit,102500,
2126,GasAndEventFinalize,30400,
2126,ReplicationProjection,132200,
2126,SnapshotHashMetrics,200,
2126,EgressPublish,9332200,
2127,IngressCapture,3600,
2127,DecodeAndCanonicalize,200,
2127,ApplyInputs,214300,
2127,ProcessorPlan,33500,
2127,CrossWorldPrepare,600,
2127,NativeJobBarrier,200,
2127,CommitDecision,200,
2127,VoxelCommit,400,
2127,EcsCommandBufferCommit,102500,
2127,GasAndEventFinalize,32600,
2127,ReplicationProjection,129000,
2127,SnapshotHashMetrics,200,
2127,EgressPublish,9661500,
2128,IngressCapture,5000,
2128,DecodeAndCanonicalize,100,
2128,ApplyInputs,519600,
2128,ProcessorPlan,78400,
2128,CrossWorldPrepare,600,
2128,NativeJobBarrier,200,
2128,CommitDecision,200,
2128,VoxelCommit,500,
2128,EcsCommandBufferCommit,127200,
2128,GasAndEventFinalize,56500,
2128,ReplicationProjection,173500,
2128,SnapshotHashMetrics,500,
2128,EgressPublish,11909100,
2129,IngressCapture,4100,
2129,DecodeAndCanonicalize,200,
2129,ApplyInputs,271500,
2129,ProcessorPlan,33100,
2129,CrossWorldPrepare,500,
2129,NativeJobBarrier,200,
2129,CommitDecision,200,
2129,VoxelCommit,300,
2129,EcsCommandBufferCommit,508800,
2129,GasAndEventFinalize,45000,
2129,ReplicationProjection,1381700,
2129,SnapshotHashMetrics,800,
2129,EgressPublish,11425700,
2130,IngressCapture,4500,
2130,DecodeAndCanonicalize,200,
2130,ApplyInputs,292600,
2130,ProcessorPlan,64800,
2130,CrossWorldPrepare,1700,
2130,NativeJobBarrier,300,
2130,CommitDecision,400,
2130,VoxelCommit,600,
2130,EcsCommandBufferCommit,141700,
2130,GasAndEventFinalize,51300,
2130,ReplicationProjection,233200,
2130,SnapshotHashMetrics,600,
2130,EgressPublish,13600900,
2131,IngressCapture,5900,
2131,DecodeAndCanonicalize,100,
2131,ApplyInputs,280800,
2131,ProcessorPlan,34600,
2131,CrossWorldPrepare,400,
2131,NativeJobBarrier,200,
2131,CommitDecision,200,
2131,VoxelCommit,300,
2131,EcsCommandBufferCommit,102200,
2131,GasAndEventFinalize,37100,
2131,ReplicationProjection,146800,
2131,SnapshotHashMetrics,300,
2131,EgressPublish,13137800,
2132,IngressCapture,3900,
2132,DecodeAndCanonicalize,100,
2132,ApplyInputs,219500,
2132,ProcessorPlan,37100,
2132,CrossWorldPrepare,1000,
2132,NativeJobBarrier,200,
2132,CommitDecision,300,
2132,VoxelCommit,400,
2132,EcsCommandBufferCommit,131900,
2132,GasAndEventFinalize,40900,
2132,ReplicationProjection,140200,
2132,SnapshotHashMetrics,200,
2132,EgressPublish,12121400,
2133,IngressCapture,4300,
2133,DecodeAndCanonicalize,200,
2133,ApplyInputs,405400,
2133,ProcessorPlan,55900,
2133,CrossWorldPrepare,1100,
2133,NativeJobBarrier,100,
2133,CommitDecision,500,
2133,VoxelCommit,800,
2133,EcsCommandBufferCommit,193000,
2133,GasAndEventFinalize,80300,
2133,ReplicationProjection,241800,
2133,SnapshotHashMetrics,400,
2133,EgressPublish,15155200,
2134,IngressCapture,5100,
2134,DecodeAndCanonicalize,200,
2134,ApplyInputs,425300,
2134,ProcessorPlan,55300,
2134,CrossWorldPrepare,900,
2134,NativeJobBarrier,200,
2134,CommitDecision,200,
2134,VoxelCommit,900,
2134,EcsCommandBufferCommit,153800,
2134,GasAndEventFinalize,82000,
2134,ReplicationProjection,242300,
2134,SnapshotHashMetrics,300,
2134,EgressPublish,14797800,
2135,IngressCapture,3900,
2135,DecodeAndCanonicalize,200,
2135,ApplyInputs,325000,
2135,ProcessorPlan,70600,
2135,CrossWorldPrepare,1600,
2135,NativeJobBarrier,500,
2135,CommitDecision,200,
2135,VoxelCommit,700,
2135,EcsCommandBufferCommit,185800,
2135,GasAndEventFinalize,60400,
2135,ReplicationProjection,235900,
2135,SnapshotHashMetrics,500,
2135,EgressPublish,14571600,
2136,IngressCapture,3300,
2136,DecodeAndCanonicalize,500,
2136,ApplyInputs,574800,
2136,ProcessorPlan,134400,
2136,CrossWorldPrepare,1700,
2136,NativeJobBarrier,700,
2136,CommitDecision,400,
2136,VoxelCommit,800,
2136,EcsCommandBufferCommit,194100,
2136,GasAndEventFinalize,60900,
2136,ReplicationProjection,150900,
2136,SnapshotHashMetrics,300,
2136,EgressPublish,12836000,
2137,IngressCapture,3400,
2137,DecodeAndCanonicalize,200,
2137,ApplyInputs,216200,
2137,ProcessorPlan,32800,
2137,CrossWorldPrepare,500,
2137,NativeJobBarrier,100,
2137,CommitDecision,300,
2137,VoxelCommit,500,
2137,EcsCommandBufferCommit,97100,
2137,GasAndEventFinalize,32600,
2137,ReplicationProjection,176500,
2137,SnapshotHashMetrics,300,
2137,EgressPublish,11941900,
2138,IngressCapture,8800,
2138,DecodeAndCanonicalize,200,
2138,ApplyInputs,240400,
2138,ProcessorPlan,36900,
2138,CrossWorldPrepare,800,
2138,NativeJobBarrier,200,
2138,CommitDecision,200,
2138,VoxelCommit,300,
2138,EcsCommandBufferCommit,120600,
2138,GasAndEventFinalize,45000,
2138,ReplicationProjection,162700,
2138,SnapshotHashMetrics,200,
2138,EgressPublish,13732800,
2139,IngressCapture,3400,
2139,DecodeAndCanonicalize,200,
2139,ApplyInputs,213100,
2139,ProcessorPlan,32600,
2139,CrossWorldPrepare,2300,
2139,NativeJobBarrier,200,
2139,CommitDecision,200,
2139,VoxelCommit,300,
2139,EcsCommandBufferCommit,90000,
2139,GasAndEventFinalize,29200,
2139,ReplicationProjection,137100,
2139,SnapshotHashMetrics,200,
2139,EgressPublish,9843300,
2140,IngressCapture,5300,
2140,DecodeAndCanonicalize,400,
2140,ApplyInputs,314200,
2140,ProcessorPlan,57800,
2140,CrossWorldPrepare,600,
2140,NativeJobBarrier,300,
2140,CommitDecision,600,
2140,VoxelCommit,500,
2140,EcsCommandBufferCommit,130700,
2140,GasAndEventFinalize,54900,
2140,ReplicationProjection,153700,
2140,SnapshotHashMetrics,200,
2140,EgressPublish,13231700,
2141,IngressCapture,5400,
2141,DecodeAndCanonicalize,200,
2141,ApplyInputs,313300,
2141,ProcessorPlan,38000,
2141,CrossWorldPrepare,500,
2141,NativeJobBarrier,200,
2141,CommitDecision,200,
2141,VoxelCommit,300,
2141,EcsCommandBufferCommit,139400,
2141,GasAndEventFinalize,40900,
2141,ReplicationProjection,147100,
2141,SnapshotHashMetrics,200,
2141,EgressPublish,12003900,
2142,IngressCapture,5400,
2142,DecodeAndCanonicalize,100,
2142,ApplyInputs,213400,
2142,ProcessorPlan,37200,
2142,CrossWorldPrepare,500,
2142,NativeJobBarrier,100,
2142,CommitDecision,600,
2142,VoxelCommit,500,
2142,EcsCommandBufferCommit,124400,
2142,GasAndEventFinalize,40400,
2142,ReplicationProjection,140100,
2142,SnapshotHashMetrics,100,
2142,EgressPublish,9599500,
2143,IngressCapture,4000,
2143,DecodeAndCanonicalize,300,
2143,ApplyInputs,257800,
2143,ProcessorPlan,36300,
2143,CrossWorldPrepare,400,
2143,NativeJobBarrier,200,
2143,CommitDecision,100,
2143,VoxelCommit,300,
2143,EcsCommandBufferCommit,116100,
2143,GasAndEventFinalize,38800,
2143,ReplicationProjection,133100,
2143,SnapshotHashMetrics,200,
2143,EgressPublish,7937000,
2144,IngressCapture,3800,
2144,DecodeAndCanonicalize,100,
2144,ApplyInputs,387500,
2144,ProcessorPlan,62700,
2144,CrossWorldPrepare,600,
2144,NativeJobBarrier,100,
2144,CommitDecision,100,
2144,VoxelCommit,300,
2144,EcsCommandBufferCommit,94100,
2144,GasAndEventFinalize,43000,
2144,ReplicationProjection,135300,
2144,SnapshotHashMetrics,200,
2144,EgressPublish,9075000,
2145,IngressCapture,3200,
2145,DecodeAndCanonicalize,200,
2145,ApplyInputs,219800,
2145,ProcessorPlan,47600,
2145,CrossWorldPrepare,700,
2145,NativeJobBarrier,200,
2145,CommitDecision,400,
2145,VoxelCommit,600,
2145,EcsCommandBufferCommit,136300,
2145,GasAndEventFinalize,39100,
2145,ReplicationProjection,217400,
2145,SnapshotHashMetrics,500,
2145,EgressPublish,9933200,
2146,IngressCapture,2700,
2146,DecodeAndCanonicalize,200,
2146,ApplyInputs,221800,
2146,ProcessorPlan,30900,
2146,CrossWorldPrepare,500,
2146,NativeJobBarrier,200,
2146,CommitDecision,100,
2146,VoxelCommit,300,
2146,EcsCommandBufferCommit,86000,
2146,GasAndEventFinalize,31300,
2146,ReplicationProjection,129000,
2146,SnapshotHashMetrics,300,
2146,EgressPublish,8933200,
2147,IngressCapture,4600,
2147,DecodeAndCanonicalize,200,
2147,ApplyInputs,299800,
2147,ProcessorPlan,112700,
2147,CrossWorldPrepare,1100,
2147,NativeJobBarrier,200,
2147,CommitDecision,200,
2147,VoxelCommit,400,
2147,EcsCommandBufferCommit,230500,
2147,GasAndEventFinalize,63000,
2147,ReplicationProjection,318400,
2147,SnapshotHashMetrics,400,
2147,EgressPublish,10149200,
2148,IngressCapture,5400,
2148,DecodeAndCanonicalize,400,
2148,ApplyInputs,320400,
2148,ProcessorPlan,40500,
2148,CrossWorldPrepare,300,
2148,NativeJobBarrier,200,
2148,CommitDecision,200,
2148,VoxelCommit,900,
2148,EcsCommandBufferCommit,532500,
2148,GasAndEventFinalize,44400,
2148,ReplicationProjection,556000,
2148,SnapshotHashMetrics,600,
2148,EgressPublish,11246200,
2149,IngressCapture,3800,
2149,DecodeAndCanonicalize,200,
2149,ApplyInputs,460200,
2149,ProcessorPlan,62600,
2149,CrossWorldPrepare,1200,
2149,NativeJobBarrier,200,
2149,CommitDecision,200,
2149,VoxelCommit,200,
2149,EcsCommandBufferCommit,1344000,
2149,GasAndEventFinalize,102600,
2149,ReplicationProjection,785500,
2149,SnapshotHashMetrics,700,
2149,EgressPublish,13098700,
2150,IngressCapture,8100,
2150,DecodeAndCanonicalize,100,
2150,ApplyInputs,234000,
2150,ProcessorPlan,39200,
2150,CrossWorldPrepare,700,
2150,NativeJobBarrier,200,
2150,CommitDecision,200,
2150,VoxelCommit,800,
2150,EcsCommandBufferCommit,133400,
2150,GasAndEventFinalize,55000,
2150,ReplicationProjection,257100,
2150,SnapshotHashMetrics,700,
2150,EgressPublish,11885800,
2151,IngressCapture,4100,
2151,DecodeAndCanonicalize,200,
2151,ApplyInputs,252400,
2151,ProcessorPlan,36600,
2151,CrossWorldPrepare,400,
2151,NativeJobBarrier,200,
2151,CommitDecision,200,
2151,VoxelCommit,200,
2151,EcsCommandBufferCommit,108800,
2151,GasAndEventFinalize,39600,
2151,ReplicationProjection,159900,
2151,SnapshotHashMetrics,200,
2151,EgressPublish,13540400,
2152,IngressCapture,3800,
2152,DecodeAndCanonicalize,100,
2152,ApplyInputs,444200,
2152,ProcessorPlan,69700,
2152,CrossWorldPrepare,800,
2152,NativeJobBarrier,100,
2152,CommitDecision,300,
2152,VoxelCommit,400,
2152,EcsCommandBufferCommit,115800,
2152,GasAndEventFinalize,52500,
2152,ReplicationProjection,149600,
2152,SnapshotHashMetrics,200,
2152,EgressPublish,12260100,
2153,IngressCapture,5200,
2153,DecodeAndCanonicalize,100,
2153,ApplyInputs,255100,
2153,ProcessorPlan,37000,
2153,CrossWorldPrepare,600,
2153,NativeJobBarrier,100,
2153,CommitDecision,300,
2153,VoxelCommit,200,
2153,EcsCommandBufferCommit,128400,
2153,GasAndEventFinalize,39200,
2153,ReplicationProjection,147900,
2153,SnapshotHashMetrics,100,
2153,EgressPublish,13613400,
2154,IngressCapture,5500,
2154,DecodeAndCanonicalize,200,
2154,ApplyInputs,344100,
2154,ProcessorPlan,62500,
2154,CrossWorldPrepare,900,
2154,NativeJobBarrier,200,
2154,CommitDecision,200,
2154,VoxelCommit,300,
2154,EcsCommandBufferCommit,180700,
2154,GasAndEventFinalize,53300,
2154,ReplicationProjection,252300,
2154,SnapshotHashMetrics,900,
2154,EgressPublish,17013000,
2155,IngressCapture,6000,
2155,DecodeAndCanonicalize,200,
2155,ApplyInputs,403800,
2155,ProcessorPlan,55600,
2155,CrossWorldPrepare,1200,
2155,NativeJobBarrier,200,
2155,CommitDecision,400,
2155,VoxelCommit,400,
2155,EcsCommandBufferCommit,173900,
2155,GasAndEventFinalize,55800,
2155,ReplicationProjection,222300,
2155,SnapshotHashMetrics,500,
2155,EgressPublish,17612200,
2156,IngressCapture,5100,
2156,DecodeAndCanonicalize,300,
2156,ApplyInputs,235100,
2156,ProcessorPlan,37200,
2156,CrossWorldPrepare,700,
2156,NativeJobBarrier,200,
2156,CommitDecision,300,
2156,VoxelCommit,400,
2156,EcsCommandBufferCommit,110300,
2156,GasAndEventFinalize,36300,
2156,ReplicationProjection,147500,
2156,SnapshotHashMetrics,300,
2156,EgressPublish,12442400,
2157,IngressCapture,4800,
2157,DecodeAndCanonicalize,300,
2157,ApplyInputs,377700,
2157,ProcessorPlan,54000,
2157,CrossWorldPrepare,1200,
2157,NativeJobBarrier,200,
2157,CommitDecision,500,
2157,VoxelCommit,1100,
2157,EcsCommandBufferCommit,153400,
2157,GasAndEventFinalize,55800,
2157,ReplicationProjection,237200,
2157,SnapshotHashMetrics,1100,
2157,EgressPublish,12954400,
2158,IngressCapture,5500,
2158,DecodeAndCanonicalize,200,
2158,ApplyInputs,438100,
2158,ProcessorPlan,82500,
2158,CrossWorldPrepare,700,
2158,NativeJobBarrier,300,
2158,CommitDecision,500,
2158,VoxelCommit,500,
2158,EcsCommandBufferCommit,190300,
2158,GasAndEventFinalize,61500,
2158,ReplicationProjection,258700,
2158,SnapshotHashMetrics,800,
2158,EgressPublish,13451900,
2159,IngressCapture,6700,
2159,DecodeAndCanonicalize,300,
2159,ApplyInputs,345200,
2159,ProcessorPlan,46500,
2159,CrossWorldPrepare,500,
2159,NativeJobBarrier,200,
2159,CommitDecision,200,
2159,VoxelCommit,500,
2159,EcsCommandBufferCommit,134400,
2159,GasAndEventFinalize,40000,
2159,ReplicationProjection,144700,
2159,SnapshotHashMetrics,300,
2159,EgressPublish,11695400,
2160,IngressCapture,5000,
2160,DecodeAndCanonicalize,200,
2160,ApplyInputs,493600,
2160,ProcessorPlan,61200,
2160,CrossWorldPrepare,1300,
2160,NativeJobBarrier,100,
2160,CommitDecision,100,
2160,VoxelCommit,800,
2160,EcsCommandBufferCommit,142300,
2160,GasAndEventFinalize,57700,
2160,ReplicationProjection,151900,
2160,SnapshotHashMetrics,100,
2160,EgressPublish,9258400,
2161,IngressCapture,5300,
2161,DecodeAndCanonicalize,200,
2161,ApplyInputs,332300,
2161,ProcessorPlan,73100,
2161,CrossWorldPrepare,700,
2161,NativeJobBarrier,200,
2161,CommitDecision,200,
2161,VoxelCommit,600,
2161,EcsCommandBufferCommit,185800,
2161,GasAndEventFinalize,55600,
2161,ReplicationProjection,223400,
2161,SnapshotHashMetrics,800,
2161,EgressPublish,14000300,
2162,IngressCapture,5200,
2162,DecodeAndCanonicalize,200,
2162,ApplyInputs,408100,
2162,ProcessorPlan,56300,
2162,CrossWorldPrepare,1300,
2162,NativeJobBarrier,200,
2162,CommitDecision,400,
2162,VoxelCommit,700,
2162,EcsCommandBufferCommit,158800,
2162,GasAndEventFinalize,50100,
2162,ReplicationProjection,230400,
2162,SnapshotHashMetrics,700,
2162,EgressPublish,16243300,
2163,IngressCapture,2800,
2163,DecodeAndCanonicalize,200,
2163,ApplyInputs,224200,
2163,ProcessorPlan,35500,
2163,CrossWorldPrepare,500,
2163,NativeJobBarrier,100,
2163,CommitDecision,200,
2163,VoxelCommit,500,
2163,EcsCommandBufferCommit,110900,
2163,GasAndEventFinalize,35400,
2163,ReplicationProjection,145700,
2163,SnapshotHashMetrics,600,
2163,EgressPublish,12432800,
2164,IngressCapture,5100,
2164,DecodeAndCanonicalize,300,
2164,ApplyInputs,315000,
2164,ProcessorPlan,44900,
2164,CrossWorldPrepare,1100,
2164,NativeJobBarrier,100,
2164,CommitDecision,200,
2164,VoxelCommit,1100,
2164,EcsCommandBufferCommit,644800,
2164,GasAndEventFinalize,101700,
2164,ReplicationProjection,670900,
2164,SnapshotHashMetrics,700,
2164,EgressPublish,17080500,
2165,IngressCapture,3900,
2165,DecodeAndCanonicalize,400,
2165,ApplyInputs,351600,
2165,ProcessorPlan,48900,
2165,CrossWorldPrepare,600,
2165,NativeJobBarrier,200,
2165,CommitDecision,200,
2165,VoxelCommit,400,
2165,EcsCommandBufferCommit,128300,
2165,GasAndEventFinalize,61300,
2165,ReplicationProjection,259900,
2165,SnapshotHashMetrics,500,
2165,EgressPublish,15109400,
2166,IngressCapture,3100,
2166,DecodeAndCanonicalize,100,
2166,ApplyInputs,199600,
2166,ProcessorPlan,37800,
2166,CrossWorldPrepare,500,
2166,NativeJobBarrier,200,
2166,CommitDecision,200,
2166,VoxelCommit,300,
2166,EcsCommandBufferCommit,122600,
2166,GasAndEventFinalize,41300,
2166,ReplicationProjection,153400,
2166,SnapshotHashMetrics,300,
2166,EgressPublish,14940400,
2167,IngressCapture,5100,
2167,DecodeAndCanonicalize,300,
2167,ApplyInputs,434300,
2167,ProcessorPlan,42400,
2167,CrossWorldPrepare,700,
2167,NativeJobBarrier,200,
2167,CommitDecision,300,
2167,VoxelCommit,500,
2167,EcsCommandBufferCommit,573400,
2167,GasAndEventFinalize,1024800,
2167,ReplicationProjection,614000,
2167,SnapshotHashMetrics,500,
2167,EgressPublish,13615700,
2168,IngressCapture,6200,
2168,DecodeAndCanonicalize,200,
2168,ApplyInputs,867100,
2168,ProcessorPlan,60900,
2168,CrossWorldPrepare,1200,
2168,NativeJobBarrier,300,
2168,CommitDecision,600,
2168,VoxelCommit,700,
2168,EcsCommandBufferCommit,194900,
2168,GasAndEventFinalize,120000,
2168,ReplicationProjection,306300,
2168,SnapshotHashMetrics,700,
2168,EgressPublish,19737300,
2169,IngressCapture,3400,
2169,DecodeAndCanonicalize,200,
2169,ApplyInputs,264600,
2169,ProcessorPlan,39100,
2169,CrossWorldPrepare,1200,
2169,NativeJobBarrier,100,
2169,CommitDecision,400,
2169,VoxelCommit,400,
2169,EcsCommandBufferCommit,159400,
2169,GasAndEventFinalize,44900,
2169,ReplicationProjection,166100,
2169,SnapshotHashMetrics,400,
2169,EgressPublish,16498100,
2170,IngressCapture,5500,
2170,DecodeAndCanonicalize,200,
2170,ApplyInputs,322000,
2170,ProcessorPlan,66400,
2170,CrossWorldPrepare,1200,
2170,NativeJobBarrier,200,
2170,CommitDecision,200,
2170,VoxelCommit,600,
2170,EcsCommandBufferCommit,164300,
2170,GasAndEventFinalize,61200,
2170,ReplicationProjection,272900,
2170,SnapshotHashMetrics,500,
2170,EgressPublish,20236400,
2171,IngressCapture,5700,
2171,DecodeAndCanonicalize,300,
2171,ApplyInputs,460400,
2171,ProcessorPlan,72000,
2171,CrossWorldPrepare,900,
2171,NativeJobBarrier,500,
2171,CommitDecision,700,
2171,VoxelCommit,1100,
2171,EcsCommandBufferCommit,214800,
2171,GasAndEventFinalize,67300,
2171,ReplicationProjection,274900,
2171,SnapshotHashMetrics,700,
2171,EgressPublish,17203100,
2172,IngressCapture,6500,
2172,DecodeAndCanonicalize,200,
2172,ApplyInputs,328400,
2172,ProcessorPlan,66500,
2172,CrossWorldPrepare,800,
2172,NativeJobBarrier,200,
2172,CommitDecision,700,
2172,VoxelCommit,800,
2172,EcsCommandBufferCommit,199300,
2172,GasAndEventFinalize,62500,
2172,ReplicationProjection,285200,
2172,SnapshotHashMetrics,300,
2172,EgressPublish,19713900,
2173,IngressCapture,6400,
2173,DecodeAndCanonicalize,600,
2173,ApplyInputs,269800,
2173,ProcessorPlan,36800,
2173,CrossWorldPrepare,1200,
2173,NativeJobBarrier,200,
2173,CommitDecision,200,
2173,VoxelCommit,300,
2173,EcsCommandBufferCommit,118300,
2173,GasAndEventFinalize,40300,
2173,ReplicationProjection,158300,
2173,SnapshotHashMetrics,300,
2173,EgressPublish,14469600,
2174,IngressCapture,5600,
2174,DecodeAndCanonicalize,200,
2174,ApplyInputs,440700,
2174,ProcessorPlan,63700,
2174,CrossWorldPrepare,1800,
2174,NativeJobBarrier,200,
2174,CommitDecision,500,
2174,VoxelCommit,600,
2174,EcsCommandBufferCommit,223000,
2174,GasAndEventFinalize,75800,
2174,ReplicationProjection,284100,
2174,SnapshotHashMetrics,500,
2174,EgressPublish,17861000,
2175,IngressCapture,4600,
2175,DecodeAndCanonicalize,300,
2175,ApplyInputs,274900,
2175,ProcessorPlan,38200,
2175,CrossWorldPrepare,1100,
2175,NativeJobBarrier,200,
2175,CommitDecision,500,
2175,VoxelCommit,400,
2175,EcsCommandBufferCommit,131700,
2175,GasAndEventFinalize,39700,
2175,ReplicationProjection,152100,
2175,SnapshotHashMetrics,300,
2175,EgressPublish,15956500,
2176,IngressCapture,5000,
2176,DecodeAndCanonicalize,300,
2176,ApplyInputs,812700,
2176,ProcessorPlan,62200,
2176,CrossWorldPrepare,800,
2176,NativeJobBarrier,200,
2176,CommitDecision,200,
2176,VoxelCommit,600,
2176,EcsCommandBufferCommit,218500,
2176,GasAndEventFinalize,124500,
2176,ReplicationProjection,347900,
2176,SnapshotHashMetrics,1400,
2176,EgressPublish,20467900,
2177,IngressCapture,4500,
2177,DecodeAndCanonicalize,300,
2177,ApplyInputs,287600,
2177,ProcessorPlan,39200,
2177,CrossWorldPrepare,700,
2177,NativeJobBarrier,200,
2177,CommitDecision,300,
2177,VoxelCommit,200,
2177,EcsCommandBufferCommit,155600,
2177,GasAndEventFinalize,49700,
2177,ReplicationProjection,164200,
2177,SnapshotHashMetrics,900,
2177,EgressPublish,14987900,
2178,IngressCapture,4700,
2178,DecodeAndCanonicalize,100,
2178,ApplyInputs,268200,
2178,ProcessorPlan,50200,
2178,CrossWorldPrepare,900,
2178,NativeJobBarrier,300,
2178,CommitDecision,400,
2178,VoxelCommit,500,
2178,EcsCommandBufferCommit,191700,
2178,GasAndEventFinalize,53000,
2178,ReplicationProjection,182700,
2178,SnapshotHashMetrics,200,
2178,EgressPublish,15318200,
2179,IngressCapture,6300,
2179,DecodeAndCanonicalize,200,
2179,ApplyInputs,499900,
2179,ProcessorPlan,59400,
2179,CrossWorldPrepare,1200,
2179,NativeJobBarrier,300,
2179,CommitDecision,900,
2179,VoxelCommit,600,
2179,EcsCommandBufferCommit,196500,
2179,GasAndEventFinalize,77900,
2179,ReplicationProjection,262600,
2179,SnapshotHashMetrics,600,
2179,EgressPublish,17648500,
2180,IngressCapture,4400,
2180,DecodeAndCanonicalize,200,
2180,ApplyInputs,307300,
2180,ProcessorPlan,77900,
2180,CrossWorldPrepare,1400,
2180,NativeJobBarrier,600,
2180,CommitDecision,200,
2180,VoxelCommit,900,
2180,EcsCommandBufferCommit,258800,
2180,GasAndEventFinalize,74200,
2180,ReplicationProjection,263800,
2180,SnapshotHashMetrics,200,
2180,EgressPublish,17371600,
2181,IngressCapture,4300,
2181,DecodeAndCanonicalize,200,
2181,ApplyInputs,275200,
2181,ProcessorPlan,40600,
2181,CrossWorldPrepare,900,
2181,NativeJobBarrier,200,
2181,CommitDecision,400,
2181,VoxelCommit,200,
2181,EcsCommandBufferCommit,128500,
2181,GasAndEventFinalize,40600,
2181,ReplicationProjection,147700,
2181,SnapshotHashMetrics,300,
2181,EgressPublish,18329900,
2182,IngressCapture,6000,
2182,DecodeAndCanonicalize,300,
2182,ApplyInputs,437600,
2182,ProcessorPlan,65800,
2182,CrossWorldPrepare,1600,
2182,NativeJobBarrier,400,
2182,CommitDecision,200,
2182,VoxelCommit,600,
2182,EcsCommandBufferCommit,193500,
2182,GasAndEventFinalize,61100,
2182,ReplicationProjection,246100,
2182,SnapshotHashMetrics,500,
2182,EgressPublish,14213000,
2183,IngressCapture,5100,
2183,DecodeAndCanonicalize,200,
2183,ApplyInputs,280500,
2183,ProcessorPlan,44700,
2183,CrossWorldPrepare,500,
2183,NativeJobBarrier,200,
2183,CommitDecision,100,
2183,VoxelCommit,200,
2183,EcsCommandBufferCommit,178000,
2183,GasAndEventFinalize,54300,
2183,ReplicationProjection,157300,
2183,SnapshotHashMetrics,300,
2183,EgressPublish,14868000,
2184,IngressCapture,4600,
2184,DecodeAndCanonicalize,200,
2184,ApplyInputs,829400,
2184,ProcessorPlan,74500,
2184,CrossWorldPrepare,1000,
2184,NativeJobBarrier,200,
2184,CommitDecision,200,
2184,VoxelCommit,1400,
2184,EcsCommandBufferCommit,165800,
2184,GasAndEventFinalize,87200,
2184,ReplicationProjection,269400,
2184,SnapshotHashMetrics,500,
2184,EgressPublish,17948400,
2185,IngressCapture,3300,
2185,DecodeAndCanonicalize,200,
2185,ApplyInputs,237700,
2185,ProcessorPlan,35100,
2185,CrossWorldPrepare,700,
2185,NativeJobBarrier,200,
2185,CommitDecision,100,
2185,VoxelCommit,300,
2185,EcsCommandBufferCommit,112500,
2185,GasAndEventFinalize,32600,
2185,ReplicationProjection,131800,
2185,SnapshotHashMetrics,200,
2185,EgressPublish,13284700,
2186,IngressCapture,5300,
2186,DecodeAndCanonicalize,1100,
2186,ApplyInputs,287000,
2186,ProcessorPlan,42900,
2186,CrossWorldPrepare,700,
2186,NativeJobBarrier,200,
2186,CommitDecision,100,
2186,VoxelCommit,300,
2186,EcsCommandBufferCommit,174100,
2186,GasAndEventFinalize,47600,
2186,ReplicationProjection,159800,
2186,SnapshotHashMetrics,200,
2186,EgressPublish,15240100,
2187,IngressCapture,4400,
2187,DecodeAndCanonicalize,300,
2187,ApplyInputs,381500,
2187,ProcessorPlan,59400,
2187,CrossWorldPrepare,1000,
2187,NativeJobBarrier,300,
2187,CommitDecision,300,
2187,VoxelCommit,300,
2187,EcsCommandBufferCommit,180900,
2187,GasAndEventFinalize,61500,
2187,ReplicationProjection,231700,
2187,SnapshotHashMetrics,900,
2187,EgressPublish,18693100,
2188,IngressCapture,4100,
2188,DecodeAndCanonicalize,100,
2188,ApplyInputs,272500,
2188,ProcessorPlan,36700,
2188,CrossWorldPrepare,600,
2188,NativeJobBarrier,100,
2188,CommitDecision,200,
2188,VoxelCommit,600,
2188,EcsCommandBufferCommit,201200,
2188,GasAndEventFinalize,49000,
2188,ReplicationProjection,155200,
2188,SnapshotHashMetrics,200,
2188,EgressPublish,16503900,
2189,IngressCapture,6200,
2189,DecodeAndCanonicalize,300,
2189,ApplyInputs,1192000,
2189,ProcessorPlan,112900,
2189,CrossWorldPrepare,800,
2189,NativeJobBarrier,200,
2189,CommitDecision,200,
2189,VoxelCommit,500,
2189,EcsCommandBufferCommit,198000,
2189,GasAndEventFinalize,71700,
2189,ReplicationProjection,257700,
2189,SnapshotHashMetrics,900,
2189,EgressPublish,16807500,
2190,IngressCapture,6900,
2190,DecodeAndCanonicalize,100,
2190,ApplyInputs,639800,
2190,ProcessorPlan,86400,
2190,CrossWorldPrepare,2000,
2190,NativeJobBarrier,400,
2190,CommitDecision,200,
2190,VoxelCommit,1400,
2190,EcsCommandBufferCommit,271400,
2190,GasAndEventFinalize,101500,
2190,ReplicationProjection,336000,
2190,SnapshotHashMetrics,1400,
2190,EgressPublish,18670200,
2191,IngressCapture,7700,
2191,DecodeAndCanonicalize,200,
2191,ApplyInputs,378100,
2191,ProcessorPlan,72400,
2191,CrossWorldPrepare,1100,
2191,NativeJobBarrier,200,
2191,CommitDecision,200,
2191,VoxelCommit,1000,
2191,EcsCommandBufferCommit,207600,
2191,GasAndEventFinalize,75200,
2191,ReplicationProjection,279300,
2191,SnapshotHashMetrics,800,
2191,EgressPublish,16569000,
2192,IngressCapture,4700,
2192,DecodeAndCanonicalize,700,
2192,ApplyInputs,962000,
2192,ProcessorPlan,108200,
2192,CrossWorldPrepare,1200,
2192,NativeJobBarrier,200,
2192,CommitDecision,200,
2192,VoxelCommit,800,
2192,EcsCommandBufferCommit,185300,
2192,GasAndEventFinalize,106200,
2192,ReplicationProjection,292100,
2192,SnapshotHashMetrics,400,
2192,EgressPublish,16238700,
2193,IngressCapture,4600,
2193,DecodeAndCanonicalize,200,
2193,ApplyInputs,497200,
2193,ProcessorPlan,57600,
2193,CrossWorldPrepare,600,
2193,NativeJobBarrier,200,
2193,CommitDecision,400,
2193,VoxelCommit,500,
2193,EcsCommandBufferCommit,162200,
2193,GasAndEventFinalize,63400,
2193,ReplicationProjection,216600,
2193,SnapshotHashMetrics,300,
2193,EgressPublish,19098300,
2194,IngressCapture,4300,
2194,DecodeAndCanonicalize,100,
2194,ApplyInputs,265100,
2194,ProcessorPlan,39100,
2194,CrossWorldPrepare,900,
2194,NativeJobBarrier,200,
2194,CommitDecision,200,
2194,VoxelCommit,400,
2194,EcsCommandBufferCommit,144000,
2194,GasAndEventFinalize,39100,
2194,ReplicationProjection,196800,
2194,SnapshotHashMetrics,800,
2194,EgressPublish,14642200,
2195,IngressCapture,4800,
2195,DecodeAndCanonicalize,200,
2195,ApplyInputs,295100,
2195,ProcessorPlan,43300,
2195,CrossWorldPrepare,700,
2195,NativeJobBarrier,200,
2195,CommitDecision,100,
2195,VoxelCommit,400,
2195,EcsCommandBufferCommit,165100,
2195,GasAndEventFinalize,53600,
2195,ReplicationProjection,159000,
2195,SnapshotHashMetrics,200,
2195,EgressPublish,17673900,
2196,IngressCapture,8700,
2196,DecodeAndCanonicalize,200,
2196,ApplyInputs,388100,
2196,ProcessorPlan,64000,
2196,CrossWorldPrepare,700,
2196,NativeJobBarrier,300,
2196,CommitDecision,300,
2196,VoxelCommit,800,
2196,EcsCommandBufferCommit,193400,
2196,GasAndEventFinalize,135300,
2196,ReplicationProjection,298800,
2196,SnapshotHashMetrics,1100,
2196,EgressPublish,18760000,
2197,IngressCapture,7100,
2197,DecodeAndCanonicalize,200,
2197,ApplyInputs,609700,
2197,ProcessorPlan,80800,
2197,CrossWorldPrepare,1100,
2197,NativeJobBarrier,200,
2197,CommitDecision,900,
2197,VoxelCommit,800,
2197,EcsCommandBufferCommit,257400,
2197,GasAndEventFinalize,85400,
2197,ReplicationProjection,246400,
2197,SnapshotHashMetrics,700,
2197,EgressPublish,18726400,
2198,IngressCapture,4100,
2198,DecodeAndCanonicalize,100,
2198,ApplyInputs,285500,
2198,ProcessorPlan,38100,
2198,CrossWorldPrepare,600,
2198,NativeJobBarrier,200,
2198,CommitDecision,200,
2198,VoxelCommit,300,
2198,EcsCommandBufferCommit,131300,
2198,GasAndEventFinalize,40000,
2198,ReplicationProjection,138300,
2198,SnapshotHashMetrics,500,
2198,EgressPublish,17145200,
2199,IngressCapture,8200,
2199,DecodeAndCanonicalize,200,
2199,ApplyInputs,326400,
2199,ProcessorPlan,47600,
2199,CrossWorldPrepare,1500,
2199,NativeJobBarrier,600,
2199,CommitDecision,500,
2199,VoxelCommit,900,
2199,EcsCommandBufferCommit,252200,
2199,GasAndEventFinalize,86700,
2199,ReplicationProjection,189800,
2199,SnapshotHashMetrics,200,
2199,EgressPublish,14763500,
2200,IngressCapture,4400,
2200,DecodeAndCanonicalize,200,
2200,ApplyInputs,530400,
2200,ProcessorPlan,37900,
2200,CrossWorldPrepare,1000,
2200,NativeJobBarrier,200,
2200,CommitDecision,400,
2200,VoxelCommit,400,
2200,EcsCommandBufferCommit,143200,
2200,GasAndEventFinalize,54400,
2200,ReplicationProjection,151500,
2200,SnapshotHashMetrics,200,
2200,EgressPublish,17511300,
2201,IngressCapture,5300,
2201,DecodeAndCanonicalize,200,
2201,ApplyInputs,385900,
2201,ProcessorPlan,72600,
2201,CrossWorldPrepare,800,
2201,NativeJobBarrier,500,
2201,CommitDecision,300,
2201,VoxelCommit,1100,
2201,EcsCommandBufferCommit,207500,
2201,GasAndEventFinalize,77000,
2201,ReplicationProjection,236300,
2201,SnapshotHashMetrics,700,
2201,EgressPublish,18222200,
2202,IngressCapture,4800,
2202,DecodeAndCanonicalize,400,
2202,ApplyInputs,318700,
2202,ProcessorPlan,39100,
2202,CrossWorldPrepare,500,
2202,NativeJobBarrier,200,
2202,CommitDecision,100,
2202,VoxelCommit,600,
2202,EcsCommandBufferCommit,143600,
2202,GasAndEventFinalize,42400,
2202,ReplicationProjection,136800,
2202,SnapshotHashMetrics,600,
2202,EgressPublish,15703500,
2203,IngressCapture,5000,
2203,DecodeAndCanonicalize,400,
2203,ApplyInputs,289300,
2203,ProcessorPlan,40100,
2203,CrossWorldPrepare,600,
2203,NativeJobBarrier,200,
2203,CommitDecision,100,
2203,VoxelCommit,600,
2203,EcsCommandBufferCommit,158000,
2203,GasAndEventFinalize,44800,
2203,ReplicationProjection,147500,
2203,SnapshotHashMetrics,200,
2203,EgressPublish,15191900,
2204,IngressCapture,5600,
2204,DecodeAndCanonicalize,200,
2204,ApplyInputs,343500,
2204,ProcessorPlan,67100,
2204,CrossWorldPrepare,700,
2204,NativeJobBarrier,600,
2204,CommitDecision,200,
2204,VoxelCommit,1100,
2204,EcsCommandBufferCommit,212000,
2204,GasAndEventFinalize,77000,
2204,ReplicationProjection,254200,
2204,SnapshotHashMetrics,1400,
2204,EgressPublish,21060700,
2205,IngressCapture,4700,
2205,DecodeAndCanonicalize,200,
2205,ApplyInputs,422600,
2205,ProcessorPlan,57100,
2205,CrossWorldPrepare,1100,
2205,NativeJobBarrier,400,
2205,CommitDecision,200,
2205,VoxelCommit,700,
2205,EcsCommandBufferCommit,161800,
2205,GasAndEventFinalize,55300,
2205,ReplicationProjection,223500,
2205,SnapshotHashMetrics,400,
2205,EgressPublish,17512400,
2206,IngressCapture,4000,
2206,DecodeAndCanonicalize,200,
2206,ApplyInputs,294600,
2206,ProcessorPlan,60500,
2206,CrossWorldPrepare,1100,
2206,NativeJobBarrier,300,
2206,CommitDecision,400,
2206,VoxelCommit,600,
2206,EcsCommandBufferCommit,203600,
2206,GasAndEventFinalize,67800,
2206,ReplicationProjection,219900,
2206,SnapshotHashMetrics,400,
2206,EgressPublish,19906000,
2207,IngressCapture,4500,
2207,DecodeAndCanonicalize,200,
2207,ApplyInputs,462000,
2207,ProcessorPlan,72500,
2207,CrossWorldPrepare,1000,
2207,NativeJobBarrier,100,
2207,CommitDecision,600,
2207,VoxelCommit,1000,
2207,EcsCommandBufferCommit,268600,
2207,GasAndEventFinalize,90900,
2207,ReplicationProjection,272800,
2207,SnapshotHashMetrics,400,
2207,EgressPublish,20233400,
2208,IngressCapture,3800,
2208,DecodeAndCanonicalize,300,
2208,ApplyInputs,778000,
2208,ProcessorPlan,46900,
2208,CrossWorldPrepare,700,
2208,NativeJobBarrier,200,
2208,CommitDecision,200,
2208,VoxelCommit,300,
2208,EcsCommandBufferCommit,208700,
2208,GasAndEventFinalize,95400,
2208,ReplicationProjection,229300,
2208,SnapshotHashMetrics,800,
2208,EgressPublish,20225900,
2209,IngressCapture,5300,
2209,DecodeAndCanonicalize,200,
2209,ApplyInputs,436100,
2209,ProcessorPlan,63000,
2209,CrossWorldPrepare,1000,
2209,NativeJobBarrier,300,
2209,CommitDecision,300,
2209,VoxelCommit,600,
2209,EcsCommandBufferCommit,203100,
2209,GasAndEventFinalize,79400,
2209,ReplicationProjection,227700,
2209,SnapshotHashMetrics,400,
2209,EgressPublish,19655300,
2210,IngressCapture,5600,
2210,DecodeAndCanonicalize,500,
2210,ApplyInputs,429100,
2210,ProcessorPlan,60600,
2210,CrossWorldPrepare,1300,
2210,NativeJobBarrier,200,
2210,CommitDecision,200,
2210,VoxelCommit,500,
2210,EcsCommandBufferCommit,228200,
2210,GasAndEventFinalize,66900,
2210,ReplicationProjection,204100,
2210,SnapshotHashMetrics,200,
2210,EgressPublish,16272200,
2211,IngressCapture,6500,
2211,DecodeAndCanonicalize,300,
2211,ApplyInputs,446300,
2211,ProcessorPlan,58600,
2211,CrossWorldPrepare,600,
2211,NativeJobBarrier,200,
2211,CommitDecision,300,
2211,VoxelCommit,1300,
2211,EcsCommandBufferCommit,165000,
2211,GasAndEventFinalize,55300,
2211,ReplicationProjection,197400,
2211,SnapshotHashMetrics,400,
2211,EgressPublish,16474600,
2212,IngressCapture,5700,
2212,DecodeAndCanonicalize,200,
2212,ApplyInputs,359600,
2212,ProcessorPlan,69500,
2212,CrossWorldPrepare,800,
2212,NativeJobBarrier,200,
2212,CommitDecision,400,
2212,VoxelCommit,1500,
2212,EcsCommandBufferCommit,187500,
2212,GasAndEventFinalize,62800,
2212,ReplicationProjection,221000,
2212,SnapshotHashMetrics,500,
2212,EgressPublish,12884400,
2213,IngressCapture,4600,
2213,DecodeAndCanonicalize,100,
2213,ApplyInputs,295200,
2213,ProcessorPlan,38800,
2213,CrossWorldPrepare,1000,
2213,NativeJobBarrier,200,
2213,CommitDecision,400,
2213,VoxelCommit,400,
2213,EcsCommandBufferCommit,143300,
2213,GasAndEventFinalize,42600,
2213,ReplicationProjection,160100,
2213,SnapshotHashMetrics,400,
2213,EgressPublish,14298000,
2214,IngressCapture,4300,
2214,DecodeAndCanonicalize,300,
2214,ApplyInputs,451700,
2214,ProcessorPlan,79700,
2214,CrossWorldPrepare,2500,
2214,NativeJobBarrier,200,
2214,CommitDecision,500,
2214,VoxelCommit,1900,
2214,EcsCommandBufferCommit,284500,
2214,GasAndEventFinalize,69700,
2214,ReplicationProjection,319300,
2214,SnapshotHashMetrics,1100,
2214,EgressPublish,20948900,
2215,IngressCapture,4600,
2215,DecodeAndCanonicalize,200,
2215,ApplyInputs,353800,
2215,ProcessorPlan,62700,
2215,CrossWorldPrepare,900,
2215,NativeJobBarrier,400,
2215,CommitDecision,500,
2215,VoxelCommit,500,
2215,EcsCommandBufferCommit,192300,
2215,GasAndEventFinalize,63400,
2215,ReplicationProjection,216100,
2215,SnapshotHashMetrics,400,
2215,EgressPublish,14233600,
2216,IngressCapture,3400,
2216,DecodeAndCanonicalize,200,
2216,ApplyInputs,591000,
2216,ProcessorPlan,64300,
2216,CrossWorldPrepare,1500,
2216,NativeJobBarrier,200,
2216,CommitDecision,400,
2216,VoxelCommit,200,
2216,EcsCommandBufferCommit,2091700,
2216,GasAndEventFinalize,202400,
2216,ReplicationProjection,235200,
2216,SnapshotHashMetrics,300,
2216,EgressPublish,15724300,
2217,IngressCapture,6600,
2217,DecodeAndCanonicalize,300,
2217,ApplyInputs,398500,
2217,ProcessorPlan,63000,
2217,CrossWorldPrepare,1000,
2217,NativeJobBarrier,300,
2217,CommitDecision,200,
2217,VoxelCommit,800,
2217,EcsCommandBufferCommit,197100,
2217,GasAndEventFinalize,61300,
2217,ReplicationProjection,214200,
2217,SnapshotHashMetrics,600,
2217,EgressPublish,19058700,
2218,IngressCapture,2900,
2218,DecodeAndCanonicalize,200,
2218,ApplyInputs,267600,
2218,ProcessorPlan,40500,
2218,CrossWorldPrepare,600,
2218,NativeJobBarrier,200,
2218,CommitDecision,100,
2218,VoxelCommit,600,
2218,EcsCommandBufferCommit,143100,
2218,GasAndEventFinalize,48100,
2218,ReplicationProjection,138600,
2218,SnapshotHashMetrics,200,
2218,EgressPublish,15375500,
2219,IngressCapture,4500,
2219,DecodeAndCanonicalize,100,
2219,ApplyInputs,256900,
2219,ProcessorPlan,37700,
2219,CrossWorldPrepare,400,
2219,NativeJobBarrier,100,
2219,CommitDecision,300,
2219,VoxelCommit,400,
2219,EcsCommandBufferCommit,140700,
2219,GasAndEventFinalize,41200,
2219,ReplicationProjection,138100,
2219,SnapshotHashMetrics,400,
2219,EgressPublish,16434000,
2220,IngressCapture,5200,
2220,DecodeAndCanonicalize,200,
2220,ApplyInputs,389300,
2220,ProcessorPlan,80900,
2220,CrossWorldPrepare,1400,
2220,NativeJobBarrier,300,
2220,CommitDecision,700,
2220,VoxelCommit,1200,
2220,EcsCommandBufferCommit,211900,
2220,GasAndEventFinalize,76400,
2220,ReplicationProjection,245500,
2220,SnapshotHashMetrics,600,
2220,EgressPublish,19046800,
2221,IngressCapture,5300,
2221,DecodeAndCanonicalize,400,
2221,ApplyInputs,438600,
2221,ProcessorPlan,61700,
2221,CrossWorldPrepare,900,
2221,NativeJobBarrier,300,
2221,CommitDecision,200,
2221,VoxelCommit,700,
2221,EcsCommandBufferCommit,166500,
2221,GasAndEventFinalize,44900,
2221,ReplicationProjection,250300,
2221,SnapshotHashMetrics,700,
2221,EgressPublish,14744500,
2222,IngressCapture,4100,
2222,DecodeAndCanonicalize,100,
2222,ApplyInputs,204700,
2222,ProcessorPlan,36800,
2222,CrossWorldPrepare,900,
2222,NativeJobBarrier,200,
2222,CommitDecision,300,
2222,VoxelCommit,200,
2222,EcsCommandBufferCommit,115100,
2222,GasAndEventFinalize,37400,
2222,ReplicationProjection,130900,
2222,SnapshotHashMetrics,400,
2222,EgressPublish,13828600,
2223,IngressCapture,5600,
2223,DecodeAndCanonicalize,200,
2223,ApplyInputs,440500,
2223,ProcessorPlan,55200,
2223,CrossWorldPrepare,900,
2223,NativeJobBarrier,200,
2223,CommitDecision,600,
2223,VoxelCommit,900,
2223,EcsCommandBufferCommit,203700,
2223,GasAndEventFinalize,66600,
2223,ReplicationProjection,238400,
2223,SnapshotHashMetrics,600,
2223,EgressPublish,19823100,
2224,IngressCapture,4100,
2224,DecodeAndCanonicalize,300,
2224,ApplyInputs,623300,
2224,ProcessorPlan,41500,
2224,CrossWorldPrepare,600,
2224,NativeJobBarrier,400,
2224,CommitDecision,1000,
2224,VoxelCommit,900,
2224,EcsCommandBufferCommit,231500,
2224,GasAndEventFinalize,78900,
2224,ReplicationProjection,167400,
2224,SnapshotHashMetrics,200,
2224,EgressPublish,14877000,
2225,IngressCapture,6300,
2225,DecodeAndCanonicalize,200,
2225,ApplyInputs,422000,
2225,ProcessorPlan,66800,
2225,CrossWorldPrepare,1100,
2225,NativeJobBarrier,400,
2225,CommitDecision,300,
2225,VoxelCommit,600,
2225,EcsCommandBufferCommit,171800,
2225,GasAndEventFinalize,58200,
2225,ReplicationProjection,226600,
2225,SnapshotHashMetrics,400,
2225,EgressPublish,16375600,
2226,IngressCapture,4900,
2226,DecodeAndCanonicalize,200,
2226,ApplyInputs,388400,
2226,ProcessorPlan,55800,
2226,CrossWorldPrepare,900,
2226,NativeJobBarrier,300,
2226,CommitDecision,200,
2226,VoxelCommit,1200,
2226,EcsCommandBufferCommit,163800,
2226,GasAndEventFinalize,42600,
2226,ReplicationProjection,198600,
2226,SnapshotHashMetrics,200,
2226,EgressPublish,17107300,
2227,IngressCapture,4900,
2227,DecodeAndCanonicalize,100,
2227,ApplyInputs,308700,
2227,ProcessorPlan,56700,
2227,CrossWorldPrepare,1100,
2227,NativeJobBarrier,100,
2227,CommitDecision,100,
2227,VoxelCommit,1500,
2227,EcsCommandBufferCommit,140800,
2227,GasAndEventFinalize,41800,
2227,ReplicationProjection,220900,
2227,SnapshotHashMetrics,300,
2227,EgressPublish,13266300,
2228,IngressCapture,4900,
2228,DecodeAndCanonicalize,200,
2228,ApplyInputs,343400,
2228,ProcessorPlan,74700,
2228,CrossWorldPrepare,800,
2228,NativeJobBarrier,300,
2228,CommitDecision,600,
2228,VoxelCommit,900,
2228,EcsCommandBufferCommit,231600,
2228,GasAndEventFinalize,71700,
2228,ReplicationProjection,223600,
2228,SnapshotHashMetrics,400,
2228,EgressPublish,15795000,
2229,IngressCapture,5100,
2229,DecodeAndCanonicalize,200,
2229,ApplyInputs,400400,
2229,ProcessorPlan,58700,
2229,CrossWorldPrepare,1300,
2229,NativeJobBarrier,300,
2229,CommitDecision,900,
2229,VoxelCommit,900,
2229,EcsCommandBufferCommit,197300,
2229,GasAndEventFinalize,67700,
2229,ReplicationProjection,213500,
2229,SnapshotHashMetrics,400,
2229,EgressPublish,17325200,
2230,IngressCapture,4700,
2230,DecodeAndCanonicalize,200,
2230,ApplyInputs,382300,
2230,ProcessorPlan,68600,
2230,CrossWorldPrepare,1300,
2230,NativeJobBarrier,200,
2230,CommitDecision,400,
2230,VoxelCommit,500,
2230,EcsCommandBufferCommit,156700,
2230,GasAndEventFinalize,53000,
2230,ReplicationProjection,190900,
2230,SnapshotHashMetrics,500,
2230,EgressPublish,14859000,
2231,IngressCapture,6200,
2231,DecodeAndCanonicalize,200,
2231,ApplyInputs,527500,
2231,ProcessorPlan,77800,
2231,CrossWorldPrepare,1400,
2231,NativeJobBarrier,200,
2231,CommitDecision,500,
2231,VoxelCommit,700,
2231,EcsCommandBufferCommit,162900,
2231,GasAndEventFinalize,62900,
2231,ReplicationProjection,152800,
2231,SnapshotHashMetrics,200,
2231,EgressPublish,15310200,
2232,IngressCapture,6500,
2232,DecodeAndCanonicalize,100,
2232,ApplyInputs,260000,
2232,ProcessorPlan,40600,
2232,CrossWorldPrepare,1400,
2232,NativeJobBarrier,200,
2232,CommitDecision,200,
2232,VoxelCommit,400,
2232,EcsCommandBufferCommit,147900,
2232,GasAndEventFinalize,46900,
2232,ReplicationProjection,151200,
2232,SnapshotHashMetrics,200,
2232,EgressPublish,15385000,
2233,IngressCapture,4800,
2233,DecodeAndCanonicalize,300,
2233,ApplyInputs,496300,
2233,ProcessorPlan,69300,
2233,CrossWorldPrepare,1900,
2233,NativeJobBarrier,200,
2233,CommitDecision,200,
2233,VoxelCommit,600,
2233,EcsCommandBufferCommit,187500,
2233,GasAndEventFinalize,68600,
2233,ReplicationProjection,213400,
2233,SnapshotHashMetrics,400,
2233,EgressPublish,14459700,
2234,IngressCapture,5000,
2234,DecodeAndCanonicalize,200,
2234,ApplyInputs,447800,
2234,ProcessorPlan,60100,
2234,CrossWorldPrepare,1400,
2234,NativeJobBarrier,200,
2234,CommitDecision,700,
2234,VoxelCommit,700,
2234,EcsCommandBufferCommit,178800,
2234,GasAndEventFinalize,52200,
2234,ReplicationProjection,207000,
2234,SnapshotHashMetrics,400,
2234,EgressPublish,16639500,
2235,IngressCapture,4700,
2235,DecodeAndCanonicalize,400,
2235,ApplyInputs,382400,
2235,ProcessorPlan,53200,
2235,CrossWorldPrepare,700,
2235,NativeJobBarrier,300,
2235,CommitDecision,600,
2235,VoxelCommit,900,
2235,EcsCommandBufferCommit,776400,
2235,GasAndEventFinalize,98300,
2235,ReplicationProjection,885800,
2235,SnapshotHashMetrics,1500,
2235,EgressPublish,18224500,
2236,IngressCapture,8300,
2236,DecodeAndCanonicalize,200,
2236,ApplyInputs,415900,
2236,ProcessorPlan,58100,
2236,CrossWorldPrepare,1000,
2236,NativeJobBarrier,200,
2236,CommitDecision,400,
2236,VoxelCommit,600,
2236,EcsCommandBufferCommit,144500,
2236,GasAndEventFinalize,51500,
2236,ReplicationProjection,224000,
2236,SnapshotHashMetrics,500,
2236,EgressPublish,14245000,
2237,IngressCapture,5600,
2237,DecodeAndCanonicalize,400,
2237,ApplyInputs,367700,
2237,ProcessorPlan,76900,
2237,CrossWorldPrepare,2000,
2237,NativeJobBarrier,400,
2237,CommitDecision,300,
2237,VoxelCommit,300,
2237,EcsCommandBufferCommit,202700,
2237,GasAndEventFinalize,65700,
2237,ReplicationProjection,271600,
2237,SnapshotHashMetrics,300,
2237,EgressPublish,14535800,
2238,IngressCapture,5400,
2238,DecodeAndCanonicalize,200,
2238,ApplyInputs,434700,
2238,ProcessorPlan,58100,
2238,CrossWorldPrepare,900,
2238,NativeJobBarrier,200,
2238,CommitDecision,200,
2238,VoxelCommit,800,
2238,EcsCommandBufferCommit,180700,
2238,GasAndEventFinalize,52500,
2238,ReplicationProjection,219900,
2238,SnapshotHashMetrics,600,
2238,EgressPublish,14871100,
2239,IngressCapture,3700,
2239,DecodeAndCanonicalize,200,
2239,ApplyInputs,671000,
2239,ProcessorPlan,95500,
2239,CrossWorldPrepare,1000,
2239,NativeJobBarrier,200,
2239,CommitDecision,200,
2239,VoxelCommit,800,
2239,EcsCommandBufferCommit,122200,
2239,GasAndEventFinalize,52300,
2239,ReplicationProjection,141500,
2239,SnapshotHashMetrics,300,
2239,EgressPublish,12980600,
2240,IngressCapture,12300,
2240,DecodeAndCanonicalize,200,
2240,ApplyInputs,510400,
2240,ProcessorPlan,62600,
2240,CrossWorldPrepare,900,
2240,NativeJobBarrier,200,
2240,CommitDecision,200,
2240,VoxelCommit,1200,
2240,EcsCommandBufferCommit,207100,
2240,GasAndEventFinalize,80800,
2240,ReplicationProjection,248000,
2240,SnapshotHashMetrics,400,
2240,EgressPublish,18905000,
2241,IngressCapture,6000,
2241,DecodeAndCanonicalize,200,
2241,ApplyInputs,305900,
2241,ProcessorPlan,56300,
2241,CrossWorldPrepare,2100,
2241,NativeJobBarrier,200,
2241,CommitDecision,400,
2241,VoxelCommit,800,
2241,EcsCommandBufferCommit,163500,
2241,GasAndEventFinalize,55300,
2241,ReplicationProjection,223500,
2241,SnapshotHashMetrics,200,
2241,EgressPublish,12856400,
2242,IngressCapture,5000,
2242,DecodeAndCanonicalize,200,
2242,ApplyInputs,401000,
2242,ProcessorPlan,53800,
2242,CrossWorldPrepare,1900,
2242,NativeJobBarrier,300,
2242,CommitDecision,100,
2242,VoxelCommit,600,
2242,EcsCommandBufferCommit,155300,
2242,GasAndEventFinalize,55100,
2242,ReplicationProjection,221300,
2242,SnapshotHashMetrics,1200,
2242,EgressPublish,16779800,
2243,IngressCapture,3000,
2243,DecodeAndCanonicalize,200,
2243,ApplyInputs,295100,
2243,ProcessorPlan,53800,
2243,CrossWorldPrepare,700,
2243,NativeJobBarrier,400,
2243,CommitDecision,200,
2243,VoxelCommit,500,
2243,EcsCommandBufferCommit,142500,
2243,GasAndEventFinalize,53400,
2243,ReplicationProjection,262200,
2243,SnapshotHashMetrics,700,
2243,EgressPublish,14110200,
2244,IngressCapture,6300,
2244,DecodeAndCanonicalize,100,
2244,ApplyInputs,251300,
2244,ProcessorPlan,50200,
2244,CrossWorldPrepare,1000,
2244,NativeJobBarrier,200,
2244,CommitDecision,100,
2244,VoxelCommit,200,
2244,EcsCommandBufferCommit,136000,
2244,GasAndEventFinalize,40300,
2244,ReplicationProjection,136800,
2244,SnapshotHashMetrics,200,
2244,EgressPublish,12250000,
2245,IngressCapture,3000,
2245,DecodeAndCanonicalize,100,
2245,ApplyInputs,221200,
2245,ProcessorPlan,33900,
2245,CrossWorldPrepare,500,
2245,NativeJobBarrier,100,
2245,CommitDecision,200,
2245,VoxelCommit,200,
2245,EcsCommandBufferCommit,93400,
2245,GasAndEventFinalize,30600,
2245,ReplicationProjection,129100,
2245,SnapshotHashMetrics,200,
2245,EgressPublish,11379500,
2246,IngressCapture,4000,
2246,DecodeAndCanonicalize,300,
2246,ApplyInputs,231900,
2246,ProcessorPlan,36500,
2246,CrossWorldPrepare,500,
2246,NativeJobBarrier,200,
2246,CommitDecision,200,
2246,VoxelCommit,400,
2246,EcsCommandBufferCommit,141000,
2246,GasAndEventFinalize,37900,
2246,ReplicationProjection,134500,
2246,SnapshotHashMetrics,200,
2246,EgressPublish,12240500,
2247,IngressCapture,3400,
2247,DecodeAndCanonicalize,300,
2247,ApplyInputs,597600,
2247,ProcessorPlan,108300,
2247,CrossWorldPrepare,900,
2247,NativeJobBarrier,200,
2247,CommitDecision,300,
2247,VoxelCommit,400,
2247,EcsCommandBufferCommit,113000,
2247,GasAndEventFinalize,59400,
2247,ReplicationProjection,196000,
2247,SnapshotHashMetrics,400,
2247,EgressPublish,13323500,
2248,IngressCapture,3500,
2248,DecodeAndCanonicalize,200,
2248,ApplyInputs,371200,
2248,ProcessorPlan,59100,
2248,CrossWorldPrepare,800,
2248,NativeJobBarrier,500,
2248,CommitDecision,600,
2248,VoxelCommit,600,
2248,EcsCommandBufferCommit,175400,
2248,GasAndEventFinalize,62300,
2248,ReplicationProjection,218200,
2248,SnapshotHashMetrics,400,
2248,EgressPublish,14154300,
2249,IngressCapture,3800,
2249,DecodeAndCanonicalize,200,
2249,ApplyInputs,208000,
2249,ProcessorPlan,37400,
2249,CrossWorldPrepare,1100,
2249,NativeJobBarrier,100,
2249,CommitDecision,100,
2249,VoxelCommit,200,
2249,EcsCommandBufferCommit,128200,
2249,GasAndEventFinalize,42900,
2249,ReplicationProjection,141800,
2249,SnapshotHashMetrics,200,
2249,EgressPublish,11840500,
2250,IngressCapture,3100,
2250,DecodeAndCanonicalize,200,
2250,ApplyInputs,216500,
2250,ProcessorPlan,34400,
2250,CrossWorldPrepare,900,
2250,NativeJobBarrier,100,
2250,CommitDecision,100,
2250,VoxelCommit,300,
2250,EcsCommandBufferCommit,106900,
2250,GasAndEventFinalize,29000,
2250,ReplicationProjection,123200,
2250,SnapshotHashMetrics,200,
2250,EgressPublish,10810000,
2251,IngressCapture,3400,
2251,DecodeAndCanonicalize,200,
2251,ApplyInputs,246500,
2251,ProcessorPlan,65800,
2251,CrossWorldPrepare,1500,
2251,NativeJobBarrier,200,
2251,CommitDecision,1500,
2251,VoxelCommit,600,
2251,EcsCommandBufferCommit,126100,
2251,GasAndEventFinalize,47400,
2251,ReplicationProjection,209300,
2251,SnapshotHashMetrics,200,
2251,EgressPublish,11043900,
2252,IngressCapture,2900,
2252,DecodeAndCanonicalize,100,
2252,ApplyInputs,199500,
2252,ProcessorPlan,30300,
2252,CrossWorldPrepare,300,
2252,NativeJobBarrier,100,
2252,CommitDecision,300,
2252,VoxelCommit,500,
2252,EcsCommandBufferCommit,79000,
2252,GasAndEventFinalize,25900,
2252,ReplicationProjection,122500,
2252,SnapshotHashMetrics,200,
2252,EgressPublish,8337900,
2253,IngressCapture,2900,
2253,DecodeAndCanonicalize,200,
2253,ApplyInputs,183200,
2253,ProcessorPlan,31200,
2253,CrossWorldPrepare,400,
2253,NativeJobBarrier,100,
2253,CommitDecision,200,
2253,VoxelCommit,300,
2253,EcsCommandBufferCommit,82200,
2253,GasAndEventFinalize,28400,
2253,ReplicationProjection,121500,
2253,SnapshotHashMetrics,300,
2253,EgressPublish,8116800,
2254,IngressCapture,6800,
2254,DecodeAndCanonicalize,400,
2254,ApplyInputs,230500,
2254,ProcessorPlan,39200,
2254,CrossWorldPrepare,700,
2254,NativeJobBarrier,100,
2254,CommitDecision,200,
2254,VoxelCommit,300,
2254,EcsCommandBufferCommit,128500,
2254,GasAndEventFinalize,36700,
2254,ReplicationProjection,135300,
2254,SnapshotHashMetrics,200,
2254,EgressPublish,8719400,
2255,IngressCapture,2300,
2255,DecodeAndCanonicalize,200,
2255,ApplyInputs,377900,
2255,ProcessorPlan,50400,
2255,CrossWorldPrepare,700,
2255,NativeJobBarrier,100,
2255,CommitDecision,100,
2255,VoxelCommit,500,
2255,EcsCommandBufferCommit,96300,
2255,GasAndEventFinalize,42700,
2255,ReplicationProjection,134100,
2255,SnapshotHashMetrics,200,
2255,EgressPublish,9080800,
2256,IngressCapture,3500,
2256,DecodeAndCanonicalize,200,
2256,ApplyInputs,320000,
2256,ProcessorPlan,65500,
2256,CrossWorldPrepare,600,
2256,NativeJobBarrier,200,
2256,CommitDecision,200,
2256,VoxelCommit,900,
2256,EcsCommandBufferCommit,128700,
2256,GasAndEventFinalize,43700,
2256,ReplicationProjection,202000,
2256,SnapshotHashMetrics,300,
2256,EgressPublish,10734800,
2257,IngressCapture,2500,
2257,DecodeAndCanonicalize,200,
2257,ApplyInputs,225400,
2257,ProcessorPlan,31800,
2257,CrossWorldPrepare,400,
2257,NativeJobBarrier,100,
2257,CommitDecision,200,
2257,VoxelCommit,300,
2257,EcsCommandBufferCommit,457500,
2257,GasAndEventFinalize,58100,
2257,ReplicationProjection,564100,
2257,SnapshotHashMetrics,200,
2257,EgressPublish,9339300,
2258,IngressCapture,3600,
2258,DecodeAndCanonicalize,200,
2258,ApplyInputs,252800,
2258,ProcessorPlan,37700,
2258,CrossWorldPrepare,500,
2258,NativeJobBarrier,200,
2258,CommitDecision,100,
2258,VoxelCommit,300,
2258,EcsCommandBufferCommit,115100,
2258,GasAndEventFinalize,30600,
2258,ReplicationProjection,133700,
2258,SnapshotHashMetrics,200,
2258,EgressPublish,10453900,
2259,IngressCapture,5700,
2259,DecodeAndCanonicalize,200,
2259,ApplyInputs,438300,
2259,ProcessorPlan,77000,
2259,CrossWorldPrepare,600,
2259,NativeJobBarrier,300,
2259,CommitDecision,600,
2259,VoxelCommit,700,
2259,EcsCommandBufferCommit,147400,
2259,GasAndEventFinalize,60000,
2259,ReplicationProjection,250800,
2259,SnapshotHashMetrics,300,
2259,EgressPublish,12782000,
2260,IngressCapture,4200,
2260,DecodeAndCanonicalize,200,
2260,ApplyInputs,237000,
2260,ProcessorPlan,34800,
2260,CrossWorldPrepare,600,
2260,NativeJobBarrier,100,
2260,CommitDecision,100,
2260,VoxelCommit,200,
2260,EcsCommandBufferCommit,105800,
2260,GasAndEventFinalize,30600,
2260,ReplicationProjection,147400,
2260,SnapshotHashMetrics,300,
2260,EgressPublish,11441800,
2261,IngressCapture,3600,
2261,DecodeAndCanonicalize,200,
2261,ApplyInputs,257900,
2261,ProcessorPlan,40600,
2261,CrossWorldPrepare,800,
2261,NativeJobBarrier,100,
2261,CommitDecision,300,
2261,VoxelCommit,500,
2261,EcsCommandBufferCommit,408600,
2261,GasAndEventFinalize,49500,
2261,ReplicationProjection,1007500,
2261,SnapshotHashMetrics,400,
2261,EgressPublish,8888600,
2262,IngressCapture,4500,
2262,DecodeAndCanonicalize,300,
2262,ApplyInputs,261000,
2262,ProcessorPlan,37400,
2262,CrossWorldPrepare,600,
2262,NativeJobBarrier,100,
2262,CommitDecision,200,
2262,VoxelCommit,200,
2262,EcsCommandBufferCommit,140200,
2262,GasAndEventFinalize,49100,
2262,ReplicationProjection,150400,
2262,SnapshotHashMetrics,200,
2262,EgressPublish,12081600,
2263,IngressCapture,2400,
2263,DecodeAndCanonicalize,200,
2263,ApplyInputs,429200,
2263,ProcessorPlan,56200,
2263,CrossWorldPrepare,800,
2263,NativeJobBarrier,200,
2263,CommitDecision,200,
2263,VoxelCommit,900,
2263,EcsCommandBufferCommit,106100,
2263,GasAndEventFinalize,43600,
2263,ReplicationProjection,146100,
2263,SnapshotHashMetrics,200,
2263,EgressPublish,11365500,
2264,IngressCapture,4300,
2264,DecodeAndCanonicalize,200,
2264,ApplyInputs,254700,
2264,ProcessorPlan,53800,
2264,CrossWorldPrepare,1200,
2264,NativeJobBarrier,200,
2264,CommitDecision,300,
2264,VoxelCommit,400,
2264,EcsCommandBufferCommit,139600,
2264,GasAndEventFinalize,46500,
2264,ReplicationProjection,206000,
2264,SnapshotHashMetrics,200,
2264,EgressPublish,10855200,
2265,IngressCapture,4500,
2265,DecodeAndCanonicalize,300,
2265,ApplyInputs,302300,
2265,ProcessorPlan,37900,
2265,CrossWorldPrepare,500,
2265,NativeJobBarrier,200,
2265,CommitDecision,100,
2265,VoxelCommit,600,
2265,EcsCommandBufferCommit,108000,
2265,GasAndEventFinalize,34800,
2265,ReplicationProjection,143900,
2265,SnapshotHashMetrics,400,
2265,EgressPublish,12096300,
2266,IngressCapture,4800,
2266,DecodeAndCanonicalize,100,
2266,ApplyInputs,254900,
2266,ProcessorPlan,37500,
2266,CrossWorldPrepare,400,
2266,NativeJobBarrier,100,
2266,CommitDecision,300,
2266,VoxelCommit,400,
2266,EcsCommandBufferCommit,124500,
2266,GasAndEventFinalize,39100,
2266,ReplicationProjection,152600,
2266,SnapshotHashMetrics,400,
2266,EgressPublish,13545500,
2267,IngressCapture,4700,
2267,DecodeAndCanonicalize,200,
2267,ApplyInputs,397300,
2267,ProcessorPlan,59700,
2267,CrossWorldPrepare,900,
2267,NativeJobBarrier,100,
2267,CommitDecision,200,
2267,VoxelCommit,1300,
2267,EcsCommandBufferCommit,182700,
2267,GasAndEventFinalize,67100,
2267,ReplicationProjection,271800,
2267,SnapshotHashMetrics,300,
2267,EgressPublish,14894100,
2268,IngressCapture,3700,
2268,DecodeAndCanonicalize,200,
2268,ApplyInputs,247700,
2268,ProcessorPlan,38600,
2268,CrossWorldPrepare,1100,
2268,NativeJobBarrier,400,
2268,CommitDecision,200,
2268,VoxelCommit,100,
2268,EcsCommandBufferCommit,113800,
2268,GasAndEventFinalize,36500,
2268,ReplicationProjection,144700,
2268,SnapshotHashMetrics,400,
2268,EgressPublish,12786100,
2269,IngressCapture,5900,
2269,DecodeAndCanonicalize,200,
2269,ApplyInputs,226100,
2269,ProcessorPlan,38600,
2269,CrossWorldPrepare,800,
2269,NativeJobBarrier,100,
2269,CommitDecision,100,
2269,VoxelCommit,400,
2269,EcsCommandBufferCommit,117800,
2269,GasAndEventFinalize,38600,
2269,ReplicationProjection,145200,
2269,SnapshotHashMetrics,300,
2269,EgressPublish,11086500,
2270,IngressCapture,4600,
2270,DecodeAndCanonicalize,300,
2270,ApplyInputs,286700,
2270,ProcessorPlan,36800,
2270,CrossWorldPrepare,900,
2270,NativeJobBarrier,200,
2270,CommitDecision,100,
2270,VoxelCommit,200,
2270,EcsCommandBufferCommit,115800,
2270,GasAndEventFinalize,33500,
2270,ReplicationProjection,143800,
2270,SnapshotHashMetrics,200,
2270,EgressPublish,13315200,
2271,IngressCapture,4500,
2271,DecodeAndCanonicalize,100,
2271,ApplyInputs,229100,
2271,ProcessorPlan,35900,
2271,CrossWorldPrepare,700,
2271,NativeJobBarrier,300,
2271,CommitDecision,100,
2271,VoxelCommit,300,
2271,EcsCommandBufferCommit,117900,
2271,GasAndEventFinalize,40800,
2271,ReplicationProjection,151200,
2271,SnapshotHashMetrics,200,
2271,EgressPublish,13107600,
2272,IngressCapture,2500,
2272,DecodeAndCanonicalize,200,
2272,ApplyInputs,461300,
2272,ProcessorPlan,40700,
2272,CrossWorldPrepare,500,
2272,NativeJobBarrier,200,
2272,CommitDecision,200,
2272,VoxelCommit,300,
2272,EcsCommandBufferCommit,147700,
2272,GasAndEventFinalize,63500,
2272,ReplicationProjection,162600,
2272,SnapshotHashMetrics,300,
2272,EgressPublish,10774700,
2273,IngressCapture,6400,
2273,DecodeAndCanonicalize,300,
2273,ApplyInputs,352800,
2273,ProcessorPlan,54200,
2273,CrossWorldPrepare,600,
2273,NativeJobBarrier,200,
2273,CommitDecision,300,
2273,VoxelCommit,500,
2273,EcsCommandBufferCommit,157700,
2273,GasAndEventFinalize,54700,
2273,ReplicationProjection,234600,
2273,SnapshotHashMetrics,400,
2273,EgressPublish,16580800,
2274,IngressCapture,6300,
2274,DecodeAndCanonicalize,300,
2274,ApplyInputs,474600,
2274,ProcessorPlan,64900,
2274,CrossWorldPrepare,1000,
2274,NativeJobBarrier,200,
2274,CommitDecision,300,
2274,VoxelCommit,200,
2274,EcsCommandBufferCommit,212500,
2274,GasAndEventFinalize,76400,
2274,ReplicationProjection,282000,
2274,SnapshotHashMetrics,1100,
2274,EgressPublish,14949700,
2275,IngressCapture,5100,
2275,DecodeAndCanonicalize,200,
2275,ApplyInputs,289700,
2275,ProcessorPlan,38000,
2275,CrossWorldPrepare,600,
2275,NativeJobBarrier,200,
2275,CommitDecision,100,
2275,VoxelCommit,500,
2275,EcsCommandBufferCommit,138300,
2275,GasAndEventFinalize,38200,
2275,ReplicationProjection,159800,
2275,SnapshotHashMetrics,300,
2275,EgressPublish,16355600,
2276,IngressCapture,8700,
2276,DecodeAndCanonicalize,800,
2276,ApplyInputs,510400,
2276,ProcessorPlan,82000,
2276,CrossWorldPrepare,500,
2276,NativeJobBarrier,200,
2276,CommitDecision,400,
2276,VoxelCommit,900,
2276,EcsCommandBufferCommit,351700,
2276,GasAndEventFinalize,134600,
2276,ReplicationProjection,2190500,
2276,SnapshotHashMetrics,1100,
2276,EgressPublish,17767900,
2277,IngressCapture,8600,
2277,DecodeAndCanonicalize,200,
2277,ApplyInputs,286400,
2277,ProcessorPlan,42200,
2277,CrossWorldPrepare,1100,
2277,NativeJobBarrier,100,
2277,CommitDecision,100,
2277,VoxelCommit,200,
2277,EcsCommandBufferCommit,169800,
2277,GasAndEventFinalize,47500,
2277,ReplicationProjection,179600,
2277,SnapshotHashMetrics,200,
2277,EgressPublish,15424900,
2278,IngressCapture,4400,
2278,DecodeAndCanonicalize,400,
2278,ApplyInputs,312600,
2278,ProcessorPlan,40900,
2278,CrossWorldPrepare,600,
2278,NativeJobBarrier,300,
2278,CommitDecision,100,
2278,VoxelCommit,900,
2278,EcsCommandBufferCommit,246700,
2278,GasAndEventFinalize,71200,
2278,ReplicationProjection,207000,
2278,SnapshotHashMetrics,500,
2278,EgressPublish,17940800,
2279,IngressCapture,4900,
2279,DecodeAndCanonicalize,300,
2279,ApplyInputs,338400,
2279,ProcessorPlan,64000,
2279,CrossWorldPrepare,1500,
2279,NativeJobBarrier,500,
2279,CommitDecision,200,
2279,VoxelCommit,1300,
2279,EcsCommandBufferCommit,219100,
2279,GasAndEventFinalize,87700,
2279,ReplicationProjection,316900,
2279,SnapshotHashMetrics,1200,
2279,EgressPublish,18217100,
2280,IngressCapture,6300,
2280,DecodeAndCanonicalize,200,
2280,ApplyInputs,893900,
2280,ProcessorPlan,60700,
2280,CrossWorldPrepare,1000,
2280,NativeJobBarrier,200,
2280,CommitDecision,300,
2280,VoxelCommit,800,
2280,EcsCommandBufferCommit,190600,
2280,GasAndEventFinalize,100400,
2280,ReplicationProjection,290400,
2280,SnapshotHashMetrics,600,
2280,EgressPublish,19452900,
2281,IngressCapture,5100,
2281,DecodeAndCanonicalize,200,
2281,ApplyInputs,541600,
2281,ProcessorPlan,83600,
2281,CrossWorldPrepare,1400,
2281,NativeJobBarrier,200,
2281,CommitDecision,300,
2281,VoxelCommit,900,
2281,EcsCommandBufferCommit,245400,
2281,GasAndEventFinalize,99500,
2281,ReplicationProjection,241000,
2281,SnapshotHashMetrics,500,
2281,EgressPublish,22155400,
2282,IngressCapture,7100,
2282,DecodeAndCanonicalize,200,
2282,ApplyInputs,424600,
2282,ProcessorPlan,67000,
2282,CrossWorldPrepare,1300,
2282,NativeJobBarrier,200,
2282,CommitDecision,300,
2282,VoxelCommit,1900,
2282,EcsCommandBufferCommit,252100,
2282,GasAndEventFinalize,73600,
2282,ReplicationProjection,266400,
2282,SnapshotHashMetrics,400,
2282,EgressPublish,17347800,
2283,IngressCapture,7000,
2283,DecodeAndCanonicalize,100,
2283,ApplyInputs,359000,
2283,ProcessorPlan,47100,
2283,CrossWorldPrepare,1000,
2283,NativeJobBarrier,200,
2283,CommitDecision,200,
2283,VoxelCommit,900,
2283,EcsCommandBufferCommit,238700,
2283,GasAndEventFinalize,63700,
2283,ReplicationProjection,191900,
2283,SnapshotHashMetrics,900,
2283,EgressPublish,20231600,
2284,IngressCapture,4700,
2284,DecodeAndCanonicalize,400,
2284,ApplyInputs,366100,
2284,ProcessorPlan,74900,
2284,CrossWorldPrepare,1200,
2284,NativeJobBarrier,300,
2284,CommitDecision,200,
2284,VoxelCommit,900,
2284,EcsCommandBufferCommit,211600,
2284,GasAndEventFinalize,70500,
2284,ReplicationProjection,193500,
2284,SnapshotHashMetrics,200,
2284,EgressPublish,15954600,
2285,IngressCapture,7200,
2285,DecodeAndCanonicalize,200,
2285,ApplyInputs,639500,
2285,ProcessorPlan,66500,
2285,CrossWorldPrepare,1600,
2285,NativeJobBarrier,500,
2285,CommitDecision,300,
2285,VoxelCommit,900,
2285,EcsCommandBufferCommit,231700,
2285,GasAndEventFinalize,69900,
2285,ReplicationProjection,305700,
2285,SnapshotHashMetrics,700,
2285,EgressPublish,19088600,
2286,IngressCapture,3700,
2286,DecodeAndCanonicalize,400,
2286,ApplyInputs,315700,
2286,ProcessorPlan,55800,
2286,CrossWorldPrepare,600,
2286,NativeJobBarrier,300,
2286,CommitDecision,300,
2286,VoxelCommit,500,
2286,EcsCommandBufferCommit,148300,
2286,GasAndEventFinalize,39000,
2286,ReplicationProjection,284200,
2286,SnapshotHashMetrics,400,
2286,EgressPublish,17552900,
2287,IngressCapture,6200,
2287,DecodeAndCanonicalize,200,
2287,ApplyInputs,310700,
2287,ProcessorPlan,44200,
2287,CrossWorldPrepare,500,
2287,NativeJobBarrier,100,
2287,CommitDecision,100,
2287,VoxelCommit,500,
2287,EcsCommandBufferCommit,152600,
2287,GasAndEventFinalize,44400,
2287,ReplicationProjection,164300,
2287,SnapshotHashMetrics,200,
2287,EgressPublish,15202900,
2288,IngressCapture,6800,
2288,DecodeAndCanonicalize,300,
2288,ApplyInputs,761500,
2288,ProcessorPlan,76900,
2288,CrossWorldPrepare,1600,
2288,NativeJobBarrier,400,
2288,CommitDecision,200,
2288,VoxelCommit,300,
2288,EcsCommandBufferCommit,286500,
2288,GasAndEventFinalize,175100,
2288,ReplicationProjection,345300,
2288,SnapshotHashMetrics,700,
2288,EgressPublish,20035400,
2289,IngressCapture,4700,
2289,DecodeAndCanonicalize,200,
2289,ApplyInputs,357200,
2289,ProcessorPlan,71300,
2289,CrossWorldPrepare,1000,
2289,NativeJobBarrier,400,
2289,CommitDecision,200,
2289,VoxelCommit,1000,
2289,EcsCommandBufferCommit,232200,
2289,GasAndEventFinalize,74600,
2289,ReplicationProjection,280700,
2289,SnapshotHashMetrics,400,
2289,EgressPublish,19659300,
2290,IngressCapture,5700,
2290,DecodeAndCanonicalize,200,
2290,ApplyInputs,462900,
2290,ProcessorPlan,62700,
2290,CrossWorldPrepare,2300,
2290,NativeJobBarrier,200,
2290,CommitDecision,200,
2290,VoxelCommit,800,
2290,EcsCommandBufferCommit,209700,
2290,GasAndEventFinalize,66700,
2290,ReplicationProjection,264200,
2290,SnapshotHashMetrics,300,
2290,EgressPublish,16535900,
2291,IngressCapture,5700,
2291,DecodeAndCanonicalize,100,
2291,ApplyInputs,462600,
2291,ProcessorPlan,90100,
2291,CrossWorldPrepare,1000,
2291,NativeJobBarrier,600,
2291,CommitDecision,500,
2291,VoxelCommit,1100,
2291,EcsCommandBufferCommit,246300,
2291,GasAndEventFinalize,89700,
2291,ReplicationProjection,310400,
2291,SnapshotHashMetrics,600,
2291,EgressPublish,20610500,
2292,IngressCapture,6400,
2292,DecodeAndCanonicalize,200,
2292,ApplyInputs,490400,
2292,ProcessorPlan,61400,
2292,CrossWorldPrepare,900,
2292,NativeJobBarrier,300,
2292,CommitDecision,900,
2292,VoxelCommit,1600,
2292,EcsCommandBufferCommit,237900,
2292,GasAndEventFinalize,78500,
2292,ReplicationProjection,327700,
2292,SnapshotHashMetrics,300,
2292,EgressPublish,21840000,
2293,IngressCapture,5600,
2293,DecodeAndCanonicalize,100,
2293,ApplyInputs,465800,
2293,ProcessorPlan,63100,
2293,CrossWorldPrepare,1700,
2293,NativeJobBarrier,200,
2293,CommitDecision,1200,
2293,VoxelCommit,1100,
2293,EcsCommandBufferCommit,236300,
2293,GasAndEventFinalize,76800,
2293,ReplicationProjection,286200,
2293,SnapshotHashMetrics,200,
2293,EgressPublish,19046000,
2294,IngressCapture,4400,
2294,DecodeAndCanonicalize,300,
2294,ApplyInputs,340000,
2294,ProcessorPlan,53900,
2294,CrossWorldPrepare,800,
2294,NativeJobBarrier,200,
2294,CommitDecision,200,
2294,VoxelCommit,600,
2294,EcsCommandBufferCommit,156400,
2294,GasAndEventFinalize,50900,
2294,ReplicationProjection,240500,
2294,SnapshotHashMetrics,500,
2294,EgressPublish,17857400,
2295,IngressCapture,5600,
2295,DecodeAndCanonicalize,200,
2295,ApplyInputs,360800,
2295,ProcessorPlan,78000,
2295,CrossWorldPrepare,2000,
2295,NativeJobBarrier,200,
2295,CommitDecision,500,
2295,VoxelCommit,1100,
2295,EcsCommandBufferCommit,202900,
2295,GasAndEventFinalize,69100,
2295,ReplicationProjection,256400,
2295,SnapshotHashMetrics,800,
2295,EgressPublish,17993000,
2296,IngressCapture,6100,
2296,DecodeAndCanonicalize,200,
2296,ApplyInputs,880000,
2296,ProcessorPlan,105300,
2296,CrossWorldPrepare,1900,
2296,NativeJobBarrier,500,
2296,CommitDecision,200,
2296,VoxelCommit,600,
2296,EcsCommandBufferCommit,241000,
2296,GasAndEventFinalize,132200,
2296,ReplicationProjection,301800,
2296,SnapshotHashMetrics,300,
2296,EgressPublish,17990900,
2297,IngressCapture,4600,
2297,DecodeAndCanonicalize,400,
2297,ApplyInputs,348300,
2297,ProcessorPlan,75500,
2297,CrossWorldPrepare,900,
2297,NativeJobBarrier,200,
2297,CommitDecision,200,
2297,VoxelCommit,1400,
2297,EcsCommandBufferCommit,212500,
2297,GasAndEventFinalize,73400,
2297,ReplicationProjection,286400,
2297,SnapshotHashMetrics,500,
2297,EgressPublish,18874400,
2298,IngressCapture,4100,
2298,DecodeAndCanonicalize,500,
2298,ApplyInputs,469600,
2298,ProcessorPlan,60100,
2298,CrossWorldPrepare,900,
2298,NativeJobBarrier,200,
2298,CommitDecision,400,
2298,VoxelCommit,1200,
2298,EcsCommandBufferCommit,200400,
2298,GasAndEventFinalize,76800,
2298,ReplicationProjection,273300,
2298,SnapshotHashMetrics,900,
2298,EgressPublish,17386100,
2299,IngressCapture,7400,
2299,DecodeAndCanonicalize,300,
2299,ApplyInputs,428600,
2299,ProcessorPlan,61400,
2299,CrossWorldPrepare,800,
2299,NativeJobBarrier,200,
2299,CommitDecision,500,
2299,VoxelCommit,200,
2299,EcsCommandBufferCommit,210200,
2299,GasAndEventFinalize,68300,
2299,ReplicationProjection,238600,
2299,SnapshotHashMetrics,500,
2299,EgressPublish,18886700,
2300,IngressCapture,4800,
2300,DecodeAndCanonicalize,700,
2300,ApplyInputs,417600,
2300,ProcessorPlan,61500,
2300,CrossWorldPrepare,700,
2300,NativeJobBarrier,200,
2300,CommitDecision,300,
2300,VoxelCommit,900,
2300,EcsCommandBufferCommit,207200,
2300,GasAndEventFinalize,80600,
2300,ReplicationProjection,277100,
2300,SnapshotHashMetrics,300,
2300,EgressPublish,20600500,
2301,IngressCapture,6300,
2301,DecodeAndCanonicalize,300,
2301,ApplyInputs,289600,
2301,ProcessorPlan,43500,
2301,CrossWorldPrepare,1100,
2301,NativeJobBarrier,100,
2301,CommitDecision,400,
2301,VoxelCommit,400,
2301,EcsCommandBufferCommit,669200,
2301,GasAndEventFinalize,76000,
2301,ReplicationProjection,183200,
2301,SnapshotHashMetrics,200,
2301,EgressPublish,13386400,
2302,IngressCapture,5100,
2302,DecodeAndCanonicalize,300,
2302,ApplyInputs,457300,
2302,ProcessorPlan,64300,
2302,CrossWorldPrepare,1300,
2302,NativeJobBarrier,200,
2302,CommitDecision,400,
2302,VoxelCommit,1300,
2302,EcsCommandBufferCommit,242900,
2302,GasAndEventFinalize,87500,
2302,ReplicationProjection,302800,
2302,SnapshotHashMetrics,900,
2302,EgressPublish,13639500,
2303,IngressCapture,4800,
2303,DecodeAndCanonicalize,400,
2303,ApplyInputs,567600,
2303,ProcessorPlan,77400,
2303,CrossWorldPrepare,400,
2303,NativeJobBarrier,100,
2303,CommitDecision,200,
2303,VoxelCommit,700,
2303,EcsCommandBufferCommit,146600,
2303,GasAndEventFinalize,68000,
2303,ReplicationProjection,167800,
2303,SnapshotHashMetrics,400,
2303,EgressPublish,16648400,
2304,IngressCapture,5200,
2304,DecodeAndCanonicalize,200,
2304,ApplyInputs,370900,
2304,ProcessorPlan,76600,
2304,CrossWorldPrepare,900,
2304,NativeJobBarrier,200,
2304,CommitDecision,600,
2304,VoxelCommit,700,
2304,EcsCommandBufferCommit,231000,
2304,GasAndEventFinalize,78800,
2304,ReplicationProjection,261900,
2304,SnapshotHashMetrics,200,
2304,EgressPublish,14787500,
2305,IngressCapture,4600,
2305,DecodeAndCanonicalize,400,
2305,ApplyInputs,429200,
2305,ProcessorPlan,61700,
2305,CrossWorldPrepare,1100,
2305,NativeJobBarrier,400,
2305,CommitDecision,600,
2305,VoxelCommit,1100,
2305,EcsCommandBufferCommit,207200,
2305,GasAndEventFinalize,56000,
2305,ReplicationProjection,239200,
2305,SnapshotHashMetrics,600,
2305,EgressPublish,16277300,
2306,IngressCapture,5100,
2306,DecodeAndCanonicalize,300,
2306,ApplyInputs,315900,
2306,ProcessorPlan,38300,
2306,CrossWorldPrepare,600,
2306,NativeJobBarrier,200,
2306,CommitDecision,400,
2306,VoxelCommit,700,
2306,EcsCommandBufferCommit,132200,
2306,GasAndEventFinalize,38700,
2306,ReplicationProjection,154000,
2306,SnapshotHashMetrics,300,
2306,EgressPublish,10696800,
2307,IngressCapture,5600,
2307,DecodeAndCanonicalize,200,
2307,ApplyInputs,393600,
2307,ProcessorPlan,76800,
2307,CrossWorldPrepare,1200,
2307,NativeJobBarrier,600,
2307,CommitDecision,800,
2307,VoxelCommit,1200,
2307,EcsCommandBufferCommit,201000,
2307,GasAndEventFinalize,64300,
2307,ReplicationProjection,267100,
2307,SnapshotHashMetrics,900,
2307,EgressPublish,19010200,
2308,IngressCapture,5100,
2308,DecodeAndCanonicalize,200,
2308,ApplyInputs,469400,
2308,ProcessorPlan,54000,
2308,CrossWorldPrepare,1000,
2308,NativeJobBarrier,300,
2308,CommitDecision,600,
2308,VoxelCommit,500,
2308,EcsCommandBufferCommit,241200,
2308,GasAndEventFinalize,72700,
2308,ReplicationProjection,243400,
2308,SnapshotHashMetrics,300,
2308,EgressPublish,15358100,
2309,IngressCapture,4200,
2309,DecodeAndCanonicalize,200,
2309,ApplyInputs,318500,
2309,ProcessorPlan,39900,
2309,CrossWorldPrepare,800,
2309,NativeJobBarrier,200,
2309,CommitDecision,100,
2309,VoxelCommit,400,
2309,EcsCommandBufferCommit,131500,
2309,GasAndEventFinalize,39200,
2309,ReplicationProjection,149300,
2309,SnapshotHashMetrics,200,
2309,EgressPublish,16291700,
2310,IngressCapture,5900,
2310,DecodeAndCanonicalize,200,
2310,ApplyInputs,471100,
2310,ProcessorPlan,86500,
2310,CrossWorldPrepare,1400,
2310,NativeJobBarrier,500,
2310,CommitDecision,400,
2310,VoxelCommit,1300,
2310,EcsCommandBufferCommit,270400,
2310,GasAndEventFinalize,105400,
2310,ReplicationProjection,298000,
2310,SnapshotHashMetrics,800,
2310,EgressPublish,15271800,
2311,IngressCapture,4200,
2311,DecodeAndCanonicalize,200,
2311,ApplyInputs,454400,
2311,ProcessorPlan,73300,
2311,CrossWorldPrepare,700,
2311,NativeJobBarrier,100,
2311,CommitDecision,300,
2311,VoxelCommit,600,
2311,EcsCommandBufferCommit,121600,
2311,GasAndEventFinalize,55000,
2311,ReplicationProjection,150100,
2311,SnapshotHashMetrics,200,
2311,EgressPublish,15464200,
2312,IngressCapture,4000,
2312,DecodeAndCanonicalize,200,
2312,ApplyInputs,239600,
2312,ProcessorPlan,38800,
2312,CrossWorldPrepare,900,
2312,NativeJobBarrier,100,
2312,CommitDecision,300,
2312,VoxelCommit,500,
2312,EcsCommandBufferCommit,152600,
2312,GasAndEventFinalize,45600,
2312,ReplicationProjection,171900,
2312,SnapshotHashMetrics,300,
2312,EgressPublish,16937600,
2313,IngressCapture,5900,
2313,DecodeAndCanonicalize,200,
2313,ApplyInputs,398500,
2313,ProcessorPlan,45500,
2313,CrossWorldPrepare,1000,
2313,NativeJobBarrier,200,
2313,CommitDecision,300,
2313,VoxelCommit,700,
2313,EcsCommandBufferCommit,167800,
2313,GasAndEventFinalize,41300,
2313,ReplicationProjection,182100,
2313,SnapshotHashMetrics,600,
2313,EgressPublish,14690900,
2314,IngressCapture,4300,
2314,DecodeAndCanonicalize,300,
2314,ApplyInputs,453500,
2314,ProcessorPlan,59300,
2314,CrossWorldPrepare,800,
2314,NativeJobBarrier,200,
2314,CommitDecision,400,
2314,VoxelCommit,900,
2314,EcsCommandBufferCommit,225500,
2314,GasAndEventFinalize,115600,
2314,ReplicationProjection,305000,
2314,SnapshotHashMetrics,1300,
2314,EgressPublish,18738000,
2315,IngressCapture,5300,
2315,DecodeAndCanonicalize,300,
2315,ApplyInputs,357800,
2315,ProcessorPlan,71500,
2315,CrossWorldPrepare,1000,
2315,NativeJobBarrier,200,
2315,CommitDecision,300,
2315,VoxelCommit,700,
2315,EcsCommandBufferCommit,179100,
2315,GasAndEventFinalize,45500,
2315,ReplicationProjection,290600,
2315,SnapshotHashMetrics,400,
2315,EgressPublish,15054000,
2316,IngressCapture,7400,
2316,DecodeAndCanonicalize,200,
2316,ApplyInputs,483700,
2316,ProcessorPlan,64000,
2316,CrossWorldPrepare,900,
2316,NativeJobBarrier,200,
2316,CommitDecision,300,
2316,VoxelCommit,600,
2316,EcsCommandBufferCommit,219500,
2316,GasAndEventFinalize,80000,
2316,ReplicationProjection,249800,
2316,SnapshotHashMetrics,600,
2316,EgressPublish,17745800,
2317,IngressCapture,5700,
2317,DecodeAndCanonicalize,200,
2317,ApplyInputs,436400,
2317,ProcessorPlan,56300,
2317,CrossWorldPrepare,1100,
2317,NativeJobBarrier,300,
2317,CommitDecision,200,
2317,VoxelCommit,600,
2317,EcsCommandBufferCommit,163800,
2317,GasAndEventFinalize,43500,
2317,ReplicationProjection,236600,
2317,SnapshotHashMetrics,600,
2317,EgressPublish,15996600,
2318,IngressCapture,4100,
2318,DecodeAndCanonicalize,200,
2318,ApplyInputs,289500,
2318,ProcessorPlan,50000,
2318,CrossWorldPrepare,1000,
2318,NativeJobBarrier,200,
2318,CommitDecision,100,
2318,VoxelCommit,300,
2318,EcsCommandBufferCommit,142400,
2318,GasAndEventFinalize,46900,
2318,ReplicationProjection,151900,
2318,SnapshotHashMetrics,100,
2318,EgressPublish,18823600,
2319,IngressCapture,4300,
2319,DecodeAndCanonicalize,600,
2319,ApplyInputs,325500,
2319,ProcessorPlan,149000,
2319,CrossWorldPrepare,700,
2319,NativeJobBarrier,500,
2319,CommitDecision,700,
2319,VoxelCommit,900,
2319,EcsCommandBufferCommit,153800,
2319,GasAndEventFinalize,64400,
2319,ReplicationProjection,156900,
2319,SnapshotHashMetrics,200,
2319,EgressPublish,15879300,
2320,IngressCapture,4600,
2320,DecodeAndCanonicalize,200,
2320,ApplyInputs,482500,
2320,ProcessorPlan,55700,
2320,CrossWorldPrepare,700,
2320,NativeJobBarrier,200,
2320,CommitDecision,200,
2320,VoxelCommit,500,
2320,EcsCommandBufferCommit,177300,
2320,GasAndEventFinalize,72500,
2320,ReplicationProjection,296600,
2320,SnapshotHashMetrics,600,
2320,EgressPublish,14120100,
2321,IngressCapture,4200,
2321,DecodeAndCanonicalize,200,
2321,ApplyInputs,234400,
2321,ProcessorPlan,52300,
2321,CrossWorldPrepare,1600,
2321,NativeJobBarrier,300,
2321,CommitDecision,200,
2321,VoxelCommit,600,
2321,EcsCommandBufferCommit,136400,
2321,GasAndEventFinalize,49500,
2321,ReplicationProjection,150300,
2321,SnapshotHashMetrics,100,
2321,EgressPublish,12967900,
2322,IngressCapture,5000,
2322,DecodeAndCanonicalize,100,
2322,ApplyInputs,288400,
2322,ProcessorPlan,38800,
2322,CrossWorldPrepare,1000,
2322,NativeJobBarrier,200,
2322,CommitDecision,100,
2322,VoxelCommit,200,
2322,EcsCommandBufferCommit,141600,
2322,GasAndEventFinalize,41000,
2322,ReplicationProjection,154800,
2322,SnapshotHashMetrics,500,
2322,EgressPublish,12380900,
2323,IngressCapture,4600,
2323,DecodeAndCanonicalize,100,
2323,ApplyInputs,331600,
2323,ProcessorPlan,38300,
2323,CrossWorldPrepare,700,
2323,NativeJobBarrier,200,
2323,CommitDecision,200,
2323,VoxelCommit,400,
2323,EcsCommandBufferCommit,135700,
2323,GasAndEventFinalize,46100,
2323,ReplicationProjection,147300,
2323,SnapshotHashMetrics,500,
2323,EgressPublish,14816400,
2324,IngressCapture,4100,
2324,DecodeAndCanonicalize,300,
2324,ApplyInputs,251700,
2324,ProcessorPlan,41400,
2324,CrossWorldPrepare,700,
2324,NativeJobBarrier,200,
2324,CommitDecision,500,
2324,VoxelCommit,400,
2324,EcsCommandBufferCommit,158200,
2324,GasAndEventFinalize,54500,
2324,ReplicationProjection,179800,
2324,SnapshotHashMetrics,200,
2324,EgressPublish,11397000,
2325,IngressCapture,4700,
2325,DecodeAndCanonicalize,200,
2325,ApplyInputs,268600,
2325,ProcessorPlan,37600,
2325,CrossWorldPrepare,600,
2325,NativeJobBarrier,100,
2325,CommitDecision,100,
2325,VoxelCommit,200,
2325,EcsCommandBufferCommit,130000,
2325,GasAndEventFinalize,43600,
2325,ReplicationProjection,148800,
2325,SnapshotHashMetrics,200,
2325,EgressPublish,15375100,
2326,IngressCapture,5400,
2326,DecodeAndCanonicalize,200,
2326,ApplyInputs,309500,
2326,ProcessorPlan,44200,
2326,CrossWorldPrepare,600,
2326,NativeJobBarrier,100,
2326,CommitDecision,200,
2326,VoxelCommit,500,
2326,EcsCommandBufferCommit,171500,
2326,GasAndEventFinalize,51100,
2326,ReplicationProjection,148700,
2326,SnapshotHashMetrics,200,
2326,EgressPublish,15471200,
2327,IngressCapture,4400,
2327,DecodeAndCanonicalize,200,
2327,ApplyInputs,486800,
2327,ProcessorPlan,76800,
2327,CrossWorldPrepare,600,
2327,NativeJobBarrier,200,
2327,CommitDecision,100,
2327,VoxelCommit,600,
2327,EcsCommandBufferCommit,117400,
2327,GasAndEventFinalize,52900,
2327,ReplicationProjection,151200,
2327,SnapshotHashMetrics,200,
2327,EgressPublish,12363400,
2328,IngressCapture,11500,
2328,DecodeAndCanonicalize,200,
2328,ApplyInputs,373100,
2328,ProcessorPlan,56100,
2328,CrossWorldPrepare,1500,
2328,NativeJobBarrier,500,
2328,CommitDecision,400,
2328,VoxelCommit,800,
2328,EcsCommandBufferCommit,194000,
2328,GasAndEventFinalize,67100,
2328,ReplicationProjection,237400,
2328,SnapshotHashMetrics,500,
2328,EgressPublish,17280300,
2329,IngressCapture,4800,
2329,DecodeAndCanonicalize,200,
2329,ApplyInputs,243300,
2329,ProcessorPlan,36000,
2329,CrossWorldPrepare,600,
2329,NativeJobBarrier,100,
2329,CommitDecision,400,
2329,VoxelCommit,200,
2329,EcsCommandBufferCommit,120700,
2329,GasAndEventFinalize,36000,
2329,ReplicationProjection,144800,
2329,SnapshotHashMetrics,300,
2329,EgressPublish,14099400,
2330,IngressCapture,4700,
2330,DecodeAndCanonicalize,500,
2330,ApplyInputs,473800,
2330,ProcessorPlan,59500,
2330,CrossWorldPrepare,1900,
2330,NativeJobBarrier,200,
2330,CommitDecision,600,
2330,VoxelCommit,1100,
2330,EcsCommandBufferCommit,242200,
2330,GasAndEventFinalize,80400,
2330,ReplicationProjection,247800,
2330,SnapshotHashMetrics,500,
2330,EgressPublish,12764300,
2331,IngressCapture,4800,
2331,DecodeAndCanonicalize,200,
2331,ApplyInputs,350000,
2331,ProcessorPlan,82000,
2331,CrossWorldPrepare,1400,
2331,NativeJobBarrier,200,
2331,CommitDecision,200,
2331,VoxelCommit,900,
2331,EcsCommandBufferCommit,210500,
2331,GasAndEventFinalize,74300,
2331,ReplicationProjection,259500,
2331,SnapshotHashMetrics,700,
2331,EgressPublish,19167200,
2332,IngressCapture,4600,
2332,DecodeAndCanonicalize,100,
2332,ApplyInputs,305700,
2332,ProcessorPlan,39200,
2332,CrossWorldPrepare,600,
2332,NativeJobBarrier,100,
2332,CommitDecision,300,
2332,VoxelCommit,500,
2332,EcsCommandBufferCommit,159400,
2332,GasAndEventFinalize,56400,
2332,ReplicationProjection,161800,
2332,SnapshotHashMetrics,300,
2332,EgressPublish,15553000,
2333,IngressCapture,4700,
2333,DecodeAndCanonicalize,200,
2333,ApplyInputs,305900,
2333,ProcessorPlan,41000,
2333,CrossWorldPrepare,500,
2333,NativeJobBarrier,200,
2333,CommitDecision,100,
2333,VoxelCommit,400,
2333,EcsCommandBufferCommit,140900,
2333,GasAndEventFinalize,45400,
2333,ReplicationProjection,147800,
2333,SnapshotHashMetrics,200,
2333,EgressPublish,13357300,
2334,IngressCapture,4300,
2334,DecodeAndCanonicalize,200,
2334,ApplyInputs,279900,
2334,ProcessorPlan,64100,
2334,CrossWorldPrepare,800,
2334,NativeJobBarrier,200,
2334,CommitDecision,300,
2334,VoxelCommit,600,
2334,EcsCommandBufferCommit,217700,
2334,GasAndEventFinalize,70000,
2334,ReplicationProjection,246600,
2334,SnapshotHashMetrics,300,
2334,EgressPublish,17877600,
2335,IngressCapture,7900,
2335,DecodeAndCanonicalize,500,
2335,ApplyInputs,860200,
2335,ProcessorPlan,153500,
2335,CrossWorldPrepare,1000,
2335,NativeJobBarrier,200,
2335,CommitDecision,300,
2335,VoxelCommit,700,
2335,EcsCommandBufferCommit,165900,
2335,GasAndEventFinalize,68600,
2335,ReplicationProjection,159000,
2335,SnapshotHashMetrics,300,
2335,EgressPublish,13800000,
2336,IngressCapture,3100,
2336,DecodeAndCanonicalize,200,
2336,ApplyInputs,218900,
2336,ProcessorPlan,41800,
2336,CrossWorldPrepare,1400,
2336,NativeJobBarrier,100,
2336,CommitDecision,200,
2336,VoxelCommit,300,
2336,EcsCommandBufferCommit,147800,
2336,GasAndEventFinalize,45200,
2336,ReplicationProjection,144700,
2336,SnapshotHashMetrics,200,
2336,EgressPublish,13740800,
2337,IngressCapture,5100,
2337,DecodeAndCanonicalize,600,
2337,ApplyInputs,520900,
2337,ProcessorPlan,59700,
2337,CrossWorldPrepare,1000,
2337,NativeJobBarrier,200,
2337,CommitDecision,400,
2337,VoxelCommit,600,
2337,EcsCommandBufferCommit,1057900,
2337,GasAndEventFinalize,158400,
2337,ReplicationProjection,1033000,
2337,SnapshotHashMetrics,800,
2337,EgressPublish,18452800,
2338,IngressCapture,9200,
2338,DecodeAndCanonicalize,200,
2338,ApplyInputs,482000,
2338,ProcessorPlan,65400,
2338,CrossWorldPrepare,1100,
2338,NativeJobBarrier,200,
2338,CommitDecision,200,
2338,VoxelCommit,900,
2338,EcsCommandBufferCommit,215900,
2338,GasAndEventFinalize,70900,
2338,ReplicationProjection,273000,
2338,SnapshotHashMetrics,400,
2338,EgressPublish,18371700,
2339,IngressCapture,7000,
2339,DecodeAndCanonicalize,200,
2339,ApplyInputs,432900,
2339,ProcessorPlan,107800,
2339,CrossWorldPrepare,2600,
2339,NativeJobBarrier,200,
2339,CommitDecision,200,
2339,VoxelCommit,1500,
2339,EcsCommandBufferCommit,241600,
2339,GasAndEventFinalize,99700,
2339,ReplicationProjection,283200,
2339,SnapshotHashMetrics,500,
2339,EgressPublish,19263100,
2340,IngressCapture,6900,
2340,DecodeAndCanonicalize,200,
2340,ApplyInputs,544500,
2340,ProcessorPlan,58600,
2340,CrossWorldPrepare,1400,
2340,NativeJobBarrier,400,
2340,CommitDecision,500,
2340,VoxelCommit,400,
2340,EcsCommandBufferCommit,323600,
2340,GasAndEventFinalize,69600,
2340,ReplicationProjection,243200,
2340,SnapshotHashMetrics,300,
2340,EgressPublish,18866600,
2341,IngressCapture,5200,
2341,DecodeAndCanonicalize,200,
2341,ApplyInputs,401600,
2341,ProcessorPlan,75600,
2341,CrossWorldPrepare,1100,
2341,NativeJobBarrier,200,
2341,CommitDecision,500,
2341,VoxelCommit,700,
2341,EcsCommandBufferCommit,271700,
2341,GasAndEventFinalize,94200,
2341,ReplicationProjection,315600,
2341,SnapshotHashMetrics,200,
2341,EgressPublish,19894800,
2342,IngressCapture,4600,
2342,DecodeAndCanonicalize,200,
2342,ApplyInputs,476200,
2342,ProcessorPlan,65400,
2342,CrossWorldPrepare,2300,
2342,NativeJobBarrier,900,
2342,CommitDecision,1000,
2342,VoxelCommit,1000,
2342,EcsCommandBufferCommit,271100,
2342,GasAndEventFinalize,85100,
2342,ReplicationProjection,268700,
2342,SnapshotHashMetrics,600,
2342,EgressPublish,19770600,
2343,IngressCapture,4300,
2343,DecodeAndCanonicalize,400,
2343,ApplyInputs,720800,
2343,ProcessorPlan,57000,
2343,CrossWorldPrepare,1000,
2343,NativeJobBarrier,200,
2343,CommitDecision,300,
2343,VoxelCommit,400,
2343,EcsCommandBufferCommit,219200,
2343,GasAndEventFinalize,61100,
2343,ReplicationProjection,170000,
2343,SnapshotHashMetrics,200,
2343,EgressPublish,18591800,
2344,IngressCapture,5000,
2344,DecodeAndCanonicalize,100,
2344,ApplyInputs,254300,
2344,ProcessorPlan,46200,
2344,CrossWorldPrepare,900,
2344,NativeJobBarrier,200,
2344,CommitDecision,200,
2344,VoxelCommit,600,
2344,EcsCommandBufferCommit,191400,
2344,GasAndEventFinalize,59900,
2344,ReplicationProjection,171300,
2344,SnapshotHashMetrics,400,
2344,EgressPublish,14846800,
2345,IngressCapture,4100,
2345,DecodeAndCanonicalize,300,
2345,ApplyInputs,405000,
2345,ProcessorPlan,69800,
2345,CrossWorldPrepare,700,
2345,NativeJobBarrier,200,
2345,CommitDecision,200,
2345,VoxelCommit,500,
2345,EcsCommandBufferCommit,194400,
2345,GasAndEventFinalize,79900,
2345,ReplicationProjection,284300,
2345,SnapshotHashMetrics,800,
2345,EgressPublish,18981200,
2346,IngressCapture,3700,
2346,DecodeAndCanonicalize,100,
2346,ApplyInputs,281000,
2346,ProcessorPlan,50300,
2346,CrossWorldPrepare,800,
2346,NativeJobBarrier,200,
2346,CommitDecision,400,
2346,VoxelCommit,400,
2346,EcsCommandBufferCommit,166800,
2346,GasAndEventFinalize,59200,
2346,ReplicationProjection,211600,
2346,SnapshotHashMetrics,300,
2346,EgressPublish,16826800,
2347,IngressCapture,2900,
2347,DecodeAndCanonicalize,200,
2347,ApplyInputs,235600,
2347,ProcessorPlan,37500,
2347,CrossWorldPrepare,600,
2347,NativeJobBarrier,100,
2347,CommitDecision,200,
2347,VoxelCommit,700,
2347,EcsCommandBufferCommit,128100,
2347,GasAndEventFinalize,45500,
2347,ReplicationProjection,147200,
2347,SnapshotHashMetrics,200,
2347,EgressPublish,16754700,
2348,IngressCapture,5600,
2348,DecodeAndCanonicalize,200,
2348,ApplyInputs,417300,
2348,ProcessorPlan,53600,
2348,CrossWorldPrepare,900,
2348,NativeJobBarrier,800,
2348,CommitDecision,200,
2348,VoxelCommit,500,
2348,EcsCommandBufferCommit,188000,
2348,GasAndEventFinalize,64100,
2348,ReplicationProjection,242100,
2348,SnapshotHashMetrics,300,
2348,EgressPublish,17433600,
2349,IngressCapture,6200,
2349,DecodeAndCanonicalize,300,
2349,ApplyInputs,268700,
2349,ProcessorPlan,43500,
2349,CrossWorldPrepare,700,
2349,NativeJobBarrier,300,
2349,CommitDecision,1100,
2349,VoxelCommit,800,
2349,EcsCommandBufferCommit,185300,
2349,GasAndEventFinalize,49800,
2349,ReplicationProjection,161800,
2349,SnapshotHashMetrics,300,
2349,EgressPublish,13982100,
2350,IngressCapture,3400,
2350,DecodeAndCanonicalize,100,
2350,ApplyInputs,267600,
2350,ProcessorPlan,34500,
2350,CrossWorldPrepare,800,
2350,NativeJobBarrier,100,
2350,CommitDecision,200,
2350,VoxelCommit,200,
2350,EcsCommandBufferCommit,110900,
2350,GasAndEventFinalize,481100,
2350,ReplicationProjection,171600,
2350,SnapshotHashMetrics,200,
2350,EgressPublish,11222700,
2351,IngressCapture,4100,
2351,DecodeAndCanonicalize,100,
2351,ApplyInputs,425800,
2351,ProcessorPlan,35300,
2351,CrossWorldPrepare,500,
2351,NativeJobBarrier,100,
2351,CommitDecision,100,
2351,VoxelCommit,200,
2351,EcsCommandBufferCommit,96500,
2351,GasAndEventFinalize,49700,
2351,ReplicationProjection,145900,
2351,SnapshotHashMetrics,100,
2351,EgressPublish,10204300,
2352,IngressCapture,4300,
2352,DecodeAndCanonicalize,200,
2352,ApplyInputs,277300,
2352,ProcessorPlan,56000,
2352,CrossWorldPrepare,600,
2352,NativeJobBarrier,200,
2352,CommitDecision,300,
2352,VoxelCommit,800,
2352,EcsCommandBufferCommit,143200,
2352,GasAndEventFinalize,35900,
2352,ReplicationProjection,142000,
2352,SnapshotHashMetrics,200,
2352,EgressPublish,11020800,
2353,IngressCapture,3700,
2353,DecodeAndCanonicalize,300,
2353,ApplyInputs,345200,
2353,ProcessorPlan,51000,
2353,CrossWorldPrepare,700,
2353,NativeJobBarrier,300,
2353,CommitDecision,200,
2353,VoxelCommit,600,
2353,EcsCommandBufferCommit,139500,
2353,GasAndEventFinalize,49100,
2353,ReplicationProjection,227900,
2353,SnapshotHashMetrics,300,
2353,EgressPublish,14573800,
2354,IngressCapture,3500,
2354,DecodeAndCanonicalize,200,
2354,ApplyInputs,311600,
2354,ProcessorPlan,52000,
2354,CrossWorldPrepare,1100,
2354,NativeJobBarrier,200,
2354,CommitDecision,200,
2354,VoxelCommit,400,
2354,EcsCommandBufferCommit,142300,
2354,GasAndEventFinalize,48200,
2354,ReplicationProjection,219500,
2354,SnapshotHashMetrics,800,
2354,EgressPublish,12974500,
2355,IngressCapture,4700,
2355,DecodeAndCanonicalize,200,
2355,ApplyInputs,338500,
2355,ProcessorPlan,61300,
2355,CrossWorldPrepare,1900,
2355,NativeJobBarrier,400,
2355,CommitDecision,200,
2355,VoxelCommit,1400,
2355,EcsCommandBufferCommit,183700,
2355,GasAndEventFinalize,56400,
2355,ReplicationProjection,263900,
2355,SnapshotHashMetrics,500,
2355,EgressPublish,15773200,
2356,IngressCapture,3100,
2356,DecodeAndCanonicalize,200,
2356,ApplyInputs,216100,
2356,ProcessorPlan,33000,
2356,CrossWorldPrepare,500,
2356,NativeJobBarrier,100,
2356,CommitDecision,200,
2356,VoxelCommit,300,
2356,EcsCommandBufferCommit,129800,
2356,GasAndEventFinalize,33400,
2356,ReplicationProjection,139700,
2356,SnapshotHashMetrics,200,
2356,EgressPublish,13212400,
2357,IngressCapture,5400,
2357,DecodeAndCanonicalize,200,
2357,ApplyInputs,371900,
2357,ProcessorPlan,71900,
2357,CrossWorldPrepare,900,
2357,NativeJobBarrier,400,
2357,CommitDecision,200,
2357,VoxelCommit,800,
2357,EcsCommandBufferCommit,150500,
2357,GasAndEventFinalize,54800,
2357,ReplicationProjection,267200,
2357,SnapshotHashMetrics,400,
2357,EgressPublish,12060600,
2358,IngressCapture,3300,
2358,DecodeAndCanonicalize,200,
2358,ApplyInputs,258900,
2358,ProcessorPlan,39100,
2358,CrossWorldPrepare,700,
2358,NativeJobBarrier,200,
2358,CommitDecision,200,
2358,VoxelCommit,400,
2358,EcsCommandBufferCommit,149500,
2358,GasAndEventFinalize,60500,
2358,ReplicationProjection,166500,
2358,SnapshotHashMetrics,300,
2358,EgressPublish,10202300,
2359,IngressCapture,4600,
2359,DecodeAndCanonicalize,200,
2359,ApplyInputs,562300,
2359,ProcessorPlan,52400,
2359,CrossWorldPrepare,500,
2359,NativeJobBarrier,300,
2359,CommitDecision,400,
2359,VoxelCommit,700,
2359,EcsCommandBufferCommit,161700,
2359,GasAndEventFinalize,76500,
2359,ReplicationProjection,221400,
2359,SnapshotHashMetrics,500,
2359,EgressPublish,11954100,
2360,IngressCapture,5500,
2360,DecodeAndCanonicalize,200,
2360,ApplyInputs,314200,
2360,ProcessorPlan,76600,
2360,CrossWorldPrepare,800,
2360,NativeJobBarrier,200,
2360,CommitDecision,400,
2360,VoxelCommit,1100,
2360,EcsCommandBufferCommit,232900,
2360,GasAndEventFinalize,42000,
2360,ReplicationProjection,185400,
2360,SnapshotHashMetrics,700,
2360,EgressPublish,13364900,
2361,IngressCapture,3700,
2361,DecodeAndCanonicalize,200,
2361,ApplyInputs,308400,
2361,ProcessorPlan,48300,
2361,CrossWorldPrepare,1000,
2361,NativeJobBarrier,100,
2361,CommitDecision,200,
2361,VoxelCommit,800,
2361,EcsCommandBufferCommit,133700,
2361,GasAndEventFinalize,53100,
2361,ReplicationProjection,225400,
2361,SnapshotHashMetrics,800,
2361,EgressPublish,10877700,
2362,IngressCapture,5200,
2362,DecodeAndCanonicalize,200,
2362,ApplyInputs,293200,
2362,ProcessorPlan,39600,
2362,CrossWorldPrepare,700,
2362,NativeJobBarrier,200,
2362,CommitDecision,200,
2362,VoxelCommit,500,
2362,EcsCommandBufferCommit,143800,
2362,GasAndEventFinalize,42800,
2362,ReplicationProjection,144700,
2362,SnapshotHashMetrics,300,
2362,EgressPublish,9392000,
2363,IngressCapture,4700,
2363,DecodeAndCanonicalize,200,
2363,ApplyInputs,397500,
2363,ProcessorPlan,52700,
2363,CrossWorldPrepare,400,
2363,NativeJobBarrier,200,
2363,CommitDecision,500,
2363,VoxelCommit,400,
2363,EcsCommandBufferCommit,147000,
2363,GasAndEventFinalize,51000,
2363,ReplicationProjection,225200,
2363,SnapshotHashMetrics,300,
2363,EgressPublish,10679700,
2364,IngressCapture,3500,
2364,DecodeAndCanonicalize,300,
2364,ApplyInputs,195300,
2364,ProcessorPlan,35400,
2364,CrossWorldPrepare,700,
2364,NativeJobBarrier,300,
2364,CommitDecision,100,
2364,VoxelCommit,400,
2364,EcsCommandBufferCommit,125200,
2364,GasAndEventFinalize,37900,
2364,ReplicationProjection,141100,
2364,SnapshotHashMetrics,700,
2364,EgressPublish,8380000,
2365,IngressCapture,3800,
2365,DecodeAndCanonicalize,200,
2365,ApplyInputs,237000,
2365,ProcessorPlan,34100,
2365,CrossWorldPrepare,700,
2365,NativeJobBarrier,300,
2365,CommitDecision,300,
2365,VoxelCommit,200,
2365,EcsCommandBufferCommit,112800,
2365,GasAndEventFinalize,34600,
2365,ReplicationProjection,141000,
2365,SnapshotHashMetrics,300,
2365,EgressPublish,9252700,
2366,IngressCapture,2900,
2366,DecodeAndCanonicalize,300,
2366,ApplyInputs,382700,
2366,ProcessorPlan,57200,
2366,CrossWorldPrepare,500,
2366,NativeJobBarrier,200,
2366,CommitDecision,100,
2366,VoxelCommit,200,
2366,EcsCommandBufferCommit,109900,
2366,GasAndEventFinalize,49900,
2366,ReplicationProjection,144500,
2366,SnapshotHashMetrics,200,
2366,EgressPublish,8484600,
2367,IngressCapture,2600,
2367,DecodeAndCanonicalize,200,
2367,ApplyInputs,227600,
2367,ProcessorPlan,35700,
2367,CrossWorldPrepare,700,
2367,NativeJobBarrier,200,
2367,CommitDecision,100,
2367,VoxelCommit,500,
2367,EcsCommandBufferCommit,104100,
2367,GasAndEventFinalize,37300,
2367,ReplicationProjection,175900,
2367,SnapshotHashMetrics,500,
2367,EgressPublish,7514200,
2368,IngressCapture,4200,
2368,DecodeAndCanonicalize,200,
2368,ApplyInputs,231400,
2368,ProcessorPlan,39300,
2368,CrossWorldPrepare,700,
2368,NativeJobBarrier,200,
2368,CommitDecision,200,
2368,VoxelCommit,200,
2368,EcsCommandBufferCommit,134400,
2368,GasAndEventFinalize,46700,
2368,ReplicationProjection,162500,
2368,SnapshotHashMetrics,200,
2368,EgressPublish,10408000,
2369,IngressCapture,2900,
2369,DecodeAndCanonicalize,300,
2369,ApplyInputs,317800,
2369,ProcessorPlan,51300,
2369,CrossWorldPrepare,700,
2369,NativeJobBarrier,300,
2369,CommitDecision,300,
2369,VoxelCommit,400,
2369,EcsCommandBufferCommit,491100,
2369,GasAndEventFinalize,70900,
2369,ReplicationProjection,792000,
2369,SnapshotHashMetrics,400,
2369,EgressPublish,11783100,
2370,IngressCapture,3200,
2370,DecodeAndCanonicalize,200,
2370,ApplyInputs,282400,
2370,ProcessorPlan,58500,
2370,CrossWorldPrepare,1100,
2370,NativeJobBarrier,200,
2370,CommitDecision,300,
2370,VoxelCommit,500,
2370,EcsCommandBufferCommit,176100,
2370,GasAndEventFinalize,88400,
2370,ReplicationProjection,264700,
2370,SnapshotHashMetrics,400,
2370,EgressPublish,24602700,
2371,IngressCapture,4700,
2371,DecodeAndCanonicalize,200,
2371,ApplyInputs,411700,
2371,ProcessorPlan,55700,
2371,CrossWorldPrepare,1100,
2371,NativeJobBarrier,300,
2371,CommitDecision,600,
2371,VoxelCommit,600,
2371,EcsCommandBufferCommit,797900,
2371,GasAndEventFinalize,108100,
2371,ReplicationProjection,1910400,
2371,SnapshotHashMetrics,900,
2371,EgressPublish,16760500,
2372,IngressCapture,6600,
2372,DecodeAndCanonicalize,200,
2372,ApplyInputs,537200,
2372,ProcessorPlan,66800,
2372,CrossWorldPrepare,1400,
2372,NativeJobBarrier,300,
2372,CommitDecision,400,
2372,VoxelCommit,800,
2372,EcsCommandBufferCommit,274700,
2372,GasAndEventFinalize,89000,
2372,ReplicationProjection,304900,
2372,SnapshotHashMetrics,1200,
2372,EgressPublish,16738200,
2373,IngressCapture,4600,
2373,DecodeAndCanonicalize,100,
2373,ApplyInputs,267500,
2373,ProcessorPlan,43400,
2373,CrossWorldPrepare,1000,
2373,NativeJobBarrier,200,
2373,CommitDecision,200,
2373,VoxelCommit,300,
2373,EcsCommandBufferCommit,194900,
2373,GasAndEventFinalize,60600,
2373,ReplicationProjection,180000,
2373,SnapshotHashMetrics,200,
2373,EgressPublish,10874500,
2374,IngressCapture,7300,
2374,DecodeAndCanonicalize,300,
2374,ApplyInputs,864800,
2374,ProcessorPlan,122700,
2374,CrossWorldPrepare,800,
2374,NativeJobBarrier,200,
2374,CommitDecision,200,
2374,VoxelCommit,600,
2374,EcsCommandBufferCommit,170700,
2374,GasAndEventFinalize,113300,
2374,ReplicationProjection,291800,
2374,SnapshotHashMetrics,300,
2374,EgressPublish,15432000,
2375,IngressCapture,6500,
2375,DecodeAndCanonicalize,200,
2375,ApplyInputs,248500,
2375,ProcessorPlan,40800,
2375,CrossWorldPrepare,600,
2375,NativeJobBarrier,200,
2375,CommitDecision,100,
2375,VoxelCommit,200,
2375,EcsCommandBufferCommit,145800,
2375,GasAndEventFinalize,45500,
2375,ReplicationProjection,169500,
2375,SnapshotHashMetrics,300,
2375,EgressPublish,13112500,
2376,IngressCapture,4300,
2376,DecodeAndCanonicalize,300,
2376,ApplyInputs,513000,
2376,ProcessorPlan,69000,
2376,CrossWorldPrepare,1000,
2376,NativeJobBarrier,200,
2376,CommitDecision,200,
2376,VoxelCommit,800,
2376,EcsCommandBufferCommit,231600,
2376,GasAndEventFinalize,143900,
2376,ReplicationProjection,368200,
2376,SnapshotHashMetrics,1100,
2376,EgressPublish,17151200,
2377,IngressCapture,6800,
2377,DecodeAndCanonicalize,200,
2377,ApplyInputs,396800,
2377,ProcessorPlan,69400,
2377,CrossWorldPrepare,1100,
2377,NativeJobBarrier,700,
2377,CommitDecision,200,
2377,VoxelCommit,700,
2377,EcsCommandBufferCommit,194200,
2377,GasAndEventFinalize,64700,
2377,ReplicationProjection,290100,
2377,SnapshotHashMetrics,400,
2377,EgressPublish,14408600,
2378,IngressCapture,5500,
2378,DecodeAndCanonicalize,300,
2378,ApplyInputs,468400,
2378,ProcessorPlan,40900,
2378,CrossWorldPrepare,400,
2378,NativeJobBarrier,200,
2378,CommitDecision,200,
2378,VoxelCommit,500,
2378,EcsCommandBufferCommit,182400,
2378,GasAndEventFinalize,56900,
2378,ReplicationProjection,182100,
2378,SnapshotHashMetrics,200,
2378,EgressPublish,13736100,
2379,IngressCapture,3500,
2379,DecodeAndCanonicalize,200,
2379,ApplyInputs,309800,
2379,ProcessorPlan,41500,
2379,CrossWorldPrepare,700,
2379,NativeJobBarrier,200,
2379,CommitDecision,100,
2379,VoxelCommit,200,
2379,EcsCommandBufferCommit,178500,
2379,GasAndEventFinalize,60900,
2379,ReplicationProjection,178100,
2379,SnapshotHashMetrics,300,
2379,EgressPublish,14839400,
2380,IngressCapture,6300,
2380,DecodeAndCanonicalize,100,
2380,ApplyInputs,335900,
2380,ProcessorPlan,42400,
2380,CrossWorldPrepare,800,
2380,NativeJobBarrier,100,
2380,CommitDecision,100,
2380,VoxelCommit,300,
2380,EcsCommandBufferCommit,161000,
2380,GasAndEventFinalize,45600,
2380,ReplicationProjection,168500,
2380,SnapshotHashMetrics,300,
2380,EgressPublish,13574400,
2381,IngressCapture,4500,
2381,DecodeAndCanonicalize,200,
2381,ApplyInputs,407000,
2381,ProcessorPlan,59000,
2381,CrossWorldPrepare,1000,
2381,NativeJobBarrier,800,
2381,CommitDecision,100,
2381,VoxelCommit,700,
2381,EcsCommandBufferCommit,189800,
2381,GasAndEventFinalize,72700,
2381,ReplicationProjection,274600,
2381,SnapshotHashMetrics,700,
2381,EgressPublish,16078300,
2382,IngressCapture,6800,
2382,DecodeAndCanonicalize,300,
2382,ApplyInputs,870000,
2382,ProcessorPlan,122200,
2382,CrossWorldPrepare,1200,
2382,NativeJobBarrier,200,
2382,CommitDecision,400,
2382,VoxelCommit,500,
2382,EcsCommandBufferCommit,243300,
2382,GasAndEventFinalize,91200,
2382,ReplicationProjection,287900,
2382,SnapshotHashMetrics,800,
2382,EgressPublish,14941700,
2383,IngressCapture,6300,
2383,DecodeAndCanonicalize,300,
2383,ApplyInputs,516300,
2383,ProcessorPlan,42800,
2383,CrossWorldPrepare,800,
2383,NativeJobBarrier,200,
2383,CommitDecision,300,
2383,VoxelCommit,1200,
2383,EcsCommandBufferCommit,232200,
2383,GasAndEventFinalize,62700,
2383,ReplicationProjection,799000,
2383,SnapshotHashMetrics,600,
2383,EgressPublish,15003900,
2384,IngressCapture,13700,
2384,DecodeAndCanonicalize,400,
2384,ApplyInputs,506000,
2384,ProcessorPlan,61600,
2384,CrossWorldPrepare,600,
2384,NativeJobBarrier,300,
2384,CommitDecision,300,
2384,VoxelCommit,500,
2384,EcsCommandBufferCommit,772300,
2384,GasAndEventFinalize,92700,
2384,ReplicationProjection,1055800,
2384,SnapshotHashMetrics,1300,
2384,EgressPublish,16898200,
