tick_id,rss_bytes
1,117456896
2,117399552
3,117555200
4,117559296
5,117559296
6,117559296
7,119091200
8,119369728
9,119365632
10,119365632
11,119635968
12,119635968
13,119635968
14,119635968
15,119635968
16,119865344
17,119865344
18,119869440
19,120147968
20,120152064
21,120152064
22,120152064
23,120152064
24,120315904
25,120438784
26,120442880
27,120446976
28,120446976
29,120446976
30,120610816
31,120729600
32,120729600
33,120754176
34,120754176
35,120754176
36,120778752
37,121020416
38,121024512
39,121020416
40,121589760
41,121733120
42,121733120
43,121733120
44,121745408
45,121929728
46,121925632
47,121925632
48,121925632
49,121925632
50,121925632
51,121925632
52,121925632
53,121925632
54,121925632
55,121913344
56,121913344
57,121913344
58,121913344
59,121913344
60,121913344
61,121913344
62,121913344
63,121913344
64,121913344
65,121921536
66,121880576
67,127111168
68,128204800
69,128208896
70,128208896
71,128286720
72,128385024
73,128499712
74,128573440
75,128577536
76,128577536
77,128577536
78,128577536
79,128577536
80,128577536
81,128581632
82,129454080
83,129634304
84,129634304
85,129638400
86,129638400
87,129638400
88,129757184
89,130097152
90,130088960
91,130088960
92,130256896
93,130260992
94,130289664
95,130289664
96,130306048
97,130318336
98,130318336
99,130256896
100,130277376
101,130285568
102,130285568
103,130301952
104,130306048
105,130314240
106,130347008
107,130547712
108,130547712
109,130555904
110,130572288
111,130547712
112,130617344
113,130617344
114,130617344
115,130617344
116,130617344
117,130625536
118,130629632
119,130629632
120,130629632
121,130629632
122,130641920
123,131051520
124,131371008
125,131366912
126,131371008
127,131371008
128,131526656
129,131710976
130,131805184
131,131862528
132,131862528
133,132222976
134,132341760
135,132341760
136,132341760
137,132321280
138,132329472
139,132362240
140,132407296
141,132378624
142,132493312
143,132501504
144,132591616
145,132595712
146,132616192
147,133246976
148,133255168
149,133267456
150,133267456
151,133267456
152,133267456
153,133267456
154,133267456
155,133267456
156,133308416
157,133316608
158,133447680
159,133447680
160,133468160
161,133492736
162,133574656
163,133623808
164,133640192
165,133689344
166,133738496
167,133767168
168,133779456
169,133779456
170,133779456
171,133783552
172,133783552
173,133783552
174,133783552
175,133783552
176,133783552
177,133783552
178,133783552
179,133783552
180,133783552
181,133783552
182,133783552
183,133783552
184,133783552
185,133783552
186,133783552
187,133783552
188,133795840
189,133795840
190,133795840
191,133795840
192,133795840
193,133795840
194,133795840
195,133799936
196,133799936
197,133799936
198,133799936
199,133799936
200,133799936
201,133734400
202,133734400
203,133742592
204,133763072
205,133763072
206,133763072
207,133763072
208,133763072
209,133763072
210,133763072
211,133763072
212,133763072
213,133767168
214,133771264
215,133771264
216,133771264
217,133771264
218,133771264
219,133771264
220,133771264
221,133771264
222,133771264
223,133771264
224,133771264
225,133771264
226,133779456
227,133779456
228,133779456
229,133779456
230,133779456
231,133779456
232,133779456
233,133779456
234,133779456
235,133779456
236,133779456
237,133779456
238,133779456
239,133865472
240,133988352
241,134090752
242,134189056
243,134189056
244,134189056
245,134189056
246,134189056
247,134189056
248,134193152
249,134217728
250,134221824
251,134221824
252,134221824
253,134221824
254,134221824
255,134225920
256,134230016
257,134230016
258,134230016
259,134230016
260,134230016
261,134230016
262,134230016
263,134234112
264,134234112
265,134234112
266,134234112
267,134234112
268,134234112
269,134234112
270,134234112
271,134238208
272,134238208
273,134246400
274,134246400
275,134246400
276,134246400
277,134246400
278,134246400
279,134250496
280,134250496
281,134258688
282,134258688
283,134258688
284,134258688
285,134258688
286,134258688
287,134270976
288,134270976
289,134270976
290,134270976
291,134270976
292,134270976
293,134270976
294,134270976
295,134275072
296,134275072
297,134275072
298,134275072
299,134275072
300,134275072
301,134275072
302,134275072
303,134279168
304,134279168
305,134279168
306,134279168
307,134279168
308,134279168
309,134279168
310,134279168
311,134283264
312,134283264
313,134283264
314,134283264
315,134283264
316,134508544
317,134512640
318,134512640
319,134451200
320,134451200
321,134451200
322,134451200
323,134451200
324,134451200
325,134451200
326,134451200
327,134520832
328,134524928
329,134524928
330,134524928
331,134524928
332,134524928
333,134524928
334,134524928
335,134524928
336,134524928
337,134524928
338,134524928
339,134524928
340,134524928
341,134524928
342,134524928
343,134529024
344,134529024
345,134529024
346,134529024
347,134529024
348,134529024
349,134529024
350,134529024
351,134553600
352,134553600
353,134553600
354,134553600
355,134553600
356,134553600
357,134553600
358,134553600
359,134619136
360,134639616
361,134639616
362,134639616
363,134639616
364,134639616
365,134639616
366,134639616
367,134639616
368,134639616
369,134639616
370,134639616
371,134639616
372,134639616
373,134684672
374,134684672
375,134684672
376,134684672
377,134684672
378,134684672
379,134684672
380,134684672
381,134684672
382,134684672
383,134684672
384,134684672
385,134684672
386,134684672
387,134684672
388,134684672
389,134684672
390,134684672
391,134684672
392,134684672
393,134684672
394,134684672
395,134684672
396,134684672
397,134684672
398,134684672
399,134684672
400,134684672
401,134684672
402,134684672
403,134684672
404,134684672
405,134684672
406,134684672
407,134684672
408,134684672
409,134684672
410,134684672
411,134684672
412,134684672
413,134684672
414,134713344
415,134713344
416,134713344
417,134713344
418,134713344
419,134713344
420,134713344
421,134713344
422,134713344
423,134713344
424,134713344
425,134713344
426,134713344
427,134713344
428,134713344
429,134713344
430,134758400
431,134766592
432,134766592
433,134766592
434,134766592
435,134766592
436,134766592
437,134832128
438,134832128
439,134832128
440,134832128
441,134832128
442,134832128
443,134832128
444,134832128
445,134832128
446,134832128
447,134832128
448,134832128
449,134832128
450,134832128
451,134832128
452,134832128
453,134832128
454,134832128
455,134832128
456,134832128
457,134832128
458,134832128
459,134832128
460,134832128
461,134832128
462,134832128
463,134832128
464,134832128
465,134832128
466,134832128
467,134832128
468,134832128
469,134832128
470,134832128
471,134832128
472,134832128
473,134832128
474,134832128
475,134832128
476,134832128
477,134832128
478,134832128
479,134832128
480,134832128
481,134832128
482,134832128
483,134832128
484,134832128
485,134832128
486,134832128
487,134832128
488,134832128
489,134832128
490,134832128
491,134832128
492,134832128
493,134832128
494,134832128
495,134803456
496,134803456
497,134803456
498,134803456
499,134803456
500,134803456
501,134803456
502,134803456
503,134803456
504,134803456
505,134803456
506,134803456
507,134803456
508,134803456
509,134803456
510,134803456
511,134803456
512,134803456
513,134803456
514,134803456
515,134803456
516,134803456
517,134803456
518,134803456
519,134803456
520,134803456
521,134803456
522,134803456
523,134803456
524,134803456
525,134803456
526,134803456
527,134803456
528,134803456
529,134803456
530,134803456
531,134803456
532,134803456
533,134803456
534,134803456
535,134803456
536,134803456
537,134803456
538,134803456
539,134803456
540,134803456
541,134803456
542,134803456
543,134803456
544,134803456
545,134803456
546,134803456
547,134803456
548,134803456
549,134803456
550,134803456
551,134803456
552,134803456
553,134803456
554,134803456
555,134803456
556,134754304
557,134754304
558,134754304
559,134754304
560,134754304
561,134754304
562,134782976
563,135180288
564,135180288
565,135180288
566,135180288
567,135180288
568,135180288
569,135180288
570,135184384
571,135184384
572,135184384
573,135184384
574,135184384
575,135184384
576,135184384
577,135184384
578,135188480
579,135192576
580,135192576
581,135192576
582,135192576
583,135192576
584,135192576
585,135192576
586,135196672
587,135196672
588,135196672
589,135196672
590,135196672
591,135196672
592,135196672
593,135196672
594,135200768
595,135200768
596,135200768
597,135200768
598,135200768
599,135200768
600,135229440
601,135593984
602,135598080
603,135598080
604,135598080
605,135602176
606,135602176
607,135602176
608,135602176
609,135602176
610,135606272
611,135606272
612,135606272
613,135606272
614,135606272
615,135606272
616,135606272
617,135606272
618,135610368
619,135610368
620,135610368
621,135610368
622,135610368
623,135610368
624,135610368
625,135610368
626,135614464
627,135614464
628,135614464
629,135614464
630,135614464
631,135970816
632,135970816
633,135970816
634,135970816
635,135970816
636,135970816
637,135970816
638,135970816
639,135970816
640,135970816
641,135970816
642,135970816
643,135970816
644,135970816
645,135970816
646,135970816
647,135970816
648,135974912
649,135974912
650,135974912
651,135974912
652,135974912
653,135974912
654,135974912
655,135974912
656,135974912
657,135974912
658,135974912
659,135974912
660,135974912
661,135974912
662,135974912
663,135974912
664,135974912
665,135974912
666,135974912
667,135974912
668,135974912
669,135974912
670,135974912
671,135974912
672,135974912
673,135974912
674,135974912
675,135974912
676,135974912
677,135974912
678,135974912
679,135974912
680,135974912
681,135974912
682,135974912
683,135974912
684,135974912
685,135946240
686,135946240
687,135946240
688,136011776
689,136011776
690,136011776
691,136011776
692,136011776
693,136011776
694,136011776
695,136011776
696,136011776
697,136011776
698,136011776
699,136011776
700,136011776
701,136011776
702,136011776
703,136011776
704,136011776
705,136011776
706,136011776
707,136011776
708,136011776
709,136011776
710,136011776
711,136011776
712,136011776
713,136011776
714,136011776
715,136011776
716,136011776
717,136011776
718,136011776
719,136011776
720,136011776
721,136011776
722,136011776
723,136011776
724,136011776
725,136011776
726,136011776
727,136011776
728,136011776
729,136011776
730,136011776
731,136011776
732,136011776
733,136011776
734,136011776
735,136011776
736,136011776
737,136011776
738,136011776
739,136011776
740,136011776
741,136011776
742,136011776
743,136011776
744,136011776
745,136011776
746,136011776
747,136011776
748,136011776
749,136011776
750,136011776
751,136011776
752,136011776
753,136011776
754,136011776
755,136011776
756,136011776
757,136011776
758,136011776
759,136011776
760,136011776
761,136015872
762,136015872
763,136015872
764,136015872
765,136015872
766,136015872
767,136015872
768,136015872
769,136015872
770,136015872
771,136015872
772,136015872
773,136015872
774,136015872
775,136015872
776,136015872
777,136015872
778,136015872
779,136015872
780,136015872
781,136015872
782,136015872
783,136015872
784,136015872
785,136015872
786,136015872
787,136015872
788,136015872
789,136015872
790,136015872
791,136015872
792,136015872
793,136015872
794,136015872
795,136015872
796,136015872
797,136015872
798,136015872
799,136015872
800,136015872
801,136015872
802,136015872
803,136015872
804,136015872
805,136015872
806,136015872
807,136015872
808,136015872
809,136015872
810,136015872
811,136015872
812,136015872
813,136015872
814,136015872
815,136081408
816,136081408
817,136081408
818,136081408
819,136081408
820,136081408
821,136081408
822,136081408
823,136081408
824,136081408
825,136081408
826,136081408
827,136081408
828,136081408
829,136081408
830,136081408
831,136081408
832,136081408
833,136081408
834,136081408
835,136081408
836,136081408
837,136081408
838,136081408
839,136081408
840,136081408
841,136081408
842,136081408
843,136081408
844,136081408
845,136081408
846,136081408
847,136081408
848,136081408
849,136081408
850,136081408
851,136081408
852,136081408
853,136081408
854,136081408
855,136081408
856,136081408
857,136081408
858,136081408
859,136081408
860,136081408
861,136081408
862,136081408
863,136081408
864,136081408
865,136081408
866,136081408
867,136081408
868,136081408
869,136081408
870,136081408
871,136081408
872,136081408
873,136081408
874,136081408
875,136081408
876,136081408
877,136081408
878,136081408
879,136081408
880,136081408
881,136081408
882,136081408
883,136081408
884,136081408
885,136081408
886,136081408
887,136081408
888,136081408
889,136081408
890,136081408
891,136081408
892,136081408
893,136081408
894,136081408
895,136081408
896,136081408
897,136081408
898,136081408
899,136081408
900,136081408
901,136081408
902,136081408
903,136081408
904,136081408
905,136081408
906,136081408
907,136081408
908,136081408
909,136081408
910,136081408
911,136081408
912,136081408
913,136081408
914,136081408
915,136081408
916,136081408
917,136081408
918,136081408
919,136081408
920,136081408
921,136081408
922,136081408
923,136081408
924,136081408
925,136081408
926,136081408
927,136081408
928,136081408
929,136081408
930,136081408
931,136081408
932,136081408
933,136081408
934,136081408
935,136081408
936,136081408
937,136081408
938,136081408
939,136081408
940,136081408
941,136146944
942,136146944
943,136146944
944,136146944
945,136146944
946,136146944
947,136146944
948,136146944
949,136146944
950,136146944
951,136146944
952,136146944
953,136146944
954,136146944
955,136146944
956,136146944
957,136146944
958,136146944
959,136146944
960,136146944
961,136146944
962,136146944
963,136146944
964,136146944
965,136146944
966,136146944
967,136146944
968,136146944
969,136146944
970,136146944
971,136146944
972,136146944
973,136146944
974,136146944
975,136146944
976,136146944
977,136146944
978,136146944
979,136146944
980,136146944
981,136146944
982,136146944
983,136146944
984,136146944
985,136146944
986,136146944
987,136146944
988,136146944
989,136146944
990,136146944
991,136146944
992,136146944
993,136146944
994,136146944
995,136146944
996,136146944
997,136146944
998,136146944
999,136146944
1000,136146944
1001,136146944
1002,136146944
1003,136146944
1004,136146944
1005,136146944
1006,136146944
1007,136146944
1008,136146944
1009,136146944
1010,136146944
1011,136146944
1012,136146944
1013,136146944
1014,136146944
1015,136146944
1016,136146944
1017,136146944
1018,136146944
1019,136146944
1020,136146944
1021,136146944
1022,136146944
1023,136146944
1024,136146944
1025,136146944
1026,136232960
1027,136232960
1028,136232960
1029,136232960
1030,136232960
1031,136232960
1032,136232960
1033,136232960
1034,136232960
1035,136232960
1036,136232960
1037,136232960
1038,136232960
1039,136232960
1040,136232960
1041,136232960
1042,136237056
1043,136237056
1044,136237056
1045,136237056
1046,136237056
1047,136237056
1048,136237056
1049,136265728
1050,136265728
1051,136265728
1052,136265728
1053,136265728
1054,136265728
1055,136273920
1056,136282112
1057,136282112
1058,136282112
1059,136282112
1060,136282112
1061,136282112
1062,136282112
1063,136282112
1064,136282112
1065,136282112
1066,136282112
1067,136347648
1068,136347648
1069,136347648
1070,136347648
1071,136347648
1072,136347648
1073,136347648
1074,136347648
1075,136347648
1076,136347648
1077,136347648
1078,136347648
1079,136347648
1080,136347648
1081,136347648
1082,136347648
1083,136347648
1084,136347648
1085,136347648
1086,136347648
1087,136347648
1088,136347648
1089,136347648
1090,136347648
1091,136347648
1092,136347648
1093,136351744
1094,136351744
1095,136351744
1096,136351744
1097,136351744
1098,136351744
1099,136351744
1100,136351744
1101,136351744
1102,136351744
1103,136351744
1104,136351744
1105,136351744
1106,136351744
1107,136351744
1108,136351744
1109,136351744
1110,136351744
1111,136351744
1112,136351744
1113,136351744
1114,136351744
1115,136351744
1116,136351744
1117,136351744
1118,136351744
1119,136351744
1120,136351744
1121,136351744
1122,136351744
1123,136351744
1124,136351744
1125,136351744
1126,136351744
1127,136351744
1128,136351744
1129,136351744
1130,136351744
1131,136351744
1132,136351744
1133,136351744
1134,136351744
1135,136351744
1136,136351744
1137,136351744
1138,136351744
1139,136351744
1140,136351744
1141,136351744
1142,136351744
1143,136351744
1144,136355840
1145,136355840
1146,136355840
1147,136355840
1148,136355840
1149,136355840
1150,136355840
1151,136355840
1152,136355840
1153,136355840
1154,136355840
1155,136355840
1156,136355840
1157,136355840
1158,136355840
1159,136355840
1160,136355840
1161,136355840
1162,136355840
1163,136355840
1164,136355840
1165,136327168
1166,136327168
1167,136327168
1168,136327168
1169,136327168
1170,136327168
1171,136327168
1172,136327168
1173,136327168
1174,136327168
1175,136327168
1176,136327168
1177,136327168
1178,136327168
1179,136327168
1180,136327168
1181,136327168
1182,136327168
1183,136327168
1184,136327168
1185,136327168
1186,136327168
1187,136327168
1188,136327168
1189,136327168
1190,136327168
1191,136327168
1192,136327168
1193,136331264
1194,136331264
1195,136335360
1196,136335360
1197,136335360
1198,136335360
1199,136335360
1200,136339456
1201,138301440
1202,138301440
1203,138301440
1204,138301440
1205,138330112
1206,138948608
1207,138948608
1208,138952704
1209,138952704
1210,138952704
1211,138952704
1212,138952704
1213,138952704
1214,138952704
1215,138952704
1216,138952704
1217,138952704
1218,138952704
1219,138952704
1220,138952704
1221,138952704
1222,138952704
1223,138952704
1224,138952704
1225,138952704
1226,138952704
1227,138952704
1228,138952704
1229,138952704
1230,138952704
1231,138952704
1232,138952704
1233,138952704
1234,138952704
1235,138952704
1236,138952704
1237,138952704
1238,138952704
1239,138952704
1240,138952704
1241,138952704
1242,138952704
1243,138952704
1244,138952704
1245,138952704
1246,138952704
1247,138952704
1248,138952704
1249,138952704
1250,138952704
1251,138952704
1252,138952704
1253,138952704
1254,138952704
1255,138952704
1256,138952704
1257,138952704
1258,138952704
1259,138952704
1260,138952704
1261,138952704
1262,138952704
1263,138952704
1264,138952704
1265,138952704
1266,138952704
1267,138952704
1268,138952704
1269,138952704
1270,138952704
1271,138952704
1272,138952704
1273,138952704
1274,138952704
1275,138952704
1276,138952704
1277,138952704
1278,138952704
1279,138952704
1280,138952704
1281,138952704
1282,138952704
1283,138952704
1284,138952704
1285,138952704
1286,138915840
1287,138915840
1288,138915840
1289,138915840
1290,138915840
1291,138915840
1292,138915840
1293,138915840
1294,138915840
1295,138915840
1296,138915840
1297,138915840
1298,138915840
1299,138915840
1300,138915840
1301,138915840
1302,138915840
1303,138915840
1304,138915840
1305,138915840
1306,138915840
1307,138915840
1308,138915840
1309,138915840
1310,138915840
1311,138915840
1312,138915840
1313,138915840
1314,138915840
1315,138915840
1316,138915840
1317,138915840
1318,138915840
1319,138915840
1320,138915840
1321,138915840
1322,138915840
1323,138915840
1324,138915840
1325,138915840
1326,138915840
1327,138915840
1328,138915840
1329,138915840
1330,138915840
1331,138915840
1332,138915840
1333,138915840
1334,138915840
1335,138915840
1336,138915840
1337,138915840
1338,138915840
1339,138915840
1340,138915840
1341,138915840
1342,138915840
1343,138915840
1344,138915840
1345,138915840
1346,138915840
1347,138915840
1348,138915840
1349,138915840
1350,138915840
1351,138915840
1352,138915840
1353,138915840
1354,138915840
1355,138915840
1356,138915840
1357,138915840
1358,138915840
1359,138915840
1360,138915840
1361,138915840
1362,138915840
1363,138915840
1364,138915840
1365,138915840
1366,138915840
1367,138915840
1368,138915840
1369,138915840
1370,138915840
1371,138915840
1372,138915840
1373,138915840
1374,138915840
1375,138915840
1376,138915840
1377,138915840
1378,138915840
1379,138915840
1380,138915840
1381,138915840
1382,138915840
1383,138915840
1384,138915840
1385,138915840
1386,138915840
1387,138915840
1388,138915840
1389,138915840
1390,138915840
1391,138915840
1392,138915840
1393,138915840
1394,138915840
1395,138915840
1396,138915840
1397,138915840
1398,138915840
1399,138915840
1400,138915840
1401,138915840
1402,138915840
1403,138915840
1404,138915840
1405,138915840
1406,138915840
1407,138915840
1408,138915840
1409,138915840
1410,138915840
1411,138915840
1412,138915840
1413,138915840
1414,138915840
1415,138915840
1416,138915840
1417,138915840
1418,138915840
1419,138915840
1420,138915840
1421,138915840
1422,138915840
1423,138915840
1424,138915840
1425,138915840
1426,138915840
1427,138915840
1428,138915840
1429,138915840
1430,138915840
1431,138915840
1432,138915840
1433,138915840
1434,138915840
1435,138915840
1436,138915840
1437,138915840
1438,138915840
1439,138915840
1440,138915840
1441,138915840
1442,138915840
1443,138915840
1444,138915840
1445,138915840
1446,138915840
1447,138915840
1448,138915840
1449,138915840
1450,138915840
1451,138915840
1452,138915840
1453,138915840
1454,138915840
1455,138915840
1456,138915840
1457,138915840
1458,138915840
1459,138915840
1460,138915840
1461,138915840
1462,138915840
1463,138915840
1464,138915840
1465,138915840
1466,138915840
1467,138915840
1468,138915840
1469,138915840
1470,138915840
1471,138915840
1472,138915840
1473,138915840
1474,138915840
1475,138915840
1476,138915840
1477,138915840
1478,138915840
1479,138915840
1480,138915840
1481,138915840
1482,138915840
1483,138915840
1484,138915840
1485,138915840
1486,138915840
1487,138915840
1488,138915840
1489,138915840
1490,138915840
1491,138915840
1492,138915840
1493,138915840
1494,138915840
1495,138915840
1496,138915840
1497,138915840
1498,138915840
1499,138915840
1500,138915840
1501,138915840
1502,138915840
1503,138915840
1504,138915840
1505,138915840
1506,138915840
1507,138915840
1508,138915840
1509,138915840
1510,138915840
1511,138915840
1512,138915840
1513,138915840
1514,138915840
1515,138915840
1516,138915840
1517,138915840
1518,138915840
1519,138915840
1520,138915840
1521,138915840
1522,138932224
1523,138985472
1524,139005952
1525,139005952
1526,139005952
1527,139005952
1528,139005952
1529,139005952
1530,139005952
1531,139005952
1532,139005952
1533,139005952
1534,139005952
1535,139005952
1536,139005952
1537,139005952
1538,139005952
1539,139005952
1540,139005952
1541,139005952
1542,139005952
1543,139005952
1544,139005952
1545,139005952
1546,139005952
1547,139005952
1548,139005952
1549,139005952
1550,139005952
1551,139005952
1552,139005952
1553,139005952
1554,139005952
1555,139005952
1556,139005952
1557,139005952
1558,139005952
1559,139005952
1560,139005952
1561,139005952
1562,139005952
1563,139005952
1564,139005952
1565,139005952
1566,139005952
1567,139005952
1568,139005952
1569,139005952
1570,139005952
1571,139005952
1572,139005952
1573,139005952
1574,139005952
1575,139005952
1576,139005952
1577,139005952
1578,139005952
1579,139005952
1580,139005952
1581,139005952
1582,139005952
1583,139005952
1584,139005952
1585,139005952
1586,139005952
1587,139005952
1588,139005952
1589,139005952
1590,139005952
1591,139005952
1592,139005952
1593,139005952
1594,139005952
1595,139005952
1596,139005952
1597,139005952
1598,139005952
1599,139005952
1600,139005952
1601,139005952
1602,139005952
1603,139005952
1604,139005952
1605,139005952
1606,139005952
1607,139005952
1608,139005952
1609,139005952
1610,139005952
1611,139005952
1612,139005952
1613,139005952
1614,139005952
1615,139005952
1616,139005952
1617,139005952
1618,139005952
1619,139005952
1620,139005952
1621,139005952
1622,139005952
1623,139005952
1624,139005952
1625,139005952
1626,139005952
1627,139005952
1628,139005952
1629,139005952
1630,139005952
1631,139005952
1632,139005952
1633,139005952
1634,139005952
1635,139005952
1636,139005952
1637,139005952
1638,139005952
1639,139005952
1640,139005952
1641,139005952
1642,139005952
1643,139005952
1644,139005952
1645,139005952
1646,139005952
1647,139005952
1648,139005952
1649,139005952
1650,139005952
1651,139005952
1652,139005952
1653,139005952
1654,139005952
1655,139005952
1656,139005952
1657,139005952
1658,139005952
1659,139005952
1660,139005952
1661,139005952
1662,139005952
1663,139005952
1664,139005952
1665,139005952
1666,139005952
1667,139005952
1668,139005952
1669,139005952
1670,139005952
1671,139005952
1672,139005952
1673,139005952
1674,139005952
1675,139005952
1676,139005952
1677,139005952
1678,139005952
1679,139005952
1680,139005952
1681,139005952
1682,139005952
1683,139005952
1684,139005952
1685,139005952
1686,139005952
1687,139005952
1688,139005952
1689,139005952
1690,139005952
1691,139005952
1692,139005952
1693,139005952
1694,139005952
1695,139005952
1696,139005952
1697,139005952
1698,139005952
1699,139005952
1700,139005952
1701,139005952
1702,139005952
1703,139005952
1704,139005952
1705,139005952
1706,139005952
1707,139005952
1708,139005952
1709,139005952
1710,139005952
1711,139005952
1712,139005952
1713,139005952
1714,139005952
1715,139005952
1716,139005952
1717,139005952
1718,139005952
1719,139005952
1720,139005952
1721,139005952
1722,139005952
1723,139005952
1724,139005952
1725,139005952
1726,139005952
1727,139005952
1728,139005952
1729,139005952
1730,139005952
1731,139005952
1732,139005952
1733,139005952
1734,139005952
1735,139005952
1736,139005952
1737,139005952
1738,139005952
1739,138989568
1740,139091968
1741,139145216
1742,139153408
1743,139153408
1744,139153408
1745,139153408
1746,139153408
1747,139153408
1748,139153408
1749,139153408
1750,139153408
1751,139153408
1752,139153408
1753,139153408
1754,139153408
1755,139153408
1756,139153408
1757,139153408
1758,139153408
1759,139153408
1760,139153408
1761,139153408
1762,139153408
1763,139153408
1764,139153408
1765,139153408
1766,139153408
1767,139153408
1768,139153408
1769,139153408
1770,139153408
1771,139153408
1772,139153408
1773,139153408
1774,139153408
1775,139153408
1776,139153408
1777,139153408
1778,139153408
1779,139153408
1780,139153408
1781,139153408
1782,139153408
1783,139153408
1784,139153408
1785,139153408
1786,139120640
1787,139321344
1788,139485184
1789,139485184
1790,139517952
1791,139640832
1792,139640832
1793,139640832
1794,139640832
1795,139657216
1796,139657216
1797,139657216
1798,139657216
1799,139657216
1800,139657216
1801,139939840
1802,139939840
1803,139931648
1804,140079104
1805,140079104
1806,140079104
1807,140095488
1808,140095488
1809,140095488
1810,140095488
1811,140095488
1812,140095488
1813,140095488
1814,140095488
1815,140095488
1816,140095488
1817,140095488
1818,140095488
1819,140095488
1820,140095488
1821,140095488
1822,140095488
1823,140095488
1824,140095488
1825,140095488
1826,140095488
1827,140095488
1828,140095488
1829,140095488
1830,140095488
1831,140095488
1832,140095488
1833,140095488
1834,140095488
1835,140103680
1836,140144640
1837,140623872
1838,140763136
1839,140779520
1840,140795904
1841,140894208
1842,140935168
1843,140935168
1844,140935168
1845,140935168
1846,140935168
1847,140951552
1848,140951552
1849,140951552
1850,140967936
1851,141115392
1852,141115392
1853,141115392
1854,141115392
1855,141115392
1856,141115392
1857,141115392
1858,141131776
1859,141287424
1860,141287424
1861,141287424
1862,141287424
1863,141287424
1864,141287424
1865,141287424
1866,141287424
1867,141287424
1868,141303808
1869,141303808
1870,141303808
1871,141303808
1872,141303808
1873,141303808
1874,141303808
1875,141303808
1876,141303808
1877,141303808
1878,141303808
1879,141303808
1880,141303808
1881,141303808
1882,141303808
1883,141463552
1884,141463552
1885,141463552
1886,141471744
1887,141635584
1888,141803520
1889,141803520
1890,141803520
1891,141803520
1892,141819904
1893,141819904
1894,141819904
1895,141819904
1896,141819904
1897,141819904
1898,141819904
1899,141819904
1900,141819904
1901,141819904
1902,141869056
1903,142061568
1904,142061568
1905,142061568
1906,142061568
1907,142069760
1908,142340096
1909,142340096
1910,142340096
1911,142340096
1912,142340096
1913,142340096
1914,142340096
1915,142340096
1916,142340096
1917,142340096
1918,142340096
1919,142340096
1920,142340096
1921,142340096
1922,142340096
1923,142340096
1924,142340096
1925,142340096
1926,142340096
1927,142340096
1928,142340096
1929,142340096
1930,142340096
1931,142340096
1932,142340096
1933,142340096
1934,142340096
1935,142278656
1936,142651392
1937,140828672
1938,140828672
1939,140828672
1940,140828672
1941,140828672
1942,140828672
1943,140828672
1944,140828672
1945,140828672
1946,140828672
1947,140828672
1948,140828672
1949,140828672
1950,140836864
1951,140836864
1952,140836864
1953,140836864
1954,140836864
1955,140836864
1956,140845056
1957,140955648
1958,140963840
1959,140963840
1960,140963840
1961,140963840
1962,140963840
1963,140963840
1964,140963840
1965,140963840
1966,140963840
1967,140963840
1968,140963840
1969,140963840
1970,140963840
1971,140963840
1972,140963840
1973,140963840
1974,140963840
1975,140963840
1976,140980224
1977,140980224
1978,140980224
1979,140980224
1980,140980224
1981,140980224
1982,140980224
1983,140980224
1984,141078528
1985,141078528
1986,133832704
1987,134205440
1988,134205440
1989,134205440
1990,134205440
1991,134205440
1992,134205440
1993,134221824
1994,134221824
1995,134221824
1996,134221824
1997,134852608
1998,134852608
1999,134864896
2000,134864896
2001,134864896
2002,134864896
2003,134864896
2004,134864896
2005,134864896
2006,134864896
2007,134864896
2008,134864896
2009,134864896
2010,135061504
2011,135061504
2012,135061504
2013,135061504
2014,135061504
2015,135061504
2016,135061504
2017,135061504
2018,135061504
2019,135061504
2020,135061504
2021,135061504
2022,135061504
2023,135061504
2024,135061504
2025,135061504
2026,135061504
2027,135061504
2028,135061504
2029,135061504
2030,135061504
2031,135069696
2032,130183168
2033,119717888
2034,120061952
2035,120401920
2036,120754176
2037,121835520
2038,123035648
2039,123379712
2040,123658240
2041,123658240
2042,124051456
2043,124116992
2044,128348160
2045,128348160
2046,128348160
2047,128348160
2048,113029120
2049,113029120
2050,113029120
2051,113029120
2052,113029120
2053,113029120
2054,113033216
2055,113061888
2056,113065984
2057,113065984
2058,113065984
2059,113065984
2060,113065984
2061,113008640
2062,113160192
2063,113160192
2064,113160192
2065,113160192
2066,113160192
2067,113160192
2068,113160192
2069,113160192
2070,113160192
2071,113160192
2072,113401856
2073,113401856
2074,113401856
2075,113401856
2076,113401856
2077,113401856
2078,113401856
2079,113401856
2080,113410048
2081,113410048
2082,113446912
2083,113446912
2084,113446912
2085,113446912
2086,113463296
2087,113463296
2088,113463296
2089,113475584
2090,113520640
2091,113594368
2092,113598464
2093,113598464
2094,113598464
2095,113598464
2096,113598464
2097,113598464
2098,113598464
2099,113598464
2100,113614848
2101,113614848
2102,113614848
2103,113614848
2104,113614848
2105,113614848
2106,113614848
2107,113614848
2108,113614848
2109,113614848
2110,113614848
2111,113614848
2112,113631232
2113,113668096
2114,113668096
2115,113668096
2116,113668096
2117,113668096
2118,113668096
2119,113668096
2120,113668096
2121,113668096
2122,113668096
2123,113668096
2124,113668096
2125,113668096
2126,113668096
2127,113668096
2128,113668096
2129,113668096
2130,113684480
2131,113684480
2132,113684480
2133,113684480
2134,113717248
2135,113717248
2136,113717248
2137,113717248
2138,113717248
2139,113795072
2140,110219264
2141,110219264
2142,110342144
2143,109670400
2144,109744128
2145,110456832
2146,110473216
2147,110473216
2148,110473216
2149,110473216
2150,110473216
2151,110473216
2152,110473216
2153,110477312
2154,110477312
2155,110477312
2156,110477312
2157,110477312
2158,110477312
2159,110477312
2160,110477312
2161,110645248
2162,110645248
2163,110645248
2164,110645248
2165,110645248
2166,110645248
2167,110645248
2168,110645248
2169,110645248
2170,110645248
2171,110645248
2172,110645248
2173,110645248
2174,110645248
2175,110645248
2176,110645248
2177,110645248
2178,110645248
2179,110645248
2180,110645248
2181,110645248
2182,110645248
2183,110645248
2184,110661632
2185,110694400
2186,110698496
2187,110698496
2188,110698496
2189,110698496
2190,110698496
2191,110796800
2192,110796800
2193,110796800
2194,110796800
2195,110895104
2196,110104576
2197,110166016
2198,110747648
2199,110108672
2200,110170112
2201,110170112
2202,110170112
2203,110170112
2204,110170112
2205,110170112
2206,110186496
2207,110784512
2208,110784512
2209,110784512
2210,110784512
2211,110784512
2212,110784512
2213,110784512
2214,110784512
2215,110784512
2216,110788608
2217,110788608
2218,110788608
2219,110788608
2220,110788608
2221,110788608
2222,110788608
2223,110788608
2224,110788608
2225,110788608
2226,110788608
2227,110788608
2228,110788608
2229,110788608
2230,110034944
2231,110034944
2232,110034944
2233,110034944
2234,110034944
2235,110034944
2236,110034944
2237,110039040
2238,110616576
2239,110002176
2240,110067712
2241,110870528
2242,110190592
2243,110252032
2244,110252032
2245,110858240
2246,110858240
2247,110858240
2248,110899200
2249,110301184
2250,110366720
2251,110383104
2252,110383104
2253,110383104
2254,110383104
2255,110383104
2256,110383104
2257,110383104
2258,110383104
2259,110383104
2260,110383104
2261,110891008
2262,110313472
2263,110772224
2264,110772224
2265,110772224
2266,110772224
2267,110772224
2268,110772224
2269,110772224
2270,110772224
2271,110772224
2272,110772224
2273,110772224
2274,110772224
2275,110772224
2276,110772224
2277,110776320
2278,110776320
2279,110776320
2280,110776320
2281,110776320
2282,110776320
2283,110776320
2284,110776320
2285,110776320
2286,111169536
2287,111685632
2288,111685632
2289,111693824
2290,111693824
2291,111693824
2292,111693824
2293,111693824
2294,111886336
2295,111886336
2296,107483136
2297,107483136
2298,106733568
2299,107442176
2300,107442176
2301,107442176
2302,107442176
2303,107442176
2304,107442176
2305,107442176
2306,107442176
2307,107442176
2308,107442176
2309,107446272
2310,107446272
2311,107446272
2312,107446272
2313,107446272
2314,107483136
2315,107483136
2316,107483136
2317,107483136
2318,107483136
2319,107483136
2320,107483136
2321,107483136
2322,107483136
2323,107483136
2324,107483136
2325,107483136
2326,107483136
2327,107483136
2328,107483136
2329,107483136
2330,107483136
2331,107483136
2332,107483136
2333,107487232
2334,107737088
2335,107737088
2336,107737088
2337,107737088
2338,107737088
2339,106680320
2340,106401792
2341,106401792
2342,106409984
2343,106409984
2344,106409984
2345,106409984
2346,106409984
2347,106409984
2348,107614208
2349,108920832
2350,108920832
2351,108920832
2352,108920832
2353,108920832
2354,110940160
2355,111890432
2356,111931392
2357,111931392
2358,111931392
2359,111931392
2360,111931392
2361,111947776
2362,112021504
2363,112021504
2364,112021504
2365,112021504
2366,112021504
2367,112021504
2368,112021504
2369,112021504
2370,112021504
2371,112021504
2372,112021504
2373,112021504
2374,112021504
2375,112021504
2376,112021504
2377,112021504
2378,112021504
2379,112021504
2380,112021504
2381,112021504
2382,112021504
2383,112021504
2384,112021504
2385,112021504
2386,112054272
2387,112091136
2388,112091136
2389,112091136
2390,112091136
2391,112091136
2392,112091136
2393,112091136
2394,112091136
2395,112029696
2396,112058368
2397,112058368
2398,112058368
2399,112058368
2400,112058368
2401,113868800
2402,113868800
2403,113868800
2404,113868800
2405,113913856
2406,113926144
2407,113926144
2408,113926144
2409,113926144
2410,113926144
2411,113954816
2412,113954816
2413,113954816
2414,113954816
2415,113954816
2416,113954816
2417,113954816
2418,113954816
2419,113954816
2420,113954816
2421,113954816
2422,113954816
2423,113954816
2424,113954816
2425,113954816
2426,113954816
2427,113954816
2428,113954816
2429,113954816
2430,113958912
2431,113958912
2432,113958912
2433,113958912
2434,113958912
2435,113967104
2436,112599040
2437,111169536
2438,111226880
2439,111226880
2440,111226880
2441,111226880
2442,111226880
2443,111226880
2444,111230976
2445,111230976
2446,111230976
2447,111230976
2448,111235072
2449,111915008
2450,111931392
2451,111931392
2452,111931392
2453,111931392
2454,111931392
2455,111931392
2456,111943680
2457,112005120
2458,112254976
2459,112259072
2460,112259072
2461,112259072
2462,112259072
2463,112259072
2464,112259072
2465,112259072
2466,112263168
2467,112263168
2468,112263168
2469,112263168
2470,112263168
2471,112263168
2472,112263168
2473,112263168
2474,112263168
2475,112263168
2476,112263168
2477,112263168
2478,112263168
2479,112263168
2480,112263168
2481,112263168
2482,112263168
2483,112263168
2484,112263168
2485,112263168
2486,112263168
2487,112263168
2488,112263168
2489,112304128
2490,112304128
2491,110137344
2492,110137344
2493,110137344
2494,110137344
2495,110137344
2496,110137344
2497,110137344
2498,110764032
2499,109776896
2500,109899776
2501,109903872
2502,109903872
2503,109903872
2504,109903872
2505,109903872
2506,109903872
2507,110518272
2508,110919680
2509,110972928
2510,110985216
2511,110985216
2512,110985216
2513,110985216
2514,110985216
2515,110985216
2516,110985216
2517,110985216
2518,110985216
2519,110985216
2520,110985216
2521,110985216
2522,110985216
2523,110985216
2524,110985216
2525,110985216
2526,110985216
2527,110985216
2528,110985216
2529,110985216
2530,110989312
2531,110989312
2532,111124480
2533,109858816
2534,109924352
2535,109928448
2536,109932544
2537,109932544
2538,109936640
2539,109936640
2540,109936640
2541,110108672
2542,110780416
2543,111448064
2544,112037888
2545,112037888
2546,112037888
2547,112066560
2548,112066560
2549,112066560
2550,112066560
2551,112066560
2552,112115712
2553,112766976
2554,113131520
2555,111882240
2556,111947776
2557,111951872
2558,111955968
2559,111960064
2560,112717824
2561,112250880
2562,112263168
2563,112263168
2564,112263168
2565,112263168
2566,112263168
2567,112263168
2568,112263168
2569,112263168
2570,112263168
2571,112263168
2572,112263168
2573,112263168
2574,112263168
2575,112263168
2576,112263168
2577,112263168
2578,112263168
2579,112263168
2580,112263168
2581,112263168
2582,112611328
2583,112611328
2584,112644096
2585,112644096
2586,112644096
2587,112644096
2588,112644096
2589,112644096
2590,112644096
2591,112644096
2592,112644096
2593,112644096
2594,112668672
2595,112672768
2596,112672768
2597,112672768
2598,112672768
2599,112685056
2600,112689152
2601,112689152
2602,112713728
2603,112713728
2604,112713728
2605,112713728
2606,112713728
2607,112713728
2608,112713728
2609,112713728
2610,112717824
2611,112717824
2612,112717824
2613,112717824
2614,112717824
2615,112717824
2616,112717824
2617,112717824
2618,112717824
2619,112717824
2620,112717824
2621,112717824
2622,112717824
2623,112717824
2624,112717824
2625,112717824
2626,112717824
2627,112717824
2628,112717824
2629,112717824
2630,112717824
2631,112717824
2632,112717824
2633,112717824
2634,112717824
2635,112717824
2636,112910336
2637,111579136
2638,111738880
2639,111816704
2640,111816704
2641,111816704
2642,111816704
2643,111816704
2644,111816704
2645,111816704
2646,111820800
2647,111824896
2648,111824896
2649,111824896
2650,111824896
2651,112254976
2652,111403008
2653,112218112
2654,112476160
2655,112476160
2656,112476160
2657,112476160
2658,112529408
2659,111783936
2660,112025600
2661,112029696
2662,112033792
2663,112033792
2664,112033792
2665,112037888
2666,112037888
2667,112037888
2668,112037888
2669,112037888
2670,112037888
2671,112037888
2672,112037888
2673,112037888
2674,112037888
2675,112037888
2676,112037888
2677,112037888
2678,112037888
2679,112037888
2680,112037888
2681,112037888
2682,112001024
2683,112001024
2684,112001024
2685,112001024
2686,112001024
2687,112001024
2688,112123904
2689,112496640
2690,112496640
2691,112496640
2692,112496640
2693,111796224
2694,111800320
2695,111800320
2696,111804416
2697,112357376
2698,111722496
2699,111755264
2700,111755264
2701,112394240
2702,112427008
2703,114163712
2704,114458624
2705,115068928
2706,115068928
2707,115683328
2708,115683328
2709,115683328
2710,115683328
2711,115683328
2712,115683328
2713,115822592
2714,115822592
2715,115822592
2716,115822592
2717,115822592
2718,115822592
2719,115822592
2720,115834880
2721,115834880
2722,115834880
2723,115834880
2724,115834880
2725,115834880
2726,115834880
2727,115834880
2728,115834880
2729,115834880
2730,115834880
2731,115834880
2732,115834880
2733,115834880
2734,115834880
2735,115834880
2736,115834880
2737,115834880
2738,115834880
2739,115834880
2740,115834880
2741,115834880
2742,115843072
2743,115843072
2744,115843072
2745,115843072
2746,115843072
2747,115843072
2748,115843072
2749,115843072
2750,115843072
2751,115843072
2752,115843072
2753,115843072
2754,116084736
2755,116084736
2756,116084736
2757,116084736
2758,116084736
2759,114192384
2760,114192384
2761,114192384
2762,114192384
2763,114192384
2764,114192384
2765,114192384
2766,114192384
2767,114192384
2768,114192384
2769,114192384
2770,112119808
2771,112119808
2772,112119808
2773,112119808
2774,112119808
2775,112119808
2776,112119808
2777,112119808
2778,112119808
2779,112119808
2780,112119808
2781,112119808
2782,112119808
2783,112119808
2784,112119808
2785,112119808
2786,112119808
2787,112119808
2788,112119808
2789,110288896
2790,110280704
2791,110280704
2792,110280704
2793,110280704
2794,110280704
2795,110280704
2796,110280704
2797,110280704
2798,110280704
2799,110280704
2800,110280704
2801,110280704
2802,110280704
2803,110280704
2804,110280704
2805,110280704
2806,110280704
2807,110280704
2808,110280704
2809,110280704
2810,110280704
2811,110280704
2812,110280704
2813,110280704
2814,110280704
2815,110280704
2816,110280704
2817,110280704
2818,110280704
2819,110280704
2820,110280704
2821,110280704
2822,110280704
2823,110227456
2824,110227456
2825,110227456
2826,110227456
2827,110227456
2828,110837760
2829,110837760
2830,110837760
2831,110837760
2832,110837760
2833,110837760
2834,110837760
2835,110837760
2836,110837760
2837,110837760
2838,110837760
2839,110837760
2840,110837760
2841,110837760
2842,110837760
2843,110837760
2844,110837760
2845,110837760
2846,110837760
2847,110837760
2848,110837760
2849,110837760
2850,110837760
2851,110837760
2852,110837760
2853,110837760
2854,110837760
2855,110837760
2856,110837760
2857,110837760
2858,110837760
2859,110837760
2860,110837760
2861,110837760
2862,110837760
2863,110837760
2864,110837760
2865,110837760
2866,110837760
2867,110837760
2868,110837760
2869,110837760
2870,110837760
2871,110837760
2872,110837760
2873,110837760
2874,110837760
2875,110837760
2876,110837760
2877,110837760
2878,110837760
2879,110837760
2880,110837760
2881,110837760
2882,110837760
2883,110837760
2884,110837760
2885,110837760
2886,110837760
2887,110837760
2888,110837760
2889,110837760
2890,110837760
2891,110837760
2892,110837760
2893,110837760
2894,110837760
2895,110837760
2896,110837760
2897,110837760
2898,110837760
2899,110837760
2900,110837760
2901,110837760
2902,110837760
2903,110837760
2904,110837760
2905,110837760
2906,110837760
2907,110837760
2908,110837760
2909,110837760
2910,110837760
2911,110837760
2912,110837760
2913,110837760
2914,110837760
2915,110837760
2916,111034368
2917,111034368
2918,111034368
2919,111034368
2920,111034368
2921,111034368
2922,111034368
2923,111034368
2924,111034368
2925,111034368
2926,111034368
2927,111034368
2928,111034368
2929,111034368
2930,111034368
2931,111034368
2932,111034368
2933,111034368
2934,111034368
2935,111034368
2936,111034368
2937,111034368
2938,111034368
2939,111034368
2940,111034368
2941,111034368
2942,111034368
2943,111034368
2944,111034368
2945,111034368
2946,111034368
2947,111034368
2948,111034368
2949,111034368
2950,111034368
2951,111034368
2952,111034368
2953,111034368
2954,111034368
2955,111034368
2956,111034368
2957,111034368
2958,111034368
2959,111034368
2960,111034368
2961,111034368
2962,111034368
2963,111034368
2964,111034368
2965,111034368
2966,111034368
2967,111034368
2968,111034368
2969,111034368
2970,111034368
2971,111034368
2972,111034368
2973,111034368
2974,111034368
2975,111034368
2976,111034368
2977,111034368
2978,111034368
2979,111034368
2980,111034368
2981,111034368
2982,111034368
2983,111034368
2984,111034368
2985,111034368
2986,111034368
2987,111034368
2988,111034368
2989,111034368
2990,111034368
2991,111034368
2992,111034368
2993,111034368
2994,111034368
2995,111034368
2996,111034368
2997,111034368
2998,111034368
2999,111034368
3000,111034368
3001,113504256
3002,113504256
3003,113504256
3004,113504256
3005,113504256
3006,113504256
3007,113504256
3008,113504256
3009,113504256
3010,113504256
3011,113504256
3012,113504256
3013,113504256
3014,113504256
3015,113504256
3016,113504256
3017,113504256
3018,113504256
3019,113504256
3020,113504256
3021,113504256
3022,113504256
3023,113504256
3024,113504256
3025,113504256
3026,113504256
3027,113504256
3028,113504256
3029,113504256
3030,113504256
3031,113504256
3032,113504256
3033,113504256
3034,113504256
3035,113504256
3036,113504256
3037,113504256
3038,113504256
3039,113504256
3040,113504256
3041,113504256
3042,113504256
3043,113504256
3044,113504256
3045,113504256
3046,113504256
3047,113504256
3048,113504256
3049,113504256
3050,113504256
3051,113504256
3052,113504256
3053,113504256
3054,113504256
3055,113504256
3056,113504256
3057,113504256
3058,113504256
3059,113504256
3060,113504256
3061,113504256
3062,113504256
3063,113504256
3064,113504256
3065,113504256
3066,113504256
3067,113504256
3068,113504256
3069,113504256
3070,113504256
3071,113504256
3072,113504256
3073,113504256
3074,113504256
3075,113504256
3076,113504256
3077,113504256
3078,113504256
3079,113504256
3080,113504256
3081,113475584
3082,113475584
3083,113475584
3084,113475584
3085,113475584
3086,113475584
3087,113475584
3088,113475584
3089,113475584
3090,113475584
3091,113475584
3092,113475584
3093,113475584
3094,113475584
3095,113475584
3096,113475584
3097,113475584
3098,113475584
3099,113475584
3100,113475584
3101,113475584
3102,113475584
3103,113475584
3104,113475584
3105,113475584
3106,113475584
3107,113475584
3108,113475584
3109,113475584
3110,113475584
3111,113475584
3112,113475584
3113,113475584
3114,113475584
3115,113475584
3116,113475584
3117,113475584
3118,113475584
3119,113475584
3120,113475584
3121,113475584
3122,113475584
3123,113475584
3124,113475584
3125,113475584
3126,113475584
3127,113475584
3128,113475584
3129,113475584
3130,113475584
3131,113475584
3132,113475584
3133,113475584
3134,113475584
3135,113475584
3136,113475584
3137,113475584
3138,113475584
3139,113475584
3140,113475584
3141,113475584
3142,113475584
3143,113475584
3144,113475584
3145,113475584
3146,113475584
3147,113475584
3148,113475584
3149,113475584
3150,113475584
3151,113475584
3152,113475584
3153,113475584
3154,113475584
3155,113475584
3156,113475584
3157,113475584
3158,113475584
3159,113475584
3160,113475584
3161,113475584
3162,113475584
3163,113475584
3164,113475584
3165,113475584
3166,113475584
3167,113475584
3168,113475584
3169,113475584
3170,113475584
3171,113475584
3172,113475584
3173,113475584
3174,113475584
3175,113475584
3176,113475584
3177,113475584
3178,113475584
3179,113475584
3180,113475584
3181,113475584
3182,113475584
3183,113475584
3184,113475584
3185,113475584
3186,113475584
3187,113475584
3188,113475584
3189,113475584
3190,113475584
3191,113475584
3192,113475584
3193,113475584
3194,113475584
3195,113475584
3196,113475584
3197,113475584
3198,113475584
3199,113475584
3200,113475584
3201,113475584
3202,113475584
3203,113475584
3204,113475584
3205,113475584
3206,113475584
3207,113475584
3208,113475584
3209,113475584
3210,113475584
3211,113475584
3212,113475584
3213,113475584
3214,113475584
3215,113475584
3216,113475584
3217,113475584
3218,113475584
3219,113475584
3220,113475584
3221,113475584
3222,113475584
3223,113475584
3224,113475584
3225,113475584
3226,113475584
3227,113475584
3228,113475584
3229,113475584
3230,113475584
3231,113475584
3232,113475584
3233,113475584
3234,113475584
3235,113475584
3236,113475584
3237,113475584
3238,113475584
3239,113475584
3240,113475584
3241,113475584
3242,113475584
3243,113475584
3244,113475584
3245,113475584
3246,113475584
3247,113475584
3248,113475584
3249,113475584
3250,113475584
3251,113475584
3252,113475584
3253,113475584
3254,113475584
3255,113475584
3256,113475584
3257,113475584
3258,113475584
3259,113475584
3260,113475584
3261,113475584
3262,113475584
3263,113475584
3264,113475584
3265,113475584
3266,113475584
3267,113672192
3268,113672192
3269,113672192
3270,113672192
3271,113672192
3272,113672192
3273,113672192
3274,113672192
3275,113672192
3276,113672192
3277,113672192
3278,113672192
3279,113672192
3280,113672192
3281,113672192
3282,113672192
3283,113672192
3284,113672192
3285,113672192
3286,113672192
3287,113672192
3288,113672192
3289,113672192
3290,113672192
3291,113672192
3292,113672192
3293,113672192
3294,113672192
3295,113672192
3296,113672192
3297,113672192
3298,113672192
3299,113672192
3300,113672192
3301,113672192
3302,113672192
3303,113672192
3304,113672192
3305,113672192
3306,113672192
3307,113672192
3308,113672192
3309,113672192
3310,113672192
3311,113672192
3312,113672192
3313,113672192
3314,113672192
3315,113672192
3316,113672192
3317,113672192
3318,113672192
3319,113672192
3320,113672192
3321,113672192
3322,113672192
3323,113672192
3324,113672192
3325,113672192
3326,113672192
3327,113672192
3328,113672192
3329,113672192
3330,113672192
3331,113672192
3332,113672192
3333,113672192
3334,113672192
3335,113672192
3336,113672192
3337,113672192
3338,113672192
3339,113672192
3340,113672192
3341,113672192
3342,113672192
3343,113672192
3344,113672192
3345,113672192
3346,113672192
3347,113672192
3348,113672192
3349,113672192
3350,113672192
3351,113672192
3352,113672192
3353,113672192
3354,113672192
3355,113672192
3356,113672192
3357,113672192
3358,113672192
3359,113672192
3360,113672192
3361,113672192
3362,113672192
3363,113672192
3364,113672192
3365,113672192
3366,113672192
3367,113672192
3368,113672192
3369,113672192
3370,113672192
3371,113672192
3372,113672192
3373,113672192
3374,113672192
3375,113672192
3376,113672192
3377,113672192
3378,113672192
3379,113672192
3380,113672192
3381,113672192
3382,113672192
3383,113672192
3384,113672192
3385,113672192
3386,113672192
3387,113672192
3388,113672192
3389,113672192
3390,113672192
3391,113672192
3392,113672192
3393,113672192
3394,113672192
3395,113672192
3396,113672192
3397,113672192
3398,113672192
3399,113672192
3400,113672192
3401,113627136
3402,113627136
3403,113627136
3404,113627136
3405,113627136
3406,113627136
3407,113627136
3408,113627136
3409,113627136
3410,113627136
3411,113627136
3412,113627136
3413,113627136
3414,113627136
3415,113627136
3416,113627136
3417,113627136
3418,113627136
3419,113627136
3420,113627136
3421,113627136
3422,113627136
3423,113627136
3424,113627136
3425,113627136
3426,113627136
3427,113627136
3428,113627136
3429,113627136
3430,113627136
3431,113627136
3432,113627136
3433,113627136
3434,113627136
3435,113627136
3436,113627136
3437,113627136
3438,113627136
3439,113627136
3440,113627136
3441,113627136
3442,113627136
3443,113889280
3444,113889280
3445,113889280
3446,113889280
3447,113889280
3448,113889280
3449,113889280
3450,113889280
3451,113889280
3452,113889280
3453,113889280
3454,113889280
3455,113889280
3456,113889280
3457,113889280
3458,113889280
3459,113889280
3460,113889280
3461,113889280
3462,113889280
3463,113889280
3464,113889280
3465,113889280
3466,113889280
3467,113889280
3468,113889280
3469,113889280
3470,114503680
3471,114503680
3472,114503680
3473,114503680
3474,114503680
3475,114503680
3476,114503680
3477,114503680
3478,114503680
3479,114503680
3480,114503680
3481,114503680
3482,114503680
3483,114503680
3484,114503680
3485,114503680
3486,114503680
3487,114503680
3488,114503680
3489,114503680
3490,114503680
3491,114503680
3492,114503680
3493,114503680
3494,114503680
3495,114503680
3496,114503680
3497,114503680
3498,114503680
3499,114503680
3500,114503680
3501,114503680
3502,114503680
3503,114503680
3504,114503680
3505,114503680
3506,114503680
3507,114503680
3508,114503680
3509,114503680
3510,114503680
3511,114503680
3512,114503680
3513,114503680
3514,114503680
3515,114503680
3516,114503680
3517,114503680
3518,114503680
3519,114503680
3520,114503680
3521,114503680
3522,114503680
3523,114503680
3524,114503680
3525,114503680
3526,114503680
3527,114503680
3528,114503680
3529,114503680
3530,114503680
3531,114503680
3532,114503680
3533,114503680
3534,114503680
3535,114503680
3536,114503680
3537,114503680
3538,114503680
3539,114503680
3540,114503680
3541,114503680
3542,114503680
3543,114503680
3544,114503680
3545,114503680
3546,114503680
3547,114503680
3548,114503680
3549,114503680
3550,114503680
3551,114503680
3552,114503680
3553,114503680
3554,114503680
3555,114503680
3556,114503680
3557,114503680
3558,114503680
3559,114503680
3560,114503680
3561,114503680
3562,114503680
3563,114503680
3564,114503680
3565,114503680
3566,114503680
3567,114503680
3568,114503680
3569,114503680
3570,114503680
3571,114503680
3572,114503680
3573,114503680
3574,114503680
3575,114503680
3576,114503680
3577,114503680
3578,114503680
3579,114503680
3580,114503680
3581,114503680
3582,114503680
3583,114503680
3584,114503680
3585,114503680
3586,114503680
3587,114503680
3588,114503680
3589,114503680
3590,114503680
3591,114503680
3592,114503680
3593,114503680
3594,114503680
3595,114503680
3596,114503680
3597,114503680
3598,114503680
3599,114503680
3600,114884608
3601,115777536
3602,115785728
3603,115785728
3604,115785728
3605,115785728
3606,115785728
3607,115785728
3608,115785728
3609,115785728
3610,115785728
3611,115785728
3612,115785728
3613,115785728
3614,115785728
3615,115785728
3616,115785728
3617,115785728
3618,115785728
3619,115785728
3620,115785728
3621,115785728
3622,115785728
3623,115785728
3624,115785728
3625,115785728
3626,115785728
3627,115785728
3628,115785728
3629,115785728
3630,116342784
3631,116342784
3632,116342784
3633,116342784
3634,116342784
3635,116342784
3636,116342784
3637,116342784
3638,116342784
3639,116342784
3640,116342784
3641,116342784
3642,116342784
3643,116342784
3644,116342784
3645,116342784
3646,116342784
3647,116342784
3648,116342784
3649,116342784
3650,116342784
3651,116342784
3652,116342784
3653,116342784
3654,116342784
3655,116342784
3656,116342784
3657,116342784
3658,116342784
3659,116342784
3660,116342784
3661,116342784
3662,116342784
3663,116342784
3664,116342784
3665,116342784
3666,116342784
3667,116342784
3668,116342784
3669,116342784
3670,116342784
3671,116342784
3672,116342784
3673,116342784
3674,116342784
3675,116342784
3676,116342784
3677,116342784
3678,116342784
3679,116342784
3680,116342784
3681,116342784
3682,116342784
3683,116305920
3684,116305920
3685,116305920
3686,116305920
3687,116305920
3688,116305920
3689,116305920
3690,116305920
3691,116305920
3692,116305920
3693,116305920
3694,116305920
3695,116305920
3696,116305920
3697,116305920
3698,116305920
3699,116305920
3700,116305920
3701,116305920
3702,116305920
3703,116305920
3704,116305920
3705,116305920
3706,116305920
3707,116305920
3708,116305920
3709,116305920
3710,116305920
3711,116305920
3712,116305920
3713,116305920
3714,116305920
3715,116305920
3716,116305920
3717,116305920
3718,116305920
3719,116305920
3720,116305920
3721,116305920
3722,116305920
3723,116305920
3724,116305920
3725,116305920
3726,116305920
3727,116305920
3728,116305920
3729,116305920
3730,116305920
3731,116305920
3732,116305920
3733,116305920
3734,116305920
3735,116305920
3736,116305920
3737,116305920
3738,116305920
3739,116305920
3740,116305920
3741,116305920
3742,116305920
3743,116305920
3744,116305920
3745,116305920
3746,116305920
3747,116305920
3748,116305920
3749,116305920
3750,116305920
3751,116305920
3752,116305920
3753,116305920
3754,116305920
3755,116305920
3756,116305920
3757,116305920
3758,116305920
3759,116305920
3760,116305920
3761,116305920
3762,116305920
3763,116305920
3764,116305920
3765,116305920
3766,116305920
3767,116305920
3768,116305920
3769,116305920
3770,116305920
3771,116305920
3772,116305920
3773,116305920
3774,116305920
3775,116305920
3776,116305920
3777,116305920
3778,116305920
3779,116305920
3780,116305920
3781,116305920
3782,116305920
3783,116305920
3784,116305920
3785,116305920
3786,116305920
3787,116305920
3788,116305920
3789,116305920
3790,116305920
3791,116305920
3792,116305920
3793,116305920
3794,116305920
3795,116305920
3796,116305920
3797,116305920
3798,116305920
3799,116305920
3800,116305920
3801,116305920
3802,116305920
3803,116305920
3804,116305920
3805,116305920
3806,116305920
3807,116305920
3808,116305920
3809,116305920
3810,116305920
3811,116305920
3812,116305920
3813,116305920
3814,116305920
3815,116305920
3816,116305920
3817,116305920
3818,116305920
3819,116305920
3820,116305920
3821,116305920
3822,116305920
3823,116305920
3824,116305920
3825,116305920
3826,116305920
3827,116305920
3828,116305920
3829,116305920
3830,116305920
3831,116305920
3832,116305920
3833,116305920
3834,116305920
3835,116305920
3836,116305920
3837,116305920
3838,116305920
3839,116305920
3840,116305920
3841,116305920
3842,116305920
3843,116305920
3844,116305920
3845,116305920
3846,116305920
3847,116305920
3848,116305920
3849,116305920
3850,116305920
3851,116305920
3852,116305920
3853,116305920
3854,116305920
3855,116305920
3856,116305920
3857,116305920
3858,116305920
3859,116305920
3860,116305920
3861,116305920
3862,116305920
3863,116305920
3864,116305920
3865,116305920
3866,116305920
3867,116305920
3868,116305920
3869,116305920
3870,116305920
3871,116305920
3872,116305920
3873,116305920
3874,116305920
3875,116305920
3876,116305920
3877,116305920
3878,116305920
3879,116305920
3880,116305920
3881,116305920
3882,116305920
3883,116305920
3884,116305920
3885,116305920
3886,116305920
3887,116690944
3888,116690944
3889,116690944
3890,116690944
3891,116690944
3892,116690944
3893,116690944
3894,116690944
3895,116690944
3896,116690944
3897,116690944
3898,116690944
3899,116690944
3900,116690944
3901,116690944
3902,116690944
3903,116690944
3904,116690944
3905,116690944
3906,116690944
3907,116690944
3908,116690944
3909,116690944
3910,116690944
3911,116690944
3912,116690944
3913,116690944
3914,116690944
3915,116690944
3916,116690944
3917,116690944
3918,116690944
3919,116690944
3920,116690944
3921,116690944
3922,116690944
3923,116690944
3924,116690944
3925,116690944
3926,116690944
3927,116690944
3928,116690944
3929,116690944
3930,116690944
3931,116690944
3932,116690944
3933,116690944
3934,116690944
3935,116690944
3936,116690944
3937,116690944
3938,116690944
3939,116690944
3940,116690944
3941,116690944
3942,116690944
3943,116690944
3944,116690944
3945,116690944
3946,116690944
3947,116690944
3948,116690944
3949,116690944
3950,116690944
3951,116690944
3952,116690944
3953,116690944
3954,116690944
3955,116690944
3956,116690944
3957,116690944
3958,116690944
3959,116690944
3960,116690944
3961,116690944
3962,116690944
3963,116690944
3964,116690944
3965,116690944
3966,116690944
3967,116690944
3968,116690944
3969,116690944
3970,116690944
3971,116690944
3972,116690944
3973,116690944
3974,116690944
3975,116690944
3976,116690944
3977,116690944
3978,116690944
3979,116690944
3980,116690944
3981,116690944
3982,116690944
3983,116690944
3984,116690944
3985,116690944
3986,116690944
3987,116690944
3988,116690944
3989,116690944
3990,116690944
3991,116690944
3992,116690944
3993,116690944
3994,116690944
3995,116690944
3996,116690944
3997,116690944
3998,116690944
3999,116690944
4000,116690944
4001,116690944
4002,116690944
4003,116690944
4004,116690944
4005,116690944
4006,116690944
4007,116690944
4008,116690944
4009,116690944
4010,116690944
4011,116690944
4012,116690944
4013,116690944
4014,116690944
4015,116690944
4016,116690944
4017,116690944
4018,116690944
4019,116690944
4020,116690944
4021,116690944
4022,116690944
4023,116690944
4024,116690944
4025,116690944
4026,116690944
4027,116690944
4028,116690944
4029,116690944
4030,116690944
4031,116690944
4032,116690944
4033,116690944
4034,116690944
4035,116690944
4036,116690944
4037,116690944
4038,116690944
4039,116690944
4040,116690944
4041,116690944
4042,116690944
4043,116690944
4044,116690944
4045,116690944
4046,116690944
4047,116690944
4048,116690944
4049,116690944
4050,116690944
4051,116690944
4052,116690944
4053,116690944
4054,116690944
4055,116690944
4056,116690944
4057,116690944
4058,116690944
4059,116690944
4060,116690944
4061,116690944
4062,116690944
4063,116690944
4064,116690944
4065,116690944
4066,116690944
4067,116690944
4068,116690944
4069,116690944
4070,116690944
4071,116690944
4072,116690944
4073,116690944
4074,116690944
4075,116690944
4076,116690944
4077,116690944
4078,116690944
4079,116690944
4080,116690944
4081,116690944
4082,116690944
4083,116690944
4084,116690944
4085,116690944
4086,116690944
4087,116690944
4088,116690944
4089,116690944
4090,116690944
4091,116690944
4092,116690944
4093,116690944
4094,116690944
4095,116690944
4096,116690944
4097,116690944
4098,116690944
4099,116690944
4100,116690944
4101,116690944
4102,116690944
4103,116690944
4104,116690944
4105,116690944
4106,116690944
4107,116690944
4108,116690944
4109,116690944
4110,116690944
4111,116690944
4112,116690944
4113,116690944
4114,116690944
4115,116690944
4116,116690944
4117,116690944
4118,116690944
4119,116690944
4120,116690944
4121,116690944
4122,116690944
4123,116690944
4124,116690944
4125,116690944
4126,116690944
4127,116690944
4128,116690944
4129,116690944
4130,116690944
4131,116690944
4132,116690944
4133,116690944
4134,116690944
4135,116690944
4136,116690944
4137,116690944
4138,116690944
4139,116690944
4140,116690944
4141,116690944
4142,116690944
4143,117084160
4144,117084160
4145,117084160
4146,117084160
4147,117084160
4148,117084160
4149,117084160
4150,117084160
4151,117084160
4152,117084160
4153,117084160
4154,117084160
4155,117084160
4156,117084160
4157,117084160
4158,117084160
4159,117084160
4160,117084160
4161,117084160
4162,117084160
4163,117084160
4164,117084160
4165,117084160
4166,117084160
4167,117084160
4168,117084160
4169,117084160
4170,117084160
4171,117084160
4172,117084160
4173,117084160
4174,117084160
4175,117084160
4176,117084160
4177,117084160
4178,117084160
4179,117084160
4180,117084160
4181,117084160
4182,117084160
4183,117084160
4184,117084160
4185,117084160
4186,117084160
4187,117084160
4188,117084160
4189,117084160
4190,117084160
4191,117084160
4192,117084160
4193,117084160
4194,117084160
4195,117084160
4196,117084160
4197,117084160
4198,117084160
4199,117084160
4200,117084160
4201,117694464
4202,117694464
4203,117694464
4204,117694464
4205,117694464
4206,117694464
4207,117694464
4208,117694464
4209,117694464
4210,117694464
4211,117694464
4212,117694464
4213,117694464
4214,117694464
4215,117694464
4216,117694464
4217,117694464
4218,117694464
4219,117694464
4220,117694464
4221,117694464
4222,117694464
4223,117694464
4224,117694464
4225,117694464
4226,117694464
4227,117694464
4228,117694464
4229,117694464
4230,117694464
4231,117694464
4232,117694464
4233,117694464
4234,117694464
4235,117694464
4236,117694464
4237,117694464
4238,117694464
4239,117694464
4240,117694464
4241,117694464
4242,117694464
4243,117694464
4244,117694464
4245,117694464
4246,117694464
4247,117694464
4248,117694464
4249,117694464
4250,117694464
4251,117694464
4252,117694464
4253,117694464
4254,117694464
4255,117694464
4256,117694464
4257,117694464
4258,117694464
4259,117694464
4260,117694464
4261,117694464
4262,117694464
4263,117694464
4264,117694464
4265,117694464
4266,117694464
4267,117694464
4268,117694464
4269,117694464
4270,117694464
4271,117694464
4272,117694464
4273,117694464
4274,117694464
4275,117694464
4276,117694464
4277,117694464
4278,117694464
4279,117694464
4280,117694464
4281,117665792
4282,117665792
4283,117665792
4284,117665792
4285,117665792
4286,117665792
4287,117665792
4288,117665792
4289,117665792
4290,117665792
4291,117665792
4292,117665792
4293,117665792
4294,117665792
4295,117665792
4296,117665792
4297,117665792
4298,117665792
4299,117665792
4300,117665792
4301,117665792
4302,117665792
4303,117665792
4304,117665792
4305,117665792
4306,117665792
4307,117665792
4308,117665792
4309,117665792
4310,117665792
4311,117665792
4312,117665792
4313,117665792
4314,117665792
4315,117665792
4316,117665792
4317,117665792
4318,117665792
4319,117665792
4320,117665792
4321,117665792
4322,117665792
4323,117665792
4324,117665792
4325,117665792
4326,117665792
4327,117665792
4328,117665792
4329,117665792
4330,117665792
4331,117665792
4332,117665792
4333,117665792
4334,117665792
4335,117665792
4336,117665792
4337,117665792
4338,117665792
4339,117665792
4340,117665792
4341,117665792
4342,117665792
4343,117665792
4344,117665792
4345,117665792
4346,117665792
4347,117665792
4348,117665792
4349,117665792
4350,117665792
4351,117665792
4352,117665792
4353,117665792
4354,117665792
4355,117665792
4356,117665792
4357,117665792
4358,117665792
4359,117665792
4360,117665792
4361,117665792
4362,117665792
4363,117665792
4364,117665792
4365,117665792
4366,117665792
4367,117665792
4368,117665792
4369,117665792
4370,117665792
4371,117665792
4372,117665792
4373,117665792
4374,117665792
4375,117665792
4376,117665792
4377,117665792
4378,117665792
4379,117665792
4380,117665792
4381,117665792
4382,117665792
4383,117665792
4384,117665792
4385,117665792
4386,117665792
4387,117665792
4388,117665792
4389,117665792
4390,117665792
4391,117665792
4392,117665792
4393,117665792
4394,117665792
4395,117665792
4396,117665792
4397,118018048
4398,118018048
4399,118018048
4400,118018048
4401,118018048
4402,118018048
4403,118018048
4404,118018048
4405,118018048
4406,118018048
4407,118018048
4408,118018048
4409,118018048
4410,118018048
4411,118018048
4412,118018048
4413,118018048
4414,118018048
4415,118018048
4416,118018048
4417,118018048
4418,118018048
4419,118018048
4420,118018048
4421,118018048
4422,118018048
4423,118018048
4424,118018048
4425,118018048
4426,118018048
4427,118018048
4428,118018048
4429,118018048
4430,118018048
4431,118018048
4432,118018048
4433,118018048
4434,118018048
4435,118018048
4436,118018048
4437,118018048
4438,118018048
4439,118018048
4440,118018048
4441,118018048
4442,118018048
4443,118018048
4444,118018048
4445,118018048
4446,118018048
4447,118018048
4448,118018048
4449,118018048
4450,118018048
4451,118018048
4452,118018048
4453,118018048
4454,118018048
4455,118018048
4456,118018048
4457,118018048
4458,118018048
4459,118018048
4460,118018048
4461,118018048
4462,118018048
4463,118018048
4464,118018048
4465,118018048
4466,118018048
4467,118018048
4468,118018048
4469,118018048
4470,118018048
4471,118018048
4472,118018048
4473,118018048
4474,118018048
4475,118018048
4476,118018048
4477,118018048
4478,118018048
4479,118018048
4480,118018048
4481,118018048
4482,118018048
4483,118018048
4484,118018048
4485,118018048
4486,118018048
4487,118018048
4488,118018048
4489,118018048
4490,118018048
4491,118018048
4492,118018048
4493,118018048
4494,118018048
4495,118018048
4496,118018048
4497,118018048
4498,118018048
4499,118018048
4500,118018048
4501,118018048
4502,118018048
4503,118018048
4504,118018048
4505,118018048
4506,118018048
4507,118018048
4508,118018048
4509,118018048
4510,118018048
4511,118018048
4512,118018048
4513,118018048
4514,118018048
4515,118018048
4516,118018048
4517,118018048
4518,118018048
4519,118018048
4520,118018048
4521,118018048
4522,118018048
4523,118018048
4524,118018048
4525,118018048
4526,118018048
4527,118018048
4528,118018048
4529,118018048
4530,118018048
4531,118018048
4532,118018048
4533,118018048
4534,118018048
4535,118018048
4536,118018048
4537,118018048
4538,118018048
4539,118018048
4540,118018048
4541,118018048
4542,118018048
4543,118018048
4544,118018048
4545,118018048
4546,118018048
4547,118018048
4548,118018048
4549,118018048
4550,118018048
4551,118018048
4552,118018048
4553,118018048
4554,118018048
4555,118018048
4556,118018048
4557,118018048
4558,118018048
4559,118018048
4560,118018048
4561,118018048
4562,118018048
4563,118018048
4564,118018048
4565,118018048
4566,118018048
4567,118018048
4568,118018048
4569,118018048
4570,118018048
4571,118018048
4572,118018048
4573,118018048
4574,118321152
4575,118321152
4576,118321152
4577,118321152
4578,118321152
4579,118321152
4580,118321152
4581,118321152
4582,118321152
4583,118321152
4584,118321152
4585,118321152
4586,118321152
4587,118321152
4588,118321152
4589,118321152
4590,118321152
4591,118321152
4592,118321152
4593,118321152
4594,118321152
4595,118321152
4596,118321152
4597,118321152
4598,118321152
4599,118321152
4600,118321152
4601,118321152
4602,118321152
4603,118321152
4604,118321152
4605,118321152
4606,118321152
4607,118321152
4608,118321152
4609,118321152
4610,118321152
4611,118321152
4612,118321152
4613,118321152
4614,118321152
4615,118321152
4616,118321152
4617,118321152
4618,118321152
4619,118321152
4620,118321152
4621,118321152
4622,118321152
4623,118321152
4624,118321152
4625,118321152
4626,118321152
4627,118321152
4628,118321152
4629,118321152
4630,118321152
4631,118321152
4632,118321152
4633,118321152
4634,118321152
4635,118321152
4636,118321152
4637,118321152
4638,118321152
4639,118321152
4640,118321152
4641,118321152
4642,118321152
4643,118321152
4644,118321152
4645,118321152
4646,118321152
4647,118321152
4648,118321152
4649,118321152
4650,118321152
4651,118321152
4652,118321152
4653,118321152
4654,118321152
4655,118321152
4656,118321152
4657,118321152
4658,118321152
4659,118321152
4660,118321152
4661,118321152
4662,118321152
4663,118321152
4664,118321152
4665,118321152
4666,118321152
4667,118321152
4668,118321152
4669,118321152
4670,118321152
4671,118321152
4672,118321152
4673,118321152
4674,118321152
4675,118321152
4676,118321152
4677,118321152
4678,118321152
4679,118321152
4680,118321152
4681,118321152
4682,118321152
4683,118321152
4684,118321152
4685,118321152
4686,118321152
4687,118321152
4688,118321152
4689,118321152
4690,118321152
4691,118321152
4692,118321152
4693,118321152
4694,118321152
4695,118321152
4696,118321152
4697,118321152
4698,118321152
4699,118321152
4700,118321152
4701,118321152
4702,118321152
4703,118321152
4704,118321152
4705,118321152
4706,118321152
4707,118321152
4708,118321152
4709,118321152
4710,118321152
4711,118321152
4712,118321152
4713,118321152
4714,118321152
4715,118321152
4716,118321152
4717,118321152
4718,118321152
4719,118321152
4720,118321152
4721,118321152
4722,118321152
4723,118321152
4724,118321152
4725,118321152
4726,118321152
4727,118321152
4728,118321152
4729,118321152
4730,118321152
4731,118321152
4732,118321152
4733,118321152
4734,118321152
4735,118321152
4736,118321152
4737,118321152
4738,118321152
4739,118321152
4740,118321152
4741,118321152
4742,118321152
4743,118321152
4744,118321152
4745,118321152
4746,118321152
4747,118321152
4748,118321152
4749,118321152
4750,118321152
4751,118321152
4752,118321152
4753,118321152
4754,118321152
4755,118321152
4756,118321152
4757,118321152
4758,118321152
4759,118321152
4760,118321152
4761,118321152
4762,118321152
4763,118321152
4764,118321152
4765,118321152
4766,118321152
4767,118321152
4768,118321152
4769,118321152
4770,118321152
4771,118321152
4772,118321152
4773,118321152
4774,118321152
4775,118321152
4776,118321152
4777,118321152
4778,118321152
4779,118321152
4780,118321152
4781,118321152
4782,118321152
4783,118321152
4784,118321152
4785,118321152
4786,118321152
4787,118321152
4788,118321152
4789,118321152
4790,118321152
4791,118321152
4792,118321152
4793,118321152
4794,118321152
4795,118321152
4796,118321152
4797,118321152
4798,118321152
4799,118321152
4800,118321152
4801,121356288
4802,121356288
4803,121356288
4804,121356288
4805,121356288
4806,121356288
4807,121356288
4808,121356288
4809,121356288
4810,121356288
4811,121356288
4812,121356288
4813,121356288
4814,121356288
4815,121356288
4816,121356288
4817,121356288
4818,121356288
4819,121356288
4820,121356288
4821,121356288
4822,121356288
4823,121356288
4824,121356288
4825,121708544
4826,121708544
4827,121708544
4828,121708544
4829,121708544
4830,121708544
4831,121708544
4832,121708544
4833,121708544
4834,121708544
4835,121708544
4836,121708544
4837,121708544
4838,121708544
4839,121708544
4840,121708544
4841,121708544
4842,121708544
4843,121708544
4844,121708544
4845,121708544
4846,121708544
4847,121708544
4848,121708544
4849,121708544
4850,121708544
4851,121708544
4852,121708544
4853,121708544
4854,121708544
4855,121708544
4856,121708544
4857,121708544
4858,121708544
4859,121708544
4860,121708544
4861,121708544
4862,121708544
4863,121708544
4864,121708544
4865,121708544
4866,121708544
4867,121708544
4868,121708544
4869,121708544
4870,121708544
4871,121708544
4872,121708544
4873,121708544
4874,121708544
4875,121708544
4876,121708544
4877,121708544
4878,121708544
4879,121708544
4880,121708544
4881,121708544
4882,121708544
4883,121708544
4884,121708544
4885,121708544
4886,121708544
4887,121708544
4888,121708544
4889,121708544
4890,121708544
4891,121708544
4892,121708544
4893,121708544
4894,121708544
4895,121708544
4896,121708544
4897,121708544
4898,121708544
4899,121708544
4900,121708544
4901,121708544
4902,121708544
4903,121708544
4904,121708544
4905,121708544
4906,121708544
4907,121708544
4908,121708544
4909,121708544
4910,121708544
4911,121708544
4912,121708544
4913,121708544
4914,121708544
4915,121708544
4916,121708544
4917,121708544
4918,121708544
4919,121708544
4920,121708544
4921,121708544
4922,121708544
4923,121708544
4924,121708544
4925,121708544
4926,121708544
4927,121708544
4928,121708544
4929,121708544
4930,121708544
4931,121708544
4932,121708544
4933,121708544
4934,121708544
4935,121708544
4936,121708544
4937,121708544
4938,121708544
4939,121708544
4940,121708544
4941,121708544
4942,121708544
4943,121708544
4944,121708544
4945,121708544
4946,121708544
4947,121708544
4948,121708544
4949,121708544
4950,121708544
4951,121708544
4952,121708544
4953,121708544
4954,121708544
4955,121708544
4956,121708544
4957,121708544
4958,121708544
4959,121708544
4960,121708544
4961,121708544
4962,121708544
4963,121708544
4964,121708544
4965,121708544
4966,121708544
4967,121708544
4968,121708544
4969,121708544
4970,121708544
4971,121708544
4972,121708544
4973,121708544
4974,121708544
4975,121708544
4976,121708544
4977,121708544
4978,121708544
4979,121708544
4980,121708544
4981,121708544
4982,121708544
4983,121708544
4984,121708544
4985,121708544
4986,121708544
4987,121708544
4988,121708544
4989,121708544
4990,121708544
4991,121708544
4992,121708544
4993,121708544
4994,121708544
4995,121708544
4996,121708544
4997,121708544
4998,121708544
4999,121708544
5000,121708544
5001,117354496
5002,117354496
5003,117354496
5004,117354496
5005,117354496
5006,117354496
5007,117354496
5008,117354496
5009,117354496
5010,117354496
5011,117354496
5012,117354496
5013,117354496
5014,117354496
5015,117354496
5016,117354496
5017,117354496
5018,117354496
5019,117354496
5020,117354496
5021,117354496
5022,117354496
5023,117354496
5024,117354496
5025,117354496
5026,117354496
5027,117354496
5028,117354496
5029,117354496
5030,117354496
5031,117354496
5032,117354496
5033,117354496
5034,117354496
5035,117354496
5036,117354496
5037,117354496
5038,117354496
5039,117354496
5040,117354496
5041,117354496
5042,117354496
5043,117354496
5044,117354496
5045,117354496
5046,117354496
5047,117354496
5048,117354496
5049,117354496
5050,117354496
5051,117354496
5052,117354496
5053,117354496
5054,117354496
5055,117354496
5056,117354496
5057,117354496
5058,117354496
5059,117354496
5060,117354496
5061,117354496
5062,117354496
5063,117354496
5064,117354496
5065,117354496
5066,117354496
5067,117354496
5068,117354496
5069,117354496
5070,117354496
5071,117354496
5072,117354496
5073,117354496
5074,117354496
5075,117354496
5076,117354496
5077,117354496
5078,117354496
5079,117354496
5080,117354496
5081,117354496
5082,117354496
5083,117354496
5084,117354496
5085,117354496
5086,117354496
5087,117354496
5088,117354496
5089,117354496
5090,117354496
5091,117354496
5092,117354496
5093,117354496
5094,117354496
5095,117354496
5096,117354496
5097,117354496
5098,117354496
5099,117354496
5100,117354496
5101,117354496
5102,117354496
5103,117354496
5104,117354496
5105,117354496
5106,117354496
5107,117354496
5108,117354496
5109,117354496
5110,117354496
5111,117354496
5112,117354496
5113,117354496
5114,117354496
5115,117354496
5116,117354496
5117,117354496
5118,117354496
5119,117354496
5120,117354496
5121,117354496
5122,117354496
5123,117354496
5124,117354496
5125,117354496
5126,117354496
5127,117354496
5128,117354496
5129,117354496
5130,117354496
5131,117354496
5132,117354496
5133,117354496
5134,117354496
5135,117354496
5136,117354496
5137,117354496
5138,117354496
5139,117354496
5140,117354496
5141,117354496
5142,117354496
5143,117354496
5144,117354496
5145,117354496
5146,117354496
5147,117354496
5148,117354496
5149,117354496
5150,117354496
5151,117354496
5152,117354496
5153,117354496
5154,117354496
5155,117354496
5156,117354496
5157,117354496
5158,117354496
5159,117354496
5160,117354496
5161,117354496
5162,117354496
5163,117354496
5164,117354496
5165,117354496
5166,117354496
5167,117354496
5168,117354496
5169,117354496
5170,117354496
5171,117354496
5172,117354496
5173,117354496
5174,117354496
5175,117354496
5176,117354496
5177,117354496
5178,117354496
5179,117354496
5180,117354496
5181,117354496
5182,117354496
5183,117354496
5184,117354496
5185,117354496
5186,117354496
5187,117354496
5188,117354496
5189,117354496
5190,117354496
5191,117354496
5192,117354496
5193,117354496
5194,117354496
5195,117354496
5196,117354496
5197,117354496
5198,117354496
5199,117354496
5200,117354496
5201,117354496
5202,117354496
5203,117354496
5204,117354496
5205,117354496
5206,117354496
5207,117354496
5208,117354496
5209,117354496
5210,117354496
5211,117354496
5212,117354496
5213,117354496
5214,117354496
5215,117354496
5216,117354496
5217,117354496
5218,117354496
5219,117354496
5220,117354496
5221,117354496
5222,117354496
5223,117354496
5224,117354496
5225,117354496
5226,117354496
5227,117354496
5228,117354496
5229,117354496
5230,117354496
5231,117354496
5232,117354496
5233,117354496
5234,117354496
5235,117354496
5236,117354496
5237,117354496
5238,117354496
5239,117354496
5240,117354496
5241,117354496
5242,117354496
5243,117354496
5244,117354496
5245,117354496
5246,117354496
5247,117354496
5248,117354496
5249,117354496
5250,117354496
5251,117354496
5252,117354496
5253,117354496
5254,117354496
5255,117354496
5256,117354496
5257,117354496
5258,117354496
5259,117354496
5260,117354496
5261,117354496
5262,117354496
5263,117354496
5264,117354496
5265,117354496
5266,117354496
5267,117354496
5268,117354496
5269,117354496
5270,117354496
5271,117354496
5272,117354496
5273,117354496
5274,117354496
5275,117354496
5276,117354496
5277,117354496
5278,117354496
5279,117354496
5280,117354496
5281,117354496
5282,117354496
5283,117354496
5284,117354496
5285,117354496
5286,117354496
5287,117354496
5288,117354496
5289,117354496
5290,117354496
5291,117354496
5292,117354496
5293,117354496
5294,117354496
5295,117354496
5296,117354496
5297,117354496
5298,117354496
5299,117354496
5300,117354496
5301,117354496
5302,117354496
5303,117354496
5304,117354496
5305,117354496
5306,117354496
5307,117354496
5308,117354496
5309,117354496
5310,117354496
5311,117354496
5312,117354496
5313,117354496
5314,117354496
5315,117354496
5316,117354496
5317,117354496
5318,117354496
5319,117354496
5320,117354496
5321,117354496
5322,117354496
5323,117354496
5324,117354496
5325,117354496
5326,117354496
5327,117354496
5328,117354496
5329,117354496
5330,117354496
5331,117354496
5332,117354496
5333,117354496
5334,117354496
5335,117354496
5336,117354496
5337,117354496
5338,117354496
5339,117354496
5340,117354496
5341,117354496
5342,117354496
5343,117354496
5344,117354496
5345,117354496
5346,117354496
5347,117354496
5348,117354496
5349,117354496
5350,117354496
5351,117354496
5352,117354496
5353,117354496
5354,117354496
5355,117354496
5356,117354496
5357,117354496
5358,117354496
5359,117354496
5360,117354496
5361,117354496
5362,117354496
5363,117354496
5364,117354496
5365,117354496
5366,117354496
5367,117354496
5368,117354496
5369,117354496
5370,117354496
5371,117354496
5372,117354496
5373,117354496
5374,117354496
5375,117354496
5376,117354496
5377,117354496
5378,117354496
5379,117354496
5380,117354496
5381,117354496
5382,117354496
5383,117354496
5384,117354496
5385,117354496
5386,117354496
5387,117354496
5388,117354496
5389,117354496
5390,117354496
5391,117354496
5392,117354496
5393,117354496
5394,117354496
5395,117354496
5396,117354496
5397,117354496
5398,117354496
5399,117354496
5400,117354496
5401,117354496
5402,117334016
5403,117334016
5404,117334016
5405,117334016
5406,117334016
5407,117334016
5408,117334016
5409,117334016
5410,117334016
5411,117334016
5412,117334016
5413,117334016
5414,117334016
5415,117334016
5416,117334016
5417,117334016
5418,117334016
5419,117334016
5420,117334016
5421,117334016
5422,117334016
5423,117334016
5424,117334016
5425,117334016
5426,117334016
5427,117334016
5428,117334016
5429,117334016
5430,117334016
5431,117334016
5432,117334016
5433,117334016
5434,117334016
5435,117334016
5436,117334016
5437,117334016
5438,117334016
5439,117334016
5440,117334016
5441,117334016
5442,117334016
5443,117334016
5444,117334016
5445,117334016
5446,117334016
5447,117334016
5448,117334016
5449,117334016
5450,117334016
5451,117334016
5452,117334016
5453,117334016
5454,117334016
5455,117334016
5456,117334016
5457,117334016
5458,117334016
5459,117334016
5460,117334016
5461,117334016
5462,117334016
5463,117334016
5464,117334016
5465,117334016
5466,117334016
5467,117334016
5468,117334016
5469,117334016
5470,117334016
5471,117334016
5472,117334016
5473,117334016
5474,117334016
5475,117334016
5476,117334016
5477,117334016
5478,117334016
5479,117334016
5480,117334016
5481,117334016
5482,117334016
5483,117334016
5484,117334016
5485,117334016
5486,117334016
5487,117334016
5488,117334016
5489,117334016
5490,117334016
5491,117334016
5492,117334016
5493,117334016
5494,117334016
5495,117334016
5496,117334016
5497,117334016
5498,117334016
5499,117334016
5500,117334016
5501,117334016
5502,117334016
5503,117334016
5504,117334016
5505,117334016
5506,117334016
5507,117334016
5508,117334016
5509,117334016
5510,117334016
5511,117334016
5512,117334016
5513,117334016
5514,117334016
5515,117334016
5516,117334016
5517,117334016
5518,117334016
5519,117334016
5520,117334016
5521,117334016
5522,117334016
5523,117334016
5524,117334016
5525,117334016
5526,117334016
5527,117334016
5528,117334016
5529,117334016
5530,117334016
5531,117334016
5532,117334016
5533,117334016
5534,117334016
5535,117334016
5536,117334016
5537,117334016
5538,117334016
5539,117334016
5540,117334016
5541,117334016
5542,117334016
5543,117334016
5544,117334016
5545,117334016
5546,117334016
5547,117334016
5548,117334016
5549,117334016
5550,117334016
5551,117334016
5552,117334016
5553,117338112
5554,117338112
5555,117338112
5556,117338112
5557,117338112
5558,117338112
5559,117338112
5560,117338112
5561,117338112
5562,117338112
5563,117338112
5564,117338112
5565,117338112
5566,117338112
5567,117338112
5568,117338112
5569,117338112
5570,117338112
5571,117338112
5572,117338112
5573,117338112
5574,117338112
5575,117338112
5576,117338112
5577,117338112
5578,117338112
5579,117338112
5580,117338112
5581,117338112
5582,117338112
5583,117338112
5584,117338112
5585,117338112
5586,117338112
5587,117338112
5588,117338112
5589,117338112
5590,117338112
5591,117338112
5592,117338112
5593,117338112
5594,117338112
5595,117338112
5596,117338112
5597,117338112
5598,117338112
5599,117338112
5600,117338112
5601,117338112
5602,117338112
5603,117338112
5604,117338112
5605,117338112
5606,117338112
5607,117338112
5608,117338112
5609,117338112
5610,117338112
5611,117338112
5612,117338112
5613,117338112
5614,117338112
5615,117338112
5616,117338112
5617,117338112
5618,117338112
5619,117338112
5620,117338112
5621,117338112
5622,117338112
5623,117338112
5624,117338112
5625,117338112
5626,117338112
5627,117338112
5628,117338112
5629,117338112
5630,117338112
5631,117338112
5632,117338112
5633,117338112
5634,117338112
5635,117338112
5636,117338112
5637,117338112
5638,117338112
5639,117338112
5640,117338112
5641,117338112
5642,117338112
5643,117338112
5644,117338112
5645,117338112
5646,117338112
5647,117338112
5648,117338112
5649,117338112
5650,117338112
5651,117338112
5652,117338112
5653,117338112
5654,117338112
5655,117338112
5656,117338112
5657,117338112
5658,117338112
5659,117338112
5660,117338112
5661,117338112
5662,117338112
5663,117338112
5664,117338112
5665,117338112
5666,117338112
5667,117338112
5668,117338112
5669,117338112
5670,117338112
5671,117338112
5672,117338112
5673,117338112
5674,117338112
5675,117338112
5676,117338112
5677,117338112
5678,117338112
5679,117338112
5680,117338112
5681,117338112
5682,117338112
5683,117338112
5684,117338112
5685,117338112
5686,117338112
5687,117338112
5688,117338112
5689,117338112
5690,117338112
5691,117338112
5692,117338112
5693,117338112
5694,117338112
5695,117338112
5696,117338112
5697,117338112
5698,117338112
5699,117338112
5700,117338112
5701,117338112
5702,117338112
5703,117338112
5704,117338112
5705,117338112
5706,117338112
5707,117338112
5708,117338112
5709,117338112
5710,117338112
5711,117338112
5712,110460928
5713,110460928
5714,110460928
5715,110460928
5716,110460928
5717,110460928
5718,110460928
5719,110460928
5720,110460928
5721,110460928
5722,111075328
5723,111075328
5724,111075328
5725,111075328
5726,111075328
5727,111075328
5728,111075328
5729,111075328
5730,111075328
5731,111075328
5732,111075328
5733,111075328
5734,111075328
5735,111075328
5736,111075328
5737,111075328
5738,111079424
5739,111079424
5740,111079424
5741,111079424
5742,111079424
5743,111079424
5744,111079424
5745,111079424
5746,111079424
5747,111079424
5748,111079424
5749,111079424
5750,111079424
5751,111079424
5752,111079424
5753,111079424
5754,111079424
5755,111079424
5756,111079424
5757,111079424
5758,111079424
5759,111079424
5760,111079424
5761,111079424
5762,111079424
5763,111079424
5764,111079424
5765,111079424
5766,111079424
5767,111079424
5768,111079424
5769,111079424
5770,111079424
5771,111079424
5772,111079424
5773,111079424
5774,111079424
5775,111079424
5776,111079424
5777,111079424
5778,111079424
5779,111079424
5780,111079424
5781,111079424
5782,111079424
5783,111079424
5784,111079424
5785,111079424
5786,111079424
5787,111079424
5788,111079424
5789,111079424
5790,111079424
5791,111079424
5792,111079424
5793,111079424
5794,111079424
5795,111079424
5796,111079424
5797,111079424
5798,111079424
5799,111079424
5800,111079424
5801,111079424
5802,111079424
5803,111079424
5804,111079424
5805,111079424
5806,111079424
5807,111079424
5808,111079424
5809,111079424
5810,111079424
5811,111079424
5812,111079424
5813,111079424
5814,111079424
5815,111079424
5816,111079424
5817,111079424
5818,111079424
5819,111079424
5820,111079424
5821,111079424
5822,111079424
5823,111079424
5824,111079424
5825,111079424
5826,111079424
5827,111079424
5828,111079424
5829,111079424
5830,111079424
5831,111079424
5832,111079424
5833,111079424
5834,111079424
5835,111079424
5836,111079424
5837,111079424
5838,111079424
5839,111079424
5840,111079424
5841,111079424
5842,111079424
5843,111079424
5844,111079424
5845,111079424
5846,111079424
5847,111079424
5848,111079424
5849,111079424
5850,111079424
5851,111079424
5852,111079424
5853,111079424
5854,111079424
5855,111079424
5856,111079424
5857,111079424
5858,111079424
5859,111079424
5860,111079424
5861,111079424
5862,111079424
5863,111079424
5864,111079424
5865,111079424
5866,111079424
5867,111079424
5868,111079424
5869,111079424
5870,111079424
5871,111079424
5872,111079424
5873,111079424
5874,111079424
5875,111079424
5876,111079424
5877,111079424
5878,111079424
5879,111079424
5880,111079424
5881,111079424
5882,111079424
5883,111079424
5884,111079424
5885,111079424
5886,111079424
5887,111079424
5888,111210496
5889,111210496
5890,111210496
5891,111210496
5892,111210496
5893,111210496
5894,111210496
5895,111210496
5896,111210496
5897,111210496
5898,111210496
5899,111210496
5900,111210496
5901,111210496
5902,111210496
5903,111210496
5904,111210496
5905,111210496
5906,111210496
5907,111210496
5908,111210496
5909,111210496
5910,111210496
5911,111210496
5912,111210496
5913,111210496
5914,111210496
5915,111210496
5916,111210496
5917,111210496
5918,111210496
5919,111210496
5920,111210496
5921,111210496
5922,111210496
5923,111210496
5924,111210496
5925,111210496
5926,111210496
5927,111210496
5928,111210496
5929,111210496
5930,111210496
5931,111210496
5932,111210496
5933,111210496
5934,111210496
5935,111210496
5936,111210496
5937,111210496
5938,111210496
5939,111210496
5940,111210496
5941,111210496
5942,111210496
5943,111210496
5944,111210496
5945,111210496
5946,111210496
5947,111210496
5948,111210496
5949,111210496
5950,111210496
5951,111210496
5952,111210496
5953,111210496
5954,111210496
5955,111210496
5956,111341568
5957,111341568
5958,111341568
5959,111341568
5960,111341568
5961,111341568
5962,111341568
5963,111341568
5964,111341568
5965,111341568
5966,111341568
5967,111341568
5968,111341568
5969,111341568
5970,111341568
5971,111345664
5972,111345664
5973,111345664
5974,111345664
5975,111345664
5976,111345664
5977,111345664
5978,111345664
5979,111345664
5980,111345664
5981,111345664
5982,111345664
5983,111345664
5984,111345664
5985,111345664
5986,111345664
5987,111345664
5988,111345664
5989,111345664
5990,111345664
5991,111345664
5992,111345664
5993,111345664
5994,111345664
5995,111345664
5996,111345664
5997,111345664
5998,111345664
5999,111345664
6000,111345664
6001,111689728
6002,111689728
6003,111689728
6004,111689728
6005,111689728
6006,111689728
6007,111689728
6008,111689728
6009,111689728
6010,111689728
6011,111689728
6012,111689728
6013,111689728
6014,111689728
6015,111689728
6016,111689728
6017,111689728
6018,111689728
6019,111689728
6020,111689728
6021,111689728
6022,111689728
6023,111689728
6024,111689728
6025,111689728
6026,111689728
6027,111689728
6028,111689728
6029,111689728
6030,111689728
6031,111689728
6032,111689728
6033,111689728
6034,111689728
6035,111689728
6036,111689728
6037,111689728
6038,111689728
6039,111689728
6040,111689728
6041,111689728
6042,111689728
6043,111689728
6044,111689728
6045,111689728
6046,111689728
6047,111689728
6048,111689728
6049,111689728
6050,111689728
6051,111689728
6052,111689728
6053,111689728
6054,111689728
6055,111689728
6056,111689728
6057,111689728
6058,111689728
6059,111689728
6060,111689728
6061,111689728
6062,111689728
6063,111689728
6064,111689728
6065,111689728
6066,111689728
6067,111689728
6068,111689728
6069,111689728
6070,111689728
6071,111689728
6072,111689728
6073,111689728
6074,111689728
6075,112009216
6076,112009216
6077,112009216
6078,112009216
6079,112009216
6080,112009216
6081,111984640
6082,111984640
6083,111984640
6084,111984640
6085,111984640
6086,111984640
6087,111984640
6088,111984640
6089,111984640
6090,111984640
6091,111984640
6092,111984640
6093,111984640
6094,111984640
6095,111984640
6096,111984640
6097,111984640
6098,111984640
6099,111984640
6100,111984640
6101,111984640
6102,111984640
6103,111984640
6104,111984640
6105,111984640
6106,111984640
6107,111984640
6108,111984640
6109,111984640
6110,111984640
6111,111984640
6112,111984640
6113,111984640
6114,111984640
6115,111984640
6116,111984640
6117,111984640
6118,111984640
6119,111984640
6120,111984640
6121,111984640
6122,111984640
6123,111984640
6124,111984640
6125,111984640
6126,111984640
6127,111984640
6128,111984640
6129,111984640
6130,111984640
6131,111984640
6132,111984640
6133,111984640
6134,111984640
6135,111984640
6136,111984640
6137,111984640
6138,111984640
6139,111984640
6140,111984640
6141,111984640
6142,111984640
6143,111984640
6144,111984640
6145,111984640
6146,111984640
6147,111984640
6148,111984640
6149,111984640
6150,111984640
6151,111984640
6152,111984640
6153,111984640
6154,111984640
6155,111984640
6156,111984640
6157,111984640
6158,111984640
6159,111984640
6160,111984640
6161,111984640
6162,111984640
6163,111984640
6164,111984640
6165,111984640
6166,111984640
6167,111984640
6168,111984640
6169,111984640
6170,111984640
6171,111984640
6172,111984640
6173,111984640
6174,111984640
6175,111984640
6176,111984640
6177,111984640
6178,111984640
6179,111984640
6180,111984640
6181,111984640
6182,111984640
6183,111984640
6184,111984640
6185,111984640
6186,111984640
6187,111984640
6188,111984640
6189,111984640
6190,111984640
6191,111984640
6192,111984640
6193,111984640
6194,111984640
6195,111984640
6196,111984640
6197,111984640
6198,111984640
6199,111984640
6200,111984640
6201,111984640
6202,111984640
6203,111984640
6204,111984640
6205,111984640
6206,111984640
6207,111984640
6208,111984640
6209,111984640
6210,111984640
6211,111984640
6212,111984640
6213,111984640
6214,111984640
6215,111984640
6216,111984640
6217,111984640
6218,111984640
6219,111984640
6220,111984640
6221,111984640
6222,111984640
6223,111984640
6224,111984640
6225,111984640
6226,111984640
6227,111984640
6228,111984640
6229,111984640
6230,111984640
6231,111984640
6232,111984640
6233,111984640
6234,111984640
6235,111984640
6236,111984640
6237,111984640
6238,111984640
6239,111984640
6240,111984640
6241,111984640
6242,111984640
6243,111984640
6244,111984640
6245,111984640
6246,111984640
6247,111984640
6248,111984640
6249,111984640
6250,111984640
6251,112308224
6252,112308224
6253,112308224
6254,112308224
6255,112308224
6256,112308224
6257,112308224
6258,112308224
6259,112308224
6260,112308224
6261,112308224
6262,112308224
6263,112308224
6264,112308224
6265,112308224
6266,112308224
6267,112308224
6268,112308224
6269,112308224
6270,112308224
6271,112308224
6272,112308224
6273,112308224
6274,112308224
6275,112308224
6276,112308224
6277,112308224
6278,112308224
6279,112308224
6280,112308224
6281,112308224
6282,112308224
6283,112308224
6284,112308224
6285,112308224
6286,112308224
6287,112308224
6288,112308224
6289,112308224
6290,112308224
6291,112308224
6292,112308224
6293,112308224
6294,112308224
6295,112308224
6296,112308224
6297,112308224
6298,112308224
6299,112308224
6300,112308224
6301,112308224
6302,112308224
6303,112308224
6304,112308224
6305,112308224
6306,112308224
6307,112308224
6308,112308224
6309,112308224
6310,112308224
6311,112308224
6312,112308224
6313,112308224
6314,112308224
6315,112308224
6316,112308224
6317,112308224
6318,112308224
6319,112308224
6320,112308224
6321,112308224
6322,112308224
6323,112308224
6324,112308224
6325,112308224
6326,112308224
6327,112308224
6328,112308224
6329,112308224
6330,112308224
6331,112308224
6332,112308224
6333,112308224
6334,112308224
6335,112308224
6336,112308224
6337,112308224
6338,112308224
6339,112308224
6340,112308224
6341,112308224
6342,112308224
6343,112308224
6344,112308224
6345,112308224
6346,112308224
6347,112308224
6348,112308224
6349,112308224
6350,112308224
6351,112308224
6352,112308224
6353,112308224
6354,112308224
6355,112308224
6356,112308224
6357,112308224
6358,112308224
6359,112308224
6360,112308224
6361,112308224
6362,112308224
6363,112308224
6364,112308224
6365,112308224
6366,112308224
6367,112308224
6368,112308224
6369,112308224
6370,112308224
6371,112308224
6372,112308224
6373,112308224
6374,112308224
6375,112308224
6376,112308224
6377,112308224
6378,112308224
6379,112308224
6380,112308224
6381,112308224
6382,112308224
6383,112308224
6384,112308224
6385,112308224
6386,112308224
6387,112308224
6388,112308224
6389,112308224
6390,112308224
6391,112308224
6392,112308224
6393,112308224
6394,112308224
6395,112308224
6396,112308224
6397,112308224
6398,112308224
6399,112308224
6400,112308224
6401,112308224
6402,112308224
6403,112308224
6404,112308224
6405,112308224
6406,112308224
6407,112308224
6408,112308224
6409,112308224
6410,112308224
6411,112308224
6412,112308224
6413,112308224
6414,112308224
6415,112308224
6416,112308224
6417,112308224
6418,112308224
6419,112308224
6420,112308224
6421,112308224
6422,112308224
6423,112308224
6424,112308224
6425,112308224
6426,112308224
6427,112570368
6428,112570368
6429,112570368
6430,112570368
6431,112570368
6432,112570368
6433,112570368
6434,112570368
6435,112570368
6436,112570368
6437,112570368
6438,112570368
6439,112570368
6440,112570368
6441,112570368
6442,112570368
6443,112570368
6444,112570368
6445,112570368
6446,112570368
6447,112570368
6448,112570368
6449,112570368
6450,112570368
6451,112570368
6452,112570368
6453,112570368
6454,112570368
6455,112570368
6456,112570368
6457,112570368
6458,112570368
6459,112570368
6460,112570368
6461,112570368
6462,112570368
6463,112570368
6464,112570368
6465,112570368
6466,112570368
6467,112570368
6468,112570368
6469,112570368
6470,112570368
6471,112570368
6472,112570368
6473,112570368
6474,112570368
6475,112570368
6476,112570368
6477,112570368
6478,112570368
6479,112570368
6480,112570368
6481,112570368
6482,112570368
6483,112570368
6484,112570368
6485,112570368
6486,112570368
6487,112570368
6488,112570368
6489,112570368
6490,112570368
6491,112570368
6492,112570368
6493,112570368
6494,112570368
6495,112603136
6496,112611328
6497,112652288
6498,112652288
6499,112656384
6500,112656384
6501,112656384
6502,112656384
6503,112656384
6504,112656384
6505,112656384
6506,112656384
6507,112656384
6508,112656384
6509,112656384
6510,112656384
6511,112656384
6512,112656384
6513,112656384
6514,112656384
6515,112656384
6516,112656384
6517,112656384
6518,112656384
6519,112656384
6520,112656384
6521,112656384
6522,112656384
6523,112656384
6524,112656384
6525,112656384
6526,112656384
6527,112656384
6528,112656384
6529,112656384
6530,112656384
6531,112656384
6532,112656384
6533,112656384
6534,112656384
6535,112656384
6536,112656384
6537,112656384
6538,112656384
6539,112656384
6540,112656384
6541,112656384
6542,112656384
6543,112656384
6544,112656384
6545,112656384
6546,112656384
6547,112656384
6548,112656384
6549,112656384
6550,112656384
6551,112656384
6552,112656384
6553,112656384
6554,112656384
6555,112656384
6556,112656384
6557,112656384
6558,112656384
6559,112656384
6560,112656384
6561,112656384
6562,112656384
6563,112656384
6564,112656384
6565,112656384
6566,112656384
6567,112656384
6568,112656384
6569,112656384
6570,112656384
6571,112656384
6572,112656384
6573,112656384
6574,112656384
6575,112656384
6576,112656384
6577,112656384
6578,112635904
6579,112635904
6580,112635904
6581,112635904
6582,112635904
6583,112635904
6584,112635904
6585,112635904
6586,112635904
6587,112635904
6588,112635904
6589,112635904
6590,112635904
6591,112635904
6592,112635904
6593,112635904
6594,112635904
6595,112635904
6596,112635904
6597,112635904
6598,112635904
6599,112635904
6600,112635904
6601,113119232
6602,113119232
6603,113119232
6604,113119232
6605,113119232
6606,113119232
6607,113119232
6608,113119232
6609,113119232
6610,113119232
6611,113119232
6612,113119232
6613,113119232
6614,113119232
6615,113119232
6616,113119232
6617,113119232
6618,113381376
6619,113381376
6620,113381376
6621,113381376
6622,113381376
6623,113381376
6624,113381376
6625,113381376
6626,113381376
6627,113381376
6628,113381376
6629,113381376
6630,113381376
6631,113381376
6632,113381376
6633,113381376
6634,113381376
6635,113381376
6636,113381376
6637,113381376
6638,113381376
6639,113381376
6640,113381376
6641,113381376
6642,113381376
6643,113381376
6644,113381376
6645,113381376
6646,113381376
6647,113381376
6648,113381376
6649,113381376
6650,113381376
6651,113381376
6652,113381376
6653,113381376
6654,113381376
6655,113381376
6656,113381376
6657,113381376
6658,113381376
6659,113381376
6660,113381376
6661,113381376
6662,113381376
6663,113381376
6664,113381376
6665,113381376
6666,113381376
6667,113381376
6668,113381376
6669,113381376
6670,113381376
6671,113381376
6672,113381376
6673,113381376
6674,113381376
6675,113381376
6676,113381376
6677,113381376
6678,113381376
6679,113381376
6680,113381376
6681,113352704
6682,113352704
6683,113352704
6684,113352704
6685,113352704
6686,113352704
6687,113352704
6688,113352704
6689,113352704
6690,113352704
6691,113352704
6692,113352704
6693,113352704
6694,113352704
6695,113352704
6696,113352704
6697,113352704
6698,113352704
6699,113352704
6700,113352704
6701,113352704
6702,113352704
6703,113352704
6704,113352704
6705,113352704
6706,113352704
6707,113352704
6708,113352704
6709,113352704
6710,113352704
6711,113352704
6712,113352704
6713,113352704
6714,113352704
6715,113352704
6716,113352704
6717,113352704
6718,113352704
6719,113352704
6720,113352704
6721,113352704
6722,113352704
6723,113352704
6724,113352704
6725,113352704
6726,113352704
6727,113352704
6728,113352704
6729,113352704
6730,113352704
6731,113352704
6732,113352704
6733,113352704
6734,113352704
6735,113352704
6736,113352704
6737,113352704
6738,113352704
6739,113352704
6740,113352704
6741,113352704
6742,113352704
6743,113352704
6744,113352704
6745,113352704
6746,113352704
6747,113352704
6748,113352704
6749,113352704
6750,113352704
6751,113352704
6752,113352704
6753,113352704
6754,113352704
6755,113352704
6756,113352704
6757,113352704
6758,113352704
6759,113352704
6760,113352704
6761,113352704
6762,113352704
6763,113352704
6764,113352704
6765,113352704
6766,113352704
6767,113352704
6768,113352704
6769,113352704
6770,113352704
6771,113352704
6772,113352704
6773,113352704
6774,113352704
6775,113352704
6776,113352704
6777,113352704
6778,113352704
6779,113352704
6780,113352704
6781,113352704
6782,113352704
6783,113352704
6784,113352704
6785,113352704
6786,113352704
6787,113352704
6788,113352704
6789,113352704
6790,113352704
6791,113352704
6792,113352704
6793,113352704
6794,113352704
6795,113614848
6796,113614848
6797,113614848
6798,113614848
6799,113614848
6800,113614848
6801,113614848
6802,113614848
6803,113614848
6804,113614848
6805,113614848
6806,113614848
6807,113614848
6808,113614848
6809,113614848
6810,113614848
6811,113614848
6812,113614848
6813,113614848
6814,113614848
6815,113614848
6816,113614848
6817,113614848
6818,113614848
6819,113614848
6820,113614848
6821,113614848
6822,113614848
6823,113614848
6824,113614848
6825,113614848
6826,113614848
6827,113614848
6828,113614848
6829,113614848
6830,113614848
6831,113614848
6832,113614848
6833,113614848
6834,113614848
6835,113614848
6836,113614848
6837,113614848
6838,113614848
6839,113614848
6840,113614848
6841,113614848
6842,113614848
6843,113614848
6844,113614848
6845,113614848
6846,113614848
6847,113614848
6848,113614848
6849,113614848
6850,113614848
6851,113614848
6852,113614848
6853,113614848
6854,113614848
6855,113614848
6856,113614848
6857,113614848
6858,113614848
6859,113614848
6860,113614848
6861,113614848
6862,113614848
6863,113614848
6864,113614848
6865,113614848
6866,113614848
6867,113614848
6868,113614848
6869,113614848
6870,113614848
6871,113614848
6872,113614848
6873,113614848
6874,113614848
6875,113614848
6876,113614848
6877,113614848
6878,113614848
6879,113614848
6880,113614848
6881,113614848
6882,113614848
6883,113614848
6884,113614848
6885,113614848
6886,113614848
6887,113614848
6888,113614848
6889,113614848
6890,113614848
6891,113614848
6892,113614848
6893,113614848
6894,113614848
6895,113614848
6896,113614848
6897,113614848
6898,113614848
6899,113614848
6900,113614848
6901,113614848
6902,113614848
6903,113614848
6904,113614848
6905,113614848
6906,113614848
6907,113614848
6908,113614848
6909,113614848
6910,113614848
6911,113614848
6912,113614848
6913,113614848
6914,113614848
6915,113614848
6916,113614848
6917,113614848
6918,113614848
6919,113614848
6920,113614848
6921,113614848
6922,113614848
6923,113614848
6924,113614848
6925,113614848
6926,113614848
6927,113614848
6928,113614848
6929,113614848
6930,113614848
6931,113614848
6932,113614848
6933,113614848
6934,113614848
6935,113614848
6936,113614848
6937,113614848
6938,113614848
6939,113614848
6940,113614848
6941,113614848
6942,113614848
6943,113614848
6944,113614848
6945,113614848
6946,113614848
6947,113614848
6948,113614848
6949,113614848
6950,113614848
6951,113614848
6952,113614848
6953,113614848
6954,113614848
6955,113876992
6956,113876992
6957,113876992
6958,113876992
6959,113876992
6960,113876992
6961,113876992
6962,113876992
6963,113876992
6964,113876992
6965,113876992
6966,113876992
6967,113876992
6968,113876992
6969,113876992
6970,113876992
6971,113876992
6972,113876992
6973,113876992
6974,113876992
6975,113876992
6976,113876992
6977,113876992
6978,113876992
6979,113876992
6980,113876992
6981,113876992
6982,113876992
6983,113876992
6984,113876992
6985,113876992
6986,113876992
6987,113876992
6988,113876992
6989,113876992
6990,113876992
6991,113876992
6992,113876992
6993,113876992
6994,113876992
6995,113876992
6996,113876992
6997,113876992
6998,113876992
6999,113876992
7000,113876992
7001,113876992
7002,113876992
7003,113876992
7004,113876992
7005,113876992
7006,113876992
7007,113876992
7008,113876992
7009,113876992
7010,113876992
7011,113876992
7012,113876992
7013,113876992
7014,113876992
7015,113876992
7016,113876992
7017,113876992
7018,113876992
7019,113876992
7020,113876992
7021,113876992
7022,113876992
7023,113876992
7024,113876992
7025,113876992
7026,113876992
7027,113876992
7028,113876992
7029,113876992
7030,113876992
7031,113876992
7032,113876992
7033,113876992
7034,113876992
7035,113876992
7036,113876992
7037,113876992
7038,113876992
7039,113876992
7040,113876992
7041,113876992
7042,113876992
7043,113876992
7044,113876992
7045,113876992
7046,113876992
7047,113876992
7048,113876992
7049,113876992
7050,113876992
7051,113876992
7052,113876992
7053,113876992
7054,113876992
7055,113876992
7056,113876992
7057,113876992
7058,113876992
7059,113876992
7060,113881088
7061,113881088
7062,113881088
7063,113881088
7064,113881088
7065,113881088
7066,113881088
7067,113881088
7068,113881088
7069,113881088
7070,113881088
7071,113881088
7072,113881088
7073,113881088
7074,113881088
7075,113881088
7076,113881088
7077,113881088
7078,113881088
7079,113881088
7080,113881088
7081,113881088
7082,113881088
7083,113881088
7084,113881088
7085,113881088
7086,113881088
7087,113881088
7088,113881088
7089,113881088
7090,113881088
7091,113881088
7092,113881088
7093,113881088
7094,113881088
7095,113881088
7096,113881088
7097,113881088
7098,113881088
7099,113881088
7100,113881088
7101,113881088
7102,113881088
7103,113881088
7104,113881088
7105,113881088
7106,113881088
7107,113881088
7108,113881088
7109,113881088
7110,113881088
7111,113881088
7112,113881088
7113,113881088
7114,113881088
7115,113881088
7116,113881088
7117,113881088
7118,113881088
7119,113881088
7120,113881088
7121,113881088
7122,113881088
7123,113881088
7124,113881088
7125,113881088
7126,113881088
7127,113881088
7128,113881088
7129,113881088
7130,113881088
7131,113881088
7132,114151424
7133,114151424
7134,114151424
7135,114151424
7136,114151424
7137,114151424
7138,114151424
7139,114151424
7140,114151424
7141,114151424
7142,114151424
7143,114151424
7144,114151424
7145,114151424
7146,114151424
7147,114151424
7148,114151424
7149,114151424
7150,114151424
7151,114151424
7152,114151424
7153,114151424
7154,114151424
7155,114151424
7156,114151424
7157,114151424
7158,114151424
7159,114151424
7160,114151424
7161,114151424
7162,114151424
7163,114151424
7164,114151424
7165,114151424
7166,114151424
7167,114151424
7168,114151424
7169,114151424
7170,114151424
7171,114151424
7172,114151424
7173,114151424
7174,114151424
7175,114151424
7176,114151424
7177,114151424
7178,114151424
7179,114151424
7180,114151424
7181,114151424
7182,114151424
7183,114151424
7184,114151424
7185,114151424
7186,114151424
7187,114151424
7188,114151424
7189,114151424
7190,114151424
7191,114151424
7192,114151424
7193,114151424
7194,114151424
7195,114151424
7196,114151424
7197,114151424
7198,114151424
7199,114151424
7200,114151424
7201,116506624
7202,116506624
7203,116506624
7204,116506624
7205,116506624
7206,116506624
7207,116506624
7208,116506624
7209,116506624
7210,116506624
7211,116506624
7212,116506624
7213,116506624
7214,116506624
7215,116506624
7216,116506624
7217,116506624
7218,116506624
7219,116506624
7220,116506624
7221,116506624
7222,116506624
7223,116506624
7224,116506624
7225,116506624
7226,116506624
7227,116506624
7228,116506624
7229,116506624
7230,116506624
7231,116506624
7232,116506624
7233,116506624
7234,116506624
7235,116506624
7236,116506624
7237,116506624
7238,116506624
7239,116506624
7240,116506624
7241,116506624
7242,116506624
7243,116506624
7244,116506624
7245,116506624
7246,116506624
7247,116506624
7248,116506624
7249,116506624
7250,116506624
7251,116506624
7252,116506624
7253,116506624
7254,116506624
7255,116506624
7256,116506624
7257,116506624
7258,116506624
7259,116506624
7260,116506624
7261,116506624
7262,116506624
7263,116506624
7264,116506624
7265,116506624
7266,116506624
7267,116506624
7268,116506624
7269,116506624
7270,116506624
7271,116506624
7272,116506624
7273,116506624
7274,116506624
7275,116506624
7276,116506624
7277,116506624
7278,116506624
7279,116506624
7280,116506624
7281,116461568
7282,116461568
7283,116461568
7284,116461568
7285,116461568
7286,116461568
7287,116461568
7288,116461568
7289,116461568
7290,116461568
7291,116461568
7292,116461568
7293,116461568
7294,116461568
7295,116461568
7296,116461568
7297,116461568
7298,116461568
7299,116461568
7300,116461568
7301,116461568
7302,116461568
7303,116461568
7304,116461568
7305,116461568
7306,116465664
7307,116465664
7308,116465664
7309,116465664
7310,116465664
7311,116465664
7312,116465664
7313,116465664
7314,116465664
7315,116465664
7316,116465664
7317,116465664
7318,116465664
7319,116465664
7320,116449280
7321,116449280
7322,116449280
7323,116449280
7324,116449280
7325,116449280
7326,116449280
7327,116449280
7328,116449280
7329,116449280
7330,116449280
7331,116449280
7332,116449280
7333,116453376
7334,116453376
7335,116453376
7336,116453376
7337,116453376
7338,116453376
7339,116453376
7340,116453376
7341,116453376
7342,116453376
7343,116453376
7344,116453376
7345,116453376
7346,116453376
7347,116453376
7348,116453376
7349,116453376
7350,116453376
7351,116453376
7352,116453376
7353,116453376
7354,116453376
7355,116453376
7356,116453376
7357,116453376
7358,116453376
7359,116453376
7360,116453376
7361,116453376
7362,116453376
7363,116453376
7364,116453376
7365,116453376
7366,116453376
7367,116453376
7368,116453376
7369,116453376
7370,116453376
7371,116453376
7372,116453376
7373,116453376
7374,116453376
7375,116453376
7376,116453376
7377,116453376
7378,116453376
7379,116453376
7380,116453376
7381,116453376
7382,116453376
7383,116453376
7384,116453376
7385,116453376
7386,116453376
7387,116453376
7388,116453376
7389,116453376
7390,116453376
7391,116453376
7392,116453376
7393,116453376
7394,116453376
7395,116453376
7396,116453376
7397,116453376
7398,116453376
7399,116453376
7400,116453376
7401,116453376
7402,116453376
7403,116453376
7404,116453376
7405,116453376
7406,116453376
7407,116453376
7408,116453376
7409,116453376
7410,116453376
7411,116453376
7412,116453376
7413,116453376
7414,116453376
7415,116453376
7416,116453376
7417,116453376
7418,116453376
7419,116453376
7420,116453376
7421,116453376
7422,116453376
7423,116453376
7424,116453376
7425,116453376
7426,116453376
7427,116453376
7428,116453376
7429,116453376
7430,116453376
7431,116453376
7432,116453376
7433,116453376
7434,116453376
7435,116453376
7436,116453376
7437,116453376
7438,116453376
7439,116453376
7440,116453376
7441,116453376
7442,116453376
7443,116453376
7444,116453376
7445,116453376
7446,116453376
7447,116453376
7448,116453376
7449,116453376
7450,116453376
7451,116453376
7452,116453376
7453,116453376
7454,116453376
7455,116453376
7456,116453376
7457,116453376
7458,116453376
7459,116453376
7460,116453376
7461,116453376
7462,116453376
7463,116453376
7464,116453376
7465,116453376
7466,116453376
7467,116453376
7468,116453376
7469,116453376
7470,116453376
7471,116453376
7472,116453376
7473,116453376
7474,116453376
7475,116453376
7476,116453376
7477,116453376
7478,116453376
7479,116453376
7480,116453376
7481,116453376
7482,116453376
7483,116453376
7484,116453376
7485,116453376
7486,116453376
7487,116453376
7488,116453376
7489,116453376
7490,116453376
7491,116453376
7492,116453376
7493,116453376
7494,116453376
7495,116453376
7496,116453376
7497,116453376
7498,116453376
7499,116453376
7500,116453376
7501,116453376
7502,116453376
7503,116453376
7504,116453376
7505,116453376
7506,116453376
7507,116453376
7508,116453376
7509,116453376
7510,116453376
7511,116453376
7512,116453376
7513,116453376
7514,116453376
7515,116453376
7516,116453376
7517,116453376
7518,116453376
7519,116453376
7520,116453376
7521,116453376
7522,116453376
7523,116453376
7524,116453376
7525,116453376
7526,116453376
7527,116453376
7528,116453376
7529,116453376
7530,116453376
7531,116453376
7532,116453376
7533,116453376
7534,116453376
7535,116453376
7536,116453376
7537,116453376
7538,116453376
7539,116453376
7540,116453376
7541,116453376
7542,116453376
7543,116453376
7544,116453376
7545,116453376
7546,116453376
7547,116453376
7548,116453376
7549,116453376
7550,116453376
7551,116453376
7552,116453376
7553,116453376
7554,116453376
7555,116453376
7556,116453376
7557,116453376
7558,116453376
7559,116453376
7560,116453376
7561,116453376
7562,116453376
7563,116453376
7564,116453376
7565,116453376
7566,116453376
7567,116453376
7568,116453376
7569,116453376
7570,116453376
7571,116453376
7572,116453376
7573,116453376
7574,116453376
7575,116453376
7576,116453376
7577,116453376
7578,116453376
7579,116453376
7580,116453376
7581,116453376
7582,116453376
7583,116453376
7584,116453376
7585,116453376
7586,116453376
7587,116453376
7588,116453376
7589,116453376
7590,116453376
7591,116453376
7592,116453376
7593,116453376
7594,116453376
7595,116453376
7596,116453376
7597,116453376
7598,116453376
7599,116453376
7600,116453376
7601,116408320
7602,116408320
7603,116408320
7604,116408320
7605,116408320
7606,116408320
7607,116408320
7608,116408320
7609,116408320
7610,116408320
7611,116408320
7612,116408320
7613,116408320
7614,116408320
7615,116408320
7616,116408320
7617,116408320
7618,116408320
7619,116408320
7620,116408320
7621,116408320
7622,116408320
7623,116408320
7624,116408320
7625,116408320
7626,116408320
7627,116400128
7628,116400128
7629,116400128
7630,116400128
7631,116400128
7632,116400128
7633,116400128
7634,116400128
7635,116400128
7636,116400128
7637,116400128
7638,116400128
7639,116400128
7640,116400128
7641,116400128
7642,116400128
7643,116400128
7644,116400128
7645,116400128
7646,116400128
7647,116400128
7648,116400128
7649,116400128
7650,116400128
7651,116400128
7652,116400128
7653,116400128
7654,116400128
7655,116400128
7656,116400128
7657,116400128
7658,116400128
7659,116400128
7660,116400128
7661,116400128
7662,116400128
7663,116400128
7664,116400128
7665,116400128
7666,116400128
7667,116400128
7668,116400128
7669,116400128
7670,116400128
7671,116400128
7672,116400128
7673,116400128
7674,116400128
7675,116400128
7676,116400128
7677,116400128
7678,116400128
7679,116400128
7680,116400128
7681,116400128
7682,116400128
7683,116400128
7684,116400128
7685,116400128
7686,116400128
7687,116400128
7688,116400128
7689,116400128
7690,116400128
7691,116400128
7692,116400128
7693,116400128
7694,116400128
7695,116400128
7696,116400128
7697,116400128
7698,116400128
7699,116400128
7700,116400128
7701,116400128
7702,116400128
7703,116400128
7704,116400128
7705,116400128
7706,116400128
7707,116400128
7708,116400128
7709,116400128
7710,116400128
7711,116400128
7712,116400128
7713,116400128
7714,116400128
7715,116400128
7716,116400128
7717,116400128
7718,116400128
7719,116400128
7720,116400128
7721,116400128
7722,116400128
7723,116400128
7724,116400128
7725,116400128
7726,116400128
7727,116400128
7728,116400128
7729,116400128
7730,116400128
7731,116400128
7732,116400128
7733,116400128
7734,116400128
7735,116400128
7736,116400128
7737,116400128
7738,116400128
7739,116400128
7740,116400128
7741,116400128
7742,116400128
7743,116400128
7744,116400128
7745,116400128
7746,116400128
7747,116400128
7748,116400128
7749,116400128
7750,116400128
7751,116400128
7752,116400128
7753,116400128
7754,116400128
7755,116400128
7756,116400128
7757,116400128
7758,116400128
7759,116400128
7760,116400128
7761,116400128
7762,116400128
7763,116400128
7764,116400128
7765,116400128
7766,116400128
7767,116400128
7768,116400128
7769,116400128
7770,116400128
7771,116400128
7772,116400128
7773,116400128
7774,116400128
7775,116400128
7776,116400128
7777,116400128
7778,116400128
7779,116400128
7780,116400128
7781,116400128
7782,116400128
7783,116400128
7784,116400128
7785,116400128
7786,116400128
7787,116400128
7788,116400128
7789,116400128
7790,116400128
7791,116400128
7792,116400128
7793,116400128
7794,116400128
7795,116400128
7796,116400128
7797,116400128
7798,116400128
7799,116400128
7800,116400128
7801,116428800
7802,116428800
7803,116428800
7804,116428800
7805,116428800
7806,116428800
7807,116428800
7808,116428800
7809,116428800
7810,116428800
7811,116428800
7812,116428800
7813,116428800
7814,116428800
7815,116428800
7816,116428800
7817,116428800
7818,116428800
7819,116428800
7820,116428800
7821,116428800
7822,116428800
7823,116428800
7824,116428800
7825,116428800
7826,116428800
7827,116428800
7828,116428800
7829,116428800
7830,116428800
7831,116428800
7832,116428800
7833,116428800
7834,116428800
7835,116428800
7836,116428800
7837,116428800
7838,116428800
7839,116428800
7840,116428800
7841,116428800
7842,116428800
7843,116428800
7844,116428800
7845,116428800
7846,116428800
7847,116428800
7848,116428800
7849,116428800
7850,116428800
7851,116428800
7852,116428800
7853,116428800
7854,116428800
7855,116428800
7856,116428800
7857,116428800
7858,116428800
7859,116428800
7860,116428800
7861,116428800
7862,116428800
7863,116428800
7864,116428800
7865,116428800
7866,116428800
7867,116428800
7868,116428800
7869,116428800
7870,116428800
7871,116428800
7872,116428800
7873,116428800
7874,116428800
7875,116428800
7876,116428800
7877,116428800
7878,116428800
7879,116428800
7880,116428800
7881,116400128
7882,116400128
7883,116400128
7884,116400128
7885,116400128
7886,116400128
7887,116400128
7888,116400128
7889,116400128
7890,116400128
7891,116400128
7892,116400128
7893,116400128
7894,116400128
7895,116400128
7896,116400128
7897,116400128
7898,116400128
7899,116400128
7900,116400128
7901,116400128
7902,116400128
7903,116400128
7904,116400128
7905,116400128
7906,116400128
7907,116400128
7908,116400128
7909,116400128
7910,116400128
7911,116400128
7912,116400128
7913,116400128
7914,116404224
7915,116404224
7916,116469760
7917,116469760
7918,116469760
7919,116469760
7920,116469760
7921,116469760
7922,116469760
7923,116469760
7924,116469760
7925,116469760
7926,116469760
7927,116469760
7928,116469760
7929,116469760
7930,116469760
7931,116469760
7932,116469760
7933,116469760
7934,116469760
7935,116469760
7936,116469760
7937,116469760
7938,116469760
7939,116469760
7940,116469760
7941,116469760
7942,116469760
7943,116469760
7944,116469760
7945,116469760
7946,116469760
7947,116469760
7948,116469760
7949,116469760
7950,116469760
7951,116469760
7952,116469760
7953,116469760
7954,116469760
7955,116469760
7956,116469760
7957,116469760
7958,116469760
7959,116469760
7960,116469760
7961,116469760
7962,116469760
7963,116469760
7964,116469760
7965,116469760
7966,116469760
7967,116469760
7968,116469760
7969,116469760
7970,116469760
7971,116469760
7972,116469760
7973,116469760
7974,116469760
7975,116469760
7976,116469760
7977,116469760
7978,116469760
7979,116469760
7980,116469760
7981,116469760
7982,116469760
7983,116469760
7984,116469760
7985,116469760
7986,116469760
7987,116469760
7988,116469760
7989,116469760
7990,116469760
7991,116469760
7992,116469760
7993,116469760
7994,116469760
7995,116469760
7996,116428800
7997,116428800
7998,116428800
7999,116428800
8000,116428800
8001,116428800
8002,116428800
8003,116428800
8004,116428800
8005,116428800
8006,116428800
8007,116428800
8008,116428800
8009,116428800
8010,116428800
8011,116428800
8012,116428800
8013,116428800
8014,116428800
8015,116428800
8016,116428800
8017,116428800
8018,116428800
8019,116428800
8020,116428800
8021,116428800
8022,116428800
8023,116428800
8024,116428800
8025,116428800
8026,116428800
8027,116428800
8028,116428800
8029,116428800
8030,116428800
8031,116428800
8032,116428800
8033,116428800
8034,116428800
8035,116428800
8036,116428800
8037,116428800
8038,116428800
8039,116428800
8040,116428800
8041,116428800
8042,116428800
8043,116428800
8044,116428800
8045,116428800
8046,116428800
8047,116428800
8048,116428800
8049,116428800
8050,116428800
8051,116428800
8052,116428800
8053,116428800
8054,116428800
8055,116428800
8056,116428800
8057,116428800
8058,116428800
8059,116428800
8060,116428800
8061,116428800
8062,116428800
8063,116428800
8064,116428800
8065,116428800
8066,116428800
8067,116428800
8068,116428800
8069,116428800
8070,116428800
8071,116428800
8072,116428800
8073,116428800
8074,116428800
8075,116428800
8076,116428800
8077,116428800
8078,116428800
8079,116428800
8080,116428800
8081,116428800
8082,116428800
8083,116428800
8084,116428800
8085,116428800
8086,116428800
8087,116428800
8088,116428800
8089,116428800
8090,116428800
8091,116428800
8092,116428800
8093,116428800
8094,116428800
8095,116428800
8096,116428800
8097,116428800
8098,116428800
8099,116428800
8100,116428800
8101,116428800
8102,116428800
8103,116428800
8104,116428800
8105,116428800
8106,116428800
8107,116428800
8108,116428800
8109,116428800
8110,116428800
8111,116428800
8112,116428800
8113,116428800
8114,116428800
8115,116428800
8116,116428800
8117,116428800
8118,116428800
8119,116428800
8120,116428800
8121,116428800
8122,116428800
8123,116428800
8124,116428800
8125,116428800
8126,116428800
8127,116428800
8128,116428800
8129,116428800
8130,116428800
8131,116428800
8132,116428800
8133,116428800
8134,116428800
8135,116428800
8136,116428800
8137,116428800
8138,116428800
8139,116428800
8140,116428800
8141,116428800
8142,116428800
8143,116428800
8144,116428800
8145,116428800
8146,116428800
8147,116428800
8148,116428800
8149,116428800
8150,116428800
8151,116428800
8152,116428800
8153,116428800
8154,116428800
8155,116428800
8156,116428800
8157,116428800
8158,116428800
8159,116428800
8160,116428800
8161,116428800
8162,116428800
8163,116428800
8164,116428800
8165,116428800
8166,116428800
8167,116428800
8168,116428800
8169,116428800
8170,116428800
8171,116428800
8172,116428800
8173,116428800
8174,116428800
8175,116428800
8176,116428800
8177,116428800
8178,116428800
8179,116428800
8180,116428800
8181,116428800
8182,116428800
8183,116428800
8184,116428800
8185,116428800
8186,116428800
8187,116428800
8188,116428800
8189,116428800
8190,116428800
8191,116428800
8192,116428800
8193,116428800
8194,116428800
8195,116428800
8196,116428800
8197,116428800
8198,116428800
8199,116428800
8200,116428800
8201,116428800
8202,116428800
8203,116428800
8204,116428800
8205,116428800
8206,116428800
8207,116428800
8208,116428800
8209,116428800
8210,116428800
8211,116428800
8212,116428800
8213,116428800
8214,116428800
8215,116428800
8216,116428800
8217,116428800
8218,116428800
8219,116428800
8220,116428800
8221,116428800
8222,116428800
8223,116428800
8224,116428800
8225,116428800
8226,116428800
8227,116428800
8228,116428800
8229,116428800
8230,116428800
8231,116428800
8232,116428800
8233,116428800
8234,116428800
8235,116428800
8236,116428800
8237,116428800
8238,116428800
8239,116428800
8240,116428800
8241,116428800
8242,116428800
8243,116428800
8244,116428800
8245,116428800
8246,116428800
8247,116428800
8248,116428800
8249,116428800
8250,116428800
8251,116428800
8252,116428800
8253,116428800
8254,116428800
8255,116428800
8256,116428800
8257,116428800
8258,116428800
8259,116428800
8260,116428800
8261,116428800
8262,116428800
8263,116428800
8264,116428800
8265,116428800
8266,116428800
8267,116428800
8268,116428800
8269,116428800
8270,116428800
8271,116428800
8272,112070656
8273,112070656
8274,112070656
8275,112070656
8276,112070656
8277,112070656
8278,112070656
8279,112070656
8280,112070656
8281,112070656
8282,112070656
8283,112070656
8284,112070656
8285,112070656
8286,112070656
8287,112070656
8288,112070656
8289,112099328
8290,112099328
8291,112099328
8292,112099328
8293,112099328
8294,112099328
8295,112099328
8296,112099328
8297,112099328
8298,112099328
8299,112099328
8300,112099328
8301,112099328
8302,112099328
8303,112099328
8304,112099328
8305,112099328
8306,112099328
8307,112099328
8308,112099328
8309,112099328
8310,112099328
8311,112099328
8312,112099328
8313,112099328
8314,112099328
8315,112099328
8316,112099328
8317,112099328
8318,112099328
8319,112099328
8320,112099328
8321,112099328
8322,112099328
8323,112099328
8324,112099328
8325,112099328
8326,112099328
8327,112099328
8328,112099328
8329,112099328
8330,112099328
8331,112099328
8332,110559232
8333,110563328
8334,110563328
8335,110563328
8336,110563328
8337,110563328
8338,110563328
8339,110563328
8340,110563328
8341,110563328
8342,110563328
8343,110563328
8344,110563328
8345,110563328
8346,110563328
8347,110563328
8348,110563328
8349,110563328
8350,110563328
8351,110563328
8352,110563328
8353,110563328
8354,110563328
8355,110563328
8356,110563328
8357,110563328
8358,110563328
8359,110563328
8360,110563328
8361,110563328
8362,110563328
8363,110563328
8364,110563328
8365,110563328
8366,110563328
8367,110563328
8368,110563328
8369,110563328
8370,110563328
8371,110563328
8372,110563328
8373,110563328
8374,110563328
8375,110563328
8376,110563328
8377,110563328
8378,110563328
8379,110563328
8380,110563328
8381,110563328
8382,110563328
8383,110563328
8384,110563328
8385,110563328
8386,110563328
8387,110563328
8388,110563328
8389,110563328
8390,110563328
8391,110669824
8392,110669824
8393,110669824
8394,110669824
8395,110669824
8396,110669824
8397,110673920
8398,110673920
8399,110673920
8400,110673920
8401,111374336
8402,111374336
8403,110809088
8404,110809088
8405,110809088
8406,110809088
8407,110809088
8408,110809088
8409,110809088
8410,110809088
8411,110809088
8412,110809088
8413,110809088
8414,110809088
8415,110809088
8416,110809088
8417,110809088
8418,110809088
8419,110809088
8420,110809088
8421,110809088
8422,110809088
8423,110809088
8424,110809088
8425,110809088
8426,110809088
8427,110809088
8428,110809088
8429,110809088
8430,110809088
8431,110809088
8432,110809088
8433,110809088
8434,110809088
8435,110809088
8436,110809088
8437,110809088
8438,110809088
8439,110809088
8440,110809088
8441,110809088
8442,110809088
8443,110809088
8444,110809088
8445,110809088
8446,110809088
8447,110809088
8448,110813184
8449,110813184
8450,110813184
8451,110813184
8452,110813184
8453,110821376
8454,110821376
8455,110821376
8456,110821376
8457,110821376
8458,110821376
8459,110821376
8460,110821376
8461,110821376
8462,110821376
8463,110821376
8464,110821376
8465,110821376
8466,110821376
8467,110821376
8468,110821376
8469,110821376
8470,110821376
8471,110821376
8472,110821376
8473,110821376
8474,110821376
8475,110821376
8476,110821376
8477,110821376
8478,110821376
8479,110821376
8480,110821376
8481,110821376
8482,110821376
8483,110821376
8484,110821376
8485,110821376
8486,110821376
8487,110821376
8488,110821376
8489,110821376
8490,110821376
8491,110821376
8492,110821376
8493,110821376
8494,110821376
8495,110821376
8496,110821376
8497,110821376
8498,110821376
8499,110821376
8500,110821376
8501,110821376
8502,110821376
8503,110821376
8504,110821376
8505,110821376
8506,111071232
8507,111071232
8508,111071232
8509,111071232
8510,111071232
8511,111071232
8512,111071232
8513,111071232
8514,111071232
8515,111071232
8516,111071232
8517,111071232
8518,111071232
8519,111071232
8520,111071232
8521,111071232
8522,111071232
8523,111071232
8524,111071232
8525,111071232
8526,111071232
8527,111075328
8528,111075328
8529,111046656
8530,111046656
8531,111046656
8532,111046656
8533,111046656
8534,111046656
8535,111046656
8536,111046656
8537,111046656
8538,111046656
8539,111046656
8540,111046656
8541,111046656
8542,111046656
8543,111046656
8544,111046656
8545,111046656
8546,111046656
8547,111046656
8548,111046656
8549,111046656
8550,111046656
8551,111046656
8552,111046656
8553,111046656
8554,111046656
8555,111046656
8556,111046656
8557,111046656
8558,111046656
8559,111046656
8560,111046656
8561,111046656
8562,111046656
8563,111046656
8564,111046656
8565,111046656
8566,111046656
8567,111046656
8568,111046656
8569,111046656
8570,111046656
8571,111046656
8572,111046656
8573,111046656
8574,111046656
8575,111046656
8576,111071232
8577,111071232
8578,111071232
8579,111071232
8580,111071232
8581,111071232
8582,111071232
8583,111071232
8584,111071232
8585,111071232
8586,111071232
8587,111071232
8588,111071232
8589,111071232
8590,111071232
8591,111071232
8592,111071232
8593,111071232
8594,111132672
8595,111149056
8596,111149056
8597,111149056
8598,111149056
8599,111149056
8600,111149056
8601,111149056
8602,111149056
8603,111149056
8604,111149056
8605,111153152
8606,111169536
8607,111169536
8608,111169536
8609,111169536
8610,111169536
8611,111169536
8612,111169536
8613,111169536
8614,111169536
8615,111169536
8616,111169536
8617,111169536
8618,111169536
8619,111169536
8620,111169536
8621,111169536
8622,111169536
8623,111169536
8624,111169536
8625,111169536
8626,111169536
8627,111169536
8628,111169536
8629,111169536
8630,111169536
8631,111169536
8632,111169536
8633,111169536
8634,111169536
8635,111169536
8636,111169536
8637,111169536
8638,111169536
8639,111169536
8640,111169536
8641,111169536
8642,111169536
8643,111169536
8644,111169536
8645,111169536
8646,111169536
8647,111169536
8648,111169536
8649,111169536
8650,111169536
8651,111169536
8652,111169536
8653,111169536
8654,111169536
8655,111169536
8656,111169536
8657,111169536
8658,111169536
8659,111169536
8660,111169536
8661,111169536
8662,111169536
8663,111169536
8664,111169536
8665,111169536
8666,111169536
8667,111169536
8668,111169536
8669,111169536
8670,111169536
8671,111169536
8672,111169536
8673,111169536
8674,111169536
8675,111169536
8676,111169536
8677,111431680
8678,111431680
8679,111431680
8680,111431680
8681,111431680
8682,111431680
8683,111431680
8684,111431680
8685,111403008
8686,111403008
8687,111403008
8688,111403008
8689,111403008
8690,111403008
8691,111403008
8692,111403008
8693,111403008
8694,111403008
8695,111423488
8696,111423488
8697,111423488
8698,111423488
8699,111423488
8700,111423488
8701,111423488
8702,111423488
8703,111423488
8704,111423488
8705,111423488
8706,111423488
8707,111423488
8708,111423488
8709,111423488
8710,111423488
8711,111423488
8712,111423488
8713,111423488
8714,111423488
8715,111423488
8716,111423488
8717,111423488
8718,111423488
8719,111423488
8720,111423488
8721,111423488
8722,111423488
8723,111423488
8724,111423488
8725,111423488
8726,111423488
8727,111423488
8728,111423488
8729,111423488
8730,111423488
8731,111423488
8732,111423488
8733,111423488
8734,111423488
8735,111423488
8736,111423488
8737,111427584
8738,111427584
8739,111427584
8740,111427584
8741,111427584
8742,111427584
8743,111427584
8744,111427584
8745,111427584
8746,111427584
8747,111427584
8748,111427584
8749,111427584
8750,111427584
8751,111427584
8752,111427584
8753,111427584
8754,111427584
8755,111427584
8756,111427584
8757,111427584
8758,111427584
8759,111427584
8760,111427584
8761,111427584
8762,111427584
8763,111427584
8764,111427584
8765,111427584
8766,111427584
8767,111427584
8768,111427584
8769,111427584
8770,111427584
8771,111427584
8772,111427584
8773,111427584
8774,111427584
8775,111427584
8776,111427584
8777,111427584
8778,111427584
8779,111427584
8780,111427584
8781,111427584
8782,111427584
8783,111427584
8784,111427584
8785,111427584
8786,111427584
8787,111427584
8788,111427584
8789,111427584
8790,111427584
8791,111427584
8792,111427584
8793,111427584
8794,111427584
8795,111427584
8796,111427584
8797,111427584
8798,111427584
8799,111427584
8800,111427584
8801,111427584
8802,111427584
8803,111427584
8804,111427584
8805,111427584
8806,111427584
8807,111427584
8808,111427584
8809,111427584
8810,111427584
8811,111427584
8812,111427584
8813,111427584
8814,111427584
8815,111427584
8816,111427584
8817,111427584
8818,111427584
8819,111427584
8820,111427584
8821,111427584
8822,111427584
8823,111427584
8824,111427584
8825,111427584
8826,111427584
8827,111427584
8828,111407104
8829,111407104
8830,111407104
8831,111407104
8832,111407104
8833,111407104
8834,111407104
8835,111407104
8836,111407104
8837,111407104
8838,111407104
8839,111407104
8840,111407104
8841,111407104
8842,111407104
8843,111407104
8844,111407104
8845,111407104
8846,111407104
8847,111407104
8848,111222784
8849,111288320
8850,111292416
8851,111292416
8852,111296512
8853,111296512
8854,111296512
8855,111304704
8856,111566848
8857,111566848
8858,111566848
8859,111566848
8860,111566848
8861,111566848
8862,111566848
8863,111566848
8864,111566848
8865,111566848
8866,111566848
8867,111566848
8868,111566848
8869,111566848
8870,111566848
8871,111566848
8872,111566848
8873,111566848
8874,111566848
8875,111566848
8876,111566848
8877,111566848
8878,111566848
8879,111566848
8880,111566848
8881,111566848
8882,111566848
8883,111566848
8884,111566848
8885,111566848
8886,111566848
8887,111566848
8888,111566848
8889,111570944
8890,111570944
8891,111570944
8892,111570944
8893,111570944
8894,111570944
8895,111570944
8896,111570944
8897,111570944
8898,111570944
8899,111570944
8900,111570944
8901,111570944
8902,111570944
8903,111570944
8904,111570944
8905,111570944
8906,111570944
8907,111570944
8908,111570944
8909,111570944
8910,111570944
8911,111570944
8912,111570944
8913,111570944
8914,111570944
8915,111570944
8916,111570944
8917,111570944
8918,111570944
8919,111570944
8920,111570944
8921,111570944
8922,111570944
8923,111570944
8924,111570944
8925,111570944
8926,111570944
8927,111570944
8928,111570944
8929,111570944
8930,111570944
8931,111570944
8932,111570944
8933,111570944
8934,111570944
8935,111570944
8936,111570944
8937,111570944
8938,111570944
8939,111570944
8940,111570944
8941,111570944
8942,111570944
8943,111570944
8944,111570944
8945,111570944
8946,111570944
8947,111570944
8948,111570944
8949,111570944
8950,111570944
8951,111570944
8952,111570944
8953,111570944
8954,111570944
8955,111570944
8956,111570944
8957,111570944
8958,111570944
8959,111570944
8960,111570944
8961,111570944
8962,111570944
8963,111570944
8964,111570944
8965,111570944
8966,111570944
8967,111570944
8968,111570944
8969,111570944
8970,111570944
8971,111570944
8972,111570944
8973,111570944
8974,111570944
8975,111570944
8976,111570944
8977,111570944
8978,111570944
8979,111570944
8980,111570944
8981,111570944
8982,111570944
8983,111570944
8984,111570944
8985,111570944
8986,111570944
8987,111570944
8988,111570944
8989,111570944
8990,111570944
8991,111570944
8992,111570944
8993,111570944
8994,111570944
8995,111570944
8996,111570944
8997,111570944
8998,111570944
8999,111570944
9000,111570944
9001,112611328
9002,112611328
9003,112611328
9004,112611328
9005,112611328
9006,112611328
9007,112611328
9008,112611328
9009,112611328
9010,112611328
9011,112611328
9012,112611328
9013,112611328
9014,112611328
9015,112611328
9016,112611328
9017,112611328
9018,112611328
9019,112611328
9020,112873472
9021,112873472
9022,112873472
9023,112873472
9024,112873472
9025,112873472
9026,112873472
9027,112873472
9028,112873472
9029,112873472
9030,112873472
9031,112873472
9032,112873472
9033,112873472
9034,112873472
9035,112873472
9036,112873472
9037,112873472
9038,112873472
9039,112873472
9040,112873472
9041,112873472
9042,112873472
9043,112873472
9044,112873472
9045,112873472
9046,112873472
9047,112873472
9048,112873472
9049,112873472
9050,112873472
9051,112873472
9052,112873472
9053,112873472
9054,112873472
9055,112873472
9056,112873472
9057,112873472
9058,112873472
9059,112873472
9060,112873472
9061,112873472
9062,112873472
9063,112873472
9064,112873472
9065,112873472
9066,112873472
9067,112873472
9068,112873472
9069,112873472
9070,112873472
9071,112873472
9072,112873472
9073,112873472
9074,112873472
9075,112873472
9076,112873472
9077,112873472
9078,112873472
9079,112873472
9080,112873472
9081,112824320
9082,112824320
9083,112824320
9084,112824320
9085,112824320
9086,112824320
9087,112824320
9088,112824320
9089,112824320
9090,112824320
9091,112824320
9092,112824320
9093,112824320
9094,112824320
9095,112824320
9096,112824320
9097,112824320
9098,112824320
9099,112824320
9100,112824320
9101,112824320
9102,112824320
9103,112824320
9104,112824320
9105,112824320
9106,112824320
9107,112824320
9108,112824320
9109,112824320
9110,112824320
9111,112824320
9112,112824320
9113,112824320
9114,112824320
9115,112824320
9116,112824320
9117,112824320
9118,112824320
9119,112824320
9120,112824320
9121,112824320
9122,112824320
9123,112824320
9124,112824320
9125,112824320
9126,112824320
9127,112824320
9128,112824320
9129,112824320
9130,112824320
9131,112824320
9132,112824320
9133,112824320
9134,112824320
9135,112824320
9136,112824320
9137,112824320
9138,112824320
9139,112824320
9140,112824320
9141,112824320
9142,112824320
9143,112824320
9144,112824320
9145,112824320
9146,112824320
9147,112824320
9148,112824320
9149,112824320
9150,112824320
9151,112824320
9152,112824320
9153,112824320
9154,112824320
9155,112824320
9156,112824320
9157,112824320
9158,112824320
9159,112824320
9160,112824320
9161,112824320
9162,112824320
9163,112824320
9164,112824320
9165,112824320
9166,112824320
9167,112824320
9168,112824320
9169,112824320
9170,112824320
9171,112824320
9172,112824320
9173,112824320
9174,112824320
9175,112824320
9176,112824320
9177,112824320
9178,112824320
9179,112824320
9180,112824320
9181,112824320
9182,112824320
9183,112824320
9184,112824320
9185,113086464
9186,113086464
9187,113086464
9188,113086464
9189,113086464
9190,113086464
9191,113086464
9192,113086464
9193,113086464
9194,113086464
9195,113086464
9196,113086464
9197,113086464
9198,113086464
9199,113086464
9200,113086464
9201,113086464
9202,113086464
9203,113086464
9204,113086464
9205,113086464
9206,113086464
9207,113086464
9208,113086464
9209,113086464
9210,113086464
9211,113086464
9212,113086464
9213,113086464
9214,113086464
9215,113086464
9216,113086464
9217,113086464
9218,113086464
9219,113086464
9220,113086464
9221,113086464
9222,113086464
9223,113086464
9224,113086464
9225,113086464
9226,113086464
9227,113086464
9228,113086464
9229,113086464
9230,113086464
9231,113086464
9232,113086464
9233,113086464
9234,113086464
9235,113086464
9236,113086464
9237,113086464
9238,113086464
9239,113086464
9240,113086464
9241,113086464
9242,113086464
9243,113086464
9244,113086464
9245,113086464
9246,113086464
9247,113086464
9248,113086464
9249,113086464
9250,113086464
9251,113086464
9252,113086464
9253,113086464
9254,113086464
9255,113086464
9256,113086464
9257,113086464
9258,113086464
9259,113086464
9260,113086464
9261,113086464
9262,113086464
9263,113086464
9264,113086464
9265,113086464
9266,113086464
9267,113086464
9268,113086464
9269,113086464
9270,113086464
9271,113086464
9272,113086464
9273,113086464
9274,113086464
9275,113086464
9276,113086464
9277,113086464
9278,113086464
9279,113086464
9280,113086464
9281,113086464
9282,113086464
9283,113086464
9284,113086464
9285,113086464
9286,113086464
9287,113086464
9288,113086464
9289,113086464
9290,113086464
9291,113086464
9292,113086464
9293,113086464
9294,113086464
9295,113086464
9296,113086464
9297,113086464
9298,113086464
9299,113086464
9300,113086464
9301,113086464
9302,113086464
9303,113086464
9304,113086464
9305,113086464
9306,113086464
9307,113086464
9308,113086464
9309,113086464
9310,113086464
9311,113086464
9312,113086464
9313,113086464
9314,113086464
9315,113086464
9316,113086464
9317,113086464
9318,113086464
9319,113086464
9320,113086464
9321,113086464
9322,113086464
9323,113086464
9324,113086464
9325,113086464
9326,113086464
9327,113086464
9328,113086464
9329,113086464
9330,113086464
9331,113086464
9332,113086464
9333,113086464
9334,113086464
9335,113086464
9336,113086464
9337,113086464
9338,113086464
9339,113086464
9340,113086464
9341,113086464
9342,113086464
9343,113086464
9344,113086464
9345,113086464
9346,113086464
9347,113086464
9348,113086464
9349,113086464
9350,113348608
9351,113348608
9352,113348608
9353,113348608
9354,113348608
9355,113348608
9356,113348608
9357,113348608
9358,113348608
9359,113348608
9360,113348608
9361,113348608
9362,113348608
9363,113348608
9364,113348608
9365,113348608
9366,113348608
9367,113348608
9368,113348608
9369,113348608
9370,113348608
9371,113348608
9372,113348608
9373,113348608
9374,113348608
9375,113348608
9376,113348608
9377,113348608
9378,113348608
9379,113348608
9380,113348608
9381,113348608
9382,113348608
9383,113348608
9384,113348608
9385,113348608
9386,113348608
9387,113348608
9388,113348608
9389,113348608
9390,113348608
9391,113348608
9392,113348608
9393,113348608
9394,113348608
9395,113348608
9396,113348608
9397,113348608
9398,113348608
9399,113348608
9400,113348608
9401,113348608
9402,113348608
9403,113348608
9404,113348608
9405,113348608
9406,113348608
9407,113348608
9408,113348608
9409,113348608
9410,113348608
9411,113348608
9412,113348608
9413,113348608
9414,113348608
9415,113348608
9416,113348608
9417,113348608
9418,113348608
9419,113348608
9420,113348608
9421,113348608
9422,113348608
9423,113348608
9424,113348608
9425,113348608
9426,113348608
9427,113348608
9428,113348608
9429,113348608
9430,113348608
9431,113348608
9432,113348608
9433,113348608
9434,113348608
9435,113348608
9436,113348608
9437,113348608
9438,113348608
9439,113348608
9440,113348608
9441,113348608
9442,113348608
9443,113348608
9444,113348608
9445,113348608
9446,113348608
9447,113348608
9448,113348608
9449,113348608
9450,113348608
9451,113348608
9452,113348608
9453,113348608
9454,113348608
9455,113348608
9456,113348608
9457,113348608
9458,113348608
9459,113348608
9460,113348608
9461,113348608
9462,113348608
9463,113348608
9464,113348608
9465,113348608
9466,113348608
9467,113348608
9468,113348608
9469,113348608
9470,113348608
9471,113348608
9472,113348608
9473,113348608
9474,113348608
9475,113348608
9476,113348608
9477,113348608
9478,113348608
9479,113348608
9480,113348608
9481,113348608
9482,113348608
9483,113348608
9484,113348608
9485,113348608
9486,113348608
9487,113348608
9488,113348608
9489,113348608
9490,113348608
9491,113348608
9492,113348608
9493,113348608
9494,113348608
9495,113348608
9496,113348608
9497,113348608
9498,113348608
9499,113348608
9500,113348608
9501,113348608
9502,113348608
9503,113348608
9504,113348608
9505,113348608
9506,113348608
9507,113348608
9508,113348608
9509,113348608
9510,113348608
9511,113348608
9512,113348608
9513,113348608
9514,113348608
9515,113610752
9516,113610752
9517,113610752
9518,113610752
9519,113610752
9520,113610752
9521,113610752
9522,113610752
9523,113610752
9524,113610752
9525,113610752
9526,113610752
9527,113610752
9528,113610752
9529,113610752
9530,113610752
9531,113610752
9532,113610752
9533,113610752
9534,113610752
9535,113610752
9536,113610752
9537,113610752
9538,113610752
9539,113610752
9540,113610752
9541,113610752
9542,113610752
9543,113610752
9544,113610752
9545,113610752
9546,113610752
9547,113610752
9548,113610752
9549,113610752
9550,113610752
9551,113610752
9552,113610752
9553,113610752
9554,113610752
9555,113610752
9556,113610752
9557,113610752
9558,113610752
9559,113610752
9560,113610752
9561,113610752
9562,113610752
9563,113610752
9564,113610752
9565,113610752
9566,113610752
9567,113610752
9568,113610752
9569,113610752
9570,113610752
9571,113610752
9572,113610752
9573,113610752
9574,113610752
9575,113610752
9576,113610752
9577,113610752
9578,113610752
9579,113610752
9580,113610752
9581,113610752
9582,113610752
9583,113610752
9584,113610752
9585,113610752
9586,113610752
9587,113610752
9588,113610752
9589,113610752
9590,113610752
9591,113610752
9592,113610752
9593,113610752
9594,113610752
9595,113610752
9596,113610752
9597,113610752
9598,113610752
9599,113610752
9600,113610752
9601,116113408
9602,116113408
9603,116113408
9604,116113408
9605,116113408
9606,116113408
9607,116113408
9608,116113408
9609,116113408
9610,116113408
9611,116113408
9612,116113408
9613,116113408
9614,116113408
9615,116113408
9616,116113408
9617,116113408
9618,116113408
9619,116113408
9620,116113408
9621,116113408
9622,116113408
9623,116113408
9624,116113408
9625,116113408
9626,116113408
9627,116113408
9628,116113408
9629,116113408
9630,116113408
9631,116113408
9632,116113408
9633,116113408
9634,116113408
9635,116113408
9636,116113408
9637,116113408
9638,116113408
9639,116113408
9640,116113408
9641,116113408
9642,116113408
9643,116113408
9644,116113408
9645,116113408
9646,116113408
9647,116113408
9648,116113408
9649,116113408
9650,116113408
9651,116113408
9652,116113408
9653,116113408
9654,116113408
9655,116113408
9656,116113408
9657,116113408
9658,116113408
9659,116113408
9660,116113408
9661,116113408
9662,116113408
9663,116117504
9664,116117504
9665,116117504
9666,116117504
9667,116117504
9668,116117504
9669,116117504
9670,116117504
9671,116117504
9672,116117504
9673,116117504
9674,116117504
9675,116117504
9676,116117504
9677,116117504
9678,116117504
9679,116117504
9680,116117504
9681,116080640
9682,116080640
9683,116080640
9684,116080640
9685,116080640
9686,116080640
9687,116084736
9688,116084736
9689,116084736
9690,116084736
9691,116084736
9692,116084736
9693,116084736
9694,116084736
9695,116084736
9696,116084736
9697,116084736
9698,116084736
9699,116084736
9700,116084736
9701,116084736
9702,116084736
9703,116084736
9704,116084736
9705,116084736
9706,116084736
9707,116084736
9708,116084736
9709,116084736
9710,116084736
9711,116084736
9712,116363264
9713,116363264
9714,116363264
9715,116363264
9716,116363264
9717,116363264
9718,116363264
9719,116363264
9720,116363264
9721,116367360
9722,116367360
9723,116367360
9724,116367360
9725,116367360
9726,116367360
9727,116367360
9728,116367360
9729,116367360
9730,116367360
9731,116367360
9732,116367360
9733,116367360
9734,116367360
9735,116367360
9736,116367360
9737,116367360
9738,116367360
9739,116367360
9740,116367360
9741,116367360
9742,116367360
9743,116367360
9744,116367360
9745,116367360
9746,116367360
9747,116367360
9748,116367360
9749,116367360
9750,116367360
9751,116367360
9752,116367360
9753,116367360
9754,116367360
9755,116367360
9756,116367360
9757,116367360
9758,116367360
9759,116367360
9760,116367360
9761,116367360
9762,116367360
9763,116367360
9764,116367360
9765,116367360
9766,116367360
9767,116367360
9768,116367360
9769,116367360
9770,116367360
9771,116367360
9772,116367360
9773,116367360
9774,116367360
9775,116367360
9776,116367360
9777,116367360
9778,116367360
9779,116367360
9780,116367360
9781,116367360
9782,116367360
9783,116367360
9784,116367360
9785,116367360
9786,116367360
9787,116367360
9788,116367360
9789,116367360
9790,116367360
9791,116367360
9792,116367360
9793,116367360
9794,116367360
9795,116367360
9796,116367360
9797,116367360
9798,116367360
9799,116367360
9800,116367360
9801,116367360
9802,116367360
9803,116367360
9804,116367360
9805,116367360
9806,116367360
9807,116367360
9808,116367360
9809,116367360
9810,116367360
9811,116367360
9812,116367360
9813,116367360
9814,116367360
9815,116367360
9816,116367360
9817,116367360
9818,116367360
9819,116367360
9820,116367360
9821,116367360
9822,116367360
9823,116367360
9824,116367360
9825,116367360
9826,116367360
9827,116367360
9828,116367360
9829,116367360
9830,116367360
9831,116367360
9832,116367360
9833,116367360
9834,116367360
9835,116367360
9836,116367360
9837,116367360
9838,116367360
9839,116367360
9840,116367360
9841,116367360
9842,116367360
9843,116367360
9844,116367360
9845,116367360
9846,116367360
9847,116367360
9848,116367360
9849,116367360
9850,116367360
9851,116367360
9852,116367360
9853,116367360
9854,116367360
9855,116367360
9856,116367360
9857,116367360
9858,116367360
9859,116367360
9860,116367360
9861,116367360
9862,116367360
9863,116367360
9864,116367360
9865,116367360
9866,116367360
9867,116367360
9868,116367360
9869,116367360
9870,116367360
9871,116367360
9872,116367360
9873,116367360
9874,116367360
9875,116367360
9876,116367360
9877,116625408
9878,116625408
9879,116625408
9880,116625408
9881,116625408
9882,116625408
9883,116625408
9884,116625408
9885,116625408
9886,116625408
9887,116625408
9888,116625408
9889,116625408
9890,116625408
9891,116625408
9892,116625408
9893,116625408
9894,116625408
9895,116625408
9896,116625408
9897,116625408
9898,116625408
9899,116625408
9900,116625408
9901,116625408
9902,116625408
9903,116625408
9904,116625408
9905,116625408
9906,116625408
9907,116625408
9908,116625408
9909,116625408
9910,116625408
9911,116625408
9912,116625408
9913,116625408
9914,116625408
9915,116625408
9916,116625408
9917,116625408
9918,116625408
9919,116625408
9920,116625408
9921,116625408
9922,116625408
9923,116625408
9924,116625408
9925,116625408
9926,116625408
9927,116625408
9928,116625408
9929,116625408
9930,116625408
9931,116625408
9932,116625408
9933,116625408
9934,116625408
9935,116625408
9936,116625408
9937,116625408
9938,116625408
9939,116625408
9940,116625408
9941,116625408
9942,116625408
9943,116625408
9944,116625408
9945,116625408
9946,116625408
9947,116625408
9948,116625408
9949,116625408
9950,116625408
9951,116625408
9952,116625408
9953,116625408
9954,116625408
9955,116625408
9956,116625408
9957,116625408
9958,116625408
9959,116625408
9960,116625408
9961,116625408
9962,116625408
9963,116625408
9964,116625408
9965,116625408
9966,116625408
9967,116625408
9968,116625408
9969,116625408
9970,116625408
9971,116625408
9972,116625408
9973,116625408
9974,116625408
9975,116625408
9976,116625408
9977,116625408
9978,116625408
9979,116625408
9980,116625408
9981,116625408
9982,116625408
9983,116625408
9984,116625408
9985,116625408
9986,116625408
9987,116625408
9988,116625408
9989,116625408
9990,116625408
9991,116625408
9992,116625408
9993,116625408
9994,116625408
9995,116625408
9996,116625408
9997,116625408
9998,116625408
9999,116625408
10000,116625408
10001,116625408
10002,116625408
10003,116625408
10004,116625408
10005,116625408
10006,116625408
10007,116625408
10008,116625408
10009,116625408
10010,116625408
10011,116625408
10012,116625408
10013,116625408
10014,116625408
10015,116625408
10016,116625408
10017,116625408
10018,116625408
10019,116625408
10020,116625408
10021,116625408
10022,116625408
10023,116625408
10024,116625408
10025,116625408
10026,116625408
10027,116625408
10028,116625408
10029,116625408
10030,116625408
10031,116625408
10032,116625408
10033,116625408
10034,116625408
10035,116625408
10036,116625408
10037,116625408
10038,116625408
10039,116625408
10040,116625408
10041,116625408
10042,116879360
10043,116879360
10044,116879360
10045,116879360
10046,116879360
10047,116879360
10048,116879360
10049,116879360
10050,116879360
10051,116879360
10052,116879360
10053,116879360
10054,116879360
10055,116879360
10056,116879360
10057,116879360
10058,116879360
10059,116879360
10060,116879360
10061,116879360
10062,116879360
10063,116879360
10064,116879360
10065,116879360
10066,116879360
10067,116879360
10068,116879360
10069,116879360
10070,116879360
10071,116879360
10072,116879360
10073,116879360
10074,116879360
10075,116879360
10076,116879360
10077,116879360
10078,116879360
10079,116879360
10080,116879360
10081,116879360
10082,116879360
10083,116879360
10084,116879360
10085,116879360
10086,116879360
10087,116879360
10088,116879360
10089,116879360
10090,116879360
10091,116879360
10092,116879360
10093,116879360
10094,116879360
10095,116879360
10096,116879360
10097,116879360
10098,116879360
10099,116879360
10100,116879360
10101,116879360
10102,116879360
10103,116879360
10104,116879360
10105,116879360
10106,116879360
10107,116879360
10108,116879360
10109,116879360
10110,116879360
10111,116879360
10112,116879360
10113,116879360
10114,116879360
10115,116879360
10116,116879360
10117,116879360
10118,116879360
10119,116879360
10120,116879360
10121,116879360
10122,116879360
10123,116879360
10124,116879360
10125,116879360
10126,116879360
10127,116879360
10128,116879360
10129,116879360
10130,116879360
10131,116879360
10132,116879360
10133,116879360
10134,116879360
10135,116879360
10136,116879360
10137,116879360
10138,116879360
10139,116879360
10140,116879360
10141,116879360
10142,116879360
10143,116879360
10144,116879360
10145,116879360
10146,116879360
10147,116879360
10148,116879360
10149,116879360
10150,116879360
10151,116879360
10152,116879360
10153,116879360
10154,116879360
10155,116879360
10156,116879360
10157,116879360
10158,116879360
10159,116879360
10160,116879360
10161,116879360
10162,116879360
10163,116879360
10164,116879360
10165,116879360
10166,116879360
10167,116879360
10168,116879360
10169,116879360
10170,116879360
10171,116879360
10172,116879360
10173,116879360
10174,116879360
10175,116879360
10176,116879360
10177,116879360
10178,116879360
10179,116879360
10180,116879360
10181,116879360
10182,116879360
10183,116879360
10184,116879360
10185,116879360
10186,116879360
10187,116879360
10188,116879360
10189,116879360
10190,116879360
10191,116879360
10192,116879360
10193,116879360
10194,116879360
10195,116879360
10196,116879360
10197,116879360
10198,116879360
10199,116879360
10200,116879360
10201,117522432
10202,117522432
10203,117522432
10204,117522432
10205,117522432
10206,117780480
10207,117780480
10208,117780480
10209,117780480
10210,117780480
10211,117780480
10212,117780480
10213,117780480
10214,117780480
10215,117780480
10216,117780480
10217,117780480
10218,117780480
10219,117780480
10220,117780480
10221,117780480
10222,117780480
10223,117780480
10224,117780480
10225,117780480
10226,117780480
10227,117780480
10228,117780480
10229,117780480
10230,117780480
10231,117780480
10232,117780480
10233,117780480
10234,117780480
10235,117780480
10236,117780480
10237,117780480
10238,117780480
10239,117780480
10240,117780480
10241,117780480
10242,117780480
10243,117780480
10244,117780480
10245,117780480
10246,117780480
10247,117780480
10248,117780480
10249,117780480
10250,117780480
10251,117780480
10252,117780480
10253,117780480
10254,117780480
10255,117780480
10256,117780480
10257,117780480
10258,117780480
10259,117780480
10260,117780480
10261,117780480
10262,117780480
10263,117780480
10264,117780480
10265,117780480
10266,117780480
10267,117780480
10268,117780480
10269,117780480
10270,117780480
10271,117780480
10272,117780480
10273,117780480
10274,117780480
10275,117780480
10276,117780480
10277,117780480
10278,117780480
10279,117780480
10280,117780480
10281,117780480
10282,117780480
10283,117780480
10284,117780480
10285,117780480
10286,117780480
10287,117780480
10288,117780480
10289,117780480
10290,117780480
10291,117780480
10292,117780480
10293,117780480
10294,117780480
10295,117780480
10296,117780480
10297,117780480
10298,117780480
10299,117780480
10300,117780480
10301,117780480
10302,117780480
10303,117780480
10304,117780480
10305,117780480
10306,117780480
10307,117780480
10308,117780480
10309,117780480
10310,117780480
10311,117780480
10312,117780480
10313,117780480
10314,117780480
10315,117780480
10316,117780480
10317,117780480
10318,117780480
10319,117780480
10320,117780480
10321,117780480
10322,117780480
10323,117780480
10324,117780480
10325,117780480
10326,117780480
10327,117780480
10328,117780480
10329,117780480
10330,117780480
10331,117780480
10332,117780480
10333,117780480
10334,114905088
10335,114905088
10336,114905088
10337,114905088
10338,114905088
10339,114905088
10340,114905088
10341,114905088
10342,114905088
10343,114905088
10344,114905088
10345,114905088
10346,114905088
10347,114905088
10348,114905088
10349,114905088
10350,114905088
10351,114905088
10352,114905088
10353,114905088
10354,114905088
10355,114905088
10356,114905088
10357,114905088
10358,114905088
10359,114905088
10360,114905088
10361,114905088
10362,114905088
10363,114905088
10364,114905088
10365,114905088
10366,114905088
10367,114905088
10368,114905088
10369,114905088
10370,114905088
10371,114905088
10372,114905088
10373,114905088
10374,114905088
10375,114905088
10376,114905088
10377,114905088
10378,114905088
10379,114905088
10380,114905088
10381,114905088
10382,114905088
10383,114905088
10384,114905088
10385,114905088
10386,114905088
10387,114905088
10388,114905088
10389,114905088
10390,114905088
10391,114905088
10392,114905088
10393,114905088
10394,114905088
10395,114905088
10396,114905088
10397,114905088
10398,114905088
10399,114905088
10400,114905088
10401,114905088
10402,114905088
10403,114905088
10404,114905088
10405,114905088
10406,114905088
10407,114905088
10408,114905088
10409,114905088
10410,114905088
10411,114905088
10412,114905088
10413,114905088
10414,114905088
10415,114905088
10416,114905088
10417,114905088
10418,114905088
10419,114905088
10420,114905088
10421,114905088
10422,114905088
10423,114905088
10424,114905088
10425,114905088
10426,114905088
10427,114905088
10428,114905088
10429,114905088
10430,114905088
10431,114905088
10432,114905088
10433,114905088
10434,114905088
10435,114905088
10436,114905088
10437,114905088
10438,114905088
10439,114905088
10440,114905088
10441,114905088
10442,114905088
10443,114905088
10444,114905088
10445,114905088
10446,114905088
10447,114905088
10448,114905088
10449,114905088
10450,114905088
10451,114905088
10452,114905088
10453,114905088
10454,114905088
10455,114905088
10456,114905088
10457,114905088
10458,114905088
10459,114905088
10460,114905088
10461,114905088
10462,114905088
10463,114905088
10464,114905088
10465,114905088
10466,114905088
10467,114905088
10468,114905088
10469,114905088
10470,114905088
10471,114905088
10472,114905088
10473,114905088
10474,114905088
10475,114905088
10476,114905088
10477,114905088
10478,114905088
10479,114905088
10480,114905088
10481,114905088
10482,114905088
10483,114905088
10484,114905088
10485,114905088
10486,114905088
10487,114905088
10488,114905088
10489,114905088
10490,114905088
10491,114905088
10492,114905088
10493,114905088
10494,114905088
10495,114905088
10496,114905088
10497,114905088
10498,114905088
10499,114905088
10500,114905088
10501,114905088
10502,114905088
10503,114905088
10504,114905088
10505,114905088
10506,114905088
10507,114905088
10508,114905088
10509,114905088
10510,114905088
10511,114905088
10512,114905088
10513,114905088
10514,114905088
10515,114905088
10516,114905088
10517,114905088
10518,114905088
10519,114905088
10520,114905088
10521,114905088
10522,114905088
10523,114905088
10524,114905088
10525,114905088
10526,114905088
10527,114905088
10528,114905088
10529,114905088
10530,114905088
10531,114905088
10532,114905088
10533,114905088
10534,114905088
10535,114905088
10536,114905088
10537,114905088
10538,114905088
10539,114905088
10540,114905088
10541,114905088
10542,114905088
10543,114905088
10544,114905088
10545,114905088
10546,114905088
10547,114905088
10548,114905088
10549,114905088
10550,114905088
10551,114905088
10552,114905088
10553,114905088
10554,114905088
10555,114905088
10556,114905088
10557,114905088
10558,114905088
10559,114905088
10560,114905088
10561,114905088
10562,114905088
10563,114905088
10564,114905088
10565,114905088
10566,114905088
10567,114905088
10568,114905088
10569,114905088
10570,114905088
10571,114905088
10572,114905088
10573,114905088
10574,114905088
10575,114905088
10576,114905088
10577,114905088
10578,114905088
10579,114905088
10580,114905088
10581,114905088
10582,114905088
10583,114905088
10584,114905088
10585,114905088
10586,114905088
10587,114905088
10588,114905088
10589,114905088
10590,114905088
10591,114905088
10592,114905088
10593,114905088
10594,114905088
10595,114905088
10596,114905088
10597,114905088
10598,114905088
10599,114905088
10600,114905088
10601,114905088
10602,114905088
10603,114905088
10604,114905088
10605,114905088
10606,114905088
10607,114905088
10608,114905088
10609,114905088
10610,114905088
10611,114905088
10612,114905088
10613,114905088
10614,114905088
10615,114905088
10616,114905088
10617,114905088
10618,114905088
10619,114905088
10620,114905088
10621,114905088
10622,114905088
10623,114905088
10624,114905088
10625,114905088
10626,114905088
10627,114905088
10628,114905088
10629,114905088
10630,114905088
10631,114905088
10632,114905088
10633,114905088
10634,114905088
10635,114905088
10636,114905088
10637,114905088
10638,114905088
10639,114905088
10640,114905088
10641,114905088
10642,114905088
10643,114905088
10644,114905088
10645,114905088
10646,114905088
10647,114905088
10648,114905088
10649,114905088
10650,114905088
10651,114905088
10652,114905088
10653,114905088
10654,114905088
10655,114905088
10656,114905088
10657,114905088
10658,114905088
10659,114905088
10660,114905088
10661,114905088
10662,114905088
10663,114905088
10664,114905088
10665,114905088
10666,114905088
10667,114905088
10668,114905088
10669,114905088
10670,114905088
10671,114905088
10672,114905088
10673,114905088
10674,114905088
10675,114905088
10676,114905088
10677,114905088
10678,114905088
10679,114905088
10680,114905088
10681,114905088
10682,114905088
10683,114905088
10684,114905088
10685,114905088
10686,114905088
10687,114905088
10688,114905088
10689,114905088
10690,114905088
10691,114905088
10692,114905088
10693,114905088
10694,114905088
10695,114905088
10696,114905088
10697,114905088
10698,114905088
10699,114905088
10700,114905088
10701,114905088
10702,114905088
10703,114905088
10704,114905088
10705,114905088
10706,114905088
10707,114905088
10708,114905088
10709,114905088
10710,114905088
10711,114905088
10712,114905088
10713,114905088
10714,114905088
10715,114905088
10716,114905088
10717,114905088
10718,114905088
10719,114905088
10720,114905088
10721,114905088
10722,114905088
10723,114905088
10724,114905088
10725,114905088
10726,114905088
10727,114905088
10728,114905088
10729,114905088
10730,114905088
10731,114905088
10732,114905088
10733,114905088
10734,114905088
10735,114884608
10736,114884608
10737,114884608
10738,114884608
10739,114884608
10740,114884608
10741,114884608
10742,114884608
10743,114884608
10744,114884608
10745,114884608
10746,114884608
10747,114884608
10748,114884608
10749,114884608
10750,114884608
10751,114884608
10752,114884608
10753,114884608
10754,114884608
10755,114884608
10756,114884608
10757,114884608
10758,114884608
10759,114884608
10760,114884608
10761,114884608
10762,114884608
10763,114884608
10764,114884608
10765,114884608
10766,114884608
10767,114884608
10768,114884608
10769,114884608
10770,114884608
10771,114884608
10772,114884608
10773,114884608
10774,114884608
10775,114884608
10776,114884608
10777,114884608
10778,114884608
10779,114884608
10780,114884608
10781,114884608
10782,114884608
10783,114884608
10784,114884608
10785,114884608
10786,114884608
10787,114884608
10788,114884608
10789,114884608
10790,114884608
10791,114884608
10792,114884608
10793,114884608
10794,114884608
10795,114884608
10796,114884608
10797,114884608
10798,114884608
10799,114884608
10800,114884608
10801,114917376
10802,114917376
10803,114917376
10804,114917376
10805,114917376
10806,114917376
10807,114917376
10808,114917376
10809,114917376
10810,114917376
10811,114917376
10812,114917376
10813,114917376
10814,114917376
10815,114917376
10816,114917376
10817,114917376
10818,114917376
10819,114917376
10820,114917376
10821,114917376
10822,114917376
10823,114917376
10824,114917376
10825,114917376
10826,114917376
10827,114917376
10828,114917376
10829,114917376
10830,114917376
10831,114917376
10832,114917376
10833,114917376
10834,114917376
10835,114917376
10836,114917376
10837,114917376
10838,114917376
10839,114917376
10840,114917376
10841,114917376
10842,114917376
10843,114917376
10844,114917376
10845,114917376
10846,114917376
10847,114917376
10848,114917376
10849,114917376
10850,114917376
10851,114917376
10852,114917376
10853,114917376
10854,114917376
10855,114917376
10856,114917376
10857,114917376
10858,114917376
10859,114917376
10860,114917376
10861,114917376
10862,114917376
10863,114917376
10864,114917376
10865,114917376
10866,114917376
10867,114917376
10868,114917376
10869,114917376
10870,114917376
10871,114917376
10872,114917376
10873,114917376
10874,114917376
10875,114917376
10876,114917376
10877,114917376
10878,114917376
10879,114917376
10880,114917376
10881,114888704
10882,114888704
10883,114888704
10884,114888704
10885,114888704
10886,114888704
10887,114888704
10888,114888704
10889,114888704
10890,114888704
10891,114888704
10892,114888704
10893,114888704
10894,114888704
10895,114888704
10896,114888704
10897,114888704
10898,114888704
10899,114888704
10900,114888704
10901,114888704
10902,114888704
10903,114888704
10904,114888704
10905,114888704
10906,114888704
10907,114888704
10908,114888704
10909,114888704
10910,114888704
10911,114888704
10912,114888704
10913,114888704
10914,114888704
10915,114888704
10916,114888704
10917,114888704
10918,114888704
10919,114888704
10920,114888704
10921,114888704
10922,114888704
10923,114888704
10924,114888704
10925,114888704
10926,114888704
10927,114888704
10928,114888704
10929,114888704
10930,114888704
10931,114888704
10932,114888704
10933,114888704
10934,114909184
10935,113786880
10936,113786880
10937,113786880
10938,113786880
10939,113786880
10940,113786880
10941,113786880
10942,113786880
10943,113786880
10944,113786880
10945,113786880
10946,113786880
10947,113786880
10948,113786880
10949,113786880
10950,113786880
10951,113786880
10952,113786880
10953,113786880
10954,113786880
10955,113786880
10956,113786880
10957,113786880
10958,113786880
10959,113786880
10960,113786880
10961,113786880
10962,113786880
10963,113786880
10964,113786880
10965,113786880
10966,113786880
10967,113786880
10968,113786880
10969,113786880
10970,113786880
10971,113786880
10972,113786880
10973,113786880
10974,113786880
10975,113786880
10976,113786880
10977,113786880
10978,113786880
10979,113786880
10980,113786880
10981,113786880
10982,113786880
10983,113786880
10984,113786880
10985,113786880
10986,113786880
10987,113786880
10988,113786880
10989,113786880
10990,113786880
10991,113786880
10992,113786880
10993,113786880
10994,113786880
10995,113786880
10996,113786880
10997,113786880
10998,113786880
10999,113786880
11000,113786880
11001,113786880
11002,113786880
11003,113786880
11004,113786880
11005,113786880
11006,113786880
11007,113786880
11008,113786880
11009,113786880
11010,113786880
11011,113786880
11012,113786880
11013,113786880
11014,113786880
11015,113786880
11016,113786880
11017,113786880
11018,113786880
11019,113786880
11020,113786880
11021,113786880
11022,113786880
11023,113786880
11024,113786880
11025,113786880
11026,113786880
11027,113786880
11028,113786880
11029,113786880
11030,113786880
11031,113786880
11032,113786880
11033,113786880
11034,113786880
11035,113786880
11036,113786880
11037,113786880
11038,113786880
11039,113786880
11040,113786880
11041,113786880
11042,113786880
11043,113786880
11044,113786880
11045,113786880
11046,113786880
11047,113786880
11048,113786880
11049,113786880
11050,113786880
11051,113786880
11052,113786880
11053,113786880
11054,113786880
11055,113786880
11056,113786880
11057,113786880
11058,113786880
11059,113786880
11060,113786880
11061,113786880
11062,113786880
11063,113786880
11064,113786880
11065,113786880
11066,113786880
11067,113786880
11068,113786880
11069,113786880
11070,113786880
11071,113786880
11072,113786880
11073,113786880
11074,113786880
11075,113786880
11076,113786880
11077,113786880
11078,113786880
11079,113786880
11080,113786880
11081,113786880
11082,113786880
11083,113786880
11084,113786880
11085,113786880
11086,113786880
11087,113786880
11088,113786880
11089,113786880
11090,113786880
11091,113786880
11092,113786880
11093,113786880
11094,113786880
11095,113786880
11096,113786880
11097,113786880
11098,113786880
11099,113786880
11100,113786880
11101,113786880
11102,113786880
11103,113786880
11104,113786880
11105,113786880
11106,113786880
11107,113786880
11108,113786880
11109,113786880
11110,113786880
11111,113786880
11112,113786880
11113,113786880
11114,113786880
11115,113786880
11116,113786880
11117,113786880
11118,113786880
11119,113786880
11120,113786880
11121,113786880
11122,113786880
11123,113786880
11124,113786880
11125,113786880
11126,113786880
11127,113786880
11128,113786880
11129,113786880
11130,113786880
11131,113786880
11132,113786880
11133,113786880
11134,113786880
11135,113786880
11136,113786880
11137,113786880
11138,113786880
11139,113786880
11140,113786880
11141,113786880
11142,113786880
11143,113786880
11144,113786880
11145,113786880
11146,113786880
11147,113786880
11148,113786880
11149,113786880
11150,113786880
11151,113786880
11152,113786880
11153,113786880
11154,113786880
11155,113786880
11156,113786880
11157,113786880
11158,113786880
11159,113786880
11160,113786880
11161,113786880
11162,113786880
11163,113786880
11164,113786880
11165,113786880
11166,113786880
11167,113786880
11168,113786880
11169,113786880
11170,113786880
11171,113786880
11172,113786880
11173,113786880
11174,113786880
11175,113786880
11176,113786880
11177,113786880
11178,113786880
11179,113786880
11180,113786880
11181,113786880
11182,113786880
11183,113786880
11184,113786880
11185,113786880
11186,113786880
11187,113786880
11188,113786880
11189,113786880
11190,113786880
11191,113786880
11192,113786880
11193,113786880
11194,113786880
11195,113786880
11196,113786880
11197,113786880
11198,113786880
11199,113786880
11200,113786880
11201,113786880
11202,113786880
11203,113786880
11204,113786880
11205,113786880
11206,113786880
11207,113786880
11208,113786880
11209,113786880
11210,113786880
11211,113786880
11212,113786880
11213,113786880
11214,113786880
11215,113786880
11216,113786880
11217,113786880
11218,113786880
11219,113786880
11220,113786880
11221,113786880
11222,113786880
11223,113786880
11224,113786880
11225,113786880
11226,113786880
11227,113786880
11228,113786880
11229,113786880
11230,113786880
11231,113786880
11232,113786880
11233,113786880
11234,113786880
11235,113786880
11236,113786880
11237,113786880
11238,113786880
11239,113786880
11240,113786880
11241,113786880
11242,113786880
11243,113786880
11244,113786880
11245,113786880
11246,113786880
11247,113786880
11248,113786880
11249,113786880
11250,113786880
11251,113786880
11252,113786880
11253,113786880
11254,113786880
11255,113786880
11256,113786880
11257,113786880
11258,113786880
11259,113786880
11260,113786880
11261,113786880
11262,113786880
11263,113786880
11264,113786880
11265,113786880
11266,113786880
11267,113786880
11268,113786880
11269,113786880
11270,113786880
11271,113786880
11272,113786880
11273,113786880
11274,113786880
11275,113786880
11276,113786880
11277,113786880
11278,113786880
11279,113786880
11280,113786880
11281,113786880
11282,113786880
11283,113786880
11284,113786880
11285,113786880
11286,113786880
11287,113786880
11288,113786880
11289,113786880
11290,113786880
11291,113786880
11292,113786880
11293,113786880
11294,113786880
11295,113786880
11296,113786880
11297,113786880
11298,113786880
11299,113786880
11300,113786880
11301,113786880
11302,113786880
11303,113786880
11304,113786880
11305,113786880
11306,113786880
11307,113786880
11308,113786880
11309,113786880
11310,113786880
11311,113786880
11312,113786880
11313,113786880
11314,113786880
11315,113786880
11316,113786880
11317,113786880
11318,113786880
11319,113786880
11320,113786880
11321,113786880
11322,113786880
11323,113786880
11324,113786880
11325,113786880
11326,113786880
11327,113786880
11328,113786880
11329,113786880
11330,113786880
11331,113786880
11332,113786880
11333,113786880
11334,113766400
11335,113766400
11336,113766400
11337,113766400
11338,113766400
11339,113766400
11340,113766400
11341,113766400
11342,113766400
11343,113766400
11344,113766400
11345,113766400
11346,113766400
11347,113766400
11348,113766400
11349,113766400
11350,113766400
11351,113766400
11352,113766400
11353,113766400
11354,113766400
11355,113766400
11356,113766400
11357,113766400
11358,113766400
11359,113766400
11360,113766400
11361,113766400
11362,113766400
11363,113766400
11364,113766400
11365,113766400
11366,113766400
11367,113766400
11368,113766400
11369,113766400
11370,113766400
11371,113766400
11372,113766400
11373,113766400
11374,113766400
11375,113766400
11376,113766400
11377,113766400
11378,113766400
11379,113766400
11380,113766400
11381,113766400
11382,113766400
11383,113766400
11384,113766400
11385,113766400
11386,113766400
11387,113766400
11388,113766400
11389,113766400
11390,113766400
11391,113766400
11392,113766400
11393,113766400
11394,113766400
11395,113766400
11396,113766400
11397,113766400
11398,113766400
11399,113766400
11400,113766400
11401,114077696
11402,114077696
11403,114077696
11404,114077696
11405,114077696
11406,114077696
11407,114077696
11408,114077696
11409,114077696
11410,114077696
11411,114077696
11412,114077696
11413,114077696
11414,114077696
11415,114077696
11416,114077696
11417,114077696
11418,114077696
11419,114077696
11420,114077696
11421,114077696
11422,114077696
11423,114077696
11424,114077696
11425,114077696
11426,114077696
11427,114077696
11428,114077696
11429,114077696
11430,114077696
11431,114077696
11432,114077696
11433,114077696
11434,114077696
11435,114077696
11436,114077696
11437,114077696
11438,114077696
11439,114077696
11440,114077696
11441,114077696
11442,114077696
11443,114077696
11444,114077696
11445,114077696
11446,114077696
11447,114077696
11448,114077696
11449,114077696
11450,114077696
11451,114077696
11452,114077696
11453,114077696
11454,114077696
11455,114077696
11456,114077696
11457,114077696
11458,114077696
11459,114077696
11460,114077696
11461,114077696
11462,114077696
11463,114077696
11464,114077696
11465,114077696
11466,114077696
11467,114077696
11468,114077696
11469,114077696
11470,114077696
11471,114077696
11472,114077696
11473,114077696
11474,114077696
11475,114077696
11476,114077696
11477,114077696
11478,114077696
11479,114077696
11480,114077696
11481,114077696
11482,114077696
11483,114077696
11484,114077696
11485,114077696
11486,114077696
11487,114077696
11488,114077696
11489,114077696
11490,114077696
11491,114077696
11492,114077696
11493,114077696
11494,114077696
11495,114077696
11496,114077696
11497,114077696
11498,114077696
11499,114077696
11500,114077696
11501,114077696
11502,114077696
11503,114077696
11504,114077696
11505,114077696
11506,114077696
11507,114077696
11508,114077696
11509,114077696
11510,114077696
11511,114077696
11512,114077696
11513,114077696
11514,114077696
11515,114077696
11516,114077696
11517,114077696
11518,114077696
11519,114077696
11520,114077696
11521,114077696
11522,114077696
11523,114077696
11524,114077696
11525,114077696
11526,114077696
11527,114077696
11528,114077696
11529,114077696
11530,114077696
11531,114077696
11532,114077696
11533,114077696
11534,114077696
11535,114077696
11536,114077696
11537,114077696
11538,114077696
11539,114077696
11540,114077696
11541,114077696
11542,114077696
11543,114077696
11544,114077696
11545,114077696
11546,114077696
11547,114077696
11548,114077696
11549,114077696
11550,114077696
11551,114077696
11552,114077696
11553,114077696
11554,114077696
11555,114077696
11556,114077696
11557,114077696
11558,114077696
11559,114077696
11560,114077696
11561,114077696
11562,114077696
11563,114077696
11564,114077696
11565,114077696
11566,114077696
11567,114077696
11568,114077696
11569,114077696
11570,114077696
11571,114077696
11572,114077696
11573,114077696
11574,114077696
11575,114077696
11576,114077696
11577,114077696
11578,114077696
11579,114077696
11580,114077696
11581,114077696
11582,114077696
11583,114077696
11584,114077696
11585,114077696
11586,114077696
11587,114077696
11588,114077696
11589,114077696
11590,114077696
11591,114077696
11592,114077696
11593,114077696
11594,114077696
11595,114077696
11596,114077696
11597,114077696
11598,114077696
11599,114077696
11600,114077696
11601,114077696
11602,114077696
11603,114077696
11604,114077696
11605,114077696
11606,114077696
11607,114077696
11608,114077696
11609,114077696
11610,114077696
11611,114077696
11612,114077696
11613,114077696
11614,114077696
11615,114077696
11616,114077696
11617,114077696
11618,114077696
11619,114077696
11620,114077696
11621,114077696
11622,114077696
11623,114077696
11624,114077696
11625,114077696
11626,114077696
11627,114077696
11628,114077696
11629,114077696
11630,114077696
11631,114077696
11632,114077696
11633,114077696
11634,114077696
11635,114077696
11636,114077696
11637,114077696
11638,114077696
11639,114077696
11640,114077696
11641,114077696
11642,114077696
11643,114077696
11644,114077696
11645,114077696
11646,114077696
11647,114077696
11648,114077696
11649,114077696
11650,114077696
11651,114077696
11652,114077696
11653,114077696
11654,114077696
11655,114077696
11656,114077696
11657,114077696
11658,114077696
11659,114077696
11660,114077696
11661,114077696
11662,114077696
11663,114077696
11664,114077696
11665,114077696
11666,114077696
11667,114077696
11668,114077696
11669,114077696
11670,114077696
11671,114077696
11672,114077696
11673,114077696
11674,114077696
11675,114077696
11676,114077696
11677,114077696
11678,114077696
11679,114077696
11680,114077696
11681,114077696
11682,114077696
11683,114077696
11684,114077696
11685,111697920
11686,111243264
11687,111243264
11688,111243264
11689,111243264
11690,111243264
11691,111243264
11692,111243264
11693,111243264
11694,111243264
11695,111243264
11696,111853568
11697,111853568
11698,111853568
11699,111853568
11700,111853568
11701,111853568
11702,111853568
11703,111853568
11704,111853568
11705,111853568
11706,111853568
11707,111853568
11708,111853568
11709,111853568
11710,111853568
11711,111853568
11712,111853568
11713,111853568
11714,111853568
11715,111853568
11716,111853568
11717,111853568
11718,111853568
11719,111853568
11720,111853568
11721,111853568
11722,111853568
11723,111853568
11724,111853568
11725,111853568
11726,111853568
11727,111853568
11728,111853568
11729,111853568
11730,111853568
11731,111853568
11732,111853568
11733,111853568
11734,111853568
11735,111853568
11736,111853568
11737,111853568
11738,111853568
11739,111853568
11740,111853568
11741,111853568
11742,111853568
11743,111853568
11744,111853568
11745,111853568
11746,111853568
11747,111853568
11748,111853568
11749,111853568
11750,111853568
11751,111853568
11752,111853568
11753,111853568
11754,111853568
11755,111853568
11756,111853568
11757,111853568
11758,111853568
11759,111853568
11760,111853568
11761,111853568
11762,111853568
11763,111853568
11764,111853568
11765,111853568
11766,111853568
11767,111853568
11768,111853568
11769,111853568
11770,111853568
11771,111853568
11772,111853568
11773,111853568
11774,111853568
11775,111853568
11776,111853568
11777,111853568
11778,111853568
11779,111853568
11780,111853568
11781,111853568
11782,111853568
11783,111853568
11784,111853568
11785,111853568
11786,111853568
11787,111853568
11788,111853568
11789,111853568
11790,111853568
11791,111853568
11792,111853568
11793,111853568
11794,111853568
11795,111853568
11796,111853568
11797,111853568
11798,111853568
11799,111853568
11800,111853568
11801,111853568
11802,111853568
11803,111853568
11804,111853568
11805,111853568
11806,111853568
11807,111853568
11808,111853568
11809,111853568
11810,111853568
11811,111853568
11812,111853568
11813,111853568
11814,111853568
11815,111853568
11816,111853568
11817,111853568
11818,111853568
11819,111853568
11820,111853568
11821,111853568
11822,111853568
11823,111853568
11824,111853568
11825,111853568
11826,111853568
11827,111853568
11828,111853568
11829,111853568
11830,111853568
11831,111853568
11832,111853568
11833,111853568
11834,111853568
11835,111853568
11836,111853568
11837,111853568
11838,111853568
11839,111853568
11840,111853568
11841,111853568
11842,111853568
11843,111853568
11844,111853568
11845,111853568
11846,111853568
11847,111853568
11848,111853568
11849,111853568
11850,111853568
11851,111853568
11852,111853568
11853,111853568
11854,111853568
11855,111853568
11856,111853568
11857,111853568
11858,111853568
11859,111853568
11860,111853568
11861,111853568
11862,111853568
11863,111853568
11864,111853568
11865,111853568
11866,111853568
11867,111853568
11868,111853568
11869,111853568
11870,111853568
11871,111853568
11872,111853568
11873,111853568
11874,111853568
11875,111853568
11876,111853568
11877,111853568
11878,111853568
11879,111853568
11880,111853568
11881,111853568
11882,111853568
11883,111853568
11884,111853568
11885,111853568
11886,111853568
11887,111853568
11888,111853568
11889,111853568
11890,111853568
11891,111853568
11892,111853568
11893,111853568
11894,111853568
11895,111853568
11896,111853568
11897,111853568
11898,111853568
11899,111853568
11900,111853568
11901,111853568
11902,111853568
11903,111853568
11904,111853568
11905,111853568
11906,111853568
11907,111853568
11908,111853568
11909,111853568
11910,111853568
11911,111853568
11912,111853568
11913,111853568
11914,111853568
11915,111853568
11916,111853568
11917,111853568
11918,111853568
11919,111853568
11920,111853568
11921,111853568
11922,111853568
11923,111853568
11924,111853568
11925,111853568
11926,111853568
11927,111853568
11928,111853568
11929,111853568
11930,111853568
11931,111853568
11932,111853568
11933,111853568
11934,111853568
11935,111853568
11936,111853568
11937,111853568
11938,111853568
11939,111853568
11940,111853568
11941,111853568
11942,111853568
11943,111853568
11944,111853568
11945,111853568
11946,111853568
11947,111853568
11948,111853568
11949,111853568
11950,111853568
11951,111853568
11952,111853568
11953,111853568
11954,111853568
11955,111853568
11956,111894528
11957,111894528
11958,111894528
11959,111894528
11960,111894528
11961,111894528
11962,111894528
11963,111894528
11964,111894528
11965,111894528
11966,111894528
11967,111894528
11968,111894528
11969,111894528
11970,111894528
11971,111894528
11972,111894528
11973,111894528
11974,111894528
11975,111894528
11976,111894528
11977,111894528
11978,111894528
11979,111894528
11980,111894528
11981,111894528
11982,111894528
11983,111894528
11984,111894528
11985,111894528
11986,111894528
11987,111894528
11988,111894528
11989,111894528
11990,111894528
11991,111894528
11992,111894528
11993,111894528
11994,111894528
11995,111894528
11996,111894528
11997,111894528
11998,111894528
11999,111894528
12000,112308224
12001,118194176
12002,118194176
12003,118194176
12004,118194176
12005,118194176
12006,118194176
12007,118194176
12008,118194176
12009,118194176
12010,118194176
12011,118194176
12012,118194176
12013,118194176
12014,118194176
12015,118194176
12016,118194176
12017,118194176
12018,118194176
12019,118194176
12020,118194176
12021,118194176
12022,118194176
12023,118194176
12024,118194176
12025,118194176
12026,118194176
12027,118194176
12028,118194176
12029,118194176
12030,118194176
12031,118194176
12032,118194176
12033,118194176
12034,118194176
12035,118194176
12036,118194176
12037,118194176
12038,118194176
12039,118194176
12040,118194176
12041,118194176
12042,118194176
12043,118194176
12044,118194176
12045,118194176
12046,118194176
12047,118194176
12048,118194176
12049,118194176
12050,118194176
12051,118194176
12052,118194176
12053,118194176
12054,118194176
12055,118194176
12056,118194176
12057,118194176
12058,118194176
12059,118194176
12060,118194176
12061,118194176
12062,118194176
12063,118194176
12064,118194176
12065,118194176
12066,118194176
12067,118194176
12068,118194176
12069,118194176
12070,118194176
12071,118194176
12072,118194176
12073,118194176
12074,118194176
12075,118194176
12076,118194176
12077,118194176
12078,118194176
12079,118194176
12080,118194176
12081,118194176
12082,118194176
12083,118165504
12084,118165504
12085,118165504
12086,118145024
12087,118145024
12088,118145024
12089,118145024
12090,118145024
12091,118145024
12092,118145024
12093,118145024
12094,118145024
12095,118145024
12096,118145024
12097,118145024
12098,118145024
12099,118145024
12100,118145024
12101,118145024
12102,118145024
12103,118145024
12104,118145024
12105,118145024
12106,118145024
12107,118145024
12108,118145024
12109,118145024
12110,118145024
12111,118145024
12112,118145024
12113,118145024
12114,118145024
12115,118145024
12116,118145024
12117,118145024
12118,118145024
12119,118767616
12120,118767616
12121,118767616
12122,118767616
12123,118767616
12124,118767616
12125,118767616
12126,118767616
12127,118767616
12128,118767616
12129,118767616
12130,118767616
12131,118767616
12132,118767616
12133,118767616
12134,118767616
12135,118767616
12136,118767616
12137,118767616
12138,118767616
12139,118767616
12140,118767616
12141,118767616
12142,118767616
12143,118767616
12144,118767616
12145,118767616
12146,118767616
12147,118767616
12148,118767616
12149,118767616
12150,118767616
12151,118767616
12152,118767616
12153,118767616
12154,118767616
12155,118767616
12156,118767616
12157,118767616
12158,118767616
12159,118767616
12160,118767616
12161,118767616
12162,118767616
12163,118767616
12164,118767616
12165,118767616
12166,118767616
12167,118767616
12168,118767616
12169,118767616
12170,118767616
12171,118767616
12172,118767616
12173,118767616
12174,118767616
12175,118767616
12176,118767616
12177,118767616
12178,118767616
12179,118767616
12180,118767616
12181,118767616
12182,118767616
12183,118767616
12184,118767616
12185,118767616
12186,118767616
12187,118767616
12188,118767616
12189,118767616
12190,118767616
12191,118767616
12192,118767616
12193,118767616
12194,119005184
12195,119005184
12196,119005184
12197,119005184
12198,119005184
12199,119005184
12200,119005184
12201,119005184
12202,119005184
12203,119005184
12204,119005184
12205,119005184
12206,119005184
12207,119005184
12208,119005184
12209,119005184
12210,119005184
12211,119005184
12212,119005184
12213,119005184
12214,119005184
12215,119005184
12216,119005184
12217,119005184
12218,119005184
12219,119005184
12220,119005184
12221,119005184
12222,119005184
12223,119005184
12224,119005184
12225,119005184
12226,119005184
12227,119005184
12228,119005184
12229,119005184
12230,119005184
12231,119005184
12232,119005184
12233,119005184
12234,119005184
12235,119005184
12236,119005184
12237,119005184
12238,119005184
12239,119005184
12240,119005184
12241,119005184
12242,119005184
12243,119005184
12244,119005184
12245,119005184
12246,119005184
12247,119005184
12248,119005184
12249,119005184
12250,119005184
12251,119005184
12252,119005184
12253,119005184
12254,119005184
12255,119005184
12256,119005184
12257,119005184
12258,119005184
12259,119005184
12260,119005184
12261,119005184
12262,119005184
12263,119005184
12264,119005184
12265,119005184
12266,119005184
12267,119005184
12268,119005184
12269,119005184
12270,119005184
12271,119005184
12272,119005184
12273,119005184
12274,119005184
12275,119005184
12276,119005184
12277,119005184
12278,119005184
12279,119005184
12280,119005184
12281,119005184
12282,119005184
12283,119005184
12284,119005184
12285,119005184
12286,119005184
12287,119005184
12288,119005184
12289,119005184
12290,119005184
12291,119005184
12292,119005184
12293,119005184
12294,119005184
12295,119005184
12296,119005184
12297,119005184
12298,119005184
12299,119005184
12300,119005184
12301,119005184
12302,119005184
12303,119005184
12304,119005184
12305,119005184
12306,119005184
12307,119005184
12308,119005184
12309,119005184
12310,119005184
12311,119005184
12312,119005184
12313,119005184
12314,119005184
12315,119005184
12316,119005184
12317,119005184
12318,119005184
12319,119005184
12320,119005184
12321,119005184
12322,119005184
12323,119005184
12324,119005184
12325,119005184
12326,119005184
12327,119005184
12328,119005184
12329,119005184
12330,119005184
12331,119005184
12332,119005184
12333,119005184
12334,119005184
12335,119005184
12336,119005184
12337,119005184
12338,119005184
12339,119005184
12340,119005184
12341,119005184
12342,119005184
12343,119005184
12344,119005184
12345,119005184
12346,119005184
12347,119005184
12348,119005184
12349,119005184
12350,119005184
12351,119005184
12352,119005184
12353,119005184
12354,119005184
12355,119005184
12356,119005184
12357,119005184
12358,119005184
12359,119005184
12360,119005184
12361,119005184
12362,119005184
12363,119005184
12364,119005184
12365,119005184
12366,119005184
12367,119005184
12368,119005184
12369,119005184
12370,119005184
12371,119005184
12372,119005184
12373,119005184
12374,119005184
12375,119005184
12376,119005184
12377,119005184
12378,119005184
12379,119005184
12380,119005184
12381,119005184
12382,119005184
12383,119005184
12384,119005184
12385,119005184
12386,119005184
12387,119005184
12388,119005184
12389,119005184
12390,119005184
12391,119005184
12392,119005184
12393,119005184
12394,119005184
12395,119332864
12396,119332864
12397,119332864
12398,119332864
12399,119332864
12400,119332864
12401,119332864
12402,119332864
12403,119332864
12404,119332864
12405,119332864
12406,119332864
12407,119332864
12408,119332864
12409,119332864
12410,119332864
12411,119332864
12412,119332864
12413,119332864
12414,119332864
12415,119332864
12416,119332864
12417,119332864
12418,119332864
12419,119332864
12420,119332864
12421,119332864
12422,119332864
12423,119332864
12424,119332864
12425,119332864
12426,119332864
12427,119332864
12428,119332864
12429,119332864
12430,119332864
12431,119332864
12432,119332864
12433,119332864
12434,119332864
12435,119332864
12436,119332864
12437,119332864
12438,119332864
12439,119332864
12440,119332864
12441,119332864
12442,119332864
12443,119332864
12444,119332864
12445,119332864
12446,119332864
12447,119332864
12448,119332864
12449,119332864
12450,119332864
12451,119332864
12452,119332864
12453,119332864
12454,119332864
12455,119332864
12456,119332864
12457,119332864
12458,119332864
12459,119332864
12460,119332864
12461,119332864
12462,119332864
12463,119332864
12464,119332864
12465,119332864
12466,119332864
12467,119332864
12468,119332864
12469,119332864
12470,119332864
12471,119332864
12472,119332864
12473,119332864
12474,119332864
12475,119332864
12476,119332864
12477,119332864
12478,119332864
12479,119332864
12480,119332864
12481,119332864
12482,119332864
12483,119332864
12484,119332864
12485,119332864
12486,119332864
12487,119332864
12488,119332864
12489,119332864
12490,119332864
12491,119332864
12492,119332864
12493,119332864
12494,119332864
12495,119332864
12496,119332864
12497,119332864
12498,119332864
12499,119332864
12500,119332864
12501,119332864
12502,119332864
12503,119332864
12504,119332864
12505,119332864
12506,119332864
12507,119332864
12508,119332864
12509,119332864
12510,119332864
12511,119332864
12512,119332864
12513,119332864
12514,119332864
12515,119332864
12516,119332864
12517,119332864
12518,119332864
12519,119332864
12520,119332864
12521,119332864
12522,119332864
12523,119332864
12524,119332864
12525,119332864
12526,119332864
12527,119332864
12528,119332864
12529,119332864
12530,119332864
12531,119332864
12532,119332864
12533,119332864
12534,119332864
12535,119332864
12536,119332864
12537,119332864
12538,119332864
12539,119332864
12540,119332864
12541,119332864
12542,119332864
12543,119332864
12544,119332864
12545,119332864
12546,119332864
12547,119332864
12548,119332864
12549,119332864
12550,119332864
12551,119332864
12552,119332864
12553,119332864
12554,119332864
12555,119332864
12556,119332864
12557,119332864
12558,119332864
12559,119332864
12560,119549952
12561,119549952
12562,119549952
12563,119549952
12564,119549952
12565,119549952
12566,119549952
12567,119549952
12568,119549952
12569,119549952
12570,119549952
12571,119549952
12572,119549952
12573,119549952
12574,119549952
12575,119549952
12576,119549952
12577,119549952
12578,119549952
12579,119549952
12580,119549952
12581,119549952
12582,119549952
12583,119549952
12584,119549952
12585,119549952
12586,119549952
12587,119549952
12588,119549952
12589,119549952
12590,119549952
12591,119549952
12592,119549952
12593,119549952
12594,119549952
12595,119549952
12596,119549952
12597,119549952
12598,119549952
12599,119549952
12600,119549952
12601,119652352
12602,119652352
12603,119652352
12604,119652352
12605,119652352
12606,119652352
12607,119652352
12608,119652352
12609,119652352
12610,119652352
12611,119652352
12612,119652352
12613,119652352
12614,119652352
12615,119652352
12616,119652352
12617,119652352
12618,119652352
12619,119652352
12620,119652352
12621,119652352
12622,119652352
12623,119652352
12624,119652352
12625,119652352
12626,119652352
12627,119652352
12628,119652352
12629,119652352
12630,119652352
12631,119652352
12632,119652352
12633,119652352
12634,119652352
12635,119652352
12636,119652352
12637,119652352
12638,119652352
12639,119652352
12640,119652352
12641,119652352
12642,119652352
12643,119652352
12644,119652352
12645,119652352
12646,119652352
12647,119652352
12648,119652352
12649,119652352
12650,119652352
12651,119652352
12652,119652352
12653,119652352
12654,119652352
12655,119652352
12656,119652352
12657,119652352
12658,119652352
12659,119652352
12660,119652352
12661,119652352
12662,119652352
12663,119652352
12664,119652352
12665,119652352
12666,119652352
12667,119652352
12668,119652352
12669,119652352
12670,119652352
12671,119652352
12672,119652352
12673,119652352
12674,119652352
12675,119652352
12676,119652352
12677,119652352
12678,119652352
12679,119652352
12680,119652352
12681,119623680
12682,119623680
12683,119623680
12684,119623680
12685,119623680
12686,119623680
12687,119623680
12688,119623680
12689,119623680
12690,119623680
12691,119623680
12692,119623680
12693,119623680
12694,119623680
12695,119623680
12696,119623680
12697,119623680
12698,119623680
12699,119623680
12700,119623680
12701,119623680
12702,119623680
12703,119623680
12704,119623680
12705,119623680
12706,119623680
12707,119623680
12708,119623680
12709,119623680
12710,119623680
12711,119623680
12712,119623680
12713,119623680
12714,119623680
12715,119623680
12716,119623680
12717,119623680
12718,119623680
12719,119623680
12720,119623680
12721,119623680
12722,119623680
12723,119623680
12724,119877632
12725,119877632
12726,119877632
12727,119877632
12728,119877632
12729,119877632
12730,119877632
12731,119877632
12732,119877632
12733,119799808
12734,119099392
12735,119099392
12736,117866496
12737,117866496
12738,117866496
12739,117866496
12740,117866496
12741,117866496
12742,117891072
12743,117891072
12744,117891072
12745,117891072
12746,117891072
12747,117891072
12748,117891072
12749,117891072
12750,117891072
12751,117891072
12752,117891072
12753,117891072
12754,117891072
12755,117891072
12756,117891072
12757,117891072
12758,117891072
12759,117891072
12760,117891072
12761,117891072
12762,117891072
12763,117891072
12764,117891072
12765,117891072
12766,117891072
12767,117891072
12768,117891072
12769,117891072
12770,117891072
12771,117891072
12772,117891072
12773,117891072
12774,117891072
12775,117891072
12776,117891072
12777,117891072
12778,117891072
12779,117891072
12780,117891072
12781,117891072
12782,117891072
12783,117891072
12784,117891072
12785,117891072
12786,117891072
12787,117891072
12788,117891072
12789,117891072
12790,117891072
12791,117891072
12792,117891072
12793,117891072
12794,117891072
12795,117891072
12796,117891072
12797,117891072
12798,117891072
12799,117891072
12800,117891072
12801,117891072
12802,117891072
12803,117891072
12804,117891072
12805,117891072
12806,117891072
12807,117891072
12808,117891072
12809,117891072
12810,117891072
12811,117891072
12812,117891072
12813,117891072
12814,117891072
12815,117891072
12816,117891072
12817,117891072
12818,117891072
12819,117891072
12820,117891072
12821,117891072
12822,117891072
12823,117891072
12824,117891072
12825,117891072
12826,117891072
12827,117891072
12828,117891072
12829,117891072
12830,117891072
12831,117891072
12832,117891072
12833,117891072
12834,117891072
12835,117891072
12836,117891072
12837,117891072
12838,117891072
12839,117891072
12840,117891072
12841,117891072
12842,117891072
12843,117891072
12844,117891072
12845,117891072
12846,117891072
12847,117891072
12848,117891072
12849,117891072
12850,117891072
12851,117891072
12852,117895168
12853,117895168
12854,117895168
12855,117895168
12856,117895168
12857,117895168
12858,117895168
12859,117895168
12860,117895168
12861,117895168
12862,117895168
12863,117895168
12864,117895168
12865,117895168
12866,117895168
12867,117895168
12868,117895168
12869,117895168
12870,117895168
12871,117895168
12872,117895168
12873,117895168
12874,117895168
12875,117895168
12876,117895168
12877,117895168
12878,117895168
12879,117895168
12880,117895168
12881,117895168
12882,117895168
12883,117895168
12884,117895168
12885,117895168
12886,117895168
12887,117895168
12888,117895168
12889,118153216
12890,118153216
12891,118153216
12892,118153216
12893,118153216
12894,118153216
12895,118153216
12896,118153216
12897,118153216
12898,118153216
12899,118153216
12900,118153216
12901,118153216
12902,118153216
12903,118153216
12904,118153216
12905,118153216
12906,118153216
12907,118153216
12908,118153216
12909,118153216
12910,118153216
12911,118153216
12912,118153216
12913,118153216
12914,118153216
12915,118153216
12916,118153216
12917,118153216
12918,118153216
12919,118153216
12920,118153216
12921,118153216
12922,118153216
12923,118153216
12924,118153216
12925,118153216
12926,118153216
12927,118153216
12928,118153216
12929,118153216
12930,118153216
12931,118153216
12932,118153216
12933,118153216
12934,118153216
12935,118153216
12936,118153216
12937,118153216
12938,118153216
12939,118153216
12940,118153216
12941,118153216
12942,118153216
12943,118153216
12944,118153216
12945,118153216
12946,118153216
12947,118153216
12948,118153216
12949,118153216
12950,118153216
12951,118153216
12952,118153216
12953,118153216
12954,118153216
12955,118153216
12956,118153216
12957,118153216
12958,118153216
12959,118153216
12960,118153216
12961,118153216
12962,118153216
12963,118153216
12964,118153216
12965,118153216
12966,118153216
12967,118153216
12968,118153216
12969,118153216
12970,118153216
12971,118153216
12972,118153216
12973,118153216
12974,118153216
12975,118153216
12976,118153216
12977,118153216
12978,118153216
12979,118153216
12980,118153216
12981,118153216
12982,118153216
12983,118153216
12984,118153216
12985,118153216
12986,118153216
12987,118153216
12988,118153216
12989,118153216
12990,118153216
12991,118153216
12992,118153216
12993,118153216
12994,118153216
12995,118153216
12996,118153216
12997,118153216
12998,118153216
12999,118153216
13000,118153216
13001,118153216
13002,118153216
13003,118153216
13004,118153216
13005,118153216
13006,118153216
13007,118153216
13008,118153216
13009,118153216
13010,118153216
13011,118153216
13012,118153216
13013,118153216
13014,118153216
13015,118153216
13016,118153216
13017,118153216
13018,118153216
13019,118153216
13020,118153216
13021,118153216
13022,118157312
13023,118157312
13024,118157312
13025,118157312
13026,118157312
13027,118157312
13028,118157312
13029,118157312
13030,118157312
13031,118157312
13032,118157312
13033,118157312
13034,118157312
13035,118157312
13036,118157312
13037,118157312
13038,118157312
13039,118157312
13040,118157312
13041,118157312
13042,118157312
13043,118157312
13044,118157312
13045,118157312
13046,118157312
13047,118157312
13048,118157312
13049,118157312
13050,118157312
13051,118157312
13052,118157312
13053,118157312
13054,118411264
13055,118411264
13056,118411264
13057,118411264
13058,118411264
13059,118411264
13060,118411264
13061,118411264
13062,118411264
13063,118415360
13064,118415360
13065,118415360
13066,118415360
13067,118415360
13068,118415360
13069,118415360
13070,118415360
13071,118415360
13072,118415360
13073,118415360
13074,118415360
13075,118415360
13076,118415360
13077,118415360
13078,118415360
13079,118415360
13080,118415360
13081,118415360
13082,118415360
13083,118415360
13084,118415360
13085,118415360
13086,118415360
13087,118415360
13088,118415360
13089,118415360
13090,118415360
13091,118415360
13092,118415360
13093,118415360
13094,118415360
13095,118415360
13096,118415360
13097,118415360
13098,118415360
13099,118415360
13100,118415360
13101,118415360
13102,118415360
13103,118415360
13104,118415360
13105,118415360
13106,118415360
13107,118415360
13108,118415360
13109,118415360
13110,118415360
13111,118415360
13112,118415360
13113,118415360
13114,118415360
13115,118415360
13116,118415360
13117,118415360
13118,118415360
13119,118415360
13120,118415360
13121,118415360
13122,118415360
13123,118415360
13124,118415360
13125,118415360
13126,118415360
13127,118415360
13128,118415360
13129,118415360
13130,118415360
13131,118415360
13132,118415360
13133,118415360
13134,118415360
13135,118415360
13136,118415360
13137,118415360
13138,118415360
13139,118415360
13140,118415360
13141,118415360
13142,118415360
13143,118415360
13144,118415360
13145,118415360
13146,118415360
13147,118415360
13148,118415360
13149,118415360
13150,118415360
13151,118415360
13152,118415360
13153,118415360
13154,118415360
13155,118415360
13156,118415360
13157,118415360
13158,118415360
13159,118415360
13160,118415360
13161,118415360
13162,118415360
13163,118415360
13164,118415360
13165,118415360
13166,118415360
13167,118415360
13168,118415360
13169,118415360
13170,118415360
13171,118415360
13172,118415360
13173,118415360
13174,118415360
13175,118415360
13176,118415360
13177,118415360
13178,118415360
13179,118415360
13180,118415360
13181,118415360
13182,118415360
13183,118415360
13184,118415360
13185,118415360
13186,118415360
13187,118415360
13188,118415360
13189,118415360
13190,118415360
13191,118415360
13192,118415360
13193,118419456
13194,118419456
13195,118419456
13196,118419456
13197,118419456
13198,118419456
13199,118419456
13200,118419456
13201,119422976
13202,119422976
13203,119422976
13204,119422976
13205,119422976
13206,119422976
13207,119422976
13208,119422976
13209,119422976
13210,119422976
13211,119422976
13212,119422976
13213,119422976
13214,119422976
13215,119422976
13216,119422976
13217,119422976
13218,119422976
13219,119422976
13220,119422976
13221,119422976
13222,119422976
13223,119422976
13224,119422976
13225,119422976
13226,119422976
13227,119422976
13228,119422976
13229,119422976
13230,119422976
13231,119422976
13232,119422976
13233,119422976
13234,119422976
13235,119422976
13236,119422976
13237,119422976
13238,119422976
13239,119422976
13240,119422976
13241,119422976
13242,119422976
13243,119422976
13244,119422976
13245,119422976
13246,119422976
13247,119422976
13248,119422976
13249,119422976
13250,119422976
13251,119422976
13252,119422976
13253,119422976
13254,119422976
13255,119422976
13256,119422976
13257,119422976
13258,119422976
13259,119422976
13260,119422976
13261,119422976
13262,119422976
13263,119422976
13264,119422976
13265,119422976
13266,119422976
13267,119422976
13268,119422976
13269,119758848
13270,119758848
13271,119758848
13272,119758848
13273,119758848
13274,119758848
13275,119758848
13276,119758848
13277,119758848
13278,119758848
13279,119758848
13280,119758848
13281,119730176
13282,119730176
13283,119730176
13284,119730176
13285,119730176
13286,119730176
13287,119730176
13288,119730176
13289,119730176
13290,119730176
13291,119730176
13292,119730176
13293,119730176
13294,119730176
13295,119730176
13296,119730176
13297,119730176
13298,119730176
13299,119730176
13300,119730176
13301,119730176
13302,119730176
13303,119730176
13304,119730176
13305,119730176
13306,119730176
13307,119730176
13308,119730176
13309,119730176
13310,119730176
13311,119730176
13312,119730176
13313,119730176
13314,119730176
13315,119730176
13316,119730176
13317,119730176
13318,119730176
13319,119730176
13320,119730176
13321,119730176
13322,119730176
13323,119730176
13324,119730176
13325,119730176
13326,119730176
13327,119730176
13328,119730176
13329,119730176
13330,119730176
13331,119730176
13332,119730176
13333,119730176
13334,119730176
13335,119730176
13336,119730176
13337,119730176
13338,119730176
13339,119730176
13340,119730176
13341,119730176
13342,119730176
13343,119730176
13344,119730176
13345,119730176
13346,119730176
13347,119730176
13348,119730176
13349,119730176
13350,119730176
13351,119730176
13352,119730176
13353,119730176
13354,119730176
13355,119730176
13356,119730176
13357,119689216
13358,119689216
13359,119689216
13360,119689216
13361,119689216
13362,119689216
13363,119689216
13364,119693312
13365,119693312
13366,119693312
13367,119693312
13368,119693312
13369,119693312
13370,119693312
13371,119693312
13372,119693312
13373,119693312
13374,119693312
13375,119693312
13376,119693312
13377,119693312
13378,119693312
13379,119693312
13380,119693312
13381,119693312
13382,119693312
13383,119693312
13384,119693312
13385,119693312
13386,119693312
13387,119693312
13388,119693312
13389,119693312
13390,119693312
13391,119693312
13392,119693312
13393,119693312
13394,119693312
13395,119693312
13396,119693312
13397,119693312
13398,119693312
13399,119693312
13400,119693312
13401,119693312
13402,119693312
13403,119693312
13404,119693312
13405,119693312
13406,119693312
13407,119693312
13408,119693312
13409,119693312
13410,119693312
13411,119693312
13412,119693312
13413,119693312
13414,119693312
13415,119693312
13416,119693312
13417,119693312
13418,119693312
13419,119693312
13420,119693312
13421,119693312
13422,119693312
13423,119693312
13424,119693312
13425,119693312
13426,119693312
13427,119693312
13428,119693312
13429,119693312
13430,119693312
13431,119693312
13432,119693312
13433,119693312
13434,119693312
13435,119693312
13436,119693312
13437,119693312
13438,119693312
13439,119693312
13440,119693312
13441,119693312
13442,119693312
13443,119693312
13444,119693312
13445,119693312
13446,119693312
13447,119693312
13448,119693312
13449,119693312
13450,119693312
13451,119693312
13452,119693312
13453,119693312
13454,119693312
13455,119693312
13456,119693312
13457,119693312
13458,119693312
13459,119693312
13460,119693312
13461,119693312
13462,119693312
13463,119693312
13464,119693312
13465,119693312
13466,119693312
13467,119693312
13468,119693312
13469,119693312
13470,119693312
13471,119693312
13472,119693312
13473,119693312
13474,119693312
13475,119693312
13476,119693312
13477,119693312
13478,119693312
13479,119693312
13480,119693312
13481,119693312
13482,119693312
13483,119693312
13484,119693312
13485,119693312
13486,119693312
13487,119693312
13488,119693312
13489,119693312
13490,119693312
13491,119693312
13492,119693312
13493,119693312
13494,119693312
13495,119693312
13496,119693312
13497,119693312
13498,119693312
13499,119693312
13500,119693312
13501,119693312
13502,119693312
13503,119693312
13504,119693312
13505,119693312
13506,119693312
13507,119693312
13508,119693312
13509,119693312
13510,119693312
13511,119693312
13512,119693312
13513,119693312
13514,119693312
13515,119693312
13516,119693312
13517,119693312
13518,119693312
13519,119693312
13520,119693312
13521,119693312
13522,119693312
13523,119693312
13524,119693312
13525,119693312
13526,119693312
13527,119693312
13528,119693312
13529,119693312
13530,119693312
13531,119693312
13532,119693312
13533,119693312
13534,119697408
13535,119697408
13536,119697408
13537,119697408
13538,119697408
13539,119697408
13540,119697408
13541,119697408
13542,119697408
13543,119697408
13544,120090624
13545,120090624
13546,120090624
13547,120090624
13548,120090624
13549,120090624
13550,120090624
13551,120090624
13552,120090624
13553,120090624
13554,120090624
13555,120090624
13556,120090624
13557,120090624
13558,120090624
13559,120090624
13560,120090624
13561,120090624
13562,120090624
13563,120090624
13564,120090624
13565,120090624
13566,120090624
13567,120090624
13568,120090624
13569,120090624
13570,120090624
13571,120090624
13572,120090624
13573,120090624
13574,120090624
13575,120090624
13576,120090624
13577,120090624
13578,120090624
13579,120090624
13580,120090624
13581,120090624
13582,120090624
13583,120090624
13584,120090624
13585,120090624
13586,120090624
13587,120090624
13588,120090624
13589,120090624
13590,120090624
13591,120090624
13592,120090624
13593,120090624
13594,120090624
13595,120090624
13596,120090624
13597,120090624
13598,120090624
13599,120090624
13600,120090624
13601,120090624
13602,120090624
13603,120090624
13604,120090624
13605,120090624
13606,120090624
13607,120090624
13608,120090624
13609,120090624
13610,120090624
13611,120090624
13612,120090624
13613,120090624
13614,120090624
13615,120090624
13616,120090624
13617,120090624
13618,120090624
13619,120090624
13620,120090624
13621,120090624
13622,120090624
13623,120090624
13624,120090624
13625,120090624
13626,120090624
13627,120090624
13628,120090624
13629,120090624
13630,120090624
13631,120090624
13632,120090624
13633,120090624
13634,120090624
13635,120090624
13636,120090624
13637,120090624
13638,120090624
13639,120090624
13640,120090624
13641,120090624
13642,120090624
13643,120090624
13644,120090624
13645,120090624
13646,120090624
13647,120090624
13648,120090624
13649,120090624
13650,120090624
13651,120090624
13652,120090624
13653,120090624
13654,120090624
13655,120090624
13656,120090624
13657,120090624
13658,120090624
13659,120090624
13660,120090624
13661,120090624
13662,120090624
13663,120090624
13664,120090624
13665,120090624
13666,120090624
13667,120090624
13668,120090624
13669,120090624
13670,120090624
13671,120090624
13672,120090624
13673,120090624
13674,120090624
13675,120090624
13676,120090624
13677,120090624
13678,120090624
13679,120090624
13680,120090624
13681,120090624
13682,120090624
13683,120090624
13684,120090624
13685,120090624
13686,120090624
13687,120090624
13688,120090624
13689,120090624
13690,120090624
13691,120352768
13692,120352768
13693,120352768
13694,120352768
13695,120352768
13696,120352768
13697,120352768
13698,120352768
13699,120352768
13700,120352768
13701,120352768
13702,120352768
13703,120352768
13704,120352768
13705,120352768
13706,120352768
13707,120352768
13708,120352768
13709,120352768
13710,120352768
13711,120352768
13712,120352768
13713,120352768
13714,120352768
13715,120352768
13716,120352768
13717,120352768
13718,120352768
13719,120352768
13720,120352768
13721,120352768
13722,120352768
13723,120352768
13724,120352768
13725,120352768
13726,120352768
13727,120352768
13728,120352768
13729,120352768
13730,120352768
13731,120352768
13732,120352768
13733,120352768
13734,120352768
13735,120352768
13736,120352768
13737,120352768
13738,120352768
13739,120352768
13740,120352768
13741,120352768
13742,120352768
13743,120352768
13744,120352768
13745,120352768
13746,120352768
13747,120352768
13748,120352768
13749,120352768
13750,120352768
13751,120352768
13752,120352768
13753,120352768
13754,120352768
13755,120352768
13756,120352768
13757,120352768
13758,120352768
13759,120352768
13760,120352768
13761,120352768
13762,120352768
13763,120352768
13764,120352768
13765,120352768
13766,120352768
13767,120352768
13768,120352768
13769,120352768
13770,120352768
13771,120352768
13772,120352768
13773,120352768
13774,120352768
13775,120352768
13776,120352768
13777,120352768
13778,120352768
13779,120352768
13780,120352768
13781,120352768
13782,120352768
13783,120352768
13784,120352768
13785,120352768
13786,120352768
13787,120352768
13788,120352768
13789,120352768
13790,120352768
13791,120352768
13792,120352768
13793,120352768
13794,120352768
13795,120352768
13796,120352768
13797,120352768
13798,120352768
13799,120352768
13800,120352768
13801,120389632
13802,120389632
13803,120389632
13804,120389632
13805,120389632
13806,120389632
13807,120389632
13808,120389632
13809,120389632
13810,120389632
13811,120389632
13812,120389632
13813,120389632
13814,120389632
13815,120389632
13816,120389632
13817,120389632
13818,120389632
13819,120389632
13820,120389632
13821,120389632
13822,120389632
13823,120389632
13824,120389632
13825,120389632
13826,120389632
13827,120389632
13828,120389632
13829,120389632
13830,120389632
13831,120389632
13832,120389632
13833,120389632
13834,120389632
13835,120389632
13836,120389632
13837,120389632
13838,120389632
13839,120389632
13840,120389632
13841,120389632
13842,120389632
13843,120389632
13844,120389632
13845,120389632
13846,120389632
13847,120389632
13848,120389632
13849,120389632
13850,120389632
13851,120389632
13852,120389632
13853,120389632
13854,120389632
13855,120389632
13856,120389632
13857,120389632
13858,120389632
13859,120389632
13860,120389632
13861,120389632
13862,120389632
13863,120389632
13864,120389632
13865,120389632
13866,120389632
13867,120389632
13868,120389632
13869,120389632
13870,120389632
13871,120389632
13872,120389632
13873,120389632
13874,120389632
13875,120389632
13876,120389632
13877,120389632
13878,120389632
13879,120389632
13880,120389632
13881,120389632
13882,120389632
13883,120389632
13884,120389632
13885,120389632
13886,120389632
13887,120389632
13888,120389632
13889,120389632
13890,120389632
13891,120389632
13892,120389632
13893,120389632
13894,120389632
13895,120389632
13896,120389632
13897,120389632
13898,120389632
13899,120389632
13900,120389632
13901,120389632
13902,120389632
13903,120389632
13904,120389632
13905,120389632
13906,120389632
13907,120389632
13908,120389632
13909,120389632
13910,120389632
13911,120389632
13912,120389632
13913,120389632
13914,120389632
13915,120389632
13916,120389632
13917,120389632
13918,120389632
13919,120389632
13920,120389632
13921,120389632
13922,120389632
13923,120389632
13924,120389632
13925,120389632
13926,120389632
13927,120389632
13928,120389632
13929,120389632
13930,120389632
13931,120389632
13932,120389632
13933,120389632
13934,120389632
13935,120389632
13936,120389632
13937,120389632
13938,120389632
13939,120389632
13940,120389632
13941,120389632
13942,120389632
13943,120389632
13944,120389632
13945,120389632
13946,120389632
13947,120389632
13948,120389632
13949,120389632
13950,120389632
13951,120389632
13952,120389632
13953,120389632
13954,120389632
13955,120389632
13956,120389632
13957,120389632
13958,120389632
13959,120389632
13960,120389632
13961,120389632
13962,120389632
13963,120389632
13964,120389632
13965,120389632
13966,120389632
13967,120389632
13968,120389632
13969,120389632
13970,120389632
13971,120389632
13972,120389632
13973,120389632
13974,120389632
13975,120389632
13976,120389632
13977,120389632
13978,120389632
13979,120389632
13980,120389632
13981,120389632
13982,120389632
13983,120389632
13984,120389632
13985,120389632
13986,120389632
13987,120389632
13988,120389632
13989,120389632
13990,120389632
13991,120389632
13992,120389632
13993,120389632
13994,120389632
13995,120389632
13996,120389632
13997,120389632
13998,120389632
13999,120389632
14000,120389632
14001,120389632
14002,120389632
14003,120389632
14004,120389632
14005,120389632
14006,120389632
14007,120389632
14008,120389632
14009,120389632
14010,120389632
14011,120389632
14012,120389632
14013,120389632
14014,120389632
14015,120389632
14016,120389632
14017,120389632
14018,120389632
14019,120389632
14020,120389632
14021,120389632
14022,120389632
14023,120389632
14024,120389632
14025,120389632
14026,120389632
14027,120389632
14028,120389632
14029,120389632
14030,120389632
14031,120389632
14032,120389632
14033,120389632
14034,120389632
14035,120389632
14036,120389632
14037,120389632
14038,120389632
14039,120389632
14040,120389632
14041,120389632
14042,120389632
14043,120389632
14044,120389632
14045,120389632
14046,120389632
14047,120389632
14048,120389632
14049,120389632
14050,120389632
14051,120389632
14052,120389632
14053,120389632
14054,120389632
14055,120389632
14056,120389632
14057,120389632
14058,120389632
14059,120389632
14060,120389632
14061,120389632
14062,120389632
14063,120389632
14064,120389632
14065,120389632
14066,120389632
14067,120389632
14068,120389632
14069,120389632
14070,120389632
14071,120389632
14072,120389632
14073,120389632
14074,120389632
14075,120389632
14076,120389632
14077,120389632
14078,120389632
14079,120389632
14080,120389632
14081,120389632
14082,120389632
14083,120389632
14084,120389632
14085,120389632
14086,120389632
14087,120389632
14088,120389632
14089,120389632
14090,120389632
14091,120369152
14092,120369152
14093,120369152
14094,120369152
14095,120369152
14096,120369152
14097,120369152
14098,120369152
14099,120369152
14100,120369152
14101,120369152
14102,120369152
14103,120369152
14104,120369152
14105,120369152
14106,120369152
14107,120369152
14108,120369152
14109,120369152
14110,120369152
14111,120369152
14112,120369152
14113,120369152
14114,120369152
14115,120369152
14116,120369152
14117,120369152
14118,120369152
14119,120369152
14120,120369152
14121,120369152
14122,120369152
14123,120369152
14124,120369152
14125,120369152
14126,120369152
14127,120369152
14128,120369152
14129,120369152
14130,120369152
14131,120369152
14132,120369152
14133,120369152
14134,120369152
14135,120369152
14136,120369152
14137,120369152
14138,120369152
14139,120369152
14140,120369152
14141,120369152
14142,120369152
14143,120369152
14144,120369152
14145,120369152
14146,120369152
14147,120369152
14148,120369152
14149,120369152
14150,120369152
14151,120369152
14152,120369152
14153,120369152
14154,120369152
14155,120369152
14156,120369152
14157,120369152
14158,120369152
14159,120369152
14160,120369152
14161,120369152
14162,120369152
14163,120369152
14164,120369152
14165,120369152
14166,120369152
14167,120369152
14168,120369152
14169,120369152
14170,120369152
14171,120369152
14172,120369152
14173,120369152
14174,120369152
14175,120369152
14176,120369152
14177,120369152
14178,120369152
14179,120369152
14180,120369152
14181,120369152
14182,120369152
14183,120369152
14184,120369152
14185,120369152
14186,120369152
14187,120369152
14188,120369152
14189,120369152
14190,120369152
14191,120369152
14192,120369152
14193,120369152
14194,120369152
14195,120369152
14196,120369152
14197,120369152
14198,120369152
14199,120369152
14200,120369152
14201,120369152
14202,120369152
14203,120369152
14204,120369152
14205,120369152
14206,120369152
14207,120369152
14208,120369152
14209,120369152
14210,120369152
14211,120369152
14212,120369152
14213,120369152
14214,120369152
14215,120369152
14216,120369152
14217,120369152
14218,120369152
14219,120369152
14220,120369152
14221,120369152
14222,120369152
14223,120369152
14224,120369152
14225,120369152
14226,120369152
14227,120369152
14228,120369152
14229,120369152
14230,120369152
14231,120369152
14232,120369152
14233,120369152
14234,120369152
14235,120369152
14236,120369152
14237,120369152
14238,120369152
14239,120369152
14240,120369152
14241,120369152
14242,120369152
14243,120369152
14244,120369152
14245,120369152
14246,120369152
14247,120369152
14248,120369152
14249,120369152
14250,120369152
14251,120369152
14252,120369152
14253,120369152
14254,120369152
14255,120369152
14256,120369152
14257,120369152
14258,120369152
14259,120369152
14260,120369152
14261,120369152
14262,120369152
14263,120369152
14264,120369152
14265,120369152
14266,120369152
14267,120369152
14268,120369152
14269,120369152
14270,120369152
14271,120369152
14272,120369152
14273,120369152
14274,120369152
14275,120369152
14276,120369152
14277,120369152
14278,120369152
14279,120369152
14280,120369152
14281,120369152
14282,120369152
14283,120369152
14284,120369152
14285,120369152
14286,120369152
14287,120369152
14288,120369152
14289,120369152
14290,120369152
14291,120369152
14292,120369152
14293,120369152
14294,120369152
14295,113278976
14296,113016832
14297,113016832
14298,113016832
14299,113016832
14300,113016832
14301,113016832
14302,113016832
14303,113016832
14304,113016832
14305,113016832
14306,113016832
14307,113016832
14308,113016832
14309,113016832
14310,113016832
14311,113016832
14312,113016832
14313,113016832
14314,113016832
14315,113016832
14316,113016832
14317,113016832
14318,113016832
14319,113016832
14320,113016832
14321,113016832
14322,113016832
14323,113016832
14324,113016832
14325,113016832
14326,113016832
14327,113016832
14328,113016832
14329,113016832
14330,113016832
14331,113016832
14332,113016832
14333,113016832
14334,113016832
14335,113016832
14336,113016832
14337,113016832
14338,113016832
14339,113016832
14340,113016832
14341,113016832
14342,113016832
14343,113016832
14344,113016832
14345,113016832
14346,113016832
14347,113016832
14348,113016832
14349,113016832
14350,113016832
14351,113016832
14352,113016832
14353,113016832
14354,113016832
14355,113016832
14356,113016832
14357,113016832
14358,113016832
14359,113016832
14360,113016832
14361,113016832
14362,113016832
14363,113016832
14364,113016832
14365,113016832
14366,113016832
14367,113016832
14368,113016832
14369,113016832
14370,113016832
14371,113016832
14372,113016832
14373,113016832
14374,113016832
14375,113016832
14376,113016832
14377,113016832
14378,113016832
14379,113016832
14380,113016832
14381,113016832
14382,113016832
14383,113016832
14384,113016832
14385,113016832
14386,113016832
14387,113016832
14388,113016832
14389,113016832
14390,113016832
14391,113016832
14392,113016832
14393,113016832
14394,113016832
14395,113016832
14396,113016832
14397,113016832
14398,113016832
14399,113016832
14400,113016832
14401,113328128
14402,113328128
14403,113328128
14404,113328128
14405,113328128
14406,113328128
14407,113328128
14408,113328128
14409,113328128
14410,113328128
14411,113328128
14412,113328128
14413,113328128
14414,113328128
14415,113328128
14416,113328128
14417,113328128
14418,113328128
14419,113328128
14420,113328128
14421,113328128
14422,113328128
14423,113328128
14424,113328128
14425,113328128
14426,113328128
14427,113328128
14428,113328128
14429,113328128
14430,113328128
14431,113328128
14432,113328128
14433,113328128
14434,113328128
14435,113328128
14436,113328128
14437,113328128
14438,113328128
14439,113328128
14440,113328128
14441,113328128
14442,113328128
14443,113328128
14444,113328128
14445,113328128
14446,113328128
14447,113328128
14448,113328128
14449,113328128
14450,113328128
14451,113328128
14452,113328128
14453,113328128
14454,113328128
14455,113328128
14456,113328128
14457,113328128
14458,113328128
14459,113328128
14460,113328128
14461,113328128
14462,113328128
14463,113328128
14464,113328128
14465,113328128
14466,113328128
14467,113328128
14468,113328128
14469,113328128
14470,113328128
14471,113328128
14472,113328128
14473,113328128
14474,113328128
14475,113328128
14476,113328128
14477,113328128
14478,113328128
14479,113328128
14480,113328128
14481,113328128
14482,113328128
14483,113328128
14484,113328128
14485,113328128
14486,113328128
14487,113328128
14488,113328128
14489,113328128
14490,113328128
14491,113328128
14492,113328128
14493,113328128
14494,113328128
14495,113328128
14496,113328128
14497,113328128
14498,113328128
14499,113328128
14500,113328128
14501,113328128
14502,113328128
14503,113328128
14504,113328128
14505,113328128
14506,113328128
14507,113328128
14508,113328128
14509,113328128
14510,113328128
14511,113328128
14512,113328128
14513,113328128
14514,113328128
14515,113328128
14516,113328128
14517,113328128
14518,113328128
14519,113328128
14520,113328128
14521,113328128
14522,113328128
14523,113328128
14524,113328128
14525,113328128
14526,113328128
14527,113328128
14528,113328128
14529,113328128
14530,113328128
14531,113328128
14532,113328128
14533,113328128
14534,113328128
14535,113328128
14536,113328128
14537,113328128
14538,113328128
14539,113328128
14540,113328128
14541,113328128
14542,113328128
14543,113328128
14544,113328128
14545,113328128
14546,113328128
14547,113328128
14548,113328128
14549,113328128
14550,113328128
14551,113328128
14552,113328128
14553,113328128
14554,113328128
14555,113328128
14556,113328128
14557,113328128
14558,113328128
14559,113328128
14560,113328128
14561,113328128
14562,113328128
14563,113328128
14564,113328128
14565,113328128
14566,113328128
14567,113328128
14568,113328128
14569,113328128
14570,113328128
14571,113328128
14572,113328128
14573,113328128
14574,113328128
14575,113328128
14576,113328128
14577,113328128
14578,113328128
14579,113328128
14580,113328128
14581,113328128
14582,113328128
14583,113328128
14584,113328128
14585,113328128
14586,113328128
14587,113328128
14588,113328128
14589,113328128
14590,113328128
14591,113328128
14592,113328128
14593,113328128
14594,113328128
14595,113328128
14596,113328128
14597,113328128
14598,113328128
14599,113328128
14600,113328128
14601,113328128
14602,113328128
14603,113328128
14604,113328128
14605,113328128
14606,113328128
14607,113328128
14608,113328128
14609,113328128
14610,113328128
14611,113328128
14612,113328128
14613,113328128
14614,113328128
14615,113328128
14616,113328128
14617,113328128
14618,113328128
14619,113328128
14620,113328128
14621,113328128
14622,113328128
14623,113328128
14624,113328128
14625,113328128
14626,113328128
14627,113328128
14628,113328128
14629,113328128
14630,113328128
14631,113328128
14632,113328128
14633,113328128
14634,113328128
14635,113328128
14636,113328128
14637,113328128
14638,113328128
14639,113328128
14640,113328128
14641,113328128
14642,113328128
14643,113328128
14644,113328128
14645,113328128
14646,113328128
14647,113328128
14648,113328128
14649,113328128
14650,113328128
14651,113328128
14652,113328128
14653,113328128
14654,113328128
14655,113328128
14656,113328128
14657,113328128
14658,113328128
14659,113328128
14660,113328128
14661,113328128
14662,113328128
14663,113328128
14664,113328128
14665,113328128
14666,113328128
14667,113328128
14668,113328128
14669,113328128
14670,113328128
14671,113328128
14672,113328128
14673,113328128
14674,113328128
14675,113328128
14676,113328128
14677,113328128
14678,113328128
14679,113328128
14680,113328128
14681,113328128
14682,113328128
14683,113328128
14684,113328128
14685,113328128
14686,113328128
14687,113328128
14688,113934336
14689,113934336
14690,113934336
14691,113934336
14692,113934336
14693,113934336
14694,113934336
14695,113934336
14696,113913856
14697,113913856
14698,113913856
14699,113913856
14700,113913856
14701,113913856
14702,113913856
14703,113913856
14704,113913856
14705,113913856
14706,113913856
14707,113913856
14708,113913856
14709,113913856
14710,113913856
14711,113913856
14712,113913856
14713,113913856
14714,113913856
14715,113913856
14716,113913856
14717,113913856
14718,113913856
14719,113913856
14720,113913856
14721,113913856
14722,113913856
14723,113913856
14724,113913856
14725,113913856
14726,113913856
14727,113913856
14728,113913856
14729,113913856
14730,113913856
14731,113913856
14732,113913856
14733,113913856
14734,113913856
14735,113913856
14736,113913856
14737,113913856
14738,113913856
14739,113913856
14740,113913856
14741,113913856
14742,113913856
14743,113913856
14744,113913856
14745,113913856
14746,113913856
14747,113913856
14748,113913856
14749,113913856
14750,113913856
14751,113913856
14752,113913856
14753,113913856
14754,113913856
14755,113913856
14756,113913856
14757,113913856
14758,113913856
14759,113913856
14760,113913856
14761,113913856
14762,113913856
14763,113917952
14764,113917952
14765,113917952
14766,113917952
14767,113917952
14768,113917952
14769,113917952
14770,113917952
14771,113917952
14772,113917952
14773,113917952
14774,113917952
14775,113917952
14776,113917952
14777,113917952
14778,113917952
14779,113917952
14780,113917952
14781,113917952
14782,113917952
14783,113917952
14784,113917952
14785,113917952
14786,113917952
14787,113917952
14788,113917952
14789,113917952
14790,113917952
14791,113917952
14792,113917952
14793,113917952
14794,113917952
14795,113917952
14796,113917952
14797,113917952
14798,113917952
14799,113917952
14800,113917952
14801,113917952
14802,113917952
14803,113917952
14804,113917952
14805,113917952
14806,113917952
14807,113917952
14808,113917952
14809,113917952
14810,113917952
14811,113917952
14812,113917952
14813,113917952
14814,113917952
14815,113917952
14816,113917952
14817,113917952
14818,113917952
14819,113917952
14820,113917952
14821,113917952
14822,113917952
14823,113917952
14824,113917952
14825,113917952
14826,113917952
14827,113917952
14828,113917952
14829,113917952
14830,113917952
14831,113917952
14832,113917952
14833,113917952
14834,113917952
14835,113917952
14836,113917952
14837,113917952
14838,113917952
14839,113917952
14840,113917952
14841,113917952
14842,113917952
14843,113917952
14844,113917952
14845,113917952
14846,113917952
14847,113917952
14848,113917952
14849,113917952
14850,113917952
14851,113917952
14852,113917952
14853,113917952
14854,113917952
14855,113917952
14856,113917952
14857,113917952
14858,113917952
14859,113917952
14860,113917952
14861,113917952
14862,113917952
14863,113917952
14864,113917952
14865,113917952
14866,113917952
14867,113917952
14868,113917952
14869,113917952
14870,113917952
14871,113917952
14872,113917952
14873,113917952
14874,113917952
14875,113917952
14876,113917952
14877,113917952
14878,113917952
14879,113917952
14880,113917952
14881,113917952
14882,113917952
14883,113917952
14884,113917952
14885,113917952
14886,113917952
14887,113917952
14888,113917952
14889,113917952
14890,113917952
14891,113917952
14892,113917952
14893,113917952
14894,113917952
14895,113917952
14896,113917952
14897,113917952
14898,113917952
14899,113917952
14900,113917952
14901,113917952
14902,113917952
14903,113917952
14904,113917952
14905,113917952
14906,113917952
14907,113917952
14908,113917952
14909,113917952
14910,113917952
14911,113917952
14912,113917952
14913,113917952
14914,113917952
14915,113917952
14916,113917952
14917,113917952
14918,113917952
14919,113917952
14920,113917952
14921,113917952
14922,113917952
14923,113917952
14924,113917952
14925,113917952
14926,113917952
14927,113917952
14928,113917952
14929,113917952
14930,113917952
14931,113917952
14932,113917952
14933,113917952
14934,113917952
14935,113917952
14936,113917952
14937,113917952
14938,113917952
14939,113917952
14940,113917952
14941,113917952
14942,113917952
14943,113917952
14944,113917952
14945,113917952
14946,113917952
14947,113917952
14948,113917952
14949,113917952
14950,113917952
14951,113917952
14952,113917952
14953,113917952
14954,113917952
14955,113917952
14956,113917952
14957,113917952
14958,113917952
14959,113917952
14960,113917952
14961,113917952
14962,113917952
14963,113917952
14964,113917952
14965,113917952
14966,113917952
14967,113917952
14968,113917952
14969,113917952
14970,113917952
14971,113917952
14972,113917952
14973,113917952
14974,113917952
14975,113917952
14976,113917952
14977,113917952
14978,113917952
14979,113917952
14980,113917952
14981,113917952
14982,113917952
14983,113917952
14984,113917952
14985,113917952
14986,113917952
14987,113917952
14988,113917952
14989,113917952
14990,113917952
14991,113917952
14992,113917952
14993,113917952
14994,113917952
14995,113917952
14996,113917952
14997,113917952
14998,113917952
14999,113917952
15000,113917952
15001,113963008
15002,113963008
15003,113963008
15004,113963008
15005,113963008
15006,113963008
15007,113963008
15008,113963008
15009,113963008
15010,113963008
15011,113963008
15012,113963008
15013,113963008
15014,113963008
15015,113963008
15016,113963008
15017,113963008
15018,113963008
15019,113963008
15020,113963008
15021,113963008
15022,113963008
15023,113963008
15024,113963008
15025,113963008
15026,113963008
15027,113963008
15028,113963008
15029,113963008
15030,113963008
15031,113963008
15032,113963008
15033,113963008
15034,113963008
15035,113963008
15036,113963008
15037,113963008
15038,113963008
15039,113963008
15040,113963008
15041,113963008
15042,113963008
15043,113963008
15044,113963008
15045,113963008
15046,113963008
15047,113963008
15048,113963008
15049,113963008
15050,113963008
15051,113963008
15052,113963008
15053,113963008
15054,113963008
15055,113963008
15056,113963008
15057,113963008
15058,113963008
15059,113963008
15060,113963008
15061,113963008
15062,113963008
15063,113963008
15064,113963008
15065,113963008
15066,113963008
15067,113963008
15068,113963008
15069,113963008
15070,113963008
15071,113963008
15072,113963008
15073,113963008
15074,113963008
15075,113963008
15076,113963008
15077,113963008
15078,113963008
15079,113963008
15080,113963008
15081,113963008
15082,113963008
15083,113963008
15084,113963008
15085,113963008
15086,113963008
15087,113963008
15088,113963008
15089,113963008
15090,113963008
15091,113963008
15092,113963008
15093,113963008
15094,113963008
15095,113963008
15096,113963008
15097,113963008
15098,113963008
15099,113963008
15100,113963008
15101,113963008
15102,113963008
15103,113963008
15104,113963008
15105,113963008
15106,113963008
15107,113963008
15108,113963008
15109,113963008
15110,113963008
15111,113963008
15112,113963008
15113,113963008
15114,111824896
15115,111824896
15116,111824896
15117,111824896
15118,111824896
15119,111824896
15120,111824896
15121,111824896
15122,111824896
15123,111824896
15124,111824896
15125,111824896
15126,111824896
15127,111824896
15128,111824896
15129,111824896
15130,111824896
15131,111824896
15132,111824896
15133,111824896
15134,111824896
15135,111824896
15136,111824896
15137,111824896
15138,111824896
15139,111824896
15140,111824896
15141,111824896
15142,111824896
15143,111824896
15144,111824896
15145,111824896
15146,111824896
15147,111824896
15148,111824896
15149,111824896
15150,111824896
15151,111824896
15152,111824896
15153,111824896
15154,111824896
15155,111824896
15156,111824896
15157,111824896
15158,111824896
15159,111824896
15160,111824896
15161,111824896
15162,111824896
15163,111824896
15164,111824896
15165,111824896
15166,111824896
15167,111824896
15168,111824896
15169,111824896
15170,111824896
15171,111824896
15172,111824896
15173,111824896
15174,111824896
15175,111824896
15176,111824896
15177,111824896
15178,111824896
15179,111824896
15180,111824896
15181,111824896
15182,111824896
15183,111824896
15184,111824896
15185,111824896
15186,111824896
15187,111824896
15188,111824896
15189,111824896
15190,111824896
15191,111824896
15192,111824896
15193,111824896
15194,111824896
15195,111800320
15196,111800320
15197,111800320
15198,111800320
15199,111800320
15200,111800320
15201,111800320
15202,111800320
15203,111800320
15204,111800320
15205,111800320
15206,111800320
15207,111800320
15208,111800320
15209,111800320
15210,111800320
15211,111800320
15212,111800320
15213,111800320
15214,111800320
15215,111800320
15216,111800320
15217,111800320
15218,111800320
15219,111800320
15220,111800320
15221,111800320
15222,111800320
15223,111800320
15224,111800320
15225,111800320
15226,111800320
15227,111800320
15228,111800320
15229,111800320
15230,111800320
15231,111800320
15232,111800320
15233,111800320
15234,111800320
15235,111800320
15236,111800320
15237,111800320
15238,111800320
15239,111800320
15240,111800320
15241,111800320
15242,111800320
15243,111800320
15244,111800320
15245,111800320
15246,111800320
15247,111800320
15248,111800320
15249,111800320
15250,111800320
15251,111800320
15252,111800320
15253,111800320
15254,111800320
15255,111800320
15256,111800320
15257,111800320
15258,111800320
15259,111800320
15260,111800320
15261,111800320
15262,111800320
15263,111800320
15264,111800320
15265,111800320
15266,111800320
15267,111800320
15268,111800320
15269,111800320
15270,111800320
15271,111800320
15272,111800320
15273,111800320
15274,111800320
15275,111800320
15276,111800320
15277,111800320
15278,111800320
15279,111800320
15280,111800320
15281,111800320
15282,111800320
15283,111800320
15284,111800320
15285,111800320
15286,111800320
15287,111800320
15288,111800320
15289,111800320
15290,111800320
15291,111800320
15292,111800320
15293,111800320
15294,111800320
15295,111800320
15296,111800320
15297,111800320
15298,111800320
15299,111800320
15300,111800320
15301,111800320
15302,111800320
15303,111800320
15304,111800320
15305,111800320
15306,111800320
15307,111800320
15308,111800320
15309,111800320
15310,111800320
15311,111800320
15312,111800320
15313,111800320
15314,111800320
15315,111800320
15316,111800320
15317,111800320
15318,111800320
15319,111800320
15320,111800320
15321,111800320
15322,111800320
15323,111800320
15324,111800320
15325,111800320
15326,111800320
15327,111800320
15328,111800320
15329,111800320
15330,111800320
15331,111800320
15332,111800320
15333,111800320
15334,111800320
15335,111800320
15336,111800320
15337,111800320
15338,111800320
15339,111800320
15340,111800320
15341,111800320
15342,111800320
15343,111800320
15344,111800320
15345,111800320
15346,111800320
15347,111800320
15348,111800320
15349,111800320
15350,111800320
15351,111800320
15352,111800320
15353,111800320
15354,111800320
15355,111800320
15356,111800320
15357,111800320
15358,111800320
15359,111800320
15360,111800320
15361,111800320
15362,111800320
15363,111800320
15364,111800320
15365,111800320
15366,111800320
15367,111800320
15368,111800320
15369,111800320
15370,111800320
15371,111800320
15372,111800320
15373,111800320
15374,111800320
15375,111800320
15376,111800320
15377,111800320
15378,111800320
15379,111800320
15380,111800320
15381,111800320
15382,111800320
15383,111800320
15384,111800320
15385,111800320
15386,111800320
15387,111800320
15388,111800320
15389,111800320
15390,111800320
15391,111800320
15392,111800320
15393,111800320
15394,111800320
15395,111800320
15396,111800320
15397,111800320
15398,111800320
15399,111800320
15400,111800320
15401,111800320
15402,111800320
15403,111800320
15404,111800320
15405,111800320
15406,111800320
15407,111800320
15408,111800320
15409,111800320
15410,111800320
15411,111800320
15412,111800320
15413,111800320
15414,111800320
15415,111800320
15416,111800320
15417,111800320
15418,111800320
15419,111800320
15420,111800320
15421,111800320
15422,111800320
15423,111800320
15424,111800320
15425,111800320
15426,111800320
15427,111800320
15428,111800320
15429,111800320
15430,111800320
15431,111800320
15432,111800320
15433,111800320
15434,111800320
15435,111800320
15436,111800320
15437,111800320
15438,111800320
15439,111800320
15440,111800320
15441,111800320
15442,111800320
15443,111800320
15444,111800320
15445,111800320
15446,111800320
15447,111800320
15448,111800320
15449,111800320
15450,111800320
15451,111800320
15452,111800320
15453,111800320
15454,111800320
15455,111800320
15456,111800320
15457,111800320
15458,111800320
15459,111800320
15460,111800320
15461,111800320
15462,111800320
15463,111800320
15464,111800320
15465,111800320
15466,111800320
15467,111800320
15468,111800320
15469,111800320
15470,111800320
15471,111800320
15472,111800320
15473,111800320
15474,111800320
15475,111800320
15476,111800320
15477,111800320
15478,111800320
15479,111800320
15480,111800320
15481,111800320
15482,111800320
15483,111800320
15484,111800320
15485,111800320
15486,111800320
15487,111800320
15488,111800320
15489,111800320
15490,111800320
15491,111800320
15492,111800320
15493,111800320
15494,111800320
15495,111800320
15496,111800320
15497,111800320
15498,111800320
15499,111800320
15500,111800320
15501,111800320
15502,111800320
15503,111800320
15504,111800320
15505,111800320
15506,111800320
15507,111800320
15508,111800320
15509,111800320
15510,111800320
15511,111800320
15512,111800320
15513,111800320
15514,111800320
15515,111779840
15516,111779840
15517,111779840
15518,111779840
15519,111779840
15520,111779840
15521,111779840
15522,111779840
15523,111779840
15524,111779840
15525,111779840
15526,111779840
15527,111779840
15528,111779840
15529,111779840
15530,111779840
15531,111779840
15532,111779840
15533,111779840
15534,111779840
15535,111779840
15536,111779840
15537,111779840
15538,111779840
15539,111779840
15540,111779840
15541,111779840
15542,111779840
15543,111779840
15544,111779840
15545,111779840
15546,111779840
15547,111779840
15548,111779840
15549,111779840
15550,111779840
15551,111779840
15552,111779840
15553,111779840
15554,111779840
15555,111779840
15556,111779840
15557,111779840
15558,111779840
15559,111779840
15560,111779840
15561,111779840
15562,111779840
15563,111779840
15564,111779840
15565,111779840
15566,111779840
15567,111779840
15568,111779840
15569,111779840
15570,111779840
15571,111779840
15572,111779840
15573,111779840
15574,111779840
15575,111779840
15576,111779840
15577,111779840
15578,111779840
15579,111779840
15580,111779840
15581,111779840
15582,111779840
15583,111779840
15584,111779840
15585,111779840
15586,111779840
15587,111779840
15588,111779840
15589,111779840
15590,111779840
15591,111779840
15592,111779840
15593,111779840
15594,111779840
15595,111779840
15596,111779840
15597,111779840
15598,111779840
15599,111779840
15600,111779840
15601,111009792
15602,111022080
15603,111022080
15604,111022080
15605,111022080
15606,111022080
15607,111022080
15608,111022080
15609,111022080
15610,111022080
15611,111632384
15612,111632384
15613,111632384
15614,111632384
15615,111632384
15616,111632384
15617,111632384
15618,111632384
15619,111632384
15620,111632384
15621,111632384
15622,111632384
15623,111632384
15624,111636480
15625,111636480
15626,111636480
15627,111636480
15628,111636480
15629,111636480
15630,111636480
15631,111636480
15632,111636480
15633,111636480
15634,111636480
15635,111636480
15636,111636480
15637,111636480
15638,111636480
15639,111636480
15640,111636480
15641,111636480
15642,111636480
15643,111636480
15644,111636480
15645,111636480
15646,111636480
15647,111636480
15648,111636480
15649,111636480
15650,111636480
15651,111636480
15652,111636480
15653,111636480
15654,111636480
15655,111636480
15656,111636480
15657,111636480
15658,111636480
15659,111816704
15660,111816704
15661,111816704
15662,111816704
15663,111816704
15664,111816704
15665,111816704
15666,111816704
15667,111816704
15668,111816704
15669,111816704
15670,111816704
15671,111816704
15672,111816704
15673,111816704
15674,111816704
15675,111816704
15676,111816704
15677,111816704
15678,111816704
15679,111816704
15680,111816704
15681,111816704
15682,111816704
15683,111816704
15684,111816704
15685,111816704
15686,111816704
15687,111816704
15688,111816704
15689,111816704
15690,111816704
15691,111816704
15692,111816704
15693,111816704
15694,111816704
15695,111816704
15696,111816704
15697,111816704
15698,111816704
15699,111816704
15700,111816704
15701,111816704
15702,111816704
15703,111816704
15704,111816704
15705,111816704
15706,111816704
15707,111816704
15708,111816704
15709,111816704
15710,111816704
15711,111816704
15712,111816704
15713,111816704
15714,111816704
15715,111816704
15716,111816704
15717,111816704
15718,111816704
15719,111816704
15720,111816704
15721,111816704
15722,111816704
15723,111816704
15724,111816704
15725,111816704
15726,111816704
15727,111816704
15728,111816704
15729,111816704
15730,111816704
15731,111816704
15732,111816704
15733,111816704
15734,111816704
15735,111816704
15736,111816704
15737,111816704
15738,111816704
15739,111816704
15740,111816704
15741,111816704
15742,111816704
15743,111816704
15744,111816704
15745,111816704
15746,111816704
15747,111816704
15748,111816704
15749,111816704
15750,111816704
15751,111816704
15752,111816704
15753,111816704
15754,111816704
15755,111816704
15756,111816704
15757,111816704
15758,111816704
15759,111816704
15760,111816704
15761,111816704
15762,111816704
15763,111816704
15764,111816704
15765,111816704
15766,111816704
15767,111816704
15768,111816704
15769,111816704
15770,111816704
15771,111816704
15772,111816704
15773,111816704
15774,111816704
15775,111816704
15776,111816704
15777,111816704
15778,111816704
15779,111816704
15780,111816704
15781,111816704
15782,111816704
15783,111816704
15784,111816704
15785,111816704
15786,111816704
15787,111816704
15788,111816704
15789,111816704
15790,111816704
15791,111816704
15792,111816704
15793,111816704
15794,111816704
15795,111816704
15796,111816704
15797,111816704
15798,111816704
15799,111816704
15800,111816704
15801,111816704
15802,111816704
15803,111816704
15804,111816704
15805,111816704
15806,112070656
15807,112070656
15808,112070656
15809,112070656
15810,112070656
15811,112070656
15812,112070656
15813,112070656
15814,112070656
15815,112070656
15816,112070656
15817,112070656
15818,112070656
15819,112070656
15820,112070656
15821,112070656
15822,112070656
15823,112070656
15824,112070656
15825,112070656
15826,112070656
15827,112070656
15828,112070656
15829,112070656
15830,112070656
15831,112070656
15832,112070656
15833,112070656
15834,112070656
15835,112070656
15836,112070656
15837,112070656
15838,112070656
15839,112070656
15840,112070656
15841,112070656
15842,112070656
15843,112070656
15844,112070656
15845,112070656
15846,112070656
15847,112070656
15848,112070656
15849,112070656
15850,112070656
15851,112070656
15852,112070656
15853,112070656
15854,112070656
15855,112070656
15856,112070656
15857,112070656
15858,112070656
15859,112070656
15860,112070656
15861,112070656
15862,112070656
15863,112070656
15864,112070656
15865,112070656
15866,112070656
15867,112070656
15868,112070656
15869,112070656
15870,112070656
15871,112070656
15872,112070656
15873,112070656
15874,112070656
15875,112070656
15876,112070656
15877,112070656
15878,112070656
15879,112070656
15880,112070656
15881,112070656
15882,112070656
15883,112070656
15884,112070656
15885,112070656
15886,112070656
15887,112070656
15888,112070656
15889,112070656
15890,112070656
15891,112070656
15892,112070656
15893,112070656
15894,112070656
15895,112070656
15896,112070656
15897,112070656
15898,112070656
15899,112070656
15900,112070656
15901,112070656
15902,112070656
15903,112070656
15904,112070656
15905,112070656
15906,112070656
15907,112070656
15908,112070656
15909,112070656
15910,112070656
15911,112070656
15912,112070656
15913,112070656
15914,112070656
15915,112070656
15916,112070656
15917,112070656
15918,112070656
15919,112070656
15920,112070656
15921,112070656
15922,112070656
15923,112070656
15924,112070656
15925,112070656
15926,112070656
15927,112070656
15928,112070656
15929,112070656
15930,112070656
15931,112070656
15932,112070656
15933,112070656
15934,112070656
15935,112070656
15936,112070656
15937,112070656
15938,112070656
15939,112070656
15940,112070656
15941,112070656
15942,112070656
15943,112070656
15944,112070656
15945,112070656
15946,112070656
15947,112070656
15948,112070656
15949,112070656
15950,112070656
15951,112070656
15952,112070656
15953,112070656
15954,112070656
15955,112070656
15956,112070656
15957,112070656
15958,112070656
15959,112070656
15960,112070656
15961,112070656
15962,112070656
15963,112070656
15964,112070656
15965,112070656
15966,112070656
15967,112070656
15968,112070656
15969,112070656
15970,112070656
15971,112328704
15972,112328704
15973,112328704
15974,112328704
15975,112328704
15976,112328704
15977,112328704
15978,112328704
15979,112328704
15980,112328704
15981,112328704
15982,112328704
15983,112328704
15984,112328704
15985,112328704
15986,112328704
15987,112328704
15988,112328704
15989,112328704
15990,112328704
15991,112328704
15992,112328704
15993,112328704
15994,112328704
15995,112328704
15996,112328704
15997,112328704
15998,112328704
15999,112328704
16000,112328704
16001,112328704
16002,112328704
16003,112328704
16004,112328704
16005,112328704
16006,112328704
16007,112328704
16008,112328704
16009,112328704
16010,112328704
16011,112328704
16012,112328704
16013,112328704
16014,112328704
16015,112328704
16016,112328704
16017,112328704
16018,112328704
16019,112328704
16020,112328704
16021,112328704
16022,112328704
16023,112328704
16024,112328704
16025,112328704
16026,112328704
16027,112328704
16028,112328704
16029,112328704
16030,112328704
16031,112328704
16032,112328704
16033,112328704
16034,112328704
16035,112328704
16036,112328704
16037,112328704
16038,112328704
16039,112328704
16040,112328704
16041,112328704
16042,112328704
16043,112328704
16044,112328704
16045,112328704
16046,112328704
16047,112328704
16048,112328704
16049,112328704
16050,112328704
16051,112328704
16052,112328704
16053,112328704
16054,112328704
16055,112328704
16056,112328704
16057,112328704
16058,112328704
16059,112328704
16060,112328704
16061,112328704
16062,112328704
16063,112328704
16064,112328704
16065,112328704
16066,112328704
16067,112328704
16068,112328704
16069,112328704
16070,112328704
16071,112328704
16072,112328704
16073,112328704
16074,112328704
16075,112328704
16076,112328704
16077,112328704
16078,112328704
16079,112328704
16080,112328704
16081,112328704
16082,112328704
16083,112328704
16084,112328704
16085,112328704
16086,112328704
16087,112328704
16088,112328704
16089,112328704
16090,112328704
16091,112328704
16092,112328704
16093,112328704
16094,112328704
16095,112328704
16096,112328704
16097,112328704
16098,112328704
16099,112328704
16100,112328704
16101,112328704
16102,112328704
16103,112328704
16104,112328704
16105,112328704
16106,112328704
16107,112328704
16108,112328704
16109,112328704
16110,112328704
16111,112328704
16112,112328704
16113,112328704
16114,112328704
16115,112328704
16116,112328704
16117,112328704
16118,112328704
16119,112328704
16120,112328704
16121,112328704
16122,112328704
16123,112328704
16124,112328704
16125,112328704
16126,112328704
16127,112328704
16128,112328704
16129,112328704
16130,112328704
16131,112328704
16132,112328704
16133,112328704
16134,112328704
16135,112328704
16136,112582656
16137,112582656
16138,112582656
16139,112582656
16140,112582656
16141,112582656
16142,112582656
16143,112582656
16144,112582656
16145,112582656
16146,112582656
16147,112582656
16148,112582656
16149,112582656
16150,112582656
16151,112582656
16152,112582656
16153,112582656
16154,112582656
16155,112582656
16156,112582656
16157,112582656
16158,112582656
16159,112582656
16160,112582656
16161,112582656
16162,112582656
16163,112582656
16164,112582656
16165,112582656
16166,112582656
16167,112582656
16168,112582656
16169,112582656
16170,112582656
16171,112582656
16172,112582656
16173,112582656
16174,112582656
16175,112582656
16176,112582656
16177,112582656
16178,112582656
16179,112582656
16180,112582656
16181,112582656
16182,112582656
16183,112582656
16184,112582656
16185,112582656
16186,112582656
16187,112582656
16188,112582656
16189,112582656
16190,112582656
16191,112582656
16192,112582656
16193,112582656
16194,112582656
16195,112582656
16196,112582656
16197,112582656
16198,112582656
16199,112582656
16200,112582656
16201,112758784
16202,112758784
16203,112758784
16204,112758784
16205,112758784
16206,112758784
16207,112758784
16208,112758784
16209,112758784
16210,112758784
16211,112758784
16212,112758784
16213,112758784
16214,112758784
16215,112758784
16216,112758784
16217,112758784
16218,112758784
16219,112758784
16220,112758784
16221,112758784
16222,112758784
16223,112758784
16224,112758784
16225,112758784
16226,112758784
16227,112758784
16228,112758784
16229,112758784
16230,112758784
16231,112758784
16232,112758784
16233,112758784
16234,112758784
16235,112758784
16236,112758784
16237,112758784
16238,112758784
16239,112758784
16240,112758784
16241,112758784
16242,112758784
16243,112758784
16244,112758784
16245,112758784
16246,112758784
16247,112758784
16248,112758784
16249,112758784
16250,112758784
16251,112758784
16252,112758784
16253,112758784
16254,112758784
16255,112758784
16256,112758784
16257,112758784
16258,112758784
16259,112758784
16260,112758784
16261,112758784
16262,112758784
16263,112758784
16264,112758784
16265,112758784
16266,112758784
16267,112758784
16268,112758784
16269,112758784
16270,112758784
16271,112758784
16272,112758784
16273,112758784
16274,112758784
16275,112758784
16276,112758784
16277,112758784
16278,112758784
16279,112758784
16280,112758784
16281,112758784
16282,112758784
16283,112758784
16284,112758784
16285,112758784
16286,112758784
16287,112758784
16288,112758784
16289,112758784
16290,112758784
16291,112758784
16292,112758784
16293,112758784
16294,112758784
16295,112758784
16296,112758784
16297,112758784
16298,112758784
16299,112758784
16300,112758784
16301,112758784
16302,112758784
16303,112758784
16304,112758784
16305,112758784
16306,112758784
16307,112758784
16308,112758784
16309,112758784
16310,112758784
16311,112758784
16312,112758784
16313,112758784
16314,112758784
16315,112758784
16316,112758784
16317,112758784
16318,113012736
16319,113012736
16320,113012736
16321,113012736
16322,113012736
16323,113012736
16324,113012736
16325,113012736
16326,113012736
16327,113012736
16328,113012736
16329,113012736
16330,113012736
16331,113012736
16332,113012736
16333,113012736
16334,113012736
16335,113012736
16336,113012736
16337,113012736
16338,113012736
16339,113012736
16340,113012736
16341,113012736
16342,113012736
16343,113012736
16344,113012736
16345,113012736
16346,113012736
16347,113012736
16348,113012736
16349,113012736
16350,113012736
16351,113012736
16352,113012736
16353,113012736
16354,113012736
16355,113012736
16356,113012736
16357,113012736
16358,113012736
16359,113012736
16360,113012736
16361,113012736
16362,113012736
16363,113012736
16364,113012736
16365,113012736
16366,113012736
16367,113012736
16368,113012736
16369,113012736
16370,113012736
16371,113012736
16372,113012736
16373,113012736
16374,113012736
16375,113012736
16376,113012736
16377,113012736
16378,113012736
16379,113012736
16380,113012736
16381,113012736
16382,113012736
16383,113012736
16384,113012736
16385,113012736
16386,113012736
16387,113012736
16388,113012736
16389,113012736
16390,113012736
16391,113012736
16392,113012736
16393,113012736
16394,113012736
16395,113012736
16396,113012736
16397,113012736
16398,113012736
16399,113012736
16400,113012736
16401,113012736
16402,113012736
16403,113012736
16404,113012736
16405,113012736
16406,113012736
16407,113012736
16408,113012736
16409,113012736
16410,113012736
16411,113012736
16412,113012736
16413,113012736
16414,113012736
16415,113012736
16416,113012736
16417,113012736
16418,113012736
16419,113012736
16420,113012736
16421,113012736
16422,113012736
16423,113012736
16424,113012736
16425,113012736
16426,113012736
16427,113012736
16428,113012736
16429,113012736
16430,113012736
16431,113012736
16432,113012736
16433,113012736
16434,113012736
16435,113012736
16436,113012736
16437,113012736
16438,113012736
16439,113012736
16440,113012736
16441,113012736
16442,113012736
16443,113012736
16444,113012736
16445,113012736
16446,113012736
16447,113012736
16448,113012736
16449,113012736
16450,113012736
16451,113012736
16452,113012736
16453,113012736
16454,113012736
16455,113012736
16456,113012736
16457,113012736
16458,113012736
16459,113012736
16460,113012736
16461,113012736
16462,113012736
16463,113012736
16464,113012736
16465,113270784
16466,113270784
16467,113270784
16468,113270784
16469,113270784
16470,113270784
16471,113270784
16472,113270784
16473,113270784
16474,113270784
16475,113270784
16476,113270784
16477,113270784
16478,113270784
16479,113270784
16480,113270784
16481,113270784
16482,113270784
16483,113270784
16484,113270784
16485,113270784
16486,113270784
16487,113270784
16488,113270784
16489,113270784
16490,113270784
16491,113270784
16492,113270784
16493,113270784
16494,113270784
16495,113270784
16496,113270784
16497,113270784
16498,113270784
16499,113270784
16500,113270784
16501,113270784
16502,113270784
16503,113270784
16504,113270784
16505,113270784
16506,113270784
16507,113270784
16508,113270784
16509,113270784
16510,113270784
16511,113270784
16512,113270784
16513,113270784
16514,113270784
16515,113270784
16516,113270784
16517,113270784
16518,113270784
16519,113270784
16520,113270784
16521,113270784
16522,113270784
16523,113270784
16524,113270784
16525,113270784
16526,113270784
16527,113270784
16528,113270784
16529,113270784
16530,113270784
16531,113270784
16532,113270784
16533,113270784
16534,113270784
16535,113270784
16536,113270784
16537,113270784
16538,113270784
16539,113270784
16540,113270784
16541,113270784
16542,113270784
16543,113270784
16544,113270784
16545,113270784
16546,113270784
16547,113270784
16548,113270784
16549,113270784
16550,113270784
16551,113270784
16552,113270784
16553,113270784
16554,113270784
16555,113270784
16556,113270784
16557,113270784
16558,113270784
16559,113270784
16560,113270784
16561,113270784
16562,113270784
16563,113270784
16564,113270784
16565,113270784
16566,113270784
16567,113270784
16568,113270784
16569,113270784
16570,113270784
16571,113270784
16572,113270784
16573,113270784
16574,113270784
16575,113270784
16576,113270784
16577,113270784
16578,113270784
16579,113270784
16580,113270784
16581,113270784
16582,113270784
16583,113270784
16584,113270784
16585,113270784
16586,113270784
16587,113270784
16588,113270784
16589,113270784
16590,113270784
16591,113270784
16592,113270784
16593,113270784
16594,113270784
16595,113270784
16596,113270784
16597,113270784
16598,113270784
16599,113270784
16600,113270784
16601,113270784
16602,113270784
16603,113270784
16604,113270784
16605,113270784
16606,113270784
16607,113270784
16608,113270784
16609,113270784
16610,113270784
16611,113270784
16612,113270784
16613,113270784
16614,113270784
16615,113270784
16616,113270784
16617,113270784
16618,113270784
16619,113270784
16620,113270784
16621,113270784
16622,113270784
16623,113270784
16624,113270784
16625,113270784
16626,113270784
16627,113270784
16628,113270784
16629,113270784
16630,113528832
16631,113528832
16632,113528832
16633,113528832
16634,113528832
16635,113528832
16636,113528832
16637,113528832
16638,113528832
16639,113528832
16640,113528832
16641,113528832
16642,113528832
16643,113528832
16644,113528832
16645,113528832
16646,113528832
16647,113528832
16648,113528832
16649,113528832
16650,113528832
16651,113528832
16652,113528832
16653,113528832
16654,113528832
16655,113528832
16656,113528832
16657,113528832
16658,113528832
16659,113528832
16660,113528832
16661,113528832
16662,113528832
16663,113528832
16664,113528832
16665,113528832
16666,113528832
16667,113528832
16668,113528832
16669,113528832
16670,113528832
16671,113528832
16672,113528832
16673,113528832
16674,113528832
16675,113528832
16676,113528832
16677,113528832
16678,113528832
16679,113528832
16680,113528832
16681,113528832
16682,113528832
16683,113528832
16684,113528832
16685,113528832
16686,113528832
16687,113528832
16688,113528832
16689,113528832
16690,113528832
16691,113528832
16692,113528832
16693,113528832
16694,113528832
16695,113528832
16696,113528832
16697,113528832
16698,113528832
16699,113528832
16700,113528832
16701,113528832
16702,113528832
16703,113528832
16704,113528832
16705,113528832
16706,113528832
16707,113528832
16708,113528832
16709,113528832
16710,113528832
16711,113528832
16712,113528832
16713,113528832
16714,113528832
16715,113528832
16716,113528832
16717,113528832
16718,113528832
16719,113528832
16720,113528832
16721,113528832
16722,113528832
16723,113528832
16724,113528832
16725,113528832
16726,113528832
16727,113528832
16728,113528832
16729,113528832
16730,113528832
16731,113528832
16732,113528832
16733,113528832
16734,113528832
16735,113528832
16736,113528832
16737,113528832
16738,113528832
16739,113528832
16740,113528832
16741,113528832
16742,113528832
16743,113528832
16744,113528832
16745,113528832
16746,113528832
16747,113528832
16748,113528832
16749,113528832
16750,113528832
16751,113528832
16752,113528832
16753,113528832
16754,113528832
16755,113528832
16756,113528832
16757,113528832
16758,113528832
16759,113528832
16760,113528832
16761,113528832
16762,113528832
16763,113528832
16764,113528832
16765,113528832
16766,113528832
16767,113528832
16768,113528832
16769,113528832
16770,113528832
16771,113528832
16772,113528832
16773,113528832
16774,113528832
16775,113528832
16776,113528832
16777,113528832
16778,113528832
16779,113528832
16780,113528832
16781,113528832
16782,113528832
16783,113528832
16784,113528832
16785,113528832
16786,113528832
16787,113528832
16788,113528832
16789,113528832
16790,113528832
16791,113528832
16792,113528832
16793,113528832
16794,113528832
16795,113790976
16796,113790976
16797,113790976
16798,113790976
16799,113790976
16800,113790976
16801,113868800
16802,113868800
16803,113868800
16804,113868800
16805,113868800
16806,113872896
16807,113872896
16808,113872896
16809,113872896
16810,113872896
16811,113872896
16812,113872896
16813,113872896
16814,113872896
16815,113872896
16816,113872896
16817,113872896
16818,113872896
16819,113872896
16820,113872896
16821,113872896
16822,113872896
16823,113872896
16824,113872896
16825,113872896
16826,113872896
16827,113872896
16828,113872896
16829,113872896
16830,113872896
16831,113872896
16832,113872896
16833,113872896
16834,113872896
16835,113872896
16836,113872896
16837,113872896
16838,113872896
16839,113872896
16840,113872896
16841,113872896
16842,113872896
16843,113872896
16844,113872896
16845,113872896
16846,113872896
16847,113872896
16848,113872896
16849,113872896
16850,113872896
16851,113872896
16852,113872896
16853,113872896
16854,113872896
16855,113872896
16856,113872896
16857,113872896
16858,113872896
16859,113872896
16860,113872896
16861,113872896
16862,113872896
16863,113872896
16864,113872896
16865,113872896
16866,113872896
16867,113872896
16868,113872896
16869,113872896
16870,113872896
16871,113872896
16872,113872896
16873,113872896
16874,113872896
16875,113872896
16876,113872896
16877,113872896
16878,113872896
16879,113872896
16880,113872896
16881,113872896
16882,113872896
16883,113872896
16884,113872896
16885,113872896
16886,113872896
16887,113872896
16888,113872896
16889,113872896
16890,113872896
16891,113872896
16892,113872896
16893,113872896
16894,113872896
16895,113872896
16896,113872896
16897,113872896
16898,113872896
16899,113872896
16900,113872896
16901,113872896
16902,113872896
16903,113872896
16904,113872896
16905,113872896
16906,113872896
16907,113872896
16908,113872896
16909,113872896
16910,113872896
16911,113872896
16912,113872896
16913,113872896
16914,113872896
16915,113872896
16916,113872896
16917,113872896
16918,113872896
16919,113872896
16920,113872896
16921,113872896
16922,113872896
16923,113872896
16924,113872896
16925,113872896
16926,113872896
16927,113872896
16928,113872896
16929,113872896
16930,113872896
16931,113872896
16932,113872896
16933,113872896
16934,113872896
16935,113872896
16936,113872896
16937,113872896
16938,113872896
16939,113872896
16940,113872896
16941,113872896
16942,113872896
16943,113872896
16944,113872896
16945,113872896
16946,113872896
16947,113872896
16948,113872896
16949,113872896
16950,113872896
16951,113872896
16952,113872896
16953,113872896
16954,113872896
16955,113872896
16956,113872896
16957,113872896
16958,113872896
16959,113872896
16960,113872896
16961,113872896
16962,113872896
16963,113872896
16964,113872896
16965,113872896
16966,113872896
16967,113872896
16968,113872896
16969,113872896
16970,113872896
16971,113872896
16972,113872896
16973,113872896
16974,113872896
16975,113872896
16976,113872896
16977,113872896
16978,113872896
16979,113872896
16980,113872896
16981,113872896
16982,113872896
16983,113872896
16984,113872896
16985,113872896
16986,113872896
16987,113872896
16988,113872896
16989,113872896
16990,113872896
16991,113872896
16992,113872896
16993,113872896
16994,113872896
16995,113872896
16996,113872896
16997,113872896
16998,113872896
16999,113872896
17000,113872896
17001,113872896
17002,113872896
17003,113872896
17004,113872896
17005,113872896
17006,113872896
17007,113872896
17008,113872896
17009,113872896
17010,113872896
17011,113872896
17012,113872896
17013,113872896
17014,113872896
17015,113872896
17016,113872896
17017,113872896
17018,113872896
17019,113872896
17020,113872896
17021,113872896
17022,113872896
17023,113872896
17024,113872896
17025,113872896
17026,113872896
17027,113872896
17028,113872896
17029,113872896
17030,113872896
17031,113872896
17032,113872896
17033,113872896
17034,113872896
17035,113872896
17036,113872896
17037,113872896
17038,113872896
17039,113872896
17040,113872896
17041,113872896
17042,113872896
17043,113872896
17044,113872896
17045,113872896
17046,113872896
17047,113872896
17048,113872896
17049,113872896
17050,113872896
17051,113872896
17052,113872896
17053,113872896
17054,113872896
17055,113872896
17056,113872896
17057,113872896
17058,113872896
17059,113872896
17060,113872896
17061,113872896
17062,113872896
17063,113872896
17064,113872896
17065,113872896
17066,113872896
17067,113872896
17068,113872896
17069,113872896
17070,113872896
17071,113872896
17072,113872896
17073,113872896
17074,113872896
17075,113872896
17076,113872896
17077,113872896
17078,113872896
17079,113872896
17080,113872896
17081,113872896
17082,113872896
17083,113872896
17084,113872896
17085,113872896
17086,113872896
17087,113872896
17088,113872896
17089,113872896
17090,113872896
17091,113872896
17092,113872896
17093,113872896
17094,113872896
17095,113872896
17096,113872896
17097,113872896
17098,113872896
17099,113872896
17100,113872896
17101,113872896
17102,113872896
17103,113872896
17104,113872896
17105,113872896
17106,113872896
17107,113872896
17108,113872896
17109,113872896
17110,113872896
17111,113872896
17112,113872896
17113,113872896
17114,113872896
17115,113872896
17116,113872896
17117,113872896
17118,113872896
17119,113872896
17120,113872896
17121,113872896
17122,113872896
17123,113872896
17124,113872896
17125,113872896
17126,113872896
17127,113872896
17128,113872896
17129,113872896
17130,113872896
17131,113872896
17132,113872896
17133,113872896
17134,113872896
17135,113872896
17136,113872896
17137,113872896
17138,113872896
17139,113872896
17140,113872896
17141,113872896
17142,113872896
17143,113872896
17144,113872896
17145,113872896
17146,113872896
17147,113872896
17148,113872896
17149,113872896
17150,113872896
17151,113872896
17152,113872896
17153,113872896
17154,113872896
17155,113872896
17156,113872896
17157,113872896
17158,113872896
17159,113872896
17160,113872896
17161,113872896
17162,113872896
17163,113872896
17164,113872896
17165,113872896
17166,113872896
17167,113872896
17168,113872896
17169,113872896
17170,113872896
17171,113872896
17172,113872896
17173,113872896
17174,113872896
17175,113872896
17176,113872896
17177,113872896
17178,113872896
17179,113872896
17180,113872896
17181,113872896
17182,113872896
17183,113872896
17184,113872896
17185,113872896
17186,113872896
17187,113872896
17188,113872896
17189,113872896
17190,113872896
17191,113872896
17192,113872896
17193,113872896
17194,113872896
17195,113872896
17196,113872896
17197,113872896
17198,113872896
17199,113872896
17200,113872896
17201,113827840
17202,113827840
17203,113827840
17204,113827840
17205,113827840
17206,113827840
17207,113827840
17208,113827840
17209,113827840
17210,113827840
17211,113827840
17212,113827840
17213,113827840
17214,113827840
17215,113827840
17216,113827840
17217,113827840
17218,113827840
17219,113827840
17220,113827840
17221,113827840
17222,113827840
17223,113827840
17224,113827840
17225,113827840
17226,113827840
17227,113827840
17228,113827840
17229,113827840
17230,113827840
17231,113827840
17232,113827840
17233,113827840
17234,113827840
17235,113827840
17236,113827840
17237,113827840
17238,113827840
17239,113827840
17240,113827840
17241,113827840
17242,113827840
17243,113827840
17244,113827840
17245,113827840
17246,113827840
17247,113827840
17248,113827840
17249,113827840
17250,113827840
17251,113827840
17252,113827840
17253,113827840
17254,113827840
17255,113827840
17256,113827840
17257,113827840
17258,113827840
17259,113827840
17260,113827840
17261,113827840
17262,113827840
17263,113827840
17264,113827840
17265,113827840
17266,113827840
17267,113827840
17268,113827840
17269,113827840
17270,113827840
17271,113827840
17272,113827840
17273,113827840
17274,113827840
17275,113827840
17276,113827840
17277,113827840
17278,113827840
17279,113827840
17280,113827840
17281,113827840
17282,113827840
17283,113827840
17284,113827840
17285,113827840
17286,113827840
17287,113827840
17288,113827840
17289,113827840
17290,113827840
17291,113827840
17292,113827840
17293,113827840
17294,113827840
17295,113827840
17296,113827840
17297,113827840
17298,113827840
17299,113827840
17300,113827840
17301,113827840
17302,113827840
17303,113827840
17304,113827840
17305,113827840
17306,113827840
17307,113827840
17308,113827840
17309,113827840
17310,113827840
17311,113827840
17312,113827840
17313,113827840
17314,113827840
17315,113827840
17316,113827840
17317,113827840
17318,113827840
17319,113827840
17320,113827840
17321,113827840
17322,113827840
17323,113827840
17324,113827840
17325,113827840
17326,113827840
17327,113827840
17328,113827840
17329,113827840
17330,113827840
17331,113827840
17332,113827840
17333,113827840
17334,113827840
17335,113827840
17336,113827840
17337,113827840
17338,113827840
17339,113827840
17340,113827840
17341,113827840
17342,113827840
17343,113827840
17344,113827840
17345,113827840
17346,113827840
17347,113827840
17348,113827840
17349,113827840
17350,113827840
17351,113827840
17352,113827840
17353,113827840
17354,113827840
17355,113827840
17356,113827840
17357,113827840
17358,113827840
17359,113827840
17360,113827840
17361,113827840
17362,113827840
17363,113827840
17364,113827840
17365,113827840
17366,113827840
17367,113827840
17368,113827840
17369,113827840
17370,113827840
17371,113827840
17372,113827840
17373,113827840
17374,113827840
17375,113827840
17376,113827840
17377,113827840
17378,113827840
17379,113827840
17380,113827840
17381,113827840
17382,113827840
17383,113827840
17384,113827840
17385,113827840
17386,113827840
17387,113827840
17388,113827840
17389,113827840
17390,113827840
17391,113827840
17392,113827840
17393,113827840
17394,113827840
17395,113827840
17396,113827840
17397,113827840
17398,113827840
17399,113827840
17400,113827840
17401,113856512
17402,113856512
17403,113856512
17404,113856512
17405,113856512
17406,113856512
17407,113856512
17408,113856512
17409,113856512
17410,113856512
17411,113856512
17412,113856512
17413,113856512
17414,113856512
17415,113856512
17416,113856512
17417,113856512
17418,113856512
17419,113856512
17420,113856512
17421,113856512
17422,113856512
17423,113856512
17424,113856512
17425,113856512
17426,113856512
17427,113856512
17428,113856512
17429,113856512
17430,113856512
17431,113856512
17432,113856512
17433,113856512
17434,113856512
17435,113856512
17436,113856512
17437,113856512
17438,113856512
17439,113856512
17440,113856512
17441,113856512
17442,113856512
17443,113856512
17444,113856512
17445,113856512
17446,113856512
17447,113856512
17448,113856512
17449,113856512
17450,113856512
17451,113856512
17452,113856512
17453,113856512
17454,113856512
17455,113856512
17456,113856512
17457,113856512
17458,113856512
17459,113856512
17460,113856512
17461,113856512
17462,113856512
17463,113856512
17464,113856512
17465,113856512
17466,113856512
17467,113856512
17468,113856512
17469,113856512
17470,113856512
17471,113856512
17472,113856512
17473,113856512
17474,113856512
17475,113856512
17476,113856512
17477,113856512
17478,113856512
17479,113856512
17480,113856512
17481,113856512
17482,113856512
17483,113856512
17484,113856512
17485,113856512
17486,113856512
17487,113856512
17488,113856512
17489,113856512
17490,113856512
17491,113856512
17492,113856512
17493,113856512
17494,113856512
17495,113856512
17496,113856512
17497,113856512
17498,113856512
17499,113856512
17500,113856512
17501,113856512
17502,113856512
17503,113856512
17504,113856512
17505,113856512
17506,113856512
17507,113856512
17508,113856512
17509,113856512
17510,113856512
17511,113856512
17512,113856512
17513,113856512
17514,113856512
17515,113856512
17516,113856512
17517,113856512
17518,113856512
17519,113856512
17520,113856512
17521,113856512
17522,113856512
17523,113856512
17524,113856512
17525,113856512
17526,113856512
17527,113856512
17528,113856512
17529,113856512
17530,113856512
17531,113856512
17532,113856512
17533,113856512
17534,113856512
17535,113856512
17536,113856512
17537,113856512
17538,113856512
17539,113856512
17540,113856512
17541,113856512
17542,113856512
17543,113856512
17544,113856512
17545,113856512
17546,113856512
17547,113856512
17548,113856512
17549,113856512
17550,113856512
17551,113856512
17552,113856512
17553,113856512
17554,113856512
17555,113856512
17556,113856512
17557,113856512
17558,113856512
17559,113856512
17560,113856512
17561,113856512
17562,113856512
17563,113856512
17564,113856512
17565,113856512
17566,113856512
17567,113856512
17568,113856512
17569,113856512
17570,113856512
17571,113856512
17572,113856512
17573,113856512
17574,113856512
17575,113856512
17576,113856512
17577,113856512
17578,113856512
17579,113856512
17580,113856512
17581,113856512
17582,113856512
17583,113856512
17584,113856512
17585,113856512
17586,113856512
17587,113856512
17588,113856512
17589,113856512
17590,113856512
17591,113856512
17592,113856512
17593,113856512
17594,113856512
17595,113856512
17596,113856512
17597,113856512
17598,113856512
17599,113856512
17600,113856512
17601,113856512
17602,113856512
17603,113856512
17604,113856512
17605,113856512
17606,113856512
17607,113856512
17608,113856512
17609,113856512
17610,113856512
17611,113856512
17612,113856512
17613,113856512
17614,113856512
17615,113856512
17616,113856512
17617,113856512
17618,113856512
17619,113856512
17620,113856512
17621,113856512
17622,113856512
17623,113856512
17624,113856512
17625,113856512
17626,113856512
17627,113856512
17628,113856512
17629,113856512
17630,113856512
17631,113856512
17632,113856512
17633,113856512
17634,113856512
17635,113856512
17636,113856512
17637,113856512
17638,113856512
17639,113856512
17640,113856512
17641,113856512
17642,113856512
17643,113856512
17644,113856512
17645,113856512
17646,113856512
17647,113856512
17648,113856512
17649,113856512
17650,113856512
17651,114331648
17652,114348032
17653,114348032
17654,114348032
17655,114348032
17656,114348032
17657,114348032
17658,114348032
17659,114348032
17660,114348032
17661,114348032
17662,114348032
17663,114348032
17664,114348032
17665,114348032
17666,114348032
17667,114348032
17668,114348032
17669,114348032
17670,114348032
17671,114348032
17672,114348032
17673,114348032
17674,114348032
17675,114348032
17676,114348032
17677,114348032
17678,114348032
17679,114348032
17680,114348032
17681,114348032
17682,114348032
17683,114348032
17684,114348032
17685,114348032
17686,114348032
17687,114348032
17688,114348032
17689,114348032
17690,114348032
17691,114348032
17692,114348032
17693,114348032
17694,114348032
17695,114348032
17696,114348032
17697,114348032
17698,114348032
17699,114348032
17700,114348032
17701,114348032
17702,114348032
17703,114348032
17704,114348032
17705,114348032
17706,114348032
17707,114348032
17708,114348032
17709,114348032
17710,114348032
17711,114880512
17712,115449856
17713,115830784
17714,115830784
17715,115830784
17716,115830784
17717,115830784
17718,115830784
17719,115830784
17720,115830784
17721,115830784
17722,115830784
17723,115830784
17724,115830784
17725,115830784
17726,115830784
17727,115830784
17728,115830784
17729,115830784
17730,115830784
17731,115830784
17732,115802112
17733,115802112
17734,115802112
17735,115802112
17736,115802112
17737,115802112
17738,115802112
17739,115802112
17740,115802112
17741,115802112
17742,115802112
17743,115802112
17744,115802112
17745,115802112
17746,115802112
17747,115802112
17748,115802112
17749,115802112
17750,115802112
17751,115802112
17752,115802112
17753,115802112
17754,115802112
17755,115802112
17756,115802112
17757,115802112
17758,115802112
17759,115802112
17760,115802112
17761,115802112
17762,115802112
17763,115802112
17764,115802112
17765,115802112
17766,115802112
17767,115802112
17768,115802112
17769,115802112
17770,115802112
17771,115802112
17772,115802112
17773,115802112
17774,115802112
17775,115802112
17776,115802112
17777,115802112
17778,115802112
17779,115802112
17780,115802112
17781,115802112
17782,115802112
17783,115802112
17784,115802112
17785,115802112
17786,115802112
17787,115802112
17788,115802112
17789,115802112
17790,115802112
17791,115802112
17792,115802112
17793,115802112
17794,115802112
17795,115802112
17796,115802112
17797,115802112
17798,115802112
17799,115802112
17800,115802112
17801,115802112
17802,115802112
17803,115802112
17804,115802112
17805,115802112
17806,115802112
17807,115802112
17808,115802112
17809,115802112
17810,115802112
17811,115802112
17812,115802112
17813,115802112
17814,115802112
17815,115802112
17816,115802112
17817,115802112
17818,115802112
17819,115802112
17820,115802112
17821,115802112
17822,115802112
17823,115802112
17824,115802112
17825,115802112
17826,115802112
17827,115802112
17828,115802112
17829,115802112
17830,115802112
17831,115802112
17832,115802112
17833,115802112
17834,115802112
17835,115802112
17836,115802112
17837,115802112
17838,115802112
17839,115802112
17840,115802112
17841,115802112
17842,115802112
17843,115802112
17844,115802112
17845,115802112
17846,115802112
17847,115802112
17848,115802112
17849,115802112
17850,115802112
17851,115802112
17852,115802112
17853,115802112
17854,115802112
17855,115802112
17856,115802112
17857,115802112
17858,115802112
17859,115802112
17860,115802112
17861,115802112
17862,115802112
17863,115802112
17864,115802112
17865,115802112
17866,115802112
17867,115802112
17868,115802112
17869,115802112
17870,115802112
17871,115802112
17872,115802112
17873,115802112
17874,115802112
17875,115802112
17876,115802112
17877,115802112
17878,115802112
17879,115802112
17880,115802112
17881,115802112
17882,115802112
17883,115802112
17884,115802112
17885,115802112
17886,115802112
17887,115802112
17888,115802112
17889,115802112
17890,115802112
17891,115802112
17892,115802112
17893,115802112
17894,115802112
17895,115802112
17896,115802112
17897,115802112
17898,115802112
17899,115802112
17900,115802112
17901,115802112
17902,115802112
17903,115802112
17904,115802112
17905,115802112
17906,115802112
17907,115802112
17908,115802112
17909,115802112
17910,115802112
17911,115802112
17912,115802112
17913,115802112
17914,115802112
17915,115802112
17916,115802112
17917,115802112
17918,115802112
17919,115802112
17920,115802112
17921,115802112
17922,115802112
17923,115802112
17924,115802112
17925,115802112
17926,115802112
17927,115802112
17928,115802112
17929,115802112
17930,115802112
17931,115802112
17932,115802112
17933,115802112
17934,115802112
17935,115802112
17936,115802112
17937,115802112
17938,115802112
17939,115802112
17940,115802112
17941,115802112
17942,115802112
17943,115802112
17944,115802112
17945,115802112
17946,115802112
17947,115802112
17948,115802112
17949,115802112
17950,115802112
17951,115802112
17952,115802112
17953,115802112
17954,115802112
17955,115802112
17956,115802112
17957,115802112
17958,115802112
17959,115802112
17960,115802112
17961,115802112
17962,115802112
17963,115802112
17964,115802112
17965,115802112
17966,115802112
17967,115802112
17968,115802112
17969,115802112
17970,115802112
17971,115802112
17972,115802112
17973,115802112
17974,115802112
17975,115802112
17976,115802112
17977,115802112
17978,115802112
17979,115802112
17980,115802112
17981,115802112
17982,115802112
17983,115802112
17984,115802112
17985,115802112
17986,115802112
17987,115802112
17988,115802112
17989,115802112
17990,115802112
17991,115802112
17992,115802112
17993,115802112
17994,115802112
17995,115802112
17996,115802112
17997,115802112
17998,115802112
17999,115802112
18000,115802112
