tick_id,ms
1,9.1640
2,6.3861
3,5.2082
4,5.8947
5,5.1981
6,3.5087
7,4.0852
8,3.4956
9,3.8003
10,3.4854
11,3.6851
12,3.8822
13,3.3840
14,4.0915
15,3.4774
16,5.0596
17,3.7692
18,3.3479
19,3.9887
20,3.3161
21,3.7361
22,3.2928
23,3.3720
24,4.3029
25,3.6109
26,5.1906
27,3.4846
28,3.5822
29,4.0797
30,4.0330
31,3.8595
32,3.8656
33,3.7086
34,4.2332
35,3.7535
36,3.8639
37,3.5832
38,3.6093
39,3.9249
40,3.9447
41,4.9793
42,3.4372
43,2.7603
44,4.0862
45,4.0666
46,4.2193
47,4.6908
48,4.0632
49,4.7907
50,4.1008
51,3.7236
52,4.0257
53,4.4299
54,4.2159
55,3.7790
56,4.5711
57,3.8608
58,4.7487
59,4.6431
60,5.5425
61,5.7149
62,3.7930
63,5.1925
64,5.9836
65,3.6424
66,3.9268
67,4.0360
68,4.0671
69,3.8016
70,3.5611
71,3.8267
72,4.0800
73,3.5277
74,3.6961
75,3.6446
76,5.4509
77,5.1872
78,4.7745
79,6.0487
80,3.7398
81,4.4281
82,7.9533
83,4.4766
84,6.8754
85,5.6981
86,7.0680
87,5.7768
88,6.7976
89,7.7325
90,7.1277
91,7.1661
92,7.4111
93,5.3735
94,5.4117
95,5.6876
96,6.1685
97,6.4495
98,5.5889
99,6.2981
100,6.3755
101,6.6043
102,6.5539
103,5.2639
104,7.0690
105,4.6742
106,5.7030
107,5.2437
108,5.2513
109,7.5844
110,5.8574
111,6.8434
112,8.2400
113,6.3891
114,5.2858
115,6.6892
116,6.7326
117,4.7291
118,5.3447
119,6.6844
120,4.5616
121,6.9661
122,5.3897
123,7.4299
124,6.9578
125,5.3029
126,4.8934
127,4.2732
128,5.8230
129,6.4453
130,6.5289
131,7.6602
132,5.5329
133,6.9341
134,6.0783
135,4.9298
136,6.4645
137,6.6198
138,5.1779
139,5.7378
140,4.7703
141,5.1009
142,5.3184
143,6.1185
144,7.2010
145,5.1876
146,7.1319
147,8.9700
148,8.0685
149,6.9749
150,6.7083
151,7.7094
152,6.9949
153,8.1595
154,7.7237
155,8.2985
156,8.1006
157,6.1973
158,6.8497
159,7.0455
160,6.0048
161,7.0082
162,7.6672
163,7.2991
164,6.7165
165,7.8127
166,5.9825
167,7.1511
168,5.1111
169,7.5536
170,5.5370
171,8.2098
172,7.5761
173,7.7134
174,6.7970
175,5.7786
176,6.5175
177,6.1266
178,5.6784
179,5.6096
180,5.5333
181,7.7161
182,5.9849
183,5.9929
184,6.3730
185,6.5445
186,5.2950
187,5.3469
188,6.8837
189,4.6867
190,4.8791
191,5.2108
192,5.9493
193,6.2307
194,6.5981
195,6.6946
196,7.1040
197,6.6021
198,6.2108
199,6.3716
200,7.0187
201,7.5000
202,6.4834
203,6.6392
204,7.3415
205,5.0372
206,7.1873
207,6.7569
208,5.5629
209,7.6979
210,8.2557
211,8.1971
212,8.8925
213,7.4502
214,7.6851
215,8.4594
216,9.2232
217,8.6542
218,7.9096
219,7.0883
220,5.3683
221,6.4134
222,5.3404
223,7.3398
224,7.6548
225,8.9987
226,7.1296
227,6.4829
228,8.4920
229,5.8167
230,5.6615
231,8.3663
232,9.1400
233,7.8354
234,5.7353
235,8.4626
236,8.4400
237,7.7169
238,6.1328
239,7.5743
240,7.8262
241,8.3217
242,8.1727
243,7.1161
244,8.7471
245,6.5097
246,8.1685
247,5.3198
248,6.7104
249,6.0714
250,9.1860
251,7.4428
252,7.4016
253,6.7593
254,5.7882
255,7.8138
256,7.9743
257,5.5895
258,6.2044
259,6.9033
260,8.2567
261,8.0555
262,5.2998
263,5.5475
264,6.4462
265,9.1186
266,8.3037
267,5.6481
268,5.4931
269,5.3425
270,6.0316
271,5.4838
272,5.6151
273,7.2221
274,7.9338
275,8.9435
276,7.9376
277,6.4465
278,7.3119
279,8.0393
280,7.1760
281,7.9589
282,7.6169
283,7.0235
284,6.5173
285,7.2634
286,6.5436
287,5.7675
288,8.0851
289,7.8333
290,7.0952
291,7.0245
292,7.0052
293,8.4843
294,7.2255
295,6.2690
296,7.2845
297,5.5754
298,6.0963
299,9.5044
300,6.3281
301,7.5839
302,6.1404
303,7.2712
304,6.1603
305,7.4344
306,7.6157
307,7.3956
308,8.1265
309,6.7883
310,7.2709
311,8.9844
312,8.1595
313,6.1831
314,6.3966
315,7.2201
316,7.8348
317,7.0036
318,7.5087
319,6.7703
320,6.9878
321,6.8045
322,6.6346
323,5.3314
324,6.2445
325,6.5398
326,8.4043
327,8.5613
328,4.9452
329,8.0009
330,6.9004
331,6.1037
332,6.5711
333,6.7698
334,8.7326
335,7.6115
336,7.5008
337,6.3238
338,8.0974
339,8.9575
340,8.4487
341,7.7720
342,7.6665
343,8.3903
344,7.9067
345,6.9549
346,7.9959
347,7.5519
348,6.2023
349,8.5914
350,6.2616
351,8.6457
352,8.6146
353,6.1460
354,7.5424
355,5.7898
356,6.0524
357,6.5745
358,5.5172
359,8.9912
360,7.7074
361,6.2377
362,6.2430
363,6.4726
364,8.2685
365,7.2089
366,6.0363
367,7.1804
368,6.1873
369,6.1746
370,5.0229
371,7.5398
372,4.8301
373,7.6169
374,6.2234
375,6.4009
376,7.4498
377,5.9931
378,5.4087
379,7.7246
380,5.5440
381,6.3235
382,7.6037
383,6.2311
384,6.0630
385,7.3019
386,6.8557
387,8.0324
388,6.8676
389,9.0687
390,5.9043
391,8.6264
392,6.3229
393,6.5750
394,8.3894
395,7.8214
396,8.3696
397,6.5697
398,8.7798
399,7.6026
400,8.6397
401,8.3435
402,5.8470
403,7.1112
404,7.6158
405,6.3402
406,6.6878
407,6.2923
408,7.3302
409,7.0854
410,5.7918
411,8.3365
412,8.0856
413,6.1493
414,8.7931
415,6.2756
416,6.2948
417,6.2513
418,7.8008
419,7.4765
420,8.4984
421,6.6877
422,6.3730
423,7.8470
424,7.5697
425,5.2127
426,7.9560
427,6.9932
428,6.8213
429,7.6431
430,7.1095
431,8.0795
432,9.1581
433,6.2249
434,7.2286
435,5.1686
436,5.9700
437,6.5179
438,5.8303
439,8.4447
440,8.0137
441,5.0870
442,9.6089
443,5.3384
444,5.7139
445,5.3600
446,6.8868
447,6.4313
448,5.9076
449,5.9845
450,5.3252
451,6.5387
452,7.3324
453,7.3310
454,5.2749
455,9.1683
456,10.0488
457,6.4717
458,8.7135
459,5.9040
460,7.6007
461,7.0307
462,7.7272
463,8.7044
464,8.1317
465,7.6158
466,7.3180
467,9.2413
468,7.0658
469,8.4115
470,5.2337
471,6.7501
472,9.6350
473,7.6626
474,8.4525
475,8.7253
476,7.5387
477,5.8856
478,7.0123
479,5.0294
480,7.1253
481,6.6436
482,4.7262
483,8.0337
484,4.9857
485,5.1453
486,6.4400
487,5.7030
488,8.1853
489,10.7588
490,5.8932
491,8.4639
492,5.6190
493,5.1563
494,5.9902
495,5.3984
496,5.7163
497,7.6935
498,5.5602
499,5.9053
500,7.2478
501,6.1850
502,5.4373
503,7.5574
504,5.6898
505,8.9260
506,7.1839
507,9.3157
508,5.4187
509,6.3043
510,7.1453
511,8.2258
512,5.9051
513,8.2384
514,7.8016
515,6.3870
516,7.6241
517,7.4158
518,8.2372
519,7.8839
520,7.8314
521,7.0218
522,5.6592
523,7.9302
524,8.0901
525,6.2583
526,7.9686
527,6.0020
528,6.2101
529,6.9981
530,8.3868
531,7.7690
532,8.0086
533,7.8260
534,7.3701
535,6.9586
536,9.3114
537,7.9502
538,5.6752
539,6.0642
540,4.5308
541,7.2034
542,6.9000
543,7.5345
544,7.0323
545,7.0402
546,8.8062
547,6.2896
548,7.7074
549,7.6394
550,6.2015
551,6.6149
552,9.0840
553,6.0393
554,5.8131
555,6.7603
556,6.3917
557,7.1383
558,7.2233
559,7.6207
560,5.0656
561,8.7129
562,7.8489
563,7.9362
564,7.2330
565,7.0607
566,8.1453
567,7.1585
568,7.5471
569,7.3040
570,5.7685
571,6.9178
572,5.2004
573,5.9123
574,5.2509
575,5.7997
576,8.1307
577,6.7713
578,7.2624
579,6.8568
580,5.0700
581,7.3365
582,8.1444
583,5.9345
584,6.4139
585,9.1007
586,7.5675
587,7.0453
588,6.9528
589,6.8652
590,6.9794
591,6.7135
592,7.8575
593,8.3287
594,8.2249
595,6.3907
596,7.1181
597,7.0760
598,7.6022
599,7.5272
600,6.4629
601,4.6422
602,6.1717
603,6.1621
604,8.3154
605,5.3639
606,7.5390
607,8.0298
608,6.8931
609,7.4555
610,7.2546
611,9.2737
612,7.9705
613,6.5833
614,6.5643
615,5.8392
616,7.4350
617,5.7756
618,7.1176
619,6.6049
620,5.0894
621,6.2737
622,7.0791
623,6.8788
624,8.8224
625,6.6315
626,7.2103
627,5.3927
628,7.2503
629,4.8416
630,6.7672
631,7.8411
632,7.6194
633,7.4241
634,8.5936
635,6.1838
636,6.5822
637,7.7699
638,6.4793
639,8.2031
640,7.5737
641,8.4702
642,7.7266
643,9.1353
644,7.3340
645,5.5618
646,7.0396
647,9.0548
648,8.8038
649,7.6388
650,8.0597
651,5.9623
652,7.4940
653,7.8912
654,6.4157
655,6.2099
656,8.1781
657,8.0046
658,7.3580
659,8.5327
660,5.3933
661,6.3768
662,6.7447
663,7.5888
664,6.8899
665,5.5500
666,6.5990
667,4.9855
668,7.0388
669,7.5938
670,5.7942
671,7.6111
672,9.3624
673,6.2643
674,6.5005
675,5.7817
676,8.8420
677,7.7348
678,6.5722
679,5.7823
680,7.0951
681,8.2118
682,6.2948
683,6.1298
684,6.8312
685,4.9938
686,7.0214
687,6.0545
688,8.1726
689,7.9927
690,8.0583
691,7.2502
692,8.1290
693,6.0719
694,5.2561
695,8.2801
696,6.7568
697,7.9281
698,7.5822
699,8.2339
700,7.2725
701,8.3574
702,6.7383
703,8.3686
704,8.0593
705,6.4988
706,6.9263
707,7.9097
708,6.6282
709,7.0535
710,7.5459
711,7.4807
712,5.5675
713,7.2887
714,6.9731
715,6.8718
716,8.2446
717,5.2444
718,8.3594
719,6.5460
720,7.5466
721,7.9938
722,8.0631
723,7.9113
724,3.7328
725,7.0676
726,8.6793
727,6.5052
728,6.3564
729,8.1889
730,6.1908
731,9.0585
732,9.2309
733,5.8528
734,7.5318
735,6.1558
736,7.8427
737,5.1032
738,6.5584
739,7.4562
740,6.1601
741,5.6017
742,5.8395
743,7.2682
744,7.0297
745,5.4450
746,7.3576
747,4.6513
748,7.0133
749,9.1623
750,4.9885
751,5.7030
752,7.3086
753,6.1257
754,6.9422
755,5.2293
756,7.9466
757,7.9250
758,6.2717
759,5.8646
760,7.0636
761,7.1723
762,5.7414
763,6.7292
764,7.0924
765,4.8648
766,5.6516
767,7.4261
768,7.0773
769,6.2005
770,7.4416
771,8.5559
772,9.2276
773,7.9555
774,7.3534
775,5.7528
776,10.1137
777,7.3513
778,8.9609
779,7.7940
780,7.6081
781,6.8797
782,7.0591
783,8.1729
784,7.4745
785,5.7349
786,7.2308
787,7.0725
788,6.5881
789,5.9871
790,6.0294
791,5.7404
792,5.0995
793,7.6717
794,6.2524
795,6.7683
796,7.9692
797,7.2973
798,5.7230
799,6.5914
800,5.7471
801,8.0389
802,10.4586
803,5.7908
804,7.5561
805,5.9135
806,6.9450
807,5.4759
808,7.2143
809,7.4487
810,7.2140
811,5.1950
812,6.6796
813,8.0303
814,9.3231
815,8.5439
816,7.7677
817,5.8753
818,5.8777
819,5.0859
820,7.3442
821,7.9187
822,5.3479
823,7.7347
824,6.6821
825,7.5198
826,5.6309
827,7.5487
828,6.0647
829,7.2701
830,7.3255
831,8.0040
832,8.6005
833,9.4014
834,7.5591
835,6.1733
836,6.5075
837,6.9964
838,8.2960
839,7.2409
840,7.7999
841,7.6610
842,7.2746
843,6.9813
844,8.3184
845,5.4418
846,6.2107
847,7.5908
848,7.4480
849,6.5018
850,6.8940
851,8.2756
852,8.7519
853,7.3903
854,7.0169
855,6.6827
856,5.0857
857,6.3499
858,7.7894
859,6.1234
860,6.8026
861,6.2704
862,8.5851
863,5.1134
864,5.7864
865,7.9466
866,7.8419
867,6.7826
868,8.5937
869,7.9273
870,5.0234
871,7.1903
872,6.9550
873,5.6865
874,7.2599
875,4.8610
876,7.0020
877,7.5556
878,5.8090
879,7.5824
880,5.8944
881,5.9892
882,6.1122
883,6.4396
884,5.3691
885,7.4000
886,8.2004
887,7.9959
888,6.8018
889,6.9176
890,6.7446
891,7.8235
892,8.3731
893,7.9306
894,8.0826
895,6.9564
896,6.5639
897,6.7385
898,8.6073
899,6.8649
900,6.2886
901,6.4090
902,8.3744
903,6.1745
904,8.5557
905,6.3190
906,6.6372
907,7.7786
908,7.0475
909,5.4890
910,5.4791
911,7.0616
912,8.3900
913,7.6118
914,6.7781
915,7.2273
916,8.5070
917,7.7110
918,7.2247
919,7.4016
920,4.8902
921,6.2126
922,8.6373
923,7.4446
924,7.2353
925,4.8264
926,6.1314
927,9.2861
928,6.3500
929,7.6504
930,7.4508
931,7.2482
932,5.4748
933,6.5842
934,5.7583
935,4.8582
936,13.0702
937,6.8404
938,7.5102
939,6.4425
940,7.0588
941,8.2392
942,6.5535
943,7.0740
944,6.4029
945,7.0500
946,7.1175
947,8.5400
948,7.7954
949,10.3210
950,7.2337
951,6.2383
952,7.4285
953,8.7418
954,9.4743
955,7.8835
956,6.4124
957,6.0267
958,6.9222
959,7.3214
960,5.6497
961,5.5682
962,6.4694
963,8.2260
964,6.3565
965,5.3723
966,6.2575
967,6.4954
968,6.1825
969,6.0692
970,6.7593
971,7.7183
972,7.3199
973,7.9093
974,7.1495
975,5.2471
976,5.3489
977,8.3451
978,6.8015
979,7.0950
980,5.4554
981,6.7000
982,7.2918
983,6.1936
984,7.8606
985,5.2847
986,7.3196
987,6.2323
988,6.6244
989,5.3028
990,7.7110
991,5.7612
992,7.8397
993,8.4423
994,5.7299
995,4.9668
996,7.3743
997,7.2530
998,6.1154
999,8.0611
1000,7.1069
1001,7.3011
1002,7.5042
1003,6.9506
1004,8.1225
1005,5.9946
1006,5.5911
1007,8.3059
1008,7.1306
1009,6.8460
1010,5.1513
1011,6.5080
1012,9.7867
1013,8.7366
1014,7.7218
1015,7.1639
1016,6.3143
1017,8.5262
1018,7.8646
1019,8.1843
1020,6.6636
1021,8.4313
1022,7.6232
1023,9.0577
1024,9.0962
1025,7.5634
1026,6.0526
1027,5.9334
1028,8.5187
1029,8.5639
1030,8.2263
1031,9.5936
1032,6.9648
1033,8.4748
1034,6.5775
1035,7.7963
1036,7.6394
1037,6.5818
1038,5.7267
1039,6.4163
1040,6.7873
1041,7.5062
1042,5.4823
1043,7.3744
1044,7.7956
1045,7.0251
1046,5.7625
1047,7.1604
1048,6.1498
1049,6.5291
1050,7.3246
1051,5.2671
1052,8.5057
1053,8.1760
1054,5.4904
1055,5.0161
1056,6.5243
1057,5.9410
1058,7.6353
1059,6.2363
1060,4.9665
1061,8.1611
1062,7.5295
1063,6.2333
1064,7.3856
1065,4.7751
1066,6.3289
1067,6.4784
1068,7.5257
1069,7.6610
1070,5.7560
1071,6.9015
1072,7.7582
1073,8.2419
1074,7.3643
1075,6.6456
1076,7.1726
1077,7.1280
1078,8.9940
1079,9.7376
1080,8.0463
1081,6.8709
1082,7.5773
1083,7.7774
1084,7.7301
1085,6.9833
1086,6.7507
1087,6.0706
1088,7.8280
1089,5.0267
1090,7.8257
1091,6.7492
1092,7.2478
1093,7.6811
1094,5.5072
1095,5.5995
1096,5.0492
1097,6.6870
1098,7.5635
1099,6.9441
1100,7.0270
1101,6.5402
1102,7.0622
1103,5.4813
1104,5.7019
1105,7.2786
1106,5.5509
1107,5.6341
1108,6.2090
1109,5.8322
1110,4.5548
1111,7.7133
1112,5.6849
1113,6.6403
1114,8.3809
1115,7.4735
1116,7.4805
1117,7.4688
1118,8.6142
1119,8.8907
1120,8.1330
1121,8.3233
1122,7.5305
1123,8.4809
1124,5.9364
1125,5.1403
1126,6.4464
1127,7.4152
1128,6.1661
1129,9.3241
1130,5.2143
1131,7.7408
1132,7.6331
1133,7.1762
1134,7.0012
1135,6.7558
1136,7.0866
1137,6.9485
1138,7.4704
1139,8.0887
1140,7.5683
1141,6.5787
1142,6.7301
1143,6.7267
1144,7.2646
1145,5.8367
1146,6.1011
1147,8.1561
1148,5.8609
1149,7.7970
1150,6.7049
1151,8.0713
1152,7.1780
1153,7.6019
1154,6.5766
1155,6.6984
1156,7.4226
1157,8.0195
1158,8.4501
1159,8.8104
1160,8.7738
1161,8.0954
1162,8.2995
1163,7.7112
1164,7.5906
1165,7.1916
1166,6.4816
1167,7.4540
1168,7.3661
1169,5.2469
1170,5.5358
1171,7.4029
1172,6.6929
1173,7.6355
1174,7.7469
1175,6.3060
1176,8.5501
1177,7.7794
1178,4.5281
1179,6.6854
1180,6.9145
1181,6.0339
1182,8.7241
1183,7.0387
1184,5.9267
1185,7.2550
1186,5.8349
1187,8.1691
1188,5.8177
1189,8.2226
1190,6.2565
1191,6.2125
1192,7.3054
1193,8.4087
1194,7.7873
1195,7.4678
1196,7.1877
1197,6.7825
1198,7.7621
1199,8.2603
1200,9.5496
1201,8.0762
1202,7.0648
1203,7.4323
1204,6.7860
1205,7.2905
1206,7.9178
1207,7.3849
1208,7.3123
1209,6.9502
1210,6.1397
1211,6.9014
1212,6.9582
1213,6.3705
1214,5.3476
1215,7.0645
1216,6.0437
1217,4.1928
1218,5.9181
1219,6.7989
1220,6.3112
1221,5.5810
1222,7.9728
1223,4.9654
1224,4.5592
1225,7.9830
1226,5.5377
1227,7.8492
1228,7.0978
1229,6.9303
1230,7.9021
1231,5.7027
1232,7.6599
1233,5.9755
1234,8.3344
1235,9.1280
1236,5.6534
1237,5.8687
1238,5.9817
1239,5.1321
1240,7.1668
1241,7.1896
1242,8.0905
1243,6.8074
1244,5.7414
1245,5.6695
1246,8.7786
1247,8.6730
1248,6.6507
1249,5.7748
1250,6.0519
1251,7.9882
1252,7.9792
1253,7.9210
1254,7.0980
1255,7.7857
1256,7.2170
1257,7.5452
1258,6.6017
1259,7.7895
1260,6.0705
1261,7.1553
1262,5.2223
1263,7.3167
1264,6.0954
1265,6.6510
1266,8.7048
1267,8.0582
1268,8.5921
1269,8.4980
1270,6.7309
1271,9.2586
1272,7.0407
1273,6.2384
1274,8.3182
1275,7.1189
1276,8.7396
1277,7.7864
1278,5.6771
1279,8.2700
1280,7.2723
1281,6.4088
1282,5.6553
1283,9.4911
1284,8.0988
1285,7.9462
1286,7.0420
1287,5.2479
1288,5.7679
1289,5.4679
1290,7.0152
1291,5.6349
1292,6.9519
1293,8.8940
1294,7.2244
1295,7.6505
1296,7.3459
1297,8.5230
1298,6.9233
1299,6.6897
1300,5.0177
1301,7.7371
1302,5.8696
1303,6.3318
1304,6.7985
1305,6.3489
1306,6.3026
1307,6.8146
1308,5.2212
1309,8.0596
1310,5.7086
1311,5.6416
1312,6.7454
1313,7.6010
1314,6.2925
1315,7.3998
1316,8.3956
1317,7.6717
1318,7.1679
1319,6.6072
1320,6.9692
1321,5.9594
1322,7.2270
1323,6.4726
1324,8.9380
1325,8.0605
1326,8.6074
1327,6.2227
1328,7.8226
1329,7.5999
1330,7.7492
1331,8.1991
1332,8.1244
1333,7.8680
1334,7.5076
1335,7.2335
1336,7.8824
1337,8.7469
1338,7.3715
1339,6.6833
1340,4.9985
1341,5.3875
1342,5.9460
1343,7.2416
1344,7.6188
1345,7.5871
1346,6.1000
1347,5.6633
1348,8.0831
1349,5.2445
1350,5.2898
1351,6.4896
1352,6.3795
1353,5.1834
1354,7.0630
1355,7.9981
1356,7.1768
1357,5.3970
1358,7.7029
1359,7.4344
1360,4.7402
1361,7.4103
1362,5.1914
1363,7.2477
1364,6.4236
1365,8.2260
1366,6.7844
1367,5.2642
1368,7.0369
1369,6.0182
1370,7.5205
1371,6.0936
1372,8.6906
1373,6.5682
1374,7.4719
1375,7.2009
1376,7.4832
1377,7.1735
1378,7.1880
1379,6.7120
1380,6.8731
1381,8.3334
1382,8.3832
1383,9.3869
1384,7.5876
1385,5.7974
1386,6.4402
1387,6.8808
1388,7.6223
1389,7.8094
1390,6.4469
1391,7.1432
1392,6.7244
1393,8.9368
1394,8.5559
1395,6.0399
1396,6.1430
1397,7.5990
1398,6.1921
1399,5.7192
1400,6.5396
1401,5.6032
1402,7.0813
1403,5.9804
1404,7.9174
1405,5.2540
1406,6.3289
1407,8.0226
1408,5.1226
1409,7.1156
1410,6.4369
1411,7.1508
1412,6.7346
1413,6.3428
1414,7.7596
1415,6.1131
1416,7.0709
1417,7.5803
1418,7.1932
1419,5.2301
1420,6.2027
1421,6.4878
1422,8.2026
1423,7.9492
1424,6.5957
1425,5.8231
1426,7.3570
1427,5.5831
1428,5.3559
1429,6.4102
1430,8.8156
1431,6.9419
1432,6.5955
1433,6.1282
1434,7.5741
1435,6.6444
1436,7.3398
1437,7.1973
1438,7.3426
1439,5.8771
1440,5.8140
1441,7.0417
1442,8.6163
1443,8.6417
1444,7.1665
1445,8.0752
1446,7.9498
1447,7.8708
1448,7.8182
1449,6.9830
1450,7.6395
1451,6.7480
1452,7.3873
1453,5.8028
1454,9.2747
1455,7.7965
1456,7.7917
1457,8.6664
1458,7.2553
1459,8.0443
1460,6.1757
1461,7.8404
1462,7.4957
1463,6.7298
1464,5.2611
1465,5.2802
1466,8.0648
1467,5.9642
1468,5.7807
1469,5.9921
1470,4.9502
1471,7.2020
1472,7.6315
1473,4.9469
1474,5.9336
1475,5.7079
1476,8.1135
1477,5.6051
1478,5.3366
1479,8.6156
1480,7.1559
1481,7.0982
1482,7.2063
1483,7.1122
1484,5.6448
1485,4.9034
1486,6.2971
1487,7.7892
1488,5.7635
1489,7.2709
1490,4.6522
1491,7.9125
1492,6.3282
1493,7.8323
1494,8.4236
1495,7.5778
1496,8.2347
1497,6.3725
1498,7.0501
1499,7.8685
1500,7.4059
1501,8.1782
1502,5.5987
1503,8.1489
1504,7.3191
1505,8.2305
1506,5.9569
1507,6.8910
1508,6.7131
1509,7.6459
1510,8.4057
1511,6.9984
1512,7.3277
1513,7.0030
1514,6.3075
1515,7.0706
1516,7.5717
1517,6.4744
1518,6.6041
1519,6.9773
1520,5.8957
1521,8.4505
1522,7.7499
1523,5.5604
1524,7.0879
1525,7.3705
1526,7.2073
1527,9.4766
1528,7.4352
1529,5.4238
1530,6.0922
1531,7.4079
1532,5.8563
1533,7.4935
1534,5.1379
1535,5.4192
1536,6.4289
1537,6.1444
1538,8.0629
1539,5.8089
1540,8.7012
1541,6.4763
1542,5.4677
1543,8.0938
1544,6.1613
1545,5.6977
1546,8.0473
1547,8.8055
1548,5.1321
1549,7.3052
1550,7.6183
1551,7.0452
1552,6.5389
1553,4.9757
1554,8.0374
1555,8.7652
1556,7.4568
1557,8.0165
1558,8.4412
1559,7.6112
1560,7.7465
1561,7.9912
1562,6.1316
1563,7.5351
1564,5.8001
1565,8.0388
1566,6.8521
1567,7.1251
1568,8.9898
1569,6.9879
1570,5.6881
1571,8.2529
1572,8.3102
1573,6.5356
1574,7.1418
1575,7.6175
1576,7.3428
1577,6.5381
1578,4.5074
1579,7.4680
1580,7.6360
1581,8.7943
1582,9.4782
1583,7.9495
1584,6.4898
1585,6.8964
1586,6.1310
1587,8.4118
1588,8.1898
1589,7.7062
1590,6.8418
1591,6.8771
1592,6.1098
1593,8.2400
1594,6.3400
1595,5.4590
1596,7.2069
1597,7.1553
1598,6.2570
1599,6.8065
1600,6.3599
1601,6.1989
1602,7.4594
1603,7.4604
1604,7.4245
1605,8.5741
1606,7.3173
1607,6.4081
1608,8.0094
1609,8.4871
1610,5.2221
1611,7.2879
1612,5.6001
1613,6.6739
1614,5.7831
1615,6.3897
1616,7.7426
1617,7.7226
1618,7.9858
1619,5.5860
1620,5.5681
1621,7.2597
1622,7.6440
1623,7.1038
1624,8.4377
1625,6.4797
1626,7.1644
1627,9.9853
1628,7.7028
1629,6.7234
1630,7.0864
1631,6.2551
1632,8.9213
1633,5.5219
1634,7.5319
1635,6.6752
1636,7.8803
1637,4.4707
1638,7.4480
1639,6.5468
1640,8.5800
1641,7.4386
1642,7.7239
1643,5.8849
1644,6.1214
1645,6.0578
1646,6.3867
1647,6.7245
1648,6.1916
1649,7.4661
1650,6.4955
1651,7.3461
1652,6.3386
1653,6.4933
1654,7.0344
1655,5.4477
1656,6.3489
1657,5.8944
1658,6.7951
1659,6.3006
1660,8.1944
1661,5.8272
1662,5.9320
1663,6.8838
1664,8.3025
1665,5.9236
1666,7.4279
1667,5.5951
1668,7.8949
1669,7.7236
1670,7.4571
1671,8.0106
1672,6.9045
1673,6.3183
1674,7.3573
1675,7.2159
1676,7.5862
1677,6.1644
1678,6.9512
1679,7.9468
1680,8.2738
1681,8.5239
1682,5.7443
1683,7.5090
1684,8.4097
1685,7.6750
1686,7.3920
1687,8.0115
1688,5.9582
1689,7.9914
1690,7.5617
1691,8.0698
1692,9.0884
1693,7.3789
1694,7.8779
1695,6.3556
1696,7.3045
1697,6.1998
1698,7.0290
1699,6.0724
1700,7.0297
1701,7.8061
1702,5.9242
1703,4.9737
1704,7.0481
1705,7.8375
1706,6.9567
1707,4.9710
1708,9.2091
1709,5.6583
1710,5.3297
1711,5.7006
1712,7.3166
1713,7.2005
1714,6.6854
1715,6.7325
1716,7.4844
1717,5.9561
1718,7.5962
1719,5.9316
1720,5.7786
1721,5.2510
1722,7.2458
1723,5.6708
1724,8.4256
1725,7.7336
1726,7.1455
1727,7.4139
1728,6.1335
1729,7.7933
1730,6.4267
1731,7.9971
1732,6.8255
1733,7.8692
1734,6.3108
1735,7.4191
1736,6.7760
1737,7.3458
1738,5.3004
1739,6.4882
1740,5.1203
1741,8.4847
1742,8.3276
1743,7.5227
1744,6.5916
1745,7.0575
1746,7.4737
1747,8.5443
1748,7.2622
1749,7.7028
1750,5.9472
1751,8.4814
1752,5.4668
1753,9.3178
1754,7.7224
1755,7.7697
1756,7.0415
1757,6.8037
1758,8.2650
1759,8.4108
1760,6.3023
1761,8.3169
1762,7.4720
1763,7.1789
1764,7.0350
1765,7.7362
1766,7.3187
1767,5.9613
1768,5.5180
1769,7.4943
1770,5.6473
1771,4.8399
1772,7.1988
1773,5.6065
1774,8.7007
1775,7.4716
1776,7.7321
1777,5.7583
1778,5.2263
1779,7.5222
1780,7.4325
1781,5.9725
1782,6.9736
1783,6.1024
1784,5.6374
1785,4.8120
1786,6.3473
1787,5.4399
1788,4.6730
1789,5.5121
1790,5.3609
1791,8.2383
1792,6.9456
1793,7.0100
1794,5.6977
1795,7.5988
1796,7.1281
1797,7.5945
1798,7.3749
1799,6.4149
1800,6.9785
1801,7.0212
1802,7.1591
1803,8.4971
1804,7.6424
1805,7.4203
1806,6.0866
1807,6.1782
1808,8.3857
1809,7.2027
1810,8.3264
1811,7.8601
1812,6.9430
1813,8.1117
1814,7.1675
1815,5.4775
1816,6.9252
1817,7.9011
1818,7.9157
1819,8.7425
1820,6.2589
1821,7.1853
1822,7.4624
1823,8.7860
1824,6.8579
1825,6.5158
1826,7.5956
1827,5.3723
1828,7.2429
1829,9.4880
1830,8.5952
1831,7.1871
1832,5.4108
1833,5.3574
1834,5.3682
1835,4.0309
1836,5.6539
1837,5.0126
1838,5.6374
1839,5.6733
1840,6.3721
1841,8.5753
1842,7.8748
1843,7.6967
1844,8.1590
1845,7.4767
1846,8.6582
1847,7.0648
1848,6.5614
1849,5.8966
1850,5.9285
1851,5.8429
1852,6.9030
1853,7.6722
1854,5.9610
1855,6.1408
1856,6.4792
1857,6.6238
1858,6.4048
1859,6.9794
1860,7.9843
1861,7.5689
1862,7.5858
1863,8.4295
1864,8.1338
1865,8.4519
1866,8.5670
1867,8.9979
1868,7.4547
1869,7.6008
1870,9.3010
1871,7.6317
1872,8.7864
1873,7.5176
1874,5.9912
1875,6.2048
1876,6.7091
1877,7.3837
1878,6.8514
1879,7.9378
1880,5.6494
1881,6.0540
1882,5.5612
1883,5.1482
1884,5.2552
1885,6.3220
1886,5.2161
1887,6.1233
1888,7.4131
1889,8.5835
1890,6.5870
1891,7.3664
1892,7.0158
1893,6.9556
1894,7.8386
1895,8.5181
1896,8.1082
1897,7.4423
1898,5.9223
1899,7.7994
1900,7.0840
1901,6.0704
1902,6.5155
1903,7.2777
1904,6.7766
1905,7.3158
1906,7.2898
1907,7.8421
1908,5.5023
1909,8.1365
1910,7.5631
1911,6.7342
1912,7.5093
1913,6.8573
1914,7.2625
1915,6.4358
1916,7.5765
1917,6.4337
1918,7.0137
1919,7.5338
1920,7.7593
1921,7.9715
1922,7.6001
1923,9.2725
1924,7.8623
1925,7.6652
1926,8.4960
1927,7.4844
1928,6.2513
1929,7.6588
1930,7.2620
1931,5.1145
1932,8.1802
1933,5.8108
1934,6.7625
1935,8.6565
1936,7.5799
1937,7.5278
1938,7.0826
1939,7.9771
1940,8.2300
1941,7.6782
1942,7.9364
1943,6.7481
1944,7.1324
1945,5.4027
1946,7.5361
1947,8.0800
1948,6.7815
1949,8.0854
1950,6.2060
1951,7.6302
1952,5.3251
1953,7.2690
1954,6.8315
1955,7.2339
1956,6.9706
1957,7.2805
1958,5.9088
1959,7.5921
1960,6.0536
1961,6.0740
1962,8.6247
1963,5.4448
1964,5.8502
1965,5.6034
1966,7.2335
1967,6.9425
1968,6.4836
1969,6.3855
1970,5.9403
1971,7.7330
1972,6.6998
1973,6.7326
1974,6.6929
1975,6.0442
1976,7.5307
1977,8.8863
1978,7.1623
1979,8.6180
1980,4.5839
1981,7.2485
1982,6.2786
1983,8.1314
1984,8.0126
1985,6.6771
1986,8.9008
1987,7.2360
1988,6.8961
1989,6.3482
1990,8.5361
1991,7.3520
1992,8.5606
1993,6.7233
1994,6.9108
1995,7.8444
1996,6.8965
1997,7.2310
1998,7.7148
1999,8.5607
2000,7.7469
2001,6.3416
2002,8.0323
2003,6.7758
2004,9.3254
2005,5.5596
2006,6.9502
2007,7.6685
2008,5.8744
2009,7.6133
2010,6.5736
2011,6.5190
2012,8.5566
2013,7.5076
2014,7.4502
2015,6.8388
2016,6.8080
2017,4.8048
2018,7.9071
2019,7.0909
2020,5.9184
2021,7.8761
2022,6.4414
2023,7.2338
2024,5.4707
2025,5.3083
2026,7.3800
2027,5.5990
2028,6.9996
2029,5.1215
2030,5.5035
2031,5.4920
2032,8.6603
2033,6.2143
2034,6.2256
2035,7.2363
2036,7.2648
2037,9.0971
2038,7.4156
2039,7.5804
2040,6.4609
2041,8.5509
2042,8.4761
2043,10.3472
2044,6.6418
2045,5.4772
2046,6.0248
2047,6.9420
2048,12.0828
2049,7.1528
2050,5.9164
2051,9.4269
2052,8.4817
2053,6.4027
2054,8.2914
2055,7.8668
2056,10.0453
2057,6.8530
2058,6.9218
2059,6.7669
2060,6.5882
2061,7.3407
2062,7.4775
2063,6.1362
2064,8.7468
2065,7.6275
2066,8.7523
2067,4.9810
2068,6.5112
2069,6.0045
2070,6.8449
2071,8.5291
2072,6.8498
2073,5.4117
2074,6.4205
2075,8.5416
2076,7.6953
2077,6.8438
2078,6.3284
2079,6.2035
2080,5.3779
2081,6.0921
2082,6.5941
2083,7.4408
2084,5.7823
2085,6.7797
2086,7.4506
2087,5.0594
2088,7.0659
2089,6.2247
2090,5.0316
2091,6.3452
2092,5.0107
2093,7.7318
2094,5.8437
2095,8.3751
2096,8.1912
2097,7.0388
2098,7.7394
2099,8.6321
2100,9.0454
2101,7.8505
2102,7.3810
2103,8.4389
2104,7.2961
2105,5.9502
2106,8.1034
2107,6.4959
2108,8.0056
2109,7.0656
2110,7.4267
2111,7.7327
2112,8.6656
2113,6.8766
2114,8.2697
2115,8.2568
2116,7.4576
2117,7.6172
2118,7.1876
2119,8.0314
2120,7.3009
2121,8.3307
2122,6.5764
2123,5.8731
2124,8.5598
2125,5.9991
2126,7.7338
2127,6.3209
2128,5.9111
2129,6.5385
2130,5.5761
2131,6.4890
2132,6.5743
2133,8.0666
2134,7.6722
2135,5.7134
2136,8.1887
2137,4.8519
2138,8.3293
2139,5.5609
2140,6.7337
2141,6.5208
2142,8.7574
2143,7.6956
2144,6.4120
2145,6.2370
2146,6.1496
2147,5.6469
2148,8.5500
2149,7.2951
2150,9.4585
2151,9.0359
2152,8.0735
2153,7.3754
2154,7.4732
2155,5.9147
2156,6.0121
2157,6.5542
2158,7.4839
2159,7.4107
2160,6.5712
2161,7.5801
2162,8.4191
2163,7.6946
2164,9.6737
2165,9.0067
2166,7.9195
2167,8.6359
2168,7.8274
2169,8.9420
2170,7.4868
2171,6.2304
2172,8.7057
2173,7.2602
2174,7.0263
2175,7.3055
2176,5.7533
2177,7.1608
2178,8.3352
2179,6.7541
2180,6.9767
2181,7.0967
2182,6.6955
2183,6.7452
2184,7.7418
2185,5.1851
2186,6.7391
2187,7.2010
2188,5.9969
2189,4.9242
2190,7.6102
2191,4.8006
2192,7.1023
2193,7.7590
2194,6.0993
2195,5.6097
2196,7.5021
2197,8.1143
2198,7.9020
2199,6.1923
2200,6.4398
2201,7.8205
2202,6.9542
2203,8.6088
2204,8.3857
2205,5.5391
2206,7.4297
2207,6.0628
2208,7.1117
2209,9.3816
2210,6.5042
2211,8.2328
2212,8.8401
2213,7.9007
2214,7.6445
2215,6.8279
2216,7.1757
2217,7.5249
2218,9.9856
2219,6.6342
2220,7.8118
2221,8.8200
2222,9.4019
2223,6.5898
2224,7.5807
2225,6.7773
2226,8.6965
2227,7.4993
2228,6.1428
2229,7.7797
2230,6.7920
2231,8.5344
2232,6.2513
2233,7.4697
2234,6.6020
2235,5.4682
2236,6.5191
2237,7.9078
2238,6.4127
2239,6.7256
2240,6.8913
2241,7.3780
2242,5.4669
2243,6.4759
2244,7.7883
2245,5.1430
2246,7.8416
2247,6.6845
2248,6.8316
2249,9.2896
2250,6.5801
2251,6.3036
2252,8.0025
2253,7.5176
2254,5.9079
2255,6.5221
2256,7.6607
2257,6.8598
2258,7.8535
2259,5.4829
2260,7.7776
2261,6.2996
2262,9.2548
2263,9.5669
2264,7.9747
2265,6.8749
2266,7.3981
2267,7.7908
2268,8.6342
2269,8.4514
2270,7.8496
2271,6.3363
2272,8.0923
2273,7.2620
2274,6.4010
2275,5.2440
2276,8.1300
2277,8.2675
2278,7.0021
2279,7.9862
2280,8.0140
2281,5.4744
2282,8.3013
2283,7.4874
2284,8.2970
2285,4.9307
2286,7.0332
2287,7.2712
2288,7.5334
2289,6.0390
2290,8.3545
2291,8.6313
2292,6.8160
2293,10.4846
2294,6.9554
2295,5.9436
2296,7.7006
2297,6.8065
2298,7.1780
2299,6.8758
2300,8.1923
2301,8.0612
2302,8.1292
2303,7.0795
2304,8.5718
2305,6.8027
2306,7.2501
2307,8.5589
2308,8.7850
2309,5.9621
2310,7.2981
2311,5.8804
2312,7.3679
2313,8.4356
2314,7.5210
2315,6.9039
2316,9.0534
2317,6.1396
2318,8.2039
2319,8.2774
2320,8.3179
2321,8.8626
2322,8.5827
2323,7.5279
2324,8.8326
2325,8.4680
2326,7.8246
2327,7.8155
2328,5.8946
2329,7.5482
2330,7.6701
2331,6.1320
2332,7.5299
2333,6.0006
2334,6.0707
2335,5.2236
2336,9.2052
2337,7.3759
2338,8.5773
2339,9.1826
2340,6.6590
2341,6.9794
2342,6.8315
2343,8.6469
2344,6.0998
2345,7.1934
2346,7.0672
2347,6.2147
2348,8.4677
2349,8.0059
2350,7.1104
2351,6.2449
2352,8.4582
2353,6.4980
2354,8.7947
2355,6.1497
2356,6.3295
2357,8.9821
2358,6.2277
2359,5.3853
2360,6.6926
2361,9.0801
2362,7.1603
2363,7.2119
2364,7.6350
2365,9.2860
2366,7.9243
2367,7.9862
2368,8.0175
2369,8.0673
2370,7.6768
2371,7.4880
2372,5.5648
2373,5.5357
2374,6.3299
2375,7.8299
2376,8.8007
2377,5.8709
2378,8.6776
2379,5.6688
2380,6.9357
2381,7.1716
2382,6.6573
2383,5.6943
2384,6.6271
2385,5.3750
2386,8.6979
2387,8.6371
2388,7.4459
2389,7.2078
2390,6.7784
2391,7.2437
2392,6.2975
2393,7.6710
2394,6.2208
2395,6.3321
2396,8.4436
2397,5.5917
2398,5.6648
2399,7.2455
2400,7.8425
2401,7.2202
2402,7.2514
2403,9.6213
2404,7.2033
2405,11.2554
2406,8.4075
2407,8.2618
2408,7.5023
2409,7.0867
2410,7.5664
2411,9.8069
2412,8.5207
2413,8.2503
2414,6.6493
2415,7.6060
2416,8.8471
2417,6.6115
2418,8.8858
2419,7.2109
2420,5.8471
2421,8.0686
2422,5.1065
2423,6.9075
2424,5.8835
2425,7.2259
2426,7.0175
2427,9.1845
2428,5.6386
2429,7.2999
2430,7.0586
2431,6.6672
2432,6.0749
2433,5.3505
2434,6.6881
2435,7.5069
2436,8.8044
2437,7.4630
2438,6.0538
2439,5.9869
2440,8.3092
2441,8.1863
2442,7.8655
2443,6.9666
2444,7.9234
2445,6.7424
2446,7.2873
2447,4.9765
2448,6.6634
2449,7.0738
2450,15.9871
2451,10.2334
2452,6.2855
2453,6.2861
2454,6.1682
2455,7.1668
2456,7.2161
2457,7.4980
2458,5.6200
2459,6.8689
2460,6.6805
2461,7.3867
2462,8.8370
2463,8.7907
2464,8.4455
2465,8.9266
2466,7.7639
2467,9.7109
2468,6.2093
2469,7.1191
2470,8.5214
2471,8.3121
2472,8.5575
2473,8.7426
2474,5.9465
2475,9.4210
2476,7.3384
2477,8.3852
2478,6.9785
2479,8.9085
2480,8.4927
2481,8.0715
2482,8.2436
2483,7.2784
2484,7.8040
2485,5.7766
2486,7.1986
2487,6.5942
2488,7.1369
2489,8.0887
2490,8.5840
2491,7.4174
2492,7.9958
2493,7.5024
2494,7.7687
2495,5.3285
2496,5.7591
2497,6.4740
2498,5.4238
2499,5.8111
2500,6.0430
2501,6.5917
2502,4.8255
2503,7.3708
2504,6.0135
2505,4.9093
2506,6.2822
2507,5.7045
2508,7.5424
2509,6.5069
2510,5.8861
2511,5.5426
2512,7.1362
2513,6.4431
2514,8.5605
2515,6.7662
2516,6.1143
2517,5.5250
2518,10.2650
2519,8.4969
2520,6.0148
2521,5.4123
2522,6.7011
2523,7.8226
2524,9.2299
2525,7.5159
2526,7.4267
2527,8.0180
2528,7.5728
2529,6.9349
2530,6.9708
2531,8.8694
2532,8.0838
2533,9.4508
2534,8.8712
2535,7.1228
2536,9.2441
2537,7.1589
2538,7.8695
2539,8.6519
2540,8.2212
2541,8.5881
2542,6.3114
2543,8.1855
2544,8.2505
2545,11.6730
2546,8.8680
2547,7.1135
2548,7.5091
2549,7.3747
2550,6.9026
2551,6.0592
2552,7.0671
2553,6.7009
2554,6.5608
2555,6.1349
2556,7.5010
2557,8.0417
2558,7.1024
2559,8.9206
2560,9.8939
2561,5.7583
2562,9.2464
2563,7.7819
2564,9.8015
2565,8.7553
2566,7.1063
2567,8.4445
2568,9.3672
2569,7.8200
2570,5.3819
2571,10.0832
2572,9.1112
2573,10.6069
2574,7.7509
2575,5.9072
2576,6.3917
2577,7.3280
2578,6.3242
2579,7.6218
2580,6.2579
2581,6.1421
2582,8.5155
2583,5.7901
2584,7.7002
2585,8.4174
2586,7.6300
2587,8.5636
2588,7.0558
2589,6.3922
2590,6.0349
2591,8.3972
2592,9.0651
2593,8.6911
2594,8.8127
2595,5.6425
2596,5.3850
2597,7.8080
2598,6.4846
2599,7.8349
2600,8.0660
2601,8.6997
2602,7.2667
2603,8.3974
2604,6.4119
2605,6.6000
2606,6.6600
2607,7.0794
2608,7.4631
2609,7.9337
2610,9.6811
2611,9.4751
2612,9.1337
2613,8.5510
2614,8.4782
2615,7.0574
2616,6.6468
2617,8.4283
2618,8.5374
2619,8.7234
2620,10.3969
2621,6.8832
2622,6.6656
2623,8.3194
2624,5.9410
2625,5.8138
2626,7.9266
2627,6.3370
2628,9.4148
2629,9.3877
2630,5.7034
2631,6.0093
2632,5.5658
2633,8.5051
2634,8.7987
2635,5.2191
2636,8.9067
2637,6.3501
2638,7.7911
2639,8.4539
2640,7.1267
2641,7.1201
2642,6.4922
2643,6.4595
2644,8.3467
2645,8.0781
2646,7.9038
2647,7.0104
2648,6.8074
2649,6.3488
2650,7.0489
2651,9.1090
2652,6.0211
2653,10.0406
2654,8.5759
2655,6.7289
2656,8.4637
2657,10.0376
2658,9.0280
2659,8.1156
2660,7.0347
2661,8.7988
2662,7.6815
2663,6.5267
2664,8.0756
2665,6.3148
2666,6.9820
2667,8.3650
2668,6.9366
2669,7.8715
2670,7.0811
2671,8.1959
2672,10.1451
2673,6.7515
2674,6.9049
2675,8.9226
2676,8.3283
2677,8.5481
2678,6.5992
2679,6.2775
2680,7.2242
2681,7.5579
2682,6.2000
2683,7.1889
2684,7.2865
2685,8.0684
2686,5.9957
2687,6.3139
2688,6.3140
2689,6.7806
2690,7.5361
2691,6.3866
2692,7.7658
2693,8.6120
2694,8.0213
2695,5.6536
2696,9.9104
2697,8.9268
2698,7.4829
2699,5.8879
2700,6.7119
2701,7.0061
2702,7.8719
2703,9.7611
2704,9.2652
2705,6.6937
2706,7.2042
2707,6.9253
2708,8.1255
2709,7.3087
2710,7.9672
2711,8.2813
2712,10.2842
2713,9.7770
2714,9.1339
2715,6.6218
2716,8.5906
2717,8.1237
2718,8.3259
2719,7.7442
2720,10.2393
2721,7.9091
2722,9.0695
2723,7.3986
2724,8.0832
2725,6.6064
2726,7.9598
2727,7.9842
2728,7.8157
2729,7.2487
2730,6.5358
2731,7.2740
2732,6.2111
2733,7.2647
2734,8.1814
2735,6.0970
2736,6.0727
2737,8.0115
2738,7.9463
2739,6.6284
2740,5.3587
2741,9.1839
2742,6.2117
2743,7.8189
2744,8.3631
2745,7.7618
2746,7.4282
2747,6.7683
2748,6.7499
2749,7.4572
2750,4.5257
2751,6.4918
2752,7.7813
2753,7.3005
2754,6.7412
2755,4.8344
2756,7.0549
2757,6.2356
2758,5.2393
2759,4.8015
2760,5.6085
2761,5.1029
2762,6.4311
2763,7.3739
2764,4.9433
2765,6.9075
2766,5.1182
2767,6.8839
2768,6.9496
2769,5.9687
2770,7.0267
2771,6.3373
2772,5.6689
2773,4.9781
2774,6.6905
2775,6.1280
2776,6.5430
2777,5.4808
2778,7.9968
2779,4.6947
2780,5.7580
2781,5.7914
2782,4.6253
2783,4.6955
2784,4.7666
2785,4.5710
2786,5.9094
2787,5.3864
2788,4.9214
2789,4.9903
2790,4.1192
2791,3.9429
2792,6.5536
2793,4.2453
2794,5.2071
2795,4.0839
2796,5.4537
2797,4.7221
2798,5.4406
2799,5.4830
2800,3.8710
2801,5.4520
2802,5.1554
2803,3.7663
2804,4.9324
2805,3.8974
2806,4.3730
2807,3.9783
2808,3.8918
2809,4.0144
2810,3.6477
2811,3.7112
2812,3.5291
2813,3.3745
2814,4.4906
2815,3.4215
2816,3.4911
2817,3.4492
2818,3.2509
2819,3.4910
2820,4.0377
2821,3.7126
2822,3.4220
2823,3.4553
2824,3.4280
2825,3.4121
2826,3.5566
2827,3.5729
2828,3.6389
2829,4.0014
2830,3.6823
2831,4.3937
2832,3.9267
2833,4.2625
2834,3.6161
2835,3.5537
2836,3.8607
2837,3.6665
2838,3.6150
2839,3.5077
2840,3.8398
2841,3.7380
2842,3.7486
2843,3.6837
2844,3.5260
2845,3.8550
2846,3.6894
2847,3.6432
2848,3.8795
2849,5.0486
2850,4.3049
2851,3.8261
2852,4.0669
2853,3.4775
2854,3.4735
2855,3.4151
2856,3.4440
2857,3.4530
2858,3.4069
2859,3.3970
2860,3.4431
2861,3.4947
2862,3.6055
2863,3.4860
2864,3.7348
2865,3.5811
2866,3.7988
2867,3.4141
2868,3.6098
2869,4.2029
2870,3.7944
2871,3.6911
2872,3.5032
2873,3.7664
2874,3.6195
2875,3.4665
2876,3.6566
2877,3.4671
2878,3.4409
2879,3.4402
2880,3.5090
2881,3.4383
2882,3.5389
2883,3.5745
2884,3.6791
2885,3.4722
2886,3.9678
2887,3.4840
2888,3.4952
2889,3.6236
2890,4.3998
2891,3.5831
2892,4.5292
2893,3.5612
2894,4.7308
2895,4.3875
2896,4.4670
2897,4.1144
2898,3.6521
2899,4.1363
2900,3.8858
2901,4.0055
2902,3.9931
2903,3.8134
2904,3.7639
2905,3.4918
2906,3.6953
2907,3.3936
2908,3.4112
2909,3.6557
2910,3.4573
2911,3.4549
2912,3.5391
2913,3.3870
2914,3.4858
2915,3.4689
2916,4.5583
2917,3.7391
2918,3.7315
2919,3.7393
2920,3.6575
2921,4.9961
2922,3.6972
2923,3.5368
2924,3.5714
2925,3.6126
2926,3.8857
2927,3.6990
2928,3.5781
2929,3.6334
2930,3.6259
2931,3.6839
2932,3.8159
2933,3.6290
2934,3.7398
2935,3.5873
2936,3.9183
2937,3.3773
2938,3.5588
2939,3.6479
2940,3.4504
2941,3.6604
2942,3.4176
2943,3.7038
2944,3.5293
2945,3.4541
2946,3.7593
2947,3.6619
2948,3.8288
2949,3.4734
2950,3.6642
2951,3.6561
2952,3.9429
2953,3.7097
2954,3.8009
2955,3.5781
2956,4.4203
2957,3.5271
2958,3.6457
2959,3.7955
2960,3.6312
2961,4.1684
2962,3.6614
2963,4.0416
2964,3.6707
2965,3.5888
2966,4.4809
2967,4.1700
2968,3.5086
2969,3.5077
2970,3.5075
2971,3.5426
2972,3.6609
2973,3.4746
2974,3.5417
2975,3.4858
2976,3.5665
2977,3.4245
2978,3.4534
2979,3.4518
2980,3.9046
2981,3.6121
2982,3.5767
2983,3.9586
2984,4.0830
2985,4.2544
2986,3.6113
2987,3.8434
2988,3.7228
2989,3.7850
2990,3.8707
2991,4.3551
2992,4.0412
2993,3.5500
2994,4.0819
2995,3.8206
2996,4.2062
2997,4.8664
2998,3.5641
2999,3.8656
3000,3.4403
3001,3.6710
3002,3.8075
3003,3.4432
3004,4.0388
3005,3.4381
3006,3.9203
3007,3.5050
3008,3.3922
3009,3.9381
3010,3.9539
3011,4.7282
3012,4.3980
3013,4.0392
3014,4.7830
3015,4.6392
3016,4.1474
3017,3.6098
3018,3.9958
3019,3.9923
3020,3.8962
3021,3.5699
3022,3.6238
3023,3.5597
3024,3.6375
3025,3.7124
3026,3.9623
3027,3.3812
3028,3.6741
3029,4.0052
3030,3.4828
3031,3.6450
3032,3.7836
3033,3.9688
3034,3.7695
3035,3.5084
3036,3.7792
3037,3.9180
3038,3.4108
3039,3.9582
3040,3.4328
3041,4.2543
3042,4.0035
3043,3.7126
3044,3.8065
3045,3.5894
3046,4.6903
3047,3.7479
3048,3.5173
3049,3.7972
3050,3.6026
3051,3.6135
3052,3.6465
3053,3.6330
3054,3.7436
3055,3.5674
3056,3.7299
3057,3.9054
3058,3.0164
3059,4.0186
3060,3.8673
3061,3.4080
3062,3.5743
3063,3.4920
3064,3.7082
3065,3.4199
3066,3.4620
3067,3.5651
3068,3.4182
3069,3.7219
3070,3.5529
3071,3.4755
3072,3.8778
3073,3.4635
3074,3.5941
3075,4.0930
3076,4.3467
3077,4.1752
3078,3.5102
3079,4.2242
3080,3.9463
3081,3.9220
3082,3.8530
3083,4.3440
3084,4.0906
3085,3.6498
3086,3.9239
3087,4.8181
3088,3.7639
3089,4.4113
3090,3.6245
3091,4.6129
3092,3.3434
3093,3.4301
3094,3.7459
3095,3.4525
3096,3.6680
3097,3.5136
3098,3.7080
3099,3.5911
3100,3.8763
3101,3.4993
3102,3.5048
3103,4.2599
3104,3.4353
3105,3.6118
3106,3.9213
3107,4.2185
3108,3.7577
3109,3.8245
3110,4.2099
3111,3.8060
3112,3.5866
3113,3.6636
3114,3.5210
3115,3.6131
3116,3.6869
3117,3.7086
3118,3.6480
3119,3.6443
3120,3.6254
3121,2.9869
3122,3.5910
3123,4.0213
3124,3.4575
3125,3.4252
3126,3.6377
3127,3.5958
3128,3.6219
3129,3.4095
3130,3.5231
3131,3.5624
3132,3.4846
3133,3.4070
3134,3.5434
3135,3.4792
3136,4.6664
3137,4.2176
3138,3.4787
3139,4.0034
3140,3.5025
3141,3.4802
3142,3.6706
3143,3.4898
3144,4.0084
3145,3.4128
3146,3.8042
3147,3.5186
3148,3.4121
3149,3.9472
3150,3.4154
3151,4.2904
3152,4.0199
3153,3.4227
3154,3.9979
3155,3.7139
3156,3.9540
3157,3.4791
3158,3.4492
3159,3.8627
3160,3.5306
3161,3.9633
3162,3.7149
3163,3.6775
3164,4.0525
3165,3.4704
3166,3.9430
3167,4.4550
3168,3.8710
3169,4.6053
3170,4.5563
3171,4.7381
3172,4.3058
3173,5.6323
3174,4.6133
3175,3.5458
3176,3.8771
3177,3.5486
3178,3.5853
3179,3.7913
3180,3.9866
3181,2.6424
3182,3.6599
3183,3.9476
3184,3.8214
3185,3.4318
3186,4.1779
3187,3.7029
3188,3.8477
3189,3.8209
3190,3.5520
3191,4.2320
3192,3.7084
3193,3.8996
3194,3.9268
3195,3.5390
3196,3.8685
3197,4.1392
3198,3.7064
3199,3.7528
3200,3.7235
3201,3.6421
3202,3.6625
3203,3.7429
3204,3.4734
3205,3.4456
3206,3.8593
3207,3.4514
3208,3.4580
3209,3.4125
3210,3.4689
3211,3.6507
3212,3.6131
3213,4.0685
3214,3.4626
3215,3.6718
3216,3.5791
3217,3.4468
3218,3.5227
3219,3.6012
3220,3.5545
3221,3.4238
3222,3.5791
3223,3.8615
3224,3.8579
3225,3.6106
3226,3.9811
3227,3.8887
3228,4.2253
3229,3.6301
3230,3.8666
3231,3.8056
3232,4.0597
3233,3.6047
3234,3.5871
3235,3.8360
3236,3.6210
3237,3.6685
3238,3.6807
3239,3.5165
3240,3.6457
3241,3.8521
3242,3.9161
3243,3.6686
3244,3.5126
3245,3.4340
3246,3.5530
3247,3.4808
3248,3.3827
3249,3.4032
3250,3.4658
3251,3.9383
3252,3.4385
3253,3.6968
3254,3.4009
3255,3.5211
3256,4.0953
3257,3.6649
3258,3.7920
3259,3.7805
3260,4.9547
3261,3.9461
3262,3.4075
3263,3.7110
3264,3.5046
3265,3.6200
3266,3.8742
3267,4.2515
3268,3.6767
3269,3.5786
3270,3.5047
3271,3.8275
3272,3.4095
3273,3.6286
3274,3.6552
3275,3.5387
3276,3.5581
3277,3.4609
3278,3.5604
3279,3.4661
3280,3.3423
3281,3.9739
3282,3.4647
3283,4.0031
3284,3.4563
3285,3.5413
3286,3.6894
3287,3.5245
3288,3.5361
3289,3.4267
3290,3.4801
3291,3.4376
3292,3.5335
3293,3.4302
3294,3.4887
3295,3.4294
3296,3.4933
3297,3.4411
3298,3.5395
3299,3.7657
3300,3.4490
3301,3.5690
3302,3.5290
3303,3.5021
3304,3.6507
3305,3.4234
3306,3.6678
3307,3.8870
3308,3.4619
3309,3.6923
3310,3.4286
3311,3.6346
3312,3.7523
3313,3.5211
3314,3.8130
3315,4.0061
3316,4.3997
3317,4.1081
3318,3.6513
3319,3.9856
3320,4.0058
3321,3.8022
3322,3.6185
3323,3.7222
3324,3.7822
3325,3.6581
3326,3.7867
3327,3.5386
3328,3.8199
3329,4.0013
3330,3.5559
3331,4.1868
3332,4.3251
3333,4.1473
3334,3.6996
3335,3.5621
3336,3.6528
3337,3.5918
3338,3.4732
3339,3.5627
3340,3.5608
3341,3.4564
3342,3.5486
3343,3.4545
3344,3.4700
3345,3.4674
3346,3.8112
3347,3.8746
3348,3.5429
3349,3.5986
3350,3.5184
3351,3.4652
3352,3.6459
3353,3.4274
3354,3.5233
3355,3.4834
3356,3.6096
3357,5.7545
3358,3.3362
3359,3.7307
3360,3.5654
3361,3.8959
3362,3.7645
3363,3.8118
3364,3.9384
3365,3.4560
3366,3.9012
3367,3.5972
3368,3.4021
3369,3.5884
3370,3.6382
3371,3.5384
3372,3.5663
3373,3.4631
3374,3.4134
3375,3.4353
3376,3.6016
3377,3.5599
3378,3.5617
3379,3.8255
3380,3.8184
3381,3.4624
3382,3.6156
3383,3.5337
3384,3.7924
3385,3.5130
3386,3.8218
3387,3.5393
3388,3.8413
3389,3.5642
3390,3.6837
3391,3.5340
3392,3.9482
3393,4.0030
3394,3.6985
3395,4.0120
3396,3.8522
3397,3.4436
3398,3.3792
3399,3.4436
3400,3.5952
3401,3.5644
3402,3.7034
3403,3.4675
3404,3.6026
3405,3.4190
3406,3.5503
3407,3.4560
3408,3.5075
3409,3.4530
3410,3.5247
3411,3.7917
3412,3.7392
3413,3.6356
3414,3.5052
3415,3.4701
3416,3.5243
3417,3.5115
3418,3.5838
3419,3.4673
3420,3.4722
3421,3.4088
3422,3.7357
3423,3.4720
3424,3.5155
3425,3.4202
3426,4.4911
3427,3.8066
3428,3.5041
3429,3.4576
3430,3.4687
3431,3.4990
3432,3.7695
3433,3.5753
3434,3.5194
3435,3.4066
3436,3.4313
3437,3.7468
3438,3.6287
3439,3.5058
3440,3.6158
3441,3.7059
3442,5.6272
3443,4.2498
3444,3.5885
3445,3.5997
3446,3.9619
3447,3.8077
3448,3.6930
3449,4.0025
3450,3.5877
3451,3.7243
3452,3.7407
3453,3.8234
3454,3.7179
3455,3.5464
3456,3.4797
3457,3.6318
3458,3.4868
3459,3.7000
3460,3.5380
3461,3.6041
3462,3.7350
3463,3.5580
3464,3.4580
3465,3.4707
3466,4.1429
3467,3.6381
3468,3.9658
3469,3.7072
3470,3.6336
3471,3.5850
3472,4.0183
3473,4.4872
3474,3.5945
3475,3.7703
3476,3.7345
3477,3.6609
3478,4.4716
3479,3.4791
3480,3.7514
3481,3.5795
3482,3.9171
3483,3.5182
3484,4.3153
3485,3.4894
3486,4.1328
3487,6.3887
3488,3.4669
3489,3.7833
3490,3.5091
3491,4.2695
3492,3.9859
3493,3.6629
3494,3.8060
3495,3.6101
3496,3.9589
3497,3.9039
3498,3.6371
3499,3.8446
3500,3.5298
3501,3.7062
3502,3.5183
3503,3.5419
3504,3.7171
3505,3.4504
3506,3.7956
3507,3.9163
3508,3.7587
3509,3.7516
3510,3.5408
3511,3.8950
3512,3.5233
3513,3.7618
3514,3.9604
3515,3.4936
3516,3.5246
3517,3.5625
3518,3.4898
3519,3.4571
3520,3.4821
3521,3.4192
3522,3.6567
3523,3.7338
3524,3.5390
3525,3.4829
3526,3.7971
3527,3.6368
3528,3.5615
3529,3.4700
3530,4.2933
3531,4.5667
3532,4.3955
3533,3.5855
3534,4.1590
3535,3.5355
3536,4.1775
3537,4.0526
3538,3.6379
3539,4.5366
3540,3.5689
3541,4.1624
3542,5.7246
3543,3.5265
3544,4.0924
3545,3.7652
3546,3.9500
3547,4.0051
3548,3.5021
3549,3.9309
3550,3.4655
3551,3.9187
3552,4.0174
3553,3.5046
3554,4.3062
3555,3.9053
3556,4.5420
3557,3.9856
3558,3.6003
3559,3.8077
3560,3.4767
3561,3.9026
3562,3.5667
3563,3.5204
3564,3.6823
3565,3.2245
3566,3.8754
3567,3.5825
3568,3.4727
3569,3.8144
3570,3.5382
3571,4.0880
3572,3.5684
3573,3.7813
3574,3.6871
3575,3.5783
3576,3.7810
3577,3.5426
3578,4.1084
3579,3.4104
3580,3.5548
3581,3.5834
3582,3.4541
3583,3.6204
3584,3.6754
3585,3.5240
3586,3.8333
3587,3.8426
3588,3.8356
3589,3.5491
3590,3.6375
3591,4.0283
3592,4.6225
3593,3.7358
3594,3.8371
3595,4.5280
3596,3.5154
3597,4.2412
3598,3.5550
3599,4.4152
3600,3.5726
3601,3.9327
3602,3.6955
3603,3.6351
3604,3.1007
3605,4.0032
3606,4.1915
3607,3.4160
3608,3.4529
3609,3.6890
3610,3.4920
3611,3.8644
3612,3.6002
3613,4.5395
3614,4.3271
3615,3.4421
3616,4.3793
3617,3.9873
3618,3.3715
3619,3.8894
3620,3.5957
3621,3.6829
3622,3.1205
3623,3.4734
3624,3.7402
3625,3.5258
3626,3.6819
3627,3.6874
3628,3.5390
3629,3.9407
3630,4.2379
3631,3.5028
3632,3.4407
3633,3.6551
3634,3.7726
3635,3.5830
3636,3.5774
3637,3.4432
3638,3.4499
3639,3.5700
3640,3.4709
3641,3.4406
3642,3.4894
3643,3.7622
3644,3.6084
3645,3.6288
3646,3.7856
3647,3.7712
3648,3.4920
3649,4.2734
3650,4.9363
3651,4.0380
3652,4.3217
3653,3.7606
3654,4.4518
3655,3.5022
3656,4.4836
3657,3.5641
3658,4.4315
3659,4.2707
3660,3.6522
3661,3.8577
3662,3.9068
3663,4.5879
3664,5.7477
3665,3.5017
3666,3.7634
3667,3.6070
3668,4.4139
3669,3.9630
3670,3.5652
3671,3.9806
3672,3.5376
3673,3.7805
3674,3.8896
3675,3.7029
3676,3.9602
3677,3.6361
3678,4.2774
3679,4.7388
3680,5.0267
3681,3.9298
3682,3.6351
3683,4.2853
3684,3.7186
3685,3.5194
3686,4.1507
3687,3.6182
3688,3.7060
3689,3.6314
3690,3.8227
3691,3.6988
3692,2.9654
3693,3.6988
3694,4.0282
3695,3.5021
3696,3.4827
3697,3.4469
3698,3.4749
3699,3.5487
3700,3.4336
3701,3.5119
3702,3.5030
3703,3.4957
3704,3.5582
3705,3.4691
3706,3.6225
3707,3.6185
3708,3.5038
3709,3.5063
3710,3.7037
3711,3.4240
3712,3.5351
3713,3.3953
3714,3.5708
3715,3.6143
3716,3.4943
3717,3.6574
3718,3.5021
3719,3.6808
3720,3.5303
3721,3.9693
3722,3.7612
3723,3.5345
3724,4.0435
3725,3.4727
3726,4.0042
3727,3.7582
3728,5.4370
3729,3.8690
3730,3.5513
3731,3.8851
3732,3.4477
3733,3.4725
3734,4.0883
3735,3.5502
3736,3.8541
3737,3.4921
3738,4.6771
3739,3.9259
3740,3.6737
3741,4.0278
3742,3.8865
3743,3.7198
3744,3.9106
3745,3.5715
3746,3.9611
3747,3.7260
3748,3.6363
3749,3.7983
3750,2.6569
3751,3.7692
3752,3.6237
3753,3.6786
3754,3.7333
3755,3.8219
3756,3.6983
3757,3.5647
3758,3.8254
3759,5.0777
3760,3.4667
3761,3.7491
3762,3.5082
3763,3.8097
3764,4.1585
3765,3.6297
3766,4.0542
3767,3.6003
3768,3.6856
3769,3.6790
3770,3.6911
3771,3.5400
3772,4.3892
3773,3.6816
3774,4.3110
3775,4.3518
3776,3.8819
3777,3.6445
3778,3.6585
3779,3.9082
3780,4.0034
3781,2.9867
3782,3.7716
3783,3.6850
3784,3.5635
3785,3.4598
3786,3.6307
3787,3.4394
3788,3.4966
3789,3.4080
3790,3.7450
3791,3.5101
3792,3.4765
3793,3.4440
3794,3.6187
3795,3.7951
3796,3.6447
3797,3.7751
3798,3.8163
3799,3.8002
3800,4.3330
3801,3.8965
3802,3.8609
3803,4.8119
3804,4.5376
3805,3.9276
3806,4.3917
3807,6.4014
3808,3.5064
3809,4.1803
3810,3.7057
3811,3.8312
3812,3.6680
3813,3.4902
3814,4.1629
3815,3.9054
3816,4.1366
3817,3.4038
3818,3.5874
3819,3.9598
3820,3.4835
3821,4.1749
3822,3.4642
3823,3.3725
3824,4.4422
3825,3.5365
3826,3.9212
3827,3.7765
3828,3.4994
3829,3.8836
3830,3.6206
3831,3.9889
3832,4.4576
3833,3.4964
3834,4.4599
3835,3.6487
3836,4.0193
3837,4.0887
3838,3.6453
3839,4.0677
3840,3.5829
3841,3.9335
3842,3.5107
3843,3.5084
3844,4.2028
3845,3.4470
3846,4.6588
3847,3.8676
3848,3.4912
3849,4.0695
3850,3.6336
3851,3.8387
3852,3.5423
3853,3.6300
3854,4.2328
3855,3.7045
3856,4.5213
3857,4.6116
3858,3.7326
3859,4.0116
3860,3.4292
3861,4.1739
3862,4.0135
3863,3.6400
3864,4.0655
3865,3.8098
3866,4.0547
3867,3.5438
3868,3.4601
3869,4.1333
3870,4.0634
3871,4.1463
3872,3.5810
3873,3.5495
3874,3.8546
3875,3.5396
3876,3.8200
3877,3.4865
3878,3.4675
3879,3.7037
3880,3.4123
3881,3.5453
3882,3.5188
3883,3.4762
3884,3.6140
3885,3.6963
3886,3.8180
3887,4.5145
3888,3.7112
3889,4.2888
3890,4.3644
3891,4.7066
3892,3.9283
3893,4.0275
3894,3.9463
3895,3.8246
3896,3.9129
3897,3.5284
3898,3.8108
3899,3.9138
3900,3.5731
3901,3.3280
3902,3.8108
3903,3.6319
3904,3.6123
3905,3.5864
3906,3.7663
3907,3.5318
3908,3.4960
3909,3.4570
3910,3.4470
3911,3.4501
3912,3.4490
3913,3.5069
3914,3.6217
3915,3.6776
3916,3.7642
3917,3.5845
3918,3.6853
3919,4.0555
3920,3.6351
3921,3.9103
3922,3.7514
3923,3.5334
3924,4.4086
3925,3.7194
3926,4.8623
3927,4.1872
3928,3.5546
3929,4.1860
3930,3.9113
3931,4.0304
3932,3.0129
3933,3.5445
3934,4.0553
3935,3.5623
3936,3.7742
3937,3.4597
3938,3.4739
3939,4.1596
3940,3.5848
3941,4.3328
3942,3.5206
3943,3.4479
3944,3.6767
3945,3.7234
3946,3.8979
3947,4.4075
3948,3.5983
3949,3.9249
3950,4.7070
3951,4.3756
3952,3.5705
3953,3.5621
3954,3.6004
3955,4.4936
3956,3.5717
3957,3.5611
3958,3.4699
3959,3.5616
3960,3.7460
3961,3.5264
3962,2.7283
3963,3.4279
3964,3.6963
3965,3.5341
3966,3.8526
3967,3.6051
3968,3.5527
3969,3.4558
3970,3.5110
3971,3.5344
3972,3.4253
3973,3.4606
3974,3.4421
3975,3.4318
3976,3.5254
3977,3.8080
3978,3.8652
3979,3.4405
3980,3.5699
3981,3.6829
3982,4.1265
3983,3.5660
3984,3.7285
3985,3.5868
3986,4.2011
3987,3.5592
3988,3.7758
3989,3.5145
3990,3.5709
3991,3.4681
3992,3.9977
3993,3.5670
3994,3.5924
3995,3.9220
3996,3.6105
3997,3.9336
3998,3.4167
3999,3.5034
4000,3.5572
4001,4.7243
4002,3.9245
4003,3.4524
4004,4.0898
4005,3.7373
4006,3.9038
4007,3.8014
4008,3.5075
4009,4.0858
4010,3.7376
4011,4.5190
4012,3.4853
4013,3.6028
4014,4.5183
4015,4.1223
4016,4.7190
4017,3.9950
4018,4.2356
4019,3.9408
4020,3.5976
4021,4.0411
4022,4.0588
4023,3.6454
4024,4.3524
4025,3.5668
4026,3.8044
4027,4.2534
4028,3.7023
4029,4.6272
4030,3.5082
4031,3.9031
4032,4.1936
4033,3.8067
4034,3.9422
4035,3.8623
4036,5.5208
4037,4.5446
4038,3.6672
4039,3.8589
4040,3.4640
4041,4.0899
4042,3.7179
4043,3.4707
4044,4.0132
4045,3.7050
4046,3.9405
4047,3.4544
4048,3.6432
4049,3.7451
4050,3.5924
4051,3.8677
4052,3.6148
4053,3.8500
4054,3.7930
4055,3.7140
4056,3.9061
4057,3.5052
4058,3.6200
4059,3.5210
4060,3.5318
4061,3.6490
4062,3.5167
4063,3.6398
4064,3.4285
4065,3.3549
4066,3.6644
4067,3.5006
4068,3.4864
4069,3.5100
4070,3.5002
4071,3.7733
4072,4.4170
4073,4.8207
4074,3.6593
4075,4.6384
4076,3.8177
4077,3.7025
4078,3.8302
4079,3.6224
4080,3.5811
4081,3.6063
4082,3.7776
4083,3.6095
4084,3.5912
4085,3.7149
4086,4.0861
4087,3.5737
4088,4.1603
4089,3.3664
4090,3.4679
4091,3.5088
4092,3.5334
4093,3.4738
4094,3.4879
4095,3.4254
4096,3.5136
4097,3.4681
4098,3.4610
4099,3.4148
4100,3.4429
4101,3.6363
4102,3.8813
4103,3.4595
4104,3.9226
4105,3.5274
4106,4.6369
4107,3.7457
4108,3.4216
4109,3.8360
4110,3.4834
4111,3.6791
4112,3.5728
4113,3.4810
4114,3.7015
4115,3.5070
4116,3.5753
4117,3.4850
4118,3.5183
4119,3.5123
4120,3.4832
4121,3.4605
4122,3.8797
4123,3.4537
4124,3.5681
4125,3.4303
4126,3.8587
4127,3.5281
4128,4.6389
4129,3.7820
4130,4.1395
4131,13.3010
4132,7.4822
4133,3.9863
4134,3.6699
4135,3.6332
4136,4.3200
4137,3.6563
4138,3.7601
4139,3.6810
4140,4.1389
4141,3.8467
4142,4.1335
4143,3.6582
4144,3.1147
4145,3.8667
4146,4.9694
4147,3.3904
4148,3.5791
4149,3.4640
4150,3.4607
4151,4.3269
4152,3.5595
4153,3.4306
4154,3.5437
4155,3.5187
4156,3.5188
4157,3.4408
4158,3.6933
4159,3.5487
4160,3.6280
4161,3.4452
4162,3.4349
4163,3.5493
4164,3.3865
4165,3.5793
4166,4.1597
4167,4.1559
4168,3.5963
4169,3.5379
4170,3.6803
4171,3.4181
4172,3.4342
4173,3.5499
4174,3.4963
4175,3.4957
4176,3.3542
4177,3.6162
4178,3.4505
4179,3.8994
4180,3.5200
4181,4.0084
4182,4.0349
4183,3.4666
4184,3.8651
4185,3.4555
4186,3.8627
4187,4.8091
4188,3.6894
4189,3.8226
4190,3.5701
4191,4.2211
4192,5.8971
4193,4.2238
4194,4.9175
4195,4.2742
4196,4.7613
4197,4.3590
4198,3.6577
4199,4.4778
4200,3.5945
4201,3.7442
4202,3.6082
4203,3.6276
4204,4.2921
4205,3.6678
4206,3.8139
4207,4.1428
4208,3.5556
4209,3.8504
4210,3.4662
4211,3.7861
4212,3.8395
4213,3.6470
4214,3.8728
4215,3.5674
4216,4.6351
4217,3.8966
4218,3.5868
4219,4.0139
4220,3.7431
4221,4.1594
4222,3.6179
4223,4.7705
4224,4.6622
4225,3.2771
4226,3.8837
4227,3.5145
4228,3.9715
4229,4.2336
4230,3.6507
4231,3.8045
4232,3.7489
4233,4.2578
4234,3.5381
4235,3.1311
4236,3.8188
4237,4.0340
4238,3.5062
4239,3.3631
4240,3.5169
4241,4.9651
4242,3.9740
4243,3.6178
4244,3.6095
4245,3.4509
4246,3.8517
4247,3.7848
4248,3.4767
4249,3.9718
4250,4.2775
4251,4.0373
4252,4.7910
4253,4.9453
4254,4.6708
4255,3.4796
4256,4.1924
4257,3.7441
4258,3.8983
4259,3.8831
4260,3.7130
4261,3.8367
4262,3.6351
4263,3.6529
4264,3.6737
4265,3.6117
4266,3.9430
4267,3.6894
4268,3.4976
4269,3.6838
4270,3.4697
4271,3.4593
4272,3.4949
4273,3.5292
4274,3.5292
4275,3.5046
4276,3.5423
4277,3.5236
4278,3.4242
4279,3.6062
4280,3.8074
4281,3.4443
4282,3.6949
4283,3.9722
4284,3.7962
4285,4.6463
4286,3.4790
4287,3.7875
4288,3.6129
4289,4.0020
4290,3.7934
4291,3.7593
4292,3.8433
4293,3.6227
4294,4.6361
4295,3.4961
4296,3.2699
4297,3.6506
4298,3.6321
4299,3.8724
4300,3.5757
4301,4.3232
4302,3.5289
4303,4.0860
4304,4.5859
4305,3.4264
4306,3.7435
4307,3.5947
4308,3.6893
4309,3.4846
4310,3.5815
4311,3.5518
4312,3.5449
4313,3.7239
4314,3.5831
4315,4.3952
4316,3.9210
4317,4.0849
4318,3.5314
4319,3.5122
4320,3.7605
4321,3.5835
4322,3.6942
4323,3.5863
4324,3.6976
4325,3.6157
4326,4.6526
4327,3.8832
4328,4.3081
4329,3.5451
4330,3.6438
4331,3.6249
4332,3.3965
4333,3.8018
4334,3.4621
4335,3.4142
4336,3.4482
4337,3.5738
4338,3.7611
4339,3.4602
4340,3.4526
4341,3.9259
4342,3.5083
4343,3.4596
4344,3.5410
4345,3.4805
4346,3.7855
4347,3.9273
4348,4.4833
4349,5.0367
4350,3.8524
4351,3.6224
4352,4.1513
4353,3.7451
4354,3.6911
4355,3.9114
4356,3.8348
4357,3.9050
4358,3.7093
4359,4.0189
4360,3.6533
4361,3.4828
4362,3.6918
4363,3.7704
4364,3.9526
4365,3.8507
4366,3.6050
4367,3.6659
4368,3.4695
4369,3.5352
4370,3.6054
4371,3.4873
4372,3.4689
4373,3.6297
4374,3.5133
4375,3.4672
4376,5.1159
4377,3.5191
4378,3.4110
4379,3.5530
4380,3.4768
4381,3.7677
4382,3.4741
4383,3.5720
4384,3.5094
4385,3.5678
4386,4.0073
4387,3.9265
4388,3.8383
4389,3.8140
4390,3.5607
4391,3.8954
4392,3.9955
4393,3.4655
4394,4.8982
4395,3.4900
4396,4.4369
4397,4.7405
4398,3.5120
4399,4.7823
4400,3.5093
4401,3.9897
4402,3.8761
4403,3.5838
4404,4.0161
4405,3.6050
4406,3.9687
4407,6.3979
4408,4.9428
4409,4.7792
4410,3.7440
4411,4.3961
4412,4.6966
4413,3.8797
4414,4.0421
4415,3.7096
4416,4.0372
4417,3.9761
4418,3.7291
4419,3.6255
4420,3.8197
4421,3.3645
4422,4.1273
4423,3.7264
4424,3.7355
4425,3.5168
4426,3.8826
4427,4.2683
4428,3.5762
4429,4.3300
4430,3.4972
4431,3.9275
4432,4.3174
4433,3.4794
4434,4.5816
4435,3.4999
4436,3.9501
4437,4.3468
4438,3.5571
4439,3.6473
4440,3.5932
4441,3.7073
4442,3.7725
4443,3.5130
4444,3.5397
4445,3.7591
4446,4.1740
4447,3.7955
4448,3.5933
4449,3.8158
4450,3.7401
4451,3.9078
4452,3.8766
4453,3.6969
4454,3.8033
4455,3.5356
4456,4.1926
4457,4.1311
4458,3.6239
4459,3.9171
4460,3.5749
4461,4.9350
4462,3.8400
4463,3.4853
4464,4.1564
4465,3.9118
4466,3.9386
4467,4.5751
4468,3.8922
4469,5.2098
4470,5.9807
4471,3.8066
4472,3.9610
4473,3.7338
4474,3.7513
4475,3.5603
4476,4.2407
4477,4.3097
4478,3.9221
4479,5.0221
4480,4.9155
4481,3.8438
4482,4.1035
4483,3.6000
4484,4.8663
4485,3.4350
4486,3.6913
4487,3.9209
4488,3.4642
4489,4.5184
4490,3.5225
4491,3.9342
4492,4.6865
4493,3.4457
4494,3.8900
4495,3.6012
4496,4.2123
4497,4.1821
4498,3.7305
4499,3.9639
4500,3.7733
4501,4.4247
4502,3.5592
4503,3.5688
4504,4.4157
4505,3.7085
4506,4.0449
4507,4.6182
4508,3.6541
4509,4.2693
4510,3.6209
4511,4.6449
4512,4.1135
4513,3.5545
4514,3.7732
4515,3.6880
4516,3.8303
4517,3.5955
4518,3.6991
4519,3.7349
4520,3.4666
4521,3.6310
4522,3.5235
4523,3.6188
4524,3.7374
4525,3.5174
4526,4.0056
4527,5.0731
4528,3.6191
4529,3.9082
4530,3.6240
4531,3.9163
4532,4.0412
4533,3.4070
4534,4.2161
4535,3.4520
4536,3.8237
4537,3.4104
4538,3.7946
4539,4.1260
4540,3.5431
4541,4.1186
4542,3.7754
4543,3.6849
4544,3.7565
4545,3.6149
4546,3.7242
4547,3.5665
4548,3.8017
4549,3.7490
4550,3.5310
4551,3.7464
4552,3.4831
4553,4.0189
4554,3.7781
4555,3.8559
4556,4.7532
4557,3.5920
4558,3.6504
4559,4.4166
4560,5.0078
4561,3.8098
4562,3.6017
4563,4.1011
4564,4.0144
4565,3.6396
4566,4.4059
4567,3.6027
4568,3.5137
4569,3.7462
4570,3.7025
4571,3.5547
4572,3.0522
4573,3.5961
4574,3.6180
4575,3.4581
4576,3.6713
4577,3.6754
4578,3.4517
4579,3.4939
4580,3.4662
4581,3.6119
4582,3.4243
4583,3.4954
4584,3.4771
4585,3.5141
4586,3.5634
4587,3.7044
4588,3.6627
4589,3.6755
4590,3.4985
4591,3.9354
4592,4.0888
4593,4.2963
4594,3.5183
4595,3.6676
4596,4.1445
4597,4.5572
4598,3.5220
4599,12.9621
4600,4.0025
4601,4.2934
4602,4.0743
4603,3.5764
4604,3.9742
4605,3.0063
4606,4.4469
4607,3.8244
4608,3.4519
4609,3.8184
4610,3.5328
4611,3.8403
4612,4.0605
4613,3.8026
4614,3.8226
4615,3.7214
4616,4.1177
4617,3.5894
4618,4.4651
4619,4.1933
4620,3.7609
4621,4.7846
4622,3.9787
4623,4.7629
4624,4.1416
4625,3.8084
4626,3.9974
4627,4.1999
4628,4.5520
4629,3.5905
4630,3.5984
4631,3.7228
4632,3.5661
4633,4.8288
4634,3.8640
4635,3.6399
4636,3.3729
4637,3.5165
4638,3.9646
4639,3.7104
4640,3.5705
4641,3.5239
4642,3.7897
4643,3.4156
4644,3.5965
4645,3.5489
4646,3.7202
4647,3.6280
4648,3.5851
4649,3.6221
4650,3.6211
4651,3.6362
4652,3.7550
4653,3.9110
4654,4.7248
4655,4.3858
4656,3.6004
4657,3.6447
4658,4.3253
4659,4.5847
4660,3.6677
4661,3.5159
4662,3.6816
4663,3.4851
4664,3.6852
4665,3.5622
4666,4.8364
4667,3.9848
4668,3.6644
4669,3.8981
4670,3.3501
4671,3.4596
4672,3.6406
4673,3.4437
4674,3.5553
4675,3.7273
4676,3.5378
4677,3.4820
4678,3.7734
4679,3.6102
4680,3.6389
4681,3.4817
4682,3.5518
4683,3.4300
4684,3.3282
4685,3.5114
4686,3.9393
4687,3.7348
4688,3.4374
4689,3.7970
4690,3.5795
4691,4.2880
4692,3.9910
4693,3.4818
4694,3.7621
4695,3.5966
4696,4.3267
4697,3.8497
4698,3.6525
4699,3.8101
4700,3.4680
4701,3.8454
4702,3.5215
4703,3.4953
4704,4.0056
4705,3.6088
4706,3.8318
4707,3.9836
4708,3.4593
4709,4.9604
4710,3.5998
4711,4.1759
4712,3.6116
4713,5.5240
4714,5.0608
4715,3.6109
4716,3.6766
4717,3.6126
4718,4.3481
4719,3.9620
4720,3.7079
4721,4.3401
4722,3.6247
4723,4.2660
4724,4.0725
4725,3.8040
4726,3.4242
4727,3.5512
4728,3.6238
4729,3.5252
4730,3.4455
4731,3.4635
4732,3.4531
4733,3.4737
4734,3.4335
4735,3.5109
4736,3.6152
4737,3.4683
4738,3.4732
4739,3.4534
4740,3.3676
4741,3.5844
4742,3.4334
4743,3.4094
4744,3.5146
4745,3.6884
4746,3.5887
4747,3.8298
4748,3.4887
4749,3.4680
4750,3.5596
4751,3.4368
4752,3.5494
4753,3.4738
4754,3.4237
4755,3.4431
4756,3.5322
4757,3.7832
4758,3.4931
4759,3.7143
4760,3.7143
4761,3.8929
4762,3.7479
4763,3.4811
4764,3.6839
4765,3.2380
4766,3.8079
4767,4.0440
4768,3.5360
4769,4.1185
4770,3.7713
4771,4.8500
4772,4.5224
4773,4.1754
4774,5.0454
4775,3.6289
4776,3.8800
4777,4.0718
4778,3.7133
4779,4.2328
4780,4.5023
4781,4.9881
4782,4.4322
4783,3.5918
4784,4.9014
4785,3.8633
4786,4.0197
4787,3.9294
4788,3.5021
4789,4.2000
4790,3.4377
4791,3.8869
4792,3.4068
4793,3.5546
4794,4.1769
4795,3.5857
4796,4.0693
4797,5.2244
4798,3.5269
4799,5.0702
4800,4.7321
4801,4.5658
4802,5.1318
4803,6.9385
4804,4.8055
4805,3.8518
4806,5.9878
4807,4.0398
4808,3.7555
4809,4.2653
4810,3.5676
4811,3.9368
4812,4.6983
4813,3.5963
4814,4.1058
4815,3.4505
4816,4.2828
4817,4.1078
4818,3.4920
4819,4.2703
4820,4.4311
4821,3.7761
4822,4.7222
4823,3.6749
4824,4.2604
4825,4.4026
4826,4.1235
4827,4.6630
4828,3.9253
4829,4.2709
4830,3.7220
4831,4.2433
4832,3.8560
4833,3.7054
4834,5.4083
4835,3.7631
4836,3.9472
4837,3.5775
4838,3.6698
4839,4.0396
4840,4.3032
4841,4.6348
4842,5.0452
4843,4.4898
4844,3.7213
4845,3.4557
4846,4.2111
4847,4.3396
4848,3.2238
4849,4.5607
4850,3.6626
4851,3.8290
4852,3.5432
4853,3.4054
4854,3.8397
4855,3.5076
4856,3.8174
4857,3.7433
4858,3.5128
4859,3.8552
4860,3.6123
4861,3.7799
4862,3.5171
4863,3.4759
4864,3.8070
4865,3.5262
4866,3.7786
4867,3.5694
4868,3.9799
4869,3.7247
4870,3.7113
4871,3.7155
4872,3.5147
4873,4.0408
4874,3.8026
4875,3.5686
4876,3.7119
4877,3.3936
4878,3.7916
4879,3.8852
4880,3.5362
4881,5.0714
4882,3.8816
4883,3.6285
4884,3.7566
4885,3.4220
4886,3.8177
4887,3.5079
4888,3.5485
4889,4.0082
4890,3.9546
4891,4.2390
4892,3.8224
4893,4.6701
4894,4.7781
4895,4.9137
4896,4.7781
4897,4.1165
4898,3.6080
4899,4.1282
4900,4.4034
4901,3.8667
4902,3.6246
4903,3.6315
4904,4.0385
4905,3.8446
4906,4.0097
4907,3.6368
4908,3.6538
4909,3.0610
4910,3.9970
4911,4.4991
4912,3.3992
4913,3.5245
4914,3.8117
4915,3.5800
4916,3.8263
4917,3.4962
4918,3.5386
4919,3.7156
4920,3.6766
4921,4.2723
4922,3.6294
4923,3.4722
4924,4.6425
4925,3.6377
4926,3.8242
4927,4.5040
4928,3.6896
4929,5.0402
4930,3.9098
4931,3.9398
4932,4.6021
4933,3.6192
4934,4.9430
4935,4.2858
4936,4.2818
4937,4.1935
4938,3.6448
4939,4.1398
4940,3.7983
4941,4.2670
4942,3.1115
4943,3.8904
4944,4.9429
4945,3.6968
4946,3.7483
4947,3.9613
4948,3.4685
4949,4.0156
4950,3.5592
4951,4.0201
4952,4.1198
4953,3.9216
4954,3.9997
4955,4.4853
4956,4.4827
4957,4.0478
4958,5.7512
4959,4.3318
4960,3.4816
4961,3.8572
4962,4.3232
4963,3.4122
4964,3.9392
4965,3.4132
4966,3.8041
4967,4.1991
4968,3.7539
4969,4.6388
4970,3.4563
4971,4.1509
4972,3.3996
4973,3.5020
4974,3.8106
4975,3.5337
4976,4.0450
4977,3.5379
4978,3.3819
4979,3.9209
4980,3.5870
4981,3.8717
4982,3.9464
4983,3.5367
4984,4.6577
4985,3.9629
4986,4.1367
4987,3.5958
4988,3.6908
4989,4.5279
4990,3.7169
4991,3.7417
4992,4.3245
4993,4.0707
4994,3.5288
4995,3.5969
4996,3.5379
4997,3.6026
4998,3.6124
4999,3.7312
5000,3.8772
5001,4.1193
5002,3.9282
5003,3.5110
5004,3.6842
5005,3.3172
5006,3.5760
5007,3.4346
5008,3.6133
5009,3.3386
5010,3.5863
5011,3.7908
5012,3.5079
5013,3.5715
5014,3.5054
5015,3.8593
5016,3.7473
5017,4.3162
5018,3.9560
5019,4.1227
5020,4.8002
5021,4.3001
5022,4.3754
5023,4.5751
5024,4.2594
5025,3.8263
5026,4.5034
5027,4.3113
5028,3.5100
5029,3.5338
5030,4.2244
5031,4.7150
5032,3.6637
5033,3.1410
5034,4.4672
5035,3.6369
5036,3.7967
5037,4.1793
5038,3.5880
5039,4.0245
5040,3.5515
5041,3.8565
5042,4.6220
5043,3.5770
5044,4.6256
5045,3.4210
5046,4.1965
5047,4.0002
5048,3.5270
5049,4.3008
5050,3.4338
5051,3.8240
5052,3.6897
5053,3.4463
5054,3.8436
5055,3.4347
5056,4.1677
5057,3.8855
5058,3.4426
5059,4.1778
5060,3.5074
5061,3.7941
5062,4.3276
5063,3.5530
5064,4.2076
5065,3.7503
5066,3.7371
5067,3.7858
5068,3.4658
5069,3.8331
5070,3.5516
5071,3.8231
5072,3.5169
5073,3.3745
5074,3.7088
5075,4.1233
5076,4.6195
5077,4.2344
5078,3.6254
5079,3.8147
5080,3.4836
5081,4.6909
5082,3.9459
5083,3.7479
5084,4.4702
5085,3.5635
5086,3.8183
5087,4.0095
5088,3.7592
5089,3.9670
5090,3.6373
5091,4.6741
5092,3.7335
5093,3.4915
5094,3.9869
5095,3.6361
5096,3.5909
5097,3.7726
5098,3.5649
5099,3.5875
5100,3.5450
5101,3.7377
5102,3.5242
5103,3.8180
5104,3.5351
5105,3.5546
5106,3.7823
5107,3.8093
5108,3.6438
5109,3.7630
5110,3.7144
5111,3.9450
5112,3.5378
5113,3.9405
5114,3.5311
5115,3.4530
5116,4.4300
5117,3.4315
5118,3.5124
5119,3.4845
5120,3.4390
5121,3.4560
5122,3.5572
5123,3.6488
5124,3.6669
5125,3.5674
5126,4.1275
5127,3.9836
5128,3.5290
5129,4.0303
5130,3.4883
5131,3.9477
5132,3.6704
5133,3.5152
5134,3.7310
5135,3.4601
5136,3.9705
5137,3.5176
5138,3.7778
5139,3.6394
5140,3.5702
5141,3.7550
5142,4.2176
5143,4.6729
5144,3.8409
5145,3.8552
5146,3.6991
5147,4.2641
5148,3.7746
5149,4.1064
5150,3.6227
5151,3.5897
5152,3.7193
5153,3.7136
5154,3.1028
5155,3.6660
5156,3.5466
5157,3.5148
5158,3.4152
5159,3.3986
5160,3.6338
5161,3.8352
5162,3.5772
5163,3.6524
5164,3.6139
5165,3.5459
5166,3.7991
5167,3.5042
5168,3.8371
5169,3.6601
5170,3.5987
5171,3.7063
5172,4.1706
5173,4.1288
5174,3.6864
5175,3.9109
5176,4.4051
5177,4.7767
5178,3.7065
5179,4.0991
5180,4.2411
5181,4.4479
5182,4.0110
5183,3.9488
5184,4.3296
5185,3.8655
5186,4.1317
5187,4.0663
5188,3.4045
5189,4.0200
5190,3.5531
5191,3.9135
5192,3.8243
5193,3.9781
5194,3.9147
5195,3.5060
5196,3.8125
5197,3.6628
5198,3.6582
5199,3.7736
5200,4.3105
5201,3.8028
5202,3.6803
5203,4.0952
5204,4.1580
5205,3.5743
5206,4.6289
5207,3.5723
5208,4.3204
5209,3.8119
5210,3.6328
5211,4.5426
5212,3.9731
5213,3.5103
5214,3.7955
5215,3.5677
5216,3.1620
5217,3.6785
5218,3.8036
5219,3.6727
5220,3.5547
5221,3.5448
5222,3.6840
5223,3.5726
5224,3.6905
5225,3.7115
5226,4.3931
5227,3.9038
5228,3.5463
5229,3.8332
5230,3.4446
5231,4.1977
5232,4.9403
5233,3.5504
5234,3.7024
5235,3.6332
5236,5.3216
5237,4.6836
5238,4.1030
5239,4.1938
5240,3.7021
5241,4.1419
5242,4.4825
5243,3.7542
5244,5.6571
5245,4.6751
5246,5.6228
5247,3.8431
5248,3.0081
5249,4.0006
5250,3.6590
5251,4.1504
5252,3.7494
5253,3.4972
5254,3.7507
5255,3.5983
5256,3.7738
5257,4.2665
5258,3.3564
5259,3.8301
5260,3.5415
5261,3.8820
5262,4.4281
5263,3.6503
5264,3.9472
5265,3.8735
5266,3.8738
5267,4.2159
5268,6.1141
5269,3.9187
5270,3.4211
5271,3.6350
5272,3.9688
5273,3.6977
5274,3.7272
5275,3.5433
5276,4.2378
5277,3.8166
5278,3.4508
5279,3.8068
5280,3.6598
5281,3.7677
5282,3.6153
5283,3.7279
5284,3.7802
5285,3.3725
5286,3.9120
5287,3.5151
5288,3.3485
5289,3.6739
5290,3.7376
5291,3.6246
5292,3.5457
5293,3.7671
5294,3.5865
5295,4.6875
5296,3.7693
5297,3.6745
5298,3.6455
5299,3.6662
5300,3.5660
5301,3.5208
5302,4.3087
5303,3.5457
5304,4.2168
5305,3.8582
5306,3.7342
5307,3.1753
5308,3.5978
5309,3.6599
5310,3.4066
5311,3.6665
5312,3.5600
5313,3.6307
5314,3.4789
5315,3.4441
5316,3.4615
5317,3.4745
5318,3.4722
5319,3.4327
5320,3.5181
5321,3.7708
5322,3.5448
5323,3.5768
5324,4.5118
5325,3.6567
5326,3.7920
5327,5.4993
5328,3.5937
5329,4.5406
5330,3.5585
5331,4.1528
5332,4.0215
5333,3.9193
5334,4.3639
5335,3.5619
5336,3.7782
5337,4.3955
5338,3.6117
5339,4.0266
5340,4.0288
5341,3.7291
5342,3.6371
5343,3.3830
5344,3.8998
5345,3.5859
5346,4.1404
5347,3.6103
5348,4.2437
5349,3.5758
5350,3.3908
5351,3.6043
5352,3.5996
5353,4.0150
5354,3.6251
5355,3.5695
5356,3.6043
5357,3.7961
5358,5.2281
5359,4.4362
5360,3.7267
5361,3.7170
5362,4.3536
5363,3.8366
5364,4.4655
5365,4.4729
5366,4.3213
5367,3.6012
5368,3.5798
5369,4.2269
5370,4.2535
5371,3.3784
5372,3.8716
5373,4.3306
5374,3.4340
5375,3.3646
5376,3.5254
5377,3.4983
5378,3.4614
5379,3.4837
5380,3.5454
5381,3.5658
5382,3.7738
5383,3.5208
5384,3.5388
5385,3.9326
5386,3.7987
5387,3.4744
5388,3.5974
5389,4.1735
5390,3.7129
5391,4.0922
5392,3.4737
5393,4.5387
5394,4.5382
5395,3.6723
5396,3.8589
5397,4.9636
5398,3.6329
5399,4.7679
5400,4.3214
5401,4.5101
5402,4.5340
5403,3.5325
5404,4.2410
5405,3.4418
5406,3.7071
5407,3.8854
5408,3.5222
5409,4.1077
5410,3.4786
5411,3.7588
5412,4.0991
5413,3.5517
5414,4.6590
5415,3.8568
5416,5.0046
5417,4.5220
5418,4.4087
5419,4.8755
5420,4.3958
5421,5.2223
5422,4.1064
5423,3.5024
5424,3.8336
5425,4.2640
5426,4.6146
5427,3.6450
5428,4.3155
5429,3.8363
5430,3.6299
5431,3.8013
5432,4.7347
5433,3.6740
5434,3.9539
5435,3.7808
5436,3.6948
5437,3.4301
5438,5.2030
5439,3.7363
5440,3.5924
5441,3.7033
5442,3.4350
5443,3.5415
5444,3.5492
5445,3.5245
5446,3.7939
5447,3.4511
5448,3.9528
5449,3.7616
5450,3.4622
5451,3.5631
5452,3.5735
5453,4.0124
5454,3.6857
5455,3.4596
5456,3.6836
5457,3.4059
5458,3.5000
5459,3.4711
5460,3.5645
5461,3.5223
5462,3.3674
5463,3.4862
5464,3.7960
5465,3.4225
5466,3.5005
5467,3.6521
5468,3.4093
5469,3.4445
5470,3.4967
5471,3.4932
5472,3.5983
5473,3.6711
5474,3.4564
5475,3.5811
5476,3.5830
5477,3.8162
5478,3.4742
5479,3.5941
5480,4.7269
5481,4.8908
5482,3.5835
5483,3.5325
5484,4.0600
5485,4.2866
5486,7.7981
5487,4.6590
5488,3.7390
5489,3.9301
5490,3.5992
5491,4.6955
5492,3.9697
5493,4.2408
5494,3.9697
5495,3.5265
5496,4.2887
5497,4.2535
5498,3.4741
5499,3.8937
5500,3.6078
5501,3.8818
5502,3.8244
5503,3.5831
5504,4.4679
5505,3.7729
5506,3.7088
5507,3.9771
5508,3.4165
5509,4.5488
5510,3.4243
5511,3.5926
5512,3.7907
5513,3.4413
5514,3.8336
5515,3.3767
5516,3.7620
5517,3.9116
5518,4.2474
5519,3.8589
5520,3.5372
5521,3.8890
5522,3.7537
5523,3.5399
5524,4.7781
5525,4.8929
5526,3.9259
5527,4.1999
5528,3.6772
5529,4.5948
5530,4.0997
5531,4.3249
5532,3.4798
5533,3.5818
5534,4.0030
5535,3.6719
5536,4.2705
5537,4.0546
5538,3.6097
5539,4.2635
5540,4.2233
5541,4.8374
5542,4.0909
5543,3.9054
5544,5.1924
5545,4.1333
5546,4.4711
5547,4.8098
5548,3.6585
5549,4.5954
5550,4.1028
5551,3.7382
5552,3.8637
5553,3.7884
5554,4.4248
5555,3.3345
5556,4.4231
5557,3.5968
5558,3.3639
5559,3.4477
5560,3.6845
5561,3.4321
5562,3.5133
5563,3.4159
5564,3.4315
5565,3.9074
5566,3.6316
5567,3.5051
5568,3.5764
5569,3.9639
5570,3.5626
5571,3.8352
5572,4.7723
5573,3.8632
5574,4.8859
5575,4.8748
5576,4.1972
5577,3.9230
5578,4.5666
5579,4.4226
5580,4.3346
5581,3.7089
5582,3.8347
5583,3.9183
5584,3.5248
5585,3.8206
5586,3.7911
5587,3.6737
5588,3.5767
5589,3.3484
5590,3.4110
5591,3.8031
5592,4.0154
5593,3.5524
5594,3.8113
5595,3.3959
5596,4.3785
5597,4.0326
5598,3.5070
5599,3.7526
5600,3.4666
5601,3.7510
5602,3.7217
5603,3.5011
5604,3.7705
5605,3.8036
5606,3.7270
5607,3.6712
5608,3.7311
5609,3.6920
5610,3.4690
5611,3.6762
5612,3.4554
5613,3.7814
5614,3.6946
5615,3.5289
5616,3.5770
5617,3.5454
5618,3.4422
5619,3.5150
5620,3.7928
5621,3.4699
5622,3.5158
5623,3.4954
5624,3.9737
5625,3.7889
5626,3.7321
5627,3.5241
5628,3.6263
5629,3.7230
5630,3.5436
5631,3.7539
5632,4.7563
5633,3.6299
5634,4.4738
5635,4.3907
5636,3.9395
5637,4.5762
5638,3.6422
5639,4.3880
5640,3.8307
5641,3.6005
5642,3.8403
5643,3.5357
5644,4.1089
5645,2.6478
5646,5.2212
5647,4.6689
5648,3.6244
5649,3.7524
5650,3.5162
5651,3.4076
5652,3.8615
5653,3.3980
5654,3.9795
5655,3.5207
5656,4.3966
5657,3.5252
5658,3.6794
5659,3.8541
5660,3.7099
5661,4.0274
5662,3.5900
5663,3.5884
5664,4.8550
5665,4.6743
5666,3.9163
5667,4.4392
5668,4.5116
5669,3.8174
5670,3.6528
5671,3.9936
5672,4.8667
5673,4.0232
5674,3.7784
5675,3.5751
5676,3.8861
5677,3.8958
5678,3.6280
5679,3.8559
5680,3.9677
5681,3.6554
5682,3.4495
5683,3.6341
5684,4.0400
5685,3.4900
5686,3.9389
5687,5.6573
5688,3.6584
5689,3.5490
5690,3.5588
5691,3.6156
5692,3.6749
5693,3.5352
5694,3.6604
5695,3.6738
5696,4.4926
5697,7.4126
5698,8.1477
5699,8.4281
5700,8.1903
5701,7.7516
5702,7.0389
5703,6.7700
5704,9.7198
5705,8.8245
5706,6.7531
5707,8.0971
5708,6.8549
5709,7.2268
5710,4.8549
5711,8.5679
5712,8.0767
5713,8.0705
5714,6.6399
5715,6.3847
5716,8.1358
5717,5.7976
5718,5.3808
5719,6.7241
5720,5.9622
5721,6.9639
5722,6.2543
5723,5.2333
5724,5.6312
5725,4.9624
5726,5.9416
5727,6.6450
5728,6.6879
5729,7.2171
5730,5.6818
5731,6.0990
5732,6.6585
5733,5.9939
5734,6.2785
5735,5.5990
5736,5.2430
5737,5.2431
5738,4.9723
5739,4.0485
5740,4.9897
5741,4.4406
5742,4.4988
5743,4.2839
5744,4.4934
5745,6.1397
5746,7.4057
5747,6.7876
5748,6.9978
5749,5.9927
5750,5.6619
5751,5.3312
5752,5.5094
5753,6.1719
5754,5.1275
5755,5.2420
5756,5.5104
5757,5.1368
5758,5.5217
5759,5.1381
5760,5.3874
5761,5.6257
5762,6.0152
5763,5.8527
5764,5.6046
5765,5.6716
5766,6.6035
5767,6.7141
5768,5.7910
5769,5.9495
5770,4.8104
5771,5.2192
5772,6.2143
5773,7.1561
5774,6.5713
5775,6.8190
5776,7.5523
5777,5.8376
5778,4.3489
5779,4.8919
5780,4.6911
5781,5.4017
5782,5.0079
5783,5.0675
5784,5.9034
5785,5.2950
5786,5.3720
5787,5.6558
5788,4.9238
5789,5.0127
5790,5.1036
5791,6.9110
5792,7.1805
5793,4.9431
5794,6.0051
5795,5.4150
5796,6.2945
5797,6.3344
5798,4.9110
5799,4.8608
5800,4.4855
5801,3.8948
5802,3.9171
5803,3.6865
5804,5.1679
5805,4.9067
5806,5.1288
5807,5.6109
5808,5.3247
5809,3.9042
5810,3.4391
5811,5.9169
5812,5.7348
5813,6.0039
5814,5.6141
5815,4.8127
5816,4.5441
5817,4.5792
5818,4.2952
5819,4.4269
5820,3.5437
5821,3.7304
5822,3.7336
5823,4.1590
5824,4.8403
5825,3.6600
5826,5.2703
5827,5.0328
5828,3.7889
5829,4.6021
5830,3.9996
5831,2.7086
5832,3.9774
5833,4.2211
5834,4.3445
5835,3.6975
5836,3.5738
5837,3.4784
5838,3.7568
5839,3.4387
5840,5.1693
5841,3.4640
5842,3.9932
5843,3.5796
5844,3.8867
5845,3.4387
5846,4.2902
5847,4.6464
5848,3.6320
5849,3.4489
5850,3.7095
5851,3.6606
5852,3.6247
5853,3.4802
5854,3.4790
5855,3.6349
5856,4.4773
5857,4.0916
5858,3.7801
5859,3.8976
5860,3.4124
5861,3.6398
5862,3.6819
5863,3.6853
5864,3.3648
5865,3.5848
5866,3.9984
5867,3.7793
5868,3.9611
5869,3.9087
5870,3.6462
5871,3.4542
5872,3.7859
5873,3.6692
5874,4.4800
5875,3.5322
5876,3.5647
5877,3.9435
5878,4.1238
5879,3.5349
5880,4.2208
5881,3.6300
5882,3.5822
5883,4.3203
5884,3.6179
5885,3.6972
5886,3.8057
5887,3.7850
5888,4.2141
5889,3.9789
5890,3.9354
5891,3.6563
5892,3.6120
5893,3.7598
5894,4.6062
5895,4.0565
5896,3.6531
5897,3.4627
5898,3.4951
5899,3.4682
5900,3.4372
5901,3.6626
5902,3.4143
5903,3.5191
5904,3.6433
5905,3.4610
5906,4.6326
5907,3.4885
5908,3.4911
5909,3.5669
5910,3.8658
5911,4.8502
5912,4.3724
5913,3.5674
5914,3.6159
5915,3.4960
5916,4.3446
5917,4.6018
5918,3.5752
5919,3.9480
5920,4.1744
5921,4.6538
5922,3.1330
5923,3.5684
5924,3.7315
5925,3.6167
5926,3.8704
5927,3.4308
5928,3.7341
5929,3.6533
5930,3.3897
5931,3.6079
5932,3.3521
5933,3.3478
5934,3.6125
5935,3.4059
5936,3.6729
5937,3.6151
5938,3.4642
5939,3.9493
5940,4.2699
5941,4.3901
5942,3.7188
5943,3.5634
5944,3.5250
5945,3.5057
5946,3.6259
5947,3.5700
5948,4.2853
5949,3.4314
5950,3.3817
5951,3.4565
5952,3.7924
5953,3.3656
5954,3.5342
5955,3.3102
5956,3.4719
5957,3.4390
5958,3.4150
5959,3.7224
5960,3.4129
5961,3.7193
5962,3.7547
5963,3.5087
5964,3.9552
5965,3.2968
5966,3.7309
5967,3.5949
5968,4.9405
5969,3.8353
5970,3.6441
5971,5.0917
5972,4.1023
5973,4.4285
5974,4.0779
5975,3.6502
5976,3.9999
5977,3.5518
5978,4.7253
5979,3.9562
5980,4.0076
5981,4.6458
5982,5.2828
5983,4.9997
5984,4.7707
5985,3.9323
5986,4.1519
5987,3.6307
5988,3.9558
5989,3.7307
5990,3.5206
5991,3.9130
5992,3.4640
5993,3.5733
5994,3.5873
5995,3.4739
5996,3.5926
5997,3.7035
5998,3.7676
5999,3.4515
6000,3.7816
6001,3.7117
6002,3.6655
6003,3.5897
6004,3.6231
6005,3.4250
6006,3.5912
6007,3.4618
6008,3.8612
6009,3.6591
6010,3.5299
6011,4.7458
6012,4.0771
6013,3.5288
6014,3.8993
6015,3.4611
6016,4.2983
6017,4.6514
6018,3.6604
6019,3.7871
6020,3.4973
6021,3.6972
6022,3.4640
6023,3.4759
6024,3.8052
6025,3.4580
6026,3.8224
6027,3.9528
6028,3.9914
6029,4.2816
6030,4.5803
6031,4.1732
6032,4.6172
6033,3.6380
6034,4.6756
6035,3.7029
6036,3.7384
6037,3.5411
6038,3.9000
6039,4.1410
6040,4.0313
6041,3.8150
6042,3.8855
6043,3.7895
6044,3.7789
6045,3.6060
6046,4.5174
6047,5.2761
6048,3.3404
6049,3.8452
6050,3.5154
6051,4.4660
6052,3.5105
6053,3.5080
6054,3.8431
6055,3.4647
6056,4.1671
6057,4.2666
6058,3.5891
6059,4.0951
6060,3.6684
6061,3.7381
6062,3.4541
6063,3.6432
6064,3.6823
6065,3.5447
6066,3.8129
6067,3.4672
6068,3.7312
6069,3.7817
6070,3.6397
6071,3.5653
6072,3.4232
6073,3.4423
6074,3.4463
6075,4.1311
6076,4.2702
6077,3.4623
6078,3.4670
6079,3.6752
6080,3.5828
6081,3.5059
6082,3.4446
6083,3.4535
6084,3.8308
6085,3.4822
6086,3.7183
6087,3.5077
6088,3.6770
6089,3.6008
6090,4.2678
6091,4.9327
6092,3.8220
6093,4.4665
6094,4.5900
6095,3.7960
6096,3.6034
6097,3.6012
6098,3.5483
6099,4.0381
6100,3.5949
6101,3.4634
6102,3.7719
6103,3.6300
6104,3.8488
6105,3.5377
6106,2.9017
6107,4.2809
6108,3.6666
6109,3.8147
6110,3.5320
6111,3.6544
6112,3.4408
6113,3.3753
6114,3.4634
6115,3.4951
6116,3.4908
6117,3.3813
6118,3.5301
6119,3.8967
6120,3.5239
6121,3.4974
6122,3.4073
6123,3.7248
6124,3.4910
6125,3.5704
6126,3.4764
6127,3.3691
6128,3.4061
6129,3.6455
6130,3.4260
6131,3.5686
6132,3.5184
6133,3.6081
6134,3.4546
6135,3.4864
6136,3.5160
6137,3.5108
6138,3.5358
6139,4.3451
6140,3.8058
6141,3.4039
6142,3.5315
6143,3.3842
6144,3.4012
6145,3.4998
6146,3.7005
6147,3.5642
6148,3.4685
6149,3.8009
6150,3.6102
6151,3.6501
6152,4.1139
6153,3.6994
6154,4.9915
6155,4.7303
6156,4.0846
6157,4.1786
6158,3.5969
6159,4.5999
6160,3.6894
6161,4.2606
6162,3.9658
6163,3.7987
6164,4.8322
6165,4.1844
6166,5.2883
6167,2.9231
6168,3.6767
6169,4.3583
6170,3.6602
6171,4.2021
6172,4.2834
6173,3.4713
6174,3.7628
6175,3.4212
6176,3.8070
6177,3.4972
6178,3.4465
6179,3.7856
6180,3.4824
6181,3.6364
6182,3.5528
6183,3.4754
6184,4.2168
6185,3.4345
6186,3.7425
6187,3.7432
6188,3.4608
6189,3.8263
6190,3.5844
6191,3.4546
6192,3.5424
6193,4.1404
6194,3.5176
6195,3.3778
6196,3.4903
6197,3.3735
6198,3.4706
6199,3.4170
6200,3.3997
6201,3.5666
6202,3.8346
6203,3.7194
6204,3.4717
6205,3.4020
6206,4.2976
6207,3.5934
6208,3.5777
6209,4.1167
6210,4.6608
6211,3.9788
6212,3.7140
6213,3.6949
6214,3.8374
6215,4.6850
6216,3.6062
6217,3.4260
6218,3.7416
6219,3.8486
6220,3.5622
6221,3.5694
6222,3.8950
6223,3.6693
6224,4.0653
6225,3.6150
6226,4.3618
6227,4.7179
6228,3.6759
6229,3.9238
6230,5.8325
6231,3.7801
6232,3.7176
6233,3.5441
6234,3.3803
6235,3.7822
6236,3.4909
6237,3.3742
6238,3.5491
6239,3.4919
6240,3.7169
6241,3.4820
6242,3.8808
6243,3.6349
6244,4.3065
6245,3.5551
6246,3.9597
6247,3.8192
6248,3.5307
6249,3.9773
6250,3.4916
6251,4.4513
6252,3.6981
6253,3.4464
6254,3.8845
6255,3.5537
6256,4.3125
6257,4.2054
6258,3.4086
6259,3.8069
6260,3.3736
6261,4.0611
6262,3.4236
6263,3.5948
6264,3.7820
6265,3.8853
6266,3.7825
6267,3.7059
6268,3.3757
6269,3.9719
6270,3.5938
6271,3.7151
6272,4.0073
6273,3.7270
6274,3.8667
6275,3.5772
6276,5.0817
6277,4.9964
6278,4.7298
6279,3.8944
6280,3.6882
6281,4.2471
6282,4.9493
6283,3.9570
6284,4.8792
6285,4.0805
6286,4.7247
6287,3.7835
6288,3.9909
6289,5.2378
6290,5.0382
6291,5.7192
6292,4.4367
6293,4.8017
6294,3.8686
6295,3.5518
6296,4.0144
6297,3.3598
6298,3.5087
6299,4.1331
6300,3.4462
6301,3.7966
6302,3.5430
6303,3.5474
6304,4.5174
6305,3.6001
6306,4.4635
6307,4.0725
6308,3.6360
6309,3.7894
6310,3.6502
6311,4.0032
6312,3.4535
6313,3.4331
6314,3.7930
6315,3.6945
6316,3.7356
6317,3.5673
6318,3.4659
6319,4.0966
6320,3.4590
6321,3.7908
6322,3.6185
6323,3.4024
6324,3.8986
6325,3.5025
6326,4.1935
6327,3.4367
6328,3.4790
6329,3.5460
6330,3.7048
6331,3.9216
6332,3.5391
6333,3.4357
6334,4.1080
6335,3.7243
6336,4.4036
6337,3.5706
6338,3.7678
6339,5.1298
6340,4.1734
6341,3.8520
6342,3.5910
6343,3.5402
6344,4.4937
6345,4.3186
6346,4.0354
6347,3.7648
6348,4.5007
6349,3.8669
6350,3.6585
6351,3.5792
6352,3.7867
6353,3.6147
6354,3.5216
6355,3.4759
6356,3.4767
6357,3.4929
6358,3.4329
6359,3.6602
6360,3.8271
6361,4.0788
6362,3.5535
6363,3.6825
6364,3.6907
6365,3.4071
6366,3.6679
6367,3.6279
6368,3.5354
6369,3.9871
6370,3.5722
6371,6.4263
6372,4.0194
6373,3.3644
6374,3.7241
6375,3.5010
6376,3.6423
6377,3.4596
6378,3.8954
6379,3.9384
6380,3.7887
6381,3.6327
6382,3.5720
6383,3.5549
6384,3.5262
6385,3.5599
6386,3.6817
6387,3.5122
6388,3.4762
6389,3.5682
6390,3.6602
6391,3.5633
6392,3.5135
6393,4.4317
6394,3.4396
6395,3.9223
6396,3.8062
6397,3.5925
6398,3.7467
6399,3.8235
6400,5.0760
6401,3.8830
6402,3.5443
6403,3.6117
6404,3.6895
6405,3.6398
6406,4.5063
6407,3.7732
6408,3.6495
6409,4.2309
6410,3.6117
6411,4.2120
6412,3.9396
6413,3.4070
6414,4.3244
6415,3.4522
6416,3.3902
6417,3.5894
6418,3.3983
6419,4.3718
6420,3.6341
6421,4.1368
6422,4.0384
6423,3.5177
6424,4.6422
6425,3.4719
6426,3.5878
6427,5.0367
6428,3.6219
6429,4.0599
6430,3.5260
6431,4.2044
6432,5.2184
6433,3.6196
6434,4.7298
6435,3.6563
6436,4.0931
6437,3.5212
6438,3.9372
6439,4.1688
6440,3.6506
6441,3.8495
6442,3.9585
6443,3.9445
6444,4.1652
6445,3.5697
6446,4.2243
6447,4.8425
6448,3.5752
6449,3.9163
6450,3.4669
6451,3.8907
6452,3.6052
6453,3.7065
6454,3.8420
6455,3.5845
6456,3.5767
6457,3.5931
6458,3.5915
6459,3.7793
6460,3.5481
6461,3.7280
6462,3.4464
6463,3.5835
6464,3.5060
6465,3.5797
6466,3.6965
6467,3.4321
6468,3.5773
6469,3.4088
6470,3.5468
6471,3.5977
6472,3.4170
6473,3.5217
6474,4.2056
6475,3.7810
6476,4.6123
6477,4.2497
6478,3.4781
6479,3.4253
6480,3.5037
6481,3.5281
6482,3.5478
6483,3.4810
6484,3.8431
6485,3.4235
6486,3.6207
6487,4.0188
6488,3.5420
6489,4.0981
6490,4.4205
6491,4.5374
6492,4.3975
6493,3.6192
6494,4.9312
6495,4.1639
6496,5.0272
6497,3.9810
6498,4.2097
6499,3.9837
6500,4.3948
6501,3.8917
6502,4.6982
6503,3.5957
6504,4.3138
6505,3.4803
6506,3.9675
6507,4.7453
6508,3.5635
6509,3.8878
6510,3.4279
6511,4.0691
6512,4.0314
6513,3.4527
6514,3.7645
6515,3.3978
6516,3.7729
6517,3.4577
6518,3.6302
6519,3.6836
6520,3.6896
6521,4.5521
6522,3.5126
6523,3.8132
6524,4.7772
6525,4.8530
6526,4.0909
6527,4.0551
6528,3.6026
6529,4.8592
6530,3.7153
6531,4.0761
6532,3.6086
6533,3.7245
6534,4.0528
6535,3.6691
6536,3.8036
6537,2.9293
6538,4.6611
6539,4.2808
6540,3.4489
6541,3.8102
6542,3.3938
6543,3.7574
6544,3.7790
6545,3.4069
6546,4.0167
6547,3.4730
6548,3.7245
6549,3.8896
6550,3.5087
6551,4.0446
6552,3.6922
6553,3.8083
6554,4.0766
6555,4.1762
6556,3.7485
6557,3.5070
6558,3.6206
6559,3.8703
6560,3.4905
6561,4.1460
6562,3.6659
6563,4.2425
6564,3.6621
6565,3.6574
6566,3.7380
6567,3.8361
6568,2.5958
6569,3.8248
6570,3.9193
6571,3.7254
6572,3.6685
6573,3.4227
6574,3.4251
6575,3.4894
6576,3.3769
6577,3.5586
6578,3.3871
6579,3.4281
6580,3.3904
6581,3.5823
6582,3.4485
6583,3.4898
6584,3.7076
6585,3.4360
6586,3.8237
6587,4.2146
6588,3.4170
6589,3.7137
6590,3.4407
6591,3.8448
6592,3.9273
6593,3.4077
6594,3.7913
6595,3.3431
6596,3.9311
6597,3.4713
6598,3.4226
6599,3.9057
6600,3.6076
6601,3.9231
6602,4.1721
6603,3.5539
6604,4.1782
6605,3.5181
6606,4.0325
6607,3.9510
6608,3.4604
6609,3.9793
6610,3.7910
6611,3.8916
6612,4.0900
6613,3.5735
6614,3.9074
6615,4.8612
6616,4.4280
6617,3.5769
6618,4.4041
6619,3.8328
6620,3.8999
6621,4.1379
6622,4.2773
6623,3.9722
6624,3.8033
6625,3.6746
6626,3.7084
6627,3.5453
6628,3.1368
6629,3.4782
6630,4.1283
6631,3.7227
6632,3.7040
6633,3.4532
6634,3.7891
6635,3.4278
6636,3.4058
6637,3.4818
6638,3.5001
6639,3.0626
6640,3.4184
6641,3.6486
6642,3.4273
6643,3.4702
6644,3.5176
6645,3.4369
6646,3.7918
6647,4.1793
6648,3.4368
6649,3.9201
6650,3.7320
6651,3.8230
6652,3.9678
6653,3.3642
6654,3.8113
6655,3.4093
6656,3.6718
6657,3.6753
6658,3.5552
6659,3.8920
6660,3.5380
6661,3.8721
6662,3.4128
6663,3.3794
6664,3.4952
6665,3.9277
6666,4.0600
6667,3.4634
6668,3.4152
6669,3.4007
6670,3.4424
6671,3.3820
6672,3.7563
6673,3.7678
6674,4.1963
6675,3.6852
6676,3.6721
6677,3.5475
6678,4.4943
6679,3.6108
6680,3.6544
6681,3.5043
6682,4.4497
6683,4.3103
6684,4.0175
6685,3.5322
6686,4.0337
6687,3.4766
6688,3.4902
6689,4.0234
6690,3.3431
6691,4.0962
6692,3.7025
6693,3.5809
6694,4.5832
6695,3.4818
6696,3.6077
6697,4.2704
6698,3.7941
6699,3.4076
6700,3.4608
6701,3.4101
6702,3.6007
6703,3.6303
6704,3.3723
6705,3.6271
6706,3.8835
6707,3.5266
6708,3.5832
6709,4.0770
6710,4.3230
6711,4.7140
6712,4.1397
6713,3.7270
6714,4.6308
6715,3.6084
6716,4.3185
6717,3.9729
6718,3.7219
6719,3.8602
6720,3.6784
6721,3.8502
6722,3.3708
6723,3.8250
6724,3.7617
6725,3.4555
6726,3.5361
6727,3.3990
6728,3.4020
6729,3.3867
6730,3.6601
6731,3.4158
6732,3.4296
6733,4.1073
6734,3.6185
6735,4.3187
6736,3.6391
6737,3.4867
6738,3.6510
6739,4.3824
6740,4.6201
6741,3.8519
6742,3.8133
6743,3.8029
6744,3.5561
6745,3.5562
6746,3.5996
6747,4.5822
6748,3.6192
6749,3.9015
6750,3.5217
6751,3.5685
6752,3.9620
6753,3.9116
6754,3.6555
6755,3.5359
6756,3.6673
6757,3.4262
6758,3.4343
6759,3.5677
6760,3.4496
6761,3.4158
6762,3.4871
6763,3.5385
6764,3.3872
6765,3.5672
6766,3.9553
6767,3.8208
6768,3.5573
6769,3.6004
6770,3.5270
6771,3.8187
6772,3.8314
6773,3.6852
6774,3.8101
6775,3.5848
6776,3.9512
6777,3.7818
6778,3.4237
6779,3.8271
6780,3.5532
6781,3.6503
6782,3.4685
6783,3.7044
6784,3.6170
6785,3.4913
6786,3.8792
6787,3.5074
6788,3.6168
6789,3.5250
6790,3.5160
6791,3.4929
6792,3.3743
6793,3.6906
6794,3.7638
6795,3.4581
6796,3.4533
6797,3.6510
6798,3.7749
6799,3.4900
6800,3.5213
6801,3.9792
6802,3.9225
6803,3.9287
6804,3.7777
6805,4.3335
6806,3.8797
6807,4.1358
6808,3.6392
6809,4.0628
6810,3.7211
6811,4.8098
6812,3.9678
6813,4.3368
6814,3.9846
6815,4.0301
6816,4.0770
6817,3.6765
6818,3.6874
6819,3.6398
6820,3.4813
6821,3.4961
6822,3.4640
6823,3.5959
6824,3.4224
6825,3.3984
6826,3.6837
6827,3.7850
6828,3.4764
6829,3.5236
6830,3.3629
6831,3.3840
6832,3.9831
6833,3.5032
6834,3.3945
6835,3.4214
6836,3.4542
6837,3.3933
6838,3.4170
6839,3.3938
6840,3.5034
6841,3.2754
6842,3.4362
6843,3.8941
6844,3.5205
6845,3.3742
6846,3.4241
6847,3.8270
6848,3.6447
6849,3.6577
6850,3.4378
6851,3.6421
6852,3.6417
6853,3.5285
6854,3.8134
6855,3.6007
6856,4.0412
6857,3.8124
6858,3.7810
6859,4.1742
6860,3.5862
6861,3.8634
6862,6.0228
6863,3.9476
6864,3.9835
6865,3.5631
6866,4.2548
6867,3.6040
6868,3.7697
6869,3.7349
6870,3.5665
6871,3.9471
6872,4.2524
6873,3.9334
6874,3.5035
6875,3.6723
6876,3.7838
6877,3.5681
6878,3.5195
6879,3.3842
6880,3.4735
6881,3.5163
6882,3.4262
6883,3.4936
6884,3.3895
6885,3.3981
6886,3.8835
6887,3.7616
6888,3.4577
6889,3.6647
6890,3.4682
6891,4.0594
6892,4.1686
6893,3.4218
6894,3.6700
6895,3.5636
6896,3.8671
6897,3.3921
6898,3.4717
6899,3.5138
6900,3.4013
6901,3.4680
6902,3.5470
6903,3.5691
6904,3.7100
6905,3.4294
6906,3.4174
6907,3.9765
6908,3.4313
6909,3.7464
6910,3.4606
6911,3.7826
6912,3.9409
6913,3.4121
6914,3.6447
6915,3.4308
6916,3.8220
6917,3.4389
6918,3.5089
6919,3.5357
6920,3.4950
6921,3.5342
6922,3.5927
6923,4.0590
6924,3.6148
6925,3.3767
6926,3.6674
6927,3.4998
6928,3.6486
6929,3.4999
6930,3.5580
6931,3.6058
6932,3.5727
6933,3.9583
6934,4.3730
6935,2.3541
6936,3.7348
6937,3.5155
6938,4.1454
6939,3.7499
6940,3.5195
6941,3.6008
6942,3.4710
6943,3.5150
6944,3.6187
6945,3.3581
6946,3.6005
6947,3.4196
6948,3.5065
6949,3.3961
6950,3.4277
6951,3.5004
6952,3.4538
6953,3.4833
6954,3.6546
6955,4.1030
6956,3.5246
6957,3.6712
6958,3.5273
6959,3.5236
6960,3.4538
6961,3.5013
6962,3.8602
6963,3.4572
6964,4.6857
6965,3.3655
6966,3.6692
6967,3.7830
6968,3.4486
6969,3.7392
6970,3.3758
6971,4.0195
6972,3.7775
6973,3.5608
6974,3.8911
6975,3.6771
6976,3.6737
6977,3.5491
6978,3.6094
6979,3.7226
6980,3.5418
6981,3.5516
6982,3.5763
6983,4.8881
6984,3.8840
6985,3.5597
6986,3.6643
6987,4.7284
6988,3.4996
6989,3.6792
6990,3.5528
6991,3.6458
6992,3.6221
6993,3.6130
6994,3.9667
6995,3.4991
6996,3.8178
6997,3.6700
6998,3.7192
6999,4.3959
7000,3.4721
7001,4.4593
7002,3.8114
7003,3.6855
7004,4.0273
7005,3.4839
7006,3.7886
7007,3.6499
7008,3.4343
7009,3.8397
7010,3.6015
7011,3.9259
7012,3.5301
7013,3.8629
7014,4.3631
7015,3.5029
7016,3.8856
7017,5.1417
7018,3.6296
7019,4.6913
7020,3.6745
7021,3.8708
7022,3.9548
7023,3.6171
7024,4.4120
7025,4.4403
7026,3.1853
7027,3.8348
7028,3.9165
7029,3.9554
7030,3.3801
7031,3.8110
7032,3.5745
7033,3.4737
7034,3.7181
7035,3.8152
7036,3.6444
7037,3.4287
7038,3.4079
7039,3.9188
7040,3.8159
7041,5.0014
7042,4.2838
7043,3.4772
7044,3.9426
7045,3.9701
7046,4.8683
7047,3.6444
7048,3.6355
7049,4.8762
7050,3.5788
7051,4.2769
7052,3.7016
7053,3.9034
7054,4.6705
7055,3.6790
7056,4.6791
7057,3.6700
7058,3.6836
7059,4.3826
7060,5.2194
7061,4.3888
7062,3.9947
7063,3.4680
7064,3.7823
7065,3.4589
7066,3.7793
7067,3.5053
7068,3.3308
7069,3.8153
7070,3.4450
7071,3.9369
7072,3.7193
7073,3.4605
7074,4.7451
7075,4.2212
7076,4.3629
7077,3.6007
7078,3.6883
7079,4.5355
7080,3.5773
7081,3.7123
7082,3.6662
7083,3.5557
7084,3.5345
7085,3.6782
7086,3.6821
7087,3.7008
7088,4.1722
7089,3.6493
7090,3.4373
7091,3.4656
7092,3.4991
7093,3.5387
7094,3.5334
7095,3.6186
7096,3.5829
7097,3.4809
7098,3.6152
7099,3.4382
7100,3.5429
7101,3.5372
7102,3.6079
7103,4.0698
7104,3.4646
7105,3.6076
7106,4.1632
7107,3.9026
7108,4.1427
7109,3.5910
7110,3.5640
7111,3.8600
7112,5.1305
7113,3.5199
7114,4.1693
7115,3.8331
7116,4.9012
7117,6.0900
7118,3.5766
7119,3.8698
7120,3.7140
7121,3.9299
7122,3.7387
7123,3.4374
7124,3.9437
7125,3.7691
7126,3.6921
7127,3.5488
7128,3.5428
7129,3.6805
7130,3.4407
7131,3.8508
7132,4.1559
7133,3.4572
7134,3.9274
7135,3.4420
7136,3.8136
7137,3.5128
7138,3.4856
7139,3.9474
7140,3.5994
7141,3.8993
7142,3.3884
7143,3.4723
7144,3.6358
7145,3.9434
7146,3.8768
7147,3.4410
7148,3.3726
7149,3.5884
7150,3.5065
7151,3.4410
7152,3.5009
7153,3.3810
7154,3.4730
7155,3.4277
7156,3.9685
7157,3.3595
7158,3.3937
7159,3.5063
7160,3.4269
7161,3.4102
7162,3.4905
7163,3.4344
7164,3.5466
7165,4.0374
7166,3.7082
7167,3.5172
7168,4.0622
7169,4.2945
7170,3.6377
7171,3.7073
7172,4.1083
7173,3.8913
7174,5.0310
7175,3.5676
7176,4.1454
7177,4.1834
7178,3.7569
7179,4.0173
7180,3.9792
7181,4.5882
7182,3.9093
7183,3.8102
7184,4.6873
7185,3.7811
7186,4.0873
7187,3.6971
7188,3.6340
7189,3.7700
7190,3.6612
7191,3.8331
7192,3.4815
7193,3.7286
7194,3.9947
7195,3.4808
7196,4.1790
7197,3.9113
7198,3.4982
7199,4.4810
7200,3.6075
7201,3.6087
7202,4.4208
7203,3.6001
7204,4.0603
7205,3.4756
7206,3.7739
7207,4.0719
7208,3.3616
7209,3.9333
7210,3.5494
7211,3.8513
7212,3.8619
7213,3.4335
7214,3.9207
7215,3.4721
7216,4.7609
7217,4.1211
7218,3.4011
7219,3.8910
7220,3.7194
7221,3.7263
7222,3.8194
7223,3.7547
7224,4.3663
7225,3.6555
7226,4.8380
7227,4.7799
7228,3.7731
7229,4.7259
7230,4.1753
7231,3.6968
7232,4.2281
7233,3.7365
7234,3.9809
7235,3.7280
7236,4.8903
7237,3.9728
7238,3.7473
7239,4.3985
7240,3.5739
7241,3.4354
7242,4.5735
7243,4.2904
7244,3.9748
7245,3.3703
7246,4.0038
7247,4.1462
7248,3.5608
7249,4.3261
7250,3.5745
7251,4.0586
7252,4.5872
7253,3.4773
7254,4.2847
7255,5.3726
7256,3.9217
7257,3.9363
7258,3.6285
7259,4.4056
7260,4.2285
7261,3.8258
7262,4.1783
7263,3.6038
7264,4.0689
7265,4.0718
7266,4.3292
7267,3.6829
7268,3.7174
7269,4.2237
7270,3.5840
7271,4.1160
7272,3.4143
7273,4.7524
7274,4.9057
7275,3.4951
7276,4.0133
7277,3.8284
7278,4.0908
7279,3.8988
7280,3.8516
7281,3.9791
7282,3.7418
7283,3.8791
7284,3.9479
7285,3.6730
7286,4.8016
7287,3.7390
7288,3.7490
7289,3.4468
7290,3.5971
7291,3.8282
7292,3.6599
7293,3.9122
7294,3.7931
7295,3.5544
7296,3.4649
7297,3.4994
7298,3.6406
7299,3.4313
7300,4.0572
7301,3.8998
7302,3.5992
7303,4.2688
7304,3.9025
7305,3.6732
7306,3.7112
7307,3.8632
7308,3.7582
7309,3.6080
7310,3.5532
7311,4.7720
7312,5.9595
7313,3.8330
7314,4.8004
7315,4.6026
7316,4.4321
7317,4.0833
7318,3.7280
7319,4.0853
7320,4.9522
7321,4.7796
7322,4.1258
7323,3.7775
7324,4.9437
7325,4.3655
7326,4.2347
7327,3.5572
7328,5.9211
7329,4.9756
7330,4.3312
7331,4.5760
7332,4.6256
7333,3.7606
7334,3.6955
7335,3.9294
7336,3.7437
7337,4.4582
7338,4.4917
7339,3.5877
7340,3.7822
7341,3.7494
7342,3.5105
7343,3.6338
7344,3.8090
7345,3.7481
7346,4.7792
7347,3.4910
7348,3.5527
7349,3.6687
7350,3.6226
7351,3.4669
7352,3.5216
7353,3.5008
7354,3.8506
7355,3.4259
7356,4.1266
7357,3.8239
7358,5.3842
7359,3.7338
7360,3.7542
7361,3.5528
7362,3.9795
7363,3.9054
7364,3.6023
7365,3.5180
7366,4.1007
7367,3.6417
7368,3.5019
7369,3.7523
7370,3.9966
7371,3.8033
7372,3.6638
7373,3.6060
7374,3.6371
7375,3.5382
7376,3.6567
7377,3.4108
7378,3.7751
7379,3.7273
7380,3.9476
7381,3.7420
7382,4.1124
7383,4.7027
7384,4.4988
7385,3.7578
7386,3.8862
7387,4.1328
7388,3.9034
7389,3.8024
7390,3.7442
7391,4.4030
7392,3.9435
7393,3.8744
7394,3.8672
7395,3.8484
7396,3.0011
7397,3.6081
7398,3.7828
7399,3.4252
7400,3.7257
7401,3.4611
7402,3.4932
7403,3.4187
7404,3.4679
7405,3.4994
7406,3.6734
7407,3.5356
7408,3.5425
7409,3.4387
7410,3.4453
7411,3.4745
7412,3.5454
7413,3.5697
7414,3.5074
7415,3.4825
7416,3.8115
7417,3.4479
7418,3.6118
7419,3.4437
7420,3.4950
7421,3.5327
7422,3.4661
7423,3.5569
7424,3.4988
7425,3.5792
7426,4.5883
7427,3.5244
7428,3.5588
7429,3.5207
7430,3.5180
7431,3.4533
7432,3.9384
7433,3.5526
7434,3.7451
7435,3.5154
7436,3.7702
7437,3.8031
7438,3.4678
7439,3.9494
7440,3.9707
7441,4.0011
7442,4.0151
7443,3.5934
7444,5.4816
7445,5.0031
7446,4.6989
7447,4.1978
7448,4.6936
7449,3.9571
7450,3.7970
7451,4.9960
7452,4.6869
7453,3.7962
7454,4.1854
7455,4.9079
7456,5.9944
7457,4.4334
7458,3.4219
7459,4.0833
7460,4.2019
7461,5.3400
7462,3.6130
7463,3.6166
7464,4.5406
7465,3.5722
7466,3.8574
7467,3.8990
7468,3.5680
7469,4.0947
7470,3.5980
7471,4.0730
7472,3.5895
7473,3.5631
7474,4.0313
7475,3.7307
7476,4.6317
7477,3.6307
7478,3.7860
7479,3.9117
7480,3.9196
7481,3.9345
7482,3.9865
7483,3.8484
7484,3.9079
7485,3.6552
7486,3.7773
7487,4.1078
7488,3.6698
7489,4.4001
7490,3.5681
7491,3.7545
7492,3.8341
7493,3.6403
7494,3.8718
7495,3.5201
7496,4.3468
7497,3.8092
7498,3.8589
7499,3.8124
7500,3.7551
7501,3.8414
7502,4.2862
7503,4.2829
7504,3.7623
7505,4.1656
7506,4.3065
7507,4.7584
7508,4.3389
7509,3.8210
7510,4.3641
7511,3.8997
7512,4.2144
7513,3.7866
7514,3.8563
7515,3.9231
7516,13.8093
7517,4.8078
7518,5.0234
7519,5.4397
7520,4.5396
7521,3.7451
7522,3.7781
7523,3.8220
7524,3.4699
7525,3.6402
7526,4.0988
7527,3.6253
7528,4.5717
7529,3.3865
7530,3.4266
7531,3.4370
7532,3.5157
7533,3.4832
7534,3.4959
7535,3.4981
7536,3.6945
7537,3.3671
7538,3.6749
7539,3.6165
7540,3.3809
7541,3.9234
7542,4.0415
7543,3.5172
7544,4.1220
7545,3.5025
7546,3.7660
7547,3.5461
7548,3.7517
7549,3.6831
7550,3.4736
7551,3.6164
7552,3.5999
7553,3.4033
7554,3.5835
7555,3.5328
7556,3.5644
7557,3.4914
7558,3.5410
7559,3.8086
7560,4.0718
7561,3.6095
7562,4.0728
7563,3.9678
7564,3.8000
7565,3.5862
7566,3.7579
7567,3.6672
7568,3.7939
7569,3.7699
7570,3.5757
7571,3.7367
7572,4.1201
7573,3.9447
7574,3.5951
7575,3.6565
7576,3.3791
7577,3.7192
7578,3.6254
7579,4.0011
7580,3.4925
7581,3.4489
7582,3.5246
7583,3.6951
7584,3.4835
7585,3.5377
7586,3.5427
7587,3.4785
7588,3.5815
7589,3.6775
7590,3.7201
7591,3.6007
7592,4.4246
7593,3.7101
7594,3.8393
7595,4.3495
7596,4.0706
7597,3.6509
7598,3.5627
7599,4.3367
7600,3.9337
7601,4.6050
7602,4.0034
7603,3.6191
7604,3.9568
7605,3.8181
7606,4.0691
7607,4.0530
7608,3.9073
7609,4.3213
7610,3.5278
7611,4.2315
7612,4.3605
7613,3.3938
7614,3.9301
7615,3.4184
7616,3.7727
7617,3.4791
7618,3.7092
7619,3.8559
7620,3.4182
7621,3.8370
7622,3.9226
7623,3.4422
7624,4.5755
7625,3.4498
7626,4.0078
7627,3.7771
7628,3.5456
7629,3.8473
7630,3.4899
7631,3.6392
7632,3.7630
7633,3.4608
7634,3.5396
7635,3.4692
7636,3.4990
7637,3.5507
7638,3.6135
7639,5.8004
7640,4.3471
7641,3.6183
7642,3.5998
7643,3.5371
7644,3.7444
7645,3.5751
7646,3.6487
7647,3.6244
7648,3.7152
7649,4.6591
7650,3.6477
7651,3.6954
7652,4.2907
7653,5.5907
7654,4.0276
7655,3.6662
7656,3.7860
7657,4.4914
7658,3.9432
7659,4.8616
7660,3.8451
7661,3.9288
7662,4.2367
7663,4.1380
7664,5.0595
7665,3.9138
7666,4.5366
7667,3.7423
7668,3.6562
7669,4.6989
7670,3.6923
7671,3.8355
7672,3.5536
7673,3.5924
7674,3.8953
7675,3.6223
7676,3.8070
7677,3.7260
7678,4.1531
7679,4.1020
7680,4.0692
7681,3.9190
7682,3.6567
7683,3.7200
7684,3.5502
7685,3.6524
7686,3.8509
7687,3.5756
7688,3.8915
7689,3.8679
7690,4.1233
7691,3.6180
7692,3.5347
7693,3.5975
7694,3.6575
7695,3.5853
7696,3.6338
7697,3.6417
7698,3.6345
7699,3.7557
7700,3.8138
7701,3.4949
7702,3.7112
7703,3.7471
7704,3.6000
7705,3.4562
7706,3.8077
7707,3.5808
7708,3.8204
7709,4.4253
7710,3.7324
7711,3.7760
7712,4.9124
7713,4.0009
7714,3.6942
7715,3.9553
7716,3.6306
7717,3.6589
7718,3.6249
7719,3.8131
7720,3.4940
7721,3.8988
7722,4.0958
7723,3.7431
7724,4.0704
7725,2.6634
7726,4.4778
7727,3.7867
7728,4.0669
7729,3.7772
7730,3.5124
7731,3.7232
7732,3.6901
7733,3.7018
7734,3.6592
7735,3.5321
7736,3.6834
7737,3.5055
7738,3.9929
7739,3.7261
7740,3.5999
7741,3.5551
7742,3.5045
7743,3.6531
7744,3.6919
7745,3.6041
7746,3.7043
7747,3.5043
7748,3.6355
7749,3.5032
7750,3.4721
7751,3.5424
7752,3.5069
7753,3.5132
7754,3.6111
7755,4.2340
7756,3.8149
7757,3.5085
7758,3.3982
7759,3.8285
7760,3.8087
7761,3.6414
7762,3.7716
7763,3.5626
7764,3.7225
7765,3.6063
7766,3.7731
7767,3.8196
7768,3.6000
7769,4.6519
7770,3.7183
7771,4.2251
7772,5.0226
7773,4.2010
7774,5.3435
7775,3.7384
7776,4.9682
7777,4.4841
7778,3.7660
7779,4.0891
7780,4.2137
7781,5.0632
7782,4.9334
7783,4.7985
7784,4.3245
7785,4.1065
7786,3.9358
7787,4.1531
7788,3.6958
7789,4.3739
7790,3.6766
7791,3.8978
7792,4.2624
7793,3.7382
7794,3.9186
7795,3.7581
7796,4.1116
7797,3.9952
7798,3.6039
7799,3.7990
7800,4.6018
7801,3.7265
7802,3.8320
7803,3.7911
7804,3.6426
7805,3.7350
7806,3.6049
7807,3.5168
7808,3.6908
7809,3.8997
7810,3.6820
7811,3.7242
7812,3.8559
7813,3.7109
7814,3.4094
7815,3.6813
7816,3.5805
7817,3.4860
7818,3.9833
7819,3.5593
7820,3.9617
7821,3.8920
7822,3.5863
7823,3.5578
7824,3.3981
7825,3.9505
7826,3.9092
7827,3.6420
7828,3.7121
7829,3.5289
7830,3.4854
7831,3.6223
7832,6.1046
7833,3.6863
7834,3.7071
7835,3.5885
7836,4.0709
7837,5.4034
7838,3.7167
7839,4.7878
7840,4.3229
7841,5.6340
7842,5.9137
7843,3.6997
7844,4.3428
7845,3.3407
7846,5.3195
7847,4.0012
7848,3.6001
7849,3.9611
7850,3.5075
7851,3.9104
7852,3.7655
7853,3.5410
7854,3.8616
7855,3.5676
7856,3.9288
7857,3.8365
7858,3.6402
7859,3.5616
7860,3.6479
7861,3.5256
7862,3.8119
7863,3.6883
7864,4.3062
7865,3.5786
7866,3.6341
7867,3.6016
7868,3.5920
7869,4.2140
7870,3.5239
7871,4.5626
7872,3.7318
7873,3.5157
7874,3.7993
7875,3.5259
7876,4.4243
7877,4.2021
7878,3.4466
7879,4.0367
7880,3.8043
7881,4.2468
7882,5.1536
7883,4.0278
7884,4.9980
7885,3.6512
7886,3.9535
7887,3.8302
7888,3.8780
7889,4.7248
7890,3.6655
7891,5.9613
7892,4.6225
7893,4.5770
7894,5.0918
7895,3.6360
7896,5.0544
7897,4.4967
7898,3.8432
7899,4.0614
7900,4.2527
7901,4.4799
7902,3.9817
7903,4.8388
7904,4.2259
7905,3.7967
7906,3.7216
7907,4.0544
7908,3.9793
7909,4.1208
7910,3.6046
7911,3.7578
7912,4.0783
7913,3.8430
7914,8.9555
7915,4.0394
7916,3.6347
7917,3.8718
7918,3.6644
7919,4.2364
7920,3.6417
7921,4.2325
7922,3.9023
7923,3.8932
7924,4.2942
7925,3.9570
7926,4.5656
7927,4.5440
7928,3.8474
7929,4.8022
7930,4.0088
7931,7.7385
7932,4.4137
7933,5.8950
7934,4.2619
7935,3.9832
7936,4.3060
7937,3.7158
7938,4.0492
7939,3.8498
7940,3.7837
7941,4.2951
7942,3.7516
7943,3.6933
7944,6.5684
7945,7.5283
7946,4.8684
7947,4.2382
7948,4.9853
7949,4.1495
7950,3.9230
7951,4.0663
7952,5.3736
7953,3.9715
7954,3.9651
7955,3.9833
7956,4.7359
7957,4.4386
7958,4.3190
7959,3.9929
7960,4.8751
7961,4.6599
7962,3.9857
7963,3.8530
7964,4.1239
7965,4.1405
7966,3.8867
7967,4.8434
7968,4.9403
7969,3.8284
7970,3.6926
7971,4.0539
7972,4.7643
7973,3.7434
7974,5.0631
7975,3.9988
7976,5.1373
7977,4.1456
7978,4.0682
7979,4.8798
7980,3.7633
7981,5.8651
7982,5.5503
7983,4.1224
7984,5.7503
7985,4.3326
7986,4.3960
7987,4.2031
7988,4.0882
7989,5.7246
7990,4.9734
7991,4.1867
7992,4.5008
7993,5.3805
7994,4.6225
7995,3.8745
7996,5.9744
7997,5.0515
7998,5.3437
7999,4.8145
8000,5.1027
8001,4.8757
8002,4.2340
8003,5.1749
8004,3.8694
8005,3.9943
8006,4.1351
8007,4.0947
8008,4.5646
8009,3.9779
8010,3.9794
8011,3.9405
8012,4.3601
8013,5.2477
8014,5.4582
8015,4.9517
8016,5.0821
8017,5.3877
8018,4.9865
8019,5.0540
8020,4.0121
8021,4.6157
8022,4.7333
8023,4.6745
8024,5.8232
8025,4.9425
8026,5.6186
8027,3.8055
8028,5.7758
8029,4.7833
8030,4.3936
8031,4.2909
8032,3.8012
8033,3.7065
8034,3.9463
8035,5.2445
8036,5.2192
8037,4.4596
8038,3.6903
8039,4.8976
8040,3.9523
8041,4.1797
8042,4.6688
8043,4.0321
8044,4.1468
8045,3.5197
8046,3.9674
8047,4.6134
8048,3.5698
8049,3.8797
8050,3.5966
8051,4.7845
8052,3.8602
8053,3.6447
8054,3.9974
8055,3.7172
8056,4.0986
8057,3.8418
8058,4.0007
8059,4.1633
8060,3.5485
8061,4.3005
8062,3.6755
8063,4.3882
8064,3.9894
8065,3.7415
8066,4.0378
8067,3.6154
8068,4.0827
8069,3.7539
8070,3.6317
8071,5.3808
8072,6.5265
8073,6.2499
8074,6.3500
8075,3.9893
8076,5.3901
8077,3.6868
8078,4.1467
8079,4.4001
8080,3.7561
8081,4.0327
8082,3.7737
8083,5.4217
8084,3.8883
8085,3.4610
8086,4.7907
8087,3.6888
8088,4.3579
8089,3.9694
8090,3.6147
8091,3.6693
8092,3.4745
8093,3.5376
8094,3.5090
8095,3.6721
8096,3.6523
8097,3.5507
8098,3.6376
8099,3.6217
8100,3.6962
8101,3.6530
8102,3.6121
8103,3.6359
8104,3.9704
8105,3.5593
8106,3.8137
8107,3.6598
8108,3.5639
8109,3.7017
8110,3.7515
8111,3.5029
8112,3.5703
8113,3.7153
8114,3.4038
8115,3.6452
8116,3.4801
8117,3.4430
8118,3.6079
8119,3.5826
8120,3.7268
8121,4.6051
8122,3.8337
8123,4.3182
8124,3.4301
8125,3.6238
8126,4.4411
8127,3.6234
8128,3.9505
8129,5.1769
8130,3.8854
8131,3.9350
8132,5.2153
8133,7.4041
8134,8.5078
8135,5.2933
8136,6.7874
8137,3.9297
8138,7.2755
8139,7.3068
8140,7.3669
8141,6.0389
8142,7.4284
8143,7.5957
8144,7.1247
8145,7.1283
8146,6.1669
8147,5.1122
8148,6.2733
8149,5.2305
8150,6.4984
8151,7.0280
8152,6.8461
8153,7.3467
8154,6.8569
8155,7.4416
8156,7.2850
8157,6.8759
8158,6.9504
8159,7.4253
8160,7.1509
8161,6.8205
8162,5.5877
8163,6.9129
8164,6.6594
8165,5.6929
8166,6.6981
8167,5.0102
8168,4.9902
8169,5.7457
8170,4.0273
8171,5.3156
8172,4.6712
8173,5.1632
8174,5.4875
8175,4.8853
8176,5.5252
8177,5.0948
8178,4.8589
8179,5.6926
8180,5.2121
8181,4.8105
8182,5.4152
8183,5.4292
8184,5.0582
8185,5.1564
8186,5.2222
8187,6.4043
8188,6.4110
8189,6.9982
8190,6.6487
8191,6.8910
8192,4.8011
8193,6.0248
8194,5.7158
8195,5.7569
8196,6.3727
8197,4.6226
8198,5.1298
8199,5.8423
8200,6.1300
8201,5.2209
8202,6.3728
8203,6.5557
8204,7.0335
8205,4.9905
8206,6.2533
8207,6.8397
8208,5.7926
8209,6.3654
8210,6.7041
8211,6.6953
8212,7.1060
8213,7.3380
8214,7.1767
8215,5.0332
8216,6.5099
8217,5.5111
8218,4.1848
8219,5.0997
8220,4.0876
8221,6.3350
8222,3.6768
8223,4.0636
8224,5.1583
8225,4.3665
8226,5.7127
8227,4.9179
8228,4.9808
8229,5.4607
8230,3.9618
8231,5.0179
8232,4.1735
8233,4.2445
8234,5.3536
8235,4.9107
8236,6.0009
8237,4.1519
8238,5.3107
8239,5.3237
8240,5.5900
8241,7.0084
8242,5.6866
8243,6.2628
8244,5.1799
8245,6.3316
8246,6.7359
8247,5.6895
8248,6.4592
8249,7.4174
8250,6.8493
8251,6.9133
8252,6.6547
8253,7.0961
8254,7.1549
8255,8.3376
8256,6.8307
8257,6.8274
8258,6.3722
8259,7.2981
8260,6.6751
8261,6.2816
8262,7.3987
8263,7.8739
8264,7.0215
8265,7.0720
8266,7.0328
8267,7.4082
8268,6.9398
8269,7.9124
8270,8.2800
8271,7.1721
8272,11.2546
8273,10.5150
8274,6.1005
8275,9.8510
8276,6.7633
8277,7.0244
8278,5.8135
8279,5.9200
8280,4.5106
8281,6.4911
8282,4.9611
8283,4.9399
8284,8.7709
8285,6.5526
8286,7.4761
8287,5.9109
8288,6.9593
8289,5.8168
8290,5.3105
8291,8.6056
8292,6.3898
8293,5.8782
8294,6.8945
8295,4.7544
8296,6.7633
8297,6.0934
8298,5.9743
8299,5.4725
8300,4.3683
8301,5.6361
8302,5.3674
8303,4.9663
8304,7.0073
8305,8.0076
8306,6.9212
8307,7.5345
8308,7.6298
8309,7.8667
8310,6.9467
8311,8.7846
8312,8.6018
8313,9.1923
8314,7.7310
8315,9.6748
8316,8.7455
8317,9.0409
8318,8.8796
8319,9.4158
8320,8.4424
8321,9.0739
8322,8.9155
8323,7.2708
8324,6.8955
8325,9.4525
8326,9.5576
8327,16.1301
8328,11.4504
8329,11.3422
8330,5.8535
8331,9.6295
8332,13.7053
8333,10.1259
8334,9.8700
8335,9.9448
8336,13.0866
8337,9.2433
8338,8.5489
8339,6.8424
8340,7.5024
8341,11.5359
8342,7.6423
8343,7.5689
8344,7.7351
8345,6.8581
8346,7.3151
8347,8.1413
8348,7.9889
8349,8.1476
8350,8.0206
8351,7.3012
8352,7.8301
8353,7.8963
8354,7.7430
8355,9.3579
8356,9.2505
8357,9.5562
8358,9.0337
8359,9.2376
8360,7.7493
8361,8.3921
8362,8.1779
8363,8.3534
8364,11.0174
8365,8.7469
8366,9.9390
8367,9.3566
8368,6.6587
8369,7.3677
8370,8.2539
8371,7.8816
8372,7.9421
8373,9.8842
8374,8.5847
8375,9.2262
8376,8.2346
8377,9.2821
8378,9.8476
8379,8.1739
8380,10.3444
8381,9.8495
8382,8.8740
8383,9.5562
8384,8.6188
8385,7.2141
8386,7.9285
8387,7.8688
8388,8.9652
8389,8.0744
8390,10.1714
8391,9.2109
8392,8.7458
8393,7.8888
8394,10.0626
8395,8.6557
8396,9.6308
8397,8.3760
8398,7.0652
8399,9.7172
8400,9.3600
8401,9.4030
8402,9.2506
8403,8.6393
8404,9.7859
8405,7.6760
8406,9.0057
8407,12.0039
8408,8.9262
8409,7.9933
8410,7.2529
8411,8.7234
8412,10.9405
8413,11.6014
8414,8.9187
8415,7.2032
8416,7.1263
8417,6.5133
8418,7.3136
8419,10.5174
8420,8.6853
8421,10.1004
8422,10.0887
8423,10.4985
8424,11.1773
8425,9.5990
8426,9.2016
8427,9.2316
8428,10.9132
8429,8.8444
8430,12.3444
8431,9.5214
8432,10.2725
8433,7.3725
8434,5.7064
8435,4.1414
8436,6.5918
8437,4.3563
8438,5.8084
8439,7.1660
8440,7.1306
8441,8.1165
8442,9.0393
8443,8.5018
8444,8.7143
8445,6.8120
8446,7.5159
8447,9.4952
8448,9.0097
8449,8.8092
8450,11.6386
8451,9.7184
8452,9.4675
8453,9.4400
8454,9.4789
8455,8.3560
8456,7.1517
8457,8.4692
8458,8.6285
8459,8.5761
8460,10.9163
8461,9.6479
8462,8.2450
8463,7.9780
8464,8.2940
8465,8.7817
8466,9.4142
8467,10.1453
8468,9.5357
8469,8.3892
8470,8.4866
8471,8.7615
8472,9.3337
8473,9.7750
8474,7.6634
8475,8.2737
8476,8.9168
8477,8.3606
8478,10.0611
8479,8.9209
8480,9.3343
8481,11.8659
8482,8.7966
8483,9.7102
8484,7.1101
8485,10.9818
8486,9.1789
8487,7.2018
8488,9.1688
8489,9.6091
8490,9.7464
8491,8.2728
8492,7.7903
8493,7.9198
8494,7.7068
8495,11.9031
8496,8.4435
8497,8.1883
8498,8.4363
8499,8.9399
8500,8.2130
8501,8.4969
8502,7.6122
8503,7.7280
8504,8.6525
8505,7.9287
8506,10.6201
8507,7.7781
8508,9.2221
8509,9.4701
8510,7.5677
8511,10.4045
8512,8.0049
8513,5.1592
8514,3.7276
8515,9.3862
8516,10.2554
8517,8.6360
8518,8.5757
8519,10.3866
8520,9.6762
8521,8.3892
8522,7.7997
8523,9.7430
8524,11.0705
8525,8.2788
8526,7.9049
8527,10.5849
8528,10.2948
8529,7.5055
8530,8.9422
8531,9.5646
8532,9.0668
8533,8.2938
8534,7.8382
8535,8.2413
8536,8.2178
8537,7.8884
8538,7.3301
8539,7.7120
8540,9.5992
8541,6.8785
8542,9.3827
8543,7.8223
8544,10.0775
8545,9.7495
8546,7.8003
8547,8.3244
8548,9.6023
8549,8.7342
8550,8.1890
8551,10.1650
8552,11.4406
8553,10.3257
8554,6.8524
8555,9.5562
8556,9.2057
8557,9.9854
8558,10.6017
8559,8.8572
8560,10.8285
8561,8.8439
8562,9.9594
8563,7.4418
8564,5.3767
8565,4.3683
8566,6.2556
8567,10.5413
8568,4.0921
8569,4.0764
8570,3.7433
8571,3.9100
8572,3.5767
8573,3.6995
8574,3.6853
8575,3.6591
8576,3.9587
8577,3.5113
8578,3.6079
8579,3.8275
8580,5.4073
8581,4.7108
8582,6.6456
8583,4.8329
8584,4.7128
8585,4.4677
8586,7.9420
8587,3.8108
8588,3.9525
8589,5.0702
8590,5.0639
8591,4.9205
8592,4.6060
8593,3.6987
8594,4.9934
8595,3.7361
8596,4.7081
8597,3.8358
8598,3.7585
8599,3.7395
8600,4.4151
8601,3.5483
8602,3.5386
8603,4.1055
8604,4.2075
8605,3.7356
8606,4.3739
8607,3.3718
8608,3.3939
8609,3.5903
8610,3.5328
8611,3.6157
8612,3.5336
8613,3.5127
8614,3.4955
8615,3.3761
8616,3.5155
8617,3.4170
8618,4.5068
8619,3.5779
8620,3.5759
8621,4.9978
8622,4.7356
8623,4.3754
8624,4.6721
8625,3.8587
8626,3.8625
8627,4.5515
8628,3.6967
8629,3.6557
8630,3.6394
8631,3.5968
8632,4.1098
8633,3.5817
8634,4.3112
8635,2.9024
8636,3.6429
8637,4.5545
8638,3.3847
8639,3.5842
8640,3.4997
8641,3.9258
8642,3.9399
8643,3.3703
8644,4.3331
8645,3.3635
8646,4.0266
8647,4.3065
8648,3.4517
8649,3.8612
8650,3.3383
8651,3.6809
8652,3.8204
8653,3.5235
8654,3.7074
8655,3.3497
8656,4.0549
8657,3.9472
8658,3.4913
8659,3.7819
8660,3.5124
8661,3.7522
8662,4.0270
8663,3.4517
8664,3.9483
8665,3.3878
8666,4.2272
8667,3.9167
8668,3.3529
8669,3.6674
8670,3.4364
8671,3.6966
8672,3.3492
8673,3.4444
8674,3.6980
8675,3.3406
8676,3.6423
8677,5.0672
8678,4.0937
8679,4.9845
8680,3.7648
8681,4.5287
8682,4.6105
8683,4.0575
8684,4.2205
8685,3.4617
8686,4.3752
8687,4.2872
8688,4.0410
8689,3.8743
8690,3.4699
8691,3.7614
8692,4.3881
8693,3.6543
8694,4.2201
8695,3.3340
8696,5.2343
8697,4.6104
8698,3.6308
8699,3.5671
8700,3.4183
8701,3.4570
8702,3.5177
8703,3.4034
8704,3.9545
8705,3.4072
8706,3.7791
8707,3.4179
8708,3.4028
8709,3.7634
8710,3.4458
8711,3.7267
8712,4.5249
8713,3.3761
8714,4.2656
8715,3.4412
8716,4.4956
8717,3.9744
8718,3.3513
8719,4.2166
8720,3.5240
8721,4.0724
8722,4.8585
8723,3.6534
8724,3.4808
8725,3.5861
8726,4.5417
8727,3.4989
8728,3.3466
8729,3.6195
8730,3.4495
8731,3.3416
8732,3.5077
8733,3.5177
8734,3.2354
8735,3.8171
8736,3.4999
8737,3.5623
8738,3.4440
8739,3.5528
8740,3.4663
8741,4.9870
8742,4.0976
8743,3.4024
8744,4.0713
8745,3.4661
8746,3.9701
8747,4.8902
8748,4.2464
8749,4.2008
8750,3.5942
8751,3.9768
8752,4.1683
8753,3.0420
8754,3.8037
8755,3.6906
8756,4.2939
8757,3.4526
8758,3.6454
8759,3.4477
8760,3.4813
8761,3.4423
8762,3.2602
8763,3.3797
8764,3.4296
8765,3.6950
8766,3.8112
8767,3.6530
8768,4.7927
8769,3.8063
8770,3.9851
8771,3.8128
8772,5.0084
8773,4.2284
8774,3.8298
8775,4.1320
8776,4.1703
8777,3.5403
8778,3.7361
8779,4.6239
8780,3.5728
8781,3.9137
8782,4.1475
8783,3.9198
8784,4.3233
8785,3.5193
8786,3.7757
8787,3.6634
8788,3.7287
8789,3.5468
8790,3.3121
8791,3.4796
8792,3.5127
8793,3.3807
8794,3.5236
8795,3.4280
8796,3.5267
8797,3.4355
8798,3.3513
8799,3.4103
8800,3.3612
8801,3.6080
8802,3.7180
8803,3.2908
8804,3.4601
8805,3.4698
8806,4.2373
8807,4.5670
8808,3.9995
8809,3.2573
8810,3.3162
8811,3.3261
8812,3.7999
8813,3.4817
8814,3.8497
8815,3.5264
8816,3.2311
8817,3.4652
8818,3.4695
8819,3.6980
8820,3.3806
8821,3.8243
8822,3.5757
8823,3.3057
8824,3.9161
8825,3.3458
8826,3.7219
8827,3.4401
8828,3.4225
8829,3.9068
8830,3.4890
8831,4.9516
8832,5.3345
8833,3.4820
8834,3.8337
8835,3.4796
8836,4.2592
8837,3.7794
8838,3.5593
8839,3.6573
8840,3.4002
8841,3.7486
8842,4.2774
8843,2.9658
8844,3.7907
8845,3.6771
8846,3.8840
8847,3.3337
8848,3.3862
8849,3.6317
8850,3.3096
8851,3.7683
8852,3.6174
8853,3.7927
8854,3.6853
8855,3.3751
8856,4.2813
8857,3.8701
8858,3.6403
8859,4.3141
8860,3.3349
8861,3.4047
8862,3.5503
8863,3.5805
8864,4.8516
8865,3.4003
8866,3.4792
8867,3.3667
8868,3.5124
8869,3.3133
8870,3.3273
8871,3.2731
8872,3.4107
8873,3.3572
8874,3.4960
8875,3.3322
8876,3.2659
8877,3.5017
8878,3.2512
8879,3.3507
8880,3.4268
8881,3.3837
8882,3.3699
8883,3.2723
8884,3.3080
8885,3.3890
8886,3.5731
8887,3.4835
8888,3.5984
8889,3.5376
8890,3.4624
8891,3.5628
8892,4.7601
8893,4.5346
8894,3.9907
8895,4.0363
8896,4.0825
8897,3.9274
8898,3.4173
8899,4.5438
8900,3.5516
8901,3.9196
8902,3.4804
8903,3.9055
8904,3.9434
8905,2.8876
8906,4.1547
8907,4.0074
8908,4.2895
8909,3.7141
8910,3.3246
8911,3.7112
8912,3.4508
8913,3.3036
8914,3.5115
8915,3.3083
8916,3.3326
8917,3.4302
8918,3.4431
8919,3.3288
8920,3.2895
8921,3.3907
8922,3.2993
8923,3.2891
8924,3.5173
8925,3.2557
8926,4.8450
8927,3.4517
8928,3.3303
8929,3.6397
8930,3.3290
8931,3.2813
8932,3.3356
8933,3.2699
8934,3.3711
8935,3.2906
8936,3.6306
8937,3.4608
8938,3.3837
8939,3.2864
8940,3.2980
8941,3.3247
8942,3.3376
8943,3.3514
8944,3.3311
8945,3.3405
8946,3.5629
8947,3.4675
8948,3.6421
8949,3.2818
8950,3.6572
8951,4.1126
8952,4.1143
8953,3.5585
8954,4.2918
8955,3.6768
8956,3.4543
8957,3.7999
8958,4.0666
8959,4.8649
8960,4.3018
8961,3.4118
8962,4.4473
8963,3.3245
8964,3.7437
8965,3.4413
8966,4.1312
8967,3.4159
8968,4.2969
8969,3.7456
8970,3.5255
8971,3.8376
8972,3.7122
8973,3.1901
8974,3.8296
8975,3.2420
8976,3.7404
8977,3.2916
8978,3.2719
8979,3.4174
8980,3.4037
8981,3.7745
8982,4.0334
8983,3.3969
8984,3.7673
8985,4.2753
8986,3.9303
8987,3.5885
8988,3.6691
8989,4.0450
8990,3.5573
8991,4.2367
8992,3.7556
8993,3.8391
8994,3.9117
8995,3.8428
8996,3.9900
8997,3.5159
8998,2.7815
8999,3.6194
9000,4.0575
9001,3.8830
9002,3.5096
9003,3.2472
9004,3.3311
9005,3.2877
9006,3.3797
9007,3.2949
9008,3.6506
9009,3.3276
9010,3.3312
9011,3.3193
9012,3.3035
9013,3.2654
9014,3.3568
9015,3.3940
9016,3.5174
9017,3.7312
9018,4.8087
9019,3.6185
9020,5.2339
9021,3.7735
9022,4.2865
9023,3.6030
9024,3.4288
9025,3.4273
9026,4.2187
9027,4.2871
9028,3.6234
9029,3.5312
9030,3.9797
9031,2.7979
9032,3.8194
9033,3.4217
9034,3.7463
9035,3.2910
9036,3.3341
9037,3.2744
9038,3.7063
9039,3.2852
9040,3.5442
9041,3.5344
9042,3.4399
9043,3.3383
9044,3.2466
9045,3.3489
9046,3.6275
9047,3.9905
9048,3.5021
9049,3.5219
9050,3.4355
9051,4.5611
9052,3.8338
9053,3.4854
9054,3.2578
9055,3.2967
9056,3.3394
9057,3.3053
9058,3.2643
9059,3.4810
9060,3.3448
9061,3.5026
9062,3.3342
9063,3.3137
9064,3.3142
9065,3.2571
9066,3.4424
9067,3.3227
9068,3.3240
9069,3.2882
9070,3.2238
9071,3.2641
9072,3.3642
9073,3.3959
9074,3.5796
9075,3.6435
9076,3.4031
9077,4.2424
9078,4.5859
9079,3.5570
9080,3.6928
9081,3.5976
9082,3.7607
9083,3.9079
9084,3.6831
9085,3.4649
9086,3.7501
9087,4.1564
9088,3.7053
9089,3.5442
9090,3.0088
9091,4.2237
9092,4.5395
9093,3.7571
9094,3.9948
9095,3.2642
9096,3.6348
9097,3.6201
9098,3.2799
9099,3.7434
9100,3.2580
9101,3.6430
9102,3.8527
9103,3.3778
9104,3.9212
9105,3.2901
9106,3.7072
9107,3.3804
9108,3.2069
9109,3.2413
9110,3.2594
9111,3.2861
9112,3.1969
9113,3.2797
9114,3.3004
9115,3.3906
9116,3.2601
9117,3.3893
9118,3.1889
9119,3.5543
9120,3.4147
9121,3.6585
9122,3.7613
9123,3.4008
9124,4.2399
9125,3.3218
9126,3.7681
9127,3.6652
9128,3.6623
9129,3.7847
9130,3.5042
9131,4.5087
9132,3.2229
9133,3.5852
9134,4.5842
9135,3.5037
9136,4.1055
9137,4.2634
9138,4.1512
9139,3.7385
9140,4.0398
9141,3.7744
9142,3.4626
9143,4.1318
9144,3.6511
9145,3.4992
9146,3.5004
9147,3.4613
9148,3.8337
9149,3.6185
9150,3.4526
9151,3.5302
9152,3.5154
9153,3.5346
9154,3.2909
9155,3.2480
9156,3.2802
9157,3.2176
9158,3.3506
9159,3.3681
9160,3.3881
9161,3.3363
9162,3.2607
9163,3.3192
9164,3.2570
9165,3.2412
9166,3.4143
9167,3.2400
9168,3.2750
9169,3.3230
9170,3.2178
9171,3.2445
9172,3.2978
9173,3.2873
9174,3.2528
9175,3.1728
9176,3.3316
9177,3.4183
9178,3.2716
9179,3.3302
9180,3.2743
9181,3.3693
9182,3.3415
9183,3.2723
9184,3.2672
9185,3.7871
9186,3.2757
9187,3.2777
9188,3.2384
9189,3.3172
9190,3.2065
9191,3.2807
9192,3.4180
9193,4.6185
9194,3.4200
9195,3.4094
9196,4.0093
9197,3.6618
9198,3.6477
9199,3.4255
9200,3.4147
9201,3.8434
9202,3.5036
9203,4.2525
9204,4.3575
9205,3.3203
9206,4.1299
9207,3.7317
9208,3.4300
9209,3.7643
9210,3.5205
9211,4.2906
9212,3.8053
9213,3.2800
9214,3.6219
9215,3.2207
9216,3.5978
9217,3.2497
9218,3.2787
9219,3.6349
9220,3.2978
9221,3.5978
9222,3.8227
9223,3.4337
9224,3.8523
9225,3.2801
9226,3.5268
9227,3.3384
9228,3.5411
9229,3.2545
9230,3.2205
9231,3.3864
9232,3.5834
9233,3.2159
9234,3.3915
9235,3.2527
9236,3.5497
9237,3.6973
9238,3.3088
9239,3.6238
9240,3.5456
9241,3.7848
9242,3.4366
9243,3.3150
9244,3.8393
9245,3.2332
9246,3.6978
9247,3.4918
9248,3.2688
9249,3.9321
9250,3.2400
9251,3.4231
9252,3.3788
9253,3.3397
9254,3.4098
9255,3.4795
9256,4.5132
9257,3.9305
9258,3.7780
9259,3.4072
9260,4.3372
9261,4.1503
9262,3.9246
9263,3.5798
9264,4.2829
9265,3.4595
9266,4.1144
9267,3.8146
9268,3.4192
9269,2.7216
9270,3.5022
9271,3.5906
9272,3.4962
9273,3.4014
9274,3.3280
9275,3.2414
9276,3.2568
9277,3.4391
9278,3.2562
9279,3.1740
9280,3.2842
9281,3.3567
9282,3.2886
9283,3.2176
9284,3.2671
9285,3.2397
9286,3.3101
9287,3.2276
9288,3.2783
9289,3.2412
9290,3.2231
9291,3.3284
9292,3.2764
9293,3.2919
9294,3.2039
9295,3.5150
9296,3.5050
9297,3.4524
9298,3.2456
9299,3.6176
9300,3.2666
9301,3.6707
9302,3.7640
9303,3.2589
9304,4.1808
9305,3.2152
9306,3.5408
9307,3.8589
9308,3.2540
9309,3.5938
9310,3.2635
9311,3.3670
9312,4.1749
9313,3.9726
9314,3.6591
9315,3.3243
9316,3.5269
9317,3.6764
9318,4.5646
9319,4.2835
9320,4.2835
9321,4.3822
9322,3.8685
9323,3.4956
9324,3.7253
9325,4.2011
9326,4.6569
9327,3.3571
9328,3.9973
9329,3.8381
9330,2.8388
9331,3.3247
9332,4.1823
9333,3.2029
9334,3.1360
9335,3.2011
9336,3.3004
9337,3.4977
9338,3.2638
9339,3.9055
9340,3.2027
9341,3.2781
9342,3.2741
9343,3.3605
9344,3.2969
9345,3.2686
9346,3.4114
9347,3.3267
9348,3.3277
9349,3.2435
9350,3.8383
9351,3.3400
9352,3.2410
9353,3.2443
9354,3.2271
9355,3.1980
9356,3.2406
9357,3.2564
9358,3.3765
9359,3.4312
9360,3.3495
9361,3.4035
9362,3.3525
9363,3.2387
9364,3.2753
9365,3.3212
9366,3.4438
9367,3.2849
9368,3.6163
9369,3.2961
9370,3.3302
9371,3.2599
9372,3.3916
9373,3.3006
9374,4.3498
9375,3.3141
9376,3.2530
9377,4.3656
9378,3.4275
9379,3.8843
9380,3.4677
9381,3.6861
9382,3.6878
9383,3.4650
9384,4.7184
9385,4.2560
9386,4.3077
9387,4.1479
9388,3.4077
9389,3.6007
9390,3.4432
9391,3.6848
9392,3.4114
9393,3.4926
9394,3.6787
9395,3.4868
9396,3.7713
9397,3.2261
9398,3.2315
9399,3.4146
9400,3.4847
9401,3.5677
9402,3.4441
9403,3.5436
9404,3.6592
9405,3.5797
9406,3.5029
9407,3.4221
9408,3.2486
9409,3.4436
9410,3.2715
9411,3.4378
9412,3.3599
9413,3.2339
9414,3.2825
9415,3.4356
9416,3.3154
9417,3.3669
9418,3.2277
9419,3.4860
9420,3.2808
9421,3.6892
9422,3.7347
9423,3.5701
9424,3.6529
9425,3.2424
9426,3.7535
9427,4.1003
9428,3.3232
9429,3.6766
9430,3.2576
9431,3.6837
9432,3.7908
9433,3.4363
9434,4.0490
9435,4.0864
9436,4.3239
9437,3.9448
9438,4.4689
9439,3.9818
9440,4.1512
9441,3.8099
9442,3.8833
9443,4.1147
9444,4.4412
9445,4.1616
9446,4.4120
9447,3.7587
9448,4.1217
9449,4.3642
9450,3.5095
9451,3.3968
9452,3.3460
9453,3.5013
9454,4.3055
9455,3.3494
9456,3.4790
9457,3.3269
9458,3.2934
9459,3.7091
9460,3.6120
9461,3.6158
9462,3.7172
9463,3.3051
9464,3.3996
9465,3.2943
9466,3.4300
9467,3.2587
9468,3.2950
9469,3.2695
9470,3.2700
9471,3.6033
9472,3.2939
9473,3.2663
9474,3.3578
9475,3.2049
9476,3.3889
9477,3.3436
9478,3.5658
9479,3.2582
9480,3.2891
9481,3.7077
9482,3.2289
9483,3.2963
9484,3.6065
9485,4.0804
9486,3.8835
9487,4.2349
9488,3.4532
9489,4.3770
9490,3.3134
9491,3.5300
9492,3.3485
9493,3.4532
9494,3.9747
9495,3.4386
9496,4.0777
9497,3.4930
9498,4.6896
9499,4.7322
9500,4.1801
9501,3.7353
9502,3.6145
9503,4.1284
9504,4.1725
9505,3.5978
9506,4.2960
9507,4.1614
9508,3.7308
9509,3.4206
9510,3.6368
9511,3.0750
9512,3.4885
9513,4.2424
9514,3.3270
9515,3.8342
9516,3.2559
9517,3.2935
9518,3.4058
9519,3.3526
9520,3.3554
9521,3.2801
9522,3.2894
9523,3.3165
9524,3.4206
9525,3.3389
9526,4.3136
9527,4.5680
9528,3.5535
9529,4.8911
9530,3.6211
9531,4.0527
9532,5.3737
9533,4.5198
9534,3.7934
9535,3.5358
9536,3.6139
9537,3.4131
9538,3.4468
9539,3.8390
9540,3.5465
9541,3.4917
9542,2.8069
9543,3.4248
9544,3.8963
9545,3.5512
9546,3.5572
9547,3.2690
9548,3.4054
9549,3.4113
9550,3.2692
9551,3.3885
9552,3.3541
9553,3.3373
9554,3.5381
9555,3.2723
9556,3.2734
9557,3.2573
9558,3.3065
9559,3.2526
9560,3.2833
9561,3.2623
9562,3.3564
9563,3.4653
9564,3.2650
9565,3.2116
9566,3.5470
9567,3.4218
9568,3.2817
9569,3.2434
9570,3.5361
9571,3.3899
9572,3.2915
9573,3.3153
9574,3.2602
9575,3.2431
9576,3.3249
9577,3.3533
9578,3.2497
9579,3.2330
9580,3.4333
9581,3.3349
9582,3.3101
9583,3.3486
9584,3.2624
9585,4.1509
9586,4.0781
9587,3.6265
9588,4.4122
9589,3.9201
9590,5.0685
9591,4.4569
9592,4.2173
9593,3.9378
9594,4.5520
9595,3.4664
9596,4.3315
9597,4.0786
9598,3.6292
9599,3.8482
9600,3.5951
9601,3.6259
9602,3.5742
9603,4.0803
9604,3.9685
9605,3.3040
9606,3.5479
9607,3.2413
9608,3.4470
9609,3.3445
9610,3.2321
9611,3.2447
9612,3.3705
9613,3.2997
9614,3.2797
9615,3.2123
9616,3.2691
9617,3.2595
9618,3.2796
9619,3.2997
9620,3.5406
9621,3.2472
9622,3.2331
9623,3.4449
9624,3.3318
9625,3.4446
9626,3.5103
9627,4.0824
9628,4.4686
9629,3.8816
9630,3.3920
9631,3.6084
9632,3.9578
9633,3.2831
9634,3.6275
9635,3.2860
9636,4.2321
9637,3.2788
9638,3.2639
9639,3.3906
9640,3.2765
9641,3.3952
9642,3.2268
9643,3.9965
9644,3.4523
9645,3.4477
9646,4.1194
9647,3.3704
9648,4.1044
9649,4.7356
9650,4.3127
9651,4.6041
9652,3.8686
9653,4.0882
9654,3.7683
9655,4.1157
9656,3.7177
9657,4.2038
9658,3.7015
9659,4.0495
9660,3.6598
9661,4.6119
9662,3.2936
9663,4.0615
9664,4.5726
9665,3.3039
9666,3.6100
9667,4.8035
9668,4.5117
9669,3.6963
9670,3.5114
9671,3.8869
9672,3.3577
9673,3.6033
9674,3.6617
9675,3.6702
9676,3.6915
9677,3.5590
9678,4.4809
9679,3.8292
9680,3.4134
9681,4.4373
9682,3.9695
9683,3.7897
9684,3.7452
9685,3.9051
9686,4.7949
9687,3.5897
9688,4.8023
9689,3.4848
9690,3.5059
9691,3.4871
9692,3.5933
9693,3.4490
9694,2.9994
9695,3.5550
9696,3.6108
9697,3.6305
9698,3.3209
9699,3.2753
9700,3.2997
9701,3.3717
9702,3.3485
9703,3.3080
9704,3.2987
9705,3.5217
9706,3.4455
9707,3.4668
9708,3.3799
9709,3.6385
9710,3.4822
9711,3.5823
9712,4.5679
9713,4.7188
9714,4.3162
9715,4.4464
9716,3.6763
9717,4.2943
9718,4.7942
9719,4.0702
9720,4.1763
9721,4.5763
9722,4.4448
9723,3.7798
9724,3.9723
9725,3.7820
9726,3.1889
9727,3.5351
9728,5.2282
9729,4.3238
9730,3.6499
9731,3.7513
9732,3.6341
9733,3.5917
9734,3.3317
9735,3.3680
9736,3.4118
9737,3.4298
9738,3.4225
9739,3.5293
9740,3.4373
9741,3.4603
9742,3.5183
9743,3.4317
9744,3.9072
9745,3.4299
9746,3.7291
9747,3.8965
9748,3.6301
9749,4.5708
9750,3.4701
9751,3.7998
9752,3.5297
9753,3.4455
9754,3.5831
9755,3.4375
9756,3.6960
9757,3.4882
9758,3.7032
9759,3.7118
9760,3.7832
9761,3.7315
9762,3.3528
9763,3.7120
9764,3.7157
9765,3.4745
9766,4.4341
9767,3.7178
9768,3.5283
9769,3.5028
9770,3.5687
9771,3.8238
9772,3.9786
9773,3.4785
9774,4.2441
9775,3.9222
9776,3.6623
9777,3.5153
9778,4.2564
9779,4.1587
9780,4.2126
9781,4.3155
9782,3.8833
9783,4.3199
9784,4.7878
9785,4.9956
9786,4.0860
9787,4.3334
9788,3.4083
9789,4.1923
9790,3.7129
9791,3.6556
9792,3.5063
9793,3.3085
9794,3.7560
9795,3.3554
9796,4.4909
9797,3.7897
9798,3.4038
9799,3.8265
9800,3.4390
9801,3.9722
9802,3.4244
9803,3.4042
9804,4.0836
9805,3.5620
9806,3.5759
9807,3.4117
9808,3.3708
9809,3.6422
9810,3.6402
9811,4.1914
9812,3.5599
9813,3.3740
9814,3.6468
9815,3.3522
9816,3.6910
9817,3.3916
9818,3.3535
9819,3.6445
9820,3.4125
9821,3.8884
9822,3.6256
9823,3.3640
9824,4.1491
9825,3.3228
9826,4.2652
9827,3.3985
9828,3.3692
9829,3.8245
9830,3.9617
9831,3.7328
9832,3.5239
9833,4.0693
9834,5.1228
9835,3.6114
9836,4.0185
9837,4.2930
9838,4.6673
9839,4.1817
9840,4.6314
9841,4.2827
9842,4.4820
9843,3.4779
9844,3.6389
9845,4.8311
9846,4.5391
9847,3.5011
9848,3.7090
9849,4.3135
9850,5.1531
9851,4.1381
9852,3.6376
9853,3.4582
9854,3.8083
9855,3.3930
9856,4.0908
9857,3.7885
9858,3.3675
9859,3.6442
9860,3.5078
9861,3.6502
9862,4.1289
9863,3.3330
9864,3.7480
9865,3.3872
9866,3.8619
9867,3.8592
9868,3.3348
9869,3.8022
9870,3.7041
9871,3.7383
9872,3.3622
9873,3.3838
9874,3.6356
9875,3.3450
9876,3.5781
9877,3.8526
9878,3.5088
9879,3.4924
9880,3.3936
9881,3.5257
9882,3.3416
9883,3.4059
9884,3.3613
9885,3.3466
9886,3.6172
9887,3.3225
9888,3.6616
9889,3.5377
9890,3.4311
9891,3.5434
9892,3.5866
9893,3.8821
9894,4.0440
9895,3.7429
9896,3.6484
9897,3.9365
9898,4.6423
9899,3.9094
9900,3.5573
9901,3.6327
9902,3.8499
9903,4.1381
9904,4.2811
9905,4.0532
9906,4.0490
9907,3.6314
9908,3.6190
9909,4.7920
9910,3.1365
9911,4.2956
9912,3.8550
9913,3.3129
9914,3.6892
9915,3.5273
9916,3.7775
9917,4.0723
9918,3.3616
9919,3.9870
9920,3.4295
9921,3.7010
9922,3.6963
9923,3.3633
9924,3.8583
9925,3.6420
9926,4.5494
9927,4.4282
9928,3.5557
9929,5.3850
9930,4.2039
9931,4.3993
9932,3.9929
9933,4.7500
9934,3.9131
9935,3.5257
9936,3.6614
9937,3.5466
9938,3.4515
9939,4.2160
9940,3.4403
9941,3.0896
9942,3.3518
9943,3.6137
9944,4.0202
9945,3.3130
9946,3.4737
9947,3.6144
9948,3.3427
9949,3.6267
9950,3.6868
9951,3.3241
9952,3.3430
9953,3.3629
9954,3.3558
9955,3.4118
9956,3.3854
9957,3.3814
9958,3.3416
9959,3.3282
9960,3.2861
9961,3.3527
9962,3.2943
9963,3.3027
9964,3.3291
9965,3.4968
9966,3.4781
9967,3.2993
9968,3.6410
9969,3.8588
9970,3.3472
9971,3.6405
9972,3.5083
9973,3.6342
9974,3.6194
9975,3.3442
9976,3.5245
9977,3.3008
9978,3.9242
9979,3.4855
9980,3.3557
9981,3.7630
9982,3.4359
9983,3.6910
9984,3.6808
9985,4.6220
9986,4.3238
9987,3.8765
9988,4.6212
9989,4.2612
9990,3.8102
9991,4.7672
9992,3.6930
9993,4.3615
9994,3.8215
9995,3.4221
9996,3.5358
9997,4.2367
9998,4.2289
9999,3.4278
10000,3.4791
10001,4.1947
10002,3.4889
10003,3.3635
10004,3.4129
10005,3.8026
10006,3.9584
10007,3.3384
10008,3.4339
10009,3.3466
10010,3.5194
10011,3.4865
10012,3.4655
10013,3.4874
10014,3.3437
10015,3.2730
10016,3.2985
10017,3.3484
10018,3.2542
10019,3.2973
10020,3.2915
10021,3.2952
10022,3.3508
10023,3.3313
10024,3.3200
10025,3.4010
10026,3.4870
10027,3.2783
10028,3.3228
10029,3.4090
10030,3.3240
10031,3.3659
10032,3.3855
10033,3.5384
10034,3.3477
10035,3.3564
10036,3.3370
10037,3.3044
10038,3.4059
10039,3.3575
10040,3.3387
10041,3.4243
10042,3.7944
10043,3.3137
10044,3.4122
10045,3.2863
10046,4.0944
10047,3.5386
10048,4.1663
10049,3.3542
10050,3.7387
10051,4.5164
10052,5.0767
10053,3.4555
10054,3.5958
10055,3.6604
10056,3.7458
10057,4.5544
10058,3.5168
10059,4.2859
10060,4.5428
10061,3.8940
10062,3.8704
10063,3.9225
10064,3.4446
10065,3.3913
10066,4.4489
10067,4.6722
10068,3.7716
10069,4.0555
10070,3.4780
10071,3.6595
10072,3.3461
10073,3.4470
10074,3.6657
10075,3.4139
10076,3.6529
10077,3.3233
10078,3.3844
10079,3.7155
10080,3.6164
10081,3.7597
10082,3.4784
10083,3.7992
10084,4.2110
10085,3.3769
10086,3.8103
10087,3.7012
10088,3.4714
10089,3.6568
10090,3.3146
10091,3.7439
10092,3.5956
10093,3.3256
10094,3.6164
10095,3.3843
10096,3.6026
10097,3.6053
10098,3.3626
10099,4.2196
10100,3.4983
10101,3.7217
10102,3.3900
10103,3.3970
10104,3.9587
10105,3.3707
10106,3.7429
10107,3.6326
10108,4.3143
10109,3.5919
10110,3.4615
10111,3.4904
10112,5.6091
10113,4.1629
10114,3.4411
10115,3.8757
10116,3.4322
10117,3.5140
10118,3.4592
10119,3.4784
10120,3.4005
10121,3.4695
10122,3.4830
10123,3.4611
10124,3.5597
10125,2.4973
10126,3.8284
10127,3.5326
10128,3.3955
10129,3.4607
10130,3.3858
10131,3.3978
10132,3.3378
10133,3.4529
10134,3.4002
10135,3.8169
10136,3.4371
10137,3.3714
10138,3.5178
10139,3.6188
10140,3.4831
10141,3.6136
10142,3.9073
10143,3.9424
10144,4.1493
10145,4.9078
10146,4.9961
10147,3.7458
10148,3.5631
10149,3.7406
10150,3.4905
10151,3.5873
10152,3.9484
10153,3.5208
10154,3.7355
10155,2.8659
10156,4.2192
10157,3.8333
10158,3.4677
10159,4.4221
10160,3.5331
10161,3.7465
10162,3.7185
10163,3.3783
10164,3.8998
10165,3.3283
10166,3.7742
10167,3.8762
10168,3.3645
10169,3.6620
10170,3.5817
10171,3.6881
10172,3.7311
10173,3.3175
10174,4.0586
10175,4.2343
10176,3.5814
10177,3.8612
10178,3.2892
10179,3.5610
10180,3.3603
10181,3.6986
10182,3.5007
10183,3.2885
10184,3.3024
10185,3.3892
10186,3.3497
10187,3.3224
10188,3.3260
10189,3.3242
10190,3.3122
10191,3.4755
10192,3.3697
10193,3.4272
10194,3.3590
10195,3.3015
10196,3.7749
10197,3.7676
10198,3.4474
10199,3.7511
10200,3.5386
10201,4.2960
10202,4.9864
10203,3.6620
10204,4.6057
10205,4.0777
10206,4.9214
10207,4.5064
10208,4.1742
10209,4.0293
10210,3.5885
10211,4.2911
10212,3.8227
10213,3.5213
10214,3.8811
10215,3.4597
10216,3.8547
10217,3.4973
10218,3.4206
10219,4.6813
10220,3.7162
10221,3.8079
10222,3.3045
10223,3.6694
10224,3.8677
10225,3.3520
10226,3.7002
10227,3.3930
10228,3.6736
10229,3.6968
10230,3.3328
10231,3.8731
10232,3.9134
10233,4.3287
10234,3.7315
10235,3.4951
10236,4.1656
10237,3.5265
10238,4.2492
10239,3.5650
10240,3.7084
10241,4.2011
10242,3.4632
10243,3.5591
10244,3.8886
10245,3.5119
10246,3.6125
10247,3.6265
10248,3.5494
10249,2.6972
10250,3.5106
10251,3.6703
10252,3.6610
10253,3.3161
10254,3.4313
10255,3.2956
10256,3.3111
10257,3.3126
10258,3.7256
10259,3.3111
10260,3.2571
10261,3.6089
10262,3.4659
10263,3.3587
10264,3.7692
10265,3.5809
10266,3.8804
10267,3.7135
10268,3.7183
10269,3.8079
10270,3.6027
10271,3.7676
10272,5.4384
10273,3.5752
10274,3.7460
10275,3.3166
10276,3.9980
10277,3.7017
10278,3.5050
10279,3.8905
10280,3.4077
10281,3.4747
10282,3.4462
10283,3.3502
10284,3.8675
10285,3.3066
10286,3.5709
10287,3.7997
10288,3.3218
10289,3.4521
10290,3.4670
10291,3.4707
10292,3.7413
10293,4.2515
10294,4.9790
10295,3.5331
10296,4.1721
10297,4.1532
10298,3.4983
10299,4.0064
10300,3.9408
10301,4.1581
10302,4.4124
10303,3.7592
10304,4.5258
10305,4.2065
10306,3.7685
10307,3.4625
10308,3.4939
10309,3.8484
10310,4.4898
10311,3.6754
10312,3.9473
10313,3.3455
10314,3.7575
10315,3.3443
10316,4.0937
10317,4.0319
10318,3.3679
10319,3.7420
10320,3.4086
10321,3.7183
10322,3.2942
10323,3.3162
10324,3.8084
10325,3.2963
10326,3.5747
10327,3.8149
10328,3.6148
10329,3.6255
10330,3.3242
10331,3.3087
10332,3.4985
10333,3.4583
10334,4.0886
10335,3.3560
10336,3.3311
10337,3.4754
10338,3.2891
10339,3.4294
10340,3.3432
10341,3.3822
10342,3.3023
10343,3.3720
10344,3.3010
10345,3.2760
10346,3.4657
10347,3.3596
10348,3.3301
10349,3.3533
10350,3.3594
10351,3.4646
10352,3.9745
10353,4.3154
10354,3.4825
10355,4.8705
10356,3.4988
10357,3.4960
10358,3.5150
10359,3.6671
10360,4.1996
10361,3.5097
10362,3.5694
10363,3.4601
10364,3.4516
10365,3.5399
10366,4.1453
10367,3.5441
10368,4.2272
10369,4.0070
10370,3.5851
10371,4.9765
10372,3.3969
10373,3.3329
10374,3.7300
10375,3.2866
10376,3.7400
10377,3.6526
10378,3.3179
10379,3.6643
10380,3.5532
10381,4.0399
10382,4.0918
10383,3.7288
10384,4.5133
10385,3.6839
10386,4.4824
10387,3.7064
10388,3.7267
10389,4.1833
10390,4.1911
10391,4.4445
10392,4.0557
10393,3.4422
10394,3.7744
10395,3.5657
10396,3.7092
10397,3.4022
10398,3.7492
10399,4.3521
10400,3.5034
10401,4.8796
10402,3.3788
10403,3.3347
10404,3.6680
10405,3.2998
10406,3.7111
10407,3.3551
10408,3.6069
10409,3.5038
10410,3.3250
10411,3.3611
10412,3.4834
10413,3.4269
10414,3.2951
10415,3.3218
10416,3.3430
10417,3.2929
10418,3.2994
10419,3.2847
10420,3.2831
10421,3.3533
10422,3.4124
10423,3.2955
10424,3.2434
10425,3.3510
10426,3.6693
10427,3.3108
10428,3.4249
10429,3.5015
10430,3.2706
10431,3.2691
10432,3.4386
10433,3.4483
10434,3.2597
10435,3.3189
10436,3.2535
10437,3.2958
10438,3.2873
10439,3.4313
10440,3.3368
10441,3.8189
10442,4.0677
10443,3.4539
10444,4.5361
10445,3.8589
10446,4.9321
10447,4.4066
10448,3.8244
10449,3.8795
10450,3.5023
10451,3.8763
10452,4.2006
10453,3.9470
10454,3.8592
10455,4.2010
10456,4.4555
10457,3.5104
10458,3.3300
10459,3.6991
10460,4.2323
10461,4.4977
10462,3.6458
10463,3.3073
10464,3.5584
10465,3.3530
10466,3.9608
10467,3.3875
10468,4.2588
10469,3.8026
10470,3.4596
10471,3.7435
10472,3.4100
10473,4.1418
10474,3.5757
10475,3.3461
10476,3.8096
10477,3.3838
10478,3.7564
10479,3.6740
10480,3.4903
10481,4.0999
10482,3.3926
10483,3.7624
10484,3.7842
10485,3.6639
10486,3.6413
10487,3.4233
10488,3.6577
10489,3.4703
10490,3.3018
10491,3.4763
10492,3.6990
10493,3.4900
10494,3.7443
10495,3.6696
10496,4.0510
10497,4.0614
10498,3.3021
10499,4.1848
10500,3.9423
10501,4.1062
10502,3.5794
10503,3.7497
10504,3.9295
10505,4.2641
10506,3.8809
10507,4.1028
10508,3.8936
10509,3.4626
10510,3.4515
10511,4.0879
10512,3.6327
10513,4.0741
10514,3.4505
10515,3.4689
10516,4.0480
10517,3.6426
10518,3.1515
10519,3.3300
10520,3.4935
10521,3.6973
10522,3.2772
10523,3.2811
10524,3.2970
10525,3.4359
10526,3.6066
10527,3.3772
10528,3.3312
10529,4.0461
10530,3.4723
10531,3.6708
10532,3.4339
10533,3.3875
10534,3.5911
10535,3.4201
10536,3.6832
10537,3.3819
10538,3.4620
10539,3.6609
10540,3.3954
10541,4.3421
10542,3.8442
10543,3.5390
10544,3.7303
10545,3.4128
10546,3.8911
10547,3.4729
10548,3.3750
10549,3.9153
10550,3.3672
10551,3.7573
10552,4.4047
10553,3.5775
10554,4.3824
10555,3.3522
10556,3.7082
10557,3.7329
10558,3.2894
10559,3.9040
10560,3.4338
10561,3.9142
10562,4.4917
10563,3.4384
10564,4.0364
10565,4.0931
10566,5.2158
10567,3.7503
10568,4.3191
10569,4.0226
10570,4.1411
10571,3.9400
10572,3.7335
10573,3.6583
10574,3.7028
10575,3.4767
10576,3.6530
10577,3.4168
10578,3.8202
10579,3.7717
10580,3.5285
10581,3.5027
10582,3.9063
10583,3.4189
10584,3.3515
10585,3.3864
10586,3.5627
10587,3.2822
10588,3.3588
10589,3.4983
10590,3.4207
10591,3.2677
10592,3.3245
10593,3.3511
10594,4.1228
10595,3.3529
10596,3.3580
10597,3.3244
10598,6.0619
10599,3.2992
10600,3.3033
10601,3.3005
10602,3.5452
10603,3.3405
10604,3.3364
10605,3.3150
10606,3.8638
10607,3.3206
10608,3.3984
10609,3.5872
10610,3.3387
10611,3.2911
10612,3.2937
10613,3.3666
10614,3.4413
10615,3.3896
10616,3.3842
10617,3.3293
10618,3.4162
10619,3.2865
10620,3.4889
10621,3.6500
10622,3.4941
10623,3.6643
10624,3.7949
10625,3.6383
10626,4.3656
10627,3.8703
10628,4.9497
10629,4.7417
10630,3.6479
10631,3.8419
10632,4.4464
10633,3.5289
10634,3.7304
10635,3.5744
10636,3.5444
10637,4.1166
10638,3.6220
10639,4.1181
10640,3.5101
10641,3.3895
10642,3.3086
10643,3.3726
10644,3.4838
10645,3.3048
10646,3.7242
10647,3.2981
10648,3.3763
10649,3.3465
10650,3.5291
10651,3.3393
10652,3.3175
10653,3.2871
10654,3.3430
10655,3.2971
10656,3.3934
10657,3.3585
10658,3.4915
10659,3.2778
10660,3.3098
10661,3.4268
10662,3.3898
10663,3.3596
10664,3.5010
10665,3.3724
10666,3.4023
10667,3.3888
10668,3.3742
10669,3.3136
10670,3.4325
10671,3.3442
10672,3.3297
10673,3.3489
10674,3.8997
10675,3.6344
10676,4.0355
10677,3.2092
10678,3.3771
10679,3.2820
10680,3.5919
10681,3.6421
10682,3.9501
10683,3.5261
10684,3.7011
10685,4.2586
10686,3.7551
10687,3.4732
10688,3.8187
10689,4.1407
10690,3.8555
10691,4.3369
10692,3.5431
10693,3.8798
10694,3.7981
10695,3.6210
10696,3.7426
10697,2.9831
10698,3.5275
10699,3.4246
10700,3.8332
10701,3.3701
10702,3.3687
10703,3.3707
10704,3.3151
10705,3.3566
10706,4.9656
10707,3.3175
10708,3.3677
10709,3.2948
10710,3.4522
10711,3.3630
10712,3.3651
10713,3.4266
10714,3.3870
10715,3.4663
10716,3.3301
10717,3.2914
10718,3.6202
10719,3.9081
10720,3.6880
10721,3.3258
10722,3.3579
10723,3.3449
10724,3.4240
10725,3.3489
10726,3.4879
10727,3.3484
10728,3.2645
10729,3.3647
10730,3.3605
10731,3.3358
10732,3.3236
10733,3.3325
10734,3.3811
10735,3.4356
10736,3.3685
10737,3.6447
10738,3.4068
10739,3.3568
10740,3.5022
10741,3.6640
10742,3.4578
10743,3.3674
10744,3.5230
10745,3.8980
10746,4.3495
10747,3.4419
10748,3.9761
10749,3.5295
10750,3.3951
10751,3.4257
10752,3.5625
10753,3.4693
10754,3.6889
10755,3.4766
10756,3.4225
10757,2.8589
10758,3.5601
10759,3.6406
10760,3.4453
10761,3.6048
10762,3.6522
10763,3.3254
10764,3.8112
10765,3.3524
10766,3.5878
10767,3.7440
10768,3.3896
10769,3.9060
10770,3.4026
10771,3.8131
10772,3.8091
10773,3.6465
10774,4.4364
10775,3.8604
10776,4.5810
10777,4.3139
10778,3.6343
10779,3.9281
10780,3.6574
10781,3.8464
10782,4.4962
10783,3.7256
10784,4.4346
10785,3.5025
10786,4.3152
10787,3.7030
10788,3.5706
10789,3.0635
10790,4.7556
10791,4.6233
10792,4.2857
10793,3.5841
10794,3.7608
10795,3.4697
10796,3.7364
10797,3.4760
10798,4.1245
10799,4.3225
10800,4.3020
10801,4.1855
10802,3.8454
10803,4.8870
10804,5.8654
10805,3.8934
10806,6.2578
10807,4.5443
10808,4.2672
10809,5.0892
10810,3.8885
10811,4.2586
10812,3.6350
10813,3.6899
10814,3.8132
10815,4.4791
10816,3.7785
10817,3.8135
10818,3.6156
10819,3.7402
10820,3.1359
10821,3.3401
10822,3.5290
10823,3.9528
10824,3.7162
10825,3.6591
10826,3.4952
10827,3.3407
10828,3.4854
10829,3.3237
10830,3.2968
10831,3.5770
10832,3.4246
10833,3.3495
10834,3.3644
10835,3.3714
10836,3.4418
10837,3.2605
10838,3.3337
10839,3.3179
10840,3.4182
10841,3.3564
10842,3.3129
10843,3.2944
10844,3.3858
10845,3.3040
10846,3.3902
10847,3.5152
10848,3.3122
10849,3.2670
10850,3.2957
10851,3.6163
10852,3.2974
10853,3.3704
10854,3.3542
10855,3.4414
10856,3.3529
10857,3.2976
10858,3.3295
10859,3.3031
10860,3.3769
10861,3.6687
10862,3.4473
10863,3.4980
10864,3.4011
10865,3.7277
10866,3.7984
10867,3.6968
10868,4.5860
10869,4.0095
10870,3.7049
10871,4.2373
10872,3.9095
10873,3.5224
10874,3.9847
10875,4.0366
10876,4.1257
10877,3.5495
10878,3.6829
10879,4.1478
10880,3.5107
10881,3.9532
10882,4.0323
10883,2.7429
10884,4.2844
10885,3.6465
10886,3.6801
10887,3.6481
10888,3.2991
10889,3.6937
10890,3.3371
10891,3.8301
10892,3.3435
10893,3.3517
10894,3.3611
10895,3.4282
10896,3.5115
10897,3.5776
10898,3.3681
10899,3.4008
10900,3.8022
10901,3.6042
10902,3.4020
10903,3.7364
10904,3.3779
10905,3.5153
10906,3.4959
10907,3.3690
10908,3.2796
10909,3.2500
10910,3.4479
10911,3.3188
10912,3.3910
10913,3.3146
10914,3.3918
10915,3.4498
10916,3.6982
10917,3.2829
10918,3.3177
10919,3.4462
10920,3.3974
10921,3.3130
10922,3.4715
10923,3.4348
10924,3.4462
10925,3.5707
10926,3.5300
10927,3.4242
10928,3.5783
10929,4.6621
10930,3.7930
10931,3.5694
10932,3.8650
10933,3.5066
10934,4.7300
10935,3.7252
10936,3.6377
10937,3.6003
10938,3.5805
10939,3.4697
10940,3.5392
10941,3.7934
10942,4.3409
10943,3.6338
10944,3.9406
10945,3.5609
10946,3.8186
10947,3.7694
10948,4.4351
10949,4.4606
10950,3.3446
10951,3.6564
10952,3.6597
10953,3.4017
10954,3.8232
10955,3.3146
10956,3.9316
10957,4.0180
10958,3.4210
10959,3.6514
10960,3.3244
10961,4.4769
10962,3.4106
10963,3.3907
10964,3.6554
10965,3.3556
10966,4.0318
10967,3.7075
10968,3.3623
10969,3.8550
10970,3.3026
10971,4.0590
10972,3.3739
10973,3.3828
10974,3.6298
10975,3.3010
10976,3.4897
10977,3.3336
10978,3.2856
10979,3.5310
10980,3.3229
10981,3.4906
10982,3.2834
10983,3.3311
10984,3.3269
10985,3.3062
10986,3.5027
10987,3.5550
10988,3.3586
10989,3.8142
10990,4.8726
10991,4.2438
10992,4.2182
10993,3.4057
10994,3.6540
10995,3.4886
10996,4.1061
10997,3.5665
10998,3.5418
10999,3.5331
11000,3.4102
11001,3.4818
11002,3.6111
11003,2.6221
11004,3.5466
11005,4.1786
11006,3.3330
11007,3.4949
11008,4.2174
11009,3.3046
11010,3.3053
11011,3.3396
11012,3.3854
11013,3.4326
11014,3.3820
11015,3.3295
11016,3.3459
11017,3.3416
11018,3.5363
11019,3.6266
11020,3.5287
11021,3.4804
11022,3.6383
11023,5.0683
11024,4.2192
11025,3.5744
11026,4.8988
11027,3.9084
11028,3.4856
11029,4.6106
11030,3.5438
11031,3.9602
11032,4.3976
11033,3.8515
11034,4.5832
11035,3.0575
11036,4.5185
11037,3.9921
11038,3.3258
11039,3.8672
11040,3.3198
11041,3.7316
11042,4.2076
11043,3.5041
11044,4.3428
11045,3.3758
11046,3.5810
11047,3.3459
11048,3.3475
11049,3.6788
11050,3.3445
11051,3.7031
11052,5.1328
11053,4.0433
11054,3.5158
11055,3.8656
11056,4.6979
11057,4.1375
11058,3.5833
11059,3.8016
11060,3.5458
11061,3.5262
11062,3.5103
11063,3.4682
11064,3.5916
11065,3.4157
11066,3.6667
11067,3.9174
11068,4.0707
11069,3.8769
11070,3.5728
11071,3.4980
11072,3.5227
11073,3.3361
11074,3.3148
11075,3.2546
11076,3.5222
11077,3.8038
11078,3.4103
11079,3.4623
11080,3.3170
11081,4.1113
11082,3.2820
11083,3.3114
11084,3.3811
11085,3.2853
11086,3.5643
11087,3.3631
11088,3.2998
11089,3.5760
11090,3.3540
11091,3.7684
11092,3.3754
11093,3.4978
11094,3.8079
11095,3.3210
11096,4.4373
11097,3.7193
11098,3.3144
11099,4.2267
11100,3.4722
11101,3.9365
11102,3.6892
11103,3.3314
11104,3.8606
11105,3.4596
11106,3.6149
11107,3.6341
11108,5.5306
11109,4.0412
11110,3.3783
11111,3.8245
11112,4.0695
11113,3.4145
11114,4.0281
11115,4.0173
11116,4.5811
11117,5.3494
11118,4.3563
11119,4.0706
11120,3.5869
11121,4.4647
11122,3.5004
11123,3.6290
11124,4.1263
11125,3.4749
11126,3.8425
11127,3.8525
11128,2.8248
11129,4.2974
11130,3.4168
11131,3.8739
11132,3.8410
11133,3.3485
11134,3.9157
11135,3.3253
11136,4.3171
11137,3.3749
11138,3.2981
11139,3.5379
11140,3.3919
11141,4.1233
11142,3.7705
11143,3.6779
11144,4.2425
11145,3.7210
11146,4.4516
11147,4.4663
11148,4.1886
11149,4.4207
11150,3.4681
11151,3.6483
11152,3.7214
11153,4.3520
11154,4.5130
11155,3.4943
11156,3.5336
11157,3.4954
11158,3.4780
11159,4.1803
11160,2.8443
11161,3.7175
11162,4.1055
11163,3.5156
11164,3.9285
11165,3.4022
11166,3.6257
11167,3.7230
11168,3.6432
11169,3.6190
11170,3.5869
11171,3.6637
11172,3.7735
11173,3.4040
11174,4.0075
11175,3.5384
11176,3.7100
11177,5.0353
11178,3.5827
11179,5.1202
11180,4.4449
11181,4.5637
11182,4.0801
11183,3.4977
11184,3.7920
11185,3.5487
11186,4.2288
11187,3.5473
11188,3.7968
11189,4.8006
11190,3.5616
11191,5.0037
11192,3.6513
11193,3.4658
11194,3.7851
11195,3.3835
11196,3.6795
11197,3.4462
11198,3.4078
11199,3.7475
11200,3.3353
11201,3.7263
11202,3.8172
11203,3.4406
11204,3.6069
11205,3.3171
11206,3.5792
11207,3.8399
11208,3.6810
11209,4.4360
11210,3.5420
11211,4.3245
11212,5.3457
11213,3.9533
11214,4.4832
11215,3.4735
11216,4.0349
11217,4.2516
11218,3.6347
11219,4.6757
11220,4.1772
11221,3.8058
11222,3.7446
11223,3.7591
11224,3.9692
11225,3.4727
11226,3.8307
11227,3.7644
11228,3.3907
11229,3.7325
11230,3.3206
11231,3.6167
11232,3.3352
11233,3.4796
11234,3.8225
11235,3.3055
11236,3.6510
11237,3.3092
11238,3.4352
11239,3.8232
11240,3.6117
11241,3.9758
11242,3.9790
11243,4.6438
11244,4.5177
11245,3.4672
11246,4.4466
11247,3.5555
11248,4.1624
11249,4.4649
11250,3.3982
11251,4.1406
11252,3.8139
11253,3.4874
11254,3.9070
11255,3.7333
11256,3.8182
11257,3.6711
11258,3.7140
11259,3.8135
11260,3.4733
11261,4.5438
11262,3.6174
11263,3.3421
11264,3.9635
11265,3.4227
11266,3.3374
11267,3.8121
11268,3.4036
11269,3.7611
11270,3.4996
11271,3.5331
11272,5.4629
11273,4.4662
11274,4.9144
11275,4.1748
11276,3.9041
11277,3.9137
11278,4.2313
11279,4.4605
11280,4.0822
11281,3.6512
11282,3.6805
11283,3.5845
11284,3.7482
11285,3.4654
11286,3.9734
11287,2.5227
11288,3.4695
11289,3.7398
11290,3.4679
11291,3.4899
11292,3.4928
11293,3.3220
11294,4.4407
11295,3.6881
11296,4.0333
11297,3.6992
11298,3.4391
11299,3.5601
11300,3.3626
11301,3.6122
11302,3.3453
11303,3.4793
11304,3.3663
11305,3.3702
11306,3.3882
11307,3.3799
11308,3.5755
11309,3.3436
11310,3.2657
11311,3.3539
11312,3.4032
11313,3.8218
11314,3.5727
11315,3.4404
11316,3.4150
11317,3.3838
11318,3.4488
11319,3.8334
11320,3.3989
11321,3.4474
11322,3.3380
11323,3.3464
11324,3.3541
11325,3.3820
11326,3.6577
11327,3.3005
11328,3.4926
11329,3.6988
11330,3.6458
11331,3.5137
11332,4.6146
11333,4.5333
11334,6.2504
11335,3.4944
11336,3.7751
11337,3.8873
11338,4.1573
11339,4.6188
11340,3.6537
11341,4.1821
11342,3.5969
11343,3.7838
11344,4.8863
11345,3.6993
11346,4.6912
11347,3.4606
11348,3.6718
11349,4.6622
11350,3.8494
11351,3.5877
11352,3.4452
11353,3.3691
11354,3.8375
11355,3.4372
11356,4.4027
11357,3.3684
11358,3.7319
11359,4.4637
11360,3.5173
11361,4.3142
11362,3.7966
11363,3.5444
11364,3.8233
11365,3.4812
11366,3.6972
11367,3.7588
11368,3.5664
11369,4.2710
11370,3.4541
11371,4.0311
11372,3.7977
11373,3.4953
11374,4.2417
11375,3.4740
11376,3.9858
11377,3.7748
11378,3.5049
11379,3.9858
11380,3.6078
11381,3.9745
11382,3.4857
11383,3.5001
11384,3.8692
11385,3.5760
11386,3.5588
11387,3.7411
11388,3.5035
11389,3.6228
11390,3.6596
11391,3.8513
11392,3.9998
11393,3.4753
11394,4.5235
11395,4.3639
11396,3.6492
11397,3.4737
11398,4.2444
11399,3.6509
11400,3.9544
11401,4.0251
11402,3.9367
11403,5.0413
11404,3.8714
11405,3.5781
11406,4.0102
11407,3.7379
11408,3.1688
11409,3.7539
11410,4.6711
11411,3.5064
11412,3.4073
11413,3.5684
11414,3.9861
11415,3.6478
11416,4.2574
11417,3.3607
11418,3.4974
11419,3.6508
11420,4.5236
11421,3.7662
11422,4.3617
11423,4.7311
11424,4.6058
11425,3.5003
11426,4.2876
11427,4.0408
11428,4.7681
11429,4.8480
11430,5.4520
11431,5.7911
11432,4.0727
11433,3.6438
11434,4.4076
11435,3.8516
11436,4.5600
11437,3.8625
11438,3.6323
11439,4.5725
11440,3.4346
11441,4.8199
11442,4.3437
11443,3.3647
11444,3.9986
11445,3.5251
11446,3.8097
11447,3.6917
11448,3.4378
11449,3.6966
11450,3.3886
11451,3.7686
11452,3.6263
11453,3.3222
11454,3.6436
11455,3.6987
11456,3.5952
11457,3.5751
11458,4.4473
11459,4.3016
11460,3.5237
11461,3.5767
11462,3.4389
11463,3.4174
11464,3.7898
11465,4.0694
11466,4.0022
11467,3.3909
11468,3.6474
11469,3.8974
11470,3.5447
11471,3.1460
11472,3.8406
11473,3.9881
11474,3.6480
11475,3.3852
11476,3.7847
11477,4.0644
11478,3.3139
11479,3.7099
11480,3.3498
11481,3.6511
11482,3.3126
11483,3.5018
11484,3.5852
11485,3.4295
11486,3.7338
11487,3.3405
11488,3.4394
11489,5.8199
11490,3.5218
11491,4.8765
11492,3.2936
11493,4.3041
11494,3.7555
11495,3.4777
11496,4.6473
11497,3.4362
11498,3.6464
11499,3.6431
11500,3.4483
11501,3.7324
11502,3.2398
11503,4.3424
11504,4.3842
11505,3.4253
11506,3.8310
11507,3.3754
11508,3.4124
11509,3.4137
11510,3.3891
11511,3.3414
11512,3.4497
11513,3.6499
11514,3.5153
11515,3.4954
11516,3.3699
11517,3.3962
11518,3.4798
11519,3.4609
11520,3.8539
11521,3.3797
11522,3.3576
11523,3.3835
11524,3.3978
11525,3.5358
11526,3.6459
11527,3.3501
11528,3.3548
11529,3.3397
11530,3.3190
11531,3.3868
11532,3.3290
11533,3.4312
11534,3.3356
11535,3.6739
11536,3.3532
11537,3.3178
11538,3.5851
11539,3.4344
11540,3.5249
11541,3.6576
11542,4.1687
11543,3.4598
11544,4.2608
11545,3.5068
11546,3.7541
11547,4.1991
11548,4.4962
11549,4.3679
11550,4.1683
11551,4.0959
11552,4.6072
11553,4.2925
11554,3.6945
11555,3.4269
11556,4.1904
11557,3.4780
11558,4.0177
11559,3.8787
11560,4.3881
11561,5.4228
11562,3.7467
11563,3.6953
11564,3.8074
11565,3.3894
11566,3.5110
11567,3.4037
11568,3.4172
11569,3.6238
11570,3.4476
11571,3.7723
11572,3.4129
11573,3.3690
11574,4.2290
11575,3.8602
11576,4.3249
11577,3.8929
11578,4.0987
11579,4.6513
11580,4.4536
11581,4.1571
11582,4.3875
11583,3.7797
11584,4.4950
11585,3.4232
11586,3.8344
11587,3.9282
11588,3.6030
11589,3.8638
11590,3.9570
11591,3.8171
11592,3.9414
11593,4.1700
11594,4.7036
11595,3.2575
11596,4.3147
11597,3.3405
11598,4.9075
11599,4.2118
11600,3.4757
11601,3.9830
11602,3.3596
11603,3.2586
11604,3.7637
11605,3.3050
11606,3.6455
11607,3.3274
11608,3.2754
11609,3.6668
11610,3.3125
11611,3.3023
11612,3.2635
11613,3.3136
11614,3.2709
11615,3.3465
11616,3.5331
11617,3.4319
11618,3.4034
11619,3.2891
11620,3.4540
11621,3.2914
11622,3.2931
11623,3.3247
11624,3.3141
11625,3.2999
11626,3.5001
11627,3.3568
11628,3.2796
11629,3.3345
11630,3.4518
11631,3.5355
11632,3.6452
11633,3.4610
11634,4.3067
11635,3.3203
11636,3.8856
11637,4.5359
11638,3.8111
11639,3.7933
11640,3.5467
11641,4.0928
11642,3.8452
11643,3.4512
11644,4.2208
11645,4.1496
11646,3.7973
11647,3.8977
11648,3.8435
11649,3.7377
11650,3.0607
11651,3.6474
11652,3.5269
11653,3.4427
11654,3.7815
11655,3.3784
11656,3.6268
11657,3.2685
11658,3.5930
11659,3.3847
11660,3.4668
11661,3.7627
11662,3.2579
11663,3.6956
11664,3.7015
11665,3.5953
11666,4.6424
11667,3.9403
11668,3.6456
11669,4.5750
11670,3.8810
11671,5.4661
11672,4.4161
11673,4.3394
11674,3.8812
11675,3.5032
11676,3.6102
11677,4.1329
11678,3.6628
11679,3.5780
11680,4.1461
11681,3.5535
11682,3.3883
11683,3.6867
11684,3.4004
11685,4.2203
11686,3.6059
11687,3.3335
11688,3.4223
11689,3.3153
11690,3.3606
11691,3.3581
11692,3.2605
11693,3.4826
11694,3.4054
11695,3.2434
11696,3.4569
11697,3.2810
11698,3.3210
11699,3.3653
11700,3.4502
11701,3.3139
11702,3.2930
11703,3.9428
11704,3.5175
11705,3.3359
11706,3.5166
11707,3.3427
11708,3.3206
11709,3.3540
11710,3.3157
11711,3.2975
11712,3.2997
11713,3.3039
11714,3.3385
11715,3.2551
11716,4.3738
11717,3.9970
11718,3.3426
11719,3.5969
11720,3.4683
11721,3.8537
11722,4.0251
11723,3.3891
11724,3.9238
11725,3.2718
11726,3.7433
11727,4.2458
11728,3.3781
11729,4.4455
11730,3.4865
11731,4.4158
11732,3.4702
11733,3.4057
11734,4.3699
11735,3.4752
11736,3.8335
11737,3.8646
11738,3.4923
11739,3.8677
11740,3.9942
11741,4.0367
11742,5.1014
11743,3.6527
11744,3.6200
11745,3.4887
11746,3.9964
11747,3.3568
11748,3.3200
11749,3.5591
11750,3.4187
11751,3.6060
11752,3.7065
11753,4.0214
11754,3.5933
11755,3.3518
11756,3.5518
11757,3.4952
11758,4.2158
11759,3.4712
11760,3.6368
11761,4.3866
11762,4.4498
11763,3.4934
11764,3.4709
11765,3.4965
11766,3.8720
11767,3.4162
11768,3.4646
11769,3.5306
11770,3.6520
11771,3.7728
11772,3.5853
11773,3.3956
11774,3.0793
11775,3.2869
11776,4.1743
11777,3.6003
11778,3.3435
11779,4.0686
11780,3.3197
11781,3.7086
11782,3.3063
11783,3.3038
11784,3.7725
11785,3.3670
11786,3.5847
11787,3.3389
11788,3.2625
11789,3.9215
11790,3.4801
11791,3.5571
11792,3.3639
11793,3.8278
11794,3.7852
11795,3.6449
11796,3.5394
11797,3.6847
11798,3.4380
11799,3.6934
11800,3.6436
11801,3.6723
11802,3.5813
11803,3.7616
11804,3.6261
11805,3.6134
11806,3.4504
11807,3.3780
11808,3.6181
11809,3.6339
11810,3.4567
11811,3.5621
11812,3.3847
11813,3.5425
11814,4.1285
11815,3.3648
11816,3.5839
11817,3.4699
11818,3.8781
11819,3.8944
11820,3.4743
11821,3.6380
11822,3.3017
11823,3.6500
11824,3.5346
11825,3.3639
11826,3.6728
11827,3.4477
11828,3.4628
11829,3.5821
11830,3.4371
11831,3.4962
11832,3.4742
11833,3.3877
11834,3.3397
11835,3.3312
11836,3.2982
11837,3.4820
11838,3.3735
11839,3.3464
11840,3.3463
11841,3.3762
11842,3.3412
11843,3.3440
11844,3.2864
11845,3.3221
11846,3.6185
11847,3.5118
11848,3.4718
11849,4.2325
11850,3.9331
11851,3.4314
11852,5.7058
11853,4.5544
11854,3.8804
11855,3.5269
11856,4.1506
11857,4.3069
11858,3.4646
11859,3.7024
11860,3.4599
11861,3.5065
11862,3.6631
11863,3.4851
11864,3.9590
11865,3.2521
11866,3.9195
11867,3.4111
11868,3.5762
11869,3.5370
11870,3.2651
11871,3.5986
11872,3.2707
11873,3.3407
11874,3.4252
11875,3.4093
11876,3.3829
11877,3.3045
11878,3.2661
11879,3.5865
11880,3.3354
11881,3.5124
11882,3.3079
11883,3.2975
11884,3.2778
11885,3.4295
11886,3.7985
11887,3.3210
11888,3.4939
11889,3.3164
11890,3.3085
11891,3.3140
11892,3.3662
11893,3.3450
11894,3.3420
11895,3.6104
11896,3.4001
11897,3.3190
11898,3.4935
11899,3.3208
11900,3.9830
11901,3.6245
11902,3.3425
11903,3.3795
11904,3.2687
11905,3.6440
11906,3.7717
11907,3.3309
11908,3.3776
11909,3.3606
11910,3.5192
11911,3.6035
11912,3.4576
11913,4.4186
11914,3.6289
11915,3.9006
11916,3.3711
11917,3.4778
11918,3.7516
11919,3.7569
11920,3.5593
11921,5.0687
11922,4.4957
11923,6.7039
11924,3.6510
11925,3.4534
11926,3.2486
11927,3.9373
11928,3.4240
11929,4.0707
11930,3.3555
11931,3.7223
11932,3.3793
11933,3.3534
11934,3.4480
11935,3.3755
11936,3.6624
11937,4.0654
11938,3.2924
11939,3.6785
11940,3.4839
11941,3.8531
11942,3.4390
11943,3.4358
11944,3.9180
11945,3.3206
11946,3.4932
11947,3.6339
11948,3.2728
11949,3.4268
11950,3.2538
11951,3.8899
11952,3.9167
11953,3.2334
11954,3.5937
11955,3.2922
11956,3.6686
11957,4.5355
11958,3.3719
11959,4.1003
11960,3.5712
11961,3.7899
11962,3.7425
11963,3.3584
11964,3.6034
11965,3.1542
11966,3.6132
11967,3.3489
11968,3.6704
11969,4.2722
11970,4.1438
11971,3.8095
11972,4.8064
11973,3.9867
11974,4.6399
11975,3.4131
11976,4.4618
11977,3.4454
11978,4.2318
11979,3.5223
11980,3.3782
11981,3.7150
11982,3.8389
11983,3.4390
11984,3.5907
11985,3.2368
11986,3.9093
11987,4.0436
11988,3.5436
11989,3.4888
11990,3.3380
11991,3.3266
11992,3.3160
11993,3.5861
11994,3.3982
11995,3.4399
11996,3.3457
11997,3.4348
11998,3.5140
11999,3.3529
12000,3.2965
12001,3.7404
12002,3.8157
12003,3.2913
12004,3.8651
12005,3.3442
12006,3.6089
12007,3.6292
12008,3.4336
12009,3.7869
12010,4.0720
12011,3.7191
12012,3.7902
12013,3.3719
12014,3.7606
12015,3.4033
12016,3.7413
12017,3.3339
12018,3.4144
12019,3.6197
12020,3.2266
12021,3.5550
12022,3.4739
12023,3.3967
12024,3.4016
12025,3.3470
12026,3.6097
12027,3.3163
12028,3.4564
12029,3.5495
12030,3.3096
12031,3.4634
12032,4.8266
12033,4.4073
12034,4.3883
12035,3.3932
12036,3.9077
12037,3.3412
12038,3.4454
12039,4.0242
12040,3.4971
12041,4.0129
12042,4.0288
12043,3.3869
12044,5.0111
12045,2.5985
12046,3.6260
12047,3.8530
12048,3.4089
12049,3.6811
12050,3.2705
12051,3.7164
12052,3.4320
12053,3.5900
12054,3.5869
12055,3.4837
12056,3.6791
12057,3.4326
12058,3.7033
12059,3.9218
12060,4.0513
12061,4.7290
12062,3.9593
12063,4.6247
12064,3.4966
12065,4.5493
12066,4.2250
12067,3.3997
12068,3.4944
12069,3.4500
12070,3.4514
12071,3.6408
12072,3.4819
12073,3.5523
12074,3.4625
12075,3.4826
12076,3.0786
12077,3.4446
12078,3.6555
12079,3.6257
12080,3.4555
12081,3.3214
12082,3.3639
12083,3.2777
12084,3.3698
12085,3.3677
12086,4.9236
12087,3.4638
12088,3.4545
12089,3.3699
12090,3.2386
12091,3.2390
12092,3.3680
12093,3.2845
12094,3.9535
12095,3.3409
12096,3.9519
12097,3.7710
12098,3.3604
12099,3.2930
12100,3.4148
12101,3.7988
12102,4.0334
12103,3.4341
12104,3.6541
12105,3.3134
12106,3.7595
12107,3.9089
12108,3.3793
12109,3.8207
12110,3.3063
12111,3.7793
12112,4.0528
12113,3.2782
12114,3.7034
12115,3.4089
12116,3.5961
12117,3.9171
12118,3.4836
12119,4.3193
12120,3.7374
12121,4.4450
12122,4.7532
12123,3.4547
12124,3.8734
12125,3.5545
12126,4.4091
12127,3.5144
12128,3.6015
12129,3.6716
12130,3.6298
12131,3.9239
12132,3.4430
12133,3.7607
12134,3.4313
12135,3.4302
12136,3.7208
12137,3.6622
12138,4.3966
12139,3.5573
12140,3.3581
12141,3.5581
12142,3.5261
12143,3.6016
12144,3.3364
12145,3.3302
12146,3.5903
12147,3.3382
12148,3.3819
12149,3.4072
12150,3.3872
12151,3.3151
12152,3.3539
12153,3.5556
12154,3.8530
12155,3.4894
12156,3.3642
12157,3.5939
12158,3.3811
12159,4.3529
12160,3.4384
12161,3.2904
12162,3.6314
12163,3.4990
12164,3.5295
12165,3.2539
12166,3.9085
12167,3.5237
12168,3.3255
12169,3.7296
12170,3.6783
12171,3.9086
12172,4.1045
12173,3.3893
12174,3.7153
12175,3.5822
12176,3.9066
12177,4.1320
12178,3.3451
12179,3.8469
12180,3.5273
12181,4.6518
12182,4.8133
12183,4.0055
12184,3.7473
12185,3.4178
12186,3.6488
12187,3.4532
12188,3.4506
12189,3.5606
12190,3.4888
12191,3.8321
12192,3.5554
12193,3.2403
12194,3.7175
12195,3.4627
12196,3.4608
12197,3.8974
12198,3.3566
12199,4.1821
12200,3.3056
12201,3.8345
12202,3.8030
12203,3.5006
12204,3.6731
12205,3.3561
12206,3.4299
12207,3.8948
12208,3.5245
12209,3.8527
12210,3.9054
12211,3.6906
12212,5.7728
12213,3.6561
12214,4.5149
12215,3.4221
12216,3.9554
12217,4.2942
12218,5.1483
12219,4.6658
12220,3.4843
12221,4.0620
12222,3.4418
12223,3.8166
12224,4.2017
12225,3.0900
12226,3.6393
12227,4.1546
12228,3.2489
12229,3.8056
12230,3.6109
12231,3.5921
12232,3.4335
12233,3.4013
12234,3.7073
12235,3.3686
12236,3.6497
12237,3.3851
12238,3.6220
12239,4.2405
12240,3.5253
12241,3.7607
12242,3.4813
12243,4.3517
12244,4.0539
12245,4.2606
12246,4.9237
12247,3.6352
12248,4.4273
12249,3.9377
12250,3.3516
12251,3.3755
12252,3.4721
12253,3.4525
12254,3.5082
12255,3.4030
12256,2.4953
12257,3.4968
12258,3.3653
12259,3.3282
12260,3.8763
12261,3.3447
12262,3.3329
12263,3.3201
12264,3.4153
12265,3.5310
12266,3.5706
12267,3.5860
12268,3.3288
12269,3.4245
12270,3.4356
12271,3.4056
12272,3.5782
12273,3.4910
12274,4.8611
12275,3.9725
12276,4.3508
12277,4.0678
12278,4.0265
12279,3.9894
12280,3.5764
12281,4.4115
12282,3.8020
12283,3.4135
12284,3.8733
12285,3.8103
12286,4.1120
12287,3.7365
12288,3.7131
12289,3.9495
12290,4.3673
12291,3.6575
12292,3.6565
12293,3.2718
12294,3.7918
12295,3.3733
12296,3.8315
12297,4.1205
12298,3.3675
12299,3.5729
12300,3.4840
12301,4.6232
12302,4.4583
12303,3.9000
12304,5.5315
12305,4.0052
12306,5.0471
12307,4.5232
12308,3.5307
12309,4.2067
12310,3.4083
12311,4.0679
12312,5.4546
12313,3.4022
12314,3.8100
12315,3.4929
12316,4.6150
12317,3.4912
12318,3.2031
12319,3.9010
12320,3.7414
12321,3.5019
12322,3.5081
12323,3.5830
12324,3.6610
12325,3.3869
12326,3.8862
12327,3.4238
12328,3.6187
12329,3.4168
12330,3.3391
12331,3.3627
12332,3.2823
12333,3.2941
12334,3.3562
12335,3.5260
12336,3.3394
12337,3.3053
12338,3.3828
12339,3.2995
12340,3.6111
12341,3.4331
12342,3.3736
12343,3.5490
12344,3.4078
12345,3.2280
12346,3.4396
12347,3.3081
12348,3.3821
12349,3.2808
12350,3.3324
12351,3.4328
12352,3.5108
12353,3.3898
12354,3.3168
12355,3.3378
12356,3.4209
12357,3.6010
12358,3.7383
12359,3.6434
12360,3.5441
12361,3.5569
12362,3.7620
12363,3.6382
12364,3.7597
12365,3.3672
12366,4.8075
12367,3.9850
12368,3.4684
12369,3.7341
12370,3.7905
12371,3.8523
12372,3.5679
12373,3.5558
12374,4.5222
12375,3.4376
12376,4.4372
12377,3.4755
12378,3.5003
12379,3.0631
12380,3.6684
12381,3.5918
12382,3.5271
12383,3.7346
12384,3.7242
12385,3.5275
12386,3.7010
12387,3.3023
12388,3.4449
12389,3.4658
12390,3.4319
12391,3.5996
12392,3.3704
12393,3.5409
12394,3.6871
12395,3.9895
12396,3.7659
12397,3.7892
12398,4.0091
12399,4.8806
12400,4.1064
12401,4.1886
12402,3.7168
12403,3.8836
12404,3.5998
12405,3.5437
12406,3.8823
12407,4.3789
12408,4.0902
12409,3.6841
12410,3.4124
12411,3.5035
12412,3.9103
12413,3.5608
12414,3.4305
12415,3.3560
12416,3.3483
12417,3.2742
12418,3.4233
12419,3.3277
12420,3.2592
12421,3.2551
12422,3.2915
12423,3.6597
12424,3.4281
12425,3.2787
12426,3.2886
12427,3.3547
12428,3.3283
12429,3.5483
12430,3.3340
12431,3.7165
12432,3.7131
12433,3.2928
12434,3.7782
12435,3.4114
12436,3.7187
12437,3.7338
12438,3.3113
12439,4.2761
12440,3.3587
12441,3.7728
12442,3.8026
12443,3.4416
12444,3.8371
12445,3.2864
12446,4.1557
12447,3.3869
12448,3.3312
12449,3.6021
12450,3.4882
12451,3.4897
12452,3.5754
12453,3.7111
12454,3.4747
12455,3.4582
12456,4.2238
12457,4.2465
12458,3.6102
12459,3.4539
12460,3.4062
12461,3.6420
12462,3.6732
12463,4.2267
12464,3.4177
12465,3.4950
12466,8.7311
12467,4.3233
12468,3.7949
12469,3.5175
12470,2.8350
12471,3.4136
12472,3.9574
12473,3.3437
12474,3.3298
12475,3.4548
12476,3.8415
12477,3.7395
12478,3.3339
12479,3.6254
12480,3.4142
12481,3.5251
12482,3.7876
12483,3.3429
12484,3.8511
12485,3.3447
12486,3.6026
12487,3.6674
12488,3.5111
12489,3.4628
12490,3.5470
12491,3.7652
12492,3.7201
12493,3.3131
12494,3.6456
12495,3.3667
12496,3.8735
12497,3.5955
12498,3.3249
12499,3.6283
12500,3.3345
12501,3.7091
12502,3.8183
12503,3.3951
12504,3.6997
12505,3.6380
12506,3.6596
12507,3.6377
12508,3.3488
12509,3.8555
12510,3.3521
12511,3.5588
12512,3.5841
12513,3.3725
12514,4.1200
12515,3.4272
12516,3.8061
12517,4.5566
12518,4.2692
12519,3.7484
12520,3.3508
12521,4.2704
12522,4.4600
12523,3.7739
12524,4.0418
12525,3.6693
12526,3.8328
12527,4.0440
12528,3.8012
12529,3.7802
12530,3.1468
12531,4.0083
12532,4.9689
12533,3.4091
12534,3.7453
12535,3.3417
12536,3.9450
12537,4.3882
12538,3.3193
12539,3.5733
12540,3.4658
12541,3.6334
12542,3.4159
12543,3.6119
12544,3.7022
12545,3.3762
12546,4.1284
12547,3.7370
12548,3.6459
12549,4.1712
12550,3.6087
12551,4.1939
12552,3.4850
12553,4.0784
12554,3.5144
12555,3.4659
12556,3.4407
12557,3.6983
12558,3.4063
12559,3.5055
12560,3.9660
12561,3.5664
12562,3.4483
12563,3.1948
12564,3.4341
12565,3.4822
12566,4.4285
12567,3.5120
12568,3.4882
12569,3.3346
12570,3.4348
12571,3.5453
12572,3.6649
12573,3.2780
12574,3.9335
12575,3.3337
12576,3.6081
12577,3.4371
12578,3.7198
12579,4.0180
12580,3.2468
12581,4.0084
12582,3.4312
12583,3.2933
12584,3.8532
12585,3.3611
12586,3.6691
12587,3.2961
12588,3.3787
12589,3.3591
12590,3.4065
12591,3.3144
12592,3.3202
12593,3.3053
12594,3.4103
12595,3.3674
12596,3.3369
12597,3.4013
12598,3.3183
12599,3.2651
12600,3.3188
12601,3.5955
12602,3.4637
12603,3.3598
12604,3.3482
12605,3.6225
12606,4.3913
12607,3.3439
12608,3.4056
12609,3.4441
12610,3.6240
12611,4.1150
12612,4.2147
12613,4.0957
12614,4.1166
12615,3.5412
12616,3.4712
12617,3.3651
12618,3.4462
12619,4.1447
12620,3.4267
12621,3.6343
12622,3.4820
12623,3.4249
12624,3.4909
12625,4.1931
12626,4.2488
12627,3.3513
12628,3.3621
12629,3.3391
12630,3.2791
12631,3.3529
12632,3.7072
12633,3.4123
12634,3.5521
12635,4.8714
12636,4.0257
12637,3.8689
12638,3.2873
12639,3.4772
12640,3.4574
12641,3.7093
12642,3.5915
12643,3.3227
12644,3.6460
12645,3.3219
12646,3.8282
12647,3.3219
12648,3.3741
12649,3.7664
12650,3.2498
12651,3.5196
12652,3.6765
12653,3.4150
12654,3.6743
12655,3.2889
12656,3.7642
12657,3.8794
12658,3.2806
12659,3.8319
12660,3.3836
12661,3.6862
12662,3.7894
12663,3.3717
12664,4.1397
12665,3.4249
12666,3.6979
12667,4.2990
12668,3.7996
12669,4.3293
12670,3.6353
12671,5.1862
12672,4.5650
12673,3.6165
12674,3.4886
12675,3.4969
12676,4.0345
12677,3.4626
12678,3.3760
12679,3.7073
12680,3.4918
12681,3.8833
12682,4.5244
12683,3.2111
12684,4.1030
12685,3.6979
12686,4.1414
12687,4.5832
12688,3.3873
12689,4.0913
12690,4.5549
12691,3.7567
12692,4.2474
12693,3.5817
12694,3.7219
12695,3.4100
12696,4.0168
12697,3.4527
12698,3.6230
12699,3.7151
12700,3.5059
12701,4.0753
12702,3.9349
12703,3.5878
12704,4.3722
12705,3.4009
12706,3.9014
12707,4.0495
12708,3.4751
12709,4.0131
12710,3.4470
12711,3.7145
12712,3.3342
12713,3.3043
12714,3.7127
12715,3.3607
12716,3.5308
12717,3.2439
12718,3.3310
12719,3.8199
12720,3.3205
12721,3.5972
12722,3.4958
12723,3.3763
12724,4.1885
12725,3.3917
12726,3.6840
12727,3.3979
12728,3.8845
12729,3.6050
12730,3.4575
12731,3.7382
12732,3.8828
12733,3.8878
12734,4.5927
12735,3.4272
12736,3.6075
12737,5.3676
12738,4.0983
12739,4.1670
12740,4.4253
12741,3.5456
12742,4.0211
12743,4.2060
12744,4.0452
12745,2.7951
12746,4.7345
12747,4.4960
12748,3.3190
12749,3.7330
12750,3.1911
12751,3.7934
12752,3.6060
12753,3.3146
12754,4.9293
12755,3.3153
12756,3.5350
12757,3.3357
12758,3.2698
12759,4.0856
12760,3.4916
12761,4.3847
12762,3.9883
12763,3.4261
12764,4.4997
12765,3.8118
12766,3.7817
12767,3.4861
12768,3.6864
12769,4.0519
12770,3.5488
12771,3.7366
12772,4.4640
12773,3.7381
12774,3.4759
12775,3.4433
12776,3.8137
12777,3.2000
12778,3.4158
12779,3.9057
12780,3.4133
12781,3.2998
12782,3.3027
12783,3.2958
12784,3.3606
12785,3.4968
12786,3.4625
12787,3.2933
12788,6.1201
12789,4.3423
12790,3.3662
12791,3.3962
12792,3.2187
12793,3.3268
12794,3.3120
12795,3.2964
12796,3.4046
12797,3.6561
12798,3.3015
12799,3.7235
12800,3.2735
12801,3.5640
12802,3.6470
12803,3.4318
12804,3.7415
12805,3.5697
12806,3.7202
12807,3.9361
12808,3.3590
12809,3.8883
12810,3.2454
12811,4.0146
12812,3.7148
12813,3.2749
12814,3.6769
12815,3.3031
12816,3.6627
12817,3.3088
12818,3.4917
12819,3.5534
12820,3.4778
12821,4.6244
12822,3.6550
12823,5.1719
12824,3.4480
12825,3.3679
12826,3.8498
12827,3.4570
12828,3.4279
12829,4.0050
12830,4.3105
12831,3.5421
12832,3.5703
12833,3.6416
12834,3.8046
12835,3.7241
12836,3.4484
12837,3.5311
12838,3.2634
12839,3.4117
12840,3.2684
12841,3.2887
12842,3.2708
12843,3.3066
12844,3.4454
12845,3.3189
12846,3.6841
12847,3.3495
12848,3.3514
12849,3.3946
12850,3.3850
12851,3.3953
12852,3.6213
12853,3.3737
12854,3.2887
12855,3.3306
12856,3.3365
12857,3.4824
12858,3.4014
12859,3.3253
12860,3.3105
12861,3.3267
12862,3.3793
12863,3.2651
12864,3.5736
12865,3.4729
12866,3.7312
12867,3.6904
12868,3.3110
12869,3.6982
12870,3.3335
12871,3.7187
12872,4.1692
12873,3.3370
12874,3.7340
12875,3.3515
12876,4.4783
12877,3.8872
12878,3.5440
12879,4.5511
12880,4.9150
12881,4.1838
12882,3.4864
12883,3.5406
12884,4.4486
12885,4.2270
12886,3.9004
12887,4.0028
12888,3.5554
12889,4.1235
12890,3.4778
12891,3.6772
12892,2.8122
12893,3.4891
12894,3.9462
12895,4.2946
12896,3.1924
12897,3.3208
12898,3.4039
12899,3.3611
12900,3.3208
12901,3.4073
12902,3.2758
12903,3.5354
12904,3.6303
12905,3.3123
12906,3.5938
12907,3.8056
12908,3.3448
12909,3.2938
12910,3.3559
12911,3.7158
12912,3.4323
12913,3.2464
12914,3.3245
12915,3.5684
12916,3.3255
12917,3.2742
12918,3.4991
12919,3.3282
12920,3.2952
12921,3.3116
12922,3.3079
12923,3.5248
12924,3.5452
12925,3.3523
12926,3.7371
12927,3.8715
12928,3.4783
12929,4.0632
12930,3.6152
12931,4.2052
12932,3.7287
12933,3.6236
12934,3.7005
12935,3.4441
12936,4.3374
12937,4.5638
12938,4.0591
12939,4.5893
12940,4.1968
12941,4.4987
12942,3.4628
12943,3.6739
12944,4.6789
12945,3.4366
12946,3.8382
12947,4.0322
12948,3.4655
12949,2.5221
12950,4.9728
12951,4.3866
12952,3.6076
12953,3.2664
12954,3.5588
12955,3.3457
12956,3.2532
12957,3.7069
12958,3.2510
12959,3.8184
12960,3.2756
12961,4.0458
12962,4.0511
12963,3.4298
12964,4.4879
12965,3.3591
12966,3.6709
12967,3.5473
12968,4.4804
12969,5.8659
12970,4.0922
12971,4.4006
12972,3.5654
12973,3.5378
12974,4.5349
12975,3.4128
12976,4.4268
12977,3.4720
12978,3.4138
12979,4.1526
12980,3.5464
12981,3.0910
12982,3.7146
12983,3.4893
12984,4.0150
12985,3.2323
12986,4.2947
12987,3.6118
12988,3.3539
12989,3.9677
12990,3.3140
12991,3.7710
12992,3.9195
12993,3.4302
12994,3.8914
12995,3.3235
12996,3.8349
12997,3.8898
12998,3.4123
12999,4.2106
13000,3.4081
13001,5.8704
13002,4.7290
13003,3.8845
13004,3.8507
13005,3.3794
13006,3.8161
13007,3.6681
13008,4.0888
13009,4.1484
13010,3.5167
13011,3.6576
13012,3.7437
13013,4.2396
13014,2.8511
13015,3.4096
13016,3.8981
13017,3.6777
13018,3.3482
13019,3.7391
13020,3.4286
13021,3.7767
13022,3.9266
13023,3.9076
13024,4.6915
13025,3.2766
13026,3.5677
13027,4.0151
13028,3.4676
13029,4.0752
13030,3.3242
13031,3.6701
13032,3.7808
13033,3.3261
13034,3.8804
13035,3.2903
13036,4.1106
13037,3.7410
13038,3.2889
13039,3.9943
13040,3.2875
13041,3.8066
13042,3.8788
13043,3.2646
13044,3.5850
13045,3.3073
13046,3.6727
13047,5.2980
13048,3.4762
13049,3.7396
13050,3.3794
13051,3.7245
13052,4.2551
13053,3.3429
13054,4.7965
13055,3.4070
13056,3.7712
13057,3.5076
13058,3.3539
13059,3.4768
13060,3.4293
13061,3.8645
13062,3.4860
13063,3.3756
13064,4.2250
13065,3.8953
13066,3.4703
13067,3.4911
13068,3.5663
13069,4.4701
13070,3.4758
13071,4.5405
13072,4.4355
13073,4.0009
13074,3.8884
13075,4.0211
13076,3.7740
13077,3.6966
13078,3.3682
13079,3.7146
13080,3.6097
13081,3.6013
13082,3.5395
13083,3.3395
13084,3.8381
13085,3.3423
13086,3.9351
13087,3.7410
13088,3.5640
13089,4.2285
13090,3.3432
13091,4.2422
13092,5.1004
13093,3.4413
13094,4.2183
13095,3.4308
13096,3.9637
13097,3.5666
13098,3.4625
13099,3.7119
13100,3.5195
13101,4.2528
13102,3.4769
13103,3.7654
13104,3.2348
13105,4.0071
13106,4.2346
13107,3.5253
13108,3.6028
13109,3.6543
13110,3.4141
13111,3.4427
13112,5.3790
13113,3.0785
13114,3.4020
13115,3.3574
13116,3.3438
13117,4.1851
13118,3.3242
13119,3.3947
13120,3.6833
13121,3.4463
13122,3.4394
13123,3.5442
13124,3.5225
13125,3.4921
13126,3.5755
13127,3.5757
13128,3.5691
13129,3.3976
13130,3.3499
13131,3.3958
13132,3.2735
13133,3.2219
13134,3.3276
13135,3.3016
13136,3.3433
13137,3.2815
13138,3.3061
13139,3.4252
13140,3.3442
13141,3.3581
13142,3.4370
13143,3.3442
13144,3.3587
13145,3.7302
13146,3.4966
13147,3.4387
13148,5.1887
13149,4.3667
13150,4.4700
13151,3.5142
13152,4.1781
13153,3.6967
13154,3.5380
13155,4.1412
13156,3.4202
13157,4.2236
13158,3.4570
13159,3.7478
13160,4.1257
13161,3.7645
13162,4.0835
13163,3.5500
13164,4.9318
13165,4.5693
13166,4.4058
13167,3.4967
13168,4.5375
13169,3.7039
13170,3.4903
13171,3.7237
13172,3.9248
13173,3.3012
13174,3.8542
13175,3.3196
13176,3.8417
13177,3.3743
13178,3.6504
13179,5.0448
13180,3.7631
13181,3.8792
13182,4.0535
13183,3.6744
13184,4.4308
13185,3.7123
13186,3.9523
13187,3.9249
13188,3.4601
13189,3.6081
13190,3.3713
13191,3.7827
13192,3.4684
13193,3.3469
13194,3.5664
13195,3.3905
13196,3.5980
13197,3.3258
13198,3.6142
13199,3.6467
13200,3.5453
13201,3.6741
13202,3.4121
13203,3.7539
13204,4.0151
13205,3.4376
13206,3.9355
13207,3.4713
13208,3.6858
13209,3.6288
13210,3.6775
13211,4.3438
13212,4.5387
13213,3.5179
13214,3.8996
13215,3.4794
13216,3.4395
13217,3.4358
13218,4.3213
13219,3.3837
13220,3.4386
13221,3.4043
13222,3.4582
13223,3.5653
13224,3.3866
13225,3.4534
13226,3.9277
13227,3.2583
13228,3.3100
13229,3.5004
13230,3.8508
13231,3.2978
13232,3.6354
13233,3.3496
13234,3.5084
13235,3.6859
13236,3.3902
13237,3.3429
13238,3.3572
13239,3.3604
13240,3.4234
13241,3.2932
13242,3.3401
13243,3.2721
13244,3.3633
13245,3.3256
13246,3.6174
13247,3.3251
13248,3.2864
13249,3.6087
13250,3.3975
13251,3.8159
13252,3.8674
13253,3.5994
13254,3.5228
13255,3.9217
13256,3.5820
13257,3.7167
13258,3.5992
13259,3.5426
13260,3.7325
13261,3.5655
13262,3.4490
13263,6.0939
13264,3.5145
13265,3.5897
13266,3.9037
13267,3.8361
13268,3.4452
13269,6.1412
13270,3.5267
13271,3.6562
13272,4.0980
13273,3.5009
13274,3.8924
13275,3.7179
13276,4.0169
13277,4.9186
13278,3.3214
13279,4.4282
13280,3.4641
13281,4.6341
13282,3.8685
13283,3.5762
13284,4.2858
13285,3.5349
13286,4.1422
13287,3.7984
13288,3.3715
13289,3.9404
13290,3.3527
13291,3.7732
13292,3.7048
13293,3.3637
13294,3.7671
13295,3.3180
13296,3.6904
13297,3.2820
13298,3.4551
13299,3.8383
13300,3.3655
13301,4.1211
13302,3.2555
13303,3.3536
13304,4.5101
13305,3.3261
13306,3.8560
13307,3.7741
13308,3.5158
13309,3.6762
13310,3.2795
13311,3.7524
13312,3.4228
13313,3.5537
13314,3.6739
13315,3.2894
13316,3.6946
13317,3.9030
13318,3.3342
13319,3.9159
13320,3.3046
13321,3.6213
13322,3.4367
13323,3.3750
13324,3.9436
13325,3.4715
13326,3.6292
13327,4.0766
13328,3.3804
13329,4.3641
13330,3.9351
13331,4.8519
13332,4.2849
13333,3.8479
13334,4.0075
13335,3.4972
13336,3.8377
13337,3.4453
13338,3.4795
13339,4.7522
13340,3.4296
13341,4.9431
13342,3.4746
13343,3.4576
13344,3.4893
13345,3.3840
13346,3.8148
13347,3.3093
13348,3.9047
13349,3.9439
13350,3.2958
13351,3.3798
13352,3.7780
13353,3.4525
13354,3.5653
13355,3.3919
13356,3.5602
13357,3.3170
13358,3.4751
13359,4.7247
13360,3.8201
13361,3.8470
13362,3.3323
13363,4.3570
13364,3.5932
13365,3.5071
13366,3.7602
13367,3.6065
13368,3.5070
13369,4.2551
13370,3.6003
13371,4.2997
13372,4.2176
13373,3.5010
13374,4.2572
13375,4.2016
13376,3.6392
13377,3.4582
13378,3.4696
13379,4.1821
13380,3.3925
13381,4.7238
13382,3.3852
13383,3.3671
13384,4.1487
13385,3.3086
13386,3.7446
13387,3.6255
13388,3.4440
13389,4.1147
13390,3.6226
13391,3.9046
13392,3.8901
13393,3.4240
13394,5.2450
13395,3.6657
13396,3.4610
13397,4.2817
13398,4.1531
13399,4.3978
13400,3.5804
13401,3.9316
13402,4.1850
13403,3.5581
13404,4.7263
13405,3.4689
13406,4.3484
13407,3.2563
13408,3.2892
13409,5.0616
13410,3.6689
13411,4.1899
13412,3.2872
13413,3.4778
13414,3.8013
13415,3.6905
13416,4.7612
13417,3.9393
13418,3.4502
13419,4.1979
13420,4.4288
13421,4.8484
13422,3.7905
13423,3.4583
13424,4.4217
13425,3.5881
13426,3.7999
13427,4.0907
13428,3.5766
13429,3.8614
13430,3.4031
13431,4.6980
13432,4.0622
13433,3.5340
13434,4.3530
13435,3.4414
13436,4.2249
13437,3.6936
13438,3.3640
13439,3.6278
13440,3.4126
13441,3.4219
13442,3.6086
13443,3.5228
13444,3.6902
13445,3.4625
13446,3.6058
13447,3.7621
13448,3.6846
13449,4.5091
13450,3.5906
13451,4.8164
13452,3.8906
13453,3.8730
13454,3.8260
13455,3.5909
13456,4.2015
13457,3.4808
13458,3.3574
13459,3.4547
13460,3.5102
13461,3.5786
13462,3.8586
13463,4.0403
13464,3.6680
13465,2.5550
13466,3.7497
13467,3.5356
13468,3.4667
13469,3.2531
13470,3.3633
13471,3.7111
13472,3.3539
13473,3.2857
13474,3.2575
13475,3.2630
13476,3.3230
13477,3.2973
13478,3.2385
13479,3.3862
13480,3.5073
13481,3.8525
13482,3.6572
13483,3.3020
13484,4.5119
13485,3.3766
13486,4.2897
13487,3.8743
13488,3.3905
13489,4.5538
13490,3.5688
13491,3.9396
13492,4.0990
13493,3.2579
13494,3.8652
13495,3.3360
13496,3.8275
13497,4.6974
13498,3.4264
13499,3.6960
13500,3.3781
13501,3.6801
13502,3.2924
13503,3.3743
13504,3.7628
13505,3.3257
13506,3.7556
13507,3.5780
13508,4.5557
13509,4.0404
13510,4.4884
13511,5.1051
13512,5.2618
13513,4.1022
13514,3.6871
13515,3.4199
13516,4.4700
13517,3.4438
13518,3.6603
13519,4.5297
13520,3.6342
13521,3.8599
13522,3.8772
13523,3.5271
13524,4.2690
13525,3.3840
13526,4.7481
13527,3.5433
13528,4.1653
13529,4.0461
13530,3.7852
13531,4.2102
13532,4.2975
13533,3.9286
13534,3.5014
13535,3.2719
13536,3.6674
13537,4.0004
13538,3.5039
13539,3.9002
13540,3.3446
13541,3.6178
13542,3.5938
13543,3.5701
13544,4.8153
13545,3.4030
13546,3.9126
13547,4.1924
13548,3.4350
13549,4.1133
13550,3.4004
13551,3.7438
13552,4.3593
13553,3.6141
13554,4.0526
13555,3.3460
13556,3.2988
13557,3.7379
13558,3.3840
13559,3.5434
13560,3.2527
13561,3.6008
13562,3.6553
13563,3.2619
13564,4.0549
13565,3.3139
13566,3.8078
13567,4.1550
13568,3.3124
13569,3.6956
13570,3.4926
13571,4.6629
13572,3.8050
13573,4.1574
13574,4.8165
13575,4.1002
13576,4.5828
13577,4.0426
13578,3.7647
13579,4.4851
13580,3.4240
13581,4.0072
13582,3.6966
13583,3.4515
13584,3.9364
13585,3.7217
13586,4.0717
13587,3.3365
13588,4.5898
13589,4.6969
13590,3.3330
13591,3.5637
13592,3.2837
13593,3.3478
13594,3.7084
13595,3.3176
13596,3.9609
13597,3.6643
13598,3.2815
13599,3.9720
13600,3.4582
13601,3.5852
13602,3.7486
13603,3.3029
13604,3.3431
13605,3.3949
13606,3.8264
13607,3.7726
13608,3.3464
13609,3.5149
13610,3.3351
13611,3.8302
13612,4.0148
13613,3.2879
13614,3.6310
13615,3.3700
13616,3.3389
13617,3.4616
13618,3.2750
13619,3.3156
13620,3.3621
13621,3.7035
13622,3.4794
13623,3.3113
13624,3.3018
13625,3.3003
13626,3.5504
13627,3.3294
13628,3.4000
13629,3.8477
13630,3.6939
13631,3.7979
13632,3.9011
13633,3.7285
13634,4.0051
13635,4.1730
13636,4.3807
13637,3.4798
13638,4.0401
13639,3.4757
13640,3.3374
13641,3.3488
13642,3.4543
13643,3.5602
13644,3.6144
13645,3.3791
13646,4.3682
13647,3.7144
13648,4.6211
13649,4.3091
13650,3.5024
13651,4.0066
13652,3.8351
13653,3.3996
13654,3.8193
13655,3.4220
13656,3.5567
13657,3.7135
13658,3.4220
13659,3.7328
13660,3.4018
13661,3.8668
13662,3.8376
13663,3.3116
13664,3.6471
13665,3.3630
13666,3.7085
13667,3.4758
13668,3.4642
13669,3.6080
13670,3.3031
13671,3.6233
13672,3.4261
13673,3.3675
13674,3.8143
13675,3.3036
13676,3.8738
13677,3.3991
13678,3.3354
13679,4.1312
13680,3.0670
13681,3.8922
13682,3.8073
13683,3.4122
13684,3.9517
13685,3.3767
13686,3.6589
13687,3.8142
13688,3.4728
13689,3.6252
13690,3.4213
13691,4.3011
13692,3.3499
13693,3.5579
13694,3.9033
13695,3.5071
13696,3.6584
13697,3.4803
13698,3.7968
13699,3.9112
13700,3.3649
13701,3.6286
13702,3.9096
13703,3.5380
13704,3.7092
13705,3.4243
13706,3.5941
13707,3.5414
13708,4.2169
13709,3.7130
13710,3.4125
13711,3.6873
13712,4.5235
13713,3.4135
13714,3.3271
13715,3.2489
13716,3.2471
13717,3.2604
13718,3.2855
13719,3.3284
13720,3.2630
13721,3.3079
13722,3.2780
13723,3.2521
13724,4.5515
13725,3.3452
13726,3.5561
13727,3.9374
13728,3.3979
13729,3.6640
13730,3.3041
13731,3.5978
13732,3.8816
13733,3.2577
13734,3.5907
13735,3.2659
13736,3.6552
13737,3.5895
13738,3.2945
13739,4.5178
13740,3.2540
13741,3.4534
13742,3.3859
13743,3.4437
13744,3.3512
13745,3.3688
13746,3.8599
13747,3.3615
13748,3.3815
13749,3.3873
13750,3.5154
13751,3.3559
13752,3.4010
13753,3.8238
13754,3.5887
13755,3.3627
13756,3.5163
13757,3.6278
13758,4.8387
13759,3.6841
13760,3.6439
13761,3.6084
13762,3.5981
13763,3.6008
13764,3.8310
13765,3.4997
13766,3.8874
13767,3.4853
13768,3.8146
13769,4.0329
13770,3.9796
13771,3.4233
13772,4.4310
13773,3.5790
13774,3.5037
13775,3.2285
13776,3.2805
13777,3.7655
13778,3.5258
13779,3.3990
13780,3.2389
13781,3.3225
13782,3.3264
13783,3.5441
13784,3.3186
13785,3.3431
13786,3.4042
13787,3.3852
13788,3.3276
13789,3.2590
13790,3.3589
13791,3.5875
13792,3.3350
13793,3.4071
13794,3.3780
13795,3.3358
13796,3.3717
13797,3.4117
13798,3.2529
13799,3.2569
13800,3.2909
13801,3.2253
13802,3.5331
13803,3.3968
13804,3.3134
13805,3.3337
13806,3.9027
13807,3.3256
13808,3.2313
13809,3.3132
13810,3.2751
13811,3.4821
13812,3.3743
13813,3.4655
13814,3.3883
13815,3.5328
13816,3.5450
13817,3.7412
13818,3.8399
13819,4.8757
13820,4.2596
13821,3.4772
13822,3.7332
13823,3.4091
13824,3.4709
13825,3.4554
13826,3.7040
13827,3.6644
13828,3.5170
13829,4.0020
13830,4.0064
13831,3.6415
13832,3.1633
13833,3.7894
13834,3.4505
13835,4.2996
13836,3.3568
13837,3.4464
13838,3.2899
13839,3.9542
13840,3.3340
13841,3.8719
13842,3.4124
13843,3.4458
13844,3.4079
13845,3.2551
13846,3.9389
13847,3.9198
13848,3.7340
13849,4.6717
13850,3.8135
13851,5.7968
13852,5.0394
13853,4.1238
13854,4.0478
13855,5.1171
13856,4.1544
13857,4.1118
13858,3.5570
13859,4.5959
13860,3.5664
13861,3.5975
13862,3.4869
13863,3.5953
13864,3.7521
13865,3.5255
13866,3.7617
13867,3.3430
13868,3.3636
13869,3.4392
13870,3.6156
13871,3.6626
13872,3.2620
13873,4.2270
13874,3.2678
13875,3.4991
13876,3.3447
13877,3.8332
13878,4.7271
13879,5.3931
13880,3.4151
13881,4.3857
13882,4.6174
13883,3.4435
13884,4.3891
13885,3.4930
13886,3.9136
13887,3.7402
13888,3.4644
13889,3.4135
13890,3.5174
13891,3.7563
13892,4.6705
13893,4.3654
13894,4.3766
13895,3.5156
13896,3.5381
13897,3.6386
13898,3.8671
13899,3.6089
13900,5.2762
13901,6.7819
13902,3.6566
13903,4.9845
13904,3.9809
13905,4.7285
13906,4.0436
13907,3.3977
13908,3.6670
13909,3.6278
13910,4.0707
13911,3.5386
13912,4.4201
13913,4.1088
13914,4.2825
13915,4.1308
13916,4.3149
13917,3.7771
13918,3.3562
13919,3.9579
13920,3.3358
13921,3.6075
13922,3.5476
13923,3.5445
13924,3.9346
13925,3.3312
13926,3.7124
13927,3.3234
13928,4.0781
13929,3.4297
13930,3.4387
13931,3.2941
13932,3.5756
13933,3.2958
13934,3.7466
13935,3.3150
13936,3.8085
13937,4.1466
13938,3.5205
13939,4.8624
13940,3.8336
13941,3.9450
13942,3.8966
13943,3.7707
13944,5.0804
13945,3.9406
13946,4.0954
13947,4.2869
13948,3.7586
13949,4.2770
13950,3.5231
13951,4.4554
13952,4.2238
13953,3.3893
13954,3.8510
13955,3.7952
13956,4.3076
13957,3.7146
13958,3.4937
13959,4.4297
13960,4.2170
13961,3.9411
13962,3.6677
13963,3.3879
13964,5.0308
13965,4.3755
13966,3.9919
13967,3.9255
13968,3.9456
13969,4.2871
13970,4.0846
13971,4.1880
13972,5.0134
13973,3.7441
13974,5.6574
13975,3.8421
13976,5.3851
13977,5.2125
13978,4.1020
13979,5.0894
13980,3.6421
13981,4.1301
13982,3.4399
13983,3.9156
13984,5.2313
13985,4.4402
13986,4.5409
13987,4.3272
13988,4.2516
13989,4.1831
13990,4.0670
13991,3.5993
13992,3.9486
13993,3.6086
13994,4.4789
13995,3.4258
13996,3.7392
13997,4.1305
13998,3.4486
13999,3.6716
14000,3.5225
14001,3.8128
14002,3.8343
14003,3.3009
14004,3.7103
14005,3.4252
14006,3.7191
14007,3.7284
14008,3.4609
14009,3.7871
14010,3.3868
14011,4.2095
14012,3.7656
14013,3.7677
14014,4.4590
14015,4.2398
14016,4.1657
14017,4.0667
14018,3.3181
14019,3.5268
14020,3.7471
14021,3.7760
14022,3.4327
14023,3.3286
14024,3.3626
14025,3.3769
14026,4.9547
14027,3.6246
14028,3.4003
14029,3.5233
14030,3.3940
14031,3.5290
14032,3.8947
14033,4.3130
14034,4.2559
14035,4.0796
14036,4.3366
14037,4.7709
14038,4.3085
14039,3.4590
14040,3.7773
14041,4.1787
14042,4.4066
14043,4.4821
14044,3.9136
14045,3.5460
14046,3.5895
14047,3.5915
14048,4.1644
14049,3.9966
14050,3.0763
14051,5.1230
14052,4.6782
14053,4.1761
14054,3.7024
14055,3.2669
14056,3.5565
14057,3.3662
14058,3.5847
14059,3.2357
14060,3.3879
14061,3.4444
14062,4.9966
14063,3.5363
14064,3.2177
14065,3.3316
14066,3.5345
14067,3.4331
14068,3.4841
14069,3.3598
14070,3.4581
14071,3.4861
14072,3.5943
14073,3.4541
14074,3.7369
14075,3.9934
14076,4.1460
14077,3.4247
14078,3.8571
14079,3.2593
14080,3.5414
14081,3.5746
14082,3.3118
14083,3.3807
14084,3.3427
14085,3.3653
14086,3.4954
14087,3.2870
14088,3.5011
14089,3.2617
14090,3.3610
14091,3.3317
14092,3.5010
14093,3.7588
14094,3.7583
14095,4.5125
14096,3.5857
14097,3.7307
14098,3.9409
14099,4.8476
14100,4.2495
14101,4.1890
14102,3.7202
14103,4.3749
14104,3.7606
14105,4.3563
14106,4.9406
14107,4.3528
14108,3.7740
14109,3.5908
14110,3.4913
14111,3.7217
14112,2.8915
14113,3.5863
14114,3.8804
14115,4.3542
14116,4.7689
14117,4.1580
14118,4.9781
14119,3.6674
14120,3.4937
14121,3.5294
14122,3.6804
14123,3.4429
14124,3.3369
14125,3.3174
14126,3.5429
14127,3.7656
14128,3.8973
14129,3.8205
14130,3.8625
14131,4.8455
14132,3.4392
14133,4.5252
14134,4.6506
14135,4.5899
14136,3.6268
14137,3.4852
14138,3.9598
14139,10.2180
14140,4.4568
14141,5.1787
14142,4.8393
14143,5.1121
14144,4.3085
14145,4.4654
14146,4.6225
14147,4.5233
14148,4.9887
14149,4.5292
14150,4.2864
14151,4.9149
14152,4.7731
14153,4.4083
14154,4.8602
14155,4.2194
14156,4.4298
14157,3.9146
14158,4.2802
14159,4.6353
14160,4.2364
14161,4.3032
14162,3.4647
14163,3.5146
14164,3.6833
14165,3.8021
14166,4.9176
14167,4.0810
14168,3.6806
14169,4.0901
14170,3.6746
14171,3.6821
14172,4.1863
14173,4.1899
14174,3.6963
14175,4.4103
14176,3.5792
14177,3.4157
14178,4.0882
14179,3.4702
14180,4.0059
14181,4.5153
14182,3.4738
14183,3.5423
14184,3.8979
14185,3.9223
14186,3.8157
14187,3.7169
14188,3.5760
14189,4.1497
14190,3.3570
14191,4.0293
14192,4.0586
14193,3.4484
14194,3.6273
14195,3.7471
14196,3.8178
14197,3.5452
14198,3.3573
14199,3.5269
14200,3.4072
14201,3.8118
14202,4.4741
14203,3.8132
14204,3.6723
14205,3.5236
14206,3.7882
14207,4.1957
14208,3.4572
14209,4.8126
14210,4.2351
14211,4.3236
14212,5.9893
14213,4.6184
14214,11.1290
14215,6.3754
14216,4.5211
14217,4.2504
14218,4.4134
14219,4.9566
14220,8.7544
14221,5.1208
14222,4.8381
14223,4.6847
14224,5.9925
14225,4.4535
14226,5.6142
14227,5.0885
14228,3.7495
14229,4.6702
14230,4.3198
14231,4.2786
14232,3.5669
14233,3.3234
14234,3.1625
14235,5.6509
14236,5.9768
14237,3.7080
14238,3.3311
14239,3.3670
14240,4.2797
14241,3.4047
14242,3.5347
14243,3.5554
14244,3.5221
14245,3.5474
14246,4.0012
14247,3.5334
14248,3.4771
14249,3.4851
14250,3.3684
14251,3.5036
14252,3.4274
14253,3.5097
14254,3.4594
14255,3.7683
14256,3.4413
14257,3.4452
14258,3.8703
14259,3.5161
14260,3.4398
14261,3.3301
14262,4.7325
14263,3.4198
14264,3.6896
14265,3.4169
14266,3.5381
14267,3.4529
14268,3.3690
14269,3.4531
14270,3.7928
14271,3.4377
14272,3.4969
14273,3.4057
14274,3.7479
14275,3.7860
14276,4.4883
14277,3.7015
14278,4.2433
14279,4.4740
14280,3.5913
14281,3.7767
14282,4.7985
14283,4.9882
14284,3.6576
14285,3.3982
14286,3.8659
14287,4.1686
14288,3.9607
14289,3.5367
14290,3.5835
14291,5.3423
14292,6.4936
14293,2.8608
14294,3.4487
14295,4.4259
14296,5.6232
14297,5.1059
14298,6.5592
14299,4.3606
14300,4.6480
14301,4.6750
14302,4.1483
14303,4.7251
14304,3.8143
14305,3.4803
14306,3.8111
14307,3.3862
14308,4.1934
14309,5.0501
14310,3.6403
14311,3.5195
14312,3.7289
14313,5.2738
14314,3.6406
14315,3.6399
14316,3.9766
14317,3.5889
14318,3.7402
14319,3.7932
14320,3.4124
14321,4.0742
14322,3.7278
14323,3.4759
14324,4.8703
14325,5.4089
14326,3.6464
14327,3.4883
14328,3.4325
14329,3.6291
14330,3.5073
14331,3.8113
14332,3.6055
14333,3.4092
14334,3.6498
14335,3.8259
14336,5.2864
14337,5.3624
14338,3.9697
14339,4.9895
14340,4.3606
14341,4.7114
14342,3.9237
14343,3.6055
14344,4.5019
14345,4.2497
14346,4.4734
14347,3.4645
14348,3.5920
14349,4.7136
14350,4.7202
14351,4.2242
14352,5.2193
14353,3.6990
14354,4.5145
14355,3.4332
14356,4.5267
14357,5.9636
14358,4.2871
14359,4.3516
14360,3.3319
14361,3.6229
14362,5.0409
14363,3.9501
14364,5.0019
14365,3.2548
14366,3.6908
14367,6.7519
14368,4.8959
14369,5.0377
14370,4.4579
14371,4.6734
14372,4.5859
14373,4.4319
14374,4.7767
14375,4.5088
14376,3.3167
14377,3.4130
14378,3.5939
14379,3.6098
14380,4.3105
14381,3.9005
14382,3.4104
14383,3.5189
14384,3.6869
14385,3.4159
14386,4.0196
14387,3.6035
14388,3.4282
14389,3.3272
14390,3.4183
14391,3.4402
14392,3.3556
14393,3.6231
14394,4.3396
14395,3.6457
14396,3.6462
14397,5.1609
14398,4.4637
14399,4.2540
14400,3.6912
14401,4.0871
14402,4.9350
14403,4.8438
14404,3.6895
14405,3.7323
14406,4.3393
14407,3.6378
14408,3.5761
14409,4.2453
14410,3.6897
14411,3.4905
14412,4.3550
14413,3.6993
14414,3.9854
14415,3.7184
14416,4.9330
14417,5.0364
14418,3.6317
14419,3.7495
14420,3.6380
14421,6.3548
14422,4.6160
14423,4.5070
14424,4.4210
14425,6.9762
14426,3.7208
14427,3.3059
14428,3.6669
14429,3.7441
14430,4.0683
14431,4.3365
14432,3.6548
14433,3.5382
14434,3.7268
14435,3.4773
14436,3.7604
14437,3.9686
14438,3.4885
14439,3.8714
14440,3.6193
14441,4.6709
14442,5.2647
14443,3.4865
14444,3.6827
14445,3.4342
14446,3.8823
14447,3.8038
14448,3.3671
14449,3.7829
14450,3.4232
14451,3.6408
14452,4.5288
14453,3.4675
14454,3.5884
14455,4.0702
14456,4.4360
14457,3.7861
14458,3.7878
14459,4.7848
14460,4.2578
14461,4.4006
14462,4.1644
14463,3.4397
14464,4.6032
14465,3.6745
14466,4.2445
14467,3.5538
14468,3.7992
14469,3.5252
14470,3.6246
14471,13.5145
14472,6.6000
14473,4.2093
14474,3.6505
14475,3.4347
14476,3.8002
14477,6.1082
14478,3.5988
14479,4.9281
14480,3.5028
14481,3.8036
14482,5.4181
14483,4.8860
14484,4.6807
14485,6.3093
14486,5.0769
14487,3.4369
14488,3.4455
14489,3.2947
14490,3.5704
14491,4.8892
14492,4.4831
14493,4.4280
14494,3.3729
14495,5.5469
14496,4.8399
14497,3.5313
14498,3.5989
14499,3.4969
14500,3.3982
14501,4.1771
14502,3.7205
14503,3.7234
14504,3.5560
14505,3.3315
14506,3.9143
14507,3.5035
14508,3.5892
14509,3.3781
14510,3.9029
14511,3.3358
14512,3.6485
14513,3.4083
14514,3.4790
14515,4.0560
14516,4.2858
14517,3.7781
14518,5.0670
14519,5.9818
14520,4.2726
14521,4.2436
14522,3.4785
14523,4.6314
14524,4.4220
14525,3.5569
14526,3.7940
14527,3.5288
14528,3.4076
14529,4.5232
14530,4.3695
14531,4.9172
14532,4.3228
14533,3.5199
14534,4.5367
14535,3.6182
14536,3.7523
14537,3.9666
14538,3.5858
14539,4.0254
14540,3.5467
14541,3.8469
14542,4.4400
14543,3.4591
14544,6.5248
14545,3.3531
14546,5.0055
14547,4.2748
14548,5.9921
14549,5.1749
14550,4.5971
14551,7.7563
14552,4.9470
14553,3.4631
14554,3.5284
14555,3.3953
14556,6.3015
14557,3.9020
14558,3.4702
14559,4.6331
14560,4.9006
14561,3.4751
14562,3.6048
14563,3.3101
14564,3.4704
14565,3.9032
14566,3.8387
14567,3.6066
14568,4.2619
14569,3.5891
14570,3.4454
14571,3.7182
14572,4.4940
14573,4.4383
14574,3.4606
14575,3.6335
14576,4.5785
14577,4.1449
14578,4.1506
14579,4.5839
14580,4.5987
14581,3.8295
14582,6.4753
14583,4.0808
14584,5.0472
14585,3.4242
14586,4.1677
14587,4.5258
14588,4.4152
14589,4.2228
14590,4.3457
14591,3.9080
14592,4.1952
14593,3.5089
14594,3.1205
14595,3.5699
14596,4.8479
14597,3.7012
14598,3.3765
14599,4.7030
14600,3.3660
14601,3.9044
14602,4.1074
14603,3.3373
14604,3.5166
14605,3.5848
14606,3.3995
14607,3.4042
14608,3.3587
14609,3.3456
14610,3.4907
14611,3.5330
14612,3.2994
14613,3.3144
14614,3.2850
14615,3.3542
14616,3.3730
14617,3.3399
14618,3.8110
14619,3.6575
14620,4.2094
14621,3.7657
14622,3.4785
14623,3.8457
14624,4.0124
14625,3.3429
14626,3.7918
14627,3.2763
14628,3.5871
14629,4.0260
14630,3.4218
14631,3.4972
14632,3.3291
14633,4.4577
14634,3.2773
14635,3.4500
14636,3.7644
14637,3.5549
14638,3.4887
14639,3.7827
14640,3.5811
14641,4.4830
14642,3.5142
14643,4.2306
14644,3.5210
14645,3.7437
14646,3.7498
14647,3.8517
14648,4.3122
14649,4.6943
14650,3.6275
14651,4.5678
14652,3.8750
14653,3.4988
14654,3.7626
14655,3.7606
14656,4.9420
14657,4.1837
14658,3.2915
14659,4.2561
14660,3.7645
14661,4.0250
14662,3.7073
14663,3.3640
14664,4.4443
14665,3.4438
14666,4.6210
14667,4.6386
14668,3.6809
14669,4.0276
14670,3.4311
14671,3.9464
14672,3.5501
14673,3.4697
14674,3.7745
14675,3.7228
14676,3.7069
14677,3.6275
14678,3.3479
14679,5.2238
14680,3.7670
14681,5.5737
14682,3.8359
14683,3.5538
14684,3.7397
14685,4.3092
14686,3.7949
14687,6.6714
14688,4.9608
14689,5.3780
14690,4.2824
14691,4.0042
14692,3.7851
14693,3.4902
14694,3.8134
14695,3.4906
14696,3.3582
14697,4.9119
14698,3.7836
14699,4.7055
14700,4.4756
14701,4.1797
14702,3.9422
14703,4.0106
14704,4.8335
14705,3.5039
14706,3.8524
14707,3.7632
14708,3.6495
14709,3.8462
14710,3.9509
14711,4.2194
14712,5.2994
14713,3.7946
14714,4.0940
14715,3.5881
14716,4.3818
14717,3.3227
14718,3.6305
14719,3.6919
14720,4.5364
14721,4.1836
14722,3.6431
14723,3.6410
14724,3.4704
14725,3.9449
14726,3.8776
14727,4.0574
14728,3.5103
14729,3.4512
14730,3.7651
14731,3.2816
14732,3.9648
14733,3.5278
14734,3.4218
14735,3.4545
14736,3.4481
14737,3.4204
14738,3.4485
14739,3.7440
14740,4.0493
14741,3.9714
14742,4.4592
14743,3.4796
14744,3.4542
14745,10.4696
14746,4.3085
14747,3.5793
14748,4.1038
14749,4.8078
14750,5.0325
14751,6.3537
14752,4.7488
14753,5.7694
14754,4.5840
14755,4.6604
14756,3.5836
14757,3.8593
14758,4.3915
14759,4.7178
14760,3.8720
14761,4.1369
14762,3.7611
14763,3.7094
14764,3.9926
14765,4.3240
14766,6.0103
14767,6.5025
14768,4.9508
14769,3.7414
14770,4.3569
14771,4.8178
14772,4.6004
14773,3.9215
14774,4.3429
14775,4.2084
14776,4.3251
14777,3.9282
14778,4.7164
14779,4.0158
14780,3.5358
14781,4.2890
14782,3.7885
14783,3.5415
14784,3.7786
14785,3.8508
14786,3.8407
14787,3.5173
14788,3.6082
14789,4.2627
14790,4.6071
14791,4.6609
14792,4.2881
14793,3.6490
14794,4.7035
14795,3.6090
14796,4.8433
14797,4.0631
14798,4.2875
14799,4.1853
14800,6.2152
14801,6.9340
14802,4.9753
14803,3.8973
14804,7.6031
14805,4.2756
14806,3.9336
14807,3.3716
14808,3.4131
14809,3.7178
14810,3.3625
14811,4.2301
14812,3.3837
14813,3.4736
14814,4.1162
14815,3.6448
14816,3.9889
14817,4.1828
14818,3.2932
14819,3.6768
14820,3.5960
14821,4.0794
14822,4.0899
14823,3.5180
14824,4.6416
14825,3.6428
14826,3.8796
14827,3.9656
14828,4.0426
14829,4.5737
14830,4.4039
14831,4.5396
14832,4.4812
14833,3.6958
14834,4.6343
14835,4.1682
14836,4.7422
14837,4.3432
14838,3.7828
14839,4.5431
14840,4.1143
14841,4.9087
14842,3.8985
14843,4.1243
14844,4.6886
14845,3.5914
14846,3.8735
14847,3.7215
14848,3.5968
14849,5.1741
14850,3.3934
14851,3.7826
14852,3.7121
14853,3.4212
14854,3.8759
14855,3.3877
14856,4.5660
14857,4.5296
14858,3.5357
14859,3.6603
14860,3.4127
14861,3.7653
14862,4.3419
14863,3.7207
14864,6.9366
14865,3.3543
14866,4.1844
14867,3.6317
14868,3.5459
14869,3.4482
14870,5.6295
14871,3.5041
14872,3.9333
14873,4.7180
14874,4.8735
14875,5.1932
14876,3.8474
14877,4.0022
14878,3.4431
14879,3.3654
14880,3.3491
14881,8.0352
14882,4.5066
14883,3.6749
14884,9.4883
14885,7.0706
14886,4.2808
14887,3.6030
14888,3.4342
14889,6.9001
14890,3.4536
14891,3.8756
14892,3.4167
14893,3.9774
14894,3.8823
14895,4.6560
14896,3.6046
14897,3.5857
14898,4.3071
14899,3.6254
14900,4.8964
14901,3.6314
14902,3.9041
14903,4.3129
14904,3.6355
14905,4.1950
14906,3.8304
14907,3.4333
14908,3.7589
14909,3.4141
14910,3.3892
14911,3.3545
14912,3.5536
14913,3.4583
14914,3.9630
14915,4.2897
14916,3.8405
14917,3.4791
14918,3.3294
14919,3.2908
14920,3.3831
14921,3.7432
14922,4.0884
14923,3.5397
14924,4.3325
14925,3.3975
14926,3.4594
14927,3.7344
14928,3.9669
14929,3.6840
14930,3.4225
14931,3.3651
14932,3.9357
14933,3.4481
14934,5.0710
14935,3.5842
14936,5.6700
14937,3.6095
14938,3.3481
14939,3.4237
14940,4.8256
14941,4.5102
14942,4.6012
14943,4.3119
14944,3.5330
14945,3.3548
14946,3.7737
14947,3.4050
14948,3.5561
14949,4.1016
14950,4.8382
14951,5.7520
14952,4.1730
14953,4.6755
14954,3.6726
14955,3.9368
14956,6.8686
14957,3.4961
14958,9.8022
14959,4.9822
14960,3.7877
14961,4.0708
14962,4.4093
14963,4.5206
14964,3.7938
14965,4.4859
14966,3.9550
14967,3.4006
14968,3.7695
14969,4.5559
14970,4.6653
14971,3.5406
14972,3.4198
14973,3.4742
14974,3.3352
14975,3.3343
14976,3.3151
14977,3.6368
14978,3.3794
14979,3.3953
14980,3.5084
14981,3.3772
14982,3.3055
14983,3.8242
14984,3.3531
14985,3.2858
14986,5.8935
14987,4.3166
14988,3.7487
14989,3.3421
14990,3.3244
14991,3.3266
14992,3.2824
14993,3.3792
14994,3.2714
14995,3.2516
14996,3.4468
14997,3.6292
14998,3.2845
14999,3.4386
15000,3.2165
15001,3.7931
15002,4.2518
15003,3.4941
15004,4.3344
15005,3.2826
15006,3.6541
15007,3.3772
15008,3.3918
15009,4.5286
15010,3.3231
15011,3.9363
15012,3.9581
15013,4.1169
15014,4.3695
15015,3.5110
15016,4.3448
15017,3.4658
15018,3.6446
15019,3.6696
15020,3.5121
15021,3.8919
15022,3.4812
15023,3.7474
15024,4.0430
15025,3.5126
15026,3.7154
15027,3.7501
15028,3.3038
15029,3.7288
15030,3.5281
15031,3.5694
15032,3.7307
15033,3.4608
15034,3.6120
15035,3.3489
15036,3.7219
15037,3.6355
15038,3.4004
15039,3.8882
15040,4.5801
15041,4.6842
15042,5.3450
15043,4.5679
15044,4.6019
15045,3.4590
15046,3.8158
15047,3.5939
15048,4.6523
15049,4.5765
15050,4.1300
15051,5.1955
15052,4.8872
15053,4.6718
15054,5.0003
15055,3.4972
15056,4.6882
15057,3.9409
15058,3.6364
15059,4.1307
15060,3.9369
15061,3.6495
15062,3.5167
15063,5.9801
15064,5.3267
15065,4.5528
15066,4.1151
15067,4.2430
15068,3.6495
15069,4.6718
15070,3.7275
15071,4.6068
15072,4.0674
15073,5.2394
15074,5.3058
15075,4.5257
15076,4.2501
15077,3.5632
15078,3.8673
15079,5.2132
15080,4.5818
15081,3.7137
15082,3.7501
15083,3.5078
15084,4.7178
15085,3.5995
15086,4.5411
15087,3.7410
15088,3.0105
15089,3.5854
15090,3.4393
15091,3.5077
15092,3.4020
15093,3.3957
15094,3.3747
15095,3.4410
15096,3.9693
15097,3.6026
15098,3.4514
15099,3.4303
15100,3.6777
15101,3.4599
15102,3.8353
15103,3.4097
15104,3.7997
15105,3.5310
15106,4.3497
15107,3.8258
15108,3.7413
15109,3.5198
15110,3.2709
15111,4.2128
15112,3.9103
15113,3.8814
15114,4.3520
15115,3.4132
15116,3.7134
15117,3.3510
15118,3.4279
15119,3.8257
15120,3.2976
15121,3.4506
15122,4.2142
15123,3.3362
15124,3.9680
15125,3.3826
15126,3.8540
15127,5.2809
15128,3.3321
15129,3.4688
15130,3.4100
15131,4.0510
15132,3.8732
15133,4.7801
15134,5.1662
15135,7.4524
15136,4.6079
15137,4.8231
15138,4.3343
15139,3.5682
15140,3.6032
15141,8.7324
15142,3.6878
15143,3.5422
15144,4.3059
15145,5.1863
15146,4.5174
15147,3.6693
15148,6.5209
15149,4.7660
15150,4.2321
15151,4.7871
15152,6.4737
15153,3.4105
15154,3.7467
15155,4.0593
15156,4.1357
15157,3.4785
15158,3.4667
15159,3.3428
15160,3.5133
15161,3.4907
15162,3.8066
15163,3.4977
15164,3.4411
15165,3.4448
15166,3.4808
15167,3.3987
15168,3.4893
15169,3.7657
15170,3.5231
15171,4.1164
15172,3.3424
15173,3.6371
15174,3.3780
15175,3.4006
15176,3.3132
15177,3.4920
15178,3.2569
15179,3.2287
15180,3.3280
15181,3.4246
15182,3.3268
15183,3.8737
15184,3.3321
15185,4.7002
15186,3.9827
15187,3.2056
15188,3.3317
15189,3.2780
15190,3.4308
15191,3.6306
15192,4.0375
15193,3.4925
15194,4.2433
15195,4.5690
15196,4.7778
15197,3.6883
15198,4.1246
15199,3.7005
15200,3.4542
15201,3.7991
15202,3.8774
15203,3.3892
15204,3.7149
15205,3.7401
15206,4.1789
15207,3.9039
15208,2.5920
15209,3.7439
15210,3.5863
15211,4.1657
15212,3.7067
15213,3.4656
15214,3.7263
15215,3.1942
15216,3.5132
15217,3.6568
15218,3.4687
15219,3.4531
15220,3.3397
15221,3.6499
15222,3.4302
15223,3.4241
15224,4.7482
15225,3.7737
15226,3.9518
15227,4.8452
15228,4.2467
15229,3.7026
15230,4.0084
15231,3.6350
15232,3.4264
15233,3.9055
15234,3.8495
15235,4.0870
15236,3.4472
15237,3.3825
15238,3.6892
15239,3.4978
15240,2.7195
15241,3.4999
15242,3.4072
15243,3.3174
15244,3.3536
15245,3.5816
15246,3.4835
15247,3.2354
15248,3.6466
15249,5.2201
15250,3.2150
15251,3.5252
15252,3.3105
15253,3.3809
15254,3.6025
15255,3.4275
15256,3.6411
15257,3.3037
15258,3.6696
15259,3.4911
15260,3.3299
15261,3.5798
15262,3.2318
15263,3.2798
15264,4.2925
15265,3.2412
15266,3.5236
15267,3.6521
15268,3.2078
15269,4.0672
15270,3.2243
15271,3.5073
15272,3.1877
15273,3.2021
15274,3.5863
15275,3.2416
15276,3.7115
15277,3.3446
15278,3.2691
15279,3.5344
15280,3.5034
15281,3.6896
15282,4.1315
15283,4.8852
15284,4.7839
15285,3.5316
15286,4.0944
15287,3.4252
15288,3.5229
15289,3.3449
15290,3.3313
15291,3.5099
15292,3.9870
15293,3.3650
15294,3.3224
15295,3.5727
15296,3.3008
15297,3.8326
15298,3.4541
15299,3.3792
15300,3.3018
15301,3.4414
15302,3.2867
15303,3.4156
15304,3.4786
15305,3.4413
15306,3.3999
15307,3.2142
15308,3.1504
15309,3.2361
15310,3.1946
15311,3.2522
15312,3.2345
15313,3.3436
15314,3.2499
15315,3.2626
15316,3.9228
15317,3.6559
15318,3.1922
15319,3.4804
15320,3.1672
15321,3.4194
15322,3.2539
15323,3.2969
15324,3.2790
15325,3.3566
15326,3.2512
15327,3.2978
15328,3.3422
15329,3.2497
15330,3.3321
15331,3.2997
15332,3.3738
15333,3.3706
15334,3.4978
15335,3.2596
15336,3.2865
15337,3.7521
15338,3.4202
15339,3.7112
15340,3.4481
15341,4.4165
15342,4.5276
15343,4.1537
15344,3.9432
15345,3.2415
15346,4.1878
15347,4.3357
15348,3.4623
15349,4.3715
15350,3.3370
15351,3.7151
15352,4.5268
15353,3.4028
15354,4.0342
15355,2.8915
15356,3.7639
15357,3.4859
15358,3.6000
15359,3.5144
15360,3.3098
15361,3.5042
15362,3.2720
15363,3.2521
15364,3.6111
15365,3.2262
15366,3.6914
15367,3.3707
15368,3.3210
15369,3.5130
15370,3.2076
15371,3.5309
15372,3.2771
15373,3.3019
15374,3.4300
15375,3.3397
15376,3.8336
15377,3.2734
15378,3.4534
15379,3.2754
15380,3.3123
15381,3.2379
15382,3.4244
15383,3.4153
15384,3.2321
15385,3.3386
15386,3.6564
15387,3.2087
15388,3.3389
15389,3.5752
15390,3.2532
15391,3.2233
15392,3.3078
15393,3.4062
15394,3.2867
15395,3.5757
15396,3.4632
15397,3.3065
15398,3.5099
15399,3.5678
15400,3.3197
15401,3.3873
15402,4.1933
15403,3.7833
15404,3.3916
15405,3.5657
15406,4.6355
15407,3.7196
15408,3.4666
15409,3.3861
15410,3.4463
15411,3.7101
15412,3.5865
15413,3.3804
15414,3.3487
15415,3.5070
15416,3.5013
15417,3.3431
15418,3.2322
15419,3.6601
15420,3.2223
15421,3.2278
15422,3.3379
15423,3.2892
15424,4.0011
15425,3.2037
15426,4.6285
15427,3.6798
15428,3.2230
15429,3.4706
15430,3.2955
15431,3.4673
15432,3.6493
15433,3.3168
15434,3.7439
15435,3.3010
15436,3.3239
15437,3.9862
15438,3.2374
15439,4.0924
15440,3.4348
15441,3.6398
15442,3.4107
15443,3.3149
15444,3.9502
15445,3.4204
15446,3.7240
15447,3.5214
15448,4.1510
15449,3.7376
15450,3.2137
15451,3.6226
15452,4.1373
15453,3.4268
15454,3.7473
15455,3.2349
15456,3.6772
15457,3.2848
15458,3.5872
15459,3.5799
15460,3.4421
15461,4.0625
15462,6.2187
15463,3.3682
15464,3.9435
15465,3.4094
15466,3.7787
15467,3.4694
15468,3.4586
15469,3.4615
15470,3.4537
15471,3.8733
15472,3.8108
15473,3.2851
15474,3.6309
15475,3.5326
15476,3.9444
15477,3.7599
15478,3.2744
15479,3.7739
15480,3.3671
15481,3.6542
15482,3.7508
15483,3.2133
15484,3.8156
15485,3.3971
15486,3.7288
15487,3.9188
15488,3.2917
15489,3.9826
15490,3.5291
15491,3.9013
15492,4.2088
15493,4.4519
15494,4.3450
15495,4.2821
15496,5.0261
15497,4.0754
15498,3.5186
15499,4.4245
15500,3.4679
15501,4.7810
15502,3.7347
15503,3.7113
15504,3.9907
15505,3.7002
15506,3.7785
15507,3.6923
15508,3.9259
15509,3.8854
15510,3.5342
15511,3.5178
15512,3.8585
15513,3.4947
15514,6.1363
15515,4.0376
15516,3.3717
15517,4.2677
15518,3.8190
15519,3.5149
15520,4.2543
15521,3.7180
15522,6.2405
15523,4.7304
15524,6.2187
15525,4.7504
15526,5.2835
15527,4.5351
15528,3.5921
15529,3.2836
15530,7.3197
15531,4.4463
15532,3.3777
15533,3.4945
15534,3.3839
15535,3.3076
15536,3.6732
15537,3.3901
15538,3.3917
15539,3.3378
15540,3.3309
15541,3.6297
15542,3.6145
15543,3.3622
15544,3.5106
15545,3.3909
15546,3.4419
15547,3.6682
15548,3.8016
15549,3.3823
15550,3.4944
15551,3.6403
15552,3.5373
15553,3.4602
15554,4.3270
15555,3.9383
15556,3.4632
15557,4.2853
15558,4.2658
15559,3.5450
15560,3.5486
15561,3.4973
15562,3.4690
15563,4.3525
15564,3.6617
15565,3.7813
15566,3.8085
15567,4.2573
15568,4.4813
15569,3.9252
15570,3.8201
15571,4.7208
15572,3.7733
15573,3.6926
15574,3.6998
15575,3.3177
15576,7.8508
15577,7.2537
15578,6.6910
15579,6.2746
15580,6.1809
15581,6.9608
15582,6.7197
15583,6.9817
15584,7.5039
15585,6.3150
15586,6.5895
15587,9.1130
15588,6.0990
15589,6.7523
15590,6.5241
15591,7.4895
15592,6.7030
15593,6.8375
15594,6.1799
15595,5.3163
15596,5.6505
15597,5.4491
15598,6.1848
15599,5.3760
15600,4.4209
15601,3.9509
15602,4.8781
15603,5.7702
15604,6.7192
15605,5.3746
15606,6.0119
15607,16.2190
15608,12.7241
15609,5.5621
15610,5.4001
15611,5.9378
15612,5.3898
15613,4.4365
15614,4.9403
15615,3.7756
15616,5.5767
15617,5.9634
15618,4.8495
15619,5.5943
15620,5.4184
15621,6.0431
15622,5.5232
15623,5.5700
15624,6.0464
15625,6.2364
15626,6.0765
15627,5.5335
15628,5.5379
15629,4.9033
15630,4.1682
15631,4.8242
15632,5.4166
15633,3.9923
15634,5.7971
15635,6.1093
15636,6.3764
15637,5.8223
15638,5.2545
15639,5.5369
15640,5.3957
15641,6.5589
15642,5.7029
15643,4.5386
15644,5.6137
15645,4.8095
15646,5.7235
15647,5.6574
15648,6.5794
15649,5.9761
15650,3.8725
15651,4.6888
15652,4.5396
15653,3.5893
15654,5.2208
15655,5.6548
15656,6.2921
15657,5.1567
15658,5.1543
15659,5.9309
15660,4.3842
15661,5.3763
15662,5.4092
15663,3.9596
15664,6.2488
15665,6.2486
15666,6.6424
15667,5.7071
15668,5.6723
15669,7.3565
15670,5.5251
15671,5.5285
15672,5.8791
15673,4.4521
15674,4.9980
15675,4.3080
15676,3.5871
15677,3.5759
15678,3.5642
15679,3.6972
15680,5.1668
15681,5.3755
15682,4.8464
15683,5.9407
15684,3.7281
15685,5.0291
15686,6.1334
15687,4.9492
15688,5.2481
15689,3.8258
15690,4.3312
15691,4.2135
15692,3.4962
15693,3.3253
15694,3.2669
15695,3.4648
15696,3.7136
15697,3.5245
15698,3.4168
15699,3.5834
15700,3.6165
15701,3.4941
15702,4.3855
15703,4.8563
15704,4.7534
15705,3.4095
15706,4.7373
15707,3.4935
15708,3.6483
15709,3.7915
15710,3.4846
15711,3.4966
15712,3.9375
15713,3.5373
15714,3.9211
15715,3.4300
15716,3.5288
15717,3.7537
15718,3.3016
15719,3.4361
15720,3.2469
15721,3.2308
15722,3.2994
15723,3.5425
15724,3.3966
15725,3.1723
15726,3.6625
15727,3.4739
15728,3.3452
15729,4.5174
15730,3.2676
15731,3.9413
15732,4.4624
15733,3.3383
15734,3.6921
15735,3.4913
15736,5.1143
15737,4.5292
15738,4.0264
15739,3.9046
15740,3.4401
15741,4.9685
15742,4.2050
15743,3.5099
15744,4.1164
15745,3.4940
15746,3.6541
15747,3.4145
15748,3.0384
15749,3.6387
15750,3.3873
15751,3.7286
15752,3.4461
15753,3.4514
15754,3.7559
15755,3.3411
15756,3.2855
15757,3.3105
15758,3.2371
15759,3.2725
15760,3.7030
15761,3.3088
15762,3.3051
15763,3.3513
15764,3.3540
15765,3.2773
15766,3.5781
15767,3.3761
15768,3.4111
15769,3.8165
15770,3.3905
15771,3.3711
15772,3.6437
15773,3.3345
15774,3.7922
15775,3.2635
15776,3.7410
15777,3.2451
15778,3.3672
15779,3.9313
15780,3.6212
15781,3.7946
15782,3.7228
15783,3.3246
15784,4.1662
15785,3.2478
15786,4.2189
15787,3.5892
15788,3.2750
15789,3.3272
15790,3.4202
15791,3.4224
15792,3.4214
15793,4.2448
15794,3.6478
15795,3.4962
15796,3.4003
15797,3.6590
15798,4.4711
15799,4.3319
15800,6.1596
15801,3.3937
15802,4.2166
15803,3.5133
15804,3.3674
15805,3.8185
15806,5.0273
15807,3.6678
15808,3.9998
15809,4.0997
15810,3.2467
15811,3.3880
15812,3.4398
15813,3.6564
15814,3.2592
15815,3.3115
15816,3.2897
15817,3.3518
15818,3.4776
15819,3.5545
15820,3.3887
15821,3.7756
15822,3.6038
15823,3.3433
15824,4.0813
15825,3.2540
15826,4.2723
15827,3.6005
15828,3.3539
15829,3.6973
15830,3.4548
15831,3.7402
15832,3.3894
15833,3.3168
15834,3.6993
15835,3.2712
15836,3.6334
15837,3.3195
15838,3.3897
15839,3.8170
15840,3.3816
15841,3.5792
15842,3.3463
15843,3.2644
15844,3.5855
15845,3.3574
15846,3.8900
15847,3.3400
15848,3.3301
15849,3.2793
15850,3.3078
15851,3.3142
15852,3.4730
15853,3.3762
15854,3.5810
15855,3.5936
15856,3.4024
15857,3.6704
15858,5.2693
15859,3.8931
15860,3.8608
15861,3.4599
15862,3.4747
15863,3.5352
15864,3.5505
15865,3.9653
15866,3.6527
15867,3.4735
15868,3.5343
15869,3.5425
15870,3.8123
15871,3.5703
15872,3.4546
15873,3.4387
15874,3.2552
15875,3.3924
15876,3.2965
15877,3.3061
15878,3.3059
15879,3.5704
15880,3.2196
15881,3.3302
15882,3.3772
15883,3.2860
15884,3.2779
15885,3.2383
15886,19.7846
15887,4.4162
15888,3.3396
15889,3.2716
15890,3.7464
15891,3.3868
15892,3.4817
15893,3.2295
15894,3.3587
15895,3.3589
15896,3.2598
15897,3.1842
15898,3.6914
15899,3.4025
15900,3.4246
15901,3.2777
15902,3.2267
15903,3.3313
15904,3.2568
15905,3.2829
15906,3.5256
15907,3.3019
15908,3.2323
15909,3.2782
15910,3.3317
15911,3.3960
15912,3.3922
15913,3.4141
15914,3.5202
15915,3.5562
15916,3.6197
15917,3.3663
15918,3.4717
15919,4.8548
15920,3.5309
15921,3.9733
15922,3.8354
15923,3.5072
15924,4.5179
15925,3.4101
15926,4.3156
15927,3.4380
15928,3.3701
15929,4.0360
15930,3.3352
15931,3.4870
15932,3.3722
15933,3.4717
15934,4.0296
15935,3.2233
15936,3.7354
15937,3.2516
15938,3.2548
15939,3.6132
15940,3.2254
15941,3.6271
15942,3.4562
15943,3.2383
15944,3.8825
15945,3.2023
15946,3.7790
15947,4.0094
15948,3.6748
15949,3.5393
15950,4.1240
15951,6.5187
15952,5.0941
15953,4.6128
15954,4.1979
15955,3.5022
15956,3.8548
15957,3.6943
15958,3.4549
15959,3.6140
15960,3.4526
15961,3.7079
15962,3.4365
15963,3.4829
15964,3.6358
15965,3.3103
15966,4.5171
15967,3.3242
15968,3.2895
15969,3.5562
15970,3.2561
15971,4.2109
15972,3.2593
15973,3.4629
15974,3.4161
15975,3.2673
15976,3.4228
15977,3.2965
15978,3.4935
15979,3.8744
15980,3.3846
15981,3.6618
15982,4.3908
15983,4.2370
15984,3.5266
15985,3.3746
15986,3.5453
15987,3.3667
15988,3.6719
15989,4.3551
15990,3.2921
15991,3.4976
15992,4.1645
15993,3.9747
15994,3.3866
15995,3.5008
15996,3.4729
15997,3.3505
15998,3.3564
15999,3.2501
16000,3.2892
16001,3.1991
16002,3.3349
16003,3.2321
16004,3.4892
16005,3.2907
16006,3.5445
16007,4.2036
16008,3.2730
16009,3.5950
16010,3.3062
16011,3.5898
16012,3.2562
16013,3.3495
16014,3.7846
16015,3.2039
16016,3.8720
16017,3.4998
16018,3.2694
16019,3.7857
16020,3.2810
16021,3.6308
16022,3.5836
16023,3.2860
16024,3.6400
16025,3.2651
16026,3.8078
16027,4.9522
16028,3.3254
16029,3.1863
16030,3.2463
16031,3.7083
16032,3.4710
16033,3.4047
16034,3.7031
16035,3.3402
16036,3.2159
16037,3.4053
16038,3.5684
16039,3.5260
16040,3.4962
16041,3.9243
16042,3.8739
16043,3.4154
16044,3.6796
16045,4.1830
16046,3.8363
16047,3.3584
16048,3.9873
16049,4.1384
16050,3.2757
16051,3.6602
16052,4.2168
16053,3.7978
16054,3.4613
16055,3.3217
16056,3.3425
16057,3.3722
16058,3.3435
16059,3.2015
16060,3.5190
16061,3.3331
16062,3.2803
16063,3.2922
16064,3.2845
16065,3.2428
16066,3.6093
16067,3.2852
16068,3.2923
16069,3.3895
16070,3.2893
16071,3.4182
16072,3.3819
16073,3.2726
16074,3.2879
16075,3.2757
16076,3.3772
16077,3.3522
16078,3.2569
16079,3.3345
16080,3.5610
16081,3.5104
16082,3.3031
16083,3.2924
16084,3.4560
16085,3.3534
16086,3.5234
16087,3.8012
16088,3.5011
16089,3.5350
16090,3.3578
16091,3.9258
16092,3.9447
16093,3.3204
16094,2.9382
16095,3.5246
16096,3.4021
16097,3.2776
16098,3.3702
16099,4.7753
16100,3.7749
16101,3.4972
16102,3.5056
16103,3.3122
16104,3.4366
16105,3.5006
16106,4.3475
16107,3.4420
16108,3.3380
16109,3.5180
16110,3.5869
16111,3.5695
16112,3.6445
16113,4.0697
16114,3.5904
16115,3.4560
16116,3.2246
16117,3.2371
16118,3.3343
16119,3.3335
16120,3.5277
16121,3.7802
16122,3.7681
16123,3.2962
16124,3.6595
16125,4.0435
16126,4.0877
16127,3.7913
16128,3.4258
16129,4.2465
16130,3.7248
16131,4.6126
16132,4.0960
16133,3.9545
16134,3.6625
16135,3.5062
16136,5.2015
16137,3.7665
16138,3.3859
16139,3.8579
16140,3.4643
16141,4.3027
16142,3.4478
16143,3.4624
16144,4.4460
16145,3.4095
16146,3.4555
16147,3.6420
16148,3.2891
16149,3.6834
16150,3.2819
16151,3.5898
16152,3.3916
16153,3.3141
16154,3.8514
16155,3.6218
16156,3.9794
16157,3.3856
16158,3.2995
16159,3.6572
16160,3.4063
16161,3.6595
16162,3.6067
16163,3.3311
16164,4.3515
16165,3.4051
16166,3.8069
16167,3.2457
16168,3.2614
16169,4.0412
16170,3.4223
16171,3.3921
16172,3.6282
16173,3.4326
16174,3.3365
16175,3.2678
16176,3.2316
16177,3.2533
16178,3.3179
16179,3.3683
16180,3.2430
16181,3.2568
16182,3.2593
16183,3.3135
16184,3.2903
16185,3.2468
16186,3.3133
16187,3.2955
16188,3.3907
16189,3.4800
16190,3.3429
16191,3.8920
16192,3.4953
16193,3.7630
16194,3.7663
16195,3.4988
16196,3.4370
16197,3.3561
16198,3.4726
16199,3.4363
16200,3.4466
16201,4.2316
16202,3.4904
16203,3.6161
16204,3.6336
16205,2.7120
16206,3.4359
16207,3.4496
16208,3.5736
16209,3.3706
16210,3.3226
16211,3.4407
16212,4.9149
16213,3.2421
16214,3.2793
16215,3.3291
16216,3.3125
16217,3.4147
16218,3.3005
16219,3.2549
16220,3.3380
16221,3.3031
16222,3.5328
16223,3.3117
16224,3.7964
16225,3.2646
16226,3.5410
16227,3.3814
16228,3.7184
16229,3.7534
16230,3.2865
16231,3.7394
16232,3.3601
16233,4.1027
16234,3.3247
16235,3.4781
16236,3.3206
16237,3.2507
16238,3.3838
16239,3.2616
16240,3.2542
16241,3.3413
16242,3.2381
16243,3.3131
16244,3.2157
16245,3.5446
16246,3.4416
16247,4.4559
16248,3.3051
16249,3.8967
16250,3.3111
16251,4.7265
16252,4.8910
16253,3.6430
16254,3.7698
16255,3.2990
16256,3.5436
16257,3.4093
16258,3.3942
16259,3.6311
16260,4.0065
16261,4.3820
16262,3.3698
16263,4.0919
16264,4.1711
16265,2.2329
16266,3.8677
16267,3.9030
16268,3.2627
16269,3.5501
16270,3.3616
16271,3.5945
16272,4.2225
16273,3.4788
16274,4.9774
16275,3.2399
16276,3.7767
16277,3.1973
16278,3.2454
16279,3.3985
16280,3.2452
16281,3.3948
16282,3.3427
16283,3.4241
16284,3.2259
16285,3.2143
16286,3.3564
16287,3.3251
16288,3.8898
16289,3.4831
16290,3.2755
16291,3.2965
16292,3.3755
16293,3.4060
16294,3.3179
16295,2.7732
16296,3.2660
16297,3.2795
16298,3.2847
16299,3.3010
16300,3.5000
16301,3.3072
16302,3.2973
16303,3.2614
16304,3.2993
16305,3.2652
16306,3.6030
16307,3.3827
16308,3.4040
16309,3.5878
16310,3.3119
16311,3.5199
16312,5.0890
16313,4.3664
16314,4.1176
16315,3.2785
16316,3.7382
16317,4.4044
16318,3.9620
16319,4.2382
16320,3.5257
16321,3.7746
16322,4.4207
16323,3.5237
16324,4.6473
16325,2.8541
16326,3.6503
16327,4.2278
16328,3.2291
16329,3.5138
16330,3.2408
16331,3.7419
16332,3.7192
16333,3.2964
16334,3.5531
16335,3.3522
16336,3.9605
16337,3.8103
16338,3.3789
16339,3.6375
16340,3.3684
16341,4.2697
16342,3.7006
16343,3.6337
16344,3.9108
16345,3.4808
16346,5.7240
16347,3.8740
16348,3.3869
16349,3.9240
16350,3.4393
16351,3.5005
16352,3.6918
16353,3.2572
16354,3.5747
16355,3.7834
16356,3.6705
16357,3.7533
16358,3.3042
16359,3.4589
16360,3.2777
16361,3.1724
16362,3.3549
16363,3.2847
16364,3.2962
16365,3.2241
16366,3.5385
16367,3.4904
16368,3.2724
16369,4.0043
16370,3.3497
16371,3.7644
16372,4.4855
16373,4.3714
16374,4.4289
16375,3.3591
16376,3.7205
16377,3.9491
16378,3.3766
16379,4.3066
16380,3.9632
16381,5.2250
16382,3.9214
16383,4.0141
16384,3.5886
16385,3.4834
16386,3.2063
16387,3.3044
16388,3.4170
16389,3.4197
16390,3.2125
16391,3.4722
16392,3.4278
16393,3.8017
16394,3.6101
16395,3.2578
16396,4.1620
16397,3.2676
16398,3.4100
16399,3.5664
16400,3.5902
16401,3.6362
16402,3.4214
16403,3.3349
16404,4.6949
16405,5.1960
16406,3.7319
16407,3.3141
16408,4.1036
16409,4.2380
16410,3.6208
16411,3.6492
16412,3.9406
16413,4.4411
16414,4.1630
16415,3.5155
16416,3.4068
16417,3.1015
16418,3.3072
16419,3.7060
16420,3.2898
16421,3.9355
16422,3.6756
16423,3.2694
16424,3.8771
16425,3.2622
16426,3.6543
16427,3.7692
16428,3.6977
16429,3.5864
16430,3.2361
16431,3.7711
16432,3.2259
16433,3.6289
16434,3.7713
16435,3.4121
16436,3.7369
16437,3.2920
16438,3.3293
16439,3.4911
16440,3.3108
16441,3.4389
16442,3.7171
16443,3.3536
16444,3.4315
16445,3.2961
16446,3.3776
16447,3.2634
16448,3.5978
16449,3.5296
16450,3.2414
16451,3.5813
16452,3.3354
16453,3.6307
16454,3.5278
16455,3.2472
16456,3.3899
16457,3.2700
16458,3.6833
16459,3.5037
16460,4.1415
16461,3.5083
16462,3.2890
16463,4.2024
16464,4.1483
16465,3.9480
16466,3.5314
16467,3.5342
16468,3.3231
16469,3.5870
16470,3.2895
16471,3.3326
16472,4.5011
16473,3.6336
16474,4.3496
16475,3.9813
16476,4.0906
16477,3.9946
16478,3.3660
16479,3.9972
16480,3.2367
16481,3.8411
16482,3.5562
16483,3.7960
16484,3.4737
16485,3.2101
16486,3.9496
16487,3.4422
16488,3.2882
16489,3.2653
16490,3.2877
16491,3.9491
16492,3.9064
16493,3.2142
16494,3.5305
16495,3.3423
16496,3.6063
16497,4.2749
16498,3.2118
16499,3.6611
16500,3.3046
16501,3.6893
16502,3.7022
16503,3.2277
16504,3.6374
16505,3.2339
16506,3.5963
16507,3.2256
16508,3.3875
16509,3.2045
16510,3.2695
16511,3.2299
16512,3.2211
16513,3.2359
16514,3.2275
16515,3.2669
16516,3.2503
16517,3.3186
16518,3.3074
16519,3.3352
16520,3.5956
16521,3.4835
16522,3.2447
16523,3.3088
16524,3.3895
16525,3.9487
16526,4.4504
16527,4.0881
16528,3.3658
16529,3.4779
16530,3.3690
16531,3.4263
16532,4.5715
16533,3.3707
16534,3.4776
16535,3.3962
16536,3.3529
16537,2.9907
16538,3.8148
16539,3.3275
16540,3.5410
16541,3.3604
16542,3.3190
16543,3.2854
16544,3.2255
16545,3.2058
16546,3.5187
16547,3.4161
16548,3.2493
16549,4.7318
16550,3.1623
16551,3.5573
16552,3.9789
16553,3.2349
16554,3.8771
16555,3.2890
16556,3.9737
16557,4.9483
16558,3.5168
16559,4.4258
16560,3.3910
16561,3.6636
16562,3.8476
16563,3.3954
16564,4.3705
16565,3.3729
16566,3.8644
16567,4.2507
16568,3.2329
16569,3.4668
16570,3.3331
16571,3.6554
16572,3.4473
16573,3.2104
16574,3.5753
16575,3.5778
16576,3.4308
16577,3.2166
16578,3.9677
16579,3.2841
16580,3.3387
16581,3.4319
16582,3.2354
16583,3.2573
16584,3.2174
16585,3.3391
16586,3.4832
16587,3.3969
16588,3.3499
16589,3.3573
16590,4.0027
16591,3.5037
16592,4.5876
16593,3.5975
16594,4.8491
16595,4.1519
16596,5.2126
16597,3.3403
16598,4.0897
16599,3.4236
16600,3.3246
16601,3.5668
16602,3.3502
16603,4.0988
16604,3.3767
16605,4.0233
16606,3.2606
16607,3.2354
16608,3.3406
16609,3.2504
16610,3.2689
16611,3.2500
16612,3.2775
16613,3.2998
16614,3.7151
16615,3.1636
16616,3.2821
16617,3.4282
16618,3.4872
16619,3.3329
16620,3.2864
16621,3.3941
16622,4.5925
16623,4.1163
16624,3.5704
16625,3.4251
16626,3.7408
16627,3.3824
16628,3.3720
16629,3.4011
16630,4.0617
16631,3.3886
16632,3.4322
16633,3.3420
16634,3.8968
16635,3.8799
16636,3.3781
16637,3.2815
16638,3.2630
16639,3.2472
16640,3.2543
16641,3.2265
16642,3.4861
16643,3.3422
16644,3.3570
16645,3.3278
16646,3.6446
16647,4.3191
16648,3.9384
16649,4.6094
16650,5.0554
16651,4.6760
16652,4.0415
16653,3.6117
16654,5.8972
16655,4.4295
16656,3.8174
16657,3.4316
16658,3.4177
16659,4.1747
16660,4.1376
16661,4.1623
16662,3.6678
16663,3.4416
16664,3.5838
16665,3.5845
16666,3.0141
16667,3.4030
16668,3.5713
16669,4.0717
16670,3.3506
16671,3.2617
16672,3.5500
16673,3.5645
16674,4.0613
16675,3.3915
16676,3.4603
16677,3.2113
16678,3.4062
16679,4.0327
16680,3.9939
16681,4.0286
16682,3.7770
16683,4.5115
16684,6.0308
16685,6.0440
16686,4.4020
16687,4.2570
16688,4.2485
16689,4.0579
16690,3.5278
16691,4.1120
16692,3.6031
16693,3.5826
16694,4.6873
16695,3.3411
16696,3.5997
16697,2.8913
16698,4.0309
16699,3.6986
16700,3.7112
16701,3.5923
16702,3.2475
16703,3.8126
16704,3.5323
16705,3.2404
16706,3.6780
16707,4.2178
16708,3.5087
16709,3.2635
16710,3.2984
16711,3.3756
16712,3.1934
16713,4.9743
16714,3.5046
16715,3.2914
16716,3.2082
16717,3.3709
16718,3.2410
16719,3.2528
16720,3.2491
16721,3.2218
16722,3.3805
16723,3.2069
16724,3.3068
16725,3.2810
16726,3.8712
16727,3.7874
16728,3.2724
16729,3.4013
16730,3.2101
16731,3.9383
16732,4.9170
16733,3.3643
16734,3.7847
16735,4.3186
16736,3.9868
16737,3.8195
16738,3.2313
16739,3.6252
16740,3.7558
16741,3.6222
16742,4.1650
16743,3.2968
16744,4.5588
16745,3.6180
16746,4.1293
16747,3.5875
16748,4.6588
16749,3.6753
16750,3.3158
16751,3.6378
16752,3.2654
16753,3.5215
16754,3.5864
16755,3.4057
16756,4.1349
16757,3.4189
16758,3.1698
16759,3.5013
16760,4.3583
16761,3.3585
16762,3.3224
16763,3.3831
16764,3.2227
16765,3.0157
16766,3.3899
16767,3.1718
16768,3.6618
16769,3.5173
16770,3.2454
16771,3.5343
16772,3.6445
16773,3.4277
16774,3.4412
16775,3.7402
16776,3.4997
16777,3.4141
16778,3.4045
16779,3.4615
16780,3.3380
16781,3.4744
16782,3.5006
16783,3.2848
16784,3.5251
16785,3.5124
16786,4.3049
16787,3.5663
16788,3.3860
16789,3.5069
16790,3.4838
16791,3.4512
16792,3.4062
16793,3.3045
16794,3.5339
16795,4.3698
16796,4.0073
16797,4.3514
16798,3.3570
16799,4.2785
16800,4.6110
16801,5.4198
16802,3.7075
16803,4.2689
16804,7.3999
16805,5.9667
16806,5.5809
16807,6.5843
16808,4.6064
16809,5.8946
16810,3.4083
16811,3.9313
16812,4.0571
16813,4.2547
16814,4.9832
16815,3.6634
16816,3.9377
16817,3.4863
16818,3.5129
16819,4.5494
16820,2.8883
16821,3.9300
16822,3.6581
16823,3.4465
16824,4.1825
16825,3.2874
16826,3.5776
16827,3.5747
16828,4.1021
16829,3.4431
16830,3.1778
16831,3.2526
16832,3.4477
16833,3.3303
16834,3.3399
16835,3.2710
16836,3.4036
16837,3.1578
16838,3.2118
16839,3.1997
16840,3.3451
16841,3.2367
16842,3.3050
16843,3.3513
16844,3.4622
16845,3.5840
16846,3.5124
16847,3.2377
16848,3.7165
16849,4.0163
16850,3.3494
16851,3.6502
16852,3.4285
16853,3.7063
16854,3.5972
16855,3.3254
16856,3.4631
16857,3.3802
16858,3.5107
16859,3.4442
16860,3.3173
16861,3.4607
16862,3.3040
16863,3.5227
16864,3.6600
16865,3.3607
16866,4.1157
16867,3.5490
16868,3.7328
16869,4.7187
16870,3.6316
16871,4.0684
16872,3.5955
16873,3.4135
16874,3.5192
16875,3.3843
16876,3.8390
16877,3.3820
16878,3.3830
16879,3.2904
16880,3.3482
16881,3.7272
16882,3.6156
16883,3.2919
16884,4.2332
16885,3.4927
16886,3.5652
16887,3.6438
16888,3.2556
16889,3.6925
16890,3.2689
16891,3.7395
16892,3.4197
16893,3.2425
16894,3.5642
16895,3.3002
16896,3.5450
16897,3.5841
16898,3.2296
16899,3.4047
16900,3.5530
16901,3.6288
16902,3.2358
16903,4.0024
16904,3.9343
16905,3.5240
16906,3.5001
16907,3.3682
16908,3.2617
16909,3.3019
16910,3.2873
16911,3.2329
16912,3.2984
16913,3.2646
16914,3.3000
16915,3.2562
16916,3.8554
16917,3.5624
16918,3.2309
16919,3.2661
16920,3.2102
16921,3.7148
16922,3.2959
16923,3.3836
16924,3.8970
16925,3.3545
16926,3.6872
16927,4.2982
16928,3.4728
16929,3.6832
16930,3.3301
16931,3.6657
16932,3.4552
16933,3.6708
16934,3.7564
16935,3.6175
16936,4.9072
16937,3.7268
16938,3.4199
16939,3.6715
16940,3.1247
16941,4.3546
16942,3.5354
16943,3.2924
16944,3.7039
16945,3.5436
16946,4.4803
16947,3.8877
16948,3.4600
16949,3.8223
16950,3.2956
16951,3.6082
16952,3.2940
16953,3.3513
16954,3.5913
16955,3.6178
16956,3.5215
16957,3.4030
16958,3.2770
16959,3.6440
16960,3.2928
16961,3.7922
16962,3.4190
16963,3.5238
16964,3.6428
16965,3.2465
16966,3.5297
16967,3.3686
16968,3.5185
16969,3.2448
16970,3.2454
16971,3.2374
16972,3.2750
16973,3.2604
16974,3.3125
16975,3.3082
16976,3.1912
16977,3.2441
16978,3.2804
16979,3.3340
16980,4.5228
16981,3.2236
16982,3.2374
16983,3.3741
16984,3.5437
16985,3.2912
16986,3.8447
16987,4.6498
16988,3.5489
16989,3.3494
16990,3.9960
16991,3.3452
16992,3.9916
16993,3.5447
16994,3.5178
16995,3.3204
16996,3.4029
16997,3.8348
16998,4.0555
16999,3.4074
17000,2.9307
17001,3.5399
17002,4.2177
17003,3.4478
17004,3.6164
17005,3.4035
17006,3.7926
17007,3.8328
17008,3.2956
17009,4.2085
17010,3.5866
17011,3.8008
17012,3.7522
17013,3.4123
17014,4.1903
17015,3.3198
17016,3.9180
17017,3.9189
17018,3.7018
17019,3.6464
17020,3.5861
17021,3.9832
17022,3.3477
17023,4.4121
17024,4.2977
17025,3.3076
17026,3.9481
17027,3.4925
17028,4.5445
17029,3.7522
17030,2.7008
17031,3.8221
17032,4.8035
17033,3.8847
17034,4.2357
17035,3.2634
17036,3.5021
17037,3.3728
17038,3.4774
17039,3.5205
17040,3.2685
17041,3.4897
17042,3.4021
17043,3.5507
17044,3.5372
17045,3.2594
17046,3.7736
17047,3.6183
17048,3.3349
17049,3.2135
17050,3.5296
17051,3.2690
17052,3.2768
17053,3.2713
17054,3.2546
17055,3.2879
17056,3.3525
17057,3.3977
17058,3.2437
17059,3.3068
17060,3.2294
17061,3.1747
17062,3.2754
17063,3.2134
17064,3.2198
17065,3.4828
17066,3.4346
17067,4.2240
17068,3.2560
17069,3.6969
17070,3.1716
17071,3.4891
17072,3.7838
17073,3.3253
17074,3.7833
17075,3.4604
17076,4.3624
17077,4.5788
17078,3.5259
17079,4.6497
17080,4.2477
17081,4.0037
17082,3.3630
17083,3.3815
17084,3.5293
17085,3.8363
17086,3.6295
17087,3.5651
17088,3.6629
17089,3.4978
17090,4.0028
17091,4.0329
17092,3.5709
17093,3.5643
17094,3.6966
17095,3.3181
17096,3.3137
17097,3.6970
17098,3.3990
17099,3.2462
17100,3.3902
17101,3.3633
17102,3.6701
17103,3.3040
17104,3.2304
17105,3.3324
17106,3.6992
17107,3.5357
17108,3.3969
17109,3.6640
17110,3.3049
17111,3.5403
17112,3.3157
17113,3.3015
17114,3.4744
17115,3.3759
17116,3.5191
17117,3.3810
17118,3.4184
17119,3.4739
17120,3.6662
17121,3.5022
17122,3.3369
17123,3.4009
17124,3.5087
17125,3.4751
17126,3.7840
17127,3.2432
17128,3.2383
17129,3.4023
17130,3.3807
17131,3.2213
17132,3.2618
17133,3.2030
17134,3.2776
17135,3.3324
17136,4.4249
17137,4.0728
17138,3.4195
17139,3.3380
17140,3.4209
17141,4.4134
17142,3.4934
17143,3.3221
17144,3.3786
17145,3.8511
17146,3.5580
17147,4.0353
17148,3.4656
17149,3.7547
17150,3.4211
17151,3.5599
17152,4.4665
17153,3.0193
17154,3.7552
17155,3.3603
17156,3.7795
17157,4.5332
17158,3.3610
17159,3.4551
17160,3.2492
17161,3.2101
17162,3.2521
17163,3.3198
17164,3.2786
17165,3.2405
17166,3.6116
17167,3.6617
17168,3.4006
17169,4.1079
17170,3.3357
17171,3.7086
17172,4.9040
17173,4.3097
17174,3.6017
17175,3.7915
17176,3.8424
17177,3.3541
17178,3.3964
17179,3.8436
17180,4.0456
17181,3.9259
17182,4.1917
17183,4.1197
17184,4.0639
17185,2.7381
17186,3.6970
17187,4.8623
17188,3.4775
17189,3.9105
17190,3.4256
17191,3.6499
17192,3.5141
17193,3.3050
17194,3.6098
17195,3.3262
17196,3.6367
17197,3.2978
17198,3.3182
17199,3.6992
17200,3.2691
17201,3.5741
17202,3.3611
17203,3.6223
17204,3.3560
17205,3.3563
17206,3.7486
17207,3.3535
17208,3.2976
17209,3.2470
17210,3.3935
17211,3.3375
17212,3.5448
17213,3.3086
17214,3.2722
17215,3.2808
17216,3.4482
17217,3.2811
17218,3.5487
17219,3.2029
17220,3.3306
17221,3.3168
17222,3.2631
17223,3.2660
17224,3.2149
17225,3.3933
17226,3.5986
17227,3.3813
17228,3.4380
17229,3.9616
17230,4.7476
17231,3.5173
17232,3.3658
17233,3.4399
17234,3.9991
17235,3.4127
17236,4.0718
17237,3.3932
17238,3.6537
17239,3.5876
17240,3.3523
17241,3.3630
17242,2.9383
17243,3.3577
17244,3.4199
17245,3.3484
17246,3.2280
17247,3.1770
17248,3.2724
17249,3.7179
17250,3.4194
17251,3.3948
17252,3.3183
17253,3.3527
17254,3.2126
17255,3.3334
17256,3.3093
17257,3.2399
17258,3.8604
17259,3.7242
17260,3.4165
17261,3.2568
17262,3.3915
17263,3.2571
17264,3.4485
17265,3.2539
17266,3.4481
17267,3.9098
17268,3.2735
17269,3.6997
17270,3.3930
17271,3.6994
17272,3.8305
17273,3.2670
17274,4.2460
17275,3.3363
17276,3.6913
17277,3.2291
17278,3.7453
17279,3.9072
17280,4.2263
17281,3.8121
17282,3.4146
17283,3.2642
17284,3.5697
17285,3.6620
17286,3.6777
17287,3.3805
17288,3.3737
17289,3.5472
17290,3.3521
17291,4.9774
17292,3.8885
17293,3.4333
17294,4.0974
17295,3.3821
17296,4.4260
17297,3.3558
17298,3.9003
17299,3.7781
17300,3.4318
17301,3.6493
17302,3.4153
17303,2.9228
17304,3.3577
17305,3.4427
17306,3.6118
17307,3.4134
17308,3.3526
17309,3.3511
17310,3.2297
17311,3.2558
17312,3.2432
17313,3.5785
17314,3.2120
17315,3.3320
17316,3.2349
17317,3.2788
17318,3.2360
17319,3.5680
17320,3.2087
17321,3.3993
17322,4.0772
17323,3.2438
17324,3.9698
17325,3.6720
17326,3.5255
17327,3.2613
17328,3.3339
17329,3.7079
17330,3.4054
17331,3.6206
17332,3.4427
17333,3.3963
17334,3.6140
17335,3.2831
17336,3.8853
17337,3.2494
17338,3.3688
17339,3.7333
17340,3.6788
17341,3.6002
17342,3.2821
17343,3.2972
17344,3.5545
17345,3.5161
17346,3.8647
17347,3.3764
17348,3.3024
17349,4.1874
17350,4.5102
17351,4.8660
17352,3.6385
17353,3.4841
17354,3.6698
17355,3.4957
17356,4.0338
17357,3.3353
17358,3.5018
17359,4.4418
17360,3.4336
17361,4.3242
17362,3.3723
17363,2.5240
17364,3.7059
17365,3.5247
17366,3.6293
17367,3.2802
17368,3.2356
17369,3.8487
17370,3.2841
17371,3.4422
17372,3.4306
17373,3.2933
17374,3.2930
17375,3.3525
17376,3.3429
17377,3.5520
17378,3.3298
17379,3.5123
17380,3.2668
17381,3.3474
17382,3.2947
17383,3.2728
17384,3.2583
17385,3.2310
17386,3.3952
17387,3.3191
17388,3.2468
17389,3.2133
17390,3.3332
17391,3.1975
17392,3.2223
17393,3.1929
17394,3.1793
17395,3.7633
17396,3.3183
17397,3.4530
17398,3.3681
17399,3.8797
17400,3.2646
17401,3.3701
17402,3.9028
17403,3.2457
17404,4.4958
17405,3.4022
17406,3.9439
17407,3.6524
17408,3.2822
17409,5.0036
17410,3.4329
17411,4.3711
17412,3.8443
17413,3.3817
17414,3.7555
17415,3.4745
17416,4.4721
17417,3.6696
17418,3.3086
17419,3.8744
17420,3.5968
17421,3.8463
17422,3.0640
17423,3.6874
17424,4.1729
17425,3.3095
17426,3.5850
17427,3.3918
17428,3.3391
17429,3.4072
17430,3.2931
17431,3.6140
17432,3.2349
17433,3.2364
17434,3.2946
17435,3.3070
17436,3.3168
17437,3.6016
17438,3.4450
17439,3.4709
17440,3.6139
17441,3.4105
17442,3.7470
17443,4.2720
17444,3.4386
17445,3.3539
17446,3.8364
17447,3.6040
17448,3.4683
17449,3.8348
17450,3.3538
17451,3.3868
17452,3.4850
17453,3.2447
17454,3.0759
17455,3.4128
17456,3.3293
17457,3.9052
17458,3.2984
17459,3.8233
17460,3.3594
17461,3.2689
17462,3.5424
17463,3.3068
17464,3.8323
17465,3.2047
17466,3.5142
17467,3.2590
17468,3.4577
17469,3.5305
17470,3.2081
17471,3.6480
17472,4.0278
17473,4.1100
17474,3.7980
17475,3.4964
17476,3.4387
17477,3.3556
17478,3.3126
17479,3.4547
17480,3.8172
17481,3.4350
17482,3.3437
17483,3.4127
17484,3.1619
17485,3.4640
17486,3.9926
17487,3.2628
17488,3.2392
17489,3.2713
17490,3.2919
17491,3.2626
17492,3.2855
17493,3.2631
17494,3.2728
17495,3.3382
17496,3.3102
17497,3.1954
17498,3.3578
17499,3.5133
17500,3.3864
17501,3.7579
17502,3.8185
17503,3.9665
17504,4.1128
17505,3.5904
17506,3.7280
17507,3.5621
17508,3.5915
17509,3.6597
17510,3.3421
17511,4.2430
17512,3.3674
17513,3.5537
17514,3.8956
17515,3.1002
17516,3.8578
17517,4.0312
17518,5.9368
17519,3.3420
17520,3.3666
17521,3.5351
17522,3.8213
17523,3.2789
17524,3.8996
17525,3.4006
17526,3.5654
17527,3.5206
17528,3.2740
17529,3.8586
17530,3.4532
17531,3.7385
17532,4.1013
17533,3.8664
17534,4.2586
17535,3.4489
17536,4.1798
17537,3.7398
17538,3.7143
17539,3.6745
17540,4.1728
17541,4.5632
17542,3.8854
17543,3.4354
17544,3.7427
17545,3.3874
17546,3.4498
17547,3.2887
17548,3.3916
17549,3.8855
17550,3.2736
17551,3.6911
17552,3.6213
17553,3.5195
17554,3.6350
17555,3.5525
17556,3.5372
17557,3.3318
17558,3.2326
17559,3.9180
17560,4.5590
17561,3.9023
17562,3.3713
17563,3.5809
17564,4.6208
17565,4.2787
17566,3.5734
17567,3.3460
17568,3.5941
17569,3.4500
17570,3.3551
17571,3.5552
17572,3.4933
17573,3.4517
17574,3.3894
17575,3.3743
17576,3.2130
17577,3.4257
17578,3.9885
17579,3.5415
17580,3.4172
17581,3.2193
17582,3.3029
17583,3.2807
17584,3.2322
17585,3.3110
17586,3.5306
17587,3.2538
17588,3.5391
17589,3.2962
17590,3.3200
17591,3.4113
17592,3.9047
17593,3.3670
17594,3.3783
17595,3.7572
17596,4.4413
17597,3.3633
17598,3.9778
17599,3.7743
17600,3.5411
17601,3.9170
17602,3.3468
17603,3.3319
17604,3.4553
17605,3.3778
17606,3.7410
17607,3.5492
17608,3.1569
17609,3.2782
17610,3.3606
17611,3.2918
17612,3.2311
17613,3.1965
17614,3.5727
17615,3.2373
17616,3.2934
17617,3.1760
17618,3.2795
17619,3.2336
17620,3.5581
17621,3.3580
17622,3.7022
17623,3.3546
17624,3.2473
17625,3.3349
17626,3.3111
17627,3.4068
17628,3.3895
17629,3.4552
17630,3.3254
17631,3.5465
17632,3.6666
17633,3.3170
17634,3.9179
17635,3.2751
17636,3.6674
17637,3.6115
17638,3.3224
17639,3.7833
17640,3.5761
17641,3.7675
17642,4.0346
17643,3.3110
17644,3.5886
17645,3.2449
17646,3.5034
17647,3.3056
17648,3.2493
17649,3.5773
17650,3.3632
17651,4.5637
17652,3.4125
17653,3.5616
17654,3.7283
17655,4.1414
17656,3.5392
17657,3.1661
17658,3.3620
17659,3.6951
17660,3.7267
17661,4.1727
17662,3.3512
17663,3.4065
17664,4.2627
17665,3.4247
17666,4.1027
17667,3.6272
17668,3.3743
17669,4.6716
17670,3.4947
17671,3.7339
17672,3.8694
17673,3.2703
17674,3.7569
17675,3.3631
17676,3.8849
17677,3.4003
17678,3.9472
17679,4.0410
17680,3.3572
17681,3.9891
17682,3.9436
17683,3.1927
17684,4.1041
17685,3.3211
17686,3.6321
17687,3.2804
17688,3.4771
17689,3.5235
17690,3.4000
17691,3.4272
17692,3.3894
17693,3.5124
17694,3.6370
17695,3.2722
17696,3.4322
17697,3.2797
17698,3.2780
17699,3.3362
17700,3.2642
17701,3.3682
17702,3.2212
17703,3.1198
17704,3.2304
17705,3.2097
17706,3.6781
17707,3.2851
17708,3.2365
17709,3.2946
17710,3.5190
17711,3.4938
17712,3.9425
17713,4.1558
17714,3.5900
17715,3.3074
17716,3.3562
17717,3.3643
17718,3.4128
17719,3.3599
17720,3.3199
17721,4.0149
17722,4.3406
17723,4.3363
17724,3.9234
17725,3.4538
17726,3.0729
17727,3.6878
17728,3.7118
17729,3.6826
17730,3.2458
17731,3.5609
17732,3.6178
17733,3.2698
17734,3.8470
17735,3.3141
17736,3.5584
17737,3.2385
17738,3.3688
17739,3.4996
17740,3.4319
17741,5.3239
17742,4.6931
17743,3.3455
17744,4.1417
17745,3.6716
17746,4.5651
17747,3.4481
17748,3.4861
17749,4.8666
17750,3.3578
17751,3.8243
17752,5.2431
17753,3.3661
17754,4.5714
17755,3.4524
17756,4.1328
17757,3.7481
17758,3.4827
17759,3.8046
17760,3.5787
17761,3.7423
17762,3.6506
17763,3.2473
17764,3.7936
17765,3.2937
17766,3.4546
17767,3.2799
17768,3.2960
17769,3.7638
17770,3.3120
17771,3.6529
17772,3.3397
17773,3.3587
17774,3.5008
17775,3.2186
17776,3.3720
17777,3.2857
17778,3.3667
17779,3.5293
17780,3.3620
17781,3.5726
17782,3.4306
17783,3.2360
17784,3.3129
17785,3.1646
17786,3.2894
17787,3.2741
17788,3.2255
17789,3.2562
17790,3.3817
17791,3.2301
17792,3.3451
17793,3.3075
17794,3.3119
17795,3.2375
17796,3.1775
17797,3.7198
17798,3.1219
17799,3.3387
17800,3.4985
17801,3.6567
17802,3.5228
17803,3.5275
17804,4.3718
17805,3.5032
17806,3.5142
17807,3.3459
17808,3.4664
17809,3.7636
17810,3.7636
17811,4.1169
17812,4.5423
17813,4.0272
17814,3.4061
17815,3.3787
17816,3.4633
17817,3.1040
17818,3.2706
17819,3.4479
17820,3.9332
17821,3.3999
17822,3.8086
17823,3.2585
17824,3.7290
17825,3.3409
17826,3.5884
17827,3.6211
17828,3.2649
17829,3.7226
17830,3.2947
17831,3.4953
17832,4.2585
17833,3.3897
17834,4.1104
17835,3.5195
17836,5.0837
17837,4.0251
17838,3.3671
17839,3.6954
17840,5.2905
17841,4.4406
17842,3.8278
17843,4.4029
17844,3.6613
17845,3.3359
17846,3.7237
17847,3.5388
17848,4.1676
17849,2.5749
17850,3.3052
17851,3.4555
17852,3.7018
17853,3.2924
17854,3.2797
17855,3.2742
17856,3.2230
17857,3.2243
17858,3.2226
17859,3.2424
17860,3.3960
17861,3.2920
17862,3.5170
17863,3.3017
17864,3.2870
17865,3.5077
17866,3.3148
17867,3.3907
17868,3.5789
17869,4.0038
17870,4.2782
17871,3.3649
17872,3.6291
17873,4.0702
17874,4.5354
17875,3.4364
17876,3.7946
17877,4.1698
17878,3.4831
17879,3.9561
17880,3.3708
17881,3.1226
17882,3.5448
17883,3.5302
17884,4.0972
17885,3.3476
17886,3.6030
17887,3.8264
17888,3.3052
17889,4.0724
17890,3.3608
17891,3.6381
17892,3.6728
17893,3.3683
17894,4.0192
17895,3.5697
17896,3.8954
17897,3.2424
17898,3.6535
17899,3.6333
17900,3.5255
17901,3.7933
17902,3.8673
17903,3.4625
17904,3.3896
17905,3.2683
17906,3.7149
17907,3.6450
17908,3.2579
17909,4.0440
17910,3.3097
17911,3.7781
17912,3.7046
17913,3.2884
17914,3.7057
17915,3.2894
17916,3.6298
17917,3.4820
17918,3.3171
17919,3.5935
17920,3.3789
17921,3.8816
17922,3.6124
17923,3.2431
17924,3.8610
17925,4.0181
17926,4.3721
17927,3.4251
17928,3.4555
17929,4.3925
17930,3.5281
17931,3.2312
17932,3.4142
17933,3.4941
17934,3.3836
17935,3.4762
17936,3.5307
17937,3.5216
17938,3.4787
17939,3.4009
17940,3.4640
17941,3.1999
17942,3.5672
17943,3.6440
17944,3.9664
17945,3.6099
17946,3.3176
17947,3.4081
17948,3.4836
17949,3.4034
17950,3.3402
17951,3.6180
17952,3.2606
17953,3.2989
17954,3.4683
17955,3.4424
17956,4.2112
17957,3.6662
17958,3.4492
17959,3.3299
17960,3.7092
17961,3.8689
17962,5.9598
17963,4.0254
17964,3.7042
17965,3.3183
17966,3.7619
17967,3.4214
17968,3.3783
17969,3.4771
17970,3.4531
17971,3.4480
17972,2.8365
17973,3.6079
17974,3.4927
17975,3.4216
17976,3.3192
17977,3.2697
17978,3.3816
17979,3.2023
17980,3.4416
17981,3.5942
17982,3.7201
17983,3.5439
17984,3.6209
17985,3.3223
17986,3.6060
17987,3.5743
17988,3.3344
17989,3.7304
17990,3.3593
17991,4.0234
17992,3.5595
17993,3.2986
17994,3.7405
17995,3.2668
17996,3.6483
17997,3.9289
17998,3.3123
17999,4.4711
18000,3.4505
