{
  "ok": true,
  "failures": [],
  "round1": {
    "ok": true,
    "failures": [],
    "eventOrder": [
      {
        "category": "entity-create",
        "key": "+00000000000000010000000000000001:world"
      },
      {
        "category": "entity-create",
        "key": "+00000000000000010000000000000001:WorldSaveComponent.tickRate=20"
      },
      {
        "category": "entity-create",
        "key": "+00000000000000010000000000000006:player"
      },
      {
        "category": "entity-create",
        "key": "+00000000000000010000000000000006:IdentityComponent.name="
      },
      {
        "category": "entity-create",
        "key": "+00000000000000010000000000000006:IdentityComponent.colorHue=0"
      },
      {
        "category": "entity-create",
        "key": "+00000000000000010000000000000006:LogicTransform.localPosition=16.5,1.5,16.5"
      },
      {
        "category": "entity-create",
        "key": "+00000000000000010000000000000006:LogicTransform.localRotation=0,0,0,1"
      },
      {
        "category": "entity-create",
        "key": "+00000000000000010000000000000006:LogicTransform.parent="
      },
      {
        "category": "entity-create",
        "key": "+00000000000000010000000000000006:LogicTransform.teleportId="
      },
      {
        "category": "entity-create",
        "key": "+00000000000000010000000000000006:AttributeComponent.OreBase=9"
      },
      {
        "category": "entity-create",
        "key": "+00000000000000010000000000000006:AttributeComponent.OreCurrent=9"
      },
      {
        "category": "entity-create",
        "key": "+00000000000000010000000000000006:AttributeComponent.StaminaBase=100"
      },
      {
        "category": "entity-create",
        "key": "+00000000000000010000000000000006:AttributeComponent.StaminaCurrent=100"
      },
      {
        "category": "entity-create",
        "key": "+00000000000000010000000000000002:vein"
      },
      {
        "category": "entity-create",
        "key": "+00000000000000010000000000000002:VeinReserveComponent.remaining=6"
      },
      {
        "category": "entity-create",
        "key": "+00000000000000010000000000000003:vein"
      },
      {
        "category": "entity-create",
        "key": "+00000000000000010000000000000003:VeinReserveComponent.remaining=6"
      },
      {
        "category": "entity-create",
        "key": "+00000000000000010000000000000004:vein"
      },
      {
        "category": "entity-create",
        "key": "+00000000000000010000000000000004:VeinReserveComponent.remaining=6"
      },
      {
        "category": "entity-create",
        "key": "+00000000000000010000000000000005:vein"
      },
      {
        "category": "entity-create",
        "key": "+00000000000000010000000000000005:VeinReserveComponent.remaining=6"
      },
      {
        "category": "entity-field",
        "key": "00000000000000010000000000000006:AttributeComponent.staminaBase=100"
      },
      {
        "category": "entity-field",
        "key": "00000000000000010000000000000006:AttributeComponent.staminaCurrent=100"
      },
      {
        "category": "entity-field",
        "key": "00000000000000010000000000000006:AttributeComponent.oreBase=9"
      },
      {
        "category": "entity-field",
        "key": "00000000000000010000000000000006:AttributeComponent.oreCurrent=9"
      },
      {
        "category": "entity-field",
        "key": "00000000000000010000000000000006:LogicTransform.localPosition=16.5,1.5,16.5"
      },
      {
        "category": "entity-create",
        "key": "+00000000000000010000000000000007:player"
      },
      {
        "category": "entity-create",
        "key": "+00000000000000010000000000000007:IdentityComponent.name="
      },
      {
        "category": "entity-create",
        "key": "+00000000000000010000000000000007:IdentityComponent.colorHue=105"
      },
      {
        "category": "entity-create",
        "key": "+00000000000000010000000000000007:LogicTransform.localPosition=16.5,1.5,16.5"
      },
      {
        "category": "entity-create",
        "key": "+00000000000000010000000000000007:LogicTransform.localRotation=0,0,0,1"
      },
      {
        "category": "entity-create",
        "key": "+00000000000000010000000000000007:LogicTransform.parent="
      },
      {
        "category": "entity-create",
        "key": "+00000000000000010000000000000007:LogicTransform.teleportId="
      },
      {
        "category": "entity-create",
        "key": "+00000000000000010000000000000007:AttributeComponent.OreCurrent=9"
      },
      {
        "category": "entity-create",
        "key": "+00000000000000010000000000000007:AttributeComponent.StaminaCurrent=100"
      },
      {
        "category": "entity-field",
        "key": "00000000000000010000000000000007:AttributeComponent.staminaCurrent=100"
      },
      {
        "category": "entity-field",
        "key": "00000000000000010000000000000007:AttributeComponent.oreCurrent=9"
      },
      {
        "category": "entity-field",
        "key": "00000000000000010000000000000007:LogicTransform.localPosition=16.5,1.5,16.5"
      },
      {
        "category": "entity-field",
        "key": "00000000000000010000000000000007:IdentityComponent.colorHue=105"
      },
      {
        "category": "rpc-delivery",
        "key": "{\"appliedTick\":93,\"args\":[\"30303030303030303030303030303031303030303030303030303030303030373a2073616d706c6520746f75723a2068656c6c6f2066726f6d20746865206d696e696e6720626f74\"],\"componentId\":\"ChatComponent\",\"messageId\":1,\"method\":\"OnChatMessage\",\"roomSequence\":1,\"scope\":\"room\",\"sender\":\"00000000000000010000000000000007\",\"target\":\"00000000000000010000000000000007\"}"
      },
      {
        "category": "entity-field",
        "key": "00000000000000010000000000000007:LogicTransform.localPosition=17.75,1.5,16.5"
      },
      {
        "category": "entity-field",
        "key": "00000000000000010000000000000007:LogicTransform.localPosition=17.75,1.5,17.75"
      },
      {
        "category": "entity-field",
        "key": "00000000000000010000000000000007:LogicTransform.localPosition=17.75,1.5,19"
      },
      {
        "category": "entity-field",
        "key": "00000000000000010000000000000007:LogicTransform.localPosition=16.5,1.5,19"
      },
      {
        "category": "entity-field",
        "key": "00000000000000010000000000000007:LogicTransform.localPosition=15.25,1.5,19"
      },
      {
        "category": "entity-field",
        "key": "00000000000000010000000000000007:LogicTransform.localPosition=15.25,1.5,17.75"
      },
      {
        "category": "entity-field",
        "key": "00000000000000010000000000000007:LogicTransform.localPosition=15.25,1.5,16.5"
      },
      {
        "category": "entity-field",
        "key": "00000000000000010000000000000007:LogicTransform.localPosition=15.25,1.5,15.25"
      },
      {
        "category": "entity-field",
        "key": "00000000000000010000000000000007:LogicTransform.localPosition=16.5,1.5,15.25"
      },
      {
        "category": "entity-field",
        "key": "00000000000000010000000000000007:LogicTransform.localPosition=17.75,1.5,15.25"
      },
      {
        "category": "entity-field",
        "key": "00000000000000010000000000000007:LogicTransform.localPosition=19,1.5,15.25"
      },
      {
        "category": "entity-field",
        "key": "00000000000000010000000000000007:LogicTransform.localPosition=19,1.5,16.5"
      },
      {
        "category": "entity-field",
        "key": "00000000000000010000000000000007:LogicTransform.localPosition=19,1.5,17.75"
      },
      {
        "category": "entity-field",
        "key": "00000000000000010000000000000007:LogicTransform.localPosition=19,1.5,19"
      },
      {
        "category": "entity-field",
        "key": "00000000000000010000000000000007:LogicTransform.localPosition=19,1.5,20.25"
      },
      {
        "category": "entity-field",
        "key": "00000000000000010000000000000007:LogicTransform.localPosition=17.75,1.5,20.25"
      },
      {
        "category": "entity-field",
        "key": "00000000000000010000000000000007:LogicTransform.localPosition=16.5,1.5,20.25"
      },
      {
        "category": "entity-field",
        "key": "00000000000000010000000000000007:LogicTransform.localPosition=15.25,1.5,20.25"
      },
      {
        "category": "entity-field",
        "key": "00000000000000010000000000000007:LogicTransform.localPosition=14,1.5,20.25"
      },
      {
        "category": "entity-field",
        "key": "00000000000000010000000000000007:LogicTransform.localPosition=14,1.5,19"
      },
      {
        "category": "entity-field",
        "key": "00000000000000010000000000000007:LogicTransform.localPosition=14,1.5,17.75"
      },
      {
        "category": "entity-field",
        "key": "00000000000000010000000000000007:LogicTransform.localPosition=14,1.5,16.5"
      },
      {
        "category": "entity-field",
        "key": "00000000000000010000000000000007:LogicTransform.localPosition=14,1.5,15.25"
      },
      {
        "category": "entity-field",
        "key": "00000000000000010000000000000007:LogicTransform.localPosition=14,1.5,14"
      },
      {
        "category": "entity-field",
        "key": "00000000000000010000000000000007:LogicTransform.localPosition=15.25,1.5,14"
      },
      {
        "category": "entity-field",
        "key": "00000000000000010000000000000007:LogicTransform.localPosition=16.5,1.5,14"
      },
      {
        "category": "entity-field",
        "key": "00000000000000010000000000000007:LogicTransform.localPosition=17.75,1.5,14"
      },
      {
        "category": "entity-field",
        "key": "00000000000000010000000000000007:LogicTransform.localPosition=19,1.5,14"
      },
      {
        "category": "entity-field",
        "key": "00000000000000010000000000000007:LogicTransform.localPosition=20.25,1.5,14"
      },
      {
        "category": "entity-field",
        "key": "00000000000000010000000000000007:LogicTransform.localPosition=20.25,1.5,15.25"
      },
      {
        "category": "entity-field",
        "key": "00000000000000010000000000000007:LogicTransform.localPosition=20.25,1.5,16.5"
      },
      {
        "category": "entity-field",
        "key": "00000000000000010000000000000007:LogicTransform.localPosition=20.25,1.5,17.75"
      },
      {
        "category": "entity-field",
        "key": "00000000000000010000000000000007:LogicTransform.localPosition=20.25,1.5,19"
      },
      {
        "category": "entity-field",
        "key": "00000000000000010000000000000007:LogicTransform.localPosition=20.25,1.5,20.25"
      },
      {
        "category": "entity-field",
        "key": "00000000000000010000000000000007:LogicTransform.localPosition=20.25,1.5,21.5"
      },
      {
        "category": "entity-field",
        "key": "00000000000000010000000000000007:LogicTransform.localPosition=19,1.5,21.5"
      },
      {
        "category": "entity-field",
        "key": "00000000000000010000000000000007:LogicTransform.localPosition=17.75,1.5,21.5"
      },
      {
        "category": "entity-field",
        "key": "00000000000000010000000000000007:LogicTransform.localPosition=16.5,1.5,21.5"
      },
      {
        "category": "entity-field",
        "key": "00000000000000010000000000000007:LogicTransform.localPosition=15.25,1.5,21.5"
      },
      {
        "category": "entity-field",
        "key": "00000000000000010000000000000007:LogicTransform.localPosition=14,1.5,21.5"
      },
      {
        "category": "entity-field",
        "key": "00000000000000010000000000000007:LogicTransform.localPosition=12.75,1.5,21.5"
      },
      {
        "category": "entity-field",
        "key": "00000000000000010000000000000007:LogicTransform.localPosition=12.75,1.5,20.25"
      },
      {
        "category": "entity-field",
        "key": "00000000000000010000000000000007:LogicTransform.localPosition=12.75,1.5,19"
      },
      {
        "category": "entity-field",
        "key": "00000000000000010000000000000007:LogicTransform.localPosition=12.75,1.5,17.75"
      },
      {
        "category": "entity-field",
        "key": "00000000000000010000000000000007:LogicTransform.localPosition=12.75,1.5,16.5"
      },
      {
        "category": "entity-field",
        "key": "00000000000000010000000000000007:LogicTransform.localPosition=12.75,1.5,15.25"
      },
      {
        "category": "entity-field",
        "key": "00000000000000010000000000000007:LogicTransform.localPosition=12.75,1.5,14"
      },
      {
        "category": "entity-field",
        "key": "00000000000000010000000000000007:LogicTransform.localPosition=12.75,1.5,12.75"
      },
      {
        "category": "entity-field",
        "key": "00000000000000010000000000000007:LogicTransform.localPosition=14,1.5,12.75"
      },
      {
        "category": "entity-field",
        "key": "00000000000000010000000000000007:LogicTransform.localPosition=15.25,1.5,12.75"
      },
      {
        "category": "entity-field",
        "key": "00000000000000010000000000000007:LogicTransform.localPosition=16.5,1.5,12.75"
      },
      {
        "category": "entity-field",
        "key": "00000000000000010000000000000007:LogicTransform.localPosition=17.75,1.5,12.75"
      },
      {
        "category": "entity-field",
        "key": "00000000000000010000000000000007:LogicTransform.localPosition=19,1.5,12.75"
      },
      {
        "category": "entity-field",
        "key": "00000000000000010000000000000007:LogicTransform.localPosition=20.25,1.5,12.75"
      },
      {
        "category": "entity-field",
        "key": "00000000000000010000000000000007:LogicTransform.localPosition=21.5,1.5,12.75"
      },
      {
        "category": "entity-field",
        "key": "00000000000000010000000000000007:LogicTransform.localPosition=21.5,1.5,14"
      },
      {
        "category": "entity-field",
        "key": "00000000000000010000000000000007:LogicTransform.localPosition=21.5,1.5,15.25"
      },
      {
        "category": "entity-field",
        "key": "00000000000000010000000000000007:LogicTransform.localPosition=21.5,1.5,16.5"
      },
      {
        "category": "entity-field",
        "key": "00000000000000010000000000000007:LogicTransform.localPosition=21.5,1.5,17.75"
      },
      {
        "category": "entity-field",
        "key": "00000000000000010000000000000007:LogicTransform.localPosition=21.5,1.5,19"
      },
      {
        "category": "entity-field",
        "key": "00000000000000010000000000000007:LogicTransform.localPosition=21.5,1.5,20.25"
      },
      {
        "category": "entity-field",
        "key": "00000000000000010000000000000007:LogicTransform.localPosition=21.5,1.5,21.5"
      },
      {
        "category": "entity-field",
        "key": "00000000000000010000000000000007:LogicTransform.localPosition=21.5,1.5,22.75"
      },
      {
        "category": "entity-field",
        "key": "00000000000000010000000000000007:LogicTransform.localPosition=20.25,1.5,22.75"
      },
      {
        "category": "entity-field",
        "key": "00000000000000010000000000000007:LogicTransform.localPosition=19,1.5,22.75"
      },
      {
        "category": "entity-field",
        "key": "00000000000000010000000000000007:LogicTransform.localPosition=17.75,1.5,22.75"
      },
      {
        "category": "entity-field",
        "key": "00000000000000010000000000000007:LogicTransform.localPosition=16.5,1.5,22.75"
      },
      {
        "category": "entity-field",
        "key": "00000000000000010000000000000007:LogicTransform.localPosition=15.25,1.5,22.75"
      },
      {
        "category": "entity-field",
        "key": "00000000000000010000000000000007:LogicTransform.localPosition=14,1.5,22.75"
      },
      {
        "category": "entity-field",
        "key": "00000000000000010000000000000007:LogicTransform.localPosition=12.75,1.5,22.75"
      },
      {
        "category": "entity-field",
        "key": "00000000000000010000000000000007:LogicTransform.localPosition=11.5,1.5,22.75"
      },
      {
        "category": "entity-field",
        "key": "00000000000000010000000000000007:LogicTransform.localPosition=11.5,1.5,21.5"
      },
      {
        "category": "entity-field",
        "key": "00000000000000010000000000000007:LogicTransform.localPosition=11.5,1.5,20.25"
      },
      {
        "category": "entity-field",
        "key": "00000000000000010000000000000007:LogicTransform.localPosition=11.5,1.5,19"
      },
      {
        "category": "entity-field",
        "key": "00000000000000010000000000000007:LogicTransform.localPosition=11.5,1.5,17.75"
      },
      {
        "category": "entity-field",
        "key": "00000000000000010000000000000007:LogicTransform.localPosition=11.5,1.5,16.5"
      },
      {
        "category": "entity-field",
        "key": "00000000000000010000000000000007:LogicTransform.localPosition=11.5,1.5,15.25"
      },
      {
        "category": "entity-field",
        "key": "00000000000000010000000000000007:LogicTransform.localPosition=11.5,1.5,14"
      },
      {
        "category": "entity-field",
        "key": "00000000000000010000000000000007:LogicTransform.localPosition=11.5,1.5,12.75"
      },
      {
        "category": "entity-field",
        "key": "00000000000000010000000000000007:LogicTransform.localPosition=11.5,1.5,11.5"
      },
      {
        "category": "entity-field",
        "key": "00000000000000010000000000000007:LogicTransform.localPosition=12.75,1.5,11.5"
      },
      {
        "category": "entity-field",
        "key": "00000000000000010000000000000007:LogicTransform.localPosition=14,1.5,11.5"
      },
      {
        "category": "entity-field",
        "key": "00000000000000010000000000000007:LogicTransform.localPosition=15.25,1.5,11.5"
      },
      {
        "category": "entity-field",
        "key": "00000000000000010000000000000007:LogicTransform.localPosition=16.5,1.5,11.5"
      },
      {
        "category": "entity-field",
        "key": "00000000000000010000000000000007:LogicTransform.localPosition=17.75,1.5,11.5"
      },
      {
        "category": "entity-field",
        "key": "00000000000000010000000000000007:LogicTransform.localPosition=19,1.5,11.5"
      },
      {
        "category": "entity-field",
        "key": "00000000000000010000000000000007:LogicTransform.localPosition=20.25,1.5,11.5"
      },
      {
        "category": "entity-field",
        "key": "00000000000000010000000000000007:LogicTransform.localPosition=21.5,1.5,11.5"
      },
      {
        "category": "entity-field",
        "key": "00000000000000010000000000000007:LogicTransform.localPosition=22.75,1.5,11.5"
      },
      {
        "category": "entity-field",
        "key": "00000000000000010000000000000007:LogicTransform.localPosition=22.75,1.5,12.75"
      },
      {
        "category": "entity-field",
        "key": "00000000000000010000000000000007:LogicTransform.localPosition=22.75,1.5,14"
      },
      {
        "category": "entity-field",
        "key": "00000000000000010000000000000007:LogicTransform.localPosition=22.75,1.5,15.25"
      },
      {
        "category": "entity-field",
        "key": "00000000000000010000000000000007:LogicTransform.localPosition=22.75,1.5,16.5"
      },
      {
        "category": "entity-field",
        "key": "00000000000000010000000000000007:LogicTransform.localPosition=22.75,1.5,17.75"
      },
      {
        "category": "entity-field",
        "key": "00000000000000010000000000000007:LogicTransform.localPosition=22.75,1.5,19"
      },
      {
        "category": "entity-field",
        "key": "00000000000000010000000000000007:LogicTransform.localPosition=22.75,1.5,20.25"
      },
      {
        "category": "entity-field",
        "key": "00000000000000010000000000000007:LogicTransform.localPosition=22.75,1.5,21.5"
      },
      {
        "category": "entity-field",
        "key": "00000000000000010000000000000007:LogicTransform.localPosition=22.75,1.5,22.75"
      },
      {
        "category": "entity-field",
        "key": "00000000000000010000000000000007:LogicTransform.localPosition=22.75,1.5,24"
      },
      {
        "category": "entity-field",
        "key": "00000000000000010000000000000007:LogicTransform.localPosition=21.5,1.5,24"
      },
      {
        "category": "entity-field",
        "key": "00000000000000010000000000000007:LogicTransform.localPosition=20.25,1.5,24"
      },
      {
        "category": "entity-field",
        "key": "00000000000000010000000000000007:LogicTransform.localPosition=19,1.5,24"
      },
      {
        "category": "entity-field",
        "key": "00000000000000010000000000000007:LogicTransform.localPosition=17.75,1.5,24"
      },
      {
        "category": "entity-field",
        "key": "00000000000000010000000000000007:LogicTransform.localPosition=16.5,1.5,24"
      },
      {
        "category": "entity-field",
        "key": "00000000000000010000000000000007:LogicTransform.localPosition=15.25,1.5,24"
      },
      {
        "category": "entity-field",
        "key": "00000000000000010000000000000007:LogicTransform.localPosition=14,1.5,24"
      },
      {
        "category": "entity-field",
        "key": "00000000000000010000000000000007:LogicTransform.localPosition=12.75,1.5,24"
      },
      {
        "category": "entity-field",
        "key": "00000000000000010000000000000007:LogicTransform.localPosition=11.5,1.5,24"
      },
      {
        "category": "entity-field",
        "key": "00000000000000010000000000000007:LogicTransform.localPosition=10.25,1.5,24"
      },
      {
        "category": "entity-field",
        "key": "00000000000000010000000000000007:LogicTransform.localPosition=10.25,1.5,22.75"
      },
      {
        "category": "entity-field",
        "key": "00000000000000010000000000000007:LogicTransform.localPosition=10.25,1.5,21.5"
      },
      {
        "category": "entity-field",
        "key": "00000000000000010000000000000007:LogicTransform.localPosition=10.25,1.5,20.25"
      },
      {
        "category": "entity-field",
        "key": "00000000000000010000000000000007:LogicTransform.localPosition=10.25,1.5,19"
      },
      {
        "category": "entity-field",
        "key": "00000000000000010000000000000007:LogicTransform.localPosition=10.25,1.5,17.75"
      },
      {
        "category": "entity-field",
        "key": "00000000000000010000000000000007:LogicTransform.localPosition=10.25,1.5,16.5"
      },
      {
        "category": "entity-field",
        "key": "00000000000000010000000000000007:LogicTransform.localPosition=10.25,1.5,15.25"
      },
      {
        "category": "entity-field",
        "key": "00000000000000010000000000000007:LogicTransform.localPosition=10.25,1.5,14"
      },
      {
        "category": "entity-field",
        "key": "00000000000000010000000000000007:LogicTransform.localPosition=10.25,1.5,12.75"
      },
      {
        "category": "entity-field",
        "key": "00000000000000010000000000000007:LogicTransform.localPosition=10.25,1.5,11.5"
      },
      {
        "category": "entity-field",
        "key": "00000000000000010000000000000007:LogicTransform.localPosition=10.25,1.5,10.25"
      },
      {
        "category": "entity-field",
        "key": "00000000000000010000000000000007:LogicTransform.localPosition=11.5,1.5,10.25"
      },
      {
        "category": "entity-field",
        "key": "00000000000000010000000000000007:LogicTransform.localPosition=12.75,1.5,10.25"
      },
      {
        "category": "entity-field",
        "key": "00000000000000010000000000000007:LogicTransform.localPosition=14,1.5,10.25"
      },
      {
        "category": "entity-field",
        "key": "00000000000000010000000000000007:LogicTransform.localPosition=15.25,1.5,10.25"
      },
      {
        "category": "entity-field",
        "key": "00000000000000010000000000000007:LogicTransform.localPosition=16.5,1.5,10.25"
      },
      {
        "category": "entity-field",
        "key": "00000000000000010000000000000007:LogicTransform.localPosition=17.75,1.5,10.25"
      },
      {
        "category": "entity-field",
        "key": "00000000000000010000000000000007:LogicTransform.localPosition=19,1.5,10.25"
      },
      {
        "category": "entity-field",
        "key": "00000000000000010000000000000007:LogicTransform.localPosition=20.25,1.5,10.25"
      },
      {
        "category": "entity-field",
        "key": "00000000000000010000000000000007:LogicTransform.localPosition=21.5,1.5,10.25"
      },
      {
        "category": "entity-field",
        "key": "00000000000000010000000000000007:LogicTransform.localPosition=22.75,1.5,10.25"
      },
      {
        "category": "entity-field",
        "key": "00000000000000010000000000000007:LogicTransform.localPosition=24,1.5,10.25"
      },
      {
        "category": "entity-field",
        "key": "00000000000000010000000000000007:LogicTransform.localPosition=24,1.5,11.5"
      },
      {
        "category": "entity-field",
        "key": "00000000000000010000000000000007:LogicTransform.localPosition=24,1.5,12.75"
      },
      {
        "category": "entity-field",
        "key": "00000000000000010000000000000007:LogicTransform.localPosition=24,1.5,14"
      },
      {
        "category": "entity-field",
        "key": "00000000000000010000000000000007:LogicTransform.localPosition=24,1.5,15.25"
      },
      {
        "category": "entity-field",
        "key": "00000000000000010000000000000007:LogicTransform.localPosition=24,1.5,16.5"
      },
      {
        "category": "entity-field",
        "key": "00000000000000010000000000000007:LogicTransform.localPosition=24,1.5,17.75"
      },
      {
        "category": "entity-field",
        "key": "00000000000000010000000000000007:LogicTransform.localPosition=24,1.5,19"
      },
      {
        "category": "entity-field",
        "key": "00000000000000010000000000000007:LogicTransform.localPosition=24,1.5,20.25"
      },
      {
        "category": "entity-field",
        "key": "00000000000000010000000000000007:LogicTransform.localPosition=24,1.5,21.5"
      },
      {
        "category": "entity-field",
        "key": "00000000000000010000000000000007:LogicTransform.localPosition=24,1.5,22.75"
      },
      {
        "category": "entity-field",
        "key": "00000000000000010000000000000007:LogicTransform.localPosition=24,1.5,24"
      },
      {
        "category": "entity-field",
        "key": "00000000000000010000000000000007:LogicTransform.localPosition=24,1.5,25.25"
      },
      {
        "category": "entity-field",
        "key": "00000000000000010000000000000007:LogicTransform.localPosition=22.75,1.5,25.25"
      },
      {
        "category": "entity-field",
        "key": "00000000000000010000000000000007:LogicTransform.localPosition=21.5,1.5,25.25"
      },
      {
        "category": "entity-field",
        "key": "00000000000000010000000000000007:LogicTransform.localPosition=20.25,1.5,25.25"
      },
      {
        "category": "entity-field",
        "key": "00000000000000010000000000000007:LogicTransform.localPosition=19,1.5,25.25"
      },
      {
        "category": "entity-field",
        "key": "00000000000000010000000000000007:LogicTransform.localPosition=17.75,1.5,25.25"
      },
      {
        "category": "entity-field",
        "key": "00000000000000010000000000000007:LogicTransform.localPosition=16.5,1.5,25.25"
      },
      {
        "category": "entity-field",
        "key": "00000000000000010000000000000007:LogicTransform.localPosition=15.25,1.5,25.25"
      },
      {
        "category": "entity-field",
        "key": "00000000000000010000000000000007:LogicTransform.localPosition=14,1.5,25.25"
      },
      {
        "category": "entity-field",
        "key": "00000000000000010000000000000007:LogicTransform.localPosition=12.75,1.5,25.25"
      },
      {
        "category": "entity-field",
        "key": "00000000000000010000000000000007:LogicTransform.localPosition=11.5,1.5,25.25"
      },
      {
        "category": "entity-field",
        "key": "00000000000000010000000000000007:LogicTransform.localPosition=10.25,1.5,25.25"
      },
      {
        "category": "entity-field",
        "key": "00000000000000010000000000000007:LogicTransform.localPosition=9,1.5,25.25"
      },
      {
        "category": "entity-field",
        "key": "00000000000000010000000000000007:LogicTransform.localPosition=9,1.5,24"
      },
      {
        "category": "entity-field",
        "key": "00000000000000010000000000000007:LogicTransform.localPosition=9,1.5,22.75"
      },
      {
        "category": "entity-field",
        "key": "00000000000000010000000000000007:LogicTransform.localPosition=9,1.5,21.5"
      },
      {
        "category": "entity-field",
        "key": "00000000000000010000000000000007:LogicTransform.localPosition=9,1.5,20.25"
      },
      {
        "category": "entity-field",
        "key": "00000000000000010000000000000007:LogicTransform.localPosition=9,1.5,19"
      },
      {
        "category": "entity-field",
        "key": "00000000000000010000000000000007:LogicTransform.localPosition=9,1.5,17.75"
      },
      {
        "category": "entity-field",
        "key": "00000000000000010000000000000007:LogicTransform.localPosition=9,1.5,16.5"
      },
      {
        "category": "entity-field",
        "key": "00000000000000010000000000000007:LogicTransform.localPosition=9,1.5,15.25"
      },
      {
        "category": "entity-field",
        "key": "00000000000000010000000000000007:LogicTransform.localPosition=9,1.5,14"
      },
      {
        "category": "entity-field",
        "key": "00000000000000010000000000000007:LogicTransform.localPosition=9,1.5,12.75"
      },
      {
        "category": "entity-field",
        "key": "00000000000000010000000000000007:LogicTransform.localPosition=9,1.5,11.5"
      },
      {
        "category": "entity-field",
        "key": "00000000000000010000000000000007:LogicTransform.localPosition=9,1.5,10.25"
      },
      {
        "category": "entity-field",
        "key": "00000000000000010000000000000007:LogicTransform.localPosition=9,1.5,9"
      },
      {
        "category": "entity-field",
        "key": "00000000000000010000000000000007:LogicTransform.localPosition=10.25,1.5,9"
      },
      {
        "category": "entity-field",
        "key": "00000000000000010000000000000007:LogicTransform.localPosition=11.5,1.5,9"
      },
      {
        "category": "entity-field",
        "key": "00000000000000010000000000000007:LogicTransform.localPosition=12.75,1.5,9"
      },
      {
        "category": "entity-field",
        "key": "00000000000000010000000000000007:LogicTransform.localPosition=14,1.5,9"
      },
      {
        "category": "entity-field",
        "key": "00000000000000010000000000000007:LogicTransform.localPosition=15.25,1.5,9"
      },
      {
        "category": "entity-field",
        "key": "00000000000000010000000000000007:LogicTransform.localPosition=16.5,1.5,9"
      },
      {
        "category": "entity-field",
        "key": "00000000000000010000000000000007:LogicTransform.localPosition=17.75,1.5,9"
      },
      {
        "category": "entity-field",
        "key": "00000000000000010000000000000007:LogicTransform.localPosition=19,1.5,9"
      },
      {
        "category": "entity-field",
        "key": "00000000000000010000000000000007:LogicTransform.localPosition=20.25,1.5,9"
      },
      {
        "category": "entity-field",
        "key": "00000000000000010000000000000007:LogicTransform.localPosition=21.5,1.5,9"
      },
      {
        "category": "entity-field",
        "key": "00000000000000010000000000000007:LogicTransform.localPosition=22.75,1.5,9"
      },
      {
        "category": "entity-field",
        "key": "00000000000000010000000000000007:LogicTransform.localPosition=24,1.5,9"
      },
      {
        "category": "entity-field",
        "key": "00000000000000010000000000000007:LogicTransform.localPosition=25.25,1.5,9"
      },
      {
        "category": "entity-field",
        "key": "00000000000000010000000000000007:LogicTransform.localPosition=25.25,1.5,10.25"
      },
      {
        "category": "entity-field",
        "key": "00000000000000010000000000000007:LogicTransform.localPosition=25.25,1.5,11.5"
      },
      {
        "category": "entity-field",
        "key": "00000000000000010000000000000007:LogicTransform.localPosition=25.25,1.5,12.75"
      },
      {
        "category": "entity-field",
        "key": "00000000000000010000000000000007:LogicTransform.localPosition=25.25,1.5,14"
      },
      {
        "category": "entity-field",
        "key": "00000000000000010000000000000007:LogicTransform.localPosition=25.25,1.5,15.25"
      },
      {
        "category": "entity-field",
        "key": "00000000000000010000000000000007:LogicTransform.localPosition=25.25,1.5,16.5"
      },
      {
        "category": "entity-field",
        "key": "00000000000000010000000000000007:LogicTransform.localPosition=25.25,1.5,17.75"
      },
      {
        "category": "entity-field",
        "key": "00000000000000010000000000000007:LogicTransform.localPosition=25.25,1.5,19"
      },
      {
        "category": "entity-field",
        "key": "00000000000000010000000000000007:LogicTransform.localPosition=25.25,1.5,20.25"
      },
      {
        "category": "entity-field",
        "key": "00000000000000010000000000000007:LogicTransform.localPosition=25.25,1.5,21.5"
      },
      {
        "category": "entity-field",
        "key": "00000000000000010000000000000007:LogicTransform.localPosition=25.25,1.5,22.75"
      },
      {
        "category": "entity-field",
        "key": "00000000000000010000000000000007:LogicTransform.localPosition=25.25,1.5,24"
      },
      {
        "category": "entity-field",
        "key": "00000000000000010000000000000007:LogicTransform.localPosition=25.25,1.5,25.25"
      },
      {
        "category": "entity-field",
        "key": "00000000000000010000000000000007:LogicTransform.localPosition=25.25,1.5,26.5"
      },
      {
        "category": "entity-field",
        "key": "00000000000000010000000000000007:LogicTransform.localPosition=24,1.5,26.5"
      },
      {
        "category": "entity-field",
        "key": "00000000000000010000000000000007:LogicTransform.localPosition=22.75,1.5,26.5"
      },
      {
        "category": "entity-field",
        "key": "00000000000000010000000000000007:LogicTransform.localPosition=21.5,1.5,26.5"
      },
      {
        "category": "entity-field",
        "key": "00000000000000010000000000000007:LogicTransform.localPosition=20.25,1.5,26.5"
      },
      {
        "category": "entity-field",
        "key": "00000000000000010000000000000007:LogicTransform.localPosition=19,1.5,26.5"
      },
      {
        "category": "entity-field",
        "key": "00000000000000010000000000000007:LogicTransform.localPosition=17.75,1.5,26.5"
      },
      {
        "category": "entity-field",
        "key": "00000000000000010000000000000007:LogicTransform.localPosition=16.5,1.5,26.5"
      },
      {
        "category": "entity-field",
        "key": "00000000000000010000000000000007:LogicTransform.localPosition=15.25,1.5,26.5"
      },
      {
        "category": "entity-field",
        "key": "00000000000000010000000000000007:LogicTransform.localPosition=14,1.5,26.5"
      },
      {
        "category": "entity-field",
        "key": "00000000000000010000000000000007:LogicTransform.localPosition=12.75,1.5,26.5"
      },
      {
        "category": "entity-field",
        "key": "00000000000000010000000000000007:LogicTransform.localPosition=11.5,1.5,26.5"
      },
      {
        "category": "entity-field",
        "key": "00000000000000010000000000000007:LogicTransform.localPosition=10.25,1.5,26.5"
      },
      {
        "category": "entity-field",
        "key": "00000000000000010000000000000007:LogicTransform.localPosition=9,1.5,26.5"
      },
      {
        "category": "entity-field",
        "key": "00000000000000010000000000000007:LogicTransform.localPosition=7.75,1.5,26.5"
      },
      {
        "category": "entity-field",
        "key": "00000000000000010000000000000007:LogicTransform.localPosition=7.75,1.5,25.25"
      },
      {
        "category": "entity-field",
        "key": "00000000000000010000000000000007:LogicTransform.localPosition=7.75,1.5,24"
      },
      {
        "category": "entity-field",
        "key": "00000000000000010000000000000007:LogicTransform.localPosition=7.75,1.5,22.75"
      },
      {
        "category": "entity-field",
        "key": "00000000000000010000000000000007:LogicTransform.localPosition=7.75,1.5,21.5"
      },
      {
        "category": "entity-field",
        "key": "00000000000000010000000000000007:LogicTransform.localPosition=7.75,1.5,20.25"
      },
      {
        "category": "entity-field",
        "key": "00000000000000010000000000000007:LogicTransform.localPosition=7.75,1.5,19"
      },
      {
        "category": "entity-field",
        "key": "00000000000000010000000000000007:LogicTransform.localPosition=7.75,1.5,17.75"
      },
      {
        "category": "entity-field",
        "key": "00000000000000010000000000000007:LogicTransform.localPosition=7.75,1.5,16.5"
      },
      {
        "category": "entity-field",
        "key": "00000000000000010000000000000007:LogicTransform.localPosition=7.75,1.5,15.25"
      },
      {
        "category": "entity-field",
        "key": "00000000000000010000000000000007:LogicTransform.localPosition=7.75,1.5,14"
      },
      {
        "category": "entity-field",
        "key": "00000000000000010000000000000007:LogicTransform.localPosition=7.75,1.5,12.75"
      },
      {
        "category": "entity-field",
        "key": "00000000000000010000000000000007:LogicTransform.localPosition=7.75,1.5,11.5"
      },
      {
        "category": "entity-field",
        "key": "00000000000000010000000000000007:LogicTransform.localPosition=7.75,1.5,10.25"
      },
      {
        "category": "entity-field",
        "key": "00000000000000010000000000000007:LogicTransform.localPosition=7.75,1.5,9"
      },
      {
        "category": "entity-field",
        "key": "00000000000000010000000000000007:LogicTransform.localPosition=7.75,1.5,7.75"
      },
      {
        "category": "entity-field",
        "key": "00000000000000010000000000000007:LogicTransform.localPosition=9,1.5,7.75"
      },
      {
        "category": "entity-field",
        "key": "00000000000000010000000000000007:LogicTransform.localPosition=10.25,1.5,7.75"
      },
      {
        "category": "entity-field",
        "key": "00000000000000010000000000000007:LogicTransform.localPosition=11.5,1.5,7.75"
      },
      {
        "category": "entity-field",
        "key": "00000000000000010000000000000007:LogicTransform.localPosition=12.75,1.5,7.75"
      },
      {
        "category": "entity-field",
        "key": "00000000000000010000000000000007:LogicTransform.localPosition=14,1.5,7.75"
      },
      {
        "category": "entity-field",
        "key": "00000000000000010000000000000007:LogicTransform.localPosition=15.25,1.5,7.75"
      },
      {
        "category": "entity-field",
        "key": "00000000000000010000000000000007:LogicTransform.localPosition=16.5,1.5,7.75"
      },
      {
        "category": "entity-field",
        "key": "00000000000000010000000000000007:LogicTransform.localPosition=17.75,1.5,7.75"
      },
      {
        "category": "entity-field",
        "key": "00000000000000010000000000000007:LogicTransform.localPosition=19,1.5,7.75"
      },
      {
        "category": "entity-field",
        "key": "00000000000000010000000000000007:LogicTransform.localPosition=20.25,1.5,7.75"
      },
      {
        "category": "entity-field",
        "key": "00000000000000010000000000000007:LogicTransform.localPosition=21.5,1.5,7.75"
      },
      {
        "category": "entity-field",
        "key": "00000000000000010000000000000007:LogicTransform.localPosition=22.75,1.5,7.75"
      },
      {
        "category": "entity-field",
        "key": "00000000000000010000000000000007:LogicTransform.localPosition=24,1.5,7.75"
      },
      {
        "category": "entity-field",
        "key": "00000000000000010000000000000007:LogicTransform.localPosition=25.25,1.5,7.75"
      },
      {
        "category": "entity-field",
        "key": "00000000000000010000000000000007:LogicTransform.localPosition=26.5,1.5,7.75"
      },
      {
        "category": "entity-field",
        "key": "00000000000000010000000000000007:LogicTransform.localPosition=26.5,1.5,9"
      },
      {
        "category": "entity-field",
        "key": "00000000000000010000000000000007:LogicTransform.localPosition=26.5,1.5,10.25"
      },
      {
        "category": "entity-field",
        "key": "00000000000000010000000000000007:LogicTransform.localPosition=26.5,1.5,11.5"
      },
      {
        "category": "entity-field",
        "key": "00000000000000010000000000000007:LogicTransform.localPosition=26.5,1.5,12.75"
      },
      {
        "category": "entity-field",
        "key": "00000000000000010000000000000007:LogicTransform.localPosition=26.5,1.5,14"
      },
      {
        "category": "entity-field",
        "key": "00000000000000010000000000000007:LogicTransform.localPosition=26.5,1.5,15.25"
      },
      {
        "category": "entity-field",
        "key": "00000000000000010000000000000007:LogicTransform.localPosition=26.5,1.5,16.5"
      },
      {
        "category": "entity-field",
        "key": "00000000000000010000000000000007:LogicTransform.localPosition=26.5,1.5,17.75"
      },
      {
        "category": "entity-field",
        "key": "00000000000000010000000000000007:LogicTransform.localPosition=26.5,1.5,19"
      },
      {
        "category": "entity-field",
        "key": "00000000000000010000000000000007:LogicTransform.localPosition=26.5,1.5,20.25"
      },
      {
        "category": "entity-field",
        "key": "00000000000000010000000000000007:LogicTransform.localPosition=26.5,1.5,21.5"
      },
      {
        "category": "entity-field",
        "key": "00000000000000010000000000000007:LogicTransform.localPosition=26.5,1.5,22.75"
      },
      {
        "category": "entity-field",
        "key": "00000000000000010000000000000007:LogicTransform.localPosition=26.5,1.5,24"
      },
      {
        "category": "entity-field",
        "key": "00000000000000010000000000000007:LogicTransform.localPosition=26.5,1.5,25.25"
      },
      {
        "category": "entity-field",
        "key": "00000000000000010000000000000007:LogicTransform.localPosition=26.5,1.5,26.5"
      },
      {
        "category": "entity-field",
        "key": "00000000000000010000000000000007:LogicTransform.localPosition=26.5,1.5,27.75"
      },
      {
        "category": "entity-field",
        "key": "00000000000000010000000000000007:LogicTransform.localPosition=25.25,1.5,27.75"
      },
      {
        "category": "entity-field",
        "key": "00000000000000010000000000000007:LogicTransform.localPosition=24,1.5,27.75"
      },
      {
        "category": "entity-field",
        "key": "00000000000000010000000000000007:LogicTransform.localPosition=22.75,1.5,27.75"
      },
      {
        "category": "entity-field",
        "key": "00000000000000010000000000000007:LogicTransform.localPosition=21.5,1.5,27.75"
      },
      {
        "category": "entity-field",
        "key": "00000000000000010000000000000007:LogicTransform.localPosition=20.25,1.5,27.75"
      },
      {
        "category": "entity-field",
        "key": "00000000000000010000000000000007:LogicTransform.localPosition=19,1.5,27.75"
      },
      {
        "category": "entity-field",
        "key": "00000000000000010000000000000007:LogicTransform.localPosition=17.75,1.5,27.75"
      },
      {
        "category": "entity-field",
        "key": "00000000000000010000000000000007:LogicTransform.localPosition=16.5,1.5,27.75"
      },
      {
        "category": "entity-field",
        "key": "00000000000000010000000000000007:LogicTransform.localPosition=15.25,1.5,27.75"
      },
      {
        "category": "entity-field",
        "key": "00000000000000010000000000000007:LogicTransform.localPosition=14,1.5,27.75"
      },
      {
        "category": "entity-field",
        "key": "00000000000000010000000000000007:LogicTransform.localPosition=12.75,1.5,27.75"
      },
      {
        "category": "entity-field",
        "key": "00000000000000010000000000000007:LogicTransform.localPosition=11.5,1.5,27.75"
      },
      {
        "category": "entity-field",
        "key": "00000000000000010000000000000007:LogicTransform.localPosition=10.25,1.5,27.75"
      },
      {
        "category": "entity-field",
        "key": "00000000000000010000000000000007:LogicTransform.localPosition=9,1.5,27.75"
      },
      {
        "category": "entity-field",
        "key": "00000000000000010000000000000007:LogicTransform.localPosition=7.75,1.5,27.75"
      },
      {
        "category": "entity-field",
        "key": "00000000000000010000000000000007:LogicTransform.localPosition=6.5,1.5,27.75"
      },
      {
        "category": "entity-field",
        "key": "00000000000000010000000000000007:LogicTransform.localPosition=6.5,1.5,26.5"
      },
      {
        "category": "entity-field",
        "key": "00000000000000010000000000000007:LogicTransform.localPosition=6.5,1.5,25.25"
      },
      {
        "category": "entity-field",
        "key": "00000000000000010000000000000007:LogicTransform.localPosition=6.5,1.5,24"
      },
      {
        "category": "entity-field",
        "key": "00000000000000010000000000000007:LogicTransform.localPosition=6.5,1.5,22.75"
      },
      {
        "category": "entity-field",
        "key": "00000000000000010000000000000007:LogicTransform.localPosition=6.5,1.5,21.5"
      },
      {
        "category": "entity-field",
        "key": "00000000000000010000000000000007:LogicTransform.localPosition=6.5,1.5,20.25"
      },
      {
        "category": "entity-field",
        "key": "00000000000000010000000000000007:LogicTransform.localPosition=6.5,1.5,19"
      },
      {
        "category": "entity-field",
        "key": "00000000000000010000000000000007:LogicTransform.localPosition=6.5,1.5,17.75"
      },
      {
        "category": "entity-field",
        "key": "00000000000000010000000000000007:LogicTransform.localPosition=6.5,1.5,16.5"
      },
      {
        "category": "entity-field",
        "key": "00000000000000010000000000000007:LogicTransform.localPosition=6.5,1.5,15.25"
      },
      {
        "category": "entity-field",
        "key": "00000000000000010000000000000007:LogicTransform.localPosition=6.5,1.5,14"
      },
      {
        "category": "entity-field",
        "key": "00000000000000010000000000000007:LogicTransform.localPosition=6.5,1.5,12.75"
      },
      {
        "category": "entity-field",
        "key": "00000000000000010000000000000007:LogicTransform.localPosition=6.5,1.5,11.5"
      },
      {
        "category": "entity-field",
        "key": "00000000000000010000000000000007:LogicTransform.localPosition=6.5,1.5,10.25"
      },
      {
        "category": "entity-field",
        "key": "00000000000000010000000000000007:LogicTransform.localPosition=6.5,1.5,9"
      },
      {
        "category": "entity-field",
        "key": "00000000000000010000000000000007:LogicTransform.localPosition=6.5,1.5,7.75"
      },
      {
        "category": "entity-field",
        "key": "00000000000000010000000000000007:LogicTransform.localPosition=6.5,1.5,6.5"
      },
      {
        "category": "entity-field",
        "key": "00000000000000010000000000000007:LogicTransform.localPosition=7.75,1.5,6.5"
      },
      {
        "category": "entity-field",
        "key": "00000000000000010000000000000007:LogicTransform.localPosition=9,1.5,6.5"
      },
      {
        "category": "entity-field",
        "key": "00000000000000010000000000000007:LogicTransform.localPosition=10.25,1.5,6.5"
      },
      {
        "category": "entity-field",
        "key": "00000000000000010000000000000007:LogicTransform.localPosition=11.5,1.5,6.5"
      },
      {
        "category": "entity-field",
        "key": "00000000000000010000000000000007:LogicTransform.localPosition=12.75,1.5,6.5"
      },
      {
        "category": "entity-field",
        "key": "00000000000000010000000000000007:LogicTransform.localPosition=14,1.5,6.5"
      },
      {
        "category": "entity-field",
        "key": "00000000000000010000000000000007:LogicTransform.localPosition=15.25,1.5,6.5"
      },
      {
        "category": "entity-field",
        "key": "00000000000000010000000000000007:LogicTransform.localPosition=16.5,1.5,6.5"
      },
      {
        "category": "entity-field",
        "key": "00000000000000010000000000000007:LogicTransform.localPosition=17.75,1.5,6.5"
      },
      {
        "category": "entity-field",
        "key": "00000000000000010000000000000007:LogicTransform.localPosition=19,1.5,6.5"
      },
      {
        "category": "entity-field",
        "key": "00000000000000010000000000000007:LogicTransform.localPosition=20.25,1.5,6.5"
      },
      {
        "category": "entity-field",
        "key": "00000000000000010000000000000007:LogicTransform.localPosition=21.5,1.5,6.5"
      },
      {
        "category": "entity-field",
        "key": "00000000000000010000000000000007:LogicTransform.localPosition=22.75,1.5,6.5"
      },
      {
        "category": "entity-field",
        "key": "00000000000000010000000000000007:LogicTransform.localPosition=24,1.5,6.5"
      },
      {
        "category": "entity-field",
        "key": "00000000000000010000000000000007:LogicTransform.localPosition=25.25,1.5,6.5"
      },
      {
        "category": "entity-field",
        "key": "00000000000000010000000000000007:LogicTransform.localPosition=26.5,1.5,6.5"
      },
      {
        "category": "entity-field",
        "key": "00000000000000010000000000000007:LogicTransform.localPosition=27.75,1.5,6.5"
      },
      {
        "category": "entity-field",
        "key": "00000000000000010000000000000007:LogicTransform.localPosition=27.75,1.5,7.75"
      },
      {
        "category": "entity-field",
        "key": "00000000000000010000000000000007:LogicTransform.localPosition=27.75,1.5,9"
      },
      {
        "category": "entity-field",
        "key": "00000000000000010000000000000007:LogicTransform.localPosition=27.75,1.5,10.25"
      },
      {
        "category": "entity-field",
        "key": "00000000000000010000000000000007:LogicTransform.localPosition=27.75,1.5,11.5"
      },
      {
        "category": "entity-field",
        "key": "00000000000000010000000000000007:LogicTransform.localPosition=27.75,1.5,12.75"
      },
      {
        "category": "entity-field",
        "key": "00000000000000010000000000000007:LogicTransform.localPosition=27.75,1.5,14"
      },
      {
        "category": "entity-field",
        "key": "00000000000000010000000000000007:LogicTransform.localPosition=27.75,1.5,15.25"
      },
      {
        "category": "entity-field",
        "key": "00000000000000010000000000000007:LogicTransform.localPosition=27.75,1.5,16.5"
      },
      {
        "category": "entity-field",
        "key": "00000000000000010000000000000007:LogicTransform.localPosition=27.75,1.5,17.75"
      },
      {
        "category": "entity-field",
        "key": "00000000000000010000000000000007:LogicTransform.localPosition=27.75,1.5,19"
      },
      {
        "category": "entity-field",
        "key": "00000000000000010000000000000007:LogicTransform.localPosition=27.75,1.5,20.25"
      },
      {
        "category": "entity-field",
        "key": "00000000000000010000000000000007:LogicTransform.localPosition=27.75,1.5,21.5"
      },
      {
        "category": "entity-field",
        "key": "00000000000000010000000000000007:LogicTransform.localPosition=27.75,1.5,22.75"
      },
      {
        "category": "entity-field",
        "key": "00000000000000010000000000000007:LogicTransform.localPosition=27.75,1.5,24"
      },
      {
        "category": "entity-field",
        "key": "00000000000000010000000000000007:LogicTransform.localPosition=27.75,1.5,25.25"
      },
      {
        "category": "entity-field",
        "key": "00000000000000010000000000000007:LogicTransform.localPosition=27.75,1.5,26.5"
      },
      {
        "category": "entity-field",
        "key": "00000000000000010000000000000007:LogicTransform.localPosition=27.75,1.5,27.75"
      },
      {
        "category": "entity-field",
        "key": "00000000000000010000000000000007:LogicTransform.localPosition=27.75,1.5,29"
      },
      {
        "category": "entity-field",
        "key": "00000000000000010000000000000007:LogicTransform.localPosition=26.5,1.5,29"
      },
      {
        "category": "entity-field",
        "key": "00000000000000010000000000000007:LogicTransform.localPosition=25.25,1.5,29"
      },
      {
        "category": "entity-field",
        "key": "00000000000000010000000000000007:LogicTransform.localPosition=24,1.5,29"
      },
      {
        "category": "entity-field",
        "key": "00000000000000010000000000000007:LogicTransform.localPosition=22.75,1.5,29"
      },
      {
        "category": "entity-field",
        "key": "00000000000000010000000000000007:LogicTransform.localPosition=21.5,1.5,29"
      },
      {
        "category": "entity-field",
        "key": "00000000000000010000000000000007:LogicTransform.localPosition=20.25,1.5,29"
      },
      {
        "category": "entity-field",
        "key": "00000000000000010000000000000007:LogicTransform.localPosition=19,1.5,29"
      },
      {
        "category": "entity-field",
        "key": "00000000000000010000000000000007:LogicTransform.localPosition=17.75,1.5,29"
      },
      {
        "category": "entity-field",
        "key": "00000000000000010000000000000007:LogicTransform.localPosition=16.5,1.5,29"
      },
      {
        "category": "entity-field",
        "key": "00000000000000010000000000000007:LogicTransform.localPosition=15.25,1.5,29"
      },
      {
        "category": "entity-field",
        "key": "00000000000000010000000000000007:LogicTransform.localPosition=14,1.5,29"
      },
      {
        "category": "entity-field",
        "key": "00000000000000010000000000000007:LogicTransform.localPosition=12.75,1.5,29"
      },
      {
        "category": "entity-field",
        "key": "00000000000000010000000000000007:LogicTransform.localPosition=11.5,1.5,29"
      },
      {
        "category": "entity-field",
        "key": "00000000000000010000000000000007:LogicTransform.localPosition=10.25,1.5,29"
      },
      {
        "category": "entity-field",
        "key": "00000000000000010000000000000007:LogicTransform.localPosition=9,1.5,29"
      },
      {
        "category": "entity-field",
        "key": "00000000000000010000000000000007:LogicTransform.localPosition=7.75,1.5,29"
      },
      {
        "category": "entity-field",
        "key": "00000000000000010000000000000007:LogicTransform.localPosition=6.5,1.5,29"
      },
      {
        "category": "entity-field",
        "key": "00000000000000010000000000000007:LogicTransform.localPosition=5.25,1.5,29"
      },
      {
        "category": "entity-field",
        "key": "00000000000000010000000000000007:LogicTransform.localPosition=5.25,1.5,27.75"
      },
      {
        "category": "entity-field",
        "key": "00000000000000010000000000000007:LogicTransform.localPosition=5.25,1.5,26.5"
      },
      {
        "category": "entity-field",
        "key": "00000000000000010000000000000007:LogicTransform.localPosition=5.25,1.5,25.25"
      },
      {
        "category": "entity-field",
        "key": "00000000000000010000000000000007:LogicTransform.localPosition=5.25,1.5,24"
      },
      {
        "category": "entity-field",
        "key": "00000000000000010000000000000007:LogicTransform.localPosition=5.25,1.5,22.75"
      },
      {
        "category": "entity-field",
        "key": "00000000000000010000000000000007:LogicTransform.localPosition=5.25,1.5,21.5"
      },
      {
        "category": "entity-field",
        "key": "00000000000000010000000000000007:LogicTransform.localPosition=5.25,1.5,20.25"
      },
      {
        "category": "entity-field",
        "key": "00000000000000010000000000000007:LogicTransform.localPosition=5.25,1.5,19"
      },
      {
        "category": "entity-field",
        "key": "00000000000000010000000000000007:LogicTransform.localPosition=5.25,1.5,17.75"
      },
      {
        "category": "entity-field",
        "key": "00000000000000010000000000000007:LogicTransform.localPosition=5.25,1.5,16.5"
      },
      {
        "category": "entity-field",
        "key": "00000000000000010000000000000007:LogicTransform.localPosition=5.25,1.5,15.25"
      },
      {
        "category": "entity-field",
        "key": "00000000000000010000000000000007:LogicTransform.localPosition=5.25,1.5,14"
      },
      {
        "category": "entity-field",
        "key": "00000000000000010000000000000007:LogicTransform.localPosition=5.25,1.5,12.75"
      },
      {
        "category": "entity-field",
        "key": "00000000000000010000000000000007:LogicTransform.localPosition=5.25,1.5,11.5"
      },
      {
        "category": "entity-field",
        "key": "00000000000000010000000000000007:LogicTransform.localPosition=5.25,1.5,10.25"
      },
      {
        "category": "entity-field",
        "key": "00000000000000010000000000000007:LogicTransform.localPosition=5.25,1.5,9"
      },
      {
        "category": "entity-field",
        "key": "00000000000000010000000000000007:LogicTransform.localPosition=5.25,1.5,7.75"
      },
      {
        "category": "entity-field",
        "key": "00000000000000010000000000000007:LogicTransform.localPosition=5.25,1.5,6.5"
      },
      {
        "category": "entity-field",
        "key": "00000000000000010000000000000007:LogicTransform.localPosition=5.25,1.5,5.25"
      },
      {
        "category": "entity-field",
        "key": "00000000000000010000000000000007:LogicTransform.localPosition=6.5,1.5,5.25"
      },
      {
        "category": "entity-field",
        "key": "00000000000000010000000000000007:LogicTransform.localPosition=7.75,1.5,5.25"
      },
      {
        "category": "entity-field",
        "key": "00000000000000010000000000000007:LogicTransform.localPosition=9,1.5,5.25"
      },
      {
        "category": "entity-field",
        "key": "00000000000000010000000000000007:LogicTransform.localPosition=10.25,1.5,5.25"
      },
      {
        "category": "entity-field",
        "key": "00000000000000010000000000000007:LogicTransform.localPosition=11.5,1.5,5.25"
      },
      {
        "category": "entity-field",
        "key": "00000000000000010000000000000007:LogicTransform.localPosition=12.75,1.5,5.25"
      },
      {
        "category": "entity-field",
        "key": "00000000000000010000000000000007:LogicTransform.localPosition=14,1.5,5.25"
      },
      {
        "category": "entity-field",
        "key": "00000000000000010000000000000007:LogicTransform.localPosition=15.25,1.5,5.25"
      },
      {
        "category": "entity-field",
        "key": "00000000000000010000000000000007:LogicTransform.localPosition=16.5,1.5,5.25"
      },
      {
        "category": "entity-field",
        "key": "00000000000000010000000000000007:LogicTransform.localPosition=17.75,1.5,5.25"
      },
      {
        "category": "entity-field",
        "key": "00000000000000010000000000000007:LogicTransform.localPosition=19,1.5,5.25"
      },
      {
        "category": "entity-field",
        "key": "00000000000000010000000000000007:LogicTransform.localPosition=20.25,1.5,5.25"
      },
      {
        "category": "entity-field",
        "key": "00000000000000010000000000000007:LogicTransform.localPosition=21.5,1.5,5.25"
      },
      {
        "category": "entity-field",
        "key": "00000000000000010000000000000007:LogicTransform.localPosition=22.75,1.5,5.25"
      },
      {
        "category": "entity-field",
        "key": "00000000000000010000000000000007:LogicTransform.localPosition=24,1.5,5.25"
      },
      {
        "category": "entity-field",
        "key": "00000000000000010000000000000007:LogicTransform.localPosition=25.25,1.5,5.25"
      },
      {
        "category": "entity-field",
        "key": "00000000000000010000000000000007:LogicTransform.localPosition=26.5,1.5,5.25"
      },
      {
        "category": "entity-field",
        "key": "00000000000000010000000000000007:LogicTransform.localPosition=27.75,1.5,5.25"
      },
      {
        "category": "entity-field",
        "key": "00000000000000010000000000000007:LogicTransform.localPosition=29,1.5,5.25"
      },
      {
        "category": "entity-field",
        "key": "00000000000000010000000000000007:LogicTransform.localPosition=29,1.5,6.5"
      },
      {
        "category": "entity-field",
        "key": "00000000000000010000000000000007:LogicTransform.localPosition=29,1.5,7.75"
      },
      {
        "category": "entity-field",
        "key": "00000000000000010000000000000007:LogicTransform.localPosition=29,1.5,9"
      },
      {
        "category": "entity-field",
        "key": "00000000000000010000000000000007:LogicTransform.localPosition=29,1.5,10.25"
      },
      {
        "category": "entity-field",
        "key": "00000000000000010000000000000007:LogicTransform.localPosition=29,1.5,11.5"
      },
      {
        "category": "entity-field",
        "key": "00000000000000010000000000000007:LogicTransform.localPosition=29,1.5,12.75"
      },
      {
        "category": "entity-field",
        "key": "00000000000000010000000000000007:LogicTransform.localPosition=29,1.5,14"
      },
      {
        "category": "entity-field",
        "key": "00000000000000010000000000000007:LogicTransform.localPosition=29,1.5,15.25"
      },
      {
        "category": "entity-field",
        "key": "00000000000000010000000000000007:LogicTransform.localPosition=29,1.5,16.5"
      },
      {
        "category": "entity-field",
        "key": "00000000000000010000000000000007:LogicTransform.localPosition=29,1.5,17.75"
      },
      {
        "category": "entity-field",
        "key": "00000000000000010000000000000007:LogicTransform.localPosition=29,1.5,19"
      },
      {
        "category": "entity-field",
        "key": "00000000000000010000000000000007:LogicTransform.localPosition=29,1.5,20.25"
      },
      {
        "category": "entity-field",
        "key": "00000000000000010000000000000007:LogicTransform.localPosition=29,1.5,21.5"
      },
      {
        "category": "entity-field",
        "key": "00000000000000010000000000000007:LogicTransform.localPosition=29,1.5,22.75"
      },
      {
        "category": "entity-field",
        "key": "00000000000000010000000000000007:LogicTransform.localPosition=29,1.5,24"
      },
      {
        "category": "entity-field",
        "key": "00000000000000010000000000000007:LogicTransform.localPosition=29,1.5,25.25"
      },
      {
        "category": "entity-field",
        "key": "00000000000000010000000000000007:LogicTransform.localPosition=29,1.5,26.5"
      },
      {
        "category": "entity-field",
        "key": "00000000000000010000000000000007:LogicTransform.localPosition=29,1.5,27.75"
      },
      {
        "category": "entity-field",
        "key": "00000000000000010000000000000007:LogicTransform.localPosition=29,1.5,29"
      },
      {
        "category": "entity-field",
        "key": "00000000000000010000000000000007:LogicTransform.localPosition=29,1.5,30.25"
      },
      {
        "category": "entity-field",
        "key": "00000000000000010000000000000007:LogicTransform.localPosition=27.75,1.5,30.25"
      },
      {
        "category": "entity-field",
        "key": "00000000000000010000000000000007:LogicTransform.localPosition=26.5,1.5,30.25"
      },
      {
        "category": "entity-field",
        "key": "00000000000000010000000000000007:LogicTransform.localPosition=25.25,1.5,30.25"
      },
      {
        "category": "entity-field",
        "key": "00000000000000010000000000000007:LogicTransform.localPosition=24,1.5,30.25"
      },
      {
        "category": "entity-field",
        "key": "00000000000000010000000000000007:LogicTransform.localPosition=22.75,1.5,30.25"
      },
      {
        "category": "entity-field",
        "key": "00000000000000010000000000000007:LogicTransform.localPosition=21.5,1.5,30.25"
      },
      {
        "category": "entity-field",
        "key": "00000000000000010000000000000007:LogicTransform.localPosition=20.25,1.5,30.25"
      },
      {
        "category": "entity-field",
        "key": "00000000000000010000000000000007:LogicTransform.localPosition=19,1.5,30.25"
      },
      {
        "category": "entity-field",
        "key": "00000000000000010000000000000007:LogicTransform.localPosition=17.75,1.5,30.25"
      },
      {
        "category": "entity-field",
        "key": "00000000000000010000000000000007:LogicTransform.localPosition=16.5,1.5,30.25"
      },
      {
        "category": "entity-field",
        "key": "00000000000000010000000000000007:LogicTransform.localPosition=15.25,1.5,30.25"
      },
      {
        "category": "entity-field",
        "key": "00000000000000010000000000000007:LogicTransform.localPosition=14,1.5,30.25"
      },
      {
        "category": "entity-field",
        "key": "00000000000000010000000000000007:LogicTransform.localPosition=12.75,1.5,30.25"
      },
      {
        "category": "entity-field",
        "key": "00000000000000010000000000000007:LogicTransform.localPosition=11.5,1.5,30.25"
      },
      {
        "category": "entity-field",
        "key": "00000000000000010000000000000007:LogicTransform.localPosition=10.25,1.5,30.25"
      },
      {
        "category": "entity-field",
        "key": "00000000000000010000000000000007:LogicTransform.localPosition=9,1.5,30.25"
      },
      {
        "category": "entity-field",
        "key": "00000000000000010000000000000007:LogicTransform.localPosition=7.75,1.5,30.25"
      },
      {
        "category": "entity-field",
        "key": "00000000000000010000000000000007:LogicTransform.localPosition=6.5,1.5,30.25"
      },
      {
        "category": "entity-field",
        "key": "00000000000000010000000000000007:LogicTransform.localPosition=5.25,1.5,30.25"
      },
      {
        "category": "entity-field",
        "key": "00000000000000010000000000000007:LogicTransform.localPosition=4,1.5,30.25"
      },
      {
        "category": "entity-field",
        "key": "00000000000000010000000000000007:LogicTransform.localPosition=4,1.5,29"
      },
      {
        "category": "entity-field",
        "key": "00000000000000010000000000000007:LogicTransform.localPosition=4,1.5,27.75"
      },
      {
        "category": "entity-field",
        "key": "00000000000000010000000000000007:LogicTransform.localPosition=4,1.5,26.5"
      },
      {
        "category": "entity-field",
        "key": "00000000000000010000000000000007:LogicTransform.localPosition=4,1.5,25.25"
      },
      {
        "category": "entity-field",
        "key": "00000000000000010000000000000007:LogicTransform.localPosition=4,1.5,24"
      },
      {
        "category": "entity-field",
        "key": "00000000000000010000000000000007:LogicTransform.localPosition=4,1.5,22.75"
      },
      {
        "category": "entity-field",
        "key": "00000000000000010000000000000007:LogicTransform.localPosition=4,1.5,21.5"
      },
      {
        "category": "entity-field",
        "key": "00000000000000010000000000000007:LogicTransform.localPosition=4,1.5,20.25"
      },
      {
        "category": "entity-field",
        "key": "00000000000000010000000000000007:LogicTransform.localPosition=4,1.5,19"
      },
      {
        "category": "entity-field",
        "key": "00000000000000010000000000000007:LogicTransform.localPosition=4,1.5,17.75"
      },
      {
        "category": "entity-field",
        "key": "00000000000000010000000000000007:LogicTransform.localPosition=4,1.5,16.5"
      },
      {
        "category": "entity-field",
        "key": "00000000000000010000000000000007:LogicTransform.localPosition=4,1.5,15.25"
      },
      {
        "category": "entity-field",
        "key": "00000000000000010000000000000007:LogicTransform.localPosition=4,1.5,14"
      },
      {
        "category": "entity-field",
        "key": "00000000000000010000000000000007:LogicTransform.localPosition=4,1.5,12.75"
      },
      {
        "category": "entity-field",
        "key": "00000000000000010000000000000007:LogicTransform.localPosition=4,1.5,11.5"
      },
      {
        "category": "entity-field",
        "key": "00000000000000010000000000000007:LogicTransform.localPosition=4,1.5,10.25"
      },
      {
        "category": "entity-field",
        "key": "00000000000000010000000000000007:LogicTransform.localPosition=4,1.5,9"
      },
      {
        "category": "entity-field",
        "key": "00000000000000010000000000000007:LogicTransform.localPosition=4,1.5,7.75"
      },
      {
        "category": "entity-field",
        "key": "00000000000000010000000000000007:LogicTransform.localPosition=4,1.5,6.5"
      },
      {
        "category": "entity-field",
        "key": "00000000000000010000000000000007:LogicTransform.localPosition=4,1.5,5.25"
      },
      {
        "category": "entity-field",
        "key": "00000000000000010000000000000007:LogicTransform.localPosition=4,1.5,4"
      },
      {
        "category": "entity-field",
        "key": "00000000000000010000000000000007:LogicTransform.localPosition=5.25,1.5,4"
      },
      {
        "category": "entity-field",
        "key": "00000000000000010000000000000007:LogicTransform.localPosition=6.5,1.5,4"
      },
      {
        "category": "entity-field",
        "key": "00000000000000010000000000000007:LogicTransform.localPosition=7.75,1.5,4"
      },
      {
        "category": "entity-field",
        "key": "00000000000000010000000000000007:LogicTransform.localPosition=9,1.5,4"
      },
      {
        "category": "entity-field",
        "key": "00000000000000010000000000000007:LogicTransform.localPosition=10.25,1.5,4"
      },
      {
        "category": "entity-field",
        "key": "00000000000000010000000000000007:LogicTransform.localPosition=11.5,1.5,4"
      },
      {
        "category": "entity-field",
        "key": "00000000000000010000000000000007:LogicTransform.localPosition=12.75,1.5,4"
      },
      {
        "category": "entity-field",
        "key": "00000000000000010000000000000007:LogicTransform.localPosition=14,1.5,4"
      },
      {
        "category": "entity-field",
        "key": "00000000000000010000000000000007:LogicTransform.localPosition=15.25,1.5,4"
      },
      {
        "category": "entity-field",
        "key": "00000000000000010000000000000007:LogicTransform.localPosition=16.5,1.5,4"
      },
      {
        "category": "entity-field",
        "key": "00000000000000010000000000000007:LogicTransform.localPosition=17.75,1.5,4"
      },
      {
        "category": "entity-field",
        "key": "00000000000000010000000000000007:LogicTransform.localPosition=19,1.5,4"
      },
      {
        "category": "entity-field",
        "key": "00000000000000010000000000000007:LogicTransform.localPosition=20.25,1.5,4"
      },
      {
        "category": "entity-field",
        "key": "00000000000000010000000000000007:LogicTransform.localPosition=21.5,1.5,4"
      },
      {
        "category": "entity-field",
        "key": "00000000000000010000000000000007:LogicTransform.localPosition=22.75,1.5,4"
      },
      {
        "category": "entity-field",
        "key": "00000000000000010000000000000007:LogicTransform.localPosition=24,1.5,4"
      },
      {
        "category": "entity-field",
        "key": "00000000000000010000000000000007:LogicTransform.localPosition=25.25,1.5,4"
      },
      {
        "category": "entity-field",
        "key": "00000000000000010000000000000007:LogicTransform.localPosition=26.5,1.5,4"
      },
      {
        "category": "entity-field",
        "key": "00000000000000010000000000000007:LogicTransform.localPosition=27.75,1.5,4"
      },
      {
        "category": "entity-field",
        "key": "00000000000000010000000000000007:LogicTransform.localPosition=29,1.5,4"
      },
      {
        "category": "entity-field",
        "key": "00000000000000010000000000000007:LogicTransform.localPosition=30.25,1.5,4"
      },
      {
        "category": "entity-field",
        "key": "00000000000000010000000000000007:LogicTransform.localPosition=30.25,1.5,5.25"
      },
      {
        "category": "entity-field",
        "key": "00000000000000010000000000000007:LogicTransform.localPosition=30.25,1.5,6.5"
      },
      {
        "category": "entity-field",
        "key": "00000000000000010000000000000007:LogicTransform.localPosition=30.25,1.5,7.75"
      },
      {
        "category": "entity-field",
        "key": "00000000000000010000000000000007:LogicTransform.localPosition=30.25,1.5,9"
      },
      {
        "category": "entity-field",
        "key": "00000000000000010000000000000007:LogicTransform.localPosition=30.25,1.5,10.25"
      },
      {
        "category": "entity-field",
        "key": "00000000000000010000000000000007:LogicTransform.localPosition=30.25,1.5,11.5"
      },
      {
        "category": "entity-field",
        "key": "00000000000000010000000000000007:LogicTransform.localPosition=30.25,1.5,12.75"
      },
      {
        "category": "entity-field",
        "key": "00000000000000010000000000000007:LogicTransform.localPosition=30.25,1.5,14"
      },
      {
        "category": "entity-field",
        "key": "00000000000000010000000000000007:LogicTransform.localPosition=30.25,1.5,15.25"
      },
      {
        "category": "entity-field",
        "key": "00000000000000010000000000000007:LogicTransform.localPosition=30.25,1.5,16.5"
      },
      {
        "category": "entity-field",
        "key": "00000000000000010000000000000007:LogicTransform.localPosition=30.25,1.5,17.75"
      },
      {
        "category": "entity-field",
        "key": "00000000000000010000000000000007:LogicTransform.localPosition=30.25,1.5,19"
      },
      {
        "category": "entity-field",
        "key": "00000000000000010000000000000007:LogicTransform.localPosition=30.25,1.5,20.25"
      },
      {
        "category": "entity-field",
        "key": "00000000000000010000000000000007:LogicTransform.localPosition=30.25,1.5,21.5"
      },
      {
        "category": "entity-field",
        "key": "00000000000000010000000000000007:LogicTransform.localPosition=30.25,1.5,22.75"
      },
      {
        "category": "entity-field",
        "key": "00000000000000010000000000000007:LogicTransform.localPosition=30.25,1.5,24"
      },
      {
        "category": "entity-field",
        "key": "00000000000000010000000000000007:LogicTransform.localPosition=30.25,1.5,25.25"
      },
      {
        "category": "entity-field",
        "key": "00000000000000010000000000000007:LogicTransform.localPosition=30.25,1.5,26.5"
      },
      {
        "category": "entity-field",
        "key": "00000000000000010000000000000007:LogicTransform.localPosition=30.25,1.5,27.75"
      },
      {
        "category": "entity-field",
        "key": "00000000000000010000000000000007:LogicTransform.localPosition=30.25,1.5,29"
      },
      {
        "category": "entity-field",
        "key": "00000000000000010000000000000007:LogicTransform.localPosition=30.25,1.5,30.25"
      },
      {
        "category": "entity-field",
        "key": "00000000000000010000000000000007:LogicTransform.localPosition=30.25,1.5,30.65"
      },
      {
        "category": "entity-field",
        "key": "00000000000000010000000000000007:LogicTransform.localPosition=29,1.5,30.65"
      },
      {
        "category": "entity-field",
        "key": "00000000000000010000000000000007:LogicTransform.localPosition=27.75,1.5,30.65"
      },
      {
        "category": "entity-field",
        "key": "00000000000000010000000000000007:LogicTransform.localPosition=26.5,1.5,30.65"
      },
      {
        "category": "entity-field",
        "key": "00000000000000010000000000000007:LogicTransform.localPosition=25.25,1.5,30.65"
      },
      {
        "category": "entity-field",
        "key": "00000000000000010000000000000007:LogicTransform.localPosition=24,1.5,30.65"
      },
      {
        "category": "entity-field",
        "key": "00000000000000010000000000000007:LogicTransform.localPosition=22.75,1.5,30.65"
      },
      {
        "category": "entity-field",
        "key": "00000000000000010000000000000007:LogicTransform.localPosition=21.5,1.5,30.65"
      },
      {
        "category": "entity-field",
        "key": "00000000000000010000000000000007:LogicTransform.localPosition=20.25,1.5,30.65"
      },
      {
        "category": "entity-field",
        "key": "00000000000000010000000000000007:LogicTransform.localPosition=19,1.5,30.65"
      },
      {
        "category": "entity-field",
        "key": "00000000000000010000000000000007:LogicTransform.localPosition=17.75,1.5,30.65"
      },
      {
        "category": "entity-field",
        "key": "00000000000000010000000000000007:LogicTransform.localPosition=16.5,1.5,30.65"
      },
      {
        "category": "entity-field",
        "key": "00000000000000010000000000000007:LogicTransform.localPosition=15.25,1.5,30.65"
      },
      {
        "category": "entity-field",
        "key": "00000000000000010000000000000007:LogicTransform.localPosition=14,1.5,30.65"
      },
      {
        "category": "entity-field",
        "key": "00000000000000010000000000000007:LogicTransform.localPosition=12.75,1.5,30.65"
      },
      {
        "category": "entity-field",
        "key": "00000000000000010000000000000007:LogicTransform.localPosition=11.5,1.5,30.65"
      },
      {
        "category": "entity-field",
        "key": "00000000000000010000000000000007:LogicTransform.localPosition=10.25,1.5,30.65"
      },
      {
        "category": "entity-field",
        "key": "00000000000000010000000000000007:LogicTransform.localPosition=9,1.5,30.65"
      },
      {
        "category": "entity-field",
        "key": "00000000000000010000000000000007:LogicTransform.localPosition=7.75,1.5,30.65"
      },
      {
        "category": "entity-field",
        "key": "00000000000000010000000000000007:LogicTransform.localPosition=6.5,1.5,30.65"
      },
      {
        "category": "entity-field",
        "key": "00000000000000010000000000000007:LogicTransform.localPosition=5.25,1.5,30.65"
      },
      {
        "category": "entity-field",
        "key": "00000000000000010000000000000007:LogicTransform.localPosition=4,1.5,30.65"
      },
      {
        "category": "entity-field",
        "key": "00000000000000010000000000000007:LogicTransform.localPosition=2.75,1.5,30.65"
      },
      {
        "category": "entity-field",
        "key": "00000000000000010000000000000007:LogicTransform.localPosition=2.75,1.5,29.4"
      },
      {
        "category": "entity-field",
        "key": "00000000000000010000000000000007:LogicTransform.localPosition=2.75,1.5,28.15"
      },
      {
        "category": "entity-field",
        "key": "00000000000000010000000000000007:LogicTransform.localPosition=2.75,1.5,26.9"
      },
      {
        "category": "entity-field",
        "key": "00000000000000010000000000000007:LogicTransform.localPosition=2.75,1.5,25.65"
      },
      {
        "category": "entity-field",
        "key": "00000000000000010000000000000007:LogicTransform.localPosition=2.75,1.5,24.4"
      },
      {
        "category": "entity-field",
        "key": "00000000000000010000000000000007:LogicTransform.localPosition=2.75,1.5,23.15"
      },
      {
        "category": "entity-field",
        "key": "00000000000000010000000000000007:LogicTransform.localPosition=2.75,1.5,21.9"
      },
      {
        "category": "entity-field",
        "key": "00000000000000010000000000000007:LogicTransform.localPosition=2.75,1.5,20.65"
      },
      {
        "category": "entity-field",
        "key": "00000000000000010000000000000007:LogicTransform.localPosition=2.75,1.5,19.4"
      },
      {
        "category": "entity-field",
        "key": "00000000000000010000000000000007:LogicTransform.localPosition=2.75,1.5,18.15"
      },
      {
        "category": "entity-field",
        "key": "00000000000000010000000000000007:LogicTransform.localPosition=2.75,1.5,16.9"
      },
      {
        "category": "entity-field",
        "key": "00000000000000010000000000000007:LogicTransform.localPosition=2.75,1.5,15.65"
      },
      {
        "category": "entity-field",
        "key": "00000000000000010000000000000007:LogicTransform.localPosition=2.75,1.5,14.4"
      },
      {
        "category": "entity-field",
        "key": "00000000000000010000000000000007:LogicTransform.localPosition=2.75,1.5,13.15"
      },
      {
        "category": "entity-field",
        "key": "00000000000000010000000000000007:LogicTransform.localPosition=2.75,1.5,11.9"
      },
      {
        "category": "entity-field",
        "key": "00000000000000010000000000000007:LogicTransform.localPosition=2.75,1.5,10.65"
      },
      {
        "category": "entity-field",
        "key": "00000000000000010000000000000007:LogicTransform.localPosition=2.75,1.5,9.4"
      },
      {
        "category": "entity-field",
        "key": "00000000000000010000000000000007:LogicTransform.localPosition=2.75,1.5,8.15"
      },
      {
        "category": "entity-field",
        "key": "00000000000000010000000000000007:LogicTransform.localPosition=2.75,1.5,6.8999996"
      },
      {
        "category": "entity-field",
        "key": "00000000000000010000000000000007:LogicTransform.localPosition=2.75,1.5,5.6499996"
      },
      {
        "category": "entity-field",
        "key": "00000000000000010000000000000007:LogicTransform.localPosition=2.75,1.5,4.3999996"
      },
      {
        "category": "entity-field",
        "key": "00000000000000010000000000000007:LogicTransform.localPosition=2.75,1.5,3.1499996"
      },
      {
        "category": "entity-field",
        "key": "00000000000000010000000000000005:VeinReserveComponent.remaining=5"
      },
      {
        "category": "entity-field",
        "key": "00000000000000010000000000000007:AttributeComponent.staminaCurrent=87"
      },
      {
        "category": "entity-field",
        "key": "00000000000000010000000000000005:VeinReserveComponent.remaining=4"
      },
      {
        "category": "entity-field",
        "key": "00000000000000010000000000000007:AttributeComponent.staminaCurrent=74"
      },
      {
        "category": "entity-field",
        "key": "00000000000000010000000000000005:VeinReserveComponent.remaining=3"
      },
      {
        "category": "entity-field",
        "key": "00000000000000010000000000000007:AttributeComponent.staminaCurrent=61"
      },
      {
        "category": "entity-field",
        "key": "00000000000000010000000000000005:VeinReserveComponent.remaining=2"
      },
      {
        "category": "entity-field",
        "key": "00000000000000010000000000000007:AttributeComponent.staminaCurrent=48"
      },
      {
        "category": "entity-field",
        "key": "00000000000000010000000000000005:VeinReserveComponent.remaining=1"
      },
      {
        "category": "entity-field",
        "key": "00000000000000010000000000000007:AttributeComponent.staminaCurrent=35"
      },
      {
        "category": "entity-destroy",
        "key": "-00000000000000010000000000000005"
      },
      {
        "category": "entity-create",
        "key": "+00000000000000010000000000000008:oreDrop"
      },
      {
        "category": "entity-create",
        "key": "+00000000000000010000000000000008:LogicTransform.localPosition=2.5,0.5,2.5"
      },
      {
        "category": "entity-create",
        "key": "+00000000000000010000000000000008:LogicTransform.localRotation=0,0,0,1"
      },
      {
        "category": "entity-create",
        "key": "+00000000000000010000000000000008:LogicTransform.parent="
      },
      {
        "category": "entity-create",
        "key": "+00000000000000010000000000000008:LogicTransform.teleportId="
      },
      {
        "category": "entity-create",
        "key": "+00000000000000010000000000000008:OrePileComponent.amount=4"
      },
      {
        "category": "entity-field",
        "key": "00000000000000010000000000000008:LogicTransform.localPosition=2.5,0.5,2.5"
      },
      {
        "category": "entity-field",
        "key": "00000000000000010000000000000007:AttributeComponent.staminaCurrent=22"
      },
      {
        "category": "entity-field",
        "key": "00000000000000010000000000000007:AttributeComponent.oreCurrent=13"
      },
      {
        "category": "entity-destroy",
        "key": "-00000000000000010000000000000008"
      },
      {
        "category": "rpc-delivery",
        "key": "{\"appliedTick\":4189,\"args\":[\"7069636b75702d6f7265\",\"34\",\"66616c7365\",\"38\"],\"componentId\":\"EffectComponent\",\"messageId\":2,\"method\":\"OnFx\",\"roomSequence\":2,\"scope\":\"aoi\",\"sender\":\"00000000000000010000000000000007\",\"target\":\"00000000000000010000000000000007\"}"
      }
    ],
    "worldEventOrder": [
      {
        "category": "entity-create",
        "key": "+00000000000000010000000000000001:world"
      },
      {
        "category": "entity-create",
        "key": "+00000000000000010000000000000001:WorldSaveComponent.tickRate=20"
      },
      {
        "category": "entity-create",
        "key": "+00000000000000010000000000000006:player"
      },
      {
        "category": "entity-create",
        "key": "+00000000000000010000000000000006:IdentityComponent.name="
      },
      {
        "category": "entity-create",
        "key": "+00000000000000010000000000000006:IdentityComponent.colorHue=0"
      },
      {
        "category": "entity-create",
        "key": "+00000000000000010000000000000006:LogicTransform.localPosition=16.5,1.5,16.5"
      },
      {
        "category": "entity-create",
        "key": "+00000000000000010000000000000006:LogicTransform.localRotation=0,0,0,1"
      },
      {
        "category": "entity-create",
        "key": "+00000000000000010000000000000006:LogicTransform.parent="
      },
      {
        "category": "entity-create",
        "key": "+00000000000000010000000000000006:LogicTransform.teleportId="
      },
      {
        "category": "entity-create",
        "key": "+00000000000000010000000000000006:AttributeComponent.OreBase=9"
      },
      {
        "category": "entity-create",
        "key": "+00000000000000010000000000000006:AttributeComponent.OreCurrent=9"
      },
      {
        "category": "entity-create",
        "key": "+00000000000000010000000000000006:AttributeComponent.StaminaBase=100"
      },
      {
        "category": "entity-create",
        "key": "+00000000000000010000000000000006:AttributeComponent.StaminaCurrent=100"
      },
      {
        "category": "entity-create",
        "key": "+00000000000000010000000000000002:vein"
      },
      {
        "category": "entity-create",
        "key": "+00000000000000010000000000000002:VeinReserveComponent.remaining=6"
      },
      {
        "category": "entity-create",
        "key": "+00000000000000010000000000000003:vein"
      },
      {
        "category": "entity-create",
        "key": "+00000000000000010000000000000003:VeinReserveComponent.remaining=6"
      },
      {
        "category": "entity-create",
        "key": "+00000000000000010000000000000004:vein"
      },
      {
        "category": "entity-create",
        "key": "+00000000000000010000000000000004:VeinReserveComponent.remaining=6"
      },
      {
        "category": "entity-create",
        "key": "+00000000000000010000000000000005:vein"
      },
      {
        "category": "entity-create",
        "key": "+00000000000000010000000000000005:VeinReserveComponent.remaining=6"
      },
      {
        "category": "entity-field",
        "key": "00000000000000010000000000000006:AttributeComponent.staminaBase=100"
      },
      {
        "category": "entity-field",
        "key": "00000000000000010000000000000006:AttributeComponent.staminaCurrent=100"
      },
      {
        "category": "entity-field",
        "key": "00000000000000010000000000000006:AttributeComponent.oreBase=9"
      },
      {
        "category": "entity-field",
        "key": "00000000000000010000000000000006:AttributeComponent.oreCurrent=9"
      },
      {
        "category": "entity-field",
        "key": "00000000000000010000000000000006:LogicTransform.localPosition=16.5,1.5,16.5"
      },
      {
        "category": "entity-create",
        "key": "+00000000000000010000000000000007:player"
      },
      {
        "category": "entity-create",
        "key": "+00000000000000010000000000000007:IdentityComponent.name="
      },
      {
        "category": "entity-create",
        "key": "+00000000000000010000000000000007:IdentityComponent.colorHue=105"
      },
      {
        "category": "entity-create",
        "key": "+00000000000000010000000000000007:LogicTransform.localPosition=16.5,1.5,16.5"
      },
      {
        "category": "entity-create",
        "key": "+00000000000000010000000000000007:LogicTransform.localRotation=0,0,0,1"
      },
      {
        "category": "entity-create",
        "key": "+00000000000000010000000000000007:LogicTransform.parent="
      },
      {
        "category": "entity-create",
        "key": "+00000000000000010000000000000007:LogicTransform.teleportId="
      },
      {
        "category": "entity-create",
        "key": "+00000000000000010000000000000007:AttributeComponent.OreCurrent=9"
      },
      {
        "category": "entity-create",
        "key": "+00000000000000010000000000000007:AttributeComponent.StaminaCurrent=100"
      },
      {
        "category": "entity-field",
        "key": "00000000000000010000000000000007:AttributeComponent.staminaCurrent=100"
      },
      {
        "category": "entity-field",
        "key": "00000000000000010000000000000007:AttributeComponent.oreCurrent=9"
      },
      {
        "category": "entity-field",
        "key": "00000000000000010000000000000007:LogicTransform.localPosition=16.5,1.5,16.5"
      },
      {
        "category": "entity-field",
        "key": "00000000000000010000000000000007:IdentityComponent.colorHue=105"
      },
      {
        "category": "entity-field",
        "key": "00000000000000010000000000000007:LogicTransform.localPosition=17.75,1.5,16.5"
      },
      {
        "category": "entity-field",
        "key": "00000000000000010000000000000007:LogicTransform.localPosition=17.75,1.5,17.75"
      },
      {
        "category": "entity-field",
        "key": "00000000000000010000000000000007:LogicTransform.localPosition=17.75,1.5,19"
      },
      {
        "category": "entity-field",
        "key": "00000000000000010000000000000007:LogicTransform.localPosition=16.5,1.5,19"
      },
      {
        "category": "entity-field",
        "key": "00000000000000010000000000000007:LogicTransform.localPosition=15.25,1.5,19"
      },
      {
        "category": "entity-field",
        "key": "00000000000000010000000000000007:LogicTransform.localPosition=15.25,1.5,17.75"
      },
      {
        "category": "entity-field",
        "key": "00000000000000010000000000000007:LogicTransform.localPosition=15.25,1.5,16.5"
      },
      {
        "category": "entity-field",
        "key": "00000000000000010000000000000007:LogicTransform.localPosition=15.25,1.5,15.25"
      },
      {
        "category": "entity-field",
        "key": "00000000000000010000000000000007:LogicTransform.localPosition=16.5,1.5,15.25"
      },
      {
        "category": "entity-field",
        "key": "00000000000000010000000000000007:LogicTransform.localPosition=17.75,1.5,15.25"
      },
      {
        "category": "entity-field",
        "key": "00000000000000010000000000000007:LogicTransform.localPosition=19,1.5,15.25"
      },
      {
        "category": "entity-field",
        "key": "00000000000000010000000000000007:LogicTransform.localPosition=19,1.5,16.5"
      },
      {
        "category": "entity-field",
        "key": "00000000000000010000000000000007:LogicTransform.localPosition=19,1.5,17.75"
      },
      {
        "category": "entity-field",
        "key": "00000000000000010000000000000007:LogicTransform.localPosition=19,1.5,19"
      },
      {
        "category": "entity-field",
        "key": "00000000000000010000000000000007:LogicTransform.localPosition=19,1.5,20.25"
      },
      {
        "category": "entity-field",
        "key": "00000000000000010000000000000007:LogicTransform.localPosition=17.75,1.5,20.25"
      },
      {
        "category": "entity-field",
        "key": "00000000000000010000000000000007:LogicTransform.localPosition=16.5,1.5,20.25"
      },
      {
        "category": "entity-field",
        "key": "00000000000000010000000000000007:LogicTransform.localPosition=15.25,1.5,20.25"
      },
      {
        "category": "entity-field",
        "key": "00000000000000010000000000000007:LogicTransform.localPosition=14,1.5,20.25"
      },
      {
        "category": "entity-field",
        "key": "00000000000000010000000000000007:LogicTransform.localPosition=14,1.5,19"
      },
      {
        "category": "entity-field",
        "key": "00000000000000010000000000000007:LogicTransform.localPosition=14,1.5,17.75"
      },
      {
        "category": "entity-field",
        "key": "00000000000000010000000000000007:LogicTransform.localPosition=14,1.5,16.5"
      },
      {
        "category": "entity-field",
        "key": "00000000000000010000000000000007:LogicTransform.localPosition=14,1.5,15.25"
      },
      {
        "category": "entity-field",
        "key": "00000000000000010000000000000007:LogicTransform.localPosition=14,1.5,14"
      },
      {
        "category": "entity-field",
        "key": "00000000000000010000000000000007:LogicTransform.localPosition=15.25,1.5,14"
      },
      {
        "category": "entity-field",
        "key": "00000000000000010000000000000007:LogicTransform.localPosition=16.5,1.5,14"
      },
      {
        "category": "entity-field",
        "key": "00000000000000010000000000000007:LogicTransform.localPosition=17.75,1.5,14"
      },
      {
        "category": "entity-field",
        "key": "00000000000000010000000000000007:LogicTransform.localPosition=19,1.5,14"
      },
      {
        "category": "entity-field",
        "key": "00000000000000010000000000000007:LogicTransform.localPosition=20.25,1.5,14"
      },
      {
        "category": "entity-field",
        "key": "00000000000000010000000000000007:LogicTransform.localPosition=20.25,1.5,15.25"
      },
      {
        "category": "entity-field",
        "key": "00000000000000010000000000000007:LogicTransform.localPosition=20.25,1.5,16.5"
      },
      {
        "category": "entity-field",
        "key": "00000000000000010000000000000007:LogicTransform.localPosition=20.25,1.5,17.75"
      },
      {
        "category": "entity-field",
        "key": "00000000000000010000000000000007:LogicTransform.localPosition=20.25,1.5,19"
      },
      {
        "category": "entity-field",
        "key": "00000000000000010000000000000007:LogicTransform.localPosition=20.25,1.5,20.25"
      },
      {
        "category": "entity-field",
        "key": "00000000000000010000000000000007:LogicTransform.localPosition=20.25,1.5,21.5"
      },
      {
        "category": "entity-field",
        "key": "00000000000000010000000000000007:LogicTransform.localPosition=19,1.5,21.5"
      },
      {
        "category": "entity-field",
        "key": "00000000000000010000000000000007:LogicTransform.localPosition=17.75,1.5,21.5"
      },
      {
        "category": "entity-field",
        "key": "00000000000000010000000000000007:LogicTransform.localPosition=16.5,1.5,21.5"
      },
      {
        "category": "entity-field",
        "key": "00000000000000010000000000000007:LogicTransform.localPosition=15.25,1.5,21.5"
      },
      {
        "category": "entity-field",
        "key": "00000000000000010000000000000007:LogicTransform.localPosition=14,1.5,21.5"
      },
      {
        "category": "entity-field",
        "key": "00000000000000010000000000000007:LogicTransform.localPosition=12.75,1.5,21.5"
      },
      {
        "category": "entity-field",
        "key": "00000000000000010000000000000007:LogicTransform.localPosition=12.75,1.5,20.25"
      },
      {
        "category": "entity-field",
        "key": "00000000000000010000000000000007:LogicTransform.localPosition=12.75,1.5,19"
      },
      {
        "category": "entity-field",
        "key": "00000000000000010000000000000007:LogicTransform.localPosition=12.75,1.5,17.75"
      },
      {
        "category": "entity-field",
        "key": "00000000000000010000000000000007:LogicTransform.localPosition=12.75,1.5,16.5"
      },
      {
        "category": "entity-field",
        "key": "00000000000000010000000000000007:LogicTransform.localPosition=12.75,1.5,15.25"
      },
      {
        "category": "entity-field",
        "key": "00000000000000010000000000000007:LogicTransform.localPosition=12.75,1.5,14"
      },
      {
        "category": "entity-field",
        "key": "00000000000000010000000000000007:LogicTransform.localPosition=12.75,1.5,12.75"
      },
      {
        "category": "entity-field",
        "key": "00000000000000010000000000000007:LogicTransform.localPosition=14,1.5,12.75"
      },
      {
        "category": "entity-field",
        "key": "00000000000000010000000000000007:LogicTransform.localPosition=15.25,1.5,12.75"
      },
      {
        "category": "entity-field",
        "key": "00000000000000010000000000000007:LogicTransform.localPosition=16.5,1.5,12.75"
      },
      {
        "category": "entity-field",
        "key": "00000000000000010000000000000007:LogicTransform.localPosition=17.75,1.5,12.75"
      },
      {
        "category": "entity-field",
        "key": "00000000000000010000000000000007:LogicTransform.localPosition=19,1.5,12.75"
      },
      {
        "category": "entity-field",
        "key": "00000000000000010000000000000007:LogicTransform.localPosition=20.25,1.5,12.75"
      },
      {
        "category": "entity-field",
        "key": "00000000000000010000000000000007:LogicTransform.localPosition=21.5,1.5,12.75"
      },
      {
        "category": "entity-field",
        "key": "00000000000000010000000000000007:LogicTransform.localPosition=21.5,1.5,14"
      },
      {
        "category": "entity-field",
        "key": "00000000000000010000000000000007:LogicTransform.localPosition=21.5,1.5,15.25"
      },
      {
        "category": "entity-field",
        "key": "00000000000000010000000000000007:LogicTransform.localPosition=21.5,1.5,16.5"
      },
      {
        "category": "entity-field",
        "key": "00000000000000010000000000000007:LogicTransform.localPosition=21.5,1.5,17.75"
      },
      {
        "category": "entity-field",
        "key": "00000000000000010000000000000007:LogicTransform.localPosition=21.5,1.5,19"
      },
      {
        "category": "entity-field",
        "key": "00000000000000010000000000000007:LogicTransform.localPosition=21.5,1.5,20.25"
      },
      {
        "category": "entity-field",
        "key": "00000000000000010000000000000007:LogicTransform.localPosition=21.5,1.5,21.5"
      },
      {
        "category": "entity-field",
        "key": "00000000000000010000000000000007:LogicTransform.localPosition=21.5,1.5,22.75"
      },
      {
        "category": "entity-field",
        "key": "00000000000000010000000000000007:LogicTransform.localPosition=20.25,1.5,22.75"
      },
      {
        "category": "entity-field",
        "key": "00000000000000010000000000000007:LogicTransform.localPosition=19,1.5,22.75"
      },
      {
        "category": "entity-field",
        "key": "00000000000000010000000000000007:LogicTransform.localPosition=17.75,1.5,22.75"
      },
      {
        "category": "entity-field",
        "key": "00000000000000010000000000000007:LogicTransform.localPosition=16.5,1.5,22.75"
      },
      {
        "category": "entity-field",
        "key": "00000000000000010000000000000007:LogicTransform.localPosition=15.25,1.5,22.75"
      },
      {
        "category": "entity-field",
        "key": "00000000000000010000000000000007:LogicTransform.localPosition=14,1.5,22.75"
      },
      {
        "category": "entity-field",
        "key": "00000000000000010000000000000007:LogicTransform.localPosition=12.75,1.5,22.75"
      },
      {
        "category": "entity-field",
        "key": "00000000000000010000000000000007:LogicTransform.localPosition=11.5,1.5,22.75"
      },
      {
        "category": "entity-field",
        "key": "00000000000000010000000000000007:LogicTransform.localPosition=11.5,1.5,21.5"
      },
      {
        "category": "entity-field",
        "key": "00000000000000010000000000000007:LogicTransform.localPosition=11.5,1.5,20.25"
      },
      {
        "category": "entity-field",
        "key": "00000000000000010000000000000007:LogicTransform.localPosition=11.5,1.5,19"
      },
      {
        "category": "entity-field",
        "key": "00000000000000010000000000000007:LogicTransform.localPosition=11.5,1.5,17.75"
      },
      {
        "category": "entity-field",
        "key": "00000000000000010000000000000007:LogicTransform.localPosition=11.5,1.5,16.5"
      },
      {
        "category": "entity-field",
        "key": "00000000000000010000000000000007:LogicTransform.localPosition=11.5,1.5,15.25"
      },
      {
        "category": "entity-field",
        "key": "00000000000000010000000000000007:LogicTransform.localPosition=11.5,1.5,14"
      },
      {
        "category": "entity-field",
        "key": "00000000000000010000000000000007:LogicTransform.localPosition=11.5,1.5,12.75"
      },
      {
        "category": "entity-field",
        "key": "00000000000000010000000000000007:LogicTransform.localPosition=11.5,1.5,11.5"
      },
      {
        "category": "entity-field",
        "key": "00000000000000010000000000000007:LogicTransform.localPosition=12.75,1.5,11.5"
      },
      {
        "category": "entity-field",
        "key": "00000000000000010000000000000007:LogicTransform.localPosition=14,1.5,11.5"
      },
      {
        "category": "entity-field",
        "key": "00000000000000010000000000000007:LogicTransform.localPosition=15.25,1.5,11.5"
      },
      {
        "category": "entity-field",
        "key": "00000000000000010000000000000007:LogicTransform.localPosition=16.5,1.5,11.5"
      },
      {
        "category": "entity-field",
        "key": "00000000000000010000000000000007:LogicTransform.localPosition=17.75,1.5,11.5"
      },
      {
        "category": "entity-field",
        "key": "00000000000000010000000000000007:LogicTransform.localPosition=19,1.5,11.5"
      },
      {
        "category": "entity-field",
        "key": "00000000000000010000000000000007:LogicTransform.localPosition=20.25,1.5,11.5"
      },
      {
        "category": "entity-field",
        "key": "00000000000000010000000000000007:LogicTransform.localPosition=21.5,1.5,11.5"
      },
      {
        "category": "entity-field",
        "key": "00000000000000010000000000000007:LogicTransform.localPosition=22.75,1.5,11.5"
      },
      {
        "category": "entity-field",
        "key": "00000000000000010000000000000007:LogicTransform.localPosition=22.75,1.5,12.75"
      },
      {
        "category": "entity-field",
        "key": "00000000000000010000000000000007:LogicTransform.localPosition=22.75,1.5,14"
      },
      {
        "category": "entity-field",
        "key": "00000000000000010000000000000007:LogicTransform.localPosition=22.75,1.5,15.25"
      },
      {
        "category": "entity-field",
        "key": "00000000000000010000000000000007:LogicTransform.localPosition=22.75,1.5,16.5"
      },
      {
        "category": "entity-field",
        "key": "00000000000000010000000000000007:LogicTransform.localPosition=22.75,1.5,17.75"
      },
      {
        "category": "entity-field",
        "key": "00000000000000010000000000000007:LogicTransform.localPosition=22.75,1.5,19"
      },
      {
        "category": "entity-field",
        "key": "00000000000000010000000000000007:LogicTransform.localPosition=22.75,1.5,20.25"
      },
      {
        "category": "entity-field",
        "key": "00000000000000010000000000000007:LogicTransform.localPosition=22.75,1.5,21.5"
      },
      {
        "category": "entity-field",
        "key": "00000000000000010000000000000007:LogicTransform.localPosition=22.75,1.5,22.75"
      },
      {
        "category": "entity-field",
        "key": "00000000000000010000000000000007:LogicTransform.localPosition=22.75,1.5,24"
      },
      {
        "category": "entity-field",
        "key": "00000000000000010000000000000007:LogicTransform.localPosition=21.5,1.5,24"
      },
      {
        "category": "entity-field",
        "key": "00000000000000010000000000000007:LogicTransform.localPosition=20.25,1.5,24"
      },
      {
        "category": "entity-field",
        "key": "00000000000000010000000000000007:LogicTransform.localPosition=19,1.5,24"
      },
      {
        "category": "entity-field",
        "key": "00000000000000010000000000000007:LogicTransform.localPosition=17.75,1.5,24"
      },
      {
        "category": "entity-field",
        "key": "00000000000000010000000000000007:LogicTransform.localPosition=16.5,1.5,24"
      },
      {
        "category": "entity-field",
        "key": "00000000000000010000000000000007:LogicTransform.localPosition=15.25,1.5,24"
      },
      {
        "category": "entity-field",
        "key": "00000000000000010000000000000007:LogicTransform.localPosition=14,1.5,24"
      },
      {
        "category": "entity-field",
        "key": "00000000000000010000000000000007:LogicTransform.localPosition=12.75,1.5,24"
      },
      {
        "category": "entity-field",
        "key": "00000000000000010000000000000007:LogicTransform.localPosition=11.5,1.5,24"
      },
      {
        "category": "entity-field",
        "key": "00000000000000010000000000000007:LogicTransform.localPosition=10.25,1.5,24"
      },
      {
        "category": "entity-field",
        "key": "00000000000000010000000000000007:LogicTransform.localPosition=10.25,1.5,22.75"
      },
      {
        "category": "entity-field",
        "key": "00000000000000010000000000000007:LogicTransform.localPosition=10.25,1.5,21.5"
      },
      {
        "category": "entity-field",
        "key": "00000000000000010000000000000007:LogicTransform.localPosition=10.25,1.5,20.25"
      },
      {
        "category": "entity-field",
        "key": "00000000000000010000000000000007:LogicTransform.localPosition=10.25,1.5,19"
      },
      {
        "category": "entity-field",
        "key": "00000000000000010000000000000007:LogicTransform.localPosition=10.25,1.5,17.75"
      },
      {
        "category": "entity-field",
        "key": "00000000000000010000000000000007:LogicTransform.localPosition=10.25,1.5,16.5"
      },
      {
        "category": "entity-field",
        "key": "00000000000000010000000000000007:LogicTransform.localPosition=10.25,1.5,15.25"
      },
      {
        "category": "entity-field",
        "key": "00000000000000010000000000000007:LogicTransform.localPosition=10.25,1.5,14"
      },
      {
        "category": "entity-field",
        "key": "00000000000000010000000000000007:LogicTransform.localPosition=10.25,1.5,12.75"
      },
      {
        "category": "entity-field",
        "key": "00000000000000010000000000000007:LogicTransform.localPosition=10.25,1.5,11.5"
      },
      {
        "category": "entity-field",
        "key": "00000000000000010000000000000007:LogicTransform.localPosition=10.25,1.5,10.25"
      },
      {
        "category": "entity-field",
        "key": "00000000000000010000000000000007:LogicTransform.localPosition=11.5,1.5,10.25"
      },
      {
        "category": "entity-field",
        "key": "00000000000000010000000000000007:LogicTransform.localPosition=12.75,1.5,10.25"
      },
      {
        "category": "entity-field",
        "key": "00000000000000010000000000000007:LogicTransform.localPosition=14,1.5,10.25"
      },
      {
        "category": "entity-field",
        "key": "00000000000000010000000000000007:LogicTransform.localPosition=15.25,1.5,10.25"
      },
      {
        "category": "entity-field",
        "key": "00000000000000010000000000000007:LogicTransform.localPosition=16.5,1.5,10.25"
      },
      {
        "category": "entity-field",
        "key": "00000000000000010000000000000007:LogicTransform.localPosition=17.75,1.5,10.25"
      },
      {
        "category": "entity-field",
        "key": "00000000000000010000000000000007:LogicTransform.localPosition=19,1.5,10.25"
      },
      {
        "category": "entity-field",
        "key": "00000000000000010000000000000007:LogicTransform.localPosition=20.25,1.5,10.25"
      },
      {
        "category": "entity-field",
        "key": "00000000000000010000000000000007:LogicTransform.localPosition=21.5,1.5,10.25"
      },
      {
        "category": "entity-field",
        "key": "00000000000000010000000000000007:LogicTransform.localPosition=22.75,1.5,10.25"
      },
      {
        "category": "entity-field",
        "key": "00000000000000010000000000000007:LogicTransform.localPosition=24,1.5,10.25"
      },
      {
        "category": "entity-field",
        "key": "00000000000000010000000000000007:LogicTransform.localPosition=24,1.5,11.5"
      },
      {
        "category": "entity-field",
        "key": "00000000000000010000000000000007:LogicTransform.localPosition=24,1.5,12.75"
      },
      {
        "category": "entity-field",
        "key": "00000000000000010000000000000007:LogicTransform.localPosition=24,1.5,14"
      },
      {
        "category": "entity-field",
        "key": "00000000000000010000000000000007:LogicTransform.localPosition=24,1.5,15.25"
      },
      {
        "category": "entity-field",
        "key": "00000000000000010000000000000007:LogicTransform.localPosition=24,1.5,16.5"
      },
      {
        "category": "entity-field",
        "key": "00000000000000010000000000000007:LogicTransform.localPosition=24,1.5,17.75"
      },
      {
        "category": "entity-field",
        "key": "00000000000000010000000000000007:LogicTransform.localPosition=24,1.5,19"
      },
      {
        "category": "entity-field",
        "key": "00000000000000010000000000000007:LogicTransform.localPosition=24,1.5,20.25"
      },
      {
        "category": "entity-field",
        "key": "00000000000000010000000000000007:LogicTransform.localPosition=24,1.5,21.5"
      },
      {
        "category": "entity-field",
        "key": "00000000000000010000000000000007:LogicTransform.localPosition=24,1.5,22.75"
      },
      {
        "category": "entity-field",
        "key": "00000000000000010000000000000007:LogicTransform.localPosition=24,1.5,24"
      },
      {
        "category": "entity-field",
        "key": "00000000000000010000000000000007:LogicTransform.localPosition=24,1.5,25.25"
      },
      {
        "category": "entity-field",
        "key": "00000000000000010000000000000007:LogicTransform.localPosition=22.75,1.5,25.25"
      },
      {
        "category": "entity-field",
        "key": "00000000000000010000000000000007:LogicTransform.localPosition=21.5,1.5,25.25"
      },
      {
        "category": "entity-field",
        "key": "00000000000000010000000000000007:LogicTransform.localPosition=20.25,1.5,25.25"
      },
      {
        "category": "entity-field",
        "key": "00000000000000010000000000000007:LogicTransform.localPosition=19,1.5,25.25"
      },
      {
        "category": "entity-field",
        "key": "00000000000000010000000000000007:LogicTransform.localPosition=17.75,1.5,25.25"
      },
      {
        "category": "entity-field",
        "key": "00000000000000010000000000000007:LogicTransform.localPosition=16.5,1.5,25.25"
      },
      {
        "category": "entity-field",
        "key": "00000000000000010000000000000007:LogicTransform.localPosition=15.25,1.5,25.25"
      },
      {
        "category": "entity-field",
        "key": "00000000000000010000000000000007:LogicTransform.localPosition=14,1.5,25.25"
      },
      {
        "category": "entity-field",
        "key": "00000000000000010000000000000007:LogicTransform.localPosition=12.75,1.5,25.25"
      },
      {
        "category": "entity-field",
        "key": "00000000000000010000000000000007:LogicTransform.localPosition=11.5,1.5,25.25"
      },
      {
        "category": "entity-field",
        "key": "00000000000000010000000000000007:LogicTransform.localPosition=10.25,1.5,25.25"
      },
      {
        "category": "entity-field",
        "key": "00000000000000010000000000000007:LogicTransform.localPosition=9,1.5,25.25"
      },
      {
        "category": "entity-field",
        "key": "00000000000000010000000000000007:LogicTransform.localPosition=9,1.5,24"
      },
      {
        "category": "entity-field",
        "key": "00000000000000010000000000000007:LogicTransform.localPosition=9,1.5,22.75"
      },
      {
        "category": "entity-field",
        "key": "00000000000000010000000000000007:LogicTransform.localPosition=9,1.5,21.5"
      },
      {
        "category": "entity-field",
        "key": "00000000000000010000000000000007:LogicTransform.localPosition=9,1.5,20.25"
      },
      {
        "category": "entity-field",
        "key": "00000000000000010000000000000007:LogicTransform.localPosition=9,1.5,19"
      },
      {
        "category": "entity-field",
        "key": "00000000000000010000000000000007:LogicTransform.localPosition=9,1.5,17.75"
      },
      {
        "category": "entity-field",
        "key": "00000000000000010000000000000007:LogicTransform.localPosition=9,1.5,16.5"
      },
      {
        "category": "entity-field",
        "key": "00000000000000010000000000000007:LogicTransform.localPosition=9,1.5,15.25"
      },
      {
        "category": "entity-field",
        "key": "00000000000000010000000000000007:LogicTransform.localPosition=9,1.5,14"
      },
      {
        "category": "entity-field",
        "key": "00000000000000010000000000000007:LogicTransform.localPosition=9,1.5,12.75"
      },
      {
        "category": "entity-field",
        "key": "00000000000000010000000000000007:LogicTransform.localPosition=9,1.5,11.5"
      },
      {
        "category": "entity-field",
        "key": "00000000000000010000000000000007:LogicTransform.localPosition=9,1.5,10.25"
      },
      {
        "category": "entity-field",
        "key": "00000000000000010000000000000007:LogicTransform.localPosition=9,1.5,9"
      },
      {
        "category": "entity-field",
        "key": "00000000000000010000000000000007:LogicTransform.localPosition=10.25,1.5,9"
      },
      {
        "category": "entity-field",
        "key": "00000000000000010000000000000007:LogicTransform.localPosition=11.5,1.5,9"
      },
      {
        "category": "entity-field",
        "key": "00000000000000010000000000000007:LogicTransform.localPosition=12.75,1.5,9"
      },
      {
        "category": "entity-field",
        "key": "00000000000000010000000000000007:LogicTransform.localPosition=14,1.5,9"
      },
      {
        "category": "entity-field",
        "key": "00000000000000010000000000000007:LogicTransform.localPosition=15.25,1.5,9"
      },
      {
        "category": "entity-field",
        "key": "00000000000000010000000000000007:LogicTransform.localPosition=16.5,1.5,9"
      },
      {
        "category": "entity-field",
        "key": "00000000000000010000000000000007:LogicTransform.localPosition=17.75,1.5,9"
      },
      {
        "category": "entity-field",
        "key": "00000000000000010000000000000007:LogicTransform.localPosition=19,1.5,9"
      },
      {
        "category": "entity-field",
        "key": "00000000000000010000000000000007:LogicTransform.localPosition=20.25,1.5,9"
      },
      {
        "category": "entity-field",
        "key": "00000000000000010000000000000007:LogicTransform.localPosition=21.5,1.5,9"
      },
      {
        "category": "entity-field",
        "key": "00000000000000010000000000000007:LogicTransform.localPosition=22.75,1.5,9"
      },
      {
        "category": "entity-field",
        "key": "00000000000000010000000000000007:LogicTransform.localPosition=24,1.5,9"
      },
      {
        "category": "entity-field",
        "key": "00000000000000010000000000000007:LogicTransform.localPosition=25.25,1.5,9"
      },
      {
        "category": "entity-field",
        "key": "00000000000000010000000000000007:LogicTransform.localPosition=25.25,1.5,10.25"
      },
      {
        "category": "entity-field",
        "key": "00000000000000010000000000000007:LogicTransform.localPosition=25.25,1.5,11.5"
      },
      {
        "category": "entity-field",
        "key": "00000000000000010000000000000007:LogicTransform.localPosition=25.25,1.5,12.75"
      },
      {
        "category": "entity-field",
        "key": "00000000000000010000000000000007:LogicTransform.localPosition=25.25,1.5,14"
      },
      {
        "category": "entity-field",
        "key": "00000000000000010000000000000007:LogicTransform.localPosition=25.25,1.5,15.25"
      },
      {
        "category": "entity-field",
        "key": "00000000000000010000000000000007:LogicTransform.localPosition=25.25,1.5,16.5"
      },
      {
        "category": "entity-field",
        "key": "00000000000000010000000000000007:LogicTransform.localPosition=25.25,1.5,17.75"
      },
      {
        "category": "entity-field",
        "key": "00000000000000010000000000000007:LogicTransform.localPosition=25.25,1.5,19"
      },
      {
        "category": "entity-field",
        "key": "00000000000000010000000000000007:LogicTransform.localPosition=25.25,1.5,20.25"
      },
      {
        "category": "entity-field",
        "key": "00000000000000010000000000000007:LogicTransform.localPosition=25.25,1.5,21.5"
      },
      {
        "category": "entity-field",
        "key": "00000000000000010000000000000007:LogicTransform.localPosition=25.25,1.5,22.75"
      },
      {
        "category": "entity-field",
        "key": "00000000000000010000000000000007:LogicTransform.localPosition=25.25,1.5,24"
      },
      {
        "category": "entity-field",
        "key": "00000000000000010000000000000007:LogicTransform.localPosition=25.25,1.5,25.25"
      },
      {
        "category": "entity-field",
        "key": "00000000000000010000000000000007:LogicTransform.localPosition=25.25,1.5,26.5"
      },
      {
        "category": "entity-field",
        "key": "00000000000000010000000000000007:LogicTransform.localPosition=24,1.5,26.5"
      },
      {
        "category": "entity-field",
        "key": "00000000000000010000000000000007:LogicTransform.localPosition=22.75,1.5,26.5"
      },
      {
        "category": "entity-field",
        "key": "00000000000000010000000000000007:LogicTransform.localPosition=21.5,1.5,26.5"
      },
      {
        "category": "entity-field",
        "key": "00000000000000010000000000000007:LogicTransform.localPosition=20.25,1.5,26.5"
      },
      {
        "category": "entity-field",
        "key": "00000000000000010000000000000007:LogicTransform.localPosition=19,1.5,26.5"
      },
      {
        "category": "entity-field",
        "key": "00000000000000010000000000000007:LogicTransform.localPosition=17.75,1.5,26.5"
      },
      {
        "category": "entity-field",
        "key": "00000000000000010000000000000007:LogicTransform.localPosition=16.5,1.5,26.5"
      },
      {
        "category": "entity-field",
        "key": "00000000000000010000000000000007:LogicTransform.localPosition=15.25,1.5,26.5"
      },
      {
        "category": "entity-field",
        "key": "00000000000000010000000000000007:LogicTransform.localPosition=14,1.5,26.5"
      },
      {
        "category": "entity-field",
        "key": "00000000000000010000000000000007:LogicTransform.localPosition=12.75,1.5,26.5"
      },
      {
        "category": "entity-field",
        "key": "00000000000000010000000000000007:LogicTransform.localPosition=11.5,1.5,26.5"
      },
      {
        "category": "entity-field",
        "key": "00000000000000010000000000000007:LogicTransform.localPosition=10.25,1.5,26.5"
      },
      {
        "category": "entity-field",
        "key": "00000000000000010000000000000007:LogicTransform.localPosition=9,1.5,26.5"
      },
      {
        "category": "entity-field",
        "key": "00000000000000010000000000000007:LogicTransform.localPosition=7.75,1.5,26.5"
      },
      {
        "category": "entity-field",
        "key": "00000000000000010000000000000007:LogicTransform.localPosition=7.75,1.5,25.25"
      },
      {
        "category": "entity-field",
        "key": "00000000000000010000000000000007:LogicTransform.localPosition=7.75,1.5,24"
      },
      {
        "category": "entity-field",
        "key": "00000000000000010000000000000007:LogicTransform.localPosition=7.75,1.5,22.75"
      },
      {
        "category": "entity-field",
        "key": "00000000000000010000000000000007:LogicTransform.localPosition=7.75,1.5,21.5"
      },
      {
        "category": "entity-field",
        "key": "00000000000000010000000000000007:LogicTransform.localPosition=7.75,1.5,20.25"
      },
      {
        "category": "entity-field",
        "key": "00000000000000010000000000000007:LogicTransform.localPosition=7.75,1.5,19"
      },
      {
        "category": "entity-field",
        "key": "00000000000000010000000000000007:LogicTransform.localPosition=7.75,1.5,17.75"
      },
      {
        "category": "entity-field",
        "key": "00000000000000010000000000000007:LogicTransform.localPosition=7.75,1.5,16.5"
      },
      {
        "category": "entity-field",
        "key": "00000000000000010000000000000007:LogicTransform.localPosition=7.75,1.5,15.25"
      },
      {
        "category": "entity-field",
        "key": "00000000000000010000000000000007:LogicTransform.localPosition=7.75,1.5,14"
      },
      {
        "category": "entity-field",
        "key": "00000000000000010000000000000007:LogicTransform.localPosition=7.75,1.5,12.75"
      },
      {
        "category": "entity-field",
        "key": "00000000000000010000000000000007:LogicTransform.localPosition=7.75,1.5,11.5"
      },
      {
        "category": "entity-field",
        "key": "00000000000000010000000000000007:LogicTransform.localPosition=7.75,1.5,10.25"
      },
      {
        "category": "entity-field",
        "key": "00000000000000010000000000000007:LogicTransform.localPosition=7.75,1.5,9"
      },
      {
        "category": "entity-field",
        "key": "00000000000000010000000000000007:LogicTransform.localPosition=7.75,1.5,7.75"
      },
      {
        "category": "entity-field",
        "key": "00000000000000010000000000000007:LogicTransform.localPosition=9,1.5,7.75"
      },
      {
        "category": "entity-field",
        "key": "00000000000000010000000000000007:LogicTransform.localPosition=10.25,1.5,7.75"
      },
      {
        "category": "entity-field",
        "key": "00000000000000010000000000000007:LogicTransform.localPosition=11.5,1.5,7.75"
      },
      {
        "category": "entity-field",
        "key": "00000000000000010000000000000007:LogicTransform.localPosition=12.75,1.5,7.75"
      },
      {
        "category": "entity-field",
        "key": "00000000000000010000000000000007:LogicTransform.localPosition=14,1.5,7.75"
      },
      {
        "category": "entity-field",
        "key": "00000000000000010000000000000007:LogicTransform.localPosition=15.25,1.5,7.75"
      },
      {
        "category": "entity-field",
        "key": "00000000000000010000000000000007:LogicTransform.localPosition=16.5,1.5,7.75"
      },
      {
        "category": "entity-field",
        "key": "00000000000000010000000000000007:LogicTransform.localPosition=17.75,1.5,7.75"
      },
      {
        "category": "entity-field",
        "key": "00000000000000010000000000000007:LogicTransform.localPosition=19,1.5,7.75"
      },
      {
        "category": "entity-field",
        "key": "00000000000000010000000000000007:LogicTransform.localPosition=20.25,1.5,7.75"
      },
      {
        "category": "entity-field",
        "key": "00000000000000010000000000000007:LogicTransform.localPosition=21.5,1.5,7.75"
      },
      {
        "category": "entity-field",
        "key": "00000000000000010000000000000007:LogicTransform.localPosition=22.75,1.5,7.75"
      },
      {
        "category": "entity-field",
        "key": "00000000000000010000000000000007:LogicTransform.localPosition=24,1.5,7.75"
      },
      {
        "category": "entity-field",
        "key": "00000000000000010000000000000007:LogicTransform.localPosition=25.25,1.5,7.75"
      },
      {
        "category": "entity-field",
        "key": "00000000000000010000000000000007:LogicTransform.localPosition=26.5,1.5,7.75"
      },
      {
        "category": "entity-field",
        "key": "00000000000000010000000000000007:LogicTransform.localPosition=26.5,1.5,9"
      },
      {
        "category": "entity-field",
        "key": "00000000000000010000000000000007:LogicTransform.localPosition=26.5,1.5,10.25"
      },
      {
        "category": "entity-field",
        "key": "00000000000000010000000000000007:LogicTransform.localPosition=26.5,1.5,11.5"
      },
      {
        "category": "entity-field",
        "key": "00000000000000010000000000000007:LogicTransform.localPosition=26.5,1.5,12.75"
      },
      {
        "category": "entity-field",
        "key": "00000000000000010000000000000007:LogicTransform.localPosition=26.5,1.5,14"
      },
      {
        "category": "entity-field",
        "key": "00000000000000010000000000000007:LogicTransform.localPosition=26.5,1.5,15.25"
      },
      {
        "category": "entity-field",
        "key": "00000000000000010000000000000007:LogicTransform.localPosition=26.5,1.5,16.5"
      },
      {
        "category": "entity-field",
        "key": "00000000000000010000000000000007:LogicTransform.localPosition=26.5,1.5,17.75"
      },
      {
        "category": "entity-field",
        "key": "00000000000000010000000000000007:LogicTransform.localPosition=26.5,1.5,19"
      },
      {
        "category": "entity-field",
        "key": "00000000000000010000000000000007:LogicTransform.localPosition=26.5,1.5,20.25"
      },
      {
        "category": "entity-field",
        "key": "00000000000000010000000000000007:LogicTransform.localPosition=26.5,1.5,21.5"
      },
      {
        "category": "entity-field",
        "key": "00000000000000010000000000000007:LogicTransform.localPosition=26.5,1.5,22.75"
      },
      {
        "category": "entity-field",
        "key": "00000000000000010000000000000007:LogicTransform.localPosition=26.5,1.5,24"
      },
      {
        "category": "entity-field",
        "key": "00000000000000010000000000000007:LogicTransform.localPosition=26.5,1.5,25.25"
      },
      {
        "category": "entity-field",
        "key": "00000000000000010000000000000007:LogicTransform.localPosition=26.5,1.5,26.5"
      },
      {
        "category": "entity-field",
        "key": "00000000000000010000000000000007:LogicTransform.localPosition=26.5,1.5,27.75"
      },
      {
        "category": "entity-field",
        "key": "00000000000000010000000000000007:LogicTransform.localPosition=25.25,1.5,27.75"
      },
      {
        "category": "entity-field",
        "key": "00000000000000010000000000000007:LogicTransform.localPosition=24,1.5,27.75"
      },
      {
        "category": "entity-field",
        "key": "00000000000000010000000000000007:LogicTransform.localPosition=22.75,1.5,27.75"
      },
      {
        "category": "entity-field",
        "key": "00000000000000010000000000000007:LogicTransform.localPosition=21.5,1.5,27.75"
      },
      {
        "category": "entity-field",
        "key": "00000000000000010000000000000007:LogicTransform.localPosition=20.25,1.5,27.75"
      },
      {
        "category": "entity-field",
        "key": "00000000000000010000000000000007:LogicTransform.localPosition=19,1.5,27.75"
      },
      {
        "category": "entity-field",
        "key": "00000000000000010000000000000007:LogicTransform.localPosition=17.75,1.5,27.75"
      },
      {
        "category": "entity-field",
        "key": "00000000000000010000000000000007:LogicTransform.localPosition=16.5,1.5,27.75"
      },
      {
        "category": "entity-field",
        "key": "00000000000000010000000000000007:LogicTransform.localPosition=15.25,1.5,27.75"
      },
      {
        "category": "entity-field",
        "key": "00000000000000010000000000000007:LogicTransform.localPosition=14,1.5,27.75"
      },
      {
        "category": "entity-field",
        "key": "00000000000000010000000000000007:LogicTransform.localPosition=12.75,1.5,27.75"
      },
      {
        "category": "entity-field",
        "key": "00000000000000010000000000000007:LogicTransform.localPosition=11.5,1.5,27.75"
      },
      {
        "category": "entity-field",
        "key": "00000000000000010000000000000007:LogicTransform.localPosition=10.25,1.5,27.75"
      },
      {
        "category": "entity-field",
        "key": "00000000000000010000000000000007:LogicTransform.localPosition=9,1.5,27.75"
      },
      {
        "category": "entity-field",
        "key": "00000000000000010000000000000007:LogicTransform.localPosition=7.75,1.5,27.75"
      },
      {
        "category": "entity-field",
        "key": "00000000000000010000000000000007:LogicTransform.localPosition=6.5,1.5,27.75"
      },
      {
        "category": "entity-field",
        "key": "00000000000000010000000000000007:LogicTransform.localPosition=6.5,1.5,26.5"
      },
      {
        "category": "entity-field",
        "key": "00000000000000010000000000000007:LogicTransform.localPosition=6.5,1.5,25.25"
      },
      {
        "category": "entity-field",
        "key": "00000000000000010000000000000007:LogicTransform.localPosition=6.5,1.5,24"
      },
      {
        "category": "entity-field",
        "key": "00000000000000010000000000000007:LogicTransform.localPosition=6.5,1.5,22.75"
      },
      {
        "category": "entity-field",
        "key": "00000000000000010000000000000007:LogicTransform.localPosition=6.5,1.5,21.5"
      },
      {
        "category": "entity-field",
        "key": "00000000000000010000000000000007:LogicTransform.localPosition=6.5,1.5,20.25"
      },
      {
        "category": "entity-field",
        "key": "00000000000000010000000000000007:LogicTransform.localPosition=6.5,1.5,19"
      },
      {
        "category": "entity-field",
        "key": "00000000000000010000000000000007:LogicTransform.localPosition=6.5,1.5,17.75"
      },
      {
        "category": "entity-field",
        "key": "00000000000000010000000000000007:LogicTransform.localPosition=6.5,1.5,16.5"
      },
      {
        "category": "entity-field",
        "key": "00000000000000010000000000000007:LogicTransform.localPosition=6.5,1.5,15.25"
      },
      {
        "category": "entity-field",
        "key": "00000000000000010000000000000007:LogicTransform.localPosition=6.5,1.5,14"
      },
      {
        "category": "entity-field",
        "key": "00000000000000010000000000000007:LogicTransform.localPosition=6.5,1.5,12.75"
      },
      {
        "category": "entity-field",
        "key": "00000000000000010000000000000007:LogicTransform.localPosition=6.5,1.5,11.5"
      },
      {
        "category": "entity-field",
        "key": "00000000000000010000000000000007:LogicTransform.localPosition=6.5,1.5,10.25"
      },
      {
        "category": "entity-field",
        "key": "00000000000000010000000000000007:LogicTransform.localPosition=6.5,1.5,9"
      },
      {
        "category": "entity-field",
        "key": "00000000000000010000000000000007:LogicTransform.localPosition=6.5,1.5,7.75"
      },
      {
        "category": "entity-field",
        "key": "00000000000000010000000000000007:LogicTransform.localPosition=6.5,1.5,6.5"
      },
      {
        "category": "entity-field",
        "key": "00000000000000010000000000000007:LogicTransform.localPosition=7.75,1.5,6.5"
      },
      {
        "category": "entity-field",
        "key": "00000000000000010000000000000007:LogicTransform.localPosition=9,1.5,6.5"
      },
      {
        "category": "entity-field",
        "key": "00000000000000010000000000000007:LogicTransform.localPosition=10.25,1.5,6.5"
      },
      {
        "category": "entity-field",
        "key": "00000000000000010000000000000007:LogicTransform.localPosition=11.5,1.5,6.5"
      },
      {
        "category": "entity-field",
        "key": "00000000000000010000000000000007:LogicTransform.localPosition=12.75,1.5,6.5"
      },
      {
        "category": "entity-field",
        "key": "00000000000000010000000000000007:LogicTransform.localPosition=14,1.5,6.5"
      },
      {
        "category": "entity-field",
        "key": "00000000000000010000000000000007:LogicTransform.localPosition=15.25,1.5,6.5"
      },
      {
        "category": "entity-field",
        "key": "00000000000000010000000000000007:LogicTransform.localPosition=16.5,1.5,6.5"
      },
      {
        "category": "entity-field",
        "key": "00000000000000010000000000000007:LogicTransform.localPosition=17.75,1.5,6.5"
      },
      {
        "category": "entity-field",
        "key": "00000000000000010000000000000007:LogicTransform.localPosition=19,1.5,6.5"
      },
      {
        "category": "entity-field",
        "key": "00000000000000010000000000000007:LogicTransform.localPosition=20.25,1.5,6.5"
      },
      {
        "category": "entity-field",
        "key": "00000000000000010000000000000007:LogicTransform.localPosition=21.5,1.5,6.5"
      },
      {
        "category": "entity-field",
        "key": "00000000000000010000000000000007:LogicTransform.localPosition=22.75,1.5,6.5"
      },
      {
        "category": "entity-field",
        "key": "00000000000000010000000000000007:LogicTransform.localPosition=24,1.5,6.5"
      },
      {
        "category": "entity-field",
        "key": "00000000000000010000000000000007:LogicTransform.localPosition=25.25,1.5,6.5"
      },
      {
        "category": "entity-field",
        "key": "00000000000000010000000000000007:LogicTransform.localPosition=26.5,1.5,6.5"
      },
      {
        "category": "entity-field",
        "key": "00000000000000010000000000000007:LogicTransform.localPosition=27.75,1.5,6.5"
      },
      {
        "category": "entity-field",
        "key": "00000000000000010000000000000007:LogicTransform.localPosition=27.75,1.5,7.75"
      },
      {
        "category": "entity-field",
        "key": "00000000000000010000000000000007:LogicTransform.localPosition=27.75,1.5,9"
      },
      {
        "category": "entity-field",
        "key": "00000000000000010000000000000007:LogicTransform.localPosition=27.75,1.5,10.25"
      },
      {
        "category": "entity-field",
        "key": "00000000000000010000000000000007:LogicTransform.localPosition=27.75,1.5,11.5"
      },
      {
        "category": "entity-field",
        "key": "00000000000000010000000000000007:LogicTransform.localPosition=27.75,1.5,12.75"
      },
      {
        "category": "entity-field",
        "key": "00000000000000010000000000000007:LogicTransform.localPosition=27.75,1.5,14"
      },
      {
        "category": "entity-field",
        "key": "00000000000000010000000000000007:LogicTransform.localPosition=27.75,1.5,15.25"
      },
      {
        "category": "entity-field",
        "key": "00000000000000010000000000000007:LogicTransform.localPosition=27.75,1.5,16.5"
      },
      {
        "category": "entity-field",
        "key": "00000000000000010000000000000007:LogicTransform.localPosition=27.75,1.5,17.75"
      },
      {
        "category": "entity-field",
        "key": "00000000000000010000000000000007:LogicTransform.localPosition=27.75,1.5,19"
      },
      {
        "category": "entity-field",
        "key": "00000000000000010000000000000007:LogicTransform.localPosition=27.75,1.5,20.25"
      },
      {
        "category": "entity-field",
        "key": "00000000000000010000000000000007:LogicTransform.localPosition=27.75,1.5,21.5"
      },
      {
        "category": "entity-field",
        "key": "00000000000000010000000000000007:LogicTransform.localPosition=27.75,1.5,22.75"
      },
      {
        "category": "entity-field",
        "key": "00000000000000010000000000000007:LogicTransform.localPosition=27.75,1.5,24"
      },
      {
        "category": "entity-field",
        "key": "00000000000000010000000000000007:LogicTransform.localPosition=27.75,1.5,25.25"
      },
      {
        "category": "entity-field",
        "key": "00000000000000010000000000000007:LogicTransform.localPosition=27.75,1.5,26.5"
      },
      {
        "category": "entity-field",
        "key": "00000000000000010000000000000007:LogicTransform.localPosition=27.75,1.5,27.75"
      },
      {
        "category": "entity-field",
        "key": "00000000000000010000000000000007:LogicTransform.localPosition=27.75,1.5,29"
      },
      {
        "category": "entity-field",
        "key": "00000000000000010000000000000007:LogicTransform.localPosition=26.5,1.5,29"
      },
      {
        "category": "entity-field",
        "key": "00000000000000010000000000000007:LogicTransform.localPosition=25.25,1.5,29"
      },
      {
        "category": "entity-field",
        "key": "00000000000000010000000000000007:LogicTransform.localPosition=24,1.5,29"
      },
      {
        "category": "entity-field",
        "key": "00000000000000010000000000000007:LogicTransform.localPosition=22.75,1.5,29"
      },
      {
        "category": "entity-field",
        "key": "00000000000000010000000000000007:LogicTransform.localPosition=21.5,1.5,29"
      },
      {
        "category": "entity-field",
        "key": "00000000000000010000000000000007:LogicTransform.localPosition=20.25,1.5,29"
      },
      {
        "category": "entity-field",
        "key": "00000000000000010000000000000007:LogicTransform.localPosition=19,1.5,29"
      },
      {
        "category": "entity-field",
        "key": "00000000000000010000000000000007:LogicTransform.localPosition=17.75,1.5,29"
      },
      {
        "category": "entity-field",
        "key": "00000000000000010000000000000007:LogicTransform.localPosition=16.5,1.5,29"
      },
      {
        "category": "entity-field",
        "key": "00000000000000010000000000000007:LogicTransform.localPosition=15.25,1.5,29"
      },
      {
        "category": "entity-field",
        "key": "00000000000000010000000000000007:LogicTransform.localPosition=14,1.5,29"
      },
      {
        "category": "entity-field",
        "key": "00000000000000010000000000000007:LogicTransform.localPosition=12.75,1.5,29"
      },
      {
        "category": "entity-field",
        "key": "00000000000000010000000000000007:LogicTransform.localPosition=11.5,1.5,29"
      },
      {
        "category": "entity-field",
        "key": "00000000000000010000000000000007:LogicTransform.localPosition=10.25,1.5,29"
      },
      {
        "category": "entity-field",
        "key": "00000000000000010000000000000007:LogicTransform.localPosition=9,1.5,29"
      },
      {
        "category": "entity-field",
        "key": "00000000000000010000000000000007:LogicTransform.localPosition=7.75,1.5,29"
      },
      {
        "category": "entity-field",
        "key": "00000000000000010000000000000007:LogicTransform.localPosition=6.5,1.5,29"
      },
      {
        "category": "entity-field",
        "key": "00000000000000010000000000000007:LogicTransform.localPosition=5.25,1.5,29"
      },
      {
        "category": "entity-field",
        "key": "00000000000000010000000000000007:LogicTransform.localPosition=5.25,1.5,27.75"
      },
      {
        "category": "entity-field",
        "key": "00000000000000010000000000000007:LogicTransform.localPosition=5.25,1.5,26.5"
      },
      {
        "category": "entity-field",
        "key": "00000000000000010000000000000007:LogicTransform.localPosition=5.25,1.5,25.25"
      },
      {
        "category": "entity-field",
        "key": "00000000000000010000000000000007:LogicTransform.localPosition=5.25,1.5,24"
      },
      {
        "category": "entity-field",
        "key": "00000000000000010000000000000007:LogicTransform.localPosition=5.25,1.5,22.75"
      },
      {
        "category": "entity-field",
        "key": "00000000000000010000000000000007:LogicTransform.localPosition=5.25,1.5,21.5"
      },
      {
        "category": "entity-field",
        "key": "00000000000000010000000000000007:LogicTransform.localPosition=5.25,1.5,20.25"
      },
      {
        "category": "entity-field",
        "key": "00000000000000010000000000000007:LogicTransform.localPosition=5.25,1.5,19"
      },
      {
        "category": "entity-field",
        "key": "00000000000000010000000000000007:LogicTransform.localPosition=5.25,1.5,17.75"
      },
      {
        "category": "entity-field",
        "key": "00000000000000010000000000000007:LogicTransform.localPosition=5.25,1.5,16.5"
      },
      {
        "category": "entity-field",
        "key": "00000000000000010000000000000007:LogicTransform.localPosition=5.25,1.5,15.25"
      },
      {
        "category": "entity-field",
        "key": "00000000000000010000000000000007:LogicTransform.localPosition=5.25,1.5,14"
      },
      {
        "category": "entity-field",
        "key": "00000000000000010000000000000007:LogicTransform.localPosition=5.25,1.5,12.75"
      },
      {
        "category": "entity-field",
        "key": "00000000000000010000000000000007:LogicTransform.localPosition=5.25,1.5,11.5"
      },
      {
        "category": "entity-field",
        "key": "00000000000000010000000000000007:LogicTransform.localPosition=5.25,1.5,10.25"
      },
      {
        "category": "entity-field",
        "key": "00000000000000010000000000000007:LogicTransform.localPosition=5.25,1.5,9"
      },
      {
        "category": "entity-field",
        "key": "00000000000000010000000000000007:LogicTransform.localPosition=5.25,1.5,7.75"
      },
      {
        "category": "entity-field",
        "key": "00000000000000010000000000000007:LogicTransform.localPosition=5.25,1.5,6.5"
      },
      {
        "category": "entity-field",
        "key": "00000000000000010000000000000007:LogicTransform.localPosition=5.25,1.5,5.25"
      },
      {
        "category": "entity-field",
        "key": "00000000000000010000000000000007:LogicTransform.localPosition=6.5,1.5,5.25"
      },
      {
        "category": "entity-field",
        "key": "00000000000000010000000000000007:LogicTransform.localPosition=7.75,1.5,5.25"
      },
      {
        "category": "entity-field",
        "key": "00000000000000010000000000000007:LogicTransform.localPosition=9,1.5,5.25"
      },
      {
        "category": "entity-field",
        "key": "00000000000000010000000000000007:LogicTransform.localPosition=10.25,1.5,5.25"
      },
      {
        "category": "entity-field",
        "key": "00000000000000010000000000000007:LogicTransform.localPosition=11.5,1.5,5.25"
      },
      {
        "category": "entity-field",
        "key": "00000000000000010000000000000007:LogicTransform.localPosition=12.75,1.5,5.25"
      },
      {
        "category": "entity-field",
        "key": "00000000000000010000000000000007:LogicTransform.localPosition=14,1.5,5.25"
      },
      {
        "category": "entity-field",
        "key": "00000000000000010000000000000007:LogicTransform.localPosition=15.25,1.5,5.25"
      },
      {
        "category": "entity-field",
        "key": "00000000000000010000000000000007:LogicTransform.localPosition=16.5,1.5,5.25"
      },
      {
        "category": "entity-field",
        "key": "00000000000000010000000000000007:LogicTransform.localPosition=17.75,1.5,5.25"
      },
      {
        "category": "entity-field",
        "key": "00000000000000010000000000000007:LogicTransform.localPosition=19,1.5,5.25"
      },
      {
        "category": "entity-field",
        "key": "00000000000000010000000000000007:LogicTransform.localPosition=20.25,1.5,5.25"
      },
      {
        "category": "entity-field",
        "key": "00000000000000010000000000000007:LogicTransform.localPosition=21.5,1.5,5.25"
      },
      {
        "category": "entity-field",
        "key": "00000000000000010000000000000007:LogicTransform.localPosition=22.75,1.5,5.25"
      },
      {
        "category": "entity-field",
        "key": "00000000000000010000000000000007:LogicTransform.localPosition=24,1.5,5.25"
      },
      {
        "category": "entity-field",
        "key": "00000000000000010000000000000007:LogicTransform.localPosition=25.25,1.5,5.25"
      },
      {
        "category": "entity-field",
        "key": "00000000000000010000000000000007:LogicTransform.localPosition=26.5,1.5,5.25"
      },
      {
        "category": "entity-field",
        "key": "00000000000000010000000000000007:LogicTransform.localPosition=27.75,1.5,5.25"
      },
      {
        "category": "entity-field",
        "key": "00000000000000010000000000000007:LogicTransform.localPosition=29,1.5,5.25"
      },
      {
        "category": "entity-field",
        "key": "00000000000000010000000000000007:LogicTransform.localPosition=29,1.5,6.5"
      },
      {
        "category": "entity-field",
        "key": "00000000000000010000000000000007:LogicTransform.localPosition=29,1.5,7.75"
      },
      {
        "category": "entity-field",
        "key": "00000000000000010000000000000007:LogicTransform.localPosition=29,1.5,9"
      },
      {
        "category": "entity-field",
        "key": "00000000000000010000000000000007:LogicTransform.localPosition=29,1.5,10.25"
      },
      {
        "category": "entity-field",
        "key": "00000000000000010000000000000007:LogicTransform.localPosition=29,1.5,11.5"
      },
      {
        "category": "entity-field",
        "key": "00000000000000010000000000000007:LogicTransform.localPosition=29,1.5,12.75"
      },
      {
        "category": "entity-field",
        "key": "00000000000000010000000000000007:LogicTransform.localPosition=29,1.5,14"
      },
      {
        "category": "entity-field",
        "key": "00000000000000010000000000000007:LogicTransform.localPosition=29,1.5,15.25"
      },
      {
        "category": "entity-field",
        "key": "00000000000000010000000000000007:LogicTransform.localPosition=29,1.5,16.5"
      },
      {
        "category": "entity-field",
        "key": "00000000000000010000000000000007:LogicTransform.localPosition=29,1.5,17.75"
      },
      {
        "category": "entity-field",
        "key": "00000000000000010000000000000007:LogicTransform.localPosition=29,1.5,19"
      },
      {
        "category": "entity-field",
        "key": "00000000000000010000000000000007:LogicTransform.localPosition=29,1.5,20.25"
      },
      {
        "category": "entity-field",
        "key": "00000000000000010000000000000007:LogicTransform.localPosition=29,1.5,21.5"
      },
      {
        "category": "entity-field",
        "key": "00000000000000010000000000000007:LogicTransform.localPosition=29,1.5,22.75"
      },
      {
        "category": "entity-field",
        "key": "00000000000000010000000000000007:LogicTransform.localPosition=29,1.5,24"
      },
      {
        "category": "entity-field",
        "key": "00000000000000010000000000000007:LogicTransform.localPosition=29,1.5,25.25"
      },
      {
        "category": "entity-field",
        "key": "00000000000000010000000000000007:LogicTransform.localPosition=29,1.5,26.5"
      },
      {
        "category": "entity-field",
        "key": "00000000000000010000000000000007:LogicTransform.localPosition=29,1.5,27.75"
      },
      {
        "category": "entity-field",
        "key": "00000000000000010000000000000007:LogicTransform.localPosition=29,1.5,29"
      },
      {
        "category": "entity-field",
        "key": "00000000000000010000000000000007:LogicTransform.localPosition=29,1.5,30.25"
      },
      {
        "category": "entity-field",
        "key": "00000000000000010000000000000007:LogicTransform.localPosition=27.75,1.5,30.25"
      },
      {
        "category": "entity-field",
        "key": "00000000000000010000000000000007:LogicTransform.localPosition=26.5,1.5,30.25"
      },
      {
        "category": "entity-field",
        "key": "00000000000000010000000000000007:LogicTransform.localPosition=25.25,1.5,30.25"
      },
      {
        "category": "entity-field",
        "key": "00000000000000010000000000000007:LogicTransform.localPosition=24,1.5,30.25"
      },
      {
        "category": "entity-field",
        "key": "00000000000000010000000000000007:LogicTransform.localPosition=22.75,1.5,30.25"
      },
      {
        "category": "entity-field",
        "key": "00000000000000010000000000000007:LogicTransform.localPosition=21.5,1.5,30.25"
      },
      {
        "category": "entity-field",
        "key": "00000000000000010000000000000007:LogicTransform.localPosition=20.25,1.5,30.25"
      },
      {
        "category": "entity-field",
        "key": "00000000000000010000000000000007:LogicTransform.localPosition=19,1.5,30.25"
      },
      {
        "category": "entity-field",
        "key": "00000000000000010000000000000007:LogicTransform.localPosition=17.75,1.5,30.25"
      },
      {
        "category": "entity-field",
        "key": "00000000000000010000000000000007:LogicTransform.localPosition=16.5,1.5,30.25"
      },
      {
        "category": "entity-field",
        "key": "00000000000000010000000000000007:LogicTransform.localPosition=15.25,1.5,30.25"
      },
      {
        "category": "entity-field",
        "key": "00000000000000010000000000000007:LogicTransform.localPosition=14,1.5,30.25"
      },
      {
        "category": "entity-field",
        "key": "00000000000000010000000000000007:LogicTransform.localPosition=12.75,1.5,30.25"
      },
      {
        "category": "entity-field",
        "key": "00000000000000010000000000000007:LogicTransform.localPosition=11.5,1.5,30.25"
      },
      {
        "category": "entity-field",
        "key": "00000000000000010000000000000007:LogicTransform.localPosition=10.25,1.5,30.25"
      },
      {
        "category": "entity-field",
        "key": "00000000000000010000000000000007:LogicTransform.localPosition=9,1.5,30.25"
      },
      {
        "category": "entity-field",
        "key": "00000000000000010000000000000007:LogicTransform.localPosition=7.75,1.5,30.25"
      },
      {
        "category": "entity-field",
        "key": "00000000000000010000000000000007:LogicTransform.localPosition=6.5,1.5,30.25"
      },
      {
        "category": "entity-field",
        "key": "00000000000000010000000000000007:LogicTransform.localPosition=5.25,1.5,30.25"
      },
      {
        "category": "entity-field",
        "key": "00000000000000010000000000000007:LogicTransform.localPosition=4,1.5,30.25"
      },
      {
        "category": "entity-field",
        "key": "00000000000000010000000000000007:LogicTransform.localPosition=4,1.5,29"
      },
      {
        "category": "entity-field",
        "key": "00000000000000010000000000000007:LogicTransform.localPosition=4,1.5,27.75"
      },
      {
        "category": "entity-field",
        "key": "00000000000000010000000000000007:LogicTransform.localPosition=4,1.5,26.5"
      },
      {
        "category": "entity-field",
        "key": "00000000000000010000000000000007:LogicTransform.localPosition=4,1.5,25.25"
      },
      {
        "category": "entity-field",
        "key": "00000000000000010000000000000007:LogicTransform.localPosition=4,1.5,24"
      },
      {
        "category": "entity-field",
        "key": "00000000000000010000000000000007:LogicTransform.localPosition=4,1.5,22.75"
      },
      {
        "category": "entity-field",
        "key": "00000000000000010000000000000007:LogicTransform.localPosition=4,1.5,21.5"
      },
      {
        "category": "entity-field",
        "key": "00000000000000010000000000000007:LogicTransform.localPosition=4,1.5,20.25"
      },
      {
        "category": "entity-field",
        "key": "00000000000000010000000000000007:LogicTransform.localPosition=4,1.5,19"
      },
      {
        "category": "entity-field",
        "key": "00000000000000010000000000000007:LogicTransform.localPosition=4,1.5,17.75"
      },
      {
        "category": "entity-field",
        "key": "00000000000000010000000000000007:LogicTransform.localPosition=4,1.5,16.5"
      },
      {
        "category": "entity-field",
        "key": "00000000000000010000000000000007:LogicTransform.localPosition=4,1.5,15.25"
      },
      {
        "category": "entity-field",
        "key": "00000000000000010000000000000007:LogicTransform.localPosition=4,1.5,14"
      },
      {
        "category": "entity-field",
        "key": "00000000000000010000000000000007:LogicTransform.localPosition=4,1.5,12.75"
      },
      {
        "category": "entity-field",
        "key": "00000000000000010000000000000007:LogicTransform.localPosition=4,1.5,11.5"
      },
      {
        "category": "entity-field",
        "key": "00000000000000010000000000000007:LogicTransform.localPosition=4,1.5,10.25"
      },
      {
        "category": "entity-field",
        "key": "00000000000000010000000000000007:LogicTransform.localPosition=4,1.5,9"
      },
      {
        "category": "entity-field",
        "key": "00000000000000010000000000000007:LogicTransform.localPosition=4,1.5,7.75"
      },
      {
        "category": "entity-field",
        "key": "00000000000000010000000000000007:LogicTransform.localPosition=4,1.5,6.5"
      },
      {
        "category": "entity-field",
        "key": "00000000000000010000000000000007:LogicTransform.localPosition=4,1.5,5.25"
      },
      {
        "category": "entity-field",
        "key": "00000000000000010000000000000007:LogicTransform.localPosition=4,1.5,4"
      },
      {
        "category": "entity-field",
        "key": "00000000000000010000000000000007:LogicTransform.localPosition=5.25,1.5,4"
      },
      {
        "category": "entity-field",
        "key": "00000000000000010000000000000007:LogicTransform.localPosition=6.5,1.5,4"
      },
      {
        "category": "entity-field",
        "key": "00000000000000010000000000000007:LogicTransform.localPosition=7.75,1.5,4"
      },
      {
        "category": "entity-field",
        "key": "00000000000000010000000000000007:LogicTransform.localPosition=9,1.5,4"
      },
      {
        "category": "entity-field",
        "key": "00000000000000010000000000000007:LogicTransform.localPosition=10.25,1.5,4"
      },
      {
        "category": "entity-field",
        "key": "00000000000000010000000000000007:LogicTransform.localPosition=11.5,1.5,4"
      },
      {
        "category": "entity-field",
        "key": "00000000000000010000000000000007:LogicTransform.localPosition=12.75,1.5,4"
      },
      {
        "category": "entity-field",
        "key": "00000000000000010000000000000007:LogicTransform.localPosition=14,1.5,4"
      },
      {
        "category": "entity-field",
        "key": "00000000000000010000000000000007:LogicTransform.localPosition=15.25,1.5,4"
      },
      {
        "category": "entity-field",
        "key": "00000000000000010000000000000007:LogicTransform.localPosition=16.5,1.5,4"
      },
      {
        "category": "entity-field",
        "key": "00000000000000010000000000000007:LogicTransform.localPosition=17.75,1.5,4"
      },
      {
        "category": "entity-field",
        "key": "00000000000000010000000000000007:LogicTransform.localPosition=19,1.5,4"
      },
      {
        "category": "entity-field",
        "key": "00000000000000010000000000000007:LogicTransform.localPosition=20.25,1.5,4"
      },
      {
        "category": "entity-field",
        "key": "00000000000000010000000000000007:LogicTransform.localPosition=21.5,1.5,4"
      },
      {
        "category": "entity-field",
        "key": "00000000000000010000000000000007:LogicTransform.localPosition=22.75,1.5,4"
      },
      {
        "category": "entity-field",
        "key": "00000000000000010000000000000007:LogicTransform.localPosition=24,1.5,4"
      },
      {
        "category": "entity-field",
        "key": "00000000000000010000000000000007:LogicTransform.localPosition=25.25,1.5,4"
      },
      {
        "category": "entity-field",
        "key": "00000000000000010000000000000007:LogicTransform.localPosition=26.5,1.5,4"
      },
      {
        "category": "entity-field",
        "key": "00000000000000010000000000000007:LogicTransform.localPosition=27.75,1.5,4"
      },
      {
        "category": "entity-field",
        "key": "00000000000000010000000000000007:LogicTransform.localPosition=29,1.5,4"
      },
      {
        "category": "entity-field",
        "key": "00000000000000010000000000000007:LogicTransform.localPosition=30.25,1.5,4"
      },
      {
        "category": "entity-field",
        "key": "00000000000000010000000000000007:LogicTransform.localPosition=30.25,1.5,5.25"
      },
      {
        "category": "entity-field",
        "key": "00000000000000010000000000000007:LogicTransform.localPosition=30.25,1.5,6.5"
      },
      {
        "category": "entity-field",
        "key": "00000000000000010000000000000007:LogicTransform.localPosition=30.25,1.5,7.75"
      },
      {
        "category": "entity-field",
        "key": "00000000000000010000000000000007:LogicTransform.localPosition=30.25,1.5,9"
      },
      {
        "category": "entity-field",
        "key": "00000000000000010000000000000007:LogicTransform.localPosition=30.25,1.5,10.25"
      },
      {
        "category": "entity-field",
        "key": "00000000000000010000000000000007:LogicTransform.localPosition=30.25,1.5,11.5"
      },
      {
        "category": "entity-field",
        "key": "00000000000000010000000000000007:LogicTransform.localPosition=30.25,1.5,12.75"
      },
      {
        "category": "entity-field",
        "key": "00000000000000010000000000000007:LogicTransform.localPosition=30.25,1.5,14"
      },
      {
        "category": "entity-field",
        "key": "00000000000000010000000000000007:LogicTransform.localPosition=30.25,1.5,15.25"
      },
      {
        "category": "entity-field",
        "key": "00000000000000010000000000000007:LogicTransform.localPosition=30.25,1.5,16.5"
      },
      {
        "category": "entity-field",
        "key": "00000000000000010000000000000007:LogicTransform.localPosition=30.25,1.5,17.75"
      },
      {
        "category": "entity-field",
        "key": "00000000000000010000000000000007:LogicTransform.localPosition=30.25,1.5,19"
      },
      {
        "category": "entity-field",
        "key": "00000000000000010000000000000007:LogicTransform.localPosition=30.25,1.5,20.25"
      },
      {
        "category": "entity-field",
        "key": "00000000000000010000000000000007:LogicTransform.localPosition=30.25,1.5,21.5"
      },
      {
        "category": "entity-field",
        "key": "00000000000000010000000000000007:LogicTransform.localPosition=30.25,1.5,22.75"
      },
      {
        "category": "entity-field",
        "key": "00000000000000010000000000000007:LogicTransform.localPosition=30.25,1.5,24"
      },
      {
        "category": "entity-field",
        "key": "00000000000000010000000000000007:LogicTransform.localPosition=30.25,1.5,25.25"
      },
      {
        "category": "entity-field",
        "key": "00000000000000010000000000000007:LogicTransform.localPosition=30.25,1.5,26.5"
      },
      {
        "category": "entity-field",
        "key": "00000000000000010000000000000007:LogicTransform.localPosition=30.25,1.5,27.75"
      },
      {
        "category": "entity-field",
        "key": "00000000000000010000000000000007:LogicTransform.localPosition=30.25,1.5,29"
      },
      {
        "category": "entity-field",
        "key": "00000000000000010000000000000007:LogicTransform.localPosition=30.25,1.5,30.25"
      },
      {
        "category": "entity-field",
        "key": "00000000000000010000000000000007:LogicTransform.localPosition=30.25,1.5,30.65"
      },
      {
        "category": "entity-field",
        "key": "00000000000000010000000000000007:LogicTransform.localPosition=29,1.5,30.65"
      },
      {
        "category": "entity-field",
        "key": "00000000000000010000000000000007:LogicTransform.localPosition=27.75,1.5,30.65"
      },
      {
        "category": "entity-field",
        "key": "00000000000000010000000000000007:LogicTransform.localPosition=26.5,1.5,30.65"
      },
      {
        "category": "entity-field",
        "key": "00000000000000010000000000000007:LogicTransform.localPosition=25.25,1.5,30.65"
      },
      {
        "category": "entity-field",
        "key": "00000000000000010000000000000007:LogicTransform.localPosition=24,1.5,30.65"
      },
      {
        "category": "entity-field",
        "key": "00000000000000010000000000000007:LogicTransform.localPosition=22.75,1.5,30.65"
      },
      {
        "category": "entity-field",
        "key": "00000000000000010000000000000007:LogicTransform.localPosition=21.5,1.5,30.65"
      },
      {
        "category": "entity-field",
        "key": "00000000000000010000000000000007:LogicTransform.localPosition=20.25,1.5,30.65"
      },
      {
        "category": "entity-field",
        "key": "00000000000000010000000000000007:LogicTransform.localPosition=19,1.5,30.65"
      },
      {
        "category": "entity-field",
        "key": "00000000000000010000000000000007:LogicTransform.localPosition=17.75,1.5,30.65"
      },
      {
        "category": "entity-field",
        "key": "00000000000000010000000000000007:LogicTransform.localPosition=16.5,1.5,30.65"
      },
      {
        "category": "entity-field",
        "key": "00000000000000010000000000000007:LogicTransform.localPosition=15.25,1.5,30.65"
      },
      {
        "category": "entity-field",
        "key": "00000000000000010000000000000007:LogicTransform.localPosition=14,1.5,30.65"
      },
      {
        "category": "entity-field",
        "key": "00000000000000010000000000000007:LogicTransform.localPosition=12.75,1.5,30.65"
      },
      {
        "category": "entity-field",
        "key": "00000000000000010000000000000007:LogicTransform.localPosition=11.5,1.5,30.65"
      },
      {
        "category": "entity-field",
        "key": "00000000000000010000000000000007:LogicTransform.localPosition=10.25,1.5,30.65"
      },
      {
        "category": "entity-field",
        "key": "00000000000000010000000000000007:LogicTransform.localPosition=9,1.5,30.65"
      },
      {
        "category": "entity-field",
        "key": "00000000000000010000000000000007:LogicTransform.localPosition=7.75,1.5,30.65"
      },
      {
        "category": "entity-field",
        "key": "00000000000000010000000000000007:LogicTransform.localPosition=6.5,1.5,30.65"
      },
      {
        "category": "entity-field",
        "key": "00000000000000010000000000000007:LogicTransform.localPosition=5.25,1.5,30.65"
      },
      {
        "category": "entity-field",
        "key": "00000000000000010000000000000007:LogicTransform.localPosition=4,1.5,30.65"
      },
      {
        "category": "entity-field",
        "key": "00000000000000010000000000000007:LogicTransform.localPosition=2.75,1.5,30.65"
      },
      {
        "category": "entity-field",
        "key": "00000000000000010000000000000007:LogicTransform.localPosition=2.75,1.5,29.4"
      },
      {
        "category": "entity-field",
        "key": "00000000000000010000000000000007:LogicTransform.localPosition=2.75,1.5,28.15"
      },
      {
        "category": "entity-field",
        "key": "00000000000000010000000000000007:LogicTransform.localPosition=2.75,1.5,26.9"
      },
      {
        "category": "entity-field",
        "key": "00000000000000010000000000000007:LogicTransform.localPosition=2.75,1.5,25.65"
      },
      {
        "category": "entity-field",
        "key": "00000000000000010000000000000007:LogicTransform.localPosition=2.75,1.5,24.4"
      },
      {
        "category": "entity-field",
        "key": "00000000000000010000000000000007:LogicTransform.localPosition=2.75,1.5,23.15"
      },
      {
        "category": "entity-field",
        "key": "00000000000000010000000000000007:LogicTransform.localPosition=2.75,1.5,21.9"
      },
      {
        "category": "entity-field",
        "key": "00000000000000010000000000000007:LogicTransform.localPosition=2.75,1.5,20.65"
      },
      {
        "category": "entity-field",
        "key": "00000000000000010000000000000007:LogicTransform.localPosition=2.75,1.5,19.4"
      },
      {
        "category": "entity-field",
        "key": "00000000000000010000000000000007:LogicTransform.localPosition=2.75,1.5,18.15"
      },
      {
        "category": "entity-field",
        "key": "00000000000000010000000000000007:LogicTransform.localPosition=2.75,1.5,16.9"
      },
      {
        "category": "entity-field",
        "key": "00000000000000010000000000000007:LogicTransform.localPosition=2.75,1.5,15.65"
      },
      {
        "category": "entity-field",
        "key": "00000000000000010000000000000007:LogicTransform.localPosition=2.75,1.5,14.4"
      },
      {
        "category": "entity-field",
        "key": "00000000000000010000000000000007:LogicTransform.localPosition=2.75,1.5,13.15"
      },
      {
        "category": "entity-field",
        "key": "00000000000000010000000000000007:LogicTransform.localPosition=2.75,1.5,11.9"
      },
      {
        "category": "entity-field",
        "key": "00000000000000010000000000000007:LogicTransform.localPosition=2.75,1.5,10.65"
      },
      {
        "category": "entity-field",
        "key": "00000000000000010000000000000007:LogicTransform.localPosition=2.75,1.5,9.4"
      },
      {
        "category": "entity-field",
        "key": "00000000000000010000000000000007:LogicTransform.localPosition=2.75,1.5,8.15"
      },
      {
        "category": "entity-field",
        "key": "00000000000000010000000000000007:LogicTransform.localPosition=2.75,1.5,6.8999996"
      },
      {
        "category": "entity-field",
        "key": "00000000000000010000000000000007:LogicTransform.localPosition=2.75,1.5,5.6499996"
      },
      {
        "category": "entity-field",
        "key": "00000000000000010000000000000007:LogicTransform.localPosition=2.75,1.5,4.3999996"
      },
      {
        "category": "entity-field",
        "key": "00000000000000010000000000000007:LogicTransform.localPosition=2.75,1.5,3.1499996"
      },
      {
        "category": "entity-field",
        "key": "00000000000000010000000000000005:VeinReserveComponent.remaining=5"
      },
      {
        "category": "entity-field",
        "key": "00000000000000010000000000000007:AttributeComponent.staminaCurrent=87"
      },
      {
        "category": "entity-field",
        "key": "00000000000000010000000000000005:VeinReserveComponent.remaining=4"
      },
      {
        "category": "entity-field",
        "key": "00000000000000010000000000000007:AttributeComponent.staminaCurrent=74"
      },
      {
        "category": "entity-field",
        "key": "00000000000000010000000000000005:VeinReserveComponent.remaining=3"
      },
      {
        "category": "entity-field",
        "key": "00000000000000010000000000000007:AttributeComponent.staminaCurrent=61"
      },
      {
        "category": "entity-field",
        "key": "00000000000000010000000000000005:VeinReserveComponent.remaining=2"
      },
      {
        "category": "entity-field",
        "key": "00000000000000010000000000000007:AttributeComponent.staminaCurrent=48"
      },
      {
        "category": "entity-field",
        "key": "00000000000000010000000000000005:VeinReserveComponent.remaining=1"
      },
      {
        "category": "entity-field",
        "key": "00000000000000010000000000000007:AttributeComponent.staminaCurrent=35"
      },
      {
        "category": "entity-destroy",
        "key": "-00000000000000010000000000000005"
      },
      {
        "category": "entity-create",
        "key": "+00000000000000010000000000000008:oreDrop"
      },
      {
        "category": "entity-create",
        "key": "+00000000000000010000000000000008:LogicTransform.localPosition=2.5,0.5,2.5"
      },
      {
        "category": "entity-create",
        "key": "+00000000000000010000000000000008:LogicTransform.localRotation=0,0,0,1"
      },
      {
        "category": "entity-create",
        "key": "+00000000000000010000000000000008:LogicTransform.parent="
      },
      {
        "category": "entity-create",
        "key": "+00000000000000010000000000000008:LogicTransform.teleportId="
      },
      {
        "category": "entity-create",
        "key": "+00000000000000010000000000000008:OrePileComponent.amount=4"
      },
      {
        "category": "entity-field",
        "key": "00000000000000010000000000000008:LogicTransform.localPosition=2.5,0.5,2.5"
      },
      {
        "category": "entity-field",
        "key": "00000000000000010000000000000007:AttributeComponent.staminaCurrent=22"
      },
      {
        "category": "entity-field",
        "key": "00000000000000010000000000000007:AttributeComponent.oreCurrent=13"
      },
      {
        "category": "entity-destroy",
        "key": "-00000000000000010000000000000008"
      }
    ],
    "appliedTicks": [
      4,
      4,
      4,
      4,
      4,
      4,
      4,
      4,
      4,
      4,
      4,
      4,
      4,
      4,
      4,
      4,
      4,
      4,
      4,
      4,
      4,
      4,
      4,
      4,
      4,
      4,
      72,
      72,
      72,
      72,
      72,
      72,
      72,
      72,
      72,
      72,
      72,
      72,
      72,
      93,
      100,
      108,
      116,
      124,
      132,
      140,
      148,
      155,
      164,
      171,
      179,
      188,
      196,
      203,
      211,
      219,
      227,
      235,
      242,
      250,
      258,
      265,
      274,
      282,
      289,
      297,
      304,
      312,
      320,
      328,
      335,
      343,
      351,
      359,
      366,
      374,
      381,
      389,
      398,
      405,
      413,
      420,
      429,
      436,
      443,
      451,
      458,
      466,
      473,
      481,
      489,
      497,
      505,
      513,
      520,
      528,
      536,
      543,
      551,
      559,
      567,
      574,
      581,
      589,
      596,
      604,
      612,
      620,
      628,
      635,
      643,
      650,
      658,
      665,
      673,
      681,
      688,
      696,
      704,
      712,
      718,
      726,
      734,
      742,
      750,
      758,
      765,
      773,
      781,
      789,
      797,
      804,
      812,
      819,
      827,
      835,
      843,
      851,
      860,
      868,
      875,
      884,
      891,
      900,
      907,
      914,
      922,
      930,
      938,
      946,
      954,
      961,
      969,
      977,
      984,
      992,
      999,
      1006,
      1014,
      1022,
      1030,
      1037,
      1045,
      1053,
      1060,
      1068,
      1076,
      1084,
      1091,
      1099,
      1107,
      1114,
      1122,
      1130,
      1137,
      1145,
      1153,
      1160,
      1168,
      1176,
      1184,
      1192,
      1199,
      1207,
      1215,
      1223,
      1230,
      1237,
      1245,
      1253,
      1261,
      1267,
      1275,
      1284,
      1291,
      1298,
      1306,
      1314,
      1321,
      1329,
      1337,
      1344,
      1352,
      1360,
      1368,
      1376,
      1384,
      1392,
      1400,
      1408,
      1416,
      1424,
      1432,
      1440,
      1447,
      1455,
      1463,
      1471,
      1478,
      1486,
      1494,
      1502,
      1510,
      1518,
      1525,
      1533,
      1542,
      1549,
      1557,
      1564,
      1572,
      1580,
      1587,
      1595,
      1602,
      1610,
      1618,
      1626,
      1634,
      1641,
      1648,
      1656,
      1664,
      1672,
      1680,
      1686,
      1694,
      1702,
      1710,
      1717,
      1724,
      1733,
      1740,
      1748,
      1755,
      1764,
      1771,
      1778,
      1786,
      1793,
      1801,
      1809,
      1817,
      1824,
      1832,
      1840,
      1847,
      1855,
      1864,
      1871,
      1879,
      1887,
      1895,
      1903,
      1911,
      1919,
      1927,
      1934,
      1942,
      1950,
      1958,
      1966,
      1974,
      1981,
      1989,
      1997,
      2005,
      2013,
      2021,
      2029,
      2036,
      2044,
      2052,
      2059,
      2067,
      2075,
      2082,
      2089,
      2097,
      2105,
      2113,
      2121,
      2129,
      2137,
      2145,
      2154,
      2161,
      2170,
      2178,
      2186,
      2192,
      2200,
      2208,
      2216,
      2224,
      2232,
      2240,
      2248,
      2256,
      2264,
      2272,
      2279,
      2287,
      2294,
      2303,
      2310,
      2317,
      2324,
      2332,
      2339,
      2347,
      2355,
      2363,
      2371,
      2379,
      2387,
      2394,
      2403,
      2410,
      2419,
      2426,
      2434,
      2442,
      2450,
      2458,
      2465,
      2473,
      2481,
      2488,
      2496,
      2504,
      2512,
      2520,
      2527,
      2535,
      2542,
      2550,
      2558,
      2566,
      2575,
      2582,
      2590,
      2598,
      2606,
      2613,
      2621,
      2629,
      2637,
      2645,
      2653,
      2661,
      2668,
      2676,
      2684,
      2691,
      2699,
      2706,
      2714,
      2722,
      2730,
      2738,
      2746,
      2754,
      2762,
      2769,
      2777,
      2785,
      2792,
      2799,
      2807,
      2816,
      2823,
      2831,
      2840,
      2847,
      2854,
      2862,
      2870,
      2878,
      2885,
      2894,
      2901,
      2909,
      2917,
      2924,
      2933,
      2940,
      2948,
      2955,
      2962,
      2970,
      2978,
      2986,
      2994,
      3001,
      3008,
      3016,
      3024,
      3032,
      3040,
      3048,
      3056,
      3064,
      3072,
      3080,
      3088,
      3095,
      3103,
      3111,
      3118,
      3126,
      3134,
      3142,
      3150,
      3158,
      3166,
      3174,
      3181,
      3189,
      3197,
      3205,
      3213,
      3220,
      3229,
      3237,
      3245,
      3253,
      3260,
      3267,
      3275,
      3283,
      3290,
      3298,
      3305,
      3313,
      3321,
      3329,
      3337,
      3345,
      3352,
      3360,
      3368,
      3376,
      3383,
      3391,
      3399,
      3407,
      3415,
      3422,
      3429,
      3437,
      3445,
      3453,
      3460,
      3468,
      3475,
      3484,
      3491,
      3499,
      3506,
      3514,
      3522,
      3530,
      3538,
      3546,
      3554,
      3561,
      3569,
      3577,
      3585,
      3593,
      3601,
      3609,
      3616,
      3624,
      3632,
      3640,
      3647,
      3654,
      3662,
      3670,
      3677,
      3685,
      3692,
      3700,
      3708,
      3716,
      3724,
      3731,
      3739,
      3746,
      3754,
      3762,
      3770,
      3777,
      3785,
      3793,
      3801,
      3809,
      3817,
      3825,
      3833,
      3840,
      3847,
      3855,
      3863,
      3871,
      3880,
      3887,
      3894,
      3902,
      3910,
      3918,
      3926,
      3934,
      3941,
      3949,
      3957,
      3965,
      3973,
      3981,
      3988,
      3996,
      4004,
      4012,
      4019,
      4027,
      4034,
      4041,
      4049,
      4057,
      4065,
      4074,
      4081,
      4089,
      4097,
      4104,
      4112,
      4120,
      4128,
      4135,
      4143,
      4151,
      4159,
      4166,
      4174,
      4181,
      4182,
      4182,
      4183,
      4183,
      4184,
      4184,
      4185,
      4185,
      4186,
      4186,
      4187,
      4188,
      4188,
      4188,
      4188,
      4188,
      4188,
      4188,
      4188,
      4189,
      4189,
      4189
    ],
    "baseMapSha256": "26c8115efd044496ad3132fa98c0608c02a1b0edbf5e32049b2bb9f116414df2",
    "fileHashes": {
      "events.ndjson": "363dbd783a5161dc01145d7677829b19f4c5c92da3956dccee272eed117c1c29",
      "observer-raw.ndjson": "e7b37464f8abf1ddd29305dd8cacf9bd2ef80974d9deb595aa728ded388af813"
    }
  },
  "round2": {
    "ok": true,
    "failures": [],
    "eventOrder": [
      {
        "category": "entity-create",
        "key": "+00000000000000010000000000000001:world"
      },
      {
        "category": "entity-create",
        "key": "+00000000000000010000000000000001:WorldSaveComponent.tickRate=20"
      },
      {
        "category": "entity-create",
        "key": "+00000000000000010000000000000006:player"
      },
      {
        "category": "entity-create",
        "key": "+00000000000000010000000000000006:IdentityComponent.name="
      },
      {
        "category": "entity-create",
        "key": "+00000000000000010000000000000006:IdentityComponent.colorHue=0"
      },
      {
        "category": "entity-create",
        "key": "+00000000000000010000000000000006:LogicTransform.localPosition=16.5,1.5,16.5"
      },
      {
        "category": "entity-create",
        "key": "+00000000000000010000000000000006:LogicTransform.localRotation=0,0,0,1"
      },
      {
        "category": "entity-create",
        "key": "+00000000000000010000000000000006:LogicTransform.parent="
      },
      {
        "category": "entity-create",
        "key": "+00000000000000010000000000000006:LogicTransform.teleportId="
      },
      {
        "category": "entity-create",
        "key": "+00000000000000010000000000000006:AttributeComponent.OreBase=9"
      },
      {
        "category": "entity-create",
        "key": "+00000000000000010000000000000006:AttributeComponent.OreCurrent=9"
      },
      {
        "category": "entity-create",
        "key": "+00000000000000010000000000000006:AttributeComponent.StaminaBase=100"
      },
      {
        "category": "entity-create",
        "key": "+00000000000000010000000000000006:AttributeComponent.StaminaCurrent=100"
      },
      {
        "category": "entity-create",
        "key": "+00000000000000010000000000000002:vein"
      },
      {
        "category": "entity-create",
        "key": "+00000000000000010000000000000002:VeinReserveComponent.remaining=6"
      },
      {
        "category": "entity-create",
        "key": "+00000000000000010000000000000003:vein"
      },
      {
        "category": "entity-create",
        "key": "+00000000000000010000000000000003:VeinReserveComponent.remaining=6"
      },
      {
        "category": "entity-create",
        "key": "+00000000000000010000000000000004:vein"
      },
      {
        "category": "entity-create",
        "key": "+00000000000000010000000000000004:VeinReserveComponent.remaining=6"
      },
      {
        "category": "entity-create",
        "key": "+00000000000000010000000000000005:vein"
      },
      {
        "category": "entity-create",
        "key": "+00000000000000010000000000000005:VeinReserveComponent.remaining=6"
      },
      {
        "category": "entity-field",
        "key": "00000000000000010000000000000006:AttributeComponent.staminaBase=100"
      },
      {
        "category": "entity-field",
        "key": "00000000000000010000000000000006:AttributeComponent.staminaCurrent=100"
      },
      {
        "category": "entity-field",
        "key": "00000000000000010000000000000006:AttributeComponent.oreBase=9"
      },
      {
        "category": "entity-field",
        "key": "00000000000000010000000000000006:AttributeComponent.oreCurrent=9"
      },
      {
        "category": "entity-field",
        "key": "00000000000000010000000000000006:LogicTransform.localPosition=16.5,1.5,16.5"
      },
      {
        "category": "entity-create",
        "key": "+00000000000000010000000000000007:player"
      },
      {
        "category": "entity-create",
        "key": "+00000000000000010000000000000007:IdentityComponent.name="
      },
      {
        "category": "entity-create",
        "key": "+00000000000000010000000000000007:IdentityComponent.colorHue=105"
      },
      {
        "category": "entity-create",
        "key": "+00000000000000010000000000000007:LogicTransform.localPosition=16.5,1.5,16.5"
      },
      {
        "category": "entity-create",
        "key": "+00000000000000010000000000000007:LogicTransform.localRotation=0,0,0,1"
      },
      {
        "category": "entity-create",
        "key": "+00000000000000010000000000000007:LogicTransform.parent="
      },
      {
        "category": "entity-create",
        "key": "+00000000000000010000000000000007:LogicTransform.teleportId="
      },
      {
        "category": "entity-create",
        "key": "+00000000000000010000000000000007:AttributeComponent.OreCurrent=9"
      },
      {
        "category": "entity-create",
        "key": "+00000000000000010000000000000007:AttributeComponent.StaminaCurrent=100"
      },
      {
        "category": "entity-field",
        "key": "00000000000000010000000000000007:AttributeComponent.staminaCurrent=100"
      },
      {
        "category": "entity-field",
        "key": "00000000000000010000000000000007:AttributeComponent.oreCurrent=9"
      },
      {
        "category": "entity-field",
        "key": "00000000000000010000000000000007:LogicTransform.localPosition=16.5,1.5,16.5"
      },
      {
        "category": "entity-field",
        "key": "00000000000000010000000000000007:IdentityComponent.colorHue=105"
      },
      {
        "category": "rpc-delivery",
        "key": "{\"appliedTick\":98,\"args\":[\"30303030303030303030303030303031303030303030303030303030303030373a2073616d706c6520746f75723a2068656c6c6f2066726f6d20746865206d696e696e6720626f74\"],\"componentId\":\"ChatComponent\",\"messageId\":1,\"method\":\"OnChatMessage\",\"roomSequence\":1,\"scope\":\"room\",\"sender\":\"00000000000000010000000000000007\",\"target\":\"00000000000000010000000000000007\"}"
      },
      {
        "category": "entity-field",
        "key": "00000000000000010000000000000007:LogicTransform.localPosition=17.75,1.5,16.5"
      },
      {
        "category": "entity-field",
        "key": "00000000000000010000000000000007:LogicTransform.localPosition=17.75,1.5,17.75"
      },
      {
        "category": "entity-field",
        "key": "00000000000000010000000000000007:LogicTransform.localPosition=17.75,1.5,19"
      },
      {
        "category": "entity-field",
        "key": "00000000000000010000000000000007:LogicTransform.localPosition=16.5,1.5,19"
      },
      {
        "category": "entity-field",
        "key": "00000000000000010000000000000007:LogicTransform.localPosition=15.25,1.5,19"
      },
      {
        "category": "entity-field",
        "key": "00000000000000010000000000000007:LogicTransform.localPosition=15.25,1.5,17.75"
      },
      {
        "category": "entity-field",
        "key": "00000000000000010000000000000007:LogicTransform.localPosition=15.25,1.5,16.5"
      },
      {
        "category": "entity-field",
        "key": "00000000000000010000000000000007:LogicTransform.localPosition=15.25,1.5,15.25"
      },
      {
        "category": "entity-field",
        "key": "00000000000000010000000000000007:LogicTransform.localPosition=16.5,1.5,15.25"
      },
      {
        "category": "entity-field",
        "key": "00000000000000010000000000000007:LogicTransform.localPosition=17.75,1.5,15.25"
      },
      {
        "category": "entity-field",
        "key": "00000000000000010000000000000007:LogicTransform.localPosition=19,1.5,15.25"
      },
      {
        "category": "entity-field",
        "key": "00000000000000010000000000000007:LogicTransform.localPosition=19,1.5,16.5"
      },
      {
        "category": "entity-field",
        "key": "00000000000000010000000000000007:LogicTransform.localPosition=19,1.5,17.75"
      },
      {
        "category": "entity-field",
        "key": "00000000000000010000000000000007:LogicTransform.localPosition=19,1.5,19"
      },
      {
        "category": "entity-field",
        "key": "00000000000000010000000000000007:LogicTransform.localPosition=19,1.5,20.25"
      },
      {
        "category": "entity-field",
        "key": "00000000000000010000000000000007:LogicTransform.localPosition=17.75,1.5,20.25"
      },
      {
        "category": "entity-field",
        "key": "00000000000000010000000000000007:LogicTransform.localPosition=16.5,1.5,20.25"
      },
      {
        "category": "entity-field",
        "key": "00000000000000010000000000000007:LogicTransform.localPosition=15.25,1.5,20.25"
      },
      {
        "category": "entity-field",
        "key": "00000000000000010000000000000007:LogicTransform.localPosition=14,1.5,20.25"
      },
      {
        "category": "entity-field",
        "key": "00000000000000010000000000000007:LogicTransform.localPosition=14,1.5,19"
      },
      {
        "category": "entity-field",
        "key": "00000000000000010000000000000007:LogicTransform.localPosition=14,1.5,17.75"
      },
      {
        "category": "entity-field",
        "key": "00000000000000010000000000000007:LogicTransform.localPosition=14,1.5,16.5"
      },
      {
        "category": "entity-field",
        "key": "00000000000000010000000000000007:LogicTransform.localPosition=14,1.5,15.25"
      },
      {
        "category": "entity-field",
        "key": "00000000000000010000000000000007:LogicTransform.localPosition=14,1.5,14"
      },
      {
        "category": "entity-field",
        "key": "00000000000000010000000000000007:LogicTransform.localPosition=15.25,1.5,14"
      },
      {
        "category": "entity-field",
        "key": "00000000000000010000000000000007:LogicTransform.localPosition=16.5,1.5,14"
      },
      {
        "category": "entity-field",
        "key": "00000000000000010000000000000007:LogicTransform.localPosition=17.75,1.5,14"
      },
      {
        "category": "entity-field",
        "key": "00000000000000010000000000000007:LogicTransform.localPosition=19,1.5,14"
      },
      {
        "category": "entity-field",
        "key": "00000000000000010000000000000007:LogicTransform.localPosition=20.25,1.5,14"
      },
      {
        "category": "entity-field",
        "key": "00000000000000010000000000000007:LogicTransform.localPosition=20.25,1.5,15.25"
      },
      {
        "category": "entity-field",
        "key": "00000000000000010000000000000007:LogicTransform.localPosition=20.25,1.5,16.5"
      },
      {
        "category": "entity-field",
        "key": "00000000000000010000000000000007:LogicTransform.localPosition=20.25,1.5,17.75"
      },
      {
        "category": "entity-field",
        "key": "00000000000000010000000000000007:LogicTransform.localPosition=20.25,1.5,19"
      },
      {
        "category": "entity-field",
        "key": "00000000000000010000000000000007:LogicTransform.localPosition=20.25,1.5,20.25"
      },
      {
        "category": "entity-field",
        "key": "00000000000000010000000000000007:LogicTransform.localPosition=20.25,1.5,21.5"
      },
      {
        "category": "entity-field",
        "key": "00000000000000010000000000000007:LogicTransform.localPosition=19,1.5,21.5"
      },
      {
        "category": "entity-field",
        "key": "00000000000000010000000000000007:LogicTransform.localPosition=17.75,1.5,21.5"
      },
      {
        "category": "entity-field",
        "key": "00000000000000010000000000000007:LogicTransform.localPosition=16.5,1.5,21.5"
      },
      {
        "category": "entity-field",
        "key": "00000000000000010000000000000007:LogicTransform.localPosition=15.25,1.5,21.5"
      },
      {
        "category": "entity-field",
        "key": "00000000000000010000000000000007:LogicTransform.localPosition=14,1.5,21.5"
      },
      {
        "category": "entity-field",
        "key": "00000000000000010000000000000007:LogicTransform.localPosition=12.75,1.5,21.5"
      },
      {
        "category": "entity-field",
        "key": "00000000000000010000000000000007:LogicTransform.localPosition=12.75,1.5,20.25"
      },
      {
        "category": "entity-field",
        "key": "00000000000000010000000000000007:LogicTransform.localPosition=12.75,1.5,19"
      },
      {
        "category": "entity-field",
        "key": "00000000000000010000000000000007:LogicTransform.localPosition=12.75,1.5,17.75"
      },
      {
        "category": "entity-field",
        "key": "00000000000000010000000000000007:LogicTransform.localPosition=12.75,1.5,16.5"
      },
      {
        "category": "entity-field",
        "key": "00000000000000010000000000000007:LogicTransform.localPosition=12.75,1.5,15.25"
      },
      {
        "category": "entity-field",
        "key": "00000000000000010000000000000007:LogicTransform.localPosition=12.75,1.5,14"
      },
      {
        "category": "entity-field",
        "key": "00000000000000010000000000000007:LogicTransform.localPosition=12.75,1.5,12.75"
      },
      {
        "category": "entity-field",
        "key": "00000000000000010000000000000007:LogicTransform.localPosition=14,1.5,12.75"
      },
      {
        "category": "entity-field",
        "key": "00000000000000010000000000000007:LogicTransform.localPosition=15.25,1.5,12.75"
      },
      {
        "category": "entity-field",
        "key": "00000000000000010000000000000007:LogicTransform.localPosition=16.5,1.5,12.75"
      },
      {
        "category": "entity-field",
        "key": "00000000000000010000000000000007:LogicTransform.localPosition=17.75,1.5,12.75"
      },
      {
        "category": "entity-field",
        "key": "00000000000000010000000000000007:LogicTransform.localPosition=19,1.5,12.75"
      },
      {
        "category": "entity-field",
        "key": "00000000000000010000000000000007:LogicTransform.localPosition=20.25,1.5,12.75"
      },
      {
        "category": "entity-field",
        "key": "00000000000000010000000000000007:LogicTransform.localPosition=21.5,1.5,12.75"
      },
      {
        "category": "entity-field",
        "key": "00000000000000010000000000000007:LogicTransform.localPosition=21.5,1.5,14"
      },
      {
        "category": "entity-field",
        "key": "00000000000000010000000000000007:LogicTransform.localPosition=21.5,1.5,15.25"
      },
      {
        "category": "entity-field",
        "key": "00000000000000010000000000000007:LogicTransform.localPosition=21.5,1.5,16.5"
      },
      {
        "category": "entity-field",
        "key": "00000000000000010000000000000007:LogicTransform.localPosition=21.5,1.5,17.75"
      },
      {
        "category": "entity-field",
        "key": "00000000000000010000000000000007:LogicTransform.localPosition=21.5,1.5,19"
      },
      {
        "category": "entity-field",
        "key": "00000000000000010000000000000007:LogicTransform.localPosition=21.5,1.5,20.25"
      },
      {
        "category": "entity-field",
        "key": "00000000000000010000000000000007:LogicTransform.localPosition=21.5,1.5,21.5"
      },
      {
        "category": "entity-field",
        "key": "00000000000000010000000000000007:LogicTransform.localPosition=21.5,1.5,22.75"
      },
      {
        "category": "entity-field",
        "key": "00000000000000010000000000000007:LogicTransform.localPosition=20.25,1.5,22.75"
      },
      {
        "category": "entity-field",
        "key": "00000000000000010000000000000007:LogicTransform.localPosition=19,1.5,22.75"
      },
      {
        "category": "entity-field",
        "key": "00000000000000010000000000000007:LogicTransform.localPosition=17.75,1.5,22.75"
      },
      {
        "category": "entity-field",
        "key": "00000000000000010000000000000007:LogicTransform.localPosition=16.5,1.5,22.75"
      },
      {
        "category": "entity-field",
        "key": "00000000000000010000000000000007:LogicTransform.localPosition=15.25,1.5,22.75"
      },
      {
        "category": "entity-field",
        "key": "00000000000000010000000000000007:LogicTransform.localPosition=14,1.5,22.75"
      },
      {
        "category": "entity-field",
        "key": "00000000000000010000000000000007:LogicTransform.localPosition=12.75,1.5,22.75"
      },
      {
        "category": "entity-field",
        "key": "00000000000000010000000000000007:LogicTransform.localPosition=11.5,1.5,22.75"
      },
      {
        "category": "entity-field",
        "key": "00000000000000010000000000000007:LogicTransform.localPosition=11.5,1.5,21.5"
      },
      {
        "category": "entity-field",
        "key": "00000000000000010000000000000007:LogicTransform.localPosition=11.5,1.5,20.25"
      },
      {
        "category": "entity-field",
        "key": "00000000000000010000000000000007:LogicTransform.localPosition=11.5,1.5,19"
      },
      {
        "category": "entity-field",
        "key": "00000000000000010000000000000007:LogicTransform.localPosition=11.5,1.5,17.75"
      },
      {
        "category": "entity-field",
        "key": "00000000000000010000000000000007:LogicTransform.localPosition=11.5,1.5,16.5"
      },
      {
        "category": "entity-field",
        "key": "00000000000000010000000000000007:LogicTransform.localPosition=11.5,1.5,15.25"
      },
      {
        "category": "entity-field",
        "key": "00000000000000010000000000000007:LogicTransform.localPosition=11.5,1.5,14"
      },
      {
        "category": "entity-field",
        "key": "00000000000000010000000000000007:LogicTransform.localPosition=11.5,1.5,12.75"
      },
      {
        "category": "entity-field",
        "key": "00000000000000010000000000000007:LogicTransform.localPosition=11.5,1.5,11.5"
      },
      {
        "category": "entity-field",
        "key": "00000000000000010000000000000007:LogicTransform.localPosition=12.75,1.5,11.5"
      },
      {
        "category": "entity-field",
        "key": "00000000000000010000000000000007:LogicTransform.localPosition=14,1.5,11.5"
      },
      {
        "category": "entity-field",
        "key": "00000000000000010000000000000007:LogicTransform.localPosition=15.25,1.5,11.5"
      },
      {
        "category": "entity-field",
        "key": "00000000000000010000000000000007:LogicTransform.localPosition=16.5,1.5,11.5"
      },
      {
        "category": "entity-field",
        "key": "00000000000000010000000000000007:LogicTransform.localPosition=17.75,1.5,11.5"
      },
      {
        "category": "entity-field",
        "key": "00000000000000010000000000000007:LogicTransform.localPosition=19,1.5,11.5"
      },
      {
        "category": "entity-field",
        "key": "00000000000000010000000000000007:LogicTransform.localPosition=20.25,1.5,11.5"
      },
      {
        "category": "entity-field",
        "key": "00000000000000010000000000000007:LogicTransform.localPosition=21.5,1.5,11.5"
      },
      {
        "category": "entity-field",
        "key": "00000000000000010000000000000007:LogicTransform.localPosition=22.75,1.5,11.5"
      },
      {
        "category": "entity-field",
        "key": "00000000000000010000000000000007:LogicTransform.localPosition=22.75,1.5,12.75"
      },
      {
        "category": "entity-field",
        "key": "00000000000000010000000000000007:LogicTransform.localPosition=22.75,1.5,14"
      },
      {
        "category": "entity-field",
        "key": "00000000000000010000000000000007:LogicTransform.localPosition=22.75,1.5,15.25"
      },
      {
        "category": "entity-field",
        "key": "00000000000000010000000000000007:LogicTransform.localPosition=22.75,1.5,16.5"
      },
      {
        "category": "entity-field",
        "key": "00000000000000010000000000000007:LogicTransform.localPosition=22.75,1.5,17.75"
      },
      {
        "category": "entity-field",
        "key": "00000000000000010000000000000007:LogicTransform.localPosition=22.75,1.5,19"
      },
      {
        "category": "entity-field",
        "key": "00000000000000010000000000000007:LogicTransform.localPosition=22.75,1.5,20.25"
      },
      {
        "category": "entity-field",
        "key": "00000000000000010000000000000007:LogicTransform.localPosition=22.75,1.5,21.5"
      },
      {
        "category": "entity-field",
        "key": "00000000000000010000000000000007:LogicTransform.localPosition=22.75,1.5,22.75"
      },
      {
        "category": "entity-field",
        "key": "00000000000000010000000000000007:LogicTransform.localPosition=22.75,1.5,24"
      },
      {
        "category": "entity-field",
        "key": "00000000000000010000000000000007:LogicTransform.localPosition=21.5,1.5,24"
      },
      {
        "category": "entity-field",
        "key": "00000000000000010000000000000007:LogicTransform.localPosition=20.25,1.5,24"
      },
      {
        "category": "entity-field",
        "key": "00000000000000010000000000000007:LogicTransform.localPosition=19,1.5,24"
      },
      {
        "category": "entity-field",
        "key": "00000000000000010000000000000007:LogicTransform.localPosition=17.75,1.5,24"
      },
      {
        "category": "entity-field",
        "key": "00000000000000010000000000000007:LogicTransform.localPosition=16.5,1.5,24"
      },
      {
        "category": "entity-field",
        "key": "00000000000000010000000000000007:LogicTransform.localPosition=15.25,1.5,24"
      },
      {
        "category": "entity-field",
        "key": "00000000000000010000000000000007:LogicTransform.localPosition=14,1.5,24"
      },
      {
        "category": "entity-field",
        "key": "00000000000000010000000000000007:LogicTransform.localPosition=12.75,1.5,24"
      },
      {
        "category": "entity-field",
        "key": "00000000000000010000000000000007:LogicTransform.localPosition=11.5,1.5,24"
      },
      {
        "category": "entity-field",
        "key": "00000000000000010000000000000007:LogicTransform.localPosition=10.25,1.5,24"
      },
      {
        "category": "entity-field",
        "key": "00000000000000010000000000000007:LogicTransform.localPosition=10.25,1.5,22.75"
      },
      {
        "category": "entity-field",
        "key": "00000000000000010000000000000007:LogicTransform.localPosition=10.25,1.5,21.5"
      },
      {
        "category": "entity-field",
        "key": "00000000000000010000000000000007:LogicTransform.localPosition=10.25,1.5,20.25"
      },
      {
        "category": "entity-field",
        "key": "00000000000000010000000000000007:LogicTransform.localPosition=10.25,1.5,19"
      },
      {
        "category": "entity-field",
        "key": "00000000000000010000000000000007:LogicTransform.localPosition=10.25,1.5,17.75"
      },
      {
        "category": "entity-field",
        "key": "00000000000000010000000000000007:LogicTransform.localPosition=10.25,1.5,16.5"
      },
      {
        "category": "entity-field",
        "key": "00000000000000010000000000000007:LogicTransform.localPosition=10.25,1.5,15.25"
      },
      {
        "category": "entity-field",
        "key": "00000000000000010000000000000007:LogicTransform.localPosition=10.25,1.5,14"
      },
      {
        "category": "entity-field",
        "key": "00000000000000010000000000000007:LogicTransform.localPosition=10.25,1.5,12.75"
      },
      {
        "category": "entity-field",
        "key": "00000000000000010000000000000007:LogicTransform.localPosition=10.25,1.5,11.5"
      },
      {
        "category": "entity-field",
        "key": "00000000000000010000000000000007:LogicTransform.localPosition=10.25,1.5,10.25"
      },
      {
        "category": "entity-field",
        "key": "00000000000000010000000000000007:LogicTransform.localPosition=11.5,1.5,10.25"
      },
      {
        "category": "entity-field",
        "key": "00000000000000010000000000000007:LogicTransform.localPosition=12.75,1.5,10.25"
      },
      {
        "category": "entity-field",
        "key": "00000000000000010000000000000007:LogicTransform.localPosition=14,1.5,10.25"
      },
      {
        "category": "entity-field",
        "key": "00000000000000010000000000000007:LogicTransform.localPosition=15.25,1.5,10.25"
      },
      {
        "category": "entity-field",
        "key": "00000000000000010000000000000007:LogicTransform.localPosition=16.5,1.5,10.25"
      },
      {
        "category": "entity-field",
        "key": "00000000000000010000000000000007:LogicTransform.localPosition=17.75,1.5,10.25"
      },
      {
        "category": "entity-field",
        "key": "00000000000000010000000000000007:LogicTransform.localPosition=19,1.5,10.25"
      },
      {
        "category": "entity-field",
        "key": "00000000000000010000000000000007:LogicTransform.localPosition=20.25,1.5,10.25"
      },
      {
        "category": "entity-field",
        "key": "00000000000000010000000000000007:LogicTransform.localPosition=21.5,1.5,10.25"
      },
      {
        "category": "entity-field",
        "key": "00000000000000010000000000000007:LogicTransform.localPosition=22.75,1.5,10.25"
      },
      {
        "category": "entity-field",
        "key": "00000000000000010000000000000007:LogicTransform.localPosition=24,1.5,10.25"
      },
      {
        "category": "entity-field",
        "key": "00000000000000010000000000000007:LogicTransform.localPosition=24,1.5,11.5"
      },
      {
        "category": "entity-field",
        "key": "00000000000000010000000000000007:LogicTransform.localPosition=24,1.5,12.75"
      },
      {
        "category": "entity-field",
        "key": "00000000000000010000000000000007:LogicTransform.localPosition=24,1.5,14"
      },
      {
        "category": "entity-field",
        "key": "00000000000000010000000000000007:LogicTransform.localPosition=24,1.5,15.25"
      },
      {
        "category": "entity-field",
        "key": "00000000000000010000000000000007:LogicTransform.localPosition=24,1.5,16.5"
      },
      {
        "category": "entity-field",
        "key": "00000000000000010000000000000007:LogicTransform.localPosition=24,1.5,17.75"
      },
      {
        "category": "entity-field",
        "key": "00000000000000010000000000000007:LogicTransform.localPosition=24,1.5,19"
      },
      {
        "category": "entity-field",
        "key": "00000000000000010000000000000007:LogicTransform.localPosition=24,1.5,20.25"
      },
      {
        "category": "entity-field",
        "key": "00000000000000010000000000000007:LogicTransform.localPosition=24,1.5,21.5"
      },
      {
        "category": "entity-field",
        "key": "00000000000000010000000000000007:LogicTransform.localPosition=24,1.5,22.75"
      },
      {
        "category": "entity-field",
        "key": "00000000000000010000000000000007:LogicTransform.localPosition=24,1.5,24"
      },
      {
        "category": "entity-field",
        "key": "00000000000000010000000000000007:LogicTransform.localPosition=24,1.5,25.25"
      },
      {
        "category": "entity-field",
        "key": "00000000000000010000000000000007:LogicTransform.localPosition=22.75,1.5,25.25"
      },
      {
        "category": "entity-field",
        "key": "00000000000000010000000000000007:LogicTransform.localPosition=21.5,1.5,25.25"
      },
      {
        "category": "entity-field",
        "key": "00000000000000010000000000000007:LogicTransform.localPosition=20.25,1.5,25.25"
      },
      {
        "category": "entity-field",
        "key": "00000000000000010000000000000007:LogicTransform.localPosition=19,1.5,25.25"
      },
      {
        "category": "entity-field",
        "key": "00000000000000010000000000000007:LogicTransform.localPosition=17.75,1.5,25.25"
      },
      {
        "category": "entity-field",
        "key": "00000000000000010000000000000007:LogicTransform.localPosition=16.5,1.5,25.25"
      },
      {
        "category": "entity-field",
        "key": "00000000000000010000000000000007:LogicTransform.localPosition=15.25,1.5,25.25"
      },
      {
        "category": "entity-field",
        "key": "00000000000000010000000000000007:LogicTransform.localPosition=14,1.5,25.25"
      },
      {
        "category": "entity-field",
        "key": "00000000000000010000000000000007:LogicTransform.localPosition=12.75,1.5,25.25"
      },
      {
        "category": "entity-field",
        "key": "00000000000000010000000000000007:LogicTransform.localPosition=11.5,1.5,25.25"
      },
      {
        "category": "entity-field",
        "key": "00000000000000010000000000000007:LogicTransform.localPosition=10.25,1.5,25.25"
      },
      {
        "category": "entity-field",
        "key": "00000000000000010000000000000007:LogicTransform.localPosition=9,1.5,25.25"
      },
      {
        "category": "entity-field",
        "key": "00000000000000010000000000000007:LogicTransform.localPosition=9,1.5,24"
      },
      {
        "category": "entity-field",
        "key": "00000000000000010000000000000007:LogicTransform.localPosition=9,1.5,22.75"
      },
      {
        "category": "entity-field",
        "key": "00000000000000010000000000000007:LogicTransform.localPosition=9,1.5,21.5"
      },
      {
        "category": "entity-field",
        "key": "00000000000000010000000000000007:LogicTransform.localPosition=9,1.5,20.25"
      },
      {
        "category": "entity-field",
        "key": "00000000000000010000000000000007:LogicTransform.localPosition=9,1.5,19"
      },
      {
        "category": "entity-field",
        "key": "00000000000000010000000000000007:LogicTransform.localPosition=9,1.5,17.75"
      },
      {
        "category": "entity-field",
        "key": "00000000000000010000000000000007:LogicTransform.localPosition=9,1.5,16.5"
      },
      {
        "category": "entity-field",
        "key": "00000000000000010000000000000007:LogicTransform.localPosition=9,1.5,15.25"
      },
      {
        "category": "entity-field",
        "key": "00000000000000010000000000000007:LogicTransform.localPosition=9,1.5,14"
      },
      {
        "category": "entity-field",
        "key": "00000000000000010000000000000007:LogicTransform.localPosition=9,1.5,12.75"
      },
      {
        "category": "entity-field",
        "key": "00000000000000010000000000000007:LogicTransform.localPosition=9,1.5,11.5"
      },
      {
        "category": "entity-field",
        "key": "00000000000000010000000000000007:LogicTransform.localPosition=9,1.5,10.25"
      },
      {
        "category": "entity-field",
        "key": "00000000000000010000000000000007:LogicTransform.localPosition=9,1.5,9"
      },
      {
        "category": "entity-field",
        "key": "00000000000000010000000000000007:LogicTransform.localPosition=10.25,1.5,9"
      },
      {
        "category": "entity-field",
        "key": "00000000000000010000000000000007:LogicTransform.localPosition=11.5,1.5,9"
      },
      {
        "category": "entity-field",
        "key": "00000000000000010000000000000007:LogicTransform.localPosition=12.75,1.5,9"
      },
      {
        "category": "entity-field",
        "key": "00000000000000010000000000000007:LogicTransform.localPosition=14,1.5,9"
      },
      {
        "category": "entity-field",
        "key": "00000000000000010000000000000007:LogicTransform.localPosition=15.25,1.5,9"
      },
      {
        "category": "entity-field",
        "key": "00000000000000010000000000000007:LogicTransform.localPosition=16.5,1.5,9"
      },
      {
        "category": "entity-field",
        "key": "00000000000000010000000000000007:LogicTransform.localPosition=17.75,1.5,9"
      },
      {
        "category": "entity-field",
        "key": "00000000000000010000000000000007:LogicTransform.localPosition=19,1.5,9"
      },
      {
        "category": "entity-field",
        "key": "00000000000000010000000000000007:LogicTransform.localPosition=20.25,1.5,9"
      },
      {
        "category": "entity-field",
        "key": "00000000000000010000000000000007:LogicTransform.localPosition=21.5,1.5,9"
      },
      {
        "category": "entity-field",
        "key": "00000000000000010000000000000007:LogicTransform.localPosition=22.75,1.5,9"
      },
      {
        "category": "entity-field",
        "key": "00000000000000010000000000000007:LogicTransform.localPosition=24,1.5,9"
      },
      {
        "category": "entity-field",
        "key": "00000000000000010000000000000007:LogicTransform.localPosition=25.25,1.5,9"
      },
      {
        "category": "entity-field",
        "key": "00000000000000010000000000000007:LogicTransform.localPosition=25.25,1.5,10.25"
      },
      {
        "category": "entity-field",
        "key": "00000000000000010000000000000007:LogicTransform.localPosition=25.25,1.5,11.5"
      },
      {
        "category": "entity-field",
        "key": "00000000000000010000000000000007:LogicTransform.localPosition=25.25,1.5,12.75"
      },
      {
        "category": "entity-field",
        "key": "00000000000000010000000000000007:LogicTransform.localPosition=25.25,1.5,14"
      },
      {
        "category": "entity-field",
        "key": "00000000000000010000000000000007:LogicTransform.localPosition=25.25,1.5,15.25"
      },
      {
        "category": "entity-field",
        "key": "00000000000000010000000000000007:LogicTransform.localPosition=25.25,1.5,16.5"
      },
      {
        "category": "entity-field",
        "key": "00000000000000010000000000000007:LogicTransform.localPosition=25.25,1.5,17.75"
      },
      {
        "category": "entity-field",
        "key": "00000000000000010000000000000007:LogicTransform.localPosition=25.25,1.5,19"
      },
      {
        "category": "entity-field",
        "key": "00000000000000010000000000000007:LogicTransform.localPosition=25.25,1.5,20.25"
      },
      {
        "category": "entity-field",
        "key": "00000000000000010000000000000007:LogicTransform.localPosition=25.25,1.5,21.5"
      },
      {
        "category": "entity-field",
        "key": "00000000000000010000000000000007:LogicTransform.localPosition=25.25,1.5,22.75"
      },
      {
        "category": "entity-field",
        "key": "00000000000000010000000000000007:LogicTransform.localPosition=25.25,1.5,24"
      },
      {
        "category": "entity-field",
        "key": "00000000000000010000000000000007:LogicTransform.localPosition=25.25,1.5,25.25"
      },
      {
        "category": "entity-field",
        "key": "00000000000000010000000000000007:LogicTransform.localPosition=25.25,1.5,26.5"
      },
      {
        "category": "entity-field",
        "key": "00000000000000010000000000000007:LogicTransform.localPosition=24,1.5,26.5"
      },
      {
        "category": "entity-field",
        "key": "00000000000000010000000000000007:LogicTransform.localPosition=22.75,1.5,26.5"
      },
      {
        "category": "entity-field",
        "key": "00000000000000010000000000000007:LogicTransform.localPosition=21.5,1.5,26.5"
      },
      {
        "category": "entity-field",
        "key": "00000000000000010000000000000007:LogicTransform.localPosition=20.25,1.5,26.5"
      },
      {
        "category": "entity-field",
        "key": "00000000000000010000000000000007:LogicTransform.localPosition=19,1.5,26.5"
      },
      {
        "category": "entity-field",
        "key": "00000000000000010000000000000007:LogicTransform.localPosition=17.75,1.5,26.5"
      },
      {
        "category": "entity-field",
        "key": "00000000000000010000000000000007:LogicTransform.localPosition=16.5,1.5,26.5"
      },
      {
        "category": "entity-field",
        "key": "00000000000000010000000000000007:LogicTransform.localPosition=15.25,1.5,26.5"
      },
      {
        "category": "entity-field",
        "key": "00000000000000010000000000000007:LogicTransform.localPosition=14,1.5,26.5"
      },
      {
        "category": "entity-field",
        "key": "00000000000000010000000000000007:LogicTransform.localPosition=12.75,1.5,26.5"
      },
      {
        "category": "entity-field",
        "key": "00000000000000010000000000000007:LogicTransform.localPosition=11.5,1.5,26.5"
      },
      {
        "category": "entity-field",
        "key": "00000000000000010000000000000007:LogicTransform.localPosition=10.25,1.5,26.5"
      },
      {
        "category": "entity-field",
        "key": "00000000000000010000000000000007:LogicTransform.localPosition=9,1.5,26.5"
      },
      {
        "category": "entity-field",
        "key": "00000000000000010000000000000007:LogicTransform.localPosition=7.75,1.5,26.5"
      },
      {
        "category": "entity-field",
        "key": "00000000000000010000000000000007:LogicTransform.localPosition=7.75,1.5,25.25"
      },
      {
        "category": "entity-field",
        "key": "00000000000000010000000000000007:LogicTransform.localPosition=7.75,1.5,24"
      },
      {
        "category": "entity-field",
        "key": "00000000000000010000000000000007:LogicTransform.localPosition=7.75,1.5,22.75"
      },
      {
        "category": "entity-field",
        "key": "00000000000000010000000000000007:LogicTransform.localPosition=7.75,1.5,21.5"
      },
      {
        "category": "entity-field",
        "key": "00000000000000010000000000000007:LogicTransform.localPosition=7.75,1.5,20.25"
      },
      {
        "category": "entity-field",
        "key": "00000000000000010000000000000007:LogicTransform.localPosition=7.75,1.5,19"
      },
      {
        "category": "entity-field",
        "key": "00000000000000010000000000000007:LogicTransform.localPosition=7.75,1.5,17.75"
      },
      {
        "category": "entity-field",
        "key": "00000000000000010000000000000007:LogicTransform.localPosition=7.75,1.5,16.5"
      },
      {
        "category": "entity-field",
        "key": "00000000000000010000000000000007:LogicTransform.localPosition=7.75,1.5,15.25"
      },
      {
        "category": "entity-field",
        "key": "00000000000000010000000000000007:LogicTransform.localPosition=7.75,1.5,14"
      },
      {
        "category": "entity-field",
        "key": "00000000000000010000000000000007:LogicTransform.localPosition=7.75,1.5,12.75"
      },
      {
        "category": "entity-field",
        "key": "00000000000000010000000000000007:LogicTransform.localPosition=7.75,1.5,11.5"
      },
      {
        "category": "entity-field",
        "key": "00000000000000010000000000000007:LogicTransform.localPosition=7.75,1.5,10.25"
      },
      {
        "category": "entity-field",
        "key": "00000000000000010000000000000007:LogicTransform.localPosition=7.75,1.5,9"
      },
      {
        "category": "entity-field",
        "key": "00000000000000010000000000000007:LogicTransform.localPosition=7.75,1.5,7.75"
      },
      {
        "category": "entity-field",
        "key": "00000000000000010000000000000007:LogicTransform.localPosition=9,1.5,7.75"
      },
      {
        "category": "entity-field",
        "key": "00000000000000010000000000000007:LogicTransform.localPosition=10.25,1.5,7.75"
      },
      {
        "category": "entity-field",
        "key": "00000000000000010000000000000007:LogicTransform.localPosition=11.5,1.5,7.75"
      },
      {
        "category": "entity-field",
        "key": "00000000000000010000000000000007:LogicTransform.localPosition=12.75,1.5,7.75"
      },
      {
        "category": "entity-field",
        "key": "00000000000000010000000000000007:LogicTransform.localPosition=14,1.5,7.75"
      },
      {
        "category": "entity-field",
        "key": "00000000000000010000000000000007:LogicTransform.localPosition=15.25,1.5,7.75"
      },
      {
        "category": "entity-field",
        "key": "00000000000000010000000000000007:LogicTransform.localPosition=16.5,1.5,7.75"
      },
      {
        "category": "entity-field",
        "key": "00000000000000010000000000000007:LogicTransform.localPosition=17.75,1.5,7.75"
      },
      {
        "category": "entity-field",
        "key": "00000000000000010000000000000007:LogicTransform.localPosition=19,1.5,7.75"
      },
      {
        "category": "entity-field",
        "key": "00000000000000010000000000000007:LogicTransform.localPosition=20.25,1.5,7.75"
      },
      {
        "category": "entity-field",
        "key": "00000000000000010000000000000007:LogicTransform.localPosition=21.5,1.5,7.75"
      },
      {
        "category": "entity-field",
        "key": "00000000000000010000000000000007:LogicTransform.localPosition=22.75,1.5,7.75"
      },
      {
        "category": "entity-field",
        "key": "00000000000000010000000000000007:LogicTransform.localPosition=24,1.5,7.75"
      },
      {
        "category": "entity-field",
        "key": "00000000000000010000000000000007:LogicTransform.localPosition=25.25,1.5,7.75"
      },
      {
        "category": "entity-field",
        "key": "00000000000000010000000000000007:LogicTransform.localPosition=26.5,1.5,7.75"
      },
      {
        "category": "entity-field",
        "key": "00000000000000010000000000000007:LogicTransform.localPosition=26.5,1.5,9"
      },
      {
        "category": "entity-field",
        "key": "00000000000000010000000000000007:LogicTransform.localPosition=26.5,1.5,10.25"
      },
      {
        "category": "entity-field",
        "key": "00000000000000010000000000000007:LogicTransform.localPosition=26.5,1.5,11.5"
      },
      {
        "category": "entity-field",
        "key": "00000000000000010000000000000007:LogicTransform.localPosition=26.5,1.5,12.75"
      },
      {
        "category": "entity-field",
        "key": "00000000000000010000000000000007:LogicTransform.localPosition=26.5,1.5,14"
      },
      {
        "category": "entity-field",
        "key": "00000000000000010000000000000007:LogicTransform.localPosition=26.5,1.5,15.25"
      },
      {
        "category": "entity-field",
        "key": "00000000000000010000000000000007:LogicTransform.localPosition=26.5,1.5,16.5"
      },
      {
        "category": "entity-field",
        "key": "00000000000000010000000000000007:LogicTransform.localPosition=26.5,1.5,17.75"
      },
      {
        "category": "entity-field",
        "key": "00000000000000010000000000000007:LogicTransform.localPosition=26.5,1.5,19"
      },
      {
        "category": "entity-field",
        "key": "00000000000000010000000000000007:LogicTransform.localPosition=26.5,1.5,20.25"
      },
      {
        "category": "entity-field",
        "key": "00000000000000010000000000000007:LogicTransform.localPosition=26.5,1.5,21.5"
      },
      {
        "category": "entity-field",
        "key": "00000000000000010000000000000007:LogicTransform.localPosition=26.5,1.5,22.75"
      },
      {
        "category": "entity-field",
        "key": "00000000000000010000000000000007:LogicTransform.localPosition=26.5,1.5,24"
      },
      {
        "category": "entity-field",
        "key": "00000000000000010000000000000007:LogicTransform.localPosition=26.5,1.5,25.25"
      },
      {
        "category": "entity-field",
        "key": "00000000000000010000000000000007:LogicTransform.localPosition=26.5,1.5,26.5"
      },
      {
        "category": "entity-field",
        "key": "00000000000000010000000000000007:LogicTransform.localPosition=26.5,1.5,27.75"
      },
      {
        "category": "entity-field",
        "key": "00000000000000010000000000000007:LogicTransform.localPosition=25.25,1.5,27.75"
      },
      {
        "category": "entity-field",
        "key": "00000000000000010000000000000007:LogicTransform.localPosition=24,1.5,27.75"
      },
      {
        "category": "entity-field",
        "key": "00000000000000010000000000000007:LogicTransform.localPosition=22.75,1.5,27.75"
      },
      {
        "category": "entity-field",
        "key": "00000000000000010000000000000007:LogicTransform.localPosition=21.5,1.5,27.75"
      },
      {
        "category": "entity-field",
        "key": "00000000000000010000000000000007:LogicTransform.localPosition=20.25,1.5,27.75"
      },
      {
        "category": "entity-field",
        "key": "00000000000000010000000000000007:LogicTransform.localPosition=19,1.5,27.75"
      },
      {
        "category": "entity-field",
        "key": "00000000000000010000000000000007:LogicTransform.localPosition=17.75,1.5,27.75"
      },
      {
        "category": "entity-field",
        "key": "00000000000000010000000000000007:LogicTransform.localPosition=16.5,1.5,27.75"
      },
      {
        "category": "entity-field",
        "key": "00000000000000010000000000000007:LogicTransform.localPosition=15.25,1.5,27.75"
      },
      {
        "category": "entity-field",
        "key": "00000000000000010000000000000007:LogicTransform.localPosition=14,1.5,27.75"
      },
      {
        "category": "entity-field",
        "key": "00000000000000010000000000000007:LogicTransform.localPosition=12.75,1.5,27.75"
      },
      {
        "category": "entity-field",
        "key": "00000000000000010000000000000007:LogicTransform.localPosition=11.5,1.5,27.75"
      },
      {
        "category": "entity-field",
        "key": "00000000000000010000000000000007:LogicTransform.localPosition=10.25,1.5,27.75"
      },
      {
        "category": "entity-field",
        "key": "00000000000000010000000000000007:LogicTransform.localPosition=9,1.5,27.75"
      },
      {
        "category": "entity-field",
        "key": "00000000000000010000000000000007:LogicTransform.localPosition=7.75,1.5,27.75"
      },
      {
        "category": "entity-field",
        "key": "00000000000000010000000000000007:LogicTransform.localPosition=6.5,1.5,27.75"
      },
      {
        "category": "entity-field",
        "key": "00000000000000010000000000000007:LogicTransform.localPosition=6.5,1.5,26.5"
      },
      {
        "category": "entity-field",
        "key": "00000000000000010000000000000007:LogicTransform.localPosition=6.5,1.5,25.25"
      },
      {
        "category": "entity-field",
        "key": "00000000000000010000000000000007:LogicTransform.localPosition=6.5,1.5,24"
      },
      {
        "category": "entity-field",
        "key": "00000000000000010000000000000007:LogicTransform.localPosition=6.5,1.5,22.75"
      },
      {
        "category": "entity-field",
        "key": "00000000000000010000000000000007:LogicTransform.localPosition=6.5,1.5,21.5"
      },
      {
        "category": "entity-field",
        "key": "00000000000000010000000000000007:LogicTransform.localPosition=6.5,1.5,20.25"
      },
      {
        "category": "entity-field",
        "key": "00000000000000010000000000000007:LogicTransform.localPosition=6.5,1.5,19"
      },
      {
        "category": "entity-field",
        "key": "00000000000000010000000000000007:LogicTransform.localPosition=6.5,1.5,17.75"
      },
      {
        "category": "entity-field",
        "key": "00000000000000010000000000000007:LogicTransform.localPosition=6.5,1.5,16.5"
      },
      {
        "category": "entity-field",
        "key": "00000000000000010000000000000007:LogicTransform.localPosition=6.5,1.5,15.25"
      },
      {
        "category": "entity-field",
        "key": "00000000000000010000000000000007:LogicTransform.localPosition=6.5,1.5,14"
      },
      {
        "category": "entity-field",
        "key": "00000000000000010000000000000007:LogicTransform.localPosition=6.5,1.5,12.75"
      },
      {
        "category": "entity-field",
        "key": "00000000000000010000000000000007:LogicTransform.localPosition=6.5,1.5,11.5"
      },
      {
        "category": "entity-field",
        "key": "00000000000000010000000000000007:LogicTransform.localPosition=6.5,1.5,10.25"
      },
      {
        "category": "entity-field",
        "key": "00000000000000010000000000000007:LogicTransform.localPosition=6.5,1.5,9"
      },
      {
        "category": "entity-field",
        "key": "00000000000000010000000000000007:LogicTransform.localPosition=6.5,1.5,7.75"
      },
      {
        "category": "entity-field",
        "key": "00000000000000010000000000000007:LogicTransform.localPosition=6.5,1.5,6.5"
      },
      {
        "category": "entity-field",
        "key": "00000000000000010000000000000007:LogicTransform.localPosition=7.75,1.5,6.5"
      },
      {
        "category": "entity-field",
        "key": "00000000000000010000000000000007:LogicTransform.localPosition=9,1.5,6.5"
      },
      {
        "category": "entity-field",
        "key": "00000000000000010000000000000007:LogicTransform.localPosition=10.25,1.5,6.5"
      },
      {
        "category": "entity-field",
        "key": "00000000000000010000000000000007:LogicTransform.localPosition=11.5,1.5,6.5"
      },
      {
        "category": "entity-field",
        "key": "00000000000000010000000000000007:LogicTransform.localPosition=12.75,1.5,6.5"
      },
      {
        "category": "entity-field",
        "key": "00000000000000010000000000000007:LogicTransform.localPosition=14,1.5,6.5"
      },
      {
        "category": "entity-field",
        "key": "00000000000000010000000000000007:LogicTransform.localPosition=15.25,1.5,6.5"
      },
      {
        "category": "entity-field",
        "key": "00000000000000010000000000000007:LogicTransform.localPosition=16.5,1.5,6.5"
      },
      {
        "category": "entity-field",
        "key": "00000000000000010000000000000007:LogicTransform.localPosition=17.75,1.5,6.5"
      },
      {
        "category": "entity-field",
        "key": "00000000000000010000000000000007:LogicTransform.localPosition=19,1.5,6.5"
      },
      {
        "category": "entity-field",
        "key": "00000000000000010000000000000007:LogicTransform.localPosition=20.25,1.5,6.5"
      },
      {
        "category": "entity-field",
        "key": "00000000000000010000000000000007:LogicTransform.localPosition=21.5,1.5,6.5"
      },
      {
        "category": "entity-field",
        "key": "00000000000000010000000000000007:LogicTransform.localPosition=22.75,1.5,6.5"
      },
      {
        "category": "entity-field",
        "key": "00000000000000010000000000000007:LogicTransform.localPosition=24,1.5,6.5"
      },
      {
        "category": "entity-field",
        "key": "00000000000000010000000000000007:LogicTransform.localPosition=25.25,1.5,6.5"
      },
      {
        "category": "entity-field",
        "key": "00000000000000010000000000000007:LogicTransform.localPosition=26.5,1.5,6.5"
      },
      {
        "category": "entity-field",
        "key": "00000000000000010000000000000007:LogicTransform.localPosition=27.75,1.5,6.5"
      },
      {
        "category": "entity-field",
        "key": "00000000000000010000000000000007:LogicTransform.localPosition=27.75,1.5,7.75"
      },
      {
        "category": "entity-field",
        "key": "00000000000000010000000000000007:LogicTransform.localPosition=27.75,1.5,9"
      },
      {
        "category": "entity-field",
        "key": "00000000000000010000000000000007:LogicTransform.localPosition=27.75,1.5,10.25"
      },
      {
        "category": "entity-field",
        "key": "00000000000000010000000000000007:LogicTransform.localPosition=27.75,1.5,11.5"
      },
      {
        "category": "entity-field",
        "key": "00000000000000010000000000000007:LogicTransform.localPosition=27.75,1.5,12.75"
      },
      {
        "category": "entity-field",
        "key": "00000000000000010000000000000007:LogicTransform.localPosition=27.75,1.5,14"
      },
      {
        "category": "entity-field",
        "key": "00000000000000010000000000000007:LogicTransform.localPosition=27.75,1.5,15.25"
      },
      {
        "category": "entity-field",
        "key": "00000000000000010000000000000007:LogicTransform.localPosition=27.75,1.5,16.5"
      },
      {
        "category": "entity-field",
        "key": "00000000000000010000000000000007:LogicTransform.localPosition=27.75,1.5,17.75"
      },
      {
        "category": "entity-field",
        "key": "00000000000000010000000000000007:LogicTransform.localPosition=27.75,1.5,19"
      },
      {
        "category": "entity-field",
        "key": "00000000000000010000000000000007:LogicTransform.localPosition=27.75,1.5,20.25"
      },
      {
        "category": "entity-field",
        "key": "00000000000000010000000000000007:LogicTransform.localPosition=27.75,1.5,21.5"
      },
      {
        "category": "entity-field",
        "key": "00000000000000010000000000000007:LogicTransform.localPosition=27.75,1.5,22.75"
      },
      {
        "category": "entity-field",
        "key": "00000000000000010000000000000007:LogicTransform.localPosition=27.75,1.5,24"
      },
      {
        "category": "entity-field",
        "key": "00000000000000010000000000000007:LogicTransform.localPosition=27.75,1.5,25.25"
      },
      {
        "category": "entity-field",
        "key": "00000000000000010000000000000007:LogicTransform.localPosition=27.75,1.5,26.5"
      },
      {
        "category": "entity-field",
        "key": "00000000000000010000000000000007:LogicTransform.localPosition=27.75,1.5,27.75"
      },
      {
        "category": "entity-field",
        "key": "00000000000000010000000000000007:LogicTransform.localPosition=27.75,1.5,29"
      },
      {
        "category": "entity-field",
        "key": "00000000000000010000000000000007:LogicTransform.localPosition=26.5,1.5,29"
      },
      {
        "category": "entity-field",
        "key": "00000000000000010000000000000007:LogicTransform.localPosition=25.25,1.5,29"
      },
      {
        "category": "entity-field",
        "key": "00000000000000010000000000000007:LogicTransform.localPosition=24,1.5,29"
      },
      {
        "category": "entity-field",
        "key": "00000000000000010000000000000007:LogicTransform.localPosition=22.75,1.5,29"
      },
      {
        "category": "entity-field",
        "key": "00000000000000010000000000000007:LogicTransform.localPosition=21.5,1.5,29"
      },
      {
        "category": "entity-field",
        "key": "00000000000000010000000000000007:LogicTransform.localPosition=20.25,1.5,29"
      },
      {
        "category": "entity-field",
        "key": "00000000000000010000000000000007:LogicTransform.localPosition=19,1.5,29"
      },
      {
        "category": "entity-field",
        "key": "00000000000000010000000000000007:LogicTransform.localPosition=17.75,1.5,29"
      },
      {
        "category": "entity-field",
        "key": "00000000000000010000000000000007:LogicTransform.localPosition=16.5,1.5,29"
      },
      {
        "category": "entity-field",
        "key": "00000000000000010000000000000007:LogicTransform.localPosition=15.25,1.5,29"
      },
      {
        "category": "entity-field",
        "key": "00000000000000010000000000000007:LogicTransform.localPosition=14,1.5,29"
      },
      {
        "category": "entity-field",
        "key": "00000000000000010000000000000007:LogicTransform.localPosition=12.75,1.5,29"
      },
      {
        "category": "entity-field",
        "key": "00000000000000010000000000000007:LogicTransform.localPosition=11.5,1.5,29"
      },
      {
        "category": "entity-field",
        "key": "00000000000000010000000000000007:LogicTransform.localPosition=10.25,1.5,29"
      },
      {
        "category": "entity-field",
        "key": "00000000000000010000000000000007:LogicTransform.localPosition=9,1.5,29"
      },
      {
        "category": "entity-field",
        "key": "00000000000000010000000000000007:LogicTransform.localPosition=7.75,1.5,29"
      },
      {
        "category": "entity-field",
        "key": "00000000000000010000000000000007:LogicTransform.localPosition=6.5,1.5,29"
      },
      {
        "category": "entity-field",
        "key": "00000000000000010000000000000007:LogicTransform.localPosition=5.25,1.5,29"
      },
      {
        "category": "entity-field",
        "key": "00000000000000010000000000000007:LogicTransform.localPosition=5.25,1.5,27.75"
      },
      {
        "category": "entity-field",
        "key": "00000000000000010000000000000007:LogicTransform.localPosition=5.25,1.5,26.5"
      },
      {
        "category": "entity-field",
        "key": "00000000000000010000000000000007:LogicTransform.localPosition=5.25,1.5,25.25"
      },
      {
        "category": "entity-field",
        "key": "00000000000000010000000000000007:LogicTransform.localPosition=5.25,1.5,24"
      },
      {
        "category": "entity-field",
        "key": "00000000000000010000000000000007:LogicTransform.localPosition=5.25,1.5,22.75"
      },
      {
        "category": "entity-field",
        "key": "00000000000000010000000000000007:LogicTransform.localPosition=5.25,1.5,21.5"
      },
      {
        "category": "entity-field",
        "key": "00000000000000010000000000000007:LogicTransform.localPosition=5.25,1.5,20.25"
      },
      {
        "category": "entity-field",
        "key": "00000000000000010000000000000007:LogicTransform.localPosition=5.25,1.5,19"
      },
      {
        "category": "entity-field",
        "key": "00000000000000010000000000000007:LogicTransform.localPosition=5.25,1.5,17.75"
      },
      {
        "category": "entity-field",
        "key": "00000000000000010000000000000007:LogicTransform.localPosition=5.25,1.5,16.5"
      },
      {
        "category": "entity-field",
        "key": "00000000000000010000000000000007:LogicTransform.localPosition=5.25,1.5,15.25"
      },
      {
        "category": "entity-field",
        "key": "00000000000000010000000000000007:LogicTransform.localPosition=5.25,1.5,14"
      },
      {
        "category": "entity-field",
        "key": "00000000000000010000000000000007:LogicTransform.localPosition=5.25,1.5,12.75"
      },
      {
        "category": "entity-field",
        "key": "00000000000000010000000000000007:LogicTransform.localPosition=5.25,1.5,11.5"
      },
      {
        "category": "entity-field",
        "key": "00000000000000010000000000000007:LogicTransform.localPosition=5.25,1.5,10.25"
      },
      {
        "category": "entity-field",
        "key": "00000000000000010000000000000007:LogicTransform.localPosition=5.25,1.5,9"
      },
      {
        "category": "entity-field",
        "key": "00000000000000010000000000000007:LogicTransform.localPosition=5.25,1.5,7.75"
      },
      {
        "category": "entity-field",
        "key": "00000000000000010000000000000007:LogicTransform.localPosition=5.25,1.5,6.5"
      },
      {
        "category": "entity-field",
        "key": "00000000000000010000000000000007:LogicTransform.localPosition=5.25,1.5,5.25"
      },
      {
        "category": "entity-field",
        "key": "00000000000000010000000000000007:LogicTransform.localPosition=6.5,1.5,5.25"
      },
      {
        "category": "entity-field",
        "key": "00000000000000010000000000000007:LogicTransform.localPosition=7.75,1.5,5.25"
      },
      {
        "category": "entity-field",
        "key": "00000000000000010000000000000007:LogicTransform.localPosition=9,1.5,5.25"
      },
      {
        "category": "entity-field",
        "key": "00000000000000010000000000000007:LogicTransform.localPosition=10.25,1.5,5.25"
      },
      {
        "category": "entity-field",
        "key": "00000000000000010000000000000007:LogicTransform.localPosition=11.5,1.5,5.25"
      },
      {
        "category": "entity-field",
        "key": "00000000000000010000000000000007:LogicTransform.localPosition=12.75,1.5,5.25"
      },
      {
        "category": "entity-field",
        "key": "00000000000000010000000000000007:LogicTransform.localPosition=14,1.5,5.25"
      },
      {
        "category": "entity-field",
        "key": "00000000000000010000000000000007:LogicTransform.localPosition=15.25,1.5,5.25"
      },
      {
        "category": "entity-field",
        "key": "00000000000000010000000000000007:LogicTransform.localPosition=16.5,1.5,5.25"
      },
      {
        "category": "entity-field",
        "key": "00000000000000010000000000000007:LogicTransform.localPosition=17.75,1.5,5.25"
      },
      {
        "category": "entity-field",
        "key": "00000000000000010000000000000007:LogicTransform.localPosition=19,1.5,5.25"
      },
      {
        "category": "entity-field",
        "key": "00000000000000010000000000000007:LogicTransform.localPosition=20.25,1.5,5.25"
      },
      {
        "category": "entity-field",
        "key": "00000000000000010000000000000007:LogicTransform.localPosition=21.5,1.5,5.25"
      },
      {
        "category": "entity-field",
        "key": "00000000000000010000000000000007:LogicTransform.localPosition=22.75,1.5,5.25"
      },
      {
        "category": "entity-field",
        "key": "00000000000000010000000000000007:LogicTransform.localPosition=24,1.5,5.25"
      },
      {
        "category": "entity-field",
        "key": "00000000000000010000000000000007:LogicTransform.localPosition=25.25,1.5,5.25"
      },
      {
        "category": "entity-field",
        "key": "00000000000000010000000000000007:LogicTransform.localPosition=26.5,1.5,5.25"
      },
      {
        "category": "entity-field",
        "key": "00000000000000010000000000000007:LogicTransform.localPosition=27.75,1.5,5.25"
      },
      {
        "category": "entity-field",
        "key": "00000000000000010000000000000007:LogicTransform.localPosition=29,1.5,5.25"
      },
      {
        "category": "entity-field",
        "key": "00000000000000010000000000000007:LogicTransform.localPosition=29,1.5,6.5"
      },
      {
        "category": "entity-field",
        "key": "00000000000000010000000000000007:LogicTransform.localPosition=29,1.5,7.75"
      },
      {
        "category": "entity-field",
        "key": "00000000000000010000000000000007:LogicTransform.localPosition=29,1.5,9"
      },
      {
        "category": "entity-field",
        "key": "00000000000000010000000000000007:LogicTransform.localPosition=29,1.5,10.25"
      },
      {
        "category": "entity-field",
        "key": "00000000000000010000000000000007:LogicTransform.localPosition=29,1.5,11.5"
      },
      {
        "category": "entity-field",
        "key": "00000000000000010000000000000007:LogicTransform.localPosition=29,1.5,12.75"
      },
      {
        "category": "entity-field",
        "key": "00000000000000010000000000000007:LogicTransform.localPosition=29,1.5,14"
      },
      {
        "category": "entity-field",
        "key": "00000000000000010000000000000007:LogicTransform.localPosition=29,1.5,15.25"
      },
      {
        "category": "entity-field",
        "key": "00000000000000010000000000000007:LogicTransform.localPosition=29,1.5,16.5"
      },
      {
        "category": "entity-field",
        "key": "00000000000000010000000000000007:LogicTransform.localPosition=29,1.5,17.75"
      },
      {
        "category": "entity-field",
        "key": "00000000000000010000000000000007:LogicTransform.localPosition=29,1.5,19"
      },
      {
        "category": "entity-field",
        "key": "00000000000000010000000000000007:LogicTransform.localPosition=29,1.5,20.25"
      },
      {
        "category": "entity-field",
        "key": "00000000000000010000000000000007:LogicTransform.localPosition=29,1.5,21.5"
      },
      {
        "category": "entity-field",
        "key": "00000000000000010000000000000007:LogicTransform.localPosition=29,1.5,22.75"
      },
      {
        "category": "entity-field",
        "key": "00000000000000010000000000000007:LogicTransform.localPosition=29,1.5,24"
      },
      {
        "category": "entity-field",
        "key": "00000000000000010000000000000007:LogicTransform.localPosition=29,1.5,25.25"
      },
      {
        "category": "entity-field",
        "key": "00000000000000010000000000000007:LogicTransform.localPosition=29,1.5,26.5"
      },
      {
        "category": "entity-field",
        "key": "00000000000000010000000000000007:LogicTransform.localPosition=29,1.5,27.75"
      },
      {
        "category": "entity-field",
        "key": "00000000000000010000000000000007:LogicTransform.localPosition=29,1.5,29"
      },
      {
        "category": "entity-field",
        "key": "00000000000000010000000000000007:LogicTransform.localPosition=29,1.5,30.25"
      },
      {
        "category": "entity-field",
        "key": "00000000000000010000000000000007:LogicTransform.localPosition=27.75,1.5,30.25"
      },
      {
        "category": "entity-field",
        "key": "00000000000000010000000000000007:LogicTransform.localPosition=26.5,1.5,30.25"
      },
      {
        "category": "entity-field",
        "key": "00000000000000010000000000000007:LogicTransform.localPosition=25.25,1.5,30.25"
      },
      {
        "category": "entity-field",
        "key": "00000000000000010000000000000007:LogicTransform.localPosition=24,1.5,30.25"
      },
      {
        "category": "entity-field",
        "key": "00000000000000010000000000000007:LogicTransform.localPosition=22.75,1.5,30.25"
      },
      {
        "category": "entity-field",
        "key": "00000000000000010000000000000007:LogicTransform.localPosition=21.5,1.5,30.25"
      },
      {
        "category": "entity-field",
        "key": "00000000000000010000000000000007:LogicTransform.localPosition=20.25,1.5,30.25"
      },
      {
        "category": "entity-field",
        "key": "00000000000000010000000000000007:LogicTransform.localPosition=19,1.5,30.25"
      },
      {
        "category": "entity-field",
        "key": "00000000000000010000000000000007:LogicTransform.localPosition=17.75,1.5,30.25"
      },
      {
        "category": "entity-field",
        "key": "00000000000000010000000000000007:LogicTransform.localPosition=16.5,1.5,30.25"
      },
      {
        "category": "entity-field",
        "key": "00000000000000010000000000000007:LogicTransform.localPosition=15.25,1.5,30.25"
      },
      {
        "category": "entity-field",
        "key": "00000000000000010000000000000007:LogicTransform.localPosition=14,1.5,30.25"
      },
      {
        "category": "entity-field",
        "key": "00000000000000010000000000000007:LogicTransform.localPosition=12.75,1.5,30.25"
      },
      {
        "category": "entity-field",
        "key": "00000000000000010000000000000007:LogicTransform.localPosition=11.5,1.5,30.25"
      },
      {
        "category": "entity-field",
        "key": "00000000000000010000000000000007:LogicTransform.localPosition=10.25,1.5,30.25"
      },
      {
        "category": "entity-field",
        "key": "00000000000000010000000000000007:LogicTransform.localPosition=9,1.5,30.25"
      },
      {
        "category": "entity-field",
        "key": "00000000000000010000000000000007:LogicTransform.localPosition=7.75,1.5,30.25"
      },
      {
        "category": "entity-field",
        "key": "00000000000000010000000000000007:LogicTransform.localPosition=6.5,1.5,30.25"
      },
      {
        "category": "entity-field",
        "key": "00000000000000010000000000000007:LogicTransform.localPosition=5.25,1.5,30.25"
      },
      {
        "category": "entity-field",
        "key": "00000000000000010000000000000007:LogicTransform.localPosition=4,1.5,30.25"
      },
      {
        "category": "entity-field",
        "key": "00000000000000010000000000000007:LogicTransform.localPosition=4,1.5,29"
      },
      {
        "category": "entity-field",
        "key": "00000000000000010000000000000007:LogicTransform.localPosition=4,1.5,27.75"
      },
      {
        "category": "entity-field",
        "key": "00000000000000010000000000000007:LogicTransform.localPosition=4,1.5,26.5"
      },
      {
        "category": "entity-field",
        "key": "00000000000000010000000000000007:LogicTransform.localPosition=4,1.5,25.25"
      },
      {
        "category": "entity-field",
        "key": "00000000000000010000000000000007:LogicTransform.localPosition=4,1.5,24"
      },
      {
        "category": "entity-field",
        "key": "00000000000000010000000000000007:LogicTransform.localPosition=4,1.5,22.75"
      },
      {
        "category": "entity-field",
        "key": "00000000000000010000000000000007:LogicTransform.localPosition=4,1.5,21.5"
      },
      {
        "category": "entity-field",
        "key": "00000000000000010000000000000007:LogicTransform.localPosition=4,1.5,20.25"
      },
      {
        "category": "entity-field",
        "key": "00000000000000010000000000000007:LogicTransform.localPosition=4,1.5,19"
      },
      {
        "category": "entity-field",
        "key": "00000000000000010000000000000007:LogicTransform.localPosition=4,1.5,17.75"
      },
      {
        "category": "entity-field",
        "key": "00000000000000010000000000000007:LogicTransform.localPosition=4,1.5,16.5"
      },
      {
        "category": "entity-field",
        "key": "00000000000000010000000000000007:LogicTransform.localPosition=4,1.5,15.25"
      },
      {
        "category": "entity-field",
        "key": "00000000000000010000000000000007:LogicTransform.localPosition=4,1.5,14"
      },
      {
        "category": "entity-field",
        "key": "00000000000000010000000000000007:LogicTransform.localPosition=4,1.5,12.75"
      },
      {
        "category": "entity-field",
        "key": "00000000000000010000000000000007:LogicTransform.localPosition=4,1.5,11.5"
      },
      {
        "category": "entity-field",
        "key": "00000000000000010000000000000007:LogicTransform.localPosition=4,1.5,10.25"
      },
      {
        "category": "entity-field",
        "key": "00000000000000010000000000000007:LogicTransform.localPosition=4,1.5,9"
      },
      {
        "category": "entity-field",
        "key": "00000000000000010000000000000007:LogicTransform.localPosition=4,1.5,7.75"
      },
      {
        "category": "entity-field",
        "key": "00000000000000010000000000000007:LogicTransform.localPosition=4,1.5,6.5"
      },
      {
        "category": "entity-field",
        "key": "00000000000000010000000000000007:LogicTransform.localPosition=4,1.5,5.25"
      },
      {
        "category": "entity-field",
        "key": "00000000000000010000000000000007:LogicTransform.localPosition=4,1.5,4"
      },
      {
        "category": "entity-field",
        "key": "00000000000000010000000000000007:LogicTransform.localPosition=5.25,1.5,4"
      },
      {
        "category": "entity-field",
        "key": "00000000000000010000000000000007:LogicTransform.localPosition=6.5,1.5,4"
      },
      {
        "category": "entity-field",
        "key": "00000000000000010000000000000007:LogicTransform.localPosition=7.75,1.5,4"
      },
      {
        "category": "entity-field",
        "key": "00000000000000010000000000000007:LogicTransform.localPosition=9,1.5,4"
      },
      {
        "category": "entity-field",
        "key": "00000000000000010000000000000007:LogicTransform.localPosition=10.25,1.5,4"
      },
      {
        "category": "entity-field",
        "key": "00000000000000010000000000000007:LogicTransform.localPosition=11.5,1.5,4"
      },
      {
        "category": "entity-field",
        "key": "00000000000000010000000000000007:LogicTransform.localPosition=12.75,1.5,4"
      },
      {
        "category": "entity-field",
        "key": "00000000000000010000000000000007:LogicTransform.localPosition=14,1.5,4"
      },
      {
        "category": "entity-field",
        "key": "00000000000000010000000000000007:LogicTransform.localPosition=15.25,1.5,4"
      },
      {
        "category": "entity-field",
        "key": "00000000000000010000000000000007:LogicTransform.localPosition=16.5,1.5,4"
      },
      {
        "category": "entity-field",
        "key": "00000000000000010000000000000007:LogicTransform.localPosition=17.75,1.5,4"
      },
      {
        "category": "entity-field",
        "key": "00000000000000010000000000000007:LogicTransform.localPosition=19,1.5,4"
      },
      {
        "category": "entity-field",
        "key": "00000000000000010000000000000007:LogicTransform.localPosition=20.25,1.5,4"
      },
      {
        "category": "entity-field",
        "key": "00000000000000010000000000000007:LogicTransform.localPosition=21.5,1.5,4"
      },
      {
        "category": "entity-field",
        "key": "00000000000000010000000000000007:LogicTransform.localPosition=22.75,1.5,4"
      },
      {
        "category": "entity-field",
        "key": "00000000000000010000000000000007:LogicTransform.localPosition=24,1.5,4"
      },
      {
        "category": "entity-field",
        "key": "00000000000000010000000000000007:LogicTransform.localPosition=25.25,1.5,4"
      },
      {
        "category": "entity-field",
        "key": "00000000000000010000000000000007:LogicTransform.localPosition=26.5,1.5,4"
      },
      {
        "category": "entity-field",
        "key": "00000000000000010000000000000007:LogicTransform.localPosition=27.75,1.5,4"
      },
      {
        "category": "entity-field",
        "key": "00000000000000010000000000000007:LogicTransform.localPosition=29,1.5,4"
      },
      {
        "category": "entity-field",
        "key": "00000000000000010000000000000007:LogicTransform.localPosition=30.25,1.5,4"
      },
      {
        "category": "entity-field",
        "key": "00000000000000010000000000000007:LogicTransform.localPosition=30.25,1.5,5.25"
      },
      {
        "category": "entity-field",
        "key": "00000000000000010000000000000007:LogicTransform.localPosition=30.25,1.5,6.5"
      },
      {
        "category": "entity-field",
        "key": "00000000000000010000000000000007:LogicTransform.localPosition=30.25,1.5,7.75"
      },
      {
        "category": "entity-field",
        "key": "00000000000000010000000000000007:LogicTransform.localPosition=30.25,1.5,9"
      },
      {
        "category": "entity-field",
        "key": "00000000000000010000000000000007:LogicTransform.localPosition=30.25,1.5,10.25"
      },
      {
        "category": "entity-field",
        "key": "00000000000000010000000000000007:LogicTransform.localPosition=30.25,1.5,11.5"
      },
      {
        "category": "entity-field",
        "key": "00000000000000010000000000000007:LogicTransform.localPosition=30.25,1.5,12.75"
      },
      {
        "category": "entity-field",
        "key": "00000000000000010000000000000007:LogicTransform.localPosition=30.25,1.5,14"
      },
      {
        "category": "entity-field",
        "key": "00000000000000010000000000000007:LogicTransform.localPosition=30.25,1.5,15.25"
      },
      {
        "category": "entity-field",
        "key": "00000000000000010000000000000007:LogicTransform.localPosition=30.25,1.5,16.5"
      },
      {
        "category": "entity-field",
        "key": "00000000000000010000000000000007:LogicTransform.localPosition=30.25,1.5,17.75"
      },
      {
        "category": "entity-field",
        "key": "00000000000000010000000000000007:LogicTransform.localPosition=30.25,1.5,19"
      },
      {
        "category": "entity-field",
        "key": "00000000000000010000000000000007:LogicTransform.localPosition=30.25,1.5,20.25"
      },
      {
        "category": "entity-field",
        "key": "00000000000000010000000000000007:LogicTransform.localPosition=30.25,1.5,21.5"
      },
      {
        "category": "entity-field",
        "key": "00000000000000010000000000000007:LogicTransform.localPosition=30.25,1.5,22.75"
      },
      {
        "category": "entity-field",
        "key": "00000000000000010000000000000007:LogicTransform.localPosition=30.25,1.5,24"
      },
      {
        "category": "entity-field",
        "key": "00000000000000010000000000000007:LogicTransform.localPosition=30.25,1.5,25.25"
      },
      {
        "category": "entity-field",
        "key": "00000000000000010000000000000007:LogicTransform.localPosition=30.25,1.5,26.5"
      },
      {
        "category": "entity-field",
        "key": "00000000000000010000000000000007:LogicTransform.localPosition=30.25,1.5,27.75"
      },
      {
        "category": "entity-field",
        "key": "00000000000000010000000000000007:LogicTransform.localPosition=30.25,1.5,29"
      },
      {
        "category": "entity-field",
        "key": "00000000000000010000000000000007:LogicTransform.localPosition=30.25,1.5,30.25"
      },
      {
        "category": "entity-field",
        "key": "00000000000000010000000000000007:LogicTransform.localPosition=30.25,1.5,30.65"
      },
      {
        "category": "entity-field",
        "key": "00000000000000010000000000000007:LogicTransform.localPosition=29,1.5,30.65"
      },
      {
        "category": "entity-field",
        "key": "00000000000000010000000000000007:LogicTransform.localPosition=27.75,1.5,30.65"
      },
      {
        "category": "entity-field",
        "key": "00000000000000010000000000000007:LogicTransform.localPosition=26.5,1.5,30.65"
      },
      {
        "category": "entity-field",
        "key": "00000000000000010000000000000007:LogicTransform.localPosition=25.25,1.5,30.65"
      },
      {
        "category": "entity-field",
        "key": "00000000000000010000000000000007:LogicTransform.localPosition=24,1.5,30.65"
      },
      {
        "category": "entity-field",
        "key": "00000000000000010000000000000007:LogicTransform.localPosition=22.75,1.5,30.65"
      },
      {
        "category": "entity-field",
        "key": "00000000000000010000000000000007:LogicTransform.localPosition=21.5,1.5,30.65"
      },
      {
        "category": "entity-field",
        "key": "00000000000000010000000000000007:LogicTransform.localPosition=20.25,1.5,30.65"
      },
      {
        "category": "entity-field",
        "key": "00000000000000010000000000000007:LogicTransform.localPosition=19,1.5,30.65"
      },
      {
        "category": "entity-field",
        "key": "00000000000000010000000000000007:LogicTransform.localPosition=17.75,1.5,30.65"
      },
      {
        "category": "entity-field",
        "key": "00000000000000010000000000000007:LogicTransform.localPosition=16.5,1.5,30.65"
      },
      {
        "category": "entity-field",
        "key": "00000000000000010000000000000007:LogicTransform.localPosition=15.25,1.5,30.65"
      },
      {
        "category": "entity-field",
        "key": "00000000000000010000000000000007:LogicTransform.localPosition=14,1.5,30.65"
      },
      {
        "category": "entity-field",
        "key": "00000000000000010000000000000007:LogicTransform.localPosition=12.75,1.5,30.65"
      },
      {
        "category": "entity-field",
        "key": "00000000000000010000000000000007:LogicTransform.localPosition=11.5,1.5,30.65"
      },
      {
        "category": "entity-field",
        "key": "00000000000000010000000000000007:LogicTransform.localPosition=10.25,1.5,30.65"
      },
      {
        "category": "entity-field",
        "key": "00000000000000010000000000000007:LogicTransform.localPosition=9,1.5,30.65"
      },
      {
        "category": "entity-field",
        "key": "00000000000000010000000000000007:LogicTransform.localPosition=7.75,1.5,30.65"
      },
      {
        "category": "entity-field",
        "key": "00000000000000010000000000000007:LogicTransform.localPosition=6.5,1.5,30.65"
      },
      {
        "category": "entity-field",
        "key": "00000000000000010000000000000007:LogicTransform.localPosition=5.25,1.5,30.65"
      },
      {
        "category": "entity-field",
        "key": "00000000000000010000000000000007:LogicTransform.localPosition=4,1.5,30.65"
      },
      {
        "category": "entity-field",
        "key": "00000000000000010000000000000007:LogicTransform.localPosition=2.75,1.5,30.65"
      },
      {
        "category": "entity-field",
        "key": "00000000000000010000000000000007:LogicTransform.localPosition=2.75,1.5,29.4"
      },
      {
        "category": "entity-field",
        "key": "00000000000000010000000000000007:LogicTransform.localPosition=2.75,1.5,28.15"
      },
      {
        "category": "entity-field",
        "key": "00000000000000010000000000000007:LogicTransform.localPosition=2.75,1.5,26.9"
      },
      {
        "category": "entity-field",
        "key": "00000000000000010000000000000007:LogicTransform.localPosition=2.75,1.5,25.65"
      },
      {
        "category": "entity-field",
        "key": "00000000000000010000000000000007:LogicTransform.localPosition=2.75,1.5,24.4"
      },
      {
        "category": "entity-field",
        "key": "00000000000000010000000000000007:LogicTransform.localPosition=2.75,1.5,23.15"
      },
      {
        "category": "entity-field",
        "key": "00000000000000010000000000000007:LogicTransform.localPosition=2.75,1.5,21.9"
      },
      {
        "category": "entity-field",
        "key": "00000000000000010000000000000007:LogicTransform.localPosition=2.75,1.5,20.65"
      },
      {
        "category": "entity-field",
        "key": "00000000000000010000000000000007:LogicTransform.localPosition=2.75,1.5,19.4"
      },
      {
        "category": "entity-field",
        "key": "00000000000000010000000000000007:LogicTransform.localPosition=2.75,1.5,18.15"
      },
      {
        "category": "entity-field",
        "key": "00000000000000010000000000000007:LogicTransform.localPosition=2.75,1.5,16.9"
      },
      {
        "category": "entity-field",
        "key": "00000000000000010000000000000007:LogicTransform.localPosition=2.75,1.5,15.65"
      },
      {
        "category": "entity-field",
        "key": "00000000000000010000000000000007:LogicTransform.localPosition=2.75,1.5,14.4"
      },
      {
        "category": "entity-field",
        "key": "00000000000000010000000000000007:LogicTransform.localPosition=2.75,1.5,13.15"
      },
      {
        "category": "entity-field",
        "key": "00000000000000010000000000000007:LogicTransform.localPosition=2.75,1.5,11.9"
      },
      {
        "category": "entity-field",
        "key": "00000000000000010000000000000007:LogicTransform.localPosition=2.75,1.5,10.65"
      },
      {
        "category": "entity-field",
        "key": "00000000000000010000000000000007:LogicTransform.localPosition=2.75,1.5,9.4"
      },
      {
        "category": "entity-field",
        "key": "00000000000000010000000000000007:LogicTransform.localPosition=2.75,1.5,8.15"
      },
      {
        "category": "entity-field",
        "key": "00000000000000010000000000000007:LogicTransform.localPosition=2.75,1.5,6.8999996"
      },
      {
        "category": "entity-field",
        "key": "00000000000000010000000000000007:LogicTransform.localPosition=2.75,1.5,5.6499996"
      },
      {
        "category": "entity-field",
        "key": "00000000000000010000000000000007:LogicTransform.localPosition=2.75,1.5,4.3999996"
      },
      {
        "category": "entity-field",
        "key": "00000000000000010000000000000007:LogicTransform.localPosition=2.75,1.5,3.1499996"
      },
      {
        "category": "entity-field",
        "key": "00000000000000010000000000000005:VeinReserveComponent.remaining=5"
      },
      {
        "category": "entity-field",
        "key": "00000000000000010000000000000007:AttributeComponent.staminaCurrent=87"
      },
      {
        "category": "entity-field",
        "key": "00000000000000010000000000000005:VeinReserveComponent.remaining=4"
      },
      {
        "category": "entity-field",
        "key": "00000000000000010000000000000007:AttributeComponent.staminaCurrent=74"
      },
      {
        "category": "entity-field",
        "key": "00000000000000010000000000000005:VeinReserveComponent.remaining=3"
      },
      {
        "category": "entity-field",
        "key": "00000000000000010000000000000007:AttributeComponent.staminaCurrent=61"
      },
      {
        "category": "entity-field",
        "key": "00000000000000010000000000000005:VeinReserveComponent.remaining=2"
      },
      {
        "category": "entity-field",
        "key": "00000000000000010000000000000007:AttributeComponent.staminaCurrent=48"
      },
      {
        "category": "entity-field",
        "key": "00000000000000010000000000000005:VeinReserveComponent.remaining=1"
      },
      {
        "category": "entity-field",
        "key": "00000000000000010000000000000007:AttributeComponent.staminaCurrent=35"
      },
      {
        "category": "entity-destroy",
        "key": "-00000000000000010000000000000005"
      },
      {
        "category": "entity-create",
        "key": "+00000000000000010000000000000008:oreDrop"
      },
      {
        "category": "entity-create",
        "key": "+00000000000000010000000000000008:LogicTransform.localPosition=2.5,0.5,2.5"
      },
      {
        "category": "entity-create",
        "key": "+00000000000000010000000000000008:LogicTransform.localRotation=0,0,0,1"
      },
      {
        "category": "entity-create",
        "key": "+00000000000000010000000000000008:LogicTransform.parent="
      },
      {
        "category": "entity-create",
        "key": "+00000000000000010000000000000008:LogicTransform.teleportId="
      },
      {
        "category": "entity-create",
        "key": "+00000000000000010000000000000008:OrePileComponent.amount=4"
      },
      {
        "category": "entity-field",
        "key": "00000000000000010000000000000008:LogicTransform.localPosition=2.5,0.5,2.5"
      },
      {
        "category": "entity-field",
        "key": "00000000000000010000000000000007:AttributeComponent.staminaCurrent=22"
      },
      {
        "category": "entity-field",
        "key": "00000000000000010000000000000007:AttributeComponent.oreCurrent=13"
      },
      {
        "category": "entity-destroy",
        "key": "-00000000000000010000000000000008"
      },
      {
        "category": "rpc-delivery",
        "key": "{\"appliedTick\":4193,\"args\":[\"7069636b75702d6f7265\",\"34\",\"66616c7365\",\"38\"],\"componentId\":\"EffectComponent\",\"messageId\":2,\"method\":\"OnFx\",\"roomSequence\":2,\"scope\":\"aoi\",\"sender\":\"00000000000000010000000000000007\",\"target\":\"00000000000000010000000000000007\"}"
      }
    ],
    "worldEventOrder": [
      {
        "category": "entity-create",
        "key": "+00000000000000010000000000000001:world"
      },
      {
        "category": "entity-create",
        "key": "+00000000000000010000000000000001:WorldSaveComponent.tickRate=20"
      },
      {
        "category": "entity-create",
        "key": "+00000000000000010000000000000006:player"
      },
      {
        "category": "entity-create",
        "key": "+00000000000000010000000000000006:IdentityComponent.name="
      },
      {
        "category": "entity-create",
        "key": "+00000000000000010000000000000006:IdentityComponent.colorHue=0"
      },
      {
        "category": "entity-create",
        "key": "+00000000000000010000000000000006:LogicTransform.localPosition=16.5,1.5,16.5"
      },
      {
        "category": "entity-create",
        "key": "+00000000000000010000000000000006:LogicTransform.localRotation=0,0,0,1"
      },
      {
        "category": "entity-create",
        "key": "+00000000000000010000000000000006:LogicTransform.parent="
      },
      {
        "category": "entity-create",
        "key": "+00000000000000010000000000000006:LogicTransform.teleportId="
      },
      {
        "category": "entity-create",
        "key": "+00000000000000010000000000000006:AttributeComponent.OreBase=9"
      },
      {
        "category": "entity-create",
        "key": "+00000000000000010000000000000006:AttributeComponent.OreCurrent=9"
      },
      {
        "category": "entity-create",
        "key": "+00000000000000010000000000000006:AttributeComponent.StaminaBase=100"
      },
      {
        "category": "entity-create",
        "key": "+00000000000000010000000000000006:AttributeComponent.StaminaCurrent=100"
      },
      {
        "category": "entity-create",
        "key": "+00000000000000010000000000000002:vein"
      },
      {
        "category": "entity-create",
        "key": "+00000000000000010000000000000002:VeinReserveComponent.remaining=6"
      },
      {
        "category": "entity-create",
        "key": "+00000000000000010000000000000003:vein"
      },
      {
        "category": "entity-create",
        "key": "+00000000000000010000000000000003:VeinReserveComponent.remaining=6"
      },
      {
        "category": "entity-create",
        "key": "+00000000000000010000000000000004:vein"
      },
      {
        "category": "entity-create",
        "key": "+00000000000000010000000000000004:VeinReserveComponent.remaining=6"
      },
      {
        "category": "entity-create",
        "key": "+00000000000000010000000000000005:vein"
      },
      {
        "category": "entity-create",
        "key": "+00000000000000010000000000000005:VeinReserveComponent.remaining=6"
      },
      {
        "category": "entity-field",
        "key": "00000000000000010000000000000006:AttributeComponent.staminaBase=100"
      },
      {
        "category": "entity-field",
        "key": "00000000000000010000000000000006:AttributeComponent.staminaCurrent=100"
      },
      {
        "category": "entity-field",
        "key": "00000000000000010000000000000006:AttributeComponent.oreBase=9"
      },
      {
        "category": "entity-field",
        "key": "00000000000000010000000000000006:AttributeComponent.oreCurrent=9"
      },
      {
        "category": "entity-field",
        "key": "00000000000000010000000000000006:LogicTransform.localPosition=16.5,1.5,16.5"
      },
      {
        "category": "entity-create",
        "key": "+00000000000000010000000000000007:player"
      },
      {
        "category": "entity-create",
        "key": "+00000000000000010000000000000007:IdentityComponent.name="
      },
      {
        "category": "entity-create",
        "key": "+00000000000000010000000000000007:IdentityComponent.colorHue=105"
      },
      {
        "category": "entity-create",
        "key": "+00000000000000010000000000000007:LogicTransform.localPosition=16.5,1.5,16.5"
      },
      {
        "category": "entity-create",
        "key": "+00000000000000010000000000000007:LogicTransform.localRotation=0,0,0,1"
      },
      {
        "category": "entity-create",
        "key": "+00000000000000010000000000000007:LogicTransform.parent="
      },
      {
        "category": "entity-create",
        "key": "+00000000000000010000000000000007:LogicTransform.teleportId="
      },
      {
        "category": "entity-create",
        "key": "+00000000000000010000000000000007:AttributeComponent.OreCurrent=9"
      },
      {
        "category": "entity-create",
        "key": "+00000000000000010000000000000007:AttributeComponent.StaminaCurrent=100"
      },
      {
        "category": "entity-field",
        "key": "00000000000000010000000000000007:AttributeComponent.staminaCurrent=100"
      },
      {
        "category": "entity-field",
        "key": "00000000000000010000000000000007:AttributeComponent.oreCurrent=9"
      },
      {
        "category": "entity-field",
        "key": "00000000000000010000000000000007:LogicTransform.localPosition=16.5,1.5,16.5"
      },
      {
        "category": "entity-field",
        "key": "00000000000000010000000000000007:IdentityComponent.colorHue=105"
      },
      {
        "category": "entity-field",
        "key": "00000000000000010000000000000007:LogicTransform.localPosition=17.75,1.5,16.5"
      },
      {
        "category": "entity-field",
        "key": "00000000000000010000000000000007:LogicTransform.localPosition=17.75,1.5,17.75"
      },
      {
        "category": "entity-field",
        "key": "00000000000000010000000000000007:LogicTransform.localPosition=17.75,1.5,19"
      },
      {
        "category": "entity-field",
        "key": "00000000000000010000000000000007:LogicTransform.localPosition=16.5,1.5,19"
      },
      {
        "category": "entity-field",
        "key": "00000000000000010000000000000007:LogicTransform.localPosition=15.25,1.5,19"
      },
      {
        "category": "entity-field",
        "key": "00000000000000010000000000000007:LogicTransform.localPosition=15.25,1.5,17.75"
      },
      {
        "category": "entity-field",
        "key": "00000000000000010000000000000007:LogicTransform.localPosition=15.25,1.5,16.5"
      },
      {
        "category": "entity-field",
        "key": "00000000000000010000000000000007:LogicTransform.localPosition=15.25,1.5,15.25"
      },
      {
        "category": "entity-field",
        "key": "00000000000000010000000000000007:LogicTransform.localPosition=16.5,1.5,15.25"
      },
      {
        "category": "entity-field",
        "key": "00000000000000010000000000000007:LogicTransform.localPosition=17.75,1.5,15.25"
      },
      {
        "category": "entity-field",
        "key": "00000000000000010000000000000007:LogicTransform.localPosition=19,1.5,15.25"
      },
      {
        "category": "entity-field",
        "key": "00000000000000010000000000000007:LogicTransform.localPosition=19,1.5,16.5"
      },
      {
        "category": "entity-field",
        "key": "00000000000000010000000000000007:LogicTransform.localPosition=19,1.5,17.75"
      },
      {
        "category": "entity-field",
        "key": "00000000000000010000000000000007:LogicTransform.localPosition=19,1.5,19"
      },
      {
        "category": "entity-field",
        "key": "00000000000000010000000000000007:LogicTransform.localPosition=19,1.5,20.25"
      },
      {
        "category": "entity-field",
        "key": "00000000000000010000000000000007:LogicTransform.localPosition=17.75,1.5,20.25"
      },
      {
        "category": "entity-field",
        "key": "00000000000000010000000000000007:LogicTransform.localPosition=16.5,1.5,20.25"
      },
      {
        "category": "entity-field",
        "key": "00000000000000010000000000000007:LogicTransform.localPosition=15.25,1.5,20.25"
      },
      {
        "category": "entity-field",
        "key": "00000000000000010000000000000007:LogicTransform.localPosition=14,1.5,20.25"
      },
      {
        "category": "entity-field",
        "key": "00000000000000010000000000000007:LogicTransform.localPosition=14,1.5,19"
      },
      {
        "category": "entity-field",
        "key": "00000000000000010000000000000007:LogicTransform.localPosition=14,1.5,17.75"
      },
      {
        "category": "entity-field",
        "key": "00000000000000010000000000000007:LogicTransform.localPosition=14,1.5,16.5"
      },
      {
        "category": "entity-field",
        "key": "00000000000000010000000000000007:LogicTransform.localPosition=14,1.5,15.25"
      },
      {
        "category": "entity-field",
        "key": "00000000000000010000000000000007:LogicTransform.localPosition=14,1.5,14"
      },
      {
        "category": "entity-field",
        "key": "00000000000000010000000000000007:LogicTransform.localPosition=15.25,1.5,14"
      },
      {
        "category": "entity-field",
        "key": "00000000000000010000000000000007:LogicTransform.localPosition=16.5,1.5,14"
      },
      {
        "category": "entity-field",
        "key": "00000000000000010000000000000007:LogicTransform.localPosition=17.75,1.5,14"
      },
      {
        "category": "entity-field",
        "key": "00000000000000010000000000000007:LogicTransform.localPosition=19,1.5,14"
      },
      {
        "category": "entity-field",
        "key": "00000000000000010000000000000007:LogicTransform.localPosition=20.25,1.5,14"
      },
      {
        "category": "entity-field",
        "key": "00000000000000010000000000000007:LogicTransform.localPosition=20.25,1.5,15.25"
      },
      {
        "category": "entity-field",
        "key": "00000000000000010000000000000007:LogicTransform.localPosition=20.25,1.5,16.5"
      },
      {
        "category": "entity-field",
        "key": "00000000000000010000000000000007:LogicTransform.localPosition=20.25,1.5,17.75"
      },
      {
        "category": "entity-field",
        "key": "00000000000000010000000000000007:LogicTransform.localPosition=20.25,1.5,19"
      },
      {
        "category": "entity-field",
        "key": "00000000000000010000000000000007:LogicTransform.localPosition=20.25,1.5,20.25"
      },
      {
        "category": "entity-field",
        "key": "00000000000000010000000000000007:LogicTransform.localPosition=20.25,1.5,21.5"
      },
      {
        "category": "entity-field",
        "key": "00000000000000010000000000000007:LogicTransform.localPosition=19,1.5,21.5"
      },
      {
        "category": "entity-field",
        "key": "00000000000000010000000000000007:LogicTransform.localPosition=17.75,1.5,21.5"
      },
      {
        "category": "entity-field",
        "key": "00000000000000010000000000000007:LogicTransform.localPosition=16.5,1.5,21.5"
      },
      {
        "category": "entity-field",
        "key": "00000000000000010000000000000007:LogicTransform.localPosition=15.25,1.5,21.5"
      },
      {
        "category": "entity-field",
        "key": "00000000000000010000000000000007:LogicTransform.localPosition=14,1.5,21.5"
      },
      {
        "category": "entity-field",
        "key": "00000000000000010000000000000007:LogicTransform.localPosition=12.75,1.5,21.5"
      },
      {
        "category": "entity-field",
        "key": "00000000000000010000000000000007:LogicTransform.localPosition=12.75,1.5,20.25"
      },
      {
        "category": "entity-field",
        "key": "00000000000000010000000000000007:LogicTransform.localPosition=12.75,1.5,19"
      },
      {
        "category": "entity-field",
        "key": "00000000000000010000000000000007:LogicTransform.localPosition=12.75,1.5,17.75"
      },
      {
        "category": "entity-field",
        "key": "00000000000000010000000000000007:LogicTransform.localPosition=12.75,1.5,16.5"
      },
      {
        "category": "entity-field",
        "key": "00000000000000010000000000000007:LogicTransform.localPosition=12.75,1.5,15.25"
      },
      {
        "category": "entity-field",
        "key": "00000000000000010000000000000007:LogicTransform.localPosition=12.75,1.5,14"
      },
      {
        "category": "entity-field",
        "key": "00000000000000010000000000000007:LogicTransform.localPosition=12.75,1.5,12.75"
      },
      {
        "category": "entity-field",
        "key": "00000000000000010000000000000007:LogicTransform.localPosition=14,1.5,12.75"
      },
      {
        "category": "entity-field",
        "key": "00000000000000010000000000000007:LogicTransform.localPosition=15.25,1.5,12.75"
      },
      {
        "category": "entity-field",
        "key": "00000000000000010000000000000007:LogicTransform.localPosition=16.5,1.5,12.75"
      },
      {
        "category": "entity-field",
        "key": "00000000000000010000000000000007:LogicTransform.localPosition=17.75,1.5,12.75"
      },
      {
        "category": "entity-field",
        "key": "00000000000000010000000000000007:LogicTransform.localPosition=19,1.5,12.75"
      },
      {
        "category": "entity-field",
        "key": "00000000000000010000000000000007:LogicTransform.localPosition=20.25,1.5,12.75"
      },
      {
        "category": "entity-field",
        "key": "00000000000000010000000000000007:LogicTransform.localPosition=21.5,1.5,12.75"
      },
      {
        "category": "entity-field",
        "key": "00000000000000010000000000000007:LogicTransform.localPosition=21.5,1.5,14"
      },
      {
        "category": "entity-field",
        "key": "00000000000000010000000000000007:LogicTransform.localPosition=21.5,1.5,15.25"
      },
      {
        "category": "entity-field",
        "key": "00000000000000010000000000000007:LogicTransform.localPosition=21.5,1.5,16.5"
      },
      {
        "category": "entity-field",
        "key": "00000000000000010000000000000007:LogicTransform.localPosition=21.5,1.5,17.75"
      },
      {
        "category": "entity-field",
        "key": "00000000000000010000000000000007:LogicTransform.localPosition=21.5,1.5,19"
      },
      {
        "category": "entity-field",
        "key": "00000000000000010000000000000007:LogicTransform.localPosition=21.5,1.5,20.25"
      },
      {
        "category": "entity-field",
        "key": "00000000000000010000000000000007:LogicTransform.localPosition=21.5,1.5,21.5"
      },
      {
        "category": "entity-field",
        "key": "00000000000000010000000000000007:LogicTransform.localPosition=21.5,1.5,22.75"
      },
      {
        "category": "entity-field",
        "key": "00000000000000010000000000000007:LogicTransform.localPosition=20.25,1.5,22.75"
      },
      {
        "category": "entity-field",
        "key": "00000000000000010000000000000007:LogicTransform.localPosition=19,1.5,22.75"
      },
      {
        "category": "entity-field",
        "key": "00000000000000010000000000000007:LogicTransform.localPosition=17.75,1.5,22.75"
      },
      {
        "category": "entity-field",
        "key": "00000000000000010000000000000007:LogicTransform.localPosition=16.5,1.5,22.75"
      },
      {
        "category": "entity-field",
        "key": "00000000000000010000000000000007:LogicTransform.localPosition=15.25,1.5,22.75"
      },
      {
        "category": "entity-field",
        "key": "00000000000000010000000000000007:LogicTransform.localPosition=14,1.5,22.75"
      },
      {
        "category": "entity-field",
        "key": "00000000000000010000000000000007:LogicTransform.localPosition=12.75,1.5,22.75"
      },
      {
        "category": "entity-field",
        "key": "00000000000000010000000000000007:LogicTransform.localPosition=11.5,1.5,22.75"
      },
      {
        "category": "entity-field",
        "key": "00000000000000010000000000000007:LogicTransform.localPosition=11.5,1.5,21.5"
      },
      {
        "category": "entity-field",
        "key": "00000000000000010000000000000007:LogicTransform.localPosition=11.5,1.5,20.25"
      },
      {
        "category": "entity-field",
        "key": "00000000000000010000000000000007:LogicTransform.localPosition=11.5,1.5,19"
      },
      {
        "category": "entity-field",
        "key": "00000000000000010000000000000007:LogicTransform.localPosition=11.5,1.5,17.75"
      },
      {
        "category": "entity-field",
        "key": "00000000000000010000000000000007:LogicTransform.localPosition=11.5,1.5,16.5"
      },
      {
        "category": "entity-field",
        "key": "00000000000000010000000000000007:LogicTransform.localPosition=11.5,1.5,15.25"
      },
      {
        "category": "entity-field",
        "key": "00000000000000010000000000000007:LogicTransform.localPosition=11.5,1.5,14"
      },
      {
        "category": "entity-field",
        "key": "00000000000000010000000000000007:LogicTransform.localPosition=11.5,1.5,12.75"
      },
      {
        "category": "entity-field",
        "key": "00000000000000010000000000000007:LogicTransform.localPosition=11.5,1.5,11.5"
      },
      {
        "category": "entity-field",
        "key": "00000000000000010000000000000007:LogicTransform.localPosition=12.75,1.5,11.5"
      },
      {
        "category": "entity-field",
        "key": "00000000000000010000000000000007:LogicTransform.localPosition=14,1.5,11.5"
      },
      {
        "category": "entity-field",
        "key": "00000000000000010000000000000007:LogicTransform.localPosition=15.25,1.5,11.5"
      },
      {
        "category": "entity-field",
        "key": "00000000000000010000000000000007:LogicTransform.localPosition=16.5,1.5,11.5"
      },
      {
        "category": "entity-field",
        "key": "00000000000000010000000000000007:LogicTransform.localPosition=17.75,1.5,11.5"
      },
      {
        "category": "entity-field",
        "key": "00000000000000010000000000000007:LogicTransform.localPosition=19,1.5,11.5"
      },
      {
        "category": "entity-field",
        "key": "00000000000000010000000000000007:LogicTransform.localPosition=20.25,1.5,11.5"
      },
      {
        "category": "entity-field",
        "key": "00000000000000010000000000000007:LogicTransform.localPosition=21.5,1.5,11.5"
      },
      {
        "category": "entity-field",
        "key": "00000000000000010000000000000007:LogicTransform.localPosition=22.75,1.5,11.5"
      },
      {
        "category": "entity-field",
        "key": "00000000000000010000000000000007:LogicTransform.localPosition=22.75,1.5,12.75"
      },
      {
        "category": "entity-field",
        "key": "00000000000000010000000000000007:LogicTransform.localPosition=22.75,1.5,14"
      },
      {
        "category": "entity-field",
        "key": "00000000000000010000000000000007:LogicTransform.localPosition=22.75,1.5,15.25"
      },
      {
        "category": "entity-field",
        "key": "00000000000000010000000000000007:LogicTransform.localPosition=22.75,1.5,16.5"
      },
      {
        "category": "entity-field",
        "key": "00000000000000010000000000000007:LogicTransform.localPosition=22.75,1.5,17.75"
      },
      {
        "category": "entity-field",
        "key": "00000000000000010000000000000007:LogicTransform.localPosition=22.75,1.5,19"
      },
      {
        "category": "entity-field",
        "key": "00000000000000010000000000000007:LogicTransform.localPosition=22.75,1.5,20.25"
      },
      {
        "category": "entity-field",
        "key": "00000000000000010000000000000007:LogicTransform.localPosition=22.75,1.5,21.5"
      },
      {
        "category": "entity-field",
        "key": "00000000000000010000000000000007:LogicTransform.localPosition=22.75,1.5,22.75"
      },
      {
        "category": "entity-field",
        "key": "00000000000000010000000000000007:LogicTransform.localPosition=22.75,1.5,24"
      },
      {
        "category": "entity-field",
        "key": "00000000000000010000000000000007:LogicTransform.localPosition=21.5,1.5,24"
      },
      {
        "category": "entity-field",
        "key": "00000000000000010000000000000007:LogicTransform.localPosition=20.25,1.5,24"
      },
      {
        "category": "entity-field",
        "key": "00000000000000010000000000000007:LogicTransform.localPosition=19,1.5,24"
      },
      {
        "category": "entity-field",
        "key": "00000000000000010000000000000007:LogicTransform.localPosition=17.75,1.5,24"
      },
      {
        "category": "entity-field",
        "key": "00000000000000010000000000000007:LogicTransform.localPosition=16.5,1.5,24"
      },
      {
        "category": "entity-field",
        "key": "00000000000000010000000000000007:LogicTransform.localPosition=15.25,1.5,24"
      },
      {
        "category": "entity-field",
        "key": "00000000000000010000000000000007:LogicTransform.localPosition=14,1.5,24"
      },
      {
        "category": "entity-field",
        "key": "00000000000000010000000000000007:LogicTransform.localPosition=12.75,1.5,24"
      },
      {
        "category": "entity-field",
        "key": "00000000000000010000000000000007:LogicTransform.localPosition=11.5,1.5,24"
      },
      {
        "category": "entity-field",
        "key": "00000000000000010000000000000007:LogicTransform.localPosition=10.25,1.5,24"
      },
      {
        "category": "entity-field",
        "key": "00000000000000010000000000000007:LogicTransform.localPosition=10.25,1.5,22.75"
      },
      {
        "category": "entity-field",
        "key": "00000000000000010000000000000007:LogicTransform.localPosition=10.25,1.5,21.5"
      },
      {
        "category": "entity-field",
        "key": "00000000000000010000000000000007:LogicTransform.localPosition=10.25,1.5,20.25"
      },
      {
        "category": "entity-field",
        "key": "00000000000000010000000000000007:LogicTransform.localPosition=10.25,1.5,19"
      },
      {
        "category": "entity-field",
        "key": "00000000000000010000000000000007:LogicTransform.localPosition=10.25,1.5,17.75"
      },
      {
        "category": "entity-field",
        "key": "00000000000000010000000000000007:LogicTransform.localPosition=10.25,1.5,16.5"
      },
      {
        "category": "entity-field",
        "key": "00000000000000010000000000000007:LogicTransform.localPosition=10.25,1.5,15.25"
      },
      {
        "category": "entity-field",
        "key": "00000000000000010000000000000007:LogicTransform.localPosition=10.25,1.5,14"
      },
      {
        "category": "entity-field",
        "key": "00000000000000010000000000000007:LogicTransform.localPosition=10.25,1.5,12.75"
      },
      {
        "category": "entity-field",
        "key": "00000000000000010000000000000007:LogicTransform.localPosition=10.25,1.5,11.5"
      },
      {
        "category": "entity-field",
        "key": "00000000000000010000000000000007:LogicTransform.localPosition=10.25,1.5,10.25"
      },
      {
        "category": "entity-field",
        "key": "00000000000000010000000000000007:LogicTransform.localPosition=11.5,1.5,10.25"
      },
      {
        "category": "entity-field",
        "key": "00000000000000010000000000000007:LogicTransform.localPosition=12.75,1.5,10.25"
      },
      {
        "category": "entity-field",
        "key": "00000000000000010000000000000007:LogicTransform.localPosition=14,1.5,10.25"
      },
      {
        "category": "entity-field",
        "key": "00000000000000010000000000000007:LogicTransform.localPosition=15.25,1.5,10.25"
      },
      {
        "category": "entity-field",
        "key": "00000000000000010000000000000007:LogicTransform.localPosition=16.5,1.5,10.25"
      },
      {
        "category": "entity-field",
        "key": "00000000000000010000000000000007:LogicTransform.localPosition=17.75,1.5,10.25"
      },
      {
        "category": "entity-field",
        "key": "00000000000000010000000000000007:LogicTransform.localPosition=19,1.5,10.25"
      },
      {
        "category": "entity-field",
        "key": "00000000000000010000000000000007:LogicTransform.localPosition=20.25,1.5,10.25"
      },
      {
        "category": "entity-field",
        "key": "00000000000000010000000000000007:LogicTransform.localPosition=21.5,1.5,10.25"
      },
      {
        "category": "entity-field",
        "key": "00000000000000010000000000000007:LogicTransform.localPosition=22.75,1.5,10.25"
      },
      {
        "category": "entity-field",
        "key": "00000000000000010000000000000007:LogicTransform.localPosition=24,1.5,10.25"
      },
      {
        "category": "entity-field",
        "key": "00000000000000010000000000000007:LogicTransform.localPosition=24,1.5,11.5"
      },
      {
        "category": "entity-field",
        "key": "00000000000000010000000000000007:LogicTransform.localPosition=24,1.5,12.75"
      },
      {
        "category": "entity-field",
        "key": "00000000000000010000000000000007:LogicTransform.localPosition=24,1.5,14"
      },
      {
        "category": "entity-field",
        "key": "00000000000000010000000000000007:LogicTransform.localPosition=24,1.5,15.25"
      },
      {
        "category": "entity-field",
        "key": "00000000000000010000000000000007:LogicTransform.localPosition=24,1.5,16.5"
      },
      {
        "category": "entity-field",
        "key": "00000000000000010000000000000007:LogicTransform.localPosition=24,1.5,17.75"
      },
      {
        "category": "entity-field",
        "key": "00000000000000010000000000000007:LogicTransform.localPosition=24,1.5,19"
      },
      {
        "category": "entity-field",
        "key": "00000000000000010000000000000007:LogicTransform.localPosition=24,1.5,20.25"
      },
      {
        "category": "entity-field",
        "key": "00000000000000010000000000000007:LogicTransform.localPosition=24,1.5,21.5"
      },
      {
        "category": "entity-field",
        "key": "00000000000000010000000000000007:LogicTransform.localPosition=24,1.5,22.75"
      },
      {
        "category": "entity-field",
        "key": "00000000000000010000000000000007:LogicTransform.localPosition=24,1.5,24"
      },
      {
        "category": "entity-field",
        "key": "00000000000000010000000000000007:LogicTransform.localPosition=24,1.5,25.25"
      },
      {
        "category": "entity-field",
        "key": "00000000000000010000000000000007:LogicTransform.localPosition=22.75,1.5,25.25"
      },
      {
        "category": "entity-field",
        "key": "00000000000000010000000000000007:LogicTransform.localPosition=21.5,1.5,25.25"
      },
      {
        "category": "entity-field",
        "key": "00000000000000010000000000000007:LogicTransform.localPosition=20.25,1.5,25.25"
      },
      {
        "category": "entity-field",
        "key": "00000000000000010000000000000007:LogicTransform.localPosition=19,1.5,25.25"
      },
      {
        "category": "entity-field",
        "key": "00000000000000010000000000000007:LogicTransform.localPosition=17.75,1.5,25.25"
      },
      {
        "category": "entity-field",
        "key": "00000000000000010000000000000007:LogicTransform.localPosition=16.5,1.5,25.25"
      },
      {
        "category": "entity-field",
        "key": "00000000000000010000000000000007:LogicTransform.localPosition=15.25,1.5,25.25"
      },
      {
        "category": "entity-field",
        "key": "00000000000000010000000000000007:LogicTransform.localPosition=14,1.5,25.25"
      },
      {
        "category": "entity-field",
        "key": "00000000000000010000000000000007:LogicTransform.localPosition=12.75,1.5,25.25"
      },
      {
        "category": "entity-field",
        "key": "00000000000000010000000000000007:LogicTransform.localPosition=11.5,1.5,25.25"
      },
      {
        "category": "entity-field",
        "key": "00000000000000010000000000000007:LogicTransform.localPosition=10.25,1.5,25.25"
      },
      {
        "category": "entity-field",
        "key": "00000000000000010000000000000007:LogicTransform.localPosition=9,1.5,25.25"
      },
      {
        "category": "entity-field",
        "key": "00000000000000010000000000000007:LogicTransform.localPosition=9,1.5,24"
      },
      {
        "category": "entity-field",
        "key": "00000000000000010000000000000007:LogicTransform.localPosition=9,1.5,22.75"
      },
      {
        "category": "entity-field",
        "key": "00000000000000010000000000000007:LogicTransform.localPosition=9,1.5,21.5"
      },
      {
        "category": "entity-field",
        "key": "00000000000000010000000000000007:LogicTransform.localPosition=9,1.5,20.25"
      },
      {
        "category": "entity-field",
        "key": "00000000000000010000000000000007:LogicTransform.localPosition=9,1.5,19"
      },
      {
        "category": "entity-field",
        "key": "00000000000000010000000000000007:LogicTransform.localPosition=9,1.5,17.75"
      },
      {
        "category": "entity-field",
        "key": "00000000000000010000000000000007:LogicTransform.localPosition=9,1.5,16.5"
      },
      {
        "category": "entity-field",
        "key": "00000000000000010000000000000007:LogicTransform.localPosition=9,1.5,15.25"
      },
      {
        "category": "entity-field",
        "key": "00000000000000010000000000000007:LogicTransform.localPosition=9,1.5,14"
      },
      {
        "category": "entity-field",
        "key": "00000000000000010000000000000007:LogicTransform.localPosition=9,1.5,12.75"
      },
      {
        "category": "entity-field",
        "key": "00000000000000010000000000000007:LogicTransform.localPosition=9,1.5,11.5"
      },
      {
        "category": "entity-field",
        "key": "00000000000000010000000000000007:LogicTransform.localPosition=9,1.5,10.25"
      },
      {
        "category": "entity-field",
        "key": "00000000000000010000000000000007:LogicTransform.localPosition=9,1.5,9"
      },
      {
        "category": "entity-field",
        "key": "00000000000000010000000000000007:LogicTransform.localPosition=10.25,1.5,9"
      },
      {
        "category": "entity-field",
        "key": "00000000000000010000000000000007:LogicTransform.localPosition=11.5,1.5,9"
      },
      {
        "category": "entity-field",
        "key": "00000000000000010000000000000007:LogicTransform.localPosition=12.75,1.5,9"
      },
      {
        "category": "entity-field",
        "key": "00000000000000010000000000000007:LogicTransform.localPosition=14,1.5,9"
      },
      {
        "category": "entity-field",
        "key": "00000000000000010000000000000007:LogicTransform.localPosition=15.25,1.5,9"
      },
      {
        "category": "entity-field",
        "key": "00000000000000010000000000000007:LogicTransform.localPosition=16.5,1.5,9"
      },
      {
        "category": "entity-field",
        "key": "00000000000000010000000000000007:LogicTransform.localPosition=17.75,1.5,9"
      },
      {
        "category": "entity-field",
        "key": "00000000000000010000000000000007:LogicTransform.localPosition=19,1.5,9"
      },
      {
        "category": "entity-field",
        "key": "00000000000000010000000000000007:LogicTransform.localPosition=20.25,1.5,9"
      },
      {
        "category": "entity-field",
        "key": "00000000000000010000000000000007:LogicTransform.localPosition=21.5,1.5,9"
      },
      {
        "category": "entity-field",
        "key": "00000000000000010000000000000007:LogicTransform.localPosition=22.75,1.5,9"
      },
      {
        "category": "entity-field",
        "key": "00000000000000010000000000000007:LogicTransform.localPosition=24,1.5,9"
      },
      {
        "category": "entity-field",
        "key": "00000000000000010000000000000007:LogicTransform.localPosition=25.25,1.5,9"
      },
      {
        "category": "entity-field",
        "key": "00000000000000010000000000000007:LogicTransform.localPosition=25.25,1.5,10.25"
      },
      {
        "category": "entity-field",
        "key": "00000000000000010000000000000007:LogicTransform.localPosition=25.25,1.5,11.5"
      },
      {
        "category": "entity-field",
        "key": "00000000000000010000000000000007:LogicTransform.localPosition=25.25,1.5,12.75"
      },
      {
        "category": "entity-field",
        "key": "00000000000000010000000000000007:LogicTransform.localPosition=25.25,1.5,14"
      },
      {
        "category": "entity-field",
        "key": "00000000000000010000000000000007:LogicTransform.localPosition=25.25,1.5,15.25"
      },
      {
        "category": "entity-field",
        "key": "00000000000000010000000000000007:LogicTransform.localPosition=25.25,1.5,16.5"
      },
      {
        "category": "entity-field",
        "key": "00000000000000010000000000000007:LogicTransform.localPosition=25.25,1.5,17.75"
      },
      {
        "category": "entity-field",
        "key": "00000000000000010000000000000007:LogicTransform.localPosition=25.25,1.5,19"
      },
      {
        "category": "entity-field",
        "key": "00000000000000010000000000000007:LogicTransform.localPosition=25.25,1.5,20.25"
      },
      {
        "category": "entity-field",
        "key": "00000000000000010000000000000007:LogicTransform.localPosition=25.25,1.5,21.5"
      },
      {
        "category": "entity-field",
        "key": "00000000000000010000000000000007:LogicTransform.localPosition=25.25,1.5,22.75"
      },
      {
        "category": "entity-field",
        "key": "00000000000000010000000000000007:LogicTransform.localPosition=25.25,1.5,24"
      },
      {
        "category": "entity-field",
        "key": "00000000000000010000000000000007:LogicTransform.localPosition=25.25,1.5,25.25"
      },
      {
        "category": "entity-field",
        "key": "00000000000000010000000000000007:LogicTransform.localPosition=25.25,1.5,26.5"
      },
      {
        "category": "entity-field",
        "key": "00000000000000010000000000000007:LogicTransform.localPosition=24,1.5,26.5"
      },
      {
        "category": "entity-field",
        "key": "00000000000000010000000000000007:LogicTransform.localPosition=22.75,1.5,26.5"
      },
      {
        "category": "entity-field",
        "key": "00000000000000010000000000000007:LogicTransform.localPosition=21.5,1.5,26.5"
      },
      {
        "category": "entity-field",
        "key": "00000000000000010000000000000007:LogicTransform.localPosition=20.25,1.5,26.5"
      },
      {
        "category": "entity-field",
        "key": "00000000000000010000000000000007:LogicTransform.localPosition=19,1.5,26.5"
      },
      {
        "category": "entity-field",
        "key": "00000000000000010000000000000007:LogicTransform.localPosition=17.75,1.5,26.5"
      },
      {
        "category": "entity-field",
        "key": "00000000000000010000000000000007:LogicTransform.localPosition=16.5,1.5,26.5"
      },
      {
        "category": "entity-field",
        "key": "00000000000000010000000000000007:LogicTransform.localPosition=15.25,1.5,26.5"
      },
      {
        "category": "entity-field",
        "key": "00000000000000010000000000000007:LogicTransform.localPosition=14,1.5,26.5"
      },
      {
        "category": "entity-field",
        "key": "00000000000000010000000000000007:LogicTransform.localPosition=12.75,1.5,26.5"
      },
      {
        "category": "entity-field",
        "key": "00000000000000010000000000000007:LogicTransform.localPosition=11.5,1.5,26.5"
      },
      {
        "category": "entity-field",
        "key": "00000000000000010000000000000007:LogicTransform.localPosition=10.25,1.5,26.5"
      },
      {
        "category": "entity-field",
        "key": "00000000000000010000000000000007:LogicTransform.localPosition=9,1.5,26.5"
      },
      {
        "category": "entity-field",
        "key": "00000000000000010000000000000007:LogicTransform.localPosition=7.75,1.5,26.5"
      },
      {
        "category": "entity-field",
        "key": "00000000000000010000000000000007:LogicTransform.localPosition=7.75,1.5,25.25"
      },
      {
        "category": "entity-field",
        "key": "00000000000000010000000000000007:LogicTransform.localPosition=7.75,1.5,24"
      },
      {
        "category": "entity-field",
        "key": "00000000000000010000000000000007:LogicTransform.localPosition=7.75,1.5,22.75"
      },
      {
        "category": "entity-field",
        "key": "00000000000000010000000000000007:LogicTransform.localPosition=7.75,1.5,21.5"
      },
      {
        "category": "entity-field",
        "key": "00000000000000010000000000000007:LogicTransform.localPosition=7.75,1.5,20.25"
      },
      {
        "category": "entity-field",
        "key": "00000000000000010000000000000007:LogicTransform.localPosition=7.75,1.5,19"
      },
      {
        "category": "entity-field",
        "key": "00000000000000010000000000000007:LogicTransform.localPosition=7.75,1.5,17.75"
      },
      {
        "category": "entity-field",
        "key": "00000000000000010000000000000007:LogicTransform.localPosition=7.75,1.5,16.5"
      },
      {
        "category": "entity-field",
        "key": "00000000000000010000000000000007:LogicTransform.localPosition=7.75,1.5,15.25"
      },
      {
        "category": "entity-field",
        "key": "00000000000000010000000000000007:LogicTransform.localPosition=7.75,1.5,14"
      },
      {
        "category": "entity-field",
        "key": "00000000000000010000000000000007:LogicTransform.localPosition=7.75,1.5,12.75"
      },
      {
        "category": "entity-field",
        "key": "00000000000000010000000000000007:LogicTransform.localPosition=7.75,1.5,11.5"
      },
      {
        "category": "entity-field",
        "key": "00000000000000010000000000000007:LogicTransform.localPosition=7.75,1.5,10.25"
      },
      {
        "category": "entity-field",
        "key": "00000000000000010000000000000007:LogicTransform.localPosition=7.75,1.5,9"
      },
      {
        "category": "entity-field",
        "key": "00000000000000010000000000000007:LogicTransform.localPosition=7.75,1.5,7.75"
      },
      {
        "category": "entity-field",
        "key": "00000000000000010000000000000007:LogicTransform.localPosition=9,1.5,7.75"
      },
      {
        "category": "entity-field",
        "key": "00000000000000010000000000000007:LogicTransform.localPosition=10.25,1.5,7.75"
      },
      {
        "category": "entity-field",
        "key": "00000000000000010000000000000007:LogicTransform.localPosition=11.5,1.5,7.75"
      },
      {
        "category": "entity-field",
        "key": "00000000000000010000000000000007:LogicTransform.localPosition=12.75,1.5,7.75"
      },
      {
        "category": "entity-field",
        "key": "00000000000000010000000000000007:LogicTransform.localPosition=14,1.5,7.75"
      },
      {
        "category": "entity-field",
        "key": "00000000000000010000000000000007:LogicTransform.localPosition=15.25,1.5,7.75"
      },
      {
        "category": "entity-field",
        "key": "00000000000000010000000000000007:LogicTransform.localPosition=16.5,1.5,7.75"
      },
      {
        "category": "entity-field",
        "key": "00000000000000010000000000000007:LogicTransform.localPosition=17.75,1.5,7.75"
      },
      {
        "category": "entity-field",
        "key": "00000000000000010000000000000007:LogicTransform.localPosition=19,1.5,7.75"
      },
      {
        "category": "entity-field",
        "key": "00000000000000010000000000000007:LogicTransform.localPosition=20.25,1.5,7.75"
      },
      {
        "category": "entity-field",
        "key": "00000000000000010000000000000007:LogicTransform.localPosition=21.5,1.5,7.75"
      },
      {
        "category": "entity-field",
        "key": "00000000000000010000000000000007:LogicTransform.localPosition=22.75,1.5,7.75"
      },
      {
        "category": "entity-field",
        "key": "00000000000000010000000000000007:LogicTransform.localPosition=24,1.5,7.75"
      },
      {
        "category": "entity-field",
        "key": "00000000000000010000000000000007:LogicTransform.localPosition=25.25,1.5,7.75"
      },
      {
        "category": "entity-field",
        "key": "00000000000000010000000000000007:LogicTransform.localPosition=26.5,1.5,7.75"
      },
      {
        "category": "entity-field",
        "key": "00000000000000010000000000000007:LogicTransform.localPosition=26.5,1.5,9"
      },
      {
        "category": "entity-field",
        "key": "00000000000000010000000000000007:LogicTransform.localPosition=26.5,1.5,10.25"
      },
      {
        "category": "entity-field",
        "key": "00000000000000010000000000000007:LogicTransform.localPosition=26.5,1.5,11.5"
      },
      {
        "category": "entity-field",
        "key": "00000000000000010000000000000007:LogicTransform.localPosition=26.5,1.5,12.75"
      },
      {
        "category": "entity-field",
        "key": "00000000000000010000000000000007:LogicTransform.localPosition=26.5,1.5,14"
      },
      {
        "category": "entity-field",
        "key": "00000000000000010000000000000007:LogicTransform.localPosition=26.5,1.5,15.25"
      },
      {
        "category": "entity-field",
        "key": "00000000000000010000000000000007:LogicTransform.localPosition=26.5,1.5,16.5"
      },
      {
        "category": "entity-field",
        "key": "00000000000000010000000000000007:LogicTransform.localPosition=26.5,1.5,17.75"
      },
      {
        "category": "entity-field",
        "key": "00000000000000010000000000000007:LogicTransform.localPosition=26.5,1.5,19"
      },
      {
        "category": "entity-field",
        "key": "00000000000000010000000000000007:LogicTransform.localPosition=26.5,1.5,20.25"
      },
      {
        "category": "entity-field",
        "key": "00000000000000010000000000000007:LogicTransform.localPosition=26.5,1.5,21.5"
      },
      {
        "category": "entity-field",
        "key": "00000000000000010000000000000007:LogicTransform.localPosition=26.5,1.5,22.75"
      },
      {
        "category": "entity-field",
        "key": "00000000000000010000000000000007:LogicTransform.localPosition=26.5,1.5,24"
      },
      {
        "category": "entity-field",
        "key": "00000000000000010000000000000007:LogicTransform.localPosition=26.5,1.5,25.25"
      },
      {
        "category": "entity-field",
        "key": "00000000000000010000000000000007:LogicTransform.localPosition=26.5,1.5,26.5"
      },
      {
        "category": "entity-field",
        "key": "00000000000000010000000000000007:LogicTransform.localPosition=26.5,1.5,27.75"
      },
      {
        "category": "entity-field",
        "key": "00000000000000010000000000000007:LogicTransform.localPosition=25.25,1.5,27.75"
      },
      {
        "category": "entity-field",
        "key": "00000000000000010000000000000007:LogicTransform.localPosition=24,1.5,27.75"
      },
      {
        "category": "entity-field",
        "key": "00000000000000010000000000000007:LogicTransform.localPosition=22.75,1.5,27.75"
      },
      {
        "category": "entity-field",
        "key": "00000000000000010000000000000007:LogicTransform.localPosition=21.5,1.5,27.75"
      },
      {
        "category": "entity-field",
        "key": "00000000000000010000000000000007:LogicTransform.localPosition=20.25,1.5,27.75"
      },
      {
        "category": "entity-field",
        "key": "00000000000000010000000000000007:LogicTransform.localPosition=19,1.5,27.75"
      },
      {
        "category": "entity-field",
        "key": "00000000000000010000000000000007:LogicTransform.localPosition=17.75,1.5,27.75"
      },
      {
        "category": "entity-field",
        "key": "00000000000000010000000000000007:LogicTransform.localPosition=16.5,1.5,27.75"
      },
      {
        "category": "entity-field",
        "key": "00000000000000010000000000000007:LogicTransform.localPosition=15.25,1.5,27.75"
      },
      {
        "category": "entity-field",
        "key": "00000000000000010000000000000007:LogicTransform.localPosition=14,1.5,27.75"
      },
      {
        "category": "entity-field",
        "key": "00000000000000010000000000000007:LogicTransform.localPosition=12.75,1.5,27.75"
      },
      {
        "category": "entity-field",
        "key": "00000000000000010000000000000007:LogicTransform.localPosition=11.5,1.5,27.75"
      },
      {
        "category": "entity-field",
        "key": "00000000000000010000000000000007:LogicTransform.localPosition=10.25,1.5,27.75"
      },
      {
        "category": "entity-field",
        "key": "00000000000000010000000000000007:LogicTransform.localPosition=9,1.5,27.75"
      },
      {
        "category": "entity-field",
        "key": "00000000000000010000000000000007:LogicTransform.localPosition=7.75,1.5,27.75"
      },
      {
        "category": "entity-field",
        "key": "00000000000000010000000000000007:LogicTransform.localPosition=6.5,1.5,27.75"
      },
      {
        "category": "entity-field",
        "key": "00000000000000010000000000000007:LogicTransform.localPosition=6.5,1.5,26.5"
      },
      {
        "category": "entity-field",
        "key": "00000000000000010000000000000007:LogicTransform.localPosition=6.5,1.5,25.25"
      },
      {
        "category": "entity-field",
        "key": "00000000000000010000000000000007:LogicTransform.localPosition=6.5,1.5,24"
      },
      {
        "category": "entity-field",
        "key": "00000000000000010000000000000007:LogicTransform.localPosition=6.5,1.5,22.75"
      },
      {
        "category": "entity-field",
        "key": "00000000000000010000000000000007:LogicTransform.localPosition=6.5,1.5,21.5"
      },
      {
        "category": "entity-field",
        "key": "00000000000000010000000000000007:LogicTransform.localPosition=6.5,1.5,20.25"
      },
      {
        "category": "entity-field",
        "key": "00000000000000010000000000000007:LogicTransform.localPosition=6.5,1.5,19"
      },
      {
        "category": "entity-field",
        "key": "00000000000000010000000000000007:LogicTransform.localPosition=6.5,1.5,17.75"
      },
      {
        "category": "entity-field",
        "key": "00000000000000010000000000000007:LogicTransform.localPosition=6.5,1.5,16.5"
      },
      {
        "category": "entity-field",
        "key": "00000000000000010000000000000007:LogicTransform.localPosition=6.5,1.5,15.25"
      },
      {
        "category": "entity-field",
        "key": "00000000000000010000000000000007:LogicTransform.localPosition=6.5,1.5,14"
      },
      {
        "category": "entity-field",
        "key": "00000000000000010000000000000007:LogicTransform.localPosition=6.5,1.5,12.75"
      },
      {
        "category": "entity-field",
        "key": "00000000000000010000000000000007:LogicTransform.localPosition=6.5,1.5,11.5"
      },
      {
        "category": "entity-field",
        "key": "00000000000000010000000000000007:LogicTransform.localPosition=6.5,1.5,10.25"
      },
      {
        "category": "entity-field",
        "key": "00000000000000010000000000000007:LogicTransform.localPosition=6.5,1.5,9"
      },
      {
        "category": "entity-field",
        "key": "00000000000000010000000000000007:LogicTransform.localPosition=6.5,1.5,7.75"
      },
      {
        "category": "entity-field",
        "key": "00000000000000010000000000000007:LogicTransform.localPosition=6.5,1.5,6.5"
      },
      {
        "category": "entity-field",
        "key": "00000000000000010000000000000007:LogicTransform.localPosition=7.75,1.5,6.5"
      },
      {
        "category": "entity-field",
        "key": "00000000000000010000000000000007:LogicTransform.localPosition=9,1.5,6.5"
      },
      {
        "category": "entity-field",
        "key": "00000000000000010000000000000007:LogicTransform.localPosition=10.25,1.5,6.5"
      },
      {
        "category": "entity-field",
        "key": "00000000000000010000000000000007:LogicTransform.localPosition=11.5,1.5,6.5"
      },
      {
        "category": "entity-field",
        "key": "00000000000000010000000000000007:LogicTransform.localPosition=12.75,1.5,6.5"
      },
      {
        "category": "entity-field",
        "key": "00000000000000010000000000000007:LogicTransform.localPosition=14,1.5,6.5"
      },
      {
        "category": "entity-field",
        "key": "00000000000000010000000000000007:LogicTransform.localPosition=15.25,1.5,6.5"
      },
      {
        "category": "entity-field",
        "key": "00000000000000010000000000000007:LogicTransform.localPosition=16.5,1.5,6.5"
      },
      {
        "category": "entity-field",
        "key": "00000000000000010000000000000007:LogicTransform.localPosition=17.75,1.5,6.5"
      },
      {
        "category": "entity-field",
        "key": "00000000000000010000000000000007:LogicTransform.localPosition=19,1.5,6.5"
      },
      {
        "category": "entity-field",
        "key": "00000000000000010000000000000007:LogicTransform.localPosition=20.25,1.5,6.5"
      },
      {
        "category": "entity-field",
        "key": "00000000000000010000000000000007:LogicTransform.localPosition=21.5,1.5,6.5"
      },
      {
        "category": "entity-field",
        "key": "00000000000000010000000000000007:LogicTransform.localPosition=22.75,1.5,6.5"
      },
      {
        "category": "entity-field",
        "key": "00000000000000010000000000000007:LogicTransform.localPosition=24,1.5,6.5"
      },
      {
        "category": "entity-field",
        "key": "00000000000000010000000000000007:LogicTransform.localPosition=25.25,1.5,6.5"
      },
      {
        "category": "entity-field",
        "key": "00000000000000010000000000000007:LogicTransform.localPosition=26.5,1.5,6.5"
      },
      {
        "category": "entity-field",
        "key": "00000000000000010000000000000007:LogicTransform.localPosition=27.75,1.5,6.5"
      },
      {
        "category": "entity-field",
        "key": "00000000000000010000000000000007:LogicTransform.localPosition=27.75,1.5,7.75"
      },
      {
        "category": "entity-field",
        "key": "00000000000000010000000000000007:LogicTransform.localPosition=27.75,1.5,9"
      },
      {
        "category": "entity-field",
        "key": "00000000000000010000000000000007:LogicTransform.localPosition=27.75,1.5,10.25"
      },
      {
        "category": "entity-field",
        "key": "00000000000000010000000000000007:LogicTransform.localPosition=27.75,1.5,11.5"
      },
      {
        "category": "entity-field",
        "key": "00000000000000010000000000000007:LogicTransform.localPosition=27.75,1.5,12.75"
      },
      {
        "category": "entity-field",
        "key": "00000000000000010000000000000007:LogicTransform.localPosition=27.75,1.5,14"
      },
      {
        "category": "entity-field",
        "key": "00000000000000010000000000000007:LogicTransform.localPosition=27.75,1.5,15.25"
      },
      {
        "category": "entity-field",
        "key": "00000000000000010000000000000007:LogicTransform.localPosition=27.75,1.5,16.5"
      },
      {
        "category": "entity-field",
        "key": "00000000000000010000000000000007:LogicTransform.localPosition=27.75,1.5,17.75"
      },
      {
        "category": "entity-field",
        "key": "00000000000000010000000000000007:LogicTransform.localPosition=27.75,1.5,19"
      },
      {
        "category": "entity-field",
        "key": "00000000000000010000000000000007:LogicTransform.localPosition=27.75,1.5,20.25"
      },
      {
        "category": "entity-field",
        "key": "00000000000000010000000000000007:LogicTransform.localPosition=27.75,1.5,21.5"
      },
      {
        "category": "entity-field",
        "key": "00000000000000010000000000000007:LogicTransform.localPosition=27.75,1.5,22.75"
      },
      {
        "category": "entity-field",
        "key": "00000000000000010000000000000007:LogicTransform.localPosition=27.75,1.5,24"
      },
      {
        "category": "entity-field",
        "key": "00000000000000010000000000000007:LogicTransform.localPosition=27.75,1.5,25.25"
      },
      {
        "category": "entity-field",
        "key": "00000000000000010000000000000007:LogicTransform.localPosition=27.75,1.5,26.5"
      },
      {
        "category": "entity-field",
        "key": "00000000000000010000000000000007:LogicTransform.localPosition=27.75,1.5,27.75"
      },
      {
        "category": "entity-field",
        "key": "00000000000000010000000000000007:LogicTransform.localPosition=27.75,1.5,29"
      },
      {
        "category": "entity-field",
        "key": "00000000000000010000000000000007:LogicTransform.localPosition=26.5,1.5,29"
      },
      {
        "category": "entity-field",
        "key": "00000000000000010000000000000007:LogicTransform.localPosition=25.25,1.5,29"
      },
      {
        "category": "entity-field",
        "key": "00000000000000010000000000000007:LogicTransform.localPosition=24,1.5,29"
      },
      {
        "category": "entity-field",
        "key": "00000000000000010000000000000007:LogicTransform.localPosition=22.75,1.5,29"
      },
      {
        "category": "entity-field",
        "key": "00000000000000010000000000000007:LogicTransform.localPosition=21.5,1.5,29"
      },
      {
        "category": "entity-field",
        "key": "00000000000000010000000000000007:LogicTransform.localPosition=20.25,1.5,29"
      },
      {
        "category": "entity-field",
        "key": "00000000000000010000000000000007:LogicTransform.localPosition=19,1.5,29"
      },
      {
        "category": "entity-field",
        "key": "00000000000000010000000000000007:LogicTransform.localPosition=17.75,1.5,29"
      },
      {
        "category": "entity-field",
        "key": "00000000000000010000000000000007:LogicTransform.localPosition=16.5,1.5,29"
      },
      {
        "category": "entity-field",
        "key": "00000000000000010000000000000007:LogicTransform.localPosition=15.25,1.5,29"
      },
      {
        "category": "entity-field",
        "key": "00000000000000010000000000000007:LogicTransform.localPosition=14,1.5,29"
      },
      {
        "category": "entity-field",
        "key": "00000000000000010000000000000007:LogicTransform.localPosition=12.75,1.5,29"
      },
      {
        "category": "entity-field",
        "key": "00000000000000010000000000000007:LogicTransform.localPosition=11.5,1.5,29"
      },
      {
        "category": "entity-field",
        "key": "00000000000000010000000000000007:LogicTransform.localPosition=10.25,1.5,29"
      },
      {
        "category": "entity-field",
        "key": "00000000000000010000000000000007:LogicTransform.localPosition=9,1.5,29"
      },
      {
        "category": "entity-field",
        "key": "00000000000000010000000000000007:LogicTransform.localPosition=7.75,1.5,29"
      },
      {
        "category": "entity-field",
        "key": "00000000000000010000000000000007:LogicTransform.localPosition=6.5,1.5,29"
      },
      {
        "category": "entity-field",
        "key": "00000000000000010000000000000007:LogicTransform.localPosition=5.25,1.5,29"
      },
      {
        "category": "entity-field",
        "key": "00000000000000010000000000000007:LogicTransform.localPosition=5.25,1.5,27.75"
      },
      {
        "category": "entity-field",
        "key": "00000000000000010000000000000007:LogicTransform.localPosition=5.25,1.5,26.5"
      },
      {
        "category": "entity-field",
        "key": "00000000000000010000000000000007:LogicTransform.localPosition=5.25,1.5,25.25"
      },
      {
        "category": "entity-field",
        "key": "00000000000000010000000000000007:LogicTransform.localPosition=5.25,1.5,24"
      },
      {
        "category": "entity-field",
        "key": "00000000000000010000000000000007:LogicTransform.localPosition=5.25,1.5,22.75"
      },
      {
        "category": "entity-field",
        "key": "00000000000000010000000000000007:LogicTransform.localPosition=5.25,1.5,21.5"
      },
      {
        "category": "entity-field",
        "key": "00000000000000010000000000000007:LogicTransform.localPosition=5.25,1.5,20.25"
      },
      {
        "category": "entity-field",
        "key": "00000000000000010000000000000007:LogicTransform.localPosition=5.25,1.5,19"
      },
      {
        "category": "entity-field",
        "key": "00000000000000010000000000000007:LogicTransform.localPosition=5.25,1.5,17.75"
      },
      {
        "category": "entity-field",
        "key": "00000000000000010000000000000007:LogicTransform.localPosition=5.25,1.5,16.5"
      },
      {
        "category": "entity-field",
        "key": "00000000000000010000000000000007:LogicTransform.localPosition=5.25,1.5,15.25"
      },
      {
        "category": "entity-field",
        "key": "00000000000000010000000000000007:LogicTransform.localPosition=5.25,1.5,14"
      },
      {
        "category": "entity-field",
        "key": "00000000000000010000000000000007:LogicTransform.localPosition=5.25,1.5,12.75"
      },
      {
        "category": "entity-field",
        "key": "00000000000000010000000000000007:LogicTransform.localPosition=5.25,1.5,11.5"
      },
      {
        "category": "entity-field",
        "key": "00000000000000010000000000000007:LogicTransform.localPosition=5.25,1.5,10.25"
      },
      {
        "category": "entity-field",
        "key": "00000000000000010000000000000007:LogicTransform.localPosition=5.25,1.5,9"
      },
      {
        "category": "entity-field",
        "key": "00000000000000010000000000000007:LogicTransform.localPosition=5.25,1.5,7.75"
      },
      {
        "category": "entity-field",
        "key": "00000000000000010000000000000007:LogicTransform.localPosition=5.25,1.5,6.5"
      },
      {
        "category": "entity-field",
        "key": "00000000000000010000000000000007:LogicTransform.localPosition=5.25,1.5,5.25"
      },
      {
        "category": "entity-field",
        "key": "00000000000000010000000000000007:LogicTransform.localPosition=6.5,1.5,5.25"
      },
      {
        "category": "entity-field",
        "key": "00000000000000010000000000000007:LogicTransform.localPosition=7.75,1.5,5.25"
      },
      {
        "category": "entity-field",
        "key": "00000000000000010000000000000007:LogicTransform.localPosition=9,1.5,5.25"
      },
      {
        "category": "entity-field",
        "key": "00000000000000010000000000000007:LogicTransform.localPosition=10.25,1.5,5.25"
      },
      {
        "category": "entity-field",
        "key": "00000000000000010000000000000007:LogicTransform.localPosition=11.5,1.5,5.25"
      },
      {
        "category": "entity-field",
        "key": "00000000000000010000000000000007:LogicTransform.localPosition=12.75,1.5,5.25"
      },
      {
        "category": "entity-field",
        "key": "00000000000000010000000000000007:LogicTransform.localPosition=14,1.5,5.25"
      },
      {
        "category": "entity-field",
        "key": "00000000000000010000000000000007:LogicTransform.localPosition=15.25,1.5,5.25"
      },
      {
        "category": "entity-field",
        "key": "00000000000000010000000000000007:LogicTransform.localPosition=16.5,1.5,5.25"
      },
      {
        "category": "entity-field",
        "key": "00000000000000010000000000000007:LogicTransform.localPosition=17.75,1.5,5.25"
      },
      {
        "category": "entity-field",
        "key": "00000000000000010000000000000007:LogicTransform.localPosition=19,1.5,5.25"
      },
      {
        "category": "entity-field",
        "key": "00000000000000010000000000000007:LogicTransform.localPosition=20.25,1.5,5.25"
      },
      {
        "category": "entity-field",
        "key": "00000000000000010000000000000007:LogicTransform.localPosition=21.5,1.5,5.25"
      },
      {
        "category": "entity-field",
        "key": "00000000000000010000000000000007:LogicTransform.localPosition=22.75,1.5,5.25"
      },
      {
        "category": "entity-field",
        "key": "00000000000000010000000000000007:LogicTransform.localPosition=24,1.5,5.25"
      },
      {
        "category": "entity-field",
        "key": "00000000000000010000000000000007:LogicTransform.localPosition=25.25,1.5,5.25"
      },
      {
        "category": "entity-field",
        "key": "00000000000000010000000000000007:LogicTransform.localPosition=26.5,1.5,5.25"
      },
      {
        "category": "entity-field",
        "key": "00000000000000010000000000000007:LogicTransform.localPosition=27.75,1.5,5.25"
      },
      {
        "category": "entity-field",
        "key": "00000000000000010000000000000007:LogicTransform.localPosition=29,1.5,5.25"
      },
      {
        "category": "entity-field",
        "key": "00000000000000010000000000000007:LogicTransform.localPosition=29,1.5,6.5"
      },
      {
        "category": "entity-field",
        "key": "00000000000000010000000000000007:LogicTransform.localPosition=29,1.5,7.75"
      },
      {
        "category": "entity-field",
        "key": "00000000000000010000000000000007:LogicTransform.localPosition=29,1.5,9"
      },
      {
        "category": "entity-field",
        "key": "00000000000000010000000000000007:LogicTransform.localPosition=29,1.5,10.25"
      },
      {
        "category": "entity-field",
        "key": "00000000000000010000000000000007:LogicTransform.localPosition=29,1.5,11.5"
      },
      {
        "category": "entity-field",
        "key": "00000000000000010000000000000007:LogicTransform.localPosition=29,1.5,12.75"
      },
      {
        "category": "entity-field",
        "key": "00000000000000010000000000000007:LogicTransform.localPosition=29,1.5,14"
      },
      {
        "category": "entity-field",
        "key": "00000000000000010000000000000007:LogicTransform.localPosition=29,1.5,15.25"
      },
      {
        "category": "entity-field",
        "key": "00000000000000010000000000000007:LogicTransform.localPosition=29,1.5,16.5"
      },
      {
        "category": "entity-field",
        "key": "00000000000000010000000000000007:LogicTransform.localPosition=29,1.5,17.75"
      },
      {
        "category": "entity-field",
        "key": "00000000000000010000000000000007:LogicTransform.localPosition=29,1.5,19"
      },
      {
        "category": "entity-field",
        "key": "00000000000000010000000000000007:LogicTransform.localPosition=29,1.5,20.25"
      },
      {
        "category": "entity-field",
        "key": "00000000000000010000000000000007:LogicTransform.localPosition=29,1.5,21.5"
      },
      {
        "category": "entity-field",
        "key": "00000000000000010000000000000007:LogicTransform.localPosition=29,1.5,22.75"
      },
      {
        "category": "entity-field",
        "key": "00000000000000010000000000000007:LogicTransform.localPosition=29,1.5,24"
      },
      {
        "category": "entity-field",
        "key": "00000000000000010000000000000007:LogicTransform.localPosition=29,1.5,25.25"
      },
      {
        "category": "entity-field",
        "key": "00000000000000010000000000000007:LogicTransform.localPosition=29,1.5,26.5"
      },
      {
        "category": "entity-field",
        "key": "00000000000000010000000000000007:LogicTransform.localPosition=29,1.5,27.75"
      },
      {
        "category": "entity-field",
        "key": "00000000000000010000000000000007:LogicTransform.localPosition=29,1.5,29"
      },
      {
        "category": "entity-field",
        "key": "00000000000000010000000000000007:LogicTransform.localPosition=29,1.5,30.25"
      },
      {
        "category": "entity-field",
        "key": "00000000000000010000000000000007:LogicTransform.localPosition=27.75,1.5,30.25"
      },
      {
        "category": "entity-field",
        "key": "00000000000000010000000000000007:LogicTransform.localPosition=26.5,1.5,30.25"
      },
      {
        "category": "entity-field",
        "key": "00000000000000010000000000000007:LogicTransform.localPosition=25.25,1.5,30.25"
      },
      {
        "category": "entity-field",
        "key": "00000000000000010000000000000007:LogicTransform.localPosition=24,1.5,30.25"
      },
      {
        "category": "entity-field",
        "key": "00000000000000010000000000000007:LogicTransform.localPosition=22.75,1.5,30.25"
      },
      {
        "category": "entity-field",
        "key": "00000000000000010000000000000007:LogicTransform.localPosition=21.5,1.5,30.25"
      },
      {
        "category": "entity-field",
        "key": "00000000000000010000000000000007:LogicTransform.localPosition=20.25,1.5,30.25"
      },
      {
        "category": "entity-field",
        "key": "00000000000000010000000000000007:LogicTransform.localPosition=19,1.5,30.25"
      },
      {
        "category": "entity-field",
        "key": "00000000000000010000000000000007:LogicTransform.localPosition=17.75,1.5,30.25"
      },
      {
        "category": "entity-field",
        "key": "00000000000000010000000000000007:LogicTransform.localPosition=16.5,1.5,30.25"
      },
      {
        "category": "entity-field",
        "key": "00000000000000010000000000000007:LogicTransform.localPosition=15.25,1.5,30.25"
      },
      {
        "category": "entity-field",
        "key": "00000000000000010000000000000007:LogicTransform.localPosition=14,1.5,30.25"
      },
      {
        "category": "entity-field",
        "key": "00000000000000010000000000000007:LogicTransform.localPosition=12.75,1.5,30.25"
      },
      {
        "category": "entity-field",
        "key": "00000000000000010000000000000007:LogicTransform.localPosition=11.5,1.5,30.25"
      },
      {
        "category": "entity-field",
        "key": "00000000000000010000000000000007:LogicTransform.localPosition=10.25,1.5,30.25"
      },
      {
        "category": "entity-field",
        "key": "00000000000000010000000000000007:LogicTransform.localPosition=9,1.5,30.25"
      },
      {
        "category": "entity-field",
        "key": "00000000000000010000000000000007:LogicTransform.localPosition=7.75,1.5,30.25"
      },
      {
        "category": "entity-field",
        "key": "00000000000000010000000000000007:LogicTransform.localPosition=6.5,1.5,30.25"
      },
      {
        "category": "entity-field",
        "key": "00000000000000010000000000000007:LogicTransform.localPosition=5.25,1.5,30.25"
      },
      {
        "category": "entity-field",
        "key": "00000000000000010000000000000007:LogicTransform.localPosition=4,1.5,30.25"
      },
      {
        "category": "entity-field",
        "key": "00000000000000010000000000000007:LogicTransform.localPosition=4,1.5,29"
      },
      {
        "category": "entity-field",
        "key": "00000000000000010000000000000007:LogicTransform.localPosition=4,1.5,27.75"
      },
      {
        "category": "entity-field",
        "key": "00000000000000010000000000000007:LogicTransform.localPosition=4,1.5,26.5"
      },
      {
        "category": "entity-field",
        "key": "00000000000000010000000000000007:LogicTransform.localPosition=4,1.5,25.25"
      },
      {
        "category": "entity-field",
        "key": "00000000000000010000000000000007:LogicTransform.localPosition=4,1.5,24"
      },
      {
        "category": "entity-field",
        "key": "00000000000000010000000000000007:LogicTransform.localPosition=4,1.5,22.75"
      },
      {
        "category": "entity-field",
        "key": "00000000000000010000000000000007:LogicTransform.localPosition=4,1.5,21.5"
      },
      {
        "category": "entity-field",
        "key": "00000000000000010000000000000007:LogicTransform.localPosition=4,1.5,20.25"
      },
      {
        "category": "entity-field",
        "key": "00000000000000010000000000000007:LogicTransform.localPosition=4,1.5,19"
      },
      {
        "category": "entity-field",
        "key": "00000000000000010000000000000007:LogicTransform.localPosition=4,1.5,17.75"
      },
      {
        "category": "entity-field",
        "key": "00000000000000010000000000000007:LogicTransform.localPosition=4,1.5,16.5"
      },
      {
        "category": "entity-field",
        "key": "00000000000000010000000000000007:LogicTransform.localPosition=4,1.5,15.25"
      },
      {
        "category": "entity-field",
        "key": "00000000000000010000000000000007:LogicTransform.localPosition=4,1.5,14"
      },
      {
        "category": "entity-field",
        "key": "00000000000000010000000000000007:LogicTransform.localPosition=4,1.5,12.75"
      },
      {
        "category": "entity-field",
        "key": "00000000000000010000000000000007:LogicTransform.localPosition=4,1.5,11.5"
      },
      {
        "category": "entity-field",
        "key": "00000000000000010000000000000007:LogicTransform.localPosition=4,1.5,10.25"
      },
      {
        "category": "entity-field",
        "key": "00000000000000010000000000000007:LogicTransform.localPosition=4,1.5,9"
      },
      {
        "category": "entity-field",
        "key": "00000000000000010000000000000007:LogicTransform.localPosition=4,1.5,7.75"
      },
      {
        "category": "entity-field",
        "key": "00000000000000010000000000000007:LogicTransform.localPosition=4,1.5,6.5"
      },
      {
        "category": "entity-field",
        "key": "00000000000000010000000000000007:LogicTransform.localPosition=4,1.5,5.25"
      },
      {
        "category": "entity-field",
        "key": "00000000000000010000000000000007:LogicTransform.localPosition=4,1.5,4"
      },
      {
        "category": "entity-field",
        "key": "00000000000000010000000000000007:LogicTransform.localPosition=5.25,1.5,4"
      },
      {
        "category": "entity-field",
        "key": "00000000000000010000000000000007:LogicTransform.localPosition=6.5,1.5,4"
      },
      {
        "category": "entity-field",
        "key": "00000000000000010000000000000007:LogicTransform.localPosition=7.75,1.5,4"
      },
      {
        "category": "entity-field",
        "key": "00000000000000010000000000000007:LogicTransform.localPosition=9,1.5,4"
      },
      {
        "category": "entity-field",
        "key": "00000000000000010000000000000007:LogicTransform.localPosition=10.25,1.5,4"
      },
      {
        "category": "entity-field",
        "key": "00000000000000010000000000000007:LogicTransform.localPosition=11.5,1.5,4"
      },
      {
        "category": "entity-field",
        "key": "00000000000000010000000000000007:LogicTransform.localPosition=12.75,1.5,4"
      },
      {
        "category": "entity-field",
        "key": "00000000000000010000000000000007:LogicTransform.localPosition=14,1.5,4"
      },
      {
        "category": "entity-field",
        "key": "00000000000000010000000000000007:LogicTransform.localPosition=15.25,1.5,4"
      },
      {
        "category": "entity-field",
        "key": "00000000000000010000000000000007:LogicTransform.localPosition=16.5,1.5,4"
      },
      {
        "category": "entity-field",
        "key": "00000000000000010000000000000007:LogicTransform.localPosition=17.75,1.5,4"
      },
      {
        "category": "entity-field",
        "key": "00000000000000010000000000000007:LogicTransform.localPosition=19,1.5,4"
      },
      {
        "category": "entity-field",
        "key": "00000000000000010000000000000007:LogicTransform.localPosition=20.25,1.5,4"
      },
      {
        "category": "entity-field",
        "key": "00000000000000010000000000000007:LogicTransform.localPosition=21.5,1.5,4"
      },
      {
        "category": "entity-field",
        "key": "00000000000000010000000000000007:LogicTransform.localPosition=22.75,1.5,4"
      },
      {
        "category": "entity-field",
        "key": "00000000000000010000000000000007:LogicTransform.localPosition=24,1.5,4"
      },
      {
        "category": "entity-field",
        "key": "00000000000000010000000000000007:LogicTransform.localPosition=25.25,1.5,4"
      },
      {
        "category": "entity-field",
        "key": "00000000000000010000000000000007:LogicTransform.localPosition=26.5,1.5,4"
      },
      {
        "category": "entity-field",
        "key": "00000000000000010000000000000007:LogicTransform.localPosition=27.75,1.5,4"
      },
      {
        "category": "entity-field",
        "key": "00000000000000010000000000000007:LogicTransform.localPosition=29,1.5,4"
      },
      {
        "category": "entity-field",
        "key": "00000000000000010000000000000007:LogicTransform.localPosition=30.25,1.5,4"
      },
      {
        "category": "entity-field",
        "key": "00000000000000010000000000000007:LogicTransform.localPosition=30.25,1.5,5.25"
      },
      {
        "category": "entity-field",
        "key": "00000000000000010000000000000007:LogicTransform.localPosition=30.25,1.5,6.5"
      },
      {
        "category": "entity-field",
        "key": "00000000000000010000000000000007:LogicTransform.localPosition=30.25,1.5,7.75"
      },
      {
        "category": "entity-field",
        "key": "00000000000000010000000000000007:LogicTransform.localPosition=30.25,1.5,9"
      },
      {
        "category": "entity-field",
        "key": "00000000000000010000000000000007:LogicTransform.localPosition=30.25,1.5,10.25"
      },
      {
        "category": "entity-field",
        "key": "00000000000000010000000000000007:LogicTransform.localPosition=30.25,1.5,11.5"
      },
      {
        "category": "entity-field",
        "key": "00000000000000010000000000000007:LogicTransform.localPosition=30.25,1.5,12.75"
      },
      {
        "category": "entity-field",
        "key": "00000000000000010000000000000007:LogicTransform.localPosition=30.25,1.5,14"
      },
      {
        "category": "entity-field",
        "key": "00000000000000010000000000000007:LogicTransform.localPosition=30.25,1.5,15.25"
      },
      {
        "category": "entity-field",
        "key": "00000000000000010000000000000007:LogicTransform.localPosition=30.25,1.5,16.5"
      },
      {
        "category": "entity-field",
        "key": "00000000000000010000000000000007:LogicTransform.localPosition=30.25,1.5,17.75"
      },
      {
        "category": "entity-field",
        "key": "00000000000000010000000000000007:LogicTransform.localPosition=30.25,1.5,19"
      },
      {
        "category": "entity-field",
        "key": "00000000000000010000000000000007:LogicTransform.localPosition=30.25,1.5,20.25"
      },
      {
        "category": "entity-field",
        "key": "00000000000000010000000000000007:LogicTransform.localPosition=30.25,1.5,21.5"
      },
      {
        "category": "entity-field",
        "key": "00000000000000010000000000000007:LogicTransform.localPosition=30.25,1.5,22.75"
      },
      {
        "category": "entity-field",
        "key": "00000000000000010000000000000007:LogicTransform.localPosition=30.25,1.5,24"
      },
      {
        "category": "entity-field",
        "key": "00000000000000010000000000000007:LogicTransform.localPosition=30.25,1.5,25.25"
      },
      {
        "category": "entity-field",
        "key": "00000000000000010000000000000007:LogicTransform.localPosition=30.25,1.5,26.5"
      },
      {
        "category": "entity-field",
        "key": "00000000000000010000000000000007:LogicTransform.localPosition=30.25,1.5,27.75"
      },
      {
        "category": "entity-field",
        "key": "00000000000000010000000000000007:LogicTransform.localPosition=30.25,1.5,29"
      },
      {
        "category": "entity-field",
        "key": "00000000000000010000000000000007:LogicTransform.localPosition=30.25,1.5,30.25"
      },
      {
        "category": "entity-field",
        "key": "00000000000000010000000000000007:LogicTransform.localPosition=30.25,1.5,30.65"
      },
      {
        "category": "entity-field",
        "key": "00000000000000010000000000000007:LogicTransform.localPosition=29,1.5,30.65"
      },
      {
        "category": "entity-field",
        "key": "00000000000000010000000000000007:LogicTransform.localPosition=27.75,1.5,30.65"
      },
      {
        "category": "entity-field",
        "key": "00000000000000010000000000000007:LogicTransform.localPosition=26.5,1.5,30.65"
      },
      {
        "category": "entity-field",
        "key": "00000000000000010000000000000007:LogicTransform.localPosition=25.25,1.5,30.65"
      },
      {
        "category": "entity-field",
        "key": "00000000000000010000000000000007:LogicTransform.localPosition=24,1.5,30.65"
      },
      {
        "category": "entity-field",
        "key": "00000000000000010000000000000007:LogicTransform.localPosition=22.75,1.5,30.65"
      },
      {
        "category": "entity-field",
        "key": "00000000000000010000000000000007:LogicTransform.localPosition=21.5,1.5,30.65"
      },
      {
        "category": "entity-field",
        "key": "00000000000000010000000000000007:LogicTransform.localPosition=20.25,1.5,30.65"
      },
      {
        "category": "entity-field",
        "key": "00000000000000010000000000000007:LogicTransform.localPosition=19,1.5,30.65"
      },
      {
        "category": "entity-field",
        "key": "00000000000000010000000000000007:LogicTransform.localPosition=17.75,1.5,30.65"
      },
      {
        "category": "entity-field",
        "key": "00000000000000010000000000000007:LogicTransform.localPosition=16.5,1.5,30.65"
      },
      {
        "category": "entity-field",
        "key": "00000000000000010000000000000007:LogicTransform.localPosition=15.25,1.5,30.65"
      },
      {
        "category": "entity-field",
        "key": "00000000000000010000000000000007:LogicTransform.localPosition=14,1.5,30.65"
      },
      {
        "category": "entity-field",
        "key": "00000000000000010000000000000007:LogicTransform.localPosition=12.75,1.5,30.65"
      },
      {
        "category": "entity-field",
        "key": "00000000000000010000000000000007:LogicTransform.localPosition=11.5,1.5,30.65"
      },
      {
        "category": "entity-field",
        "key": "00000000000000010000000000000007:LogicTransform.localPosition=10.25,1.5,30.65"
      },
      {
        "category": "entity-field",
        "key": "00000000000000010000000000000007:LogicTransform.localPosition=9,1.5,30.65"
      },
      {
        "category": "entity-field",
        "key": "00000000000000010000000000000007:LogicTransform.localPosition=7.75,1.5,30.65"
      },
      {
        "category": "entity-field",
        "key": "00000000000000010000000000000007:LogicTransform.localPosition=6.5,1.5,30.65"
      },
      {
        "category": "entity-field",
        "key": "00000000000000010000000000000007:LogicTransform.localPosition=5.25,1.5,30.65"
      },
      {
        "category": "entity-field",
        "key": "00000000000000010000000000000007:LogicTransform.localPosition=4,1.5,30.65"
      },
      {
        "category": "entity-field",
        "key": "00000000000000010000000000000007:LogicTransform.localPosition=2.75,1.5,30.65"
      },
      {
        "category": "entity-field",
        "key": "00000000000000010000000000000007:LogicTransform.localPosition=2.75,1.5,29.4"
      },
      {
        "category": "entity-field",
        "key": "00000000000000010000000000000007:LogicTransform.localPosition=2.75,1.5,28.15"
      },
      {
        "category": "entity-field",
        "key": "00000000000000010000000000000007:LogicTransform.localPosition=2.75,1.5,26.9"
      },
      {
        "category": "entity-field",
        "key": "00000000000000010000000000000007:LogicTransform.localPosition=2.75,1.5,25.65"
      },
      {
        "category": "entity-field",
        "key": "00000000000000010000000000000007:LogicTransform.localPosition=2.75,1.5,24.4"
      },
      {
        "category": "entity-field",
        "key": "00000000000000010000000000000007:LogicTransform.localPosition=2.75,1.5,23.15"
      },
      {
        "category": "entity-field",
        "key": "00000000000000010000000000000007:LogicTransform.localPosition=2.75,1.5,21.9"
      },
      {
        "category": "entity-field",
        "key": "00000000000000010000000000000007:LogicTransform.localPosition=2.75,1.5,20.65"
      },
      {
        "category": "entity-field",
        "key": "00000000000000010000000000000007:LogicTransform.localPosition=2.75,1.5,19.4"
      },
      {
        "category": "entity-field",
        "key": "00000000000000010000000000000007:LogicTransform.localPosition=2.75,1.5,18.15"
      },
      {
        "category": "entity-field",
        "key": "00000000000000010000000000000007:LogicTransform.localPosition=2.75,1.5,16.9"
      },
      {
        "category": "entity-field",
        "key": "00000000000000010000000000000007:LogicTransform.localPosition=2.75,1.5,15.65"
      },
      {
        "category": "entity-field",
        "key": "00000000000000010000000000000007:LogicTransform.localPosition=2.75,1.5,14.4"
      },
      {
        "category": "entity-field",
        "key": "00000000000000010000000000000007:LogicTransform.localPosition=2.75,1.5,13.15"
      },
      {
        "category": "entity-field",
        "key": "00000000000000010000000000000007:LogicTransform.localPosition=2.75,1.5,11.9"
      },
      {
        "category": "entity-field",
        "key": "00000000000000010000000000000007:LogicTransform.localPosition=2.75,1.5,10.65"
      },
      {
        "category": "entity-field",
        "key": "00000000000000010000000000000007:LogicTransform.localPosition=2.75,1.5,9.4"
      },
      {
        "category": "entity-field",
        "key": "00000000000000010000000000000007:LogicTransform.localPosition=2.75,1.5,8.15"
      },
      {
        "category": "entity-field",
        "key": "00000000000000010000000000000007:LogicTransform.localPosition=2.75,1.5,6.8999996"
      },
      {
        "category": "entity-field",
        "key": "00000000000000010000000000000007:LogicTransform.localPosition=2.75,1.5,5.6499996"
      },
      {
        "category": "entity-field",
        "key": "00000000000000010000000000000007:LogicTransform.localPosition=2.75,1.5,4.3999996"
      },
      {
        "category": "entity-field",
        "key": "00000000000000010000000000000007:LogicTransform.localPosition=2.75,1.5,3.1499996"
      },
      {
        "category": "entity-field",
        "key": "00000000000000010000000000000005:VeinReserveComponent.remaining=5"
      },
      {
        "category": "entity-field",
        "key": "00000000000000010000000000000007:AttributeComponent.staminaCurrent=87"
      },
      {
        "category": "entity-field",
        "key": "00000000000000010000000000000005:VeinReserveComponent.remaining=4"
      },
      {
        "category": "entity-field",
        "key": "00000000000000010000000000000007:AttributeComponent.staminaCurrent=74"
      },
      {
        "category": "entity-field",
        "key": "00000000000000010000000000000005:VeinReserveComponent.remaining=3"
      },
      {
        "category": "entity-field",
        "key": "00000000000000010000000000000007:AttributeComponent.staminaCurrent=61"
      },
      {
        "category": "entity-field",
        "key": "00000000000000010000000000000005:VeinReserveComponent.remaining=2"
      },
      {
        "category": "entity-field",
        "key": "00000000000000010000000000000007:AttributeComponent.staminaCurrent=48"
      },
      {
        "category": "entity-field",
        "key": "00000000000000010000000000000005:VeinReserveComponent.remaining=1"
      },
      {
        "category": "entity-field",
        "key": "00000000000000010000000000000007:AttributeComponent.staminaCurrent=35"
      },
      {
        "category": "entity-destroy",
        "key": "-00000000000000010000000000000005"
      },
      {
        "category": "entity-create",
        "key": "+00000000000000010000000000000008:oreDrop"
      },
      {
        "category": "entity-create",
        "key": "+00000000000000010000000000000008:LogicTransform.localPosition=2.5,0.5,2.5"
      },
      {
        "category": "entity-create",
        "key": "+00000000000000010000000000000008:LogicTransform.localRotation=0,0,0,1"
      },
      {
        "category": "entity-create",
        "key": "+00000000000000010000000000000008:LogicTransform.parent="
      },
      {
        "category": "entity-create",
        "key": "+00000000000000010000000000000008:LogicTransform.teleportId="
      },
      {
        "category": "entity-create",
        "key": "+00000000000000010000000000000008:OrePileComponent.amount=4"
      },
      {
        "category": "entity-field",
        "key": "00000000000000010000000000000008:LogicTransform.localPosition=2.5,0.5,2.5"
      },
      {
        "category": "entity-field",
        "key": "00000000000000010000000000000007:AttributeComponent.staminaCurrent=22"
      },
      {
        "category": "entity-field",
        "key": "00000000000000010000000000000007:AttributeComponent.oreCurrent=13"
      },
      {
        "category": "entity-destroy",
        "key": "-00000000000000010000000000000008"
      }
    ],
    "appliedTicks": [
      4,
      4,
      4,
      4,
      4,
      4,
      4,
      4,
      4,
      4,
      4,
      4,
      4,
      4,
      4,
      4,
      4,
      4,
      4,
      4,
      4,
      4,
      4,
      4,
      4,
      4,
      74,
      74,
      74,
      74,
      74,
      74,
      74,
      74,
      74,
      74,
      74,
      74,
      74,
      98,
      106,
      114,
      122,
      129,
      138,
      145,
      153,
      161,
      169,
      176,
      184,
      192,
      199,
      207,
      215,
      222,
      230,
      238,
      245,
      253,
      261,
      268,
      276,
      284,
      292,
      299,
      307,
      315,
      323,
      331,
      338,
      346,
      353,
      360,
      368,
      376,
      384,
      392,
      400,
      408,
      416,
      424,
      432,
      440,
      447,
      455,
      463,
      471,
      478,
      485,
      493,
      501,
      509,
      517,
      525,
      533,
      541,
      548,
      555,
      563,
      571,
      579,
      587,
      595,
      602,
      610,
      618,
      626,
      634,
      642,
      650,
      656,
      664,
      672,
      680,
      687,
      695,
      703,
      711,
      719,
      727,
      734,
      742,
      749,
      758,
      765,
      773,
      780,
      788,
      797,
      804,
      813,
      821,
      827,
      835,
      843,
      851,
      859,
      867,
      875,
      883,
      891,
      898,
      906,
      914,
      922,
      930,
      937,
      946,
      954,
      961,
      969,
      977,
      985,
      993,
      1001,
      1009,
      1017,
      1025,
      1033,
      1041,
      1048,
      1057,
      1065,
      1072,
      1080,
      1088,
      1096,
      1104,
      1112,
      1120,
      1128,
      1135,
      1144,
      1152,
      1159,
      1167,
      1175,
      1182,
      1190,
      1198,
      1206,
      1214,
      1222,
      1229,
      1238,
      1246,
      1253,
      1261,
      1269,
      1276,
      1284,
      1292,
      1299,
      1308,
      1315,
      1323,
      1330,
      1338,
      1346,
      1353,
      1361,
      1369,
      1377,
      1385,
      1392,
      1400,
      1407,
      1414,
      1422,
      1430,
      1437,
      1445,
      1452,
      1460,
      1468,
      1476,
      1483,
      1491,
      1499,
      1507,
      1514,
      1522,
      1530,
      1538,
      1545,
      1552,
      1560,
      1568,
      1575,
      1583,
      1591,
      1599,
      1607,
      1615,
      1623,
      1631,
      1639,
      1647,
      1655,
      1663,
      1670,
      1679,
      1687,
      1695,
      1702,
      1710,
      1718,
      1726,
      1733,
      1741,
      1749,
      1757,
      1765,
      1772,
      1780,
      1787,
      1796,
      1803,
      1811,
      1818,
      1826,
      1833,
      1841,
      1850,
      1858,
      1865,
      1873,
      1881,
      1889,
      1897,
      1905,
      1913,
      1920,
      1928,
      1936,
      1944,
      1951,
      1959,
      1967,
      1974,
      1982,
      1990,
      1998,
      2006,
      2014,
      2022,
      2029,
      2037,
      2045,
      2053,
      2060,
      2068,
      2076,
      2084,
      2091,
      2098,
      2106,
      2114,
      2121,
      2129,
      2136,
      2144,
      2152,
      2160,
      2167,
      2175,
      2182,
      2190,
      2198,
      2206,
      2214,
      2221,
      2229,
      2237,
      2245,
      2253,
      2260,
      2268,
      2275,
      2283,
      2291,
      2299,
      2307,
      2315,
      2323,
      2330,
      2338,
      2346,
      2354,
      2361,
      2369,
      2377,
      2385,
      2393,
      2401,
      2408,
      2415,
      2423,
      2431,
      2439,
      2447,
      2454,
      2462,
      2470,
      2478,
      2485,
      2494,
      2502,
      2509,
      2517,
      2525,
      2533,
      2541,
      2549,
      2557,
      2565,
      2573,
      2580,
      2588,
      2596,
      2603,
      2611,
      2618,
      2625,
      2633,
      2641,
      2648,
      2655,
      2663,
      2671,
      2679,
      2687,
      2695,
      2702,
      2710,
      2717,
      2724,
      2732,
      2739,
      2747,
      2755,
      2763,
      2770,
      2778,
      2786,
      2793,
      2801,
      2808,
      2817,
      2825,
      2833,
      2841,
      2849,
      2857,
      2864,
      2872,
      2880,
      2888,
      2895,
      2903,
      2911,
      2919,
      2926,
      2933,
      2941,
      2949,
      2957,
      2965,
      2973,
      2980,
      2988,
      2996,
      3004,
      3012,
      3020,
      3028,
      3036,
      3044,
      3052,
      3059,
      3068,
      3075,
      3083,
      3091,
      3099,
      3107,
      3115,
      3122,
      3130,
      3138,
      3146,
      3153,
      3161,
      3168,
      3176,
      3184,
      3192,
      3199,
      3207,
      3215,
      3222,
      3229,
      3237,
      3245,
      3253,
      3261,
      3268,
      3276,
      3283,
      3292,
      3299,
      3307,
      3315,
      3323,
      3331,
      3339,
      3348,
      3356,
      3364,
      3372,
      3380,
      3388,
      3396,
      3403,
      3410,
      3418,
      3426,
      3434,
      3441,
      3449,
      3456,
      3465,
      3473,
      3480,
      3488,
      3496,
      3504,
      3512,
      3520,
      3527,
      3536,
      3543,
      3551,
      3558,
      3566,
      3574,
      3582,
      3589,
      3597,
      3604,
      3612,
      3620,
      3628,
      3635,
      3644,
      3652,
      3659,
      3667,
      3675,
      3682,
      3689,
      3697,
      3705,
      3712,
      3719,
      3727,
      3735,
      3743,
      3750,
      3758,
      3766,
      3773,
      3780,
      3788,
      3795,
      3803,
      3811,
      3818,
      3826,
      3834,
      3841,
      3849,
      3856,
      3864,
      3871,
      3878,
      3886,
      3894,
      3902,
      3909,
      3918,
      3924,
      3931,
      3939,
      3947,
      3955,
      3963,
      3971,
      3978,
      3985,
      3994,
      4001,
      4009,
      4017,
      4024,
      4032,
      4039,
      4047,
      4055,
      4063,
      4071,
      4078,
      4086,
      4093,
      4100,
      4108,
      4116,
      4124,
      4132,
      4140,
      4148,
      4155,
      4163,
      4170,
      4178,
      4186,
      4186,
      4186,
      4187,
      4187,
      4188,
      4188,
      4189,
      4189,
      4190,
      4190,
      4191,
      4192,
      4192,
      4192,
      4192,
      4192,
      4192,
      4192,
      4192,
      4193,
      4193,
      4193
    ],
    "baseMapSha256": "26c8115efd044496ad3132fa98c0608c02a1b0edbf5e32049b2bb9f116414df2",
    "fileHashes": {
      "events.ndjson": "731be524acbcd1bf34c74d8654a0447caeff2cc28214e1ffaa62180a09598eec",
      "observer-raw.ndjson": "1d0643bf5c8072a01ef2eca5a64c33b2507f76d9cc78006912b492e92479aac9"
    }
  }
}
